2026-09-27T10:00:42.0521358Z Current runner version: '2.337.0'
2026-09-27T10:00:42.0561272Z ##[group]Runner Image Provisioner
2026-09-27T10:00:42.0562225Z Hosted Compute Agent
2026-09-27T10:00:42.0562743Z Version: 20260828.587
2026-09-27T10:00:42.0563282Z Commit: abac92662cab4cc7352de4f9f9d2e2419aad9c29
2026-09-27T10:00:42.0563944Z Build Date: 2026-08-28T16:44:25Z
2026-09-27T10:00:42.0564518Z Worker ID: {32ed20ba-4a9c-443c-a8c8-2c2d9e3e8063}
2026-09-27T10:00:42.0565117Z Azure Region: westus
2026-09-27T10:00:42.0565651Z ##[endgroup]
2026-09-27T10:00:42.0566923Z ##[group]Operating System
2026-09-27T10:00:42.0567562Z Ubuntu
2026-09-27T10:00:42.0568005Z 24.04.5
2026-09-27T10:00:42.0568433Z LTS
2026-09-27T10:00:42.0569240Z ##[endgroup]
2026-09-27T10:00:42.0569707Z ##[group]Runner Image
2026-09-27T10:00:42.0570242Z Image: ubuntu-24.04
2026-09-27T10:00:42.0570732Z Version: 20260920.314.1
2026-09-27T10:00:42.0571831Z Included Software: https://github.com/actions/runner-images/blob/ubuntu24/20260920.314/images/ubuntu/Ubuntu2404-Readme.md
2026-09-27T10:00:42.0573079Z Image Release: https://github.com/actions/runner-images/releases/tag/ubuntu24%2F20260920.314
2026-09-27T10:00:42.0573897Z ##[endgroup]
2026-09-27T10:00:42.0574924Z ##[group]GITHUB_TOKEN Permissions
2026-09-27T10:00:42.0576830Z Contents: read
2026-09-27T10:00:42.0577351Z Metadata: read
2026-09-27T10:00:42.0577829Z Packages: read
2026-09-27T10:00:42.0578385Z ##[endgroup]
2026-09-27T10:00:42.0580077Z Secret source: Actions
2026-09-27T10:00:42.0580901Z Cache mode: write
2026-09-27T10:00:42.0581470Z Prepare workflow directory
2026-09-27T10:00:42.0832495Z Prepare all required actions
2026-09-27T10:00:42.0870846Z Getting action download info
2026-09-27T10:00:42.4228523Z Download action repository 'actions/checkout@v6' (SHA:d23441a48e516b6c34aea4fa41551a30e30af803)
2026-09-27T10:00:42.9791089Z Download action repository 'actions/setup-python@v6' (SHA:ece7cb06caefa5fff74198d8649806c4678c61a1)
2026-09-27T10:00:43.3642958Z Complete job name: gates
2026-09-27T10:00:43.4269533Z ##[group]Run actions/checkout@v6
2026-09-27T10:00:43.4270218Z with:
2026-09-27T10:00:43.4270554Z   fetch-depth: 0
2026-09-27T10:00:43.4270928Z   repository: daveasewen/UX-design
2026-09-27T10:00:43.4273946Z   token: ***
2026-09-27T10:00:43.4274294Z   ssh-strict: true
2026-09-27T10:00:43.4274652Z   ssh-user: git
2026-09-27T10:00:43.4275004Z   persist-credentials: true
2026-09-27T10:00:43.4275394Z   clean: true
2026-09-27T10:00:43.4275741Z   sparse-checkout-cone-mode: true
2026-09-27T10:00:43.4276332Z   fetch-tags: false
2026-09-27T10:00:43.4276687Z   show-progress: true
2026-09-27T10:00:43.4277042Z   lfs: false
2026-09-27T10:00:43.4277375Z   submodules: false
2026-09-27T10:00:43.4277731Z   set-safe-directory: true
2026-09-27T10:00:43.4278125Z   allow-unsafe-pr-checkout: false
2026-09-27T10:00:43.4278702Z ##[endgroup]
2026-09-27T10:00:43.5080788Z Syncing repository: daveasewen/UX-design
2026-09-27T10:00:43.5082364Z ##[group]Getting Git version info
2026-09-27T10:00:43.5083051Z Working directory is '/home/runner/work/UX-design/UX-design'
2026-09-27T10:00:43.5083878Z [command]/usr/bin/git version
2026-09-27T10:00:43.5374881Z git version 2.55.0
2026-09-27T10:00:43.5396786Z ##[endgroup]
2026-09-27T10:00:43.5410469Z Temporarily overriding HOME='/home/runner/work/_temp/0c7e320f-d8ba-4e0d-abb1-6c7fdfd71d1a' before making global git config changes
2026-09-27T10:00:43.5412059Z Adding repository directory to the temporary git global config as a safe directory
2026-09-27T10:00:43.5415485Z [command]/usr/bin/git config --global --add safe.directory /home/runner/work/UX-design/UX-design
2026-09-27T10:00:43.5461291Z Deleting the contents of '/home/runner/work/UX-design/UX-design'
2026-09-27T10:00:43.5465031Z ##[group]Determining repository object format
2026-09-27T10:00:43.5467237Z ##[endgroup]
2026-09-27T10:00:43.5471647Z ##[group]Initializing the repository
2026-09-27T10:00:43.5472596Z [command]/usr/bin/git init /home/runner/work/UX-design/UX-design
2026-09-27T10:00:43.7235304Z hint: Using 'master' as the name for the initial branch. This default branch name
2026-09-27T10:00:43.7237603Z hint: will change to "main" in Git 3.0. To configure the initial branch name
2026-09-27T10:00:43.7238784Z hint: to use in all of your new repositories, which will suppress this warning,
2026-09-27T10:00:43.7239698Z hint: call:
2026-09-27T10:00:43.7240402Z hint:
2026-09-27T10:00:43.7241302Z hint: 	git config --global init.defaultBranch <name>
2026-09-27T10:00:43.7242134Z hint:
2026-09-27T10:00:43.7242856Z hint: Names commonly chosen instead of 'master' are 'main', 'trunk' and
2026-09-27T10:00:43.7244164Z hint: 'development'. The just-created branch can be renamed via this command:
2026-09-27T10:00:43.7245309Z hint:
2026-09-27T10:00:43.7245941Z hint: 	git branch -m <name>
2026-09-27T10:00:43.7246790Z hint:
2026-09-27T10:00:43.7247647Z hint: Disable this message with "git config set advice.defaultBranchName false"
2026-09-27T10:00:43.7249146Z Initialized empty Git repository in /home/runner/work/UX-design/UX-design/.git/
2026-09-27T10:00:43.7251751Z [command]/usr/bin/git remote add origin https://github.com/daveasewen/UX-design
2026-09-27T10:00:43.7293257Z ##[endgroup]
2026-09-27T10:00:43.7294329Z ##[group]Disabling automatic garbage collection
2026-09-27T10:00:43.7296442Z [command]/usr/bin/git config --local gc.auto 0
2026-09-27T10:00:43.7327157Z ##[endgroup]
2026-09-27T10:00:43.7328591Z ##[group]Setting up auth
2026-09-27T10:00:43.7329683Z Removing SSH command configuration
2026-09-27T10:00:43.7332715Z [command]/usr/bin/git config --local --name-only --get-regexp core\.sshCommand
2026-09-27T10:00:43.7361968Z [command]/usr/bin/git submodule foreach --recursive sh -c "git config --local --name-only --get-regexp 'core\.sshCommand' && git config --local --unset-all 'core.sshCommand' || :"
2026-09-27T10:00:43.7897998Z Removing HTTP extra header
2026-09-27T10:00:43.7903541Z [command]/usr/bin/git config --local --name-only --get-regexp http\.https\:\/\/github\.com\/\.extraheader
2026-09-27T10:00:43.7934112Z [command]/usr/bin/git submodule foreach --recursive sh -c "git config --local --name-only --get-regexp 'http\.https\:\/\/github\.com\/\.extraheader' && git config --local --unset-all 'http.https://github.com/.extraheader' || :"
2026-09-27T10:00:43.8117879Z Removing includeIf entries pointing to credentials config files
2026-09-27T10:00:43.8122677Z [command]/usr/bin/git config --local --name-only --get-regexp ^includeIf\.gitdir:
2026-09-27T10:00:43.8152520Z [command]/usr/bin/git submodule foreach --recursive git config --local --show-origin --name-only --get-regexp remote.origin.url
2026-09-27T10:00:43.8343075Z [command]/usr/bin/git config --file /home/runner/work/_temp/git-credentials-e3844c71-c442-4aec-8acc-20d7e2270313.config http.https://github.com/.extraheader AUTHORIZATION: basic ***
2026-09-27T10:00:43.8375914Z [command]/usr/bin/git config --local includeIf.gitdir:/home/runner/work/UX-design/UX-design/.git.path /home/runner/work/_temp/git-credentials-e3844c71-c442-4aec-8acc-20d7e2270313.config
2026-09-27T10:00:43.8405287Z [command]/usr/bin/git config --local includeIf.gitdir:/home/runner/work/UX-design/UX-design/.git/worktrees/*.path /home/runner/work/_temp/git-credentials-e3844c71-c442-4aec-8acc-20d7e2270313.config
2026-09-27T10:00:43.8437759Z [command]/usr/bin/git config --local includeIf.gitdir:/github/workspace/.git.path /github/runner_temp/git-credentials-e3844c71-c442-4aec-8acc-20d7e2270313.config
2026-09-27T10:00:43.8493798Z [command]/usr/bin/git config --local includeIf.gitdir:/github/workspace/.git/worktrees/*.path /github/runner_temp/git-credentials-e3844c71-c442-4aec-8acc-20d7e2270313.config
2026-09-27T10:00:43.8526592Z ##[endgroup]
2026-09-27T10:00:43.8528084Z ##[group]Fetching the repository
2026-09-27T10:00:43.8530340Z [command]/usr/bin/git -c protocol.version=2 fetch --no-tags --prune --no-recurse-submodules origin +refs/heads/*:refs/remotes/origin/* +refs/tags/*:refs/tags/*
2026-09-27T10:01:14.5317225Z From https://github.com/daveasewen/UX-design
2026-09-27T10:01:14.5317709Z  * [new branch]        master     -> origin/master
2026-09-27T10:01:14.5325513Z [command]/usr/bin/git branch --list --remote origin/master
2026-09-27T10:01:14.5351443Z   origin/master
2026-09-27T10:01:14.5358573Z [command]/usr/bin/git rev-parse refs/remotes/origin/master
2026-09-27T10:01:14.5379992Z 8a5fa8637075c1fe7fcfbcdd20fcfa93bf8ad355
2026-09-27T10:01:14.5383214Z ##[endgroup]
2026-09-27T10:01:14.5383797Z ##[group]Determining the checkout info
2026-09-27T10:01:14.5386891Z ##[endgroup]
2026-09-27T10:01:14.5387804Z [command]/usr/bin/git sparse-checkout disable
2026-09-27T10:01:14.5429903Z [command]/usr/bin/git config --local --unset-all extensions.worktreeConfig
2026-09-27T10:01:14.5455628Z ##[group]Checking out the ref
2026-09-27T10:01:14.5458303Z [command]/usr/bin/git checkout --progress --force -B master refs/remotes/origin/master
2026-09-27T10:01:15.5662103Z Updating files:  26% (3272/12181)
2026-09-27T10:01:15.6080774Z Updating files:  27% (3289/12181)
2026-09-27T10:01:15.6150224Z Updating files:  28% (3411/12181)
2026-09-27T10:01:15.6249315Z Updating files:  29% (3533/12181)
2026-09-27T10:01:15.6356660Z Updating files:  30% (3655/12181)
2026-09-27T10:01:15.6465240Z Updating files:  31% (3777/12181)
2026-09-27T10:01:15.8539166Z Updating files:  32% (3898/12181)
2026-09-27T10:01:15.8612622Z Updating files:  33% (4020/12181)
2026-09-27T10:01:15.8714706Z Updating files:  34% (4142/12181)
2026-09-27T10:01:15.9304444Z Updating files:  35% (4264/12181)
2026-09-27T10:01:15.9546389Z Updating files:  36% (4386/12181)
2026-09-27T10:01:15.9711781Z Updating files:  37% (4507/12181)
2026-09-27T10:01:15.9796656Z Updating files:  38% (4629/12181)
2026-09-27T10:01:16.0771209Z Updating files:  39% (4751/12181)
2026-09-27T10:01:16.2018384Z Updating files:  40% (4873/12181)
2026-09-27T10:01:16.2308193Z Updating files:  41% (4995/12181)
2026-09-27T10:01:16.3815696Z Updating files:  42% (5117/12181)
2026-09-27T10:01:16.4292082Z Updating files:  43% (5238/12181)
2026-09-27T10:01:16.4722628Z Updating files:  44% (5360/12181)
2026-09-27T10:01:16.5097191Z Updating files:  45% (5482/12181)
2026-09-27T10:01:16.5394309Z Updating files:  46% (5604/12181)
2026-09-27T10:01:16.5576231Z Updating files:  47% (5726/12181)
2026-09-27T10:01:16.5623646Z Updating files:  47% (5737/12181)
2026-09-27T10:01:16.5730355Z Updating files:  48% (5847/12181)
2026-09-27T10:01:16.5912332Z Updating files:  49% (5969/12181)
2026-09-27T10:01:16.6116383Z Updating files:  50% (6091/12181)
2026-09-27T10:01:16.6692492Z Updating files:  51% (6213/12181)
2026-09-27T10:01:16.8899185Z Updating files:  52% (6335/12181)
2026-09-27T10:01:16.9644628Z Updating files:  53% (6456/12181)
2026-09-27T10:01:17.0438662Z Updating files:  54% (6578/12181)
2026-09-27T10:01:17.1238067Z Updating files:  55% (6700/12181)
2026-09-27T10:01:17.1499443Z Updating files:  56% (6822/12181)
2026-09-27T10:01:17.1642722Z Updating files:  57% (6944/12181)
2026-09-27T10:01:17.1845616Z Updating files:  58% (7065/12181)
2026-09-27T10:01:17.2448148Z Updating files:  59% (7187/12181)
2026-09-27T10:01:17.3330686Z Updating files:  60% (7309/12181)
2026-09-27T10:01:17.3760275Z Updating files:  61% (7431/12181)
2026-09-27T10:01:17.3963131Z Updating files:  62% (7553/12181)
2026-09-27T10:01:17.4123938Z Updating files:  63% (7675/12181)
2026-09-27T10:01:17.4234819Z Updating files:  64% (7796/12181)
2026-09-27T10:01:17.4425008Z Updating files:  65% (7918/12181)
2026-09-27T10:01:17.4629422Z Updating files:  66% (8040/12181)
2026-09-27T10:01:17.4798564Z Updating files:  67% (8162/12181)
2026-09-27T10:01:17.5413978Z Updating files:  68% (8284/12181)
2026-09-27T10:01:17.5606229Z Updating files:  69% (8405/12181)
2026-09-27T10:01:17.5979154Z Updating files:  69% (8414/12181)
2026-09-27T10:01:17.6573204Z Updating files:  70% (8527/12181)
2026-09-27T10:01:17.7334792Z Updating files:  71% (8649/12181)
2026-09-27T10:01:17.7734625Z Updating files:  72% (8771/12181)
2026-09-27T10:01:17.7967033Z Updating files:  73% (8893/12181)
2026-09-27T10:01:17.8230094Z Updating files:  74% (9014/12181)
2026-09-27T10:01:17.8471246Z Updating files:  75% (9136/12181)
2026-09-27T10:01:17.8603610Z Updating files:  76% (9258/12181)
2026-09-27T10:01:17.8752110Z Updating files:  77% (9380/12181)
2026-09-27T10:01:17.9082131Z Updating files:  78% (9502/12181)
2026-09-27T10:01:17.9196382Z Updating files:  79% (9623/12181)
2026-09-27T10:01:17.9347602Z Updating files:  80% (9745/12181)
2026-09-27T10:01:17.9469402Z Updating files:  81% (9867/12181)
2026-09-27T10:01:17.9568015Z Updating files:  82% (9989/12181)
2026-09-27T10:01:17.9682110Z Updating files:  83% (10111/12181)
2026-09-27T10:01:17.9982873Z Updating files:  84% (10233/12181)
2026-09-27T10:01:18.0604176Z Updating files:  85% (10354/12181)
2026-09-27T10:01:18.0713289Z Updating files:  86% (10476/12181)
2026-09-27T10:01:18.0757110Z Updating files:  87% (10598/12181)
2026-09-27T10:01:18.0965583Z Updating files:  88% (10720/12181)
2026-09-27T10:01:18.1227656Z Updating files:  89% (10842/12181)
2026-09-27T10:01:18.1710495Z Updating files:  90% (10963/12181)
2026-09-27T10:01:18.2646481Z Updating files:  91% (11085/12181)
2026-09-27T10:01:18.3132323Z Updating files:  92% (11207/12181)
2026-09-27T10:01:18.3302288Z Updating files:  93% (11329/12181)
2026-09-27T10:01:18.3455588Z Updating files:  94% (11451/12181)
2026-09-27T10:01:18.3936458Z Updating files:  95% (11572/12181)
2026-09-27T10:01:18.4055174Z Updating files:  96% (11694/12181)
2026-09-27T10:01:18.4142016Z Updating files:  97% (11816/12181)
2026-09-27T10:01:18.4315717Z Updating files:  98% (11938/12181)
2026-09-27T10:01:18.4703324Z Updating files:  99% (12060/12181)
2026-09-27T10:01:18.4703714Z Updating files: 100% (12181/12181)
2026-09-27T10:01:18.4704350Z Updating files: 100% (12181/12181), done.
2026-09-27T10:01:18.4810490Z Reset branch 'master'
2026-09-27T10:01:18.4812525Z branch 'master' set up to track 'origin/master'.
2026-09-27T10:01:18.4915601Z ##[endgroup]
2026-09-27T10:01:18.4955703Z [command]/usr/bin/git log -1 --format=%H
2026-09-27T10:01:18.4980869Z 8a5fa8637075c1fe7fcfbcdd20fcfa93bf8ad355
2026-09-27T10:01:18.5254921Z ##[group]Run actions/setup-python@v6
2026-09-27T10:01:18.5255148Z with:
2026-09-27T10:01:18.5255320Z   python-version: 3.12
2026-09-27T10:01:18.5255520Z   check-latest: false
2026-09-27T10:01:18.5257616Z   token: ***
2026-09-27T10:01:18.5257798Z   update-environment: true
2026-09-27T10:01:18.5258006Z   allow-prereleases: false
2026-09-27T10:01:18.5258205Z   freethreaded: false
2026-09-27T10:01:18.5258381Z ##[endgroup]
2026-09-27T10:01:18.6270741Z ##[group]Installed versions
2026-09-27T10:01:18.6549625Z Successfully set up CPython (3.12.14)
2026-09-27T10:01:18.6550205Z ##[endgroup]
2026-09-27T10:01:18.6677338Z ##[group]Run pip install tiktoken jsonschema
2026-09-27T10:01:18.6677697Z [36;1mpip install tiktoken jsonschema[0m
2026-09-27T10:01:18.6993642Z shell: /usr/bin/bash -e {0}
2026-09-27T10:01:18.6993894Z env:
2026-09-27T10:01:18.6994138Z   pythonLocation: /opt/hostedtoolcache/Python/3.12.14/x64
2026-09-27T10:01:18.6994547Z   PKG_CONFIG_PATH: /opt/hostedtoolcache/Python/3.12.14/x64/lib/pkgconfig
2026-09-27T10:01:18.6994888Z   Python_ROOT_DIR: /opt/hostedtoolcache/Python/3.12.14/x64
2026-09-27T10:01:18.6995191Z   Python2_ROOT_DIR: /opt/hostedtoolcache/Python/3.12.14/x64
2026-09-27T10:01:18.6995508Z   Python3_ROOT_DIR: /opt/hostedtoolcache/Python/3.12.14/x64
2026-09-27T10:01:18.6995806Z   LD_LIBRARY_PATH: /opt/hostedtoolcache/Python/3.12.14/x64/lib
2026-09-27T10:01:18.6996223Z ##[endgroup]
2026-09-27T10:01:20.0814371Z Collecting tiktoken
2026-09-27T10:01:20.1185214Z   Downloading tiktoken-0.14.0-cp312-cp312-manylinux_2_28_x86_64.whl.metadata (6.7 kB)
2026-09-27T10:01:20.1356942Z Collecting jsonschema
2026-09-27T10:01:20.1381971Z   Downloading jsonschema-4.26.0-py3-none-any.whl.metadata (7.6 kB)
2026-09-27T10:01:20.4197364Z Collecting regex (from tiktoken)
2026-09-27T10:01:20.4226330Z   Downloading regex-2026.9.10-cp312-cp312-manylinux2014_x86_64.manylinux_2_17_x86_64.manylinux_2_28_x86_64.whl.metadata (40 kB)
2026-09-27T10:01:20.4458519Z Collecting requests (from tiktoken)
2026-09-27T10:01:20.4484608Z   Downloading requests-2.34.2-py3-none-any.whl.metadata (4.8 kB)
2026-09-27T10:01:20.4600207Z Collecting attrs>=22.2.0 (from jsonschema)
2026-09-27T10:01:20.4625004Z   Downloading attrs-26.1.0-py3-none-any.whl.metadata (8.8 kB)
2026-09-27T10:01:20.4725588Z Collecting jsonschema-specifications>=2023.03.6 (from jsonschema)
2026-09-27T10:01:20.4750335Z   Downloading jsonschema_specifications-2025.9.1-py3-none-any.whl.metadata (2.9 kB)
2026-09-27T10:01:20.4939096Z Collecting referencing>=0.28.4 (from jsonschema)
2026-09-27T10:01:20.4967584Z   Downloading referencing-0.37.0-py3-none-any.whl.metadata (2.8 kB)
2026-09-27T10:01:20.6766969Z Collecting rpds-py>=0.25.0 (from jsonschema)
2026-09-27T10:01:20.6794435Z   Downloading rpds_py-2026.6.3-cp312-cp312-manylinux_2_17_x86_64.manylinux2014_x86_64.whl.metadata (4.1 kB)
2026-09-27T10:01:20.7588869Z Collecting typing-extensions>=4.4.0 (from referencing>=0.28.4->jsonschema)
2026-09-27T10:01:20.7613703Z   Downloading typing_extensions-4.16.0-py3-none-any.whl.metadata (3.3 kB)
2026-09-27T10:01:20.8567272Z Collecting charset_normalizer<4,>=2 (from requests->tiktoken)
2026-09-27T10:01:20.8596968Z   Downloading charset_normalizer-3.5.1-cp312-cp312-manylinux2014_x86_64.manylinux_2_17_x86_64.manylinux_2_28_x86_64.whl.metadata (45 kB)
2026-09-27T10:01:20.8728929Z Collecting idna<4,>=2.5 (from requests->tiktoken)
2026-09-27T10:01:20.8752455Z   Downloading idna-3.20-py3-none-any.whl.metadata (7.2 kB)
2026-09-27T10:01:20.8902528Z Collecting urllib3<3,>=1.26 (from requests->tiktoken)
2026-09-27T10:01:20.8931995Z   Downloading urllib3-2.8.0-py3-none-any.whl.metadata (7.4 kB)
2026-09-27T10:01:20.9061184Z Collecting certifi>=2023.5.7 (from requests->tiktoken)
2026-09-27T10:01:20.9089441Z   Downloading certifi-2026.7.22-py3-none-any.whl.metadata (2.5 kB)
2026-09-27T10:01:20.9172829Z Downloading tiktoken-0.14.0-cp312-cp312-manylinux_2_28_x86_64.whl (1.2 MB)
2026-09-27T10:01:20.9319904Z    ━━━━━━━━━━━━━━━━━━━━━━━━━━━━━━━━━━━━━━━━ 1.2/1.2 MB 91.0 MB/s  0:00:00
2026-09-27T10:01:20.9345440Z Downloading jsonschema-4.26.0-py3-none-any.whl (90 kB)
2026-09-27T10:01:20.9389832Z Downloading attrs-26.1.0-py3-none-any.whl (67 kB)
2026-09-27T10:01:20.9431766Z Downloading jsonschema_specifications-2025.9.1-py3-none-any.whl (18 kB)
2026-09-27T10:01:20.9470375Z Downloading referencing-0.37.0-py3-none-any.whl (26 kB)
2026-09-27T10:01:20.9794011Z Downloading rpds_py-2026.6.3-cp312-cp312-manylinux_2_17_x86_64.manylinux2014_x86_64.whl (366 kB)
2026-09-27T10:01:20.9852639Z Downloading typing_extensions-4.16.0-py3-none-any.whl (45 kB)
2026-09-27T10:01:20.9894101Z Downloading regex-2026.9.10-cp312-cp312-manylinux2014_x86_64.manylinux_2_17_x86_64.manylinux_2_28_x86_64.whl (804 kB)
2026-09-27T10:01:20.9981234Z    ━━━━━━━━━━━━━━━━━━━━━━━━━━━━━━━━━━━━━━━━ 804.6/804.6 kB 81.6 MB/s  0:00:00
2026-09-27T10:01:21.0006400Z Downloading requests-2.34.2-py3-none-any.whl (73 kB)
2026-09-27T10:01:21.0050224Z Downloading charset_normalizer-3.5.1-cp312-cp312-manylinux2014_x86_64.manylinux_2_17_x86_64.manylinux_2_28_x86_64.whl (248 kB)
2026-09-27T10:01:21.0093225Z Downloading idna-3.20-py3-none-any.whl (69 kB)
2026-09-27T10:01:21.0133063Z Downloading urllib3-2.8.0-py3-none-any.whl (135 kB)
2026-09-27T10:01:21.0175023Z Downloading certifi-2026.7.22-py3-none-any.whl (136 kB)
2026-09-27T10:01:21.1968029Z Installing collected packages: urllib3, typing-extensions, rpds-py, regex, idna, charset_normalizer, certifi, attrs, requests, referencing, tiktoken, jsonschema-specifications, jsonschema
2026-09-27T10:01:21.8908132Z 
2026-09-27T10:01:21.8922443Z Successfully installed attrs-26.1.0 certifi-2026.7.22 charset_normalizer-3.5.1 idna-3.20 jsonschema-4.26.0 jsonschema-specifications-2025.9.1 referencing-0.37.0 regex-2026.9.10 requests-2.34.2 rpds-py-2026.6.3 tiktoken-0.14.0 typing-extensions-4.16.0 urllib3-2.8.0
2026-09-27T10:01:21.9549883Z ##[group]Run python3 knowledge/_build_survey.py --timeout 60
2026-09-27T10:01:21.9550283Z [36;1mpython3 knowledge/_build_survey.py --timeout 60[0m
2026-09-27T10:01:21.9607014Z shell: /usr/bin/bash -e {0}
2026-09-27T10:01:21.9607233Z env:
2026-09-27T10:01:21.9607457Z   pythonLocation: /opt/hostedtoolcache/Python/3.12.14/x64
2026-09-27T10:01:21.9607986Z   PKG_CONFIG_PATH: /opt/hostedtoolcache/Python/3.12.14/x64/lib/pkgconfig
2026-09-27T10:01:21.9608326Z   Python_ROOT_DIR: /opt/hostedtoolcache/Python/3.12.14/x64
2026-09-27T10:01:21.9608639Z   Python2_ROOT_DIR: /opt/hostedtoolcache/Python/3.12.14/x64
2026-09-27T10:01:21.9608938Z   Python3_ROOT_DIR: /opt/hostedtoolcache/Python/3.12.14/x64
2026-09-27T10:01:21.9609237Z   LD_LIBRARY_PATH: /opt/hostedtoolcache/Python/3.12.14/x64/lib
2026-09-27T10:01:21.9609494Z ##[endgroup]
2026-09-27T10:04:12.0216518Z — 152 steps read from _build_all.STEPS by ast (never imported) · per-step timeout 60s · non-mutating steps only
2026-09-27T10:04:12.0217189Z 
2026-09-27T10:04:12.0217520Z   ✅ [ 3] token blast-radius + graph report — determinism/staleness chec
2026-09-27T10:04:12.0218135Z   ✅ [ 4] token blast-radius + graph report selftest (#79 P6)
2026-09-27T10:04:12.0218687Z   ✅ [ 9] help-gate selftest — 5 mutation bites (#158 class gate)
2026-09-27T10:04:12.0219309Z   ✅ [11] assertion veracity selftest — verbs bite + registry well-forme
2026-09-27T10:04:12.0220010Z   ⊘ [13] capture/provenance selftest (Memento §4.1)  COULD-NOT-ASK
2026-09-27T10:04:12.0220671Z   ✅ [14] gauge-tokens selftest -- counting path + cache + degraded-meas
2026-09-27T10:04:12.0221192Z   ✅ [15] roll-state measurer selftest (#77 T1)
2026-09-27T10:04:12.0221726Z   ✅ [16] commit-seam harness — _git_commit.sh fixture-repo arms (#78-D1
2026-09-27T10:04:12.0222270Z   ✅ [17] GM/LS mover selftest — hardened move mechanics (M5)
2026-09-27T10:04:12.0222605Z   ✅ [18] section-usage instrumentation selftest (#23)
2026-09-27T10:04:12.0223153Z   ✅ [20] lane records determinism check (O1′ #24)
2026-09-27T10:04:12.0223517Z   ✅ [21] lane records selftest — schema refusals + routing contract (O1
2026-09-27T10:04:12.0223914Z   ✅ [26] worklist store selftest — schema presence gates incl. priority
2026-09-27T10:04:12.0224302Z   ✅ [28] decision-graph selftest — conflict gate bites on unresolved/op
2026-09-27T10:04:12.0224684Z   ✅ [29] spine-writer selftest — splice invariants + no-half-writes (#7
2026-09-27T10:04:12.0225114Z   ✅ [38] component-partials sync — AUTO-PARTIAL injection + contracts (
2026-09-27T10:04:12.0225462Z   ✅ [39] component-partials selftest (ADR-0013)
2026-09-27T10:04:12.0225805Z   ✅ [40] token-set distribution sync — AUTO-TOKENS injection (s121-D1)
2026-09-27T10:04:12.0226317Z   ✅ [41] token-set distribution selftest (s121-D1)
2026-09-27T10:04:12.0226609Z   ✅ [43] Behaviour contract selftest (ADR-0015)
2026-09-27T10:04:12.0226929Z   ✅ [45] canon components determinism check (ADR-0013 ruling 4)
2026-09-27T10:04:12.0227243Z   ✅ [47] partial-ratchet selftest (ADR-0013)
2026-09-27T10:04:12.0227583Z   ✅ [50] theme cascade sync — [data-apollo-theme] layer (ADR-0011)
2026-09-27T10:04:12.0227908Z   ✅ [51] theme cascade selftest (ADR-0014)
2026-09-27T10:04:12.0228162Z   ✅ [53] state-snap selftest (ADR-0014)
2026-09-27T10:04:12.0228476Z   ✅ [55] stale-queue selftest — 13 bites incl. both mutation directions
2026-09-27T10:04:12.0228836Z   ✅ [57] palette-tier selftest — 10 mutation bites (s157-D2)
2026-09-27T10:04:12.0229205Z   ✅ [59] showroom sync — generated component library (RULED 2026-07-21)
2026-09-27T10:04:12.0229598Z   ✅ [60] showroom URL-rebase selftest — the srcdoc base-URL trap (2026-
2026-09-27T10:04:12.0230031Z   ⊘ [61] dashboard sync — generated progress dashboard (RULED #164, bui  COULD-NOT-ASK
2026-09-27T10:04:12.0230439Z   ✅ [67] a11y target-measurement selftest (s114-D5)
2026-09-27T10:04:12.0230712Z   ✅ [70] wiring gate selftest — 4 bites
2026-09-27T10:04:12.0231076Z   ⊘ [74] state-contrast gate selftest — paint stack, report arithmetic,  COULD-NOT-ASK
2026-09-27T10:04:12.0231837Z   ✅ [76] type-composites selftest
2026-09-27T10:04:12.0232081Z   ✅ [85] KG edge gate selftest (6 bites)
2026-09-27T10:04:12.0232392Z   ✅ [86] KG token-group generator drift check — _token_nodes.json vs th
2026-09-27T10:04:12.0232750Z   ✅ [87] KG token-group generator selftest — 8 bites (s277-D12)
2026-09-27T10:04:12.0233105Z   ✅ [88] KG node-title generator drift check — _node_titles.json vs the
2026-09-27T10:04:12.0233619Z   ✅ [89] KG node-title generator selftest — 12 bites (#304 W5c)
2026-09-27T10:04:12.0233924Z   ✅ [91] Token fork-ban selftest (2-direction)
2026-09-27T10:04:12.0234267Z   ✅ [95] binds-resolve selftest — 5 bites incl. any-store clause (#146)
2026-09-27T10:04:12.0234656Z   ✅ [97] chart-intent resolve selftest — 4 bites incl. list case + abse
2026-09-27T10:04:12.0235031Z   ✅ [99] roles/answers resolve selftest — 15 bites incl. in-role priori
2026-09-27T10:04:12.0235416Z   ✅ [101] DataViz gate selftest — bite-tests dv-004 + the dtype vocabula
2026-09-27T10:04:12.0235822Z   ✅ [103] property-resolves gate C2 selftest — 4 bites + a bite-the-bite
2026-09-27T10:04:12.0236476Z   ✅ [105] dataviz var-resolution gate selftest — 8 arms incl. alias chai
2026-09-27T10:04:12.0237075Z   ✅ [107] minted-consumption selftest — 10 arms incl. both false-positiv
2026-09-27T10:04:12.0237463Z   ✅ [109] hidden-attr display selftest — 16 bites incl. the real #218 mu
2026-09-27T10:04:12.0237790Z   ✅ [114] consult tool selftest (advisory)
2026-09-27T10:04:12.0238115Z   ✅ [115] search core selftest — two-stage engine + receipt format (O2′ 
2026-09-27T10:04:12.0238458Z   ✅ [117] memento index determinism check (O2′ #25)
2026-09-27T10:04:12.0238798Z   ✅ [118] memento index selftest — contract refusals + determinism (O2′ 
2026-09-27T10:04:12.0239177Z   ✅ [119] memento search selftest — known-answer retrieval + fetch refus
2026-09-27T10:04:12.0239530Z   ✅ [121] graph mention map determinism check (#115 step 0)
2026-09-27T10:04:12.0239879Z   ✅ [122] graph mention map selftest — hit/miss/refusal bites (#115 step
2026-09-27T10:04:12.0240266Z   ✅ [124] read chain determinism check — stale _CHAIN.md serves a PREVIO
2026-09-27T10:04:12.0240635Z   ✅ [125] read chain selftest — verbatim terms + the CUT + refusal on a 
2026-09-27T10:04:12.0241006Z   ✅ [126] GM size stamp check — a TYPED `size:` figure / drift past the 
2026-09-27T10:04:12.0241368Z   ✅ [127] GM size stamp selftest — the fixed point, the 2-cycle refusal,
2026-09-27T10:04:12.0241755Z   ✅ [129] memento schematic determinism check — a stale diagram publishe
2026-09-27T10:04:12.0242133Z   ✅ [130] memento schematic selftest — figure provenance, caption geomet
2026-09-27T10:04:12.0242551Z   ❌ [132] memento-package delta-audit selftest — mutation-tested, all 4   exit 1
2026-09-27T10:04:12.0242921Z   ✅ [134] instrument-fit selftest (advisory, ds-015)
2026-09-27T10:04:12.0243258Z   ✅ [137] could-not-ask convention selftest (#193 — the third verdict's 
2026-09-27T10:04:12.0243759Z   ⊘ [140] governs matcher selftest — the [12]/[13] trigger-index arm, na  COULD-NOT-ASK
2026-09-27T10:04:12.0244248Z   ✅ [141] frozen-release gate — v1/v2 and any baked Spider surface may n
2026-09-27T10:04:12.0244636Z   ✅ [142] frozen-release selftest — 11 bites on a fixture repo incl. the
2026-09-27T10:04:12.0245018Z   ✅ [143] pack ship-list audit — the manifest is byte-identical to a fre
2026-09-27T10:04:12.0245403Z   ✅ [144] release-audit selftest — manifest compare + the pack arm's res
2026-09-27T10:04:12.0245861Z   ⊘ [145] pack-side CI template — parses, ships what it calls, hides not  COULD-NOT-ASK
2026-09-27T10:04:12.0246483Z   ⊘ [146] pack-side CI template selftest — 10 mutants incl. a smuggled c  COULD-NOT-ASK
2026-09-27T10:04:12.0246901Z   ✅ [149] polarity gate — five refusals + content-fresh derived status/e
2026-09-27T10:04:12.0247282Z   ✅ [150] polarity gate selftest — control + every refusal arm on a copy
2026-09-27T10:04:12.0247489Z 
2026-09-27T10:04:12.0247588Z ==============================================================================
2026-09-27T10:04:12.0248281Z SURVEY: 66 pass · 1 FAIL · 6 COULD-NOT-ASK (self-declared refusals) · 0 unaskable (missing/timed out) · 79 not asked (mutating)
2026-09-27T10:04:12.0248853Z ⚠ 'not asked' is NOT 'passing' — it is excluded from the exit code, deliberately.
2026-09-27T10:04:12.0249319Z ⚠ 'COULD-NOT-ASK' is NOT 'passing' either. It is a step that named the input it could
2026-09-27T10:04:12.0249752Z   not reach, so the job does not go red for an ENVIRONMENT fact dressed as an artefact
2026-09-27T10:04:12.0250278Z   verdict (#173/#183, generalised #193). Every one is printed in full below. A step
2026-09-27T10:04:12.0250710Z   that timed out or is MISSING is a different thing and still fails: nobody asked it
2026-09-27T10:04:12.0251024Z   and it never said why.
2026-09-27T10:04:12.0251144Z 
2026-09-27T10:04:12.0251382Z THE FULL FAILURE SET (1) — this is the number no single `_build_all.py` run can tell you:
2026-09-27T10:04:12.0251636Z 
2026-09-27T10:04:12.0251864Z   [132] memento-package delta-audit selftest — mutation-tested, all 4 arms (#79)
2026-09-27T10:04:12.0252263Z       python3 knowledge/_validate_package_delta.py --selftest   (exit 1)
2026-09-27T10:04:12.0252918Z       ✗ real repo: clean (0 findings; got 4: ['VERBATIM SET: memento-package/machinery/_gen_chain.py DIFFERS from knowledge/_gen_chain.py (copy=machinery/ f
2026-09-27T10:04:12.0253328Z 
2026-09-27T10:04:12.0253537Z COULD-NOT-ASK (6) — each step's OWN words about the input it could not reach.
2026-09-27T10:04:12.0253947Z These do NOT fail the survey; they also do not pass. If one of them is here because the
2026-09-27T10:04:12.0254409Z environment is wrong rather than because the input is genuinely unreachable, FIX THE ENVIRONMENT:
2026-09-27T10:04:12.0254700Z 
2026-09-27T10:04:12.0254834Z   [13] capture/provenance selftest (Memento §4.1)
2026-09-27T10:04:12.0255138Z       python3 knowledge/_capture_gate.py --selftest   (exit 77)
2026-09-27T10:04:12.0259600Z       COULD-NOT-ASK: _capture_gate.py --selftest — 4 arm(s) read an input this checkout cannot hold — trigger index: ruling ds-034's evidence `outputs/_FINDING-canon-pri-hover-brand-mono-fork-2026-08-06-v1.md` is excluded by this repo's own .gitignore — no checkout can hold it, so whether it has rotted is UNASKABLE here; the machine that wrote it is where that question has an answer · trigger index: ruling ds-034's evidence `outputs/_PARTITION-button-primary-2026-08-06-v1.md` is excluded by this repo's own .gitignore — no checkout can hold it, so whether it has rotted is UNASKABLE here; the machine that wrote it is where that question has an answer · trigger index: ruling ds-035's evidence `outputs/_FINDING-canon-pri-hover-brand-mono-fork-2026-08-06-v1.md` is excluded by this repo's own .gitignore — no checkout can hold it, so whether it has rotted is UNASKABLE here; the machine that wrote it is where that question has an answer · trigger index: ruling s245-D6's evidence `knowledge/_tmp/l3-245/rename-plan.json` is excluded by this repo's own .gitignore — no checkout can hold it, so whether it has rotted is UNASKABLE here; the machine that wrote it is where that question has an answer ⇒ THIS IS NOT A SKIP: every other arm passed here, and these arms have their proof of record on a tree that carries the ignored artefacts (a working session's own repo), never on a bare clone.
2026-09-27T10:04:12.0263052Z 
2026-09-27T10:04:12.0263273Z   [61] dashboard sync — generated progress dashboard (RULED #164, built #165)
2026-09-27T10:04:12.0574996Z       python3 knowledge/gen_dashboard.py --check   (exit 77)
2026-09-27T10:04:12.0578508Z       COULD-NOT-ASK: dashboard/index.html — the page differs, but a live gate baked into it is reading INPUTS OUTSIDE THE COMMITTED TREE, so its verdict — and therefore this page — cannot be reproduced here: provenance names `knowledge/_tmp/l3-245/rename-plan.json`; provenance names `outputs/_FINDING-canon-pri-hover-brand-mono-fork-2026-08-06-v1.md`; provenance names `outputs/_PARTITION-button-primary-2026-08-06-v1.md`. Every one of those paths is untracked, so an environment that has them and one that does not will render different prose from the SAME commit. This is a REFUSAL, not a staleness verdict in either direction: the page's agreement with the stores is UNKNOWN here and is reported as unknown. Ask it where those inputs are present (a working tree that holds them), or commit them.
2026-09-27T10:04:12.0580611Z 
2026-09-27T10:04:12.0580859Z   [74] state-contrast gate selftest — paint stack, report arithmetic, named args
2026-09-27T10:04:12.0581404Z       python3 knowledge/_validate_state_contrast.py --selftest   (exit 77)
2026-09-27T10:04:12.0583180Z       COULD-NOT-ASK: _validate_state_contrast.py — the 'playwright' module is not installed (ModuleNotFoundError("No module named 'playwright'")) — this gate cannot be proven without it; run `pip install playwright && playwright install chromium` ⇒ THIS IS NOT A SKIP: these arms (including the s152-D1 mutation control) run BLOCKING in the `render` job of .github/workflows/gates.yml, which installs chromium — that job is where this gate's proof of record lives. Nothing here is claimed green; the question was unaskable on this box.
2026-09-27T10:04:12.0584479Z 
2026-09-27T10:04:12.0584728Z   [140] governs matcher selftest — the [12]/[13] trigger-index arm, named (#208 legibility)
2026-09-27T10:04:12.0585102Z       python3 knowledge/_governs.py --selftest   (exit 77)
2026-09-27T10:04:12.0588730Z       COULD-NOT-ASK: _governs.py --selftest — 4 evidence pointer(s) name paths this checkout cannot hold: ruling ds-034's evidence `outputs/_FINDING-canon-pri-hover-brand-mono-fork-2026-08-06-v1.md` is excluded by this repo's own .gitignore — no checkout can hold it, so whether it has rotted is UNASKABLE here; the machine that wrote it is where that question has an answer · ruling ds-034's evidence `outputs/_PARTITION-button-primary-2026-08-06-v1.md` is excluded by this repo's own .gitignore — no checkout can hold it, so whether it has rotted is UNASKABLE here; the machine that wrote it is where that question has an answer · ruling ds-035's evidence `outputs/_FINDING-canon-pri-hover-brand-mono-fork-2026-08-06-v1.md` is excluded by this repo's own .gitignore — no checkout can hold it, so whether it has rotted is UNASKABLE here; the machine that wrote it is where that question has an answer · ruling s245-D6's evidence `knowledge/_tmp/l3-245/rename-plan.json` is excluded by this repo's own .gitignore — no checkout can hold it, so whether it has rotted is UNASKABLE here; the machine that wrote it is where that question has an answer
2026-09-27T10:04:12.0591650Z 
2026-09-27T10:04:12.0591918Z   [145] pack-side CI template — parses, ships what it calls, hides nothing (BLOCKING, built #219)
2026-09-27T10:04:12.0592337Z       python3 knowledge/_release/_gate_ci_template.py --check   (exit 77)
2026-09-27T10:04:12.0593381Z       COULD-NOT-ASK: apollo-spider/ci-template/gates.yml — PyYAML is not importable in this environment, and this gate parses the template in YAML rather than guessing at it with string matching. Install it (pip install pyyaml) — the release job in .github/workflows/gates.yml does exactly that
2026-09-27T10:04:12.0594127Z 
2026-09-27T10:04:12.0594387Z   [146] pack-side CI template selftest — 10 mutants incl. a smuggled continue-on-error (#219)
2026-09-27T10:04:12.0594825Z       python3 knowledge/_release/_gate_ci_template.py --selftest   (exit 77)
2026-09-27T10:04:12.0595438Z       COULD-NOT-ASK: the ci-template selftest — PyYAML is not importable, and every arm below parses YAML. Install it (pip install pyyaml).
2026-09-27T10:04:12.0595898Z 
2026-09-27T10:04:12.0596345Z NOT ASKED (79 mutating steps) — run --include-mutating on a clean tree to include them:
2026-09-27T10:04:12.0596785Z   [1] compliance knowledge graph
2026-09-27T10:04:12.0597000Z   [2] token blast-radius + graph report
2026-09-27T10:04:12.0597220Z   [5] guideline rules index (gate)
2026-09-27T10:04:12.0597430Z   [6] runbook index (generated)
2026-09-27T10:04:12.0597645Z   [7] standing-instructions reachability gate
2026-09-27T10:04:12.0597993Z   [8] help-gate — no entry point may write before it reads argv (#158 cl
2026-09-27T10:04:12.0598472Z   [10] assertion veracity gate — claims that can rot
2026-09-27T10:04:12.0598842Z   [12] capture/provenance gate — status+provenance on new notes+dossiers 
2026-09-27T10:04:12.0599155Z   … and 71 more
2026-09-27T10:04:12.0599253Z 
2026-09-27T10:04:12.0599479Z — recorded → /home/runner/work/UX-design/UX-design/notes/_BUILD-VERDICT-LOG.jsonl
2026-09-27T10:04:12.0639417Z ##[error]Process completed with exit code 1.
2026-09-27T10:04:12.0682702Z ##[group]Run python3 knowledge/_build_all.py
2026-09-27T10:04:12.0683001Z [36;1mpython3 knowledge/_build_all.py[0m
2026-09-27T10:04:12.0739928Z shell: /usr/bin/bash -e {0}
2026-09-27T10:04:12.0740135Z env:
2026-09-27T10:04:12.0740357Z   pythonLocation: /opt/hostedtoolcache/Python/3.12.14/x64
2026-09-27T10:04:12.0740702Z   PKG_CONFIG_PATH: /opt/hostedtoolcache/Python/3.12.14/x64/lib/pkgconfig
2026-09-27T10:04:12.0741029Z   Python_ROOT_DIR: /opt/hostedtoolcache/Python/3.12.14/x64
2026-09-27T10:04:12.0741332Z   Python2_ROOT_DIR: /opt/hostedtoolcache/Python/3.12.14/x64
2026-09-27T10:04:12.0741623Z   Python3_ROOT_DIR: /opt/hostedtoolcache/Python/3.12.14/x64
2026-09-27T10:04:12.0741912Z   LD_LIBRARY_PATH: /opt/hostedtoolcache/Python/3.12.14/x64/lib
2026-09-27T10:04:12.0742168Z ##[endgroup]
2026-09-27T10:04:12.1639814Z Wrote 38 rule files to compliance/rules/
2026-09-27T10:04:12.1640279Z Index: 38 SCs x 135 components
2026-09-27T10:04:12.1640535Z Validation errors: none
2026-09-27T10:04:12.1640931Z Levels: {'AA': 17, 'A': 18, 'AAA': 3} | Severities: {'serious': 29, 'critical': 3, 'minor': 6}
2026-09-27T10:04:12.1641277Z AAA (beyond AA bar): ['2.3.3', '2.4.8', '2.5.5']
2026-09-27T10:04:21.5474709Z 
2026-09-27T10:04:21.5476172Z PARKED DUE — 5 parked item(s) are due at token-report — python3 knowledge/_parked.py --due token-report
2026-09-27T10:04:21.5476878Z wrote tokens/_blast-radius.json and _GRAPH-REPORT.md
2026-09-27T10:04:21.5477285Z tokens defined=1043 referenced=140 components=137
2026-09-27T10:04:21.5478250Z top god-nodes: [('text/default', 109), ('background/default', 74), ('tertiary/background/default', 51), ('icon/default', 46), ('border-radius/surface', 43), ('focus/ring', 40), ('border/subtle', 39), ('text/secondary', 37)]
2026-09-27T10:04:21.5479185Z depricate-still-bound components: 19
2026-09-27T10:04:21.5479474Z orphans: 903
2026-09-27T10:04:30.9386382Z 
2026-09-27T10:04:30.9387310Z PARKED DUE — 5 parked item(s) are due at token-report — python3 knowledge/_parked.py --due token-report
2026-09-27T10:04:30.9388074Z ✓ _build_blast_radius --check PASS — tokens/_blast-radius.json and _GRAPH-REPORT.md match a fresh compute() (content, not mtime)
2026-09-27T10:04:49.5426681Z 
2026-09-27T10:04:49.5427611Z PARKED DUE — 5 parked item(s) are due at token-report — python3 knowledge/_parked.py --due token-report
2026-09-27T10:04:49.5428152Z   selftest (a): compute() is deterministic across two calls ✓
2026-09-27T10:04:49.5428516Z   selftest (b1): identical fixture pair reports zero drift ✓
2026-09-27T10:04:49.5428889Z   selftest (b2): a doctored fixture pair is flagged on BOTH files, each named ✓
2026-09-27T10:04:49.5429332Z   selftest (b3): a missing on-disk file is flagged, never silently treated as a match ✓
2026-09-27T10:04:49.5429973Z selftest PASS — compute() deterministic; --check bites on drift, quiet on a match, never silently passes a missing file (#79 P6)
2026-09-27T10:04:49.5899899Z rules index: 474 rules from 35 engine-era files — {'ADVISORY': 322, 'BLOCKING': 62, 'REVIEW': 34, 'TASTE': 56}
2026-09-27T10:04:49.6133037Z runbook index: 17 runbooks -> _RUNBOOKS.md
2026-09-27T10:04:50.0218245Z selftest OK — discovers 28 standing docs by glob + STANDING: self-declaration.
2026-09-27T10:04:50.0219157Z STANDING-INSTRUCTIONS GATE PASS — 28 standing doc(s) reachable from the spine; GOOD-MORNING structure intact.
2026-09-27T10:04:50.0220113Z   NOTE: memory files live outside the repo and CANNOT be checked here — capture-ritual step 3 is still a human step.
2026-09-27T10:04:51.5837349Z help-gate OK — 268 script(s) scanned; every entry point answers --help before it can write.
2026-09-27T10:04:51.6088673Z   ✓ guard first -> GREEN                             -> GREEN
2026-09-27T10:04:51.6089349Z   ✓ write before guard -> RED                        -> RED  [knowledge/_mutant.py: help gate at statement 4 is TOO LATE — Expr on line 4 runs first]
2026-09-27T10:04:51.6089963Z   ✓ no guard at all -> RED                           -> RED  [knowledge/_mutant.py: NO HELP GATE — add]
2026-09-27T10:04:51.6090986Z   ✓ library module -> GREEN (not an entry point)     -> GREEN
2026-09-27T10:04:51.6091351Z   ✓ argparse owns --help -> GREEN                    -> GREEN
2026-09-27T10:04:51.6091936Z _validate_help_gate --selftest OK — 5 bites (guard-first · write-before-guard RED · missing-guard RED · library · argparse).
2026-09-27T10:04:51.6368331Z selftest OK — 5 verbs bite-tested, 0 native check(s), 8 assertion(s) well-formed, 3 mutation(s) killed.
2026-09-27T10:04:51.6368885Z   [✓] ASSERT-001 blocker      0 matches in root=repo
2026-09-27T10:04:51.6369204Z       ⚠ last verified 39d ago, window is 30d
2026-09-27T10:04:51.6369507Z   [✓] ASSERT-002 environment  1 match(es) in root=repo
2026-09-27T10:04:51.6369881Z   [✓] ASSERT-004 regression   needle='text-transform:uppercase' in root=repo
2026-09-27T10:04:51.6370303Z   [✓] ASSERT-005 environment  needle='knowledge/assets/fonts/' in root=repo
2026-09-27T10:04:51.6370655Z   [✓] ASSERT-006 environment  1 match(es) in root=repo
2026-09-27T10:04:51.6371550Z   [⊘] ASSERT-007 blocker      ROOT UNRESOLVED — root 'mount' unreachable HERE: no '<session>/mnt' ancestor of ROOT=/home/runner/work/UX-design/UX-design (running outside the sandbox mount) — an environment fact, not a registry defect
2026-09-27T10:04:51.6372446Z       ⚠ last verified 52d ago, window is 30d
2026-09-27T10:04:51.6372743Z   [✓] ASSERT-008 environment  1 match(es) in root=repo
2026-09-27T10:04:51.6373079Z   [✓] ASSERT-009 environment  count=138 (want eq 138) in root=repo
2026-09-27T10:04:51.6373274Z 
2026-09-27T10:04:51.6373459Z   ⚠ 2 blocker(s) past their recheck window — re-test deliberately:
2026-09-27T10:04:51.6373760Z       ASSERT-001: last verified 39d ago, window is 30d
2026-09-27T10:04:51.6374497Z         clears when: The Latin webfont files (WOFF + WOFF2) physically land in knowledge/assets/fonts/. Watch for Ultralight in the pack — a sixth weight below Thin = a TYPE RULING, not an asset drop.
2026-09-27T10:04:51.6375144Z       ASSERT-007: last verified 52d ago, window is 30d
2026-09-27T10:04:51.6375925Z         clears when: The mount layout changes and .auto-memory/ is no longer reachable from the shell — at which point the zero-fill route is genuinely gone and every doc telling a session to check disk first is wrong.
2026-09-27T10:04:51.6376818Z 
2026-09-27T10:04:51.6377712Z COULD-NOT-ASK: assertion gate — 1 of 8 claim(s) untestable in this environment, 0 false — ASSERT-007: ROOT UNRESOLVED — root 'mount' unreachable HERE: no '<session>/mnt' ancestor of ROOT=/home/runner/work/UX-design/UX-design (running outside the sandbox mount) — an environment fact, not a registry defect
2026-09-27T10:04:51.6604864Z selftest OK — 5 verbs bite-tested, 0 native check(s), 8 assertion(s) well-formed, 3 mutation(s) killed.
2026-09-27T10:04:52.1356616Z   ⚠️  WARN ds-021 (C) DECLARED GAP — `knowledge/_boot_decompose.py` counts in cl100k and cannot name a REAL tier. BUILT #242 lane F (the boot DECOMPOSITION `_boot_remeasure.py`'s two hard-coded paths could not give), REGISTERED AT THE WRAP THAT SHIPPED IT — ds-021 (C) caught it unregistered on its first gate run, which is the birth-catch the bite exists for. WHY 'estimate-only': every component figure it prints is a cl100k TAPE count over the DISK-RESIDENT boot inputs; a REAL boot figure comes only from `message.usage`, which this file never sees — it takes the real total as `--real N` from the caller and prints the harness remainder as `<real> − Σ(ours, tape)` labelled ESTIMATED-BY-SUBTRACTION, because that subtraction mixes units BY CONSTRUCTION. ⛔ Its tape figures are never summed with, scaled to, or compared against a `real` measurement [[measure-dont-convert-units]].
2026-09-27T10:04:52.1361555Z   ⚠️  WARN ds-021 (C) DECLARED GAP — `knowledge/_boot_remeasure.py` counts in cl100k and cannot name a REAL tier. BUILT #214 under `s214-D5` half 2 (per-session boot re-measure over the mounted disk-resident boot inputs), and REGISTERED HERE AT THE WRAP THAT SHIPPED IT — the ds-021 (C) bite caught it unregistered on its first gate run, which is the birth-catch the bite exists for. It counts in tiktoken cl100k ONLY and can name NO real tier: its output is a TAPE PROXY kept for SHAPE and DELTA across sessions, and the row that owns it (`W-99za`) already declares exactly that — this entry MIRRORS that declaration, it does not make a new one. ⛔ Its figures are NEVER summed with, scaled to, or compared against a `real` measurement [[measure-dont-convert-units]]; the consumer is the boot-band re-base sitting, which is DAVE'S.
2026-09-27T10:04:52.1366436Z   ⚠️  WARN ds-021 (C) DECLARED GAP — `knowledge/_compose_slice.py` counts in cl100k and cannot name a REAL tier. BORN #270 (lane 2, the compose-time door). It encodes with tiktoken cl100k ONLY to report the SIZE of a context slice against the metas it replaces (the ~6x / ~25x figures on notes/_PROPOSAL-compose-time-door-2026-09-14-v1.html) - a RATIO between two texts it measures the SAME way, never a budget figure and never a FILL claim. It cannot name a REAL tier: it does not call _gauge_tokens.count() and has no API path, so estimate-only is the honest label rather than a tier it would have to borrow. REGISTERED AT THE #270 WRAP AS A DECLARATION, NOT A RULING - ds-021 (C) asks a counting site to declare what it can name, and leaving it unregistered is the 27-sessions-of-silence failure this registry exists to stop. Whether the door is WIRED at all is Dave's, and is untouched by this entry.
2026-09-27T10:04:52.1369294Z   ⚠️  WARN ds-021 (C) DECLARED GAP — `knowledge/_context_gauge.py` counts in cl100k and cannot name a REAL tier. REFUSES without tiktoken unless --estimate labels the output (#74). Honest about estimate-vs-nothing; still blind to cl100k-vs-real.
2026-09-27T10:04:52.1372841Z   ⚠️  WARN ds-021 (C) DECLARED GAP — `knowledge/_memory_cap_check.py` counts in cl100k and cannot name a REAL tier. BUILT #244 lane C (the mechanised `MEMORY.md` cap), REGISTERED AT #244 lane V — ds-021 (C) caught it unregistered on its first gate run, which is the birth-catch the bite exists for. WHY 'estimate-only': cl100k tape of a non-repo file; never a real-token claim. The file it grades is the Cowork auto-memory index resolved through the `/sessions/*/mnt` glob, so it is OUTSIDE the repo and no `message.usage` figure can ever be taken over it — the only reading available is a tiktoken cl100k TAPE count, kept for SHAPE and DELTA (the `s243-D1` stub measured 1,502 tape against a MEMORY_CAP_TAPE of 1,802). ⛔ Its tape figures are never summed with, scaled to, or compared against a `real` measurement [[measure-dont-convert-units]]; the arm it feeds (`memory_cap_check`) is ADVISORY (`MEMORY_CAP_BLOCKING = False`) precisely because the graded file does not exist on a non-Cowork tree [[gate-cannot-pass-in-one-environment]].
2026-09-27T10:04:52.1382622Z   ⚠️  WARN ds-021 (C) DECLARED GAP — `knowledge/_seam.py` counts in cl100k and cannot name a REAL tier. BORN #283 (the lane-seam check, `s283-D1`); the FIRST COUNTING SITE was added at #285 by lane SC with the fourth STANDING block (Dave: "yes to the seam re-quoting the standing constraints"), the SECOND at #286 by lane T with the INSEAT block (#285's move 2: "`_seam.py` measures the conductor's own tool-output tokens since the last seam and warns above a threshold"). BOTH are estimate-only for the SAME reason, and the second is declared here rather than left to ride on the first entry's coat-tails — a registry entry that names one site while the file has two is the stale pin this gate exists to catch. `inseat_tokens()` encodes the CONDUCTOR'S OWN `tool_result` text out of the live transcript (non-sidechain records, lane returns split out) with tiktoken cl100k ONLY, to size what was spent in the seat since the last seam; the threshold it is judged against (`INSEAT_WARN_TK` = 10,000) is PICKED, NOT RULED, and says so on the line it prints on. ⚠ It is NEVER a FILL claim: the seam's FILL line is `_checkin.py`'s REAL reading, and this number measures a DIFFERENT OBJECT (tool output landing in the window, not the window) — they are never converted into one another [[measure-dont-convert-units]]. Unavailable tiktoken makes the line read `?` and the verdict read UNMEASURED; it is never read as 0, and the seam's selftest holds that arm. `standing_tokens()` encodes the printed constraint block with tiktoken cl100k ONLY, to size the tail it prints — it never calls `_gauge_tokens.count()`, has no API path, and the figure is never a FILL claim or a budget figure; the seam's FILL line is `_checkin.py`'s REAL reading, imported, not re-derived here. So estimate-only is the honest label rather than a tier it would have to borrow, and the unit is NAMED on the line it prints on (`STANDING <n> lines · <tokens> cl100k`). ⚠ Unavailable tiktoken prints `?`, never a guessed number, and the seam's selftest FAILS on `?` rather than passing a blind arm. REGISTERED AT THE #285 WRAP AS A DECLARATION, NOT A RULING — the `_compose_slice.py` precedent (#270 wrap) exactly: ds-021 (C) asks a counting site to declare what it can name, this site was born unregistered in this session's own commit `b99d092c`, and it is THIS SEAT'S fail to close rather than an inherited one. Whether `_standing.md` itself is ever inscribed is Dave's and is untouched by this entry.
2026-09-27T10:04:52.1392784Z capture gate [build]: 241 in scope · 0 fail · 6 warn
2026-09-27T10:04:52.6364168Z ⚠ DUPLICATE HEADING: gm-archive:2b-wave-1-rulings-1-7-unchanged-rule-with-the-above at _GM-ARCHIVE.md:5564 and _GM-ARCHIVE.md:6644
2026-09-27T10:04:52.6365637Z ⚠ DUPLICATE HEADING: gm-archive:3-the-standing-eyeball-set-non-blocking-your-foundations-fir at _GM-ARCHIVE.md:5586 and _GM-ARCHIVE.md:6667
2026-09-27T10:04:52.6367364Z ⚠ DUPLICATE HEADING: gm-archive:4b-queued-button-states-finesse-pass-dave-2026-07-22-not-now at _GM-ARCHIVE.md:5548 and _GM-ARCHIVE.md:6741
2026-09-27T10:04:52.6368298Z ⚠ DUPLICATE HEADING: gm-archive:5-parked-unchanged at _GM-ARCHIVE.md:5559 and _GM-ARCHIVE.md:6752
2026-09-27T10:04:52.6369177Z ⚠ DUPLICATE HEADING: ls-archive:prior-delta-2026-07-26-sun-evening-opus-solo-self-conducting at _LIVE-STATE-ARCHIVE.md:5425 and _LIVE-STATE-ARCHIVE.md:5440
2026-09-27T10:04:52.6370089Z ⚠ DUPLICATE HEADING: component:icon-button at knowledge/_proforma/icon-button.meta.json:1 and knowledge/components/icon-button.meta.json:1
2026-09-27T10:04:53.3236297Z ⚠ DUPLICATE HEADING: gm-archive:2b-wave-1-rulings-1-7-unchanged-rule-with-the-above at _GM-ARCHIVE.md:5564 and _GM-ARCHIVE.md:6644
2026-09-27T10:04:53.3237882Z ⚠ DUPLICATE HEADING: gm-archive:3-the-standing-eyeball-set-non-blocking-your-foundations-fir at _GM-ARCHIVE.md:5586 and _GM-ARCHIVE.md:6667
2026-09-27T10:04:53.3239473Z ⚠ DUPLICATE HEADING: gm-archive:4b-queued-button-states-finesse-pass-dave-2026-07-22-not-now at _GM-ARCHIVE.md:5548 and _GM-ARCHIVE.md:6741
2026-09-27T10:04:53.3240686Z ⚠ DUPLICATE HEADING: gm-archive:5-parked-unchanged at _GM-ARCHIVE.md:5559 and _GM-ARCHIVE.md:6752
2026-09-27T10:04:53.3242030Z ⚠ DUPLICATE HEADING: ls-archive:prior-delta-2026-07-26-sun-evening-opus-solo-self-conducting at _LIVE-STATE-ARCHIVE.md:5425 and _LIVE-STATE-ARCHIVE.md:5440
2026-09-27T10:04:53.3243586Z ⚠ DUPLICATE HEADING: component:icon-button at knowledge/_proforma/icon-button.meta.json:1 and knowledge/components/icon-button.meta.json:1
2026-09-27T10:05:00.1103880Z   ❌ FAIL GOOD-MORNING.md: no `pre-flight:` stamp — the handoff must carry the estimate the session was priced with (runbook § ★ Half 0b). Form (Dave #56, REAL TOKENS): `pre-flight: boot N (disk N measured · harness ~N est ±N) + job N est + wrap N est = N of 256,000 — BAND`
2026-09-27T10:05:00.1105499Z   ❌ FAIL GOOD-MORNING.md: section marker(s) not found (DO-FIRST, §A, §C) — ritual step 2
2026-09-27T10:05:00.1107201Z   ❌ FAIL boot-drift: notes/_GAUGE-LOG.md is MISSING — the boot band is DERIVED from that file (`s240-D1`), so with it absent there is no band and nothing to check. This is the #109 condition (a rule with no consumer), not a clean pass.
2026-09-27T10:05:00.1108761Z   ❌ FAIL lane-routing: GM §C·1 eager ROUTING line MISSING (⛔ ROUTING) — externalised records without the eager pointer is the cold-session-defaults-onto-Apollo failure
2026-09-27T10:05:00.1110420Z   ❌ FAIL TITLE GENERATION: no `knowledge/_gen_titles_receipt.json` found — `python3 knowledge/_gen_titles.py --session <N>` was not run this wrap. RENAME and NEXT-TITLE must be MECHANISED (#120 residual ⓪), never hand-authored prose.
2026-09-27T10:05:00.1111390Z   ❌ FAIL _LIVE-STATE.md: "Last refreshed" zone does not carry today (2026-07-27) — refresh it (ritual steps 1 / 2) before closing
2026-09-27T10:05:00.1112063Z   ❌ FAIL GOOD-MORNING.md: header date zone does not carry today (2026-07-27) — refresh it (ritual steps 1 / 2) before closing
2026-09-27T10:05:00.1112814Z   ⚠️  WARN B2 PLAN BLOCK check SKIPPED — no `_CHAIN.md` under /tmp/tmpbkkhuegg, so this is not a state tree. NOT a pass: the seam was not graded here.
2026-09-27T10:05:00.1113711Z   ⚠️  WARN ⛔ INSTRUMENT-STRAY GATE DID NOT RUN for `knowledge/assets` (git exit 128: fatal: not a git repository (or any of the parent directories): .git) — UNKNOWN, not clean.
2026-09-27T10:05:00.1114601Z   ⚠️  WARN SHARED HELPER: the dedup comparer DID NOT RUN — `git ls-files` could not answer under /tmp/tmpbkkhuegg. UNKNOWN, not a single implementation.
2026-09-27T10:05:00.1115411Z   ▫️  s263-D10 RULINGS PAGE check SKIPPED — no `knowledge/_rulings.json` under /tmp/tmpbkkhuegg, so this is not a state tree. NOT a pass.
2026-09-27T10:05:00.1116404Z   ▫️  REGISTER↔STORE JOIN SKIPPED — register not present under /tmp/tmpbkkhuegg. NOT a pass: the join was not made here.
2026-09-27T10:05:00.1117284Z   ▫️  REGEN SERIAL SKIPPED — the serial's own home is unreadable (no `knowledge/_build_all.py` under this tree). NOT a pass: the ordered set was never read, so nothing was compared.
2026-09-27T10:05:00.1118163Z   ▫️  FILED SUB-REPORTS: no `notes/_subreports/` under /tmp/tmpbkkhuegg — nothing filed here, so nothing to cite. NOT a pass: the check did not run.
2026-09-27T10:05:00.1118917Z   ▫️  FILED SUB-REPORT LINES: no `notes/_subreports/` under /tmp/tmpbkkhuegg — nothing filed here. NOT a pass: the check did not run.
2026-09-27T10:05:00.1119471Z   ▫️  · no `_to_delete/` in this tree — nothing held, nothing to age.
2026-09-27T10:05:00.1120504Z   ▫️  memory-cap: DID NOT RUN — no Cowork mount matched /sessions/*/mnt and no --path was given — the auto-memory index lives OUTSIDE this repo, so on a non-Cowork tree there is genuinely nothing to grade. This is UNKNOWN, not a pass: the auto-memory index is a Cowork surface outside this repo.
2026-09-27T10:05:00.1121496Z   ▫️  section-usage: strata marker absent — probe skipped (honest skip, not a pass)
2026-09-27T10:05:00.1121944Z   ▫️  usage-history: no testimony found — UNMEASURED, not assumed clean.
2026-09-27T10:05:00.1122396Z   ▫️  consult-receipts: strata marker absent — probe skipped (honest skip, not a pass)
2026-09-27T10:05:00.1122983Z   ▫️  retrieval index: FRESH — 2333 records byte-match the live corpus, so retrieval-first quotes this session's truth.
2026-09-27T10:05:00.1123710Z   ▫️  s295-D2 ENACTED-SHA check SKIPPED — no `knowledge/_rulings.json` in this tree. A fixture tree is not a state the rule has an opinion about.
2026-09-27T10:05:00.1125261Z   ▫️  hook re-check (`s271-D4`): DECLARED SKIP — no Cowork mount matched /sessions/*/mnt and no --path was given — the auto-memory index lives OUTSIDE this repo, so on a non-Cowork tree there is genuinely nothing to grade. The memory store lives OUTSIDE this repo (a Cowork surface); on a tree without it there is genuinely nothing to re-read. This is UNKNOWN, never a pass. Pass an explicit hook path to drive it.
2026-09-27T10:05:00.1126751Z   ▫️  ds-022 continuity: no _GAUGE-LOG.md or no GOOD-MORNING.md — UNMEASURED, not assumed clean.
2026-09-27T10:05:00.1127214Z   ▫️  subs-line: no notes/_GAUGE-LOG.md — UNMEASURED, not assumed clean.
2026-09-27T10:05:00.1127668Z   ▫️  stop-line: knowledge/_RUNBOOK-context-gauge.md absent — UNMEASURED, not passed.
2026-09-27T10:05:00.1128150Z   ▫️  stop-line: knowledge/_RUNBOOK-capture-ritual.md absent — UNMEASURED, not passed.
2026-09-27T10:05:00.1128704Z   ▫️  ds-023 stop line: STATED in all 2 trigger homes (reconciled #54 — the runbook used to contradict itself).
2026-09-27T10:05:00.1129640Z   ▫️  ds-022 (d) unkeyed: no notes/_GAUGE-LOG.md — UNMEASURED, not assumed clean. (An absent file is not a clean file; the M10 refusal pattern.)
2026-09-27T10:05:00.1130422Z   ▫️  roll-claim check: no ★ LATEST banner found — UNMEASURED (a different check already fails the wrap for this state; not re-raised here).
2026-09-27T10:05:00.1131353Z   ▫️  stale-top-item fence: `knowledge/_rulings.json` UNREADABLE (knowledge/_rulings.json does not exist) — the fence is UNMEASURED this wrap. That is NOT the same as 'no owed claim is contradicted'.
2026-09-27T10:05:00.1132385Z   ▫️  2c carry gate: no ★ LATEST + ★ PRIOR pair found — UNMEASURED. ⛔ Not a pass: with one banner there is nothing to carry FROM, and the banner structure itself is graded by other checks.
2026-09-27T10:05:00.1133840Z   ▫️  PRE-FLIGHT stamp: graded in REAL TOKENS (Dave #56 — amber 160,000 · working 256,000 · hard 300,000); the % band's enforcement was RETIRED #74-D3 (history: ledger § #36, runbook ds-023). Whether the fill figure is HONEST is still not observable here — and the wrap term is RING-FENCED at any mid-session re-price (#74-D2, runbook § Half 0b (a′)).
2026-09-27T10:05:00.1135289Z   ▫️  PRE-FLIGHT stamp: FORM checked only. Whether the fill figure is honest, and whether a mid-job re-price actually happened, are NOT observable here — discipline, not enforcement (_RUNBOOK-context-gauge.md § ★ Half 0b).
2026-09-27T10:05:00.1136598Z   ▫️  HONEST SKIP — memory-store checks (MEMORY.md pointers, memory-file fields): outside the repo, invisible to this gate. Session checks them by hand at ritual step 3 (D1a — unenforced by design).
2026-09-27T10:05:00.1137616Z   ▫️  #119 sweep re-checker (s186-D2, pass 6 P1): 21 frozen 'UNPROVEN by this sweep' status string(s) in `_rulings.json` — unchanged. Counted, never rewritten; refuses only on growth.
2026-09-27T10:05:00.1138224Z capture gate [wrap]: 0 in scope · 7 fail · 3 warn
2026-09-27T10:05:00.1139179Z   ⛔ STRUCTURAL GOOD-MORNING.md: no `pre-flight:` stamp — the handoff must carry the estimate the session was priced with (runbook § ★ Half 0b). Form (Dave #56, REAL TOKENS): `pre-flight: boot N (disk N measured · harness ~N est ±N) + job N est + wrap N est = N of 256,000 — BAND`
2026-09-27T10:05:00.1140113Z   ⛔ STRUCTURAL GOOD-MORNING.md: section marker(s) not found (DO-FIRST, §A, §C) — ritual step 2
2026-09-27T10:05:00.1141035Z   ⛔ STRUCTURAL boot-drift: notes/_GAUGE-LOG.md is MISSING — the boot band is DERIVED from that file (`s240-D1`), so with it absent there is no band and nothing to check. This is the #109 condition (a rule with no consumer), not a clean pass.
2026-09-27T10:05:00.1142122Z   ⛔ STRUCTURAL lane-routing: GM §C·1 eager ROUTING line MISSING (⛔ ROUTING) — externalised records without the eager pointer is the cold-session-defaults-onto-Apollo failure
2026-09-27T10:05:00.1143296Z   ⛔ STRUCTURAL TITLE GENERATION: no `knowledge/_gen_titles_receipt.json` found — `python3 knowledge/_gen_titles.py --session <N>` was not run this wrap. RENAME and NEXT-TITLE must be MECHANISED (#120 residual ⓪), never hand-authored prose.
2026-09-27T10:05:00.1144258Z   ▫️  heals-at-wrap: _LIVE-STATE.md: "Last refreshed" zone does not carry today (2026-07-27) — refresh it (ritual steps 1
2026-09-27T10:05:00.1144904Z   ▫️  heals-at-wrap: GOOD-MORNING.md: header date zone does not carry today (2026-07-27) — refresh it (ritual steps 1 / 2
2026-09-27T10:05:00.1145806Z rehearsal [wrap-gate, early]: 5 STRUCTURAL fail(s) — fix NOW, cheap · 2 heals-at-wrap (ritual steps 1/2) · 3 warn(s) (was 3 at the last logged run) (run --wrap for bodies) · logged → notes/_REHEARSAL-LOG.jsonl
2026-09-27T10:05:00.1146681Z capture gate [build]: 0 in scope · 0 fail · 0 warn
2026-09-27T10:05:00.1147151Z   ▫️  #82-D1 real tier UNSUPPRESSED for one probe: observed 'cl100k' (offline/absent — legal, and declared)
2026-09-27T10:05:11.8943484Z _governs: ⬛ DECLARED (#208) — ruling s202-D3 governs the BARE token `knowledge`, which is a real DIRECTORY. Before #208 it matched every path carrying a `knowledge` segment (the too-loose arm, and the reason the negative control and [13] were red); it now governs NOTHING. REACH LOST HERE. Remedy: name the files/symbols it really governs, via `_inscribe_ruling.py` — the only legal writer of _rulings.json. ⛔ That scope is Dave's call, not this gate's.
2026-09-27T10:05:11.8948056Z _governs: ⬛ DECLARED (#208) — ruling s217-D5 governs the BARE token `showroom`, which is a real DIRECTORY. Before #208 it matched every path carrying a `showroom` segment (the too-loose arm, and the reason the negative control and [13] were red); it now governs NOTHING. REACH LOST HERE. Remedy: name the files/symbols it really governs, via `_inscribe_ruling.py` — the only legal writer of _rulings.json. ⛔ That scope is Dave's call, not this gate's.
2026-09-27T10:05:11.8952116Z _governs: ⬛ DECLARED (#208) — ruling s237-D9 governs the BARE token `apollo-spider`, which is a real DIRECTORY. Before #208 it matched every path carrying a `apollo-spider` segment (the too-loose arm, and the reason the negative control and [13] were red); it now governs NOTHING. REACH LOST HERE. Remedy: name the files/symbols it really governs, via `_inscribe_ruling.py` — the only legal writer of _rulings.json. ⛔ That scope is Dave's call, not this gate's.
2026-09-27T10:05:11.8956316Z _governs: ⬛ DECLARED (#208) — ruling s238-D5 governs the BARE token `apollo-spider`, which is a real DIRECTORY. Before #208 it matched every path carrying a `apollo-spider` segment (the too-loose arm, and the reason the negative control and [13] were red); it now governs NOTHING. REACH LOST HERE. Remedy: name the files/symbols it really governs, via `_inscribe_ruling.py` — the only legal writer of _rulings.json. ⛔ That scope is Dave's call, not this gate's.
2026-09-27T10:05:11.8975442Z _governs: ⬛ DECLARED (#208) — 89 `governs` entr(ies) name a DIRECTORY with a path separator; they governed no file BEFORE #208 and govern none after (unchanged, pre-existing under-specification, not a #208 narrowing): dv-2px-separation→knowledge/snippets, opacity-primitives→knowledge/canon, opacity-primitives→knowledge/snippets, showroom-one-bar-chrome→knowledge/snippets/, showroom-one-bar-chrome→showroom/, snippets-pure-canon→knowledge/snippets/, opacity-primitives-4pct→knowledge/, ds-028→knowledge/snippets/, ds-030→knowledge/snippets/, ds-034→knowledge/snippets/, ds-035→knowledge/tokens/themes/, s114-D4→designer-skills-v1/, s114-D4→designer-skills-v2/, s114-D7→memento-package/, s135-D3→knowledge/components/, s193-D1→memento-package/, s198-D1→knowledge/tokens, s198-D2→knowledge/tokens, s199-D1→knowledge/tokens, s199-D2→knowledge/tokens, s199-D3→knowledge/tokens, s200-D1→knowledge/tokens, s200-D2→knowledge/tokens, s200-D3→knowledge/tokens, s200-D4→knowledge/tokens, s201-D1→knowledge/tokens, s201-D2→knowledge/tokens, s201-D3→knowledge/tokens, s201-D4→knowledge/tokens, s201-D5→knowledge/tokens, s202-D1→knowledge/tokens, s202-D2→knowledge/tokens, s216-D1→knowledge/tokens/themes, s217-D2→knowledge/canon, s217-D2→knowledge/tokens/themes, s217-D3→knowledge/canon, s217-D5→knowledge/canon, s219-D4→designer-skills-v1/, s219-D4→designer-skills-v2/, s219-D4→memento-package/, s219-D5→knowledge/_release/, s219-D6→knowledge/_release/, s219-D7→knowledge/_release/, s219-D7→memento-package/, s219-D8→knowledge/_release/, s219-D9→knowledge/_release/, s219-D9→apollo-spider/, s219-D10→knowledge/_release/, s219-D10→apollo-spider/, s237-D7→notes/_briefs, s245-D1→knowledge/components/, s245-D3→knowledge/components/, s245-D4→knowledge/components/, s245-D5→knowledge/components/, s245-D10→knowledge/tokens, s251-D3→knowledge/components/, s251-D4→knowledge/components/, s251-D5→knowledge/components/, s251-D6→knowledge/components/, s251-D7→knowledge/components/, s251-D8→knowledge/components/, s251-D9→knowledge/components/, s251-D10→knowledge/components/, s251-D11→knowledge/components/, s251-D12→knowledge/components/, s260-D3→knowledge/_tests/chart-engine/, s261-D1→knowledge/snippets/, s261-D1→apollo-spider/, s261-D8→showroom/, s261-D8→reviews/, s268-D1→apollo-spider/dist/, s268-D2→apollo-spider/dist/, s268-D3→apollo-spider/dist/, s268-D4→apollo-spider/dist/, s268-D6→knowledge/components/, s273-D1→knowledge/components, s273-D2→knowledge/components, s276-D1→knowledge/compliance/rules, s276-D2→knowledge/compliance/rules, s277-D4→knowledge/assets/logos/, s277-D5→knowledge/components/, s277-D7→knowledge/assets/logos/, s277-D9→knowledge/guidelines/, s277-D10→designer-skills-v2/, s277-D12→knowledge/tokens/, s278-D1→designer-skills-v2/, s279-D1→designer-skills-v2/, s279-D1→knowledge/_release/, s282-D4→knowledge/assets/logos/
2026-09-27T10:05:11.8990700Z _governs: COULD-NOT-ASK — ruling ds-034's evidence `outputs/_FINDING-canon-pri-hover-brand-mono-fork-2026-08-06-v1.md` is excluded by this repo's own .gitignore — no checkout can hold it, so whether it has rotted is UNASKABLE here; the machine that wrote it is where that question has an answer
2026-09-27T10:05:11.8993455Z _governs: COULD-NOT-ASK — ruling ds-034's evidence `outputs/_PARTITION-button-primary-2026-08-06-v1.md` is excluded by this repo's own .gitignore — no checkout can hold it, so whether it has rotted is UNASKABLE here; the machine that wrote it is where that question has an answer
2026-09-27T10:05:11.8996340Z _governs: COULD-NOT-ASK — ruling ds-035's evidence `outputs/_FINDING-canon-pri-hover-brand-mono-fork-2026-08-06-v1.md` is excluded by this repo's own .gitignore — no checkout can hold it, so whether it has rotted is UNASKABLE here; the machine that wrote it is where that question has an answer
2026-09-27T10:05:11.8998243Z _governs: SKIPPED anchor on superseded ruling s129-D1 (superseded_by s171-D1): `knowledge/_gauge_tokens.py#BOOT_FIRSTTURN_TK = 54_859`
2026-09-27T10:05:11.8999374Z _governs: SKIPPED anchor on superseded ruling s129-D1 (superseded_by s171-D1): `knowledge/_gauge_tokens.py#RE-BASED #129, 2026-08-08`
2026-09-27T10:05:11.9000494Z _governs: SKIPPED anchor on superseded ruling s129-D1 (superseded_by s171-D1): `knowledge/_capture_gate.py#if "boot" not in ln.lower():`
2026-09-27T10:05:11.9001596Z _governs: SKIPPED anchor on superseded ruling s129-D1 (superseded_by s171-D1): `notes/_GAUGE-LOG.md##### 2026-08-08 #129`
2026-09-27T10:05:11.9002716Z _governs: SKIPPED anchor on superseded ruling s129-D1 (superseded_by s171-D1): `notes/_MEMENTO-DECISIONS.md#THE BOOT FLOOR IS RE-BASED: 75,899`
2026-09-27T10:05:11.9004712Z _governs: COULD-NOT-ASK — ruling s245-D6's evidence `knowledge/_tmp/l3-245/rename-plan.json` is excluded by this repo's own .gitignore — no checkout can hold it, so whether it has rotted is UNASKABLE here; the machine that wrote it is where that question has an answer
2026-09-27T10:05:11.9005904Z 
2026-09-27T10:05:11.9006136Z -- index freshness (#32) --
2026-09-27T10:05:11.9006681Z [OK] index-freshness: FRESH index passes and reports it (the detectable-when-present half)
2026-09-27T10:05:11.9007419Z [OK] index-freshness: STALE index fails — the #32 defect itself
2026-09-27T10:05:11.9007876Z [OK] index-freshness: ABSENT index fails
2026-09-27T10:05:11.9008449Z [OK] index-freshness: corpus REFUSAL fails and names the offending source (the #30 case)
2026-09-27T10:05:11.9009134Z 
2026-09-27T10:05:11.9009275Z -- rulings page freshness (s263-D10) --
2026-09-27T10:05:11.9009896Z [OK] rulings-freshness: no _rulings.json ⇒ SKIPPED out loud and declared NOT a pass
2026-09-27T10:05:11.9010516Z [OK] rulings-freshness: a never-generated _RULINGS.html FAILS
2026-09-27T10:05:11.9011190Z [OK] rulings-freshness: a FRESH page passes AND reports FRESH (the detectable-when-present half)
2026-09-27T10:05:11.9012029Z [OK] rulings-freshness: a page STALE against the store FAILS, and the failure names the fix command
2026-09-27T10:05:11.9012506Z 
2026-09-27T10:05:11.9012647Z -- stale-top-item fence (s161-D4, #161) --
2026-09-27T10:05:11.9013704Z [OK] stale-top: STALE_TOP_BLOCKING pin is True (BLOCKING at birth, s161-D4 — a flip must land WITH its ruled demotion and edit this pin in the same edit; the M10 pattern)
2026-09-27T10:05:11.9014657Z [OK] stale-top: the REAL #160 claim FAILS (the defect itself)
2026-09-27T10:05:11.9015153Z [OK] stale-top: the fail quotes the CLAIMING LINE verbatim
2026-09-27T10:05:11.9015791Z [OK] stale-top: the fail quotes the STORE's status verbatim
2026-09-27T10:05:11.9016544Z [OK] stale-top: it fires once per surface — GM and the chain both scanned
2026-09-27T10:05:11.9017218Z [OK] stale-top: the note reports the measurement (lines scanned + window), never a remedy
2026-09-27T10:05:11.9018353Z [OK] stale-top: MUTATION: with the owed vocabulary emptied the RED fixture PASSES — the bite above is THIS check's, not some other check's
2026-09-27T10:05:11.9019275Z [OK] stale-top: GREEN: an owed claim on a ruling the store calls NOT ENACTED passes
2026-09-27T10:05:11.9020006Z [OK] stale-top: USE vs MENTION: an owed-shaped clause that cites its own enactment is EXEMPT
2026-09-27T10:05:11.9020789Z [OK] stale-top: SCOPE: the identical sentence in a narrative line is NOT scanned (#77's lesson)
2026-09-27T10:05:11.9021596Z [OK] stale-top: an absent store is UNMEASURED and SAYS SO — never silently green
2026-09-27T10:05:11.9022298Z     ✓ generates against the live repo (no refusal on a healthy tree)
2026-09-27T10:05:11.9022942Z     ✓ carries the GM header+LATEST term VERBATIM (not a summary of it)
2026-09-27T10:05:17.5926621Z ⚠ DUPLICATE HEADING: gm-archive:2b-wave-1-rulings-1-7-unchanged-rule-with-the-above at _GM-ARCHIVE.md:5564 and _GM-ARCHIVE.md:6644
2026-09-27T10:05:17.5928198Z ⚠ DUPLICATE HEADING: gm-archive:3-the-standing-eyeball-set-non-blocking-your-foundations-fir at _GM-ARCHIVE.md:5586 and _GM-ARCHIVE.md:6667
2026-09-27T10:05:17.5929730Z ⚠ DUPLICATE HEADING: gm-archive:4b-queued-button-states-finesse-pass-dave-2026-07-22-not-now at _GM-ARCHIVE.md:5548 and _GM-ARCHIVE.md:6741
2026-09-27T10:05:17.5930934Z ⚠ DUPLICATE HEADING: gm-archive:5-parked-unchanged at _GM-ARCHIVE.md:5559 and _GM-ARCHIVE.md:6752
2026-09-27T10:05:17.5932284Z ⚠ DUPLICATE HEADING: ls-archive:prior-delta-2026-07-26-sun-evening-opus-solo-self-conducting at _LIVE-STATE-ARCHIVE.md:5425 and _LIVE-STATE-ARCHIVE.md:5440
2026-09-27T10:05:17.5933815Z ⚠ DUPLICATE HEADING: component:icon-button at knowledge/_proforma/icon-button.meta.json:1 and knowledge/components/icon-button.meta.json:1
2026-09-27T10:05:17.9942647Z     ✓ carries the LS ⏱ LATEST delta VERBATIM
2026-09-27T10:05:17.9943763Z     ✓ is materially smaller than GOOD-MORNING.md (7,690 vs 34,136 tape (cl100k ESTIMATE), 22.5% of it, floor <40%; tier measured, not assumed: tiktoken cl100k_base)
2026-09-27T10:05:17.9944790Z     ✓ BOTH SIDES OF THE RATIO ARE ON ONE MEASURER — chain `tiktoken cl100k_base` vs GOOD-MORNING `tiktoken cl100k_base`, so the percentage above has a unit
2026-09-27T10:05:17.9945409Z     ✓ STAMP IS EXACT — the published figure equals this file's own measured size
2026-09-27T10:05:17.9946119Z     ✓ published figure is the FILE, not the slice — the two differ and the file is bigger
2026-09-27T10:05:17.9946789Z     ✓ footer NAMES THE UNIT — a bare token count is a defect (ds-021)
2026-09-27T10:05:17.9947181Z     ✓ says GENERATED / DO-NOT-HAND-EDIT at the very top (line 1)
2026-09-27T10:05:17.9947802Z     ✓ tells the reader NOT to open GOOD-MORNING.md to check
2026-09-27T10:05:17.9948126Z     ✓ names retrieval as the door for everything else
2026-09-27T10:05:17.9948482Z     ✓ the {{BUILD_VERDICT}} marker NEVER leaks into the chain unrendered
2026-09-27T10:05:17.9948902Z     ✓ BUILD-STEP FIGURE IS RE-DERIVED AND MATCHES DISK (152 steps, measured now)
2026-09-27T10:05:17.9949384Z     ✓ the plant planted — a verdict figure was moved off disk (else the next bite is vacuous)
2026-09-27T10:05:17.9949867Z     ✓ a WRONG verdict figure is CAUGHT even with the true count elsewhere in the file
2026-09-27T10:05:17.9950243Z     ✓ step labels are 1:1 with rows (no duplicates)
2026-09-27T10:05:17.9950583Z     ✓ with NO run record the line says the green count is NOT DERIVABLE
2026-09-27T10:05:17.9950985Z     ✓ …and it names the remedy instead of a number (`_build_survey.py`)
2026-09-27T10:05:17.9951392Z     ✓ …and it re-stamps NOTHING — the old pinned 75-of-N form cannot reappear
2026-09-27T10:05:17.9952052Z     ✓ …and it names BOTH rulings, so the next session cannot 'helpfully' type it
2026-09-27T10:05:17.9952490Z     ✓ with a record the GREEN COUNT IS THE RUN'S, not len(STEPS) at a pinned sha
2026-09-27T10:05:17.9952915Z     ✓ a run of the SAME-sized build declares no size difference (no false alarm)
2026-09-27T10:05:17.9953317Z     ✓ a run of a SMALLER build: the total is STILL disk's, never the run's
2026-09-27T10:05:17.9953691Z     ✓ …and the size difference is DECLARED, naming both counts
2026-09-27T10:05:17.9954066Z     ✓ …and the steps the run never saw are counted in NO record, never green
2026-09-27T10:05:17.9954486Z     ✓ a run of a LARGER build: total is disk's and the vanished steps are DECLARED
2026-09-27T10:05:17.9954956Z     ✓ the run's sha and date are published beside it (an unattributed verdict is not a verdict)
2026-09-27T10:05:17.9955430Z     ✓ a stale record DECLARES itself against HEAD rather than passing as current
2026-09-27T10:05:17.9955826Z     ✓ steps in NO record are called out — never asked is never green
2026-09-27T10:05:17.9956387Z     ✓ the #62 clause SURVIVES as its own fact, generated from its own AST
2026-09-27T10:05:17.9956781Z     ✓ an absent STEPS assignment REFUSES BY NAME (never returns a count)
2026-09-27T10:05:17.9957176Z     ✓ a NON-LITERAL STEPS refuses rather than counting something else
2026-09-27T10:05:17.9957593Z     ✓ TITLE BLOCK IS FIRST — above the verbatim GM slice (position was the defect)
2026-09-27T10:05:17.9958009Z     ✓ DETERMINISTIC — two builds of an unchanged tree are byte-identical
2026-09-27T10:05:17.9958849Z   ✅ _CHAIN.md: 7,629 tiktoken cl100k_base · GM header+LATEST 4984 tk · LS LATEST delta only (of 36 delta lines) 1798 tk · FILE 7,629 tiktoken cl100k_base = slice 6,782 + wrapper 847 · fixed point in 2 pass(es)
2026-09-27T10:05:17.9959941Z   ✅ _CHAIN.md is FRESH — byte-matches the live chain · GM header+LATEST 4984 tk · LS LATEST delta only (of 36 delta lines) 1798 tk · FILE 7,629 tiktoken cl100k_base = slice 6,782 + wrapper 847 · fixed point in 2 pass(es)
2026-09-27T10:05:17.9962135Z     ✓ --check PASSES on a freshly generated file
2026-09-27T10:05:17.9962980Z   ✅ _CHAIN.md: 7,754 tiktoken cl100k_base · GM header+LATEST 5109 tk · LS LATEST delta only (of 36 delta lines) 1798 tk · FILE 7,754 tiktoken cl100k_base = slice 6,907 + wrapper 847 · fixed point in 2 pass(es)
2026-09-27T10:05:17.9963806Z     ✓ the fixture really was generated at another sha (a plant that did not plant would make every bite below vacuous)
2026-09-27T10:05:17.9964503Z     ✓ the fixture DIFFERS from a fresh render — i.e. the old byte comparison WOULD have called this stale, which is the defect being fixed
2026-09-27T10:05:17.9965189Z     ✓ --check is GREEN on a HEAD-ONLY advance — the chain's own content still matches GOOD-MORNING.md / _LIVE-STATE.md
2026-09-27T10:05:17.9965811Z     ✓ and it SAYS SO, naming BOTH shas — the honest comparison stays visible rather than being normalised into silence
2026-09-27T10:05:17.9966698Z     ✓ a HEAD-only advance is NEVER called FRESH without the qualifier (a bare FRESH would claim the file matches a fresh render, which it does not)
2026-09-27T10:05:17.9967547Z     ✓ REAL content staleness is STILL RED even when HEAD has also advanced — the re-ask does not launder drift
2026-09-27T10:05:17.9968078Z     ✓ and it is called STALE, not could-not-ask — real drift is a content verdict
2026-09-27T10:05:17.9968507Z     ✓ a PRE-SET head pin makes --check REFUSE (could-not-ask), never pass
2026-09-27T10:05:17.9969034Z     ✓ the environment refusal does NOT call it STALE either — it is a measurement refusal, not a content verdict
2026-09-27T10:05:17.9970282Z   ✅ _CHAIN.md: 7,754 tiktoken cl100k_base · GM header+LATEST 5109 tk · LS LATEST delta only (of 36 delta lines) 1798 tk · FILE 7,754 tiktoken cl100k_base = slice 6,907 + wrapper 847 · fixed point in 2 pass(es)
2026-09-27T10:05:17.9972055Z   ✅ _CHAIN.md is FRESH — byte-matches the live chain · GM header+LATEST 5109 tk · LS LATEST delta only (of 36 delta lines) 1798 tk · FILE 7,754 tiktoken cl100k_base = slice 6,907 + wrapper 847 · fixed point in 2 pass(es)
2026-09-27T10:05:17.9973444Z     ✓ tree restored — the SAME fresh tree reports FRESH again, unharmed by the arms above
2026-09-27T10:05:17.9974214Z     ✓ --check on a degraded instrument still exits non-zero (refuses, not a silent pass)
2026-09-27T10:05:17.9975204Z     ✓ --check's message does NOT call it STALE — that misnames a measurement problem as a content problem (the #58 defect, reproduced here)
2026-09-27T10:05:17.9976240Z     ✓ --check's message names the DEGRADED INSTRUMENT so the cause is legible
2026-09-27T10:05:17.9977536Z   ✅ _CHAIN.md is FRESH — byte-matches the live chain · GM header+LATEST 5109 tk · LS LATEST delta only (of 36 delta lines) 1798 tk · FILE 7,754 tiktoken cl100k_base = slice 6,907 + wrapper 847 · fixed point in 2 pass(es)
2026-09-27T10:05:17.9978722Z     ✓ instrument restored — the SAME fresh tree reports FRESH again, unharmed
2026-09-27T10:05:17.9979769Z     ✓ the freshly written chain carries a READABLE unit stamp (the clause has something to compare — an unreadable stamp would make the arm below vacuous)
2026-09-27T10:05:17.9980939Z     ✓ the stamp mutation actually changed the file (a plant that did not plant would make every bite below an assertion)
2026-09-27T10:05:17.9981716Z     ✓ stamped_tier() reads the MUTATED stamp back as the other tier
2026-09-27T10:05:17.9982358Z     ✓ --check on a tier divergence exits non-zero (refuses, never a silent pass)
2026-09-27T10:05:17.9982989Z     ✓ --check exits the COULD-NOT-ASK code (77), not the failure code
2026-09-27T10:05:17.9983459Z     ✓ --check calls it COULD-NOT-ASK
2026-09-27T10:05:17.9983966Z     ✓ the refusal's first marked line is machine-readable by `cna.reason_in`
2026-09-27T10:05:17.9984903Z     ✓ --check does NOT call it STALE — a tier divergence is a measurement problem and naming it staleness is the #173 defect, reproduced here
2026-09-27T10:05:17.9996239Z     ✓ the refusal NAMES BOTH TIERS, so a reader can see which two instruments disagreed rather than being handed a shrug
2026-09-27T10:05:17.9997186Z     ✓ --check on an UNREADABLE stamp refuses with the convention's code
2026-09-27T10:05:17.9997776Z     ✓ --check calls an unreadable stamp COULD-NOT-ASK, not STALE
2026-09-27T10:05:17.9999026Z   ✅ _CHAIN.md is FRESH — byte-matches the live chain · GM header+LATEST 5109 tk · LS LATEST delta only (of 36 delta lines) 1798 tk · FILE 7,754 tiktoken cl100k_base = slice 6,907 + wrapper 847 · fixed point in 2 pass(es)
2026-09-27T10:05:18.0000346Z     ✓ stamp restored — the SAME tree reports FRESH again, so the clause does not false-fire on an agreeing stamp
2026-09-27T10:05:18.0001855Z   ✗ _CHAIN.md is STALE — it does not match GOOD-MORNING.md / _LIVE-STATE.md as they now stand, so a cold session would read a PREVIOUS session's record as if it were current. Run `python3 knowledge/_gen_chain.py` and stage the result.
2026-09-27T10:05:18.0003068Z     ✓ --check FAILS on a hand-edited file (the stale-record class)
2026-09-27T10:05:18.0004066Z     ✓ and that failure is a FAILURE, not a refusal — a real staleness on the reachable tier still exits 1, so the COULD-NOT-ASK path did not swallow the gate
2026-09-27T10:05:18.0005220Z   ✗ _CHAIN.md is MISSING — run `python3 knowledge/_gen_chain.py` and stage it
2026-09-27T10:05:18.0005775Z     ✓ --check FAILS when the file is missing entirely
2026-09-27T10:05:18.0006583Z     ✓ REFUSES a STALE title (title #N == ★ LATEST #N, the skipped-mint state)
2026-09-27T10:05:18.0007236Z     ✓ REFUSES (with a reason) when GM has no ★ LATEST banner — no cheerful blank
2026-09-27T10:05:18.0007754Z   ✅ _gen_chain selftest: all bites pass
2026-09-27T10:05:18.0009208Z   ⛔ STRUCTURAL GOOD-MORNING.md: no `pre-flight:` stamp — the handoff must carry the estimate the session was priced with (runbook § ★ Half 0b). Form (Dave #56, REAL TOKENS): `pre-flight: boot N (disk N measured · harness ~N est ±N) + job N est + wrap N est = N of 256,000 — BAND`
2026-09-27T10:05:18.0010706Z   ⛔ STRUCTURAL GOOD-MORNING.md: section marker(s) not found (DO-FIRST, §A, §C) — ritual step 2
2026-09-27T10:05:18.2323760Z ⚠ DUPLICATE HEADING: gm-archive:2b-wave-1-rulings-1-7-unchanged-rule-with-the-above at _GM-ARCHIVE.md:5564 and _GM-ARCHIVE.md:6644
2026-09-27T10:05:18.2325418Z ⚠ DUPLICATE HEADING: gm-archive:3-the-standing-eyeball-set-non-blocking-your-foundations-fir at _GM-ARCHIVE.md:5586 and _GM-ARCHIVE.md:6667
2026-09-27T10:05:18.2327160Z ⚠ DUPLICATE HEADING: gm-archive:4b-queued-button-states-finesse-pass-dave-2026-07-22-not-now at _GM-ARCHIVE.md:5548 and _GM-ARCHIVE.md:6741
2026-09-27T10:05:18.2328355Z ⚠ DUPLICATE HEADING: gm-archive:5-parked-unchanged at _GM-ARCHIVE.md:5559 and _GM-ARCHIVE.md:6752
2026-09-27T10:05:18.2329701Z ⚠ DUPLICATE HEADING: ls-archive:prior-delta-2026-07-26-sun-evening-opus-solo-self-conducting at _LIVE-STATE-ARCHIVE.md:5425 and _LIVE-STATE-ARCHIVE.md:5440
2026-09-27T10:05:18.2331107Z ⚠ DUPLICATE HEADING: component:icon-button at knowledge/_proforma/icon-button.meta.json:1 and knowledge/components/icon-button.meta.json:1
2026-09-27T10:05:18.8870123Z ⚠ DUPLICATE HEADING: gm-archive:2b-wave-1-rulings-1-7-unchanged-rule-with-the-above at _GM-ARCHIVE.md:5564 and _GM-ARCHIVE.md:6644
2026-09-27T10:05:18.8871625Z ⚠ DUPLICATE HEADING: gm-archive:3-the-standing-eyeball-set-non-blocking-your-foundations-fir at _GM-ARCHIVE.md:5586 and _GM-ARCHIVE.md:6667
2026-09-27T10:05:18.8873084Z ⚠ DUPLICATE HEADING: gm-archive:4b-queued-button-states-finesse-pass-dave-2026-07-22-not-now at _GM-ARCHIVE.md:5548 and _GM-ARCHIVE.md:6741
2026-09-27T10:05:18.8874233Z ⚠ DUPLICATE HEADING: gm-archive:5-parked-unchanged at _GM-ARCHIVE.md:5559 and _GM-ARCHIVE.md:6752
2026-09-27T10:05:18.8875533Z ⚠ DUPLICATE HEADING: ls-archive:prior-delta-2026-07-26-sun-evening-opus-solo-self-conducting at _LIVE-STATE-ARCHIVE.md:5425 and _LIVE-STATE-ARCHIVE.md:5440
2026-09-27T10:05:18.8876653Z ⚠ DUPLICATE HEADING: component:icon-button at knowledge/_proforma/icon-button.meta.json:1 and knowledge/components/icon-button.meta.json:1
2026-09-27T10:05:19.3558936Z   ⛔ STRUCTURAL boot-drift: notes/_GAUGE-LOG.md is MISSING — the boot band is DERIVED from that file (`s240-D1`), so with it absent there is no band and nothing to check. This is the #109 condition (a rule with no consumer), not a clean pass.
2026-09-27T10:05:19.3560899Z   ⛔ STRUCTURAL lane-routing: GM §C·1 eager ROUTING line MISSING (⛔ ROUTING) — externalised records without the eager pointer is the cold-session-defaults-onto-Apollo failure
2026-09-27T10:05:19.3562117Z   ⛔ STRUCTURAL TITLE GENERATION: no `knowledge/_gen_titles_receipt.json` found — `python3 knowledge/_gen_titles.py --session <N>` was not run this wrap. RENAME and NEXT-TITLE must be MECHANISED (#120 residual ⓪), never hand-authored prose.
2026-09-27T10:05:19.3563084Z   ▫️  heals-at-wrap: _LIVE-STATE.md: "Last refreshed" zone does not carry today (2026-07-27) — refresh it (ritual steps 1
2026-09-27T10:05:19.3563763Z   ▫️  heals-at-wrap: GOOD-MORNING.md: header date zone does not carry today (2026-07-27) — refresh it (ritual steps 1 / 2
2026-09-27T10:05:19.3564799Z rehearsal [wrap-gate, early]: 5 STRUCTURAL fail(s) — fix NOW, cheap · 2 heals-at-wrap (ritual steps 1/2) · 3 warn(s) (run --wrap for bodies) · logged → notes/_REHEARSAL-LOG.jsonl
2026-09-27T10:05:19.3566246Z   ❌ FAIL GOOD-MORNING.md: no `pre-flight:` stamp — the handoff must carry the estimate the session was priced with (runbook § ★ Half 0b). Form (Dave #56, REAL TOKENS): `pre-flight: boot N (disk N measured · harness ~N est ±N) + job N est + wrap N est = N of 256,000 — BAND`
2026-09-27T10:05:19.3567160Z   ❌ FAIL GOOD-MORNING.md: section marker(s) not found (DO-FIRST, §A, §C) — ritual step 2
2026-09-27T10:05:19.3568041Z   ❌ FAIL boot-drift: notes/_GAUGE-LOG.md is MISSING — the boot band is DERIVED from that file (`s240-D1`), so with it absent there is no band and nothing to check. This is the #109 condition (a rule with no consumer), not a clean pass.
2026-09-27T10:05:19.3569075Z   ❌ FAIL lane-routing: GM §C·1 eager ROUTING line MISSING (⛔ ROUTING) — externalised records without the eager pointer is the cold-session-defaults-onto-Apollo failure
2026-09-27T10:05:19.3570192Z   ❌ FAIL TITLE GENERATION: no `knowledge/_gen_titles_receipt.json` found — `python3 knowledge/_gen_titles.py --session <N>` was not run this wrap. RENAME and NEXT-TITLE must be MECHANISED (#120 residual ⓪), never hand-authored prose.
2026-09-27T10:05:19.3571142Z   ❌ FAIL _LIVE-STATE.md: "Last refreshed" zone does not carry today (2026-07-27) — refresh it (ritual steps 1 / 2) before closing
2026-09-27T10:05:19.3571805Z   ❌ FAIL GOOD-MORNING.md: header date zone does not carry today (2026-07-27) — refresh it (ritual steps 1 / 2) before closing
2026-09-27T10:05:19.3573789Z   ⚠️  WARNS 3 UNCHANGED warn(s) since the rehearse record of 2026-07-27 — NAMED, bodies suppressed (`s241-D2`); run `python3 knowledge/_capture_gate.py --wrap --warns-full` for the bodies: B2 PLAN BLOCK check SKIPPED — no `_CHAIN.md` under /tmp/ · ⛔ INSTRUMENT-STRAY GATE DID NOT RUN for `knowledge/asset · SHARED HELPER: the dedup comparer DID NOT RUN — `git ls-
2026-09-27T10:05:19.3575108Z   ▫️  s263-D10 RULINGS PAGE check SKIPPED — no `knowledge/_rulings.json` under /tmp/tmpxcls8o33, so this is not a state tree. NOT a pass.
2026-09-27T10:05:19.3575835Z   ▫️  REGISTER↔STORE JOIN SKIPPED — register not present under /tmp/tmpxcls8o33. NOT a pass: the join was not made here.
2026-09-27T10:05:19.3576879Z   ▫️  REGEN SERIAL SKIPPED — the serial's own home is unreadable (no `knowledge/_build_all.py` under this tree). NOT a pass: the ordered set was never read, so nothing was compared.
2026-09-27T10:05:19.3577737Z   ▫️  FILED SUB-REPORTS: no `notes/_subreports/` under /tmp/tmpxcls8o33 — nothing filed here, so nothing to cite. NOT a pass: the check did not run.
2026-09-27T10:05:19.3578467Z   ▫️  FILED SUB-REPORT LINES: no `notes/_subreports/` under /tmp/tmpxcls8o33 — nothing filed here. NOT a pass: the check did not run.
2026-09-27T10:05:19.3579001Z   ▫️  · no `_to_delete/` in this tree — nothing held, nothing to age.
2026-09-27T10:05:19.3580015Z   ▫️  memory-cap: DID NOT RUN — no Cowork mount matched /sessions/*/mnt and no --path was given — the auto-memory index lives OUTSIDE this repo, so on a non-Cowork tree there is genuinely nothing to grade. This is UNKNOWN, not a pass: the auto-memory index is a Cowork surface outside this repo.
2026-09-27T10:05:19.3580970Z   ▫️  section-usage: strata marker absent — probe skipped (honest skip, not a pass)
2026-09-27T10:05:19.3581444Z   ▫️  usage-history: no testimony found — UNMEASURED, not assumed clean.
2026-09-27T10:05:19.3581885Z   ▫️  consult-receipts: strata marker absent — probe skipped (honest skip, not a pass)
2026-09-27T10:05:19.3582451Z   ▫️  retrieval index: FRESH — 2333 records byte-match the live corpus, so retrieval-first quotes this session's truth.
2026-09-27T10:05:19.3583182Z   ▫️  s295-D2 ENACTED-SHA check SKIPPED — no `knowledge/_rulings.json` in this tree. A fixture tree is not a state the rule has an opinion about.
2026-09-27T10:05:19.3584845Z   ▫️  hook re-check (`s271-D4`): DECLARED SKIP — no Cowork mount matched /sessions/*/mnt and no --path was given — the auto-memory index lives OUTSIDE this repo, so on a non-Cowork tree there is genuinely nothing to grade. The memory store lives OUTSIDE this repo (a Cowork surface); on a tree without it there is genuinely nothing to re-read. This is UNKNOWN, never a pass. Pass an explicit hook path to drive it.
2026-09-27T10:05:19.3586300Z   ▫️  ds-022 continuity: no _GAUGE-LOG.md or no GOOD-MORNING.md — UNMEASURED, not assumed clean.
2026-09-27T10:05:19.3586774Z   ▫️  subs-line: no notes/_GAUGE-LOG.md — UNMEASURED, not assumed clean.
2026-09-27T10:05:19.3587226Z   ▫️  stop-line: knowledge/_RUNBOOK-context-gauge.md absent — UNMEASURED, not passed.
2026-09-27T10:05:19.3587702Z   ▫️  stop-line: knowledge/_RUNBOOK-capture-ritual.md absent — UNMEASURED, not passed.
2026-09-27T10:05:19.3588240Z   ▫️  ds-023 stop line: STATED in all 2 trigger homes (reconciled #54 — the runbook used to contradict itself).
2026-09-27T10:05:19.3588920Z   ▫️  ds-022 (d) unkeyed: no notes/_GAUGE-LOG.md — UNMEASURED, not assumed clean. (An absent file is not a clean file; the M10 refusal pattern.)
2026-09-27T10:05:19.3589697Z   ▫️  roll-claim check: no ★ LATEST banner found — UNMEASURED (a different check already fails the wrap for this state; not re-raised here).
2026-09-27T10:05:19.3590621Z   ▫️  stale-top-item fence: `knowledge/_rulings.json` UNREADABLE (knowledge/_rulings.json does not exist) — the fence is UNMEASURED this wrap. That is NOT the same as 'no owed claim is contradicted'.
2026-09-27T10:05:19.3591637Z   ▫️  2c carry gate: no ★ LATEST + ★ PRIOR pair found — UNMEASURED. ⛔ Not a pass: with one banner there is nothing to carry FROM, and the banner structure itself is graded by other checks.
2026-09-27T10:05:19.3593059Z   ▫️  PRE-FLIGHT stamp: graded in REAL TOKENS (Dave #56 — amber 160,000 · working 256,000 · hard 300,000); the % band's enforcement was RETIRED #74-D3 (history: ledger § #36, runbook ds-023). Whether the fill figure is HONEST is still not observable here — and the wrap term is RING-FENCED at any mid-session re-price (#74-D2, runbook § Half 0b (a′)).
2026-09-27T10:05:19.3594539Z   ▫️  PRE-FLIGHT stamp: FORM checked only. Whether the fill figure is honest, and whether a mid-job re-price actually happened, are NOT observable here — discipline, not enforcement (_RUNBOOK-context-gauge.md § ★ Half 0b).
2026-09-27T10:05:19.3595652Z   ▫️  HONEST SKIP — memory-store checks (MEMORY.md pointers, memory-file fields): outside the repo, invisible to this gate. Session checks them by hand at ritual step 3 (D1a — unenforced by design).
2026-09-27T10:05:19.3596729Z   ▫️  #119 sweep re-checker (s186-D2, pass 6 P1): 21 frozen 'UNPROVEN by this sweep' status string(s) in `_rulings.json` — unchanged. Counted, never rewritten; refuses only on growth.
2026-09-27T10:05:19.3597320Z capture gate [wrap]: 0 in scope · 7 fail · 3 warn
2026-09-27T10:05:19.3597867Z   ❌ FAIL notes/2026-07-26-bad-date.md: `provenance:` carries no parseable YYYY-MM-DD date (take it from `date`, never from belief — T-D12)
2026-09-27T10:05:19.3598592Z   ❌ FAIL notes/2026-07-26-missing-status.md: missing `status:` line (vocab: floated | inferred | observed | ruled | standing)
2026-09-27T10:05:19.3599324Z   ❌ FAIL notes/2026-07-26-ruled-no-pointer.md: `status: ruled` names no ledger — promotion is Dave's alone and must point at its ledger/ADR entry
2026-09-27T10:05:19.3600023Z   ❌ FAIL notes/2026-07-26-unknown-status.md: unknown status `vibes` (vocab: floated | inferred | observed | ruled | standing)
2026-09-27T10:05:19.3600483Z capture gate [build]: 5 in scope · 4 fail · 0 warn
2026-09-27T10:05:19.3601007Z   ❌ FAIL notes/2026-07-26-bad-date.md: `provenance:` carries no parseable YYYY-MM-DD date (take it from `date`, never from belief — T-D12)
2026-09-27T10:05:19.3601690Z   ❌ FAIL notes/2026-07-26-missing-status.md: missing `status:` line (vocab: floated | inferred | observed | ruled | standing)
2026-09-27T10:05:19.3602402Z   ❌ FAIL notes/2026-07-26-ruled-no-pointer.md: `status: ruled` names no ledger — promotion is Dave's alone and must point at its ledger/ADR entry
2026-09-27T10:05:19.3603223Z   ❌ FAIL notes/2026-07-26-unknown-status.md: unknown status `vibes` (vocab: floated | inferred | observed | ruled | standing)
2026-09-27T10:05:19.3604066Z   ⚠️  WARN B2 PLAN BLOCK check SKIPPED — no `_CHAIN.md` under /tmp/tmpj0rw0f4w, so this is not a state tree. NOT a pass: the seam was not graded here.
2026-09-27T10:05:19.3604909Z   ⚠️  WARN ⛔ INSTRUMENT-STRAY GATE DID NOT RUN for `knowledge/assets` (git exit 128: fatal: not a git repository (or any of the parent directories): .git) — UNKNOWN, not clean.
2026-09-27T10:05:19.3605752Z   ⚠️  WARN SHARED HELPER: the dedup comparer DID NOT RUN — `git ls-files` could not answer under /tmp/tmpj0rw0f4w. UNKNOWN, not a single implementation.
2026-09-27T10:05:19.3606626Z   ▫️  s263-D10 RULINGS PAGE check SKIPPED — no `knowledge/_rulings.json` under /tmp/tmpj0rw0f4w, so this is not a state tree. NOT a pass.
2026-09-27T10:05:19.3607326Z   ▫️  REGISTER↔STORE JOIN SKIPPED — register not present under /tmp/tmpj0rw0f4w. NOT a pass: the join was not made here.
2026-09-27T10:05:19.3608169Z   ▫️  REGEN SERIAL SKIPPED — the serial's own home is unreadable (no `knowledge/_build_all.py` under this tree). NOT a pass: the ordered set was never read, so nothing was compared.
2026-09-27T10:05:19.3609035Z   ▫️  FILED SUB-REPORTS: no `notes/_subreports/` under /tmp/tmpj0rw0f4w — nothing filed here, so nothing to cite. NOT a pass: the check did not run.
2026-09-27T10:05:19.3609767Z   ▫️  FILED SUB-REPORT LINES: no `notes/_subreports/` under /tmp/tmpj0rw0f4w — nothing filed here. NOT a pass: the check did not run.
2026-09-27T10:05:19.3610287Z   ▫️  · no `_to_delete/` in this tree — nothing held, nothing to age.
2026-09-27T10:05:19.3611291Z   ▫️  memory-cap: DID NOT RUN — no Cowork mount matched /sessions/*/mnt and no --path was given — the auto-memory index lives OUTSIDE this repo, so on a non-Cowork tree there is genuinely nothing to grade. This is UNKNOWN, not a pass: the auto-memory index is a Cowork surface outside this repo.
2026-09-27T10:05:19.3612492Z   ▫️  LANE WRAP (--lane, S-D2): GOOD-MORNING header check SKIPPED — lane sessions are ruled outside the GM queue; _LIVE-STATE §🔀 is their record and its check still bites.
2026-09-27T10:05:19.3613269Z   ▫️  LANE WRAP: pre-flight-stamp check SKIPPED too — the stamp lives in GOOD-MORNING.md, which lane sessions do not write.
2026-09-27T10:05:19.3614423Z   ▫️  LANE WRAP: section growth contracts (2e/2f), the banner/§A/chain budgets, the retirement-receipts proxy, the section-usage probe, the consult-receipt probe and the lane-routing check are all SKIPPED — same reason. A lane session cannot be charged for a file it is ruled out of writing.
2026-09-27T10:05:19.3615741Z   ▫️  LANE WRAP: the #32 retrieval-index freshness check is SKIPPED — a lane session does not write GM/LS, so it cannot stale the index. ⚠ If lanes ever gain a write path into either file, this exemption must go with it.
2026-09-27T10:05:19.3616803Z   ▫️  LANE WRAP: the roll-claim check (T2, #77) is SKIPPED too — same reason, the residual it grades lives in GOOD-MORNING.md.
2026-09-27T10:05:19.3617879Z   ▫️  LANE WRAP: the stale-top-item fence (s161-D4, #161) is SKIPPED — its scope is the `residual → #N` home in the GOOD-MORNING/_CHAIN ★ LATEST banners, which lane sessions do not write. ⚠ If lanes ever gain a hand-off line of their own, this exemption must go with it.
2026-09-27T10:05:19.3619061Z   ▫️  HONEST SKIP — memory-store checks (MEMORY.md pointers, memory-file fields): outside the repo, invisible to this gate. Session checks them by hand at ritual step 3 (D1a — unenforced by design).
2026-09-27T10:05:19.3620062Z   ▫️  #119 sweep re-checker (s186-D2, pass 6 P1): 21 frozen 'UNPROVEN by this sweep' status string(s) in `_rulings.json` — unchanged. Counted, never rewritten; refuses only on growth.
2026-09-27T10:05:19.3620663Z capture gate [wrap]: 5 in scope · 4 fail · 3 warn
2026-09-27T10:05:19.3621100Z   ⊘ capture-gate selftest: every reachable arm passed; 4 arm(s) could not be asked in this checkout
2026-09-27T10:05:19.3625462Z COULD-NOT-ASK: _capture_gate.py --selftest — 4 arm(s) read an input this checkout cannot hold — trigger index: ruling ds-034's evidence `outputs/_FINDING-canon-pri-hover-brand-mono-fork-2026-08-06-v1.md` is excluded by this repo's own .gitignore — no checkout can hold it, so whether it has rotted is UNASKABLE here; the machine that wrote it is where that question has an answer · trigger index: ruling ds-034's evidence `outputs/_PARTITION-button-primary-2026-08-06-v1.md` is excluded by this repo's own .gitignore — no checkout can hold it, so whether it has rotted is UNASKABLE here; the machine that wrote it is where that question has an answer · trigger index: ruling ds-035's evidence `outputs/_FINDING-canon-pri-hover-brand-mono-fork-2026-08-06-v1.md` is excluded by this repo's own .gitignore — no checkout can hold it, so whether it has rotted is UNASKABLE here; the machine that wrote it is where that question has an answer · trigger index: ruling s245-D6's evidence `knowledge/_tmp/l3-245/rename-plan.json` is excluded by this repo's own .gitignore — no checkout can hold it, so whether it has rotted is UNASKABLE here; the machine that wrote it is where that question has an answer ⇒ THIS IS NOT A SKIP: every other arm passed here, and these arms have their proof of record on a tree that carries the ignored artefacts (a working session's own repo), never on a bare clone.
2026-09-27T10:05:19.6691959Z _gauge_tokens.py selftest OK -- counting path exact on 5 fixtures; cache hit fidelity + content-hash keying + corrupt-file robustness all bite; degraded-measurement honesty holds; band/floor guard logic verified relative to the live constants.
2026-09-27T10:05:19.7725132Z   ✅ _roll_state.py selftest: green control renders exactly; every corrupted surface refuses named; every OVER state bites
2026-09-27T10:05:31.1289303Z == _test_git_commit.py selftest — real script: /home/runner/work/UX-design/UX-design/knowledge/_git_commit.sh (77943 bytes) ==
2026-09-27T10:05:31.1290079Z   PASS  happy_path_commit_lands
2026-09-27T10:05:31.1290399Z   PASS  nonwrap_headline_after_prefix_78D3
2026-09-27T10:05:31.1290779Z   PASS  wrap_headline_no_prefix
2026-09-27T10:05:31.1291081Z   PASS  cap_120_applied_after_prefix
2026-09-27T10:05:31.1291407Z   PASS  warn_split_red_gate_plain_commit_lands
2026-09-27T10:05:31.1291749Z   PASS  warn_split_red_gate_wrap_blocks
2026-09-27T10:05:31.1292061Z   PASS  spine_consumer_warn_plain_78D2
2026-09-27T10:05:31.1292361Z   PASS  spine_consumer_wrap_blocks_78D2
2026-09-27T10:05:31.1292671Z   PASS  gen_chain_check_refusal_pre_stage
2026-09-27T10:05:31.1292978Z   PASS  missing_msgfile_refused
2026-09-27T10:05:31.1293249Z   PASS  empty_msgfile_refused
2026-09-27T10:05:31.1293506Z   PASS  no_args_refused
2026-09-27T10:05:31.1293753Z   PASS  not_reconciled_refused
2026-09-27T10:05:31.1294024Z   PASS  stale_index_lock_moved_aside
2026-09-27T10:05:31.1294323Z   PASS  banner_fallback_note_printed
2026-09-27T10:05:31.1294618Z   PASS  missing_banner_fails_loud
2026-09-27T10:05:31.1294905Z   PASS  wrap_undeclared_session_blocks_120
2026-09-27T10:05:31.1295239Z   PASS  wrap_session_witness_refusal_blocks_120
2026-09-27T10:05:31.1295594Z   PASS  subject_fold_blank_line_inserted_124
2026-09-27T10:05:31.1296325Z   PASS  MUTATION_blank_insert_removed_bites_124 — went RED as required: exit 1; out tail: }
2026-09-27T10:05:31.1296821Z  1 file changed, 1 insertion(+)
2026-09-27T10:05:31.1297089Z  create mode 100644 work.txt
2026-09-27T10:05:31.1297857Z — committed: 655f1b7 after #77 2026-09-27 — PLACEHOLDER-HEADLINE {"date":"x","fails":0,"kind":"rehearse"} {"date":"x","fails":0,"ki
2026-09-27T10:05:31.1299435Z ✗ commit subject is 292 chars (cap 200) — the 0eacf2d subject-fold class: no blank line after the headline, so git folded the body into %s. The commit LANDED; fix the msgfile and amend BEFORE Dave pushes.
2026-09-27T10:05:31.1300347Z 
2026-09-27T10:05:31.1301082Z   PASS  MUTATION_prefix_stripped_bites — went RED as required: exit 1; out tail: = 0 (must be exactly 1) — the doubled-subject class (#208, 8 documented instances).
2026-09-27T10:05:31.1301931Z     git %s : PLACEHOLDER-HEADLINE-to-be-replaced-by-T3
2026-09-27T10:05:31.1302945Z   0 means T3's prefix never reached the subject (check --cleanup=verbatim survived);
2026-09-27T10:05:31.1303639Z   2+ means a msgfile was reused and the prefix stacked. The commit LANDED: fix the
2026-09-27T10:05:31.1304390Z   msgfile (FRESH file, fresh printf) and 'git commit --amend -F <fresh>' BEFORE Dave pushes.
2026-09-27T10:05:31.1304844Z 
2026-09-27T10:05:31.1305480Z   PASS  MUTATION_lockclear_removed_bites — went RED as required: pre-existing index.lock blocked the run (exit 1); out tail: 0
2026-09-27T10:05:31.1306473Z — session witness agrees (#77)
2026-09-27T10:05:31.1306832Z STUB _capture_gate.py args=['--wrap'] exit=0
2026-09-27T10:05:31.1307344Z — wrap gate green (mid-session commit, DECLARED not-a-wrap)
2026-09-27T10:05:31.1307834Z STUB _build_live_state.py args=['--selftest'] exit=0
2026-09-27T10:05:31.1308471Z — spine-writer selftest green (mid-session commit, DECLARED not-a-wrap)
2026-09-27T10:05:31.1309176Z — T3 headline: after #77 2026-09-27 — PLACEHOLDER-HEADLINE-to-be-replaced-by-T3
2026-09-27T10:05:31.1309821Z ✗ lock survived the mv-aside — do NOT stage; investigate
2026-09-27T10:05:31.1310114Z 
2026-09-27T10:05:31.1310275Z   PASS  declare_dirt_names_instrumentation_W22
2026-09-27T10:05:31.1310717Z   PASS  declare_dirt_silent_without_instrumentation_W22
2026-09-27T10:05:31.1311726Z   PASS  MUTATION_declare_dirt_call_removed_bites_W22 — went RED as required: DECLARED block missing though instrumentation dirt was planted: — dirty paths:
2026-09-27T10:05:31.1312474Z  M notes/_REHEARSAL-LOG.jsonl
2026-09-27T10:05:31.1312745Z ?? msg.txt
2026-09-27T10:05:31.1312951Z ?? work.txt
2026-09-27T10:05:31.1313065Z 
2026-09-27T10:05:31.1313951Z   PASS  MUTATION_declare_dirt_match_widened_bites_W22 — went RED as required: DECLARED block fired with no instrumentation path dirty: uded — its POLICY is ⬛ DAVE'S, unruled (dream pass 6 P2)
2026-09-27T10:05:31.1314882Z     notes/_dream/_GRADE-DECISIONS.jsonl
2026-09-27T10:05:31.1315331Z       written by: _checkin.py B3 grade alerts / _gardener.py --grade-decision
2026-09-27T10:05:31.1316159Z       status:     NOT excluded — its POLICY is ⬛ DAVE'S, unruled (dream pass 6 P2)
2026-09-27T10:05:31.1317180Z   ⇒ this dirt is machine-written, not an uncommitted draft. ⛔ The POLICY (exclude / commit / relocate) is DAVE'S; this line only DECLARES it.
2026-09-27T10:05:31.1317776Z 
2026-09-27T10:05:31.1317902Z   PASS  doc_row_gate_refusal_and_ack_W20
2026-09-27T10:05:31.1318256Z   PASS  showroom_gate_refusal_and_ack_s191D1
2026-09-27T10:05:31.1318643Z   PASS  mention_map_stale_regenerates_and_refuses_208
2026-09-27T10:05:31.1319073Z   PASS  mention_map_regenerated_not_staged_208
2026-09-27T10:05:31.1319467Z   PASS  schematic_stale_regenerates_and_refuses_304R1
2026-09-27T10:05:31.1319871Z   PASS  schematic_regenerated_not_staged_304R1
2026-09-27T10:05:31.1320715Z   PASS  MUTATION_schematic_gate_removed_bites_304R1 — went RED as required: staged despite the schematic refusal — P5 violated
2026-09-27T10:05:31.1321940Z   PASS  MUTATION_schematic_second_half_removed_bites_304R1 — went RED as required: an unstaged regenerated schematic did NOT block the commit
2026-09-27T10:05:31.1322950Z   PASS  scratch_hygiene_advisory_on_wrap_228
2026-09-27T10:05:31.1323334Z   PASS  harness_stub_coverage_W33
2026-09-27T10:05:31.1324204Z   PASS  MUTATION_harness_stub_detector_bites_W33 — went RED on the planted gate and GREEN on the clean tree: ['_gate_totally_unstubbed.py']
2026-09-27T10:05:31.1324944Z   PASS  polarity_gate_refusal_and_ack_s238D7
2026-09-27T10:05:31.1325927Z   PASS  MUTATION_polarity_gate_block_removed_bites_s238D7 — went RED as required: the gate was not invoked with --check on the happy path; out tail: placed-by-T3
2026-09-27T10:05:31.1326892Z  1 file changed, 1 insertion(+)
2026-09-27T10:05:31.1327188Z  create mode 100644 work.txt
2026-09-27T10:05:31.1327754Z — committed: 7f65b3a after #77 2026-09-27 — PLACEHOLDER-HEADLINE-to-be-replaced-by-T3
2026-09-27T10:05:31.1328718Z — subject asserted identical to the headline T3 generated (in memory, not re-read from the msgfile — #171)
2026-09-27T10:05:31.1329862Z — subject carries exactly ONE T3 prefix (#208 doubled-subject assert)
2026-09-27T10:05:31.1330469Z ✓ done — locks clear, safe for Dave to push via GitHub Desktop
2026-09-27T10:05:31.1330755Z 
2026-09-27T10:05:31.1330935Z   PASS  w355_deadlock_reproduced_on_unfixed_script_CONTROL
2026-09-27T10:05:31.1331359Z   PASS  w355_declared_form_lands_from_wrapped_seat
2026-09-27T10:05:31.1331742Z   PASS  w355_declared_form_lands_from_next_seat
2026-09-27T10:05:31.1332118Z   PASS  w355_r3_still_refuses_without_ack
2026-09-27T10:05:31.1332490Z   PASS  w355_declared_form_does_not_bypass_T3_wrap
2026-09-27T10:05:31.1332880Z   PASS  w355_wrap_with_next_handoff_lands
2026-09-27T10:05:31.1333229Z   PASS  w355_ordinary_commit_unaffected
2026-09-27T10:05:31.1333858Z   PASS  MUTATION_w355_declared_form_removed_bites — went RED as required: exit 1; tail: ve.
2026-09-27T10:05:31.1334286Z 
2026-09-27T10:05:31.1334530Z    Legal forms: fix the cause, or state a REAL gap with --acknowledge "<why>".
2026-09-27T10:05:31.1335175Z ✗ _session.py REFUSED for declared session #238 — its named wi
2026-09-27T10:05:31.1335929Z   PASS  MUTATION_w355_restore_removed_bites — went RED at T3 as required (SESSION_N never restored)
2026-09-27T10:05:31.1336606Z --
2026-09-27T10:05:31.1336930Z ALL GREEN — 48 arms (incl. 11 mutation controls)
2026-09-27T10:05:31.4503658Z   ✅ gm-move selftest: every refusal fires · green controls pass · receipts + warn≠block + all-or-nothing proven
2026-09-27T10:05:31.8716693Z [_gm_usage selftest] OK — 78 bites, all fired or held as contracted (sizes method: tiktoken cl100k_base)
2026-09-27T10:05:31.9241730Z ✓ lanes view already current (no write)
2026-09-27T10:05:31.9451344Z ✓ lanes view in sync with records
2026-09-27T10:05:31.9677294Z [_gen_lanes selftest] OK — 21 bites, every refusal fired, green controls held
2026-09-27T10:05:32.0077800Z wrote _XREF-INDEX.json + _XREF-INDEX.md for 137 components
2026-09-27T10:05:32.0078317Z with deprecated bindings: 19
2026-09-27T10:05:32.0082954Z god-nodes (blast>=7): ['background/default', 'border-radius/control', 'border-radius/indicator', 'border-radius/surface', 'border/subtle', 'color/primary', 'data/series/1', 'divider/border/section', 'divider/border/subsection', 'elevation/border', 'elevation/functional', 'focus/ring', 'form/background/default', 'form/background/hover', 'form/background/pressed', 'form/border/active', 'form/border/default', 'icon/default', 'icon/default-reverse', 'icon/disabled', 'overlay/version1', 'primary/background/default', 'primary/border/default', 'rag/error', 'rag/error-ink', 'rag/error-tint', 'rag/information', 'rag/success', 'rag/success-ink', 'rag/success-tint', 'rag/warning', 'rag/warning-tint', 'scale', 'secondary/background/default', 'surface/subtle', 'target/min', 'tertiary/background/default', 'tertiary/background/hover', 'tertiary/background/pressed', 'tertiary/border/default', 'text/default', 'text/disabled', 'text/on-inverse', 'text/reverse', 'text/secondary', 'typography/font-family/default']
2026-09-27T10:05:32.0089304Z topical guideline reach: {'icons.md': 9, 'typography-usage.md': 7, 'elevation.md': 6, 'calls-to-action.md': 6, 'platform-web.md': 5, 'tone-of-voice.md': 5, 'time-based-indicators.md': 5, 'forms.md': 5, 'imagery.md': 4, 'hexagon-masks.md': 3, 'contextual-help.md': 2, 'platform-app.md': 2, 'horizontal-scroll.md': 2, 'view-controls-sort.md': 2, 'logos.md': 1, 'cookie-notifications.md': 1}
2026-09-27T10:05:32.0680752Z sutherland fixtures: 137 component contract(s) -> tokens/_manifests/sutherland-fixtures.json
2026-09-27T10:05:32.2359757Z states probe: 45/51 applicable states demonstrated, 6 advisory gap(s) — wrote _STATES-COMPLETENESS.md + states-probe.json (non-gating)
2026-09-27T10:05:32.3631030Z items 894 · live 728 · conditioned 880 · UNCONDITIONED 14
2026-09-27T10:05:32.3631667Z   by state: {'open': 728, 'blocked': 0, 'ruled': 0, 'done': 146, 'dropped': 0, 'parked': 20}
2026-09-27T10:05:32.3632152Z   live by owner: {'dave': 453, 'claude': 275}
2026-09-27T10:05:32.3633708Z   ⚠ DECLARED DEBT: 14 item(s) carry no close condition (W-0b, W-01, W-02, W-03, W-04, W-05, W-06, W-07, W-08, W-09, W-10, W-11, W-12, W-13). Frozen set size 19 — this number may only fall. Each needs Dave's word, not an agent's guess.
2026-09-27T10:05:32.3635350Z   ⚠ real-input coverage: 1 item(s) carry a deadline, 0 carry an effort; on those items the dashboard's PROXY is REPLACED. The rest of the 728 live item(s) are still scored by prose scan / body length.
2026-09-27T10:05:32.3637042Z   ⚠ project split: apollo 723 · memento 171 (of 894 items). The values written at #172 are DEFAULTS proposed for Dave's eye, not his ruling on each item.
2026-09-27T10:05:32.3638558Z   ⚠ home pointers: 876 resolve by ANCHOR (rot-proof), 18 are still `path:line` (UNVERIFIABLE by content — the #168 rot class), 0 UNRESOLVABLE. Blocking = True (Dave's dial).
2026-09-27T10:05:32.3641212Z   ⚠ REGROWTH (advisory, #304): 76 live row(s) close only on opener/wrap events at sessions that have already wrapped (rows opened up to #304) — each is MET (close it by addition, with its receipt) or STALE (restate it): W-41 (#203), W-49 (#206), W-56 (#208), W-99f (#213), W-99w (#213), W-107 (#215), W-164 (#218), W-165 (#219), W-171 (#219), W-177 (#219), W-182 (#219), W-185 (#219), W-186 (#219), W-187 (#219), W-201 (#220) …(+61 more). REGROWTH_BLOCKING is Dave's dial.
2026-09-27T10:05:32.4011158Z _state selftest: 72 bites, all GREEN
2026-09-27T10:05:32.4371759Z decision graph: 102 nodes, 172 edges -> knowledge/_DECISION-GRAPH.md
2026-09-27T10:05:32.4372633Z   states: AMENDED 9 · DEAD 8 · LIVE 84 · OPEN 1
2026-09-27T10:05:32.4621227Z   selftest unresolved: fires ✓
2026-09-27T10:05:32.4621644Z   selftest open: fires ✓
2026-09-27T10:05:32.4621977Z   selftest orphan: fires ✓
2026-09-27T10:05:32.4622319Z   selftest queued+diverge: green ✓
2026-09-27T10:05:32.4622805Z   selftest unknown-edge-type: fires `unknown-edge-type` (only) ✓
2026-09-27T10:05:32.4623426Z   selftest malformed-target: fires `malformed-target` (only) ✓
2026-09-27T10:05:32.4624005Z   selftest self-loop: fires `self-loop` (only) ✓
2026-09-27T10:05:32.4624991Z selftest PASS — gate bites on unresolved/open/orphan/unknown-edge-type/malformed-target/self-loop; queued + diverges-from stay green
2026-09-27T10:05:32.5015221Z   ✓ happy-path: splice lands on a fixture copy, invariants hold
2026-09-27T10:05:32.5015817Z   ✓ idempotency: second run is a no-op
2026-09-27T10:05:32.5016485Z   ✓ refusal: marker-less spine refused loud+named, untouched
2026-09-27T10:05:32.5017170Z   ✓ refusal never half-writes: every failure path leaves the target byte-identical
2026-09-27T10:05:32.5017838Z   ✓ mutation controls: every green above provably able to fail
2026-09-27T10:05:32.5018466Z   ✓ spine-safety: real _LIVE-STATE.md untouched (sha256 identical)
2026-09-27T10:05:32.5018975Z _build_live_state --selftest: all arms green
2026-09-27T10:05:33.0989204Z   [gen] lifecycle block up to date (no change).
2026-09-27T10:05:33.0989800Z _LIVE-STATE check: 0 warning(s), 2 note(s) -> knowledge/_LIVE-STATE-CHECK.md
2026-09-27T10:05:33.0990943Z   i [reference] DEAD artifact _NEXT-SESSION.md is mentioned (no nearby tombstone) in: knowledge/_RUNBOOK-gated-component.md, k
2026-09-27T10:05:33.0992293Z   i [orphan-edge] DEAD The "stale-reading pattern" spine note (07-18) → superseded-by "the **consult mechanism**" — target not r
2026-09-27T10:05:33.9119351Z advisory signals: 144 file(s), 135 signal(s) — see _ADVISORY-SIGNALS.md (non-gating)
2026-09-27T10:05:34.0114851Z wrote _REVIEW-QUEUE.json + .md — 233 items
2026-09-27T10:05:34.0115303Z by tier: {'review': 190, 'inferred': 43}
2026-09-27T10:05:34.0115809Z by category: {'other': 105, 'accessibility': 34, 'anti-pattern': 65, 'token-rebind': 29}
2026-09-27T10:05:34.0116491Z review token-rebinds (migration-gating): 25
2026-09-27T10:05:34.0117081Z top components: [('Confirmation', 10), ('Account card', 9), ('Action bar', 8), ('Button', 7), ('Tab-bar', 7), ('Tags', 7)]
2026-09-27T10:05:34.0480072Z dark-mode audit: 124/131 clean, 7 leaking
2026-09-27T10:05:34.0481128Z leaks by primitive: {'color/primary': 7, 'color/grey/transparent/white-75': 1, 'color/black': 1, 'color/white': 1}
2026-09-27T10:05:34.0828261Z leaking components: ['Badge', 'Cards', 'Hero', 'Links', 'List items', 'Navigations', 'Tabs']
2026-09-27T10:05:34.0829033Z text/icon contrast audit: 17 OK, 5 allowed, 1 MINOR(warn), 0 GATING FAIL, 5 skipped(light-only)
2026-09-27T10:05:34.0830202Z   ⚠ minor (ruled s194-D1) [apollo-mono] rag/text/on-dark: 3.14:1 on #F6604C (rag/error-background) — non-gating
2026-09-27T10:05:34.0831073Z per-theme palette grounds (4 themes declared): 9 regraded, 0 GATING FAIL, 0 MINOR(warn), 0 R-D24 exempted
2026-09-27T10:05:34.1071669Z indicator/accent contrast audit: 46 OK, 0 allowed, 0 GATING FAIL, 5 skipped(light-only)
2026-09-27T10:05:34.1493399Z icon contrast delta: 0 declared dead-zone, 49 exhaustive (upper bound), 5 roundel fail(s), 3 mark fail(s) — see _ICON-CONTRAST-DELTA.md (advisory)
2026-09-27T10:05:34.1710239Z dark-surface gate: 0 flat-white failure(s), 9 annotated exception(s)
2026-09-27T10:05:35.2535803Z gen_component_partials --check OK — all AUTO-PARTIAL blocks in sync, contracts hold.
2026-09-27T10:05:36.1740652Z gen_component_partials selftest OK
2026-09-27T10:05:36.4414526Z gen_token_ramp: 0 file(s) DRIFTED (0 with block, 0 block-removed), 149 already in sync.
2026-09-27T10:05:36.4729447Z gen_token_ramp selftest: 6 bites GREEN + 4 comment bites (#211) GREEN
2026-09-27T10:05:36.5660419Z   [ledger] ledger in sync (not written — the gate does not grade its own record)
2026-09-27T10:05:36.5661510Z   [PASS] dataviz/dv-behaviour — 13590 code-only bytes (13.3 KB of 16) · 24505 raw, 10915 comment/blank · 16 member(s)
2026-09-27T10:05:36.5662415Z   [PASS] dataviz/dv-legend — 7760 code-only bytes (7.6 KB of 16) · 15255 raw, 7495 comment/blank · 16 member(s)
2026-09-27T10:05:36.5663267Z   [PASS] dataviz/dv-donut-sweep — 3889 code-only bytes (3.8 KB of 16) · 5511 raw, 1622 comment/blank · 16 member(s)
2026-09-27T10:05:36.5664123Z   [PASS] dataviz/dp08-anchor — 1821 code-only bytes (1.8 KB of 16) · 3884 raw, 2063 comment/blank · 16 member(s)
2026-09-27T10:05:36.5665005Z   [PASS] dataviz/dv-render — 9783 code-only bytes (9.6 KB of 16) · 21791 raw, 12008 comment/blank · 16 member(s)
2026-09-27T10:05:36.5668646Z   [PASS] dataviz/dv-render-bar — 4613 code-only bytes (4.5 KB of 16) · 9262 raw, 4649 comment/blank · 16 member(s)
2026-09-27T10:05:36.5669657Z   [PASS] dataviz/dv-render-line — 3616 code-only bytes (3.5 KB of 16) · 9187 raw, 5571 comment/blank · 16 member(s)
2026-09-27T10:05:36.5670744Z   [PASS] dataviz/dv-render-stacked-area — 4248 code-only bytes (4.1 KB of 16) · 10285 raw, 6037 comment/blank · 16 member(s)
2026-09-27T10:05:36.5671862Z   [PASS] dataviz/dv-render-donut — 4087 code-only bytes (4.0 KB of 16) · 11466 raw, 7379 comment/blank · 16 member(s)
2026-09-27T10:05:36.5672913Z   [PASS] dataviz/dv-render-sparkline — 3235 code-only bytes (3.2 KB of 16) · 9852 raw, 6617 comment/blank · 16 member(s)
2026-09-27T10:05:36.5673974Z   [PASS] dataviz/dv-render-combo — 5198 code-only bytes (5.1 KB of 16) · 11625 raw, 6427 comment/blank · 16 member(s)
2026-09-27T10:05:36.5675444Z   [PASS] dataviz/dv-render-scatter — 4148 code-only bytes (4.1 KB of 16) · 10020 raw, 5872 comment/blank · 16 member(s)
2026-09-27T10:05:36.5676629Z   [PASS] dataviz/dv-render-histogram — 2218 code-only bytes (2.2 KB of 16) · 6670 raw, 4452 comment/blank · 16 member(s)
2026-09-27T10:05:36.5677599Z   [PASS] dataviz/dv-render-boxplot — 4336 code-only bytes (4.2 KB of 16) · 9882 raw, 5546 comment/blank · 16 member(s)
2026-09-27T10:05:36.5678582Z   [PASS] dataviz/dv-render-bullet — 4443 code-only bytes (4.3 KB of 16) · 10582 raw, 6139 comment/blank · 16 member(s)
2026-09-27T10:05:36.5679579Z   [PASS] dataviz/dv-render-candlestick — 4872 code-only bytes (4.8 KB of 16) · 10765 raw, 5893 comment/blank · 16 member(s)
2026-09-27T10:05:36.5680623Z   [PASS] dataviz/dv-render-butterfly — 4711 code-only bytes (4.6 KB of 16) · 10795 raw, 6084 comment/blank · 16 member(s)
2026-09-27T10:05:36.5681961Z   [PASS] dataviz page budget — worst member 34777 code-only bytes (34.0 KB of 34) across 17 source(s)
2026-09-27T10:05:36.5682798Z          shared, priced ONCE PER PAGE (s260-D1): dv-render — 9783 bytes
2026-09-27T10:05:36.5683588Z          Chart-combo                   34777  consumes dv-behaviour, dv-legend, dv-render, dv-render-bar, dv-render-line, dv-render-combo
2026-09-27T10:05:36.5684525Z          Chart-donut                   29326  consumes dv-behaviour, dv-legend, dv-donut-sweep, dv-render, dv-render-donut
2026-09-27T10:05:36.5685406Z          Chart-butterfly-h             26061  consumes dv-behaviour, dv-legend, dv-render, dv-render-butterfly
2026-09-27T10:05:36.5686368Z          Chart-butterfly-v             26061  consumes dv-behaviour, dv-legend, dv-render, dv-render-butterfly
2026-09-27T10:05:36.5687136Z          Chart-bar                     25963  consumes dv-behaviour, dv-legend, dv-render, dv-render-bar
2026-09-27T10:05:36.5687902Z          Chart-stacked-area            25598  consumes dv-behaviour, dv-legend, dv-render, dv-render-stacked-area
2026-09-27T10:05:36.5688738Z          Chart-scatter                 25498  consumes dv-behaviour, dv-legend, dv-render, dv-render-scatter
2026-09-27T10:05:36.5689477Z          Chart-pie                     25437  consumes dv-behaviour, dv-legend, dv-render, dv-render-donut
2026-09-27T10:05:36.5690199Z          Chart-line                    24966  consumes dv-behaviour, dv-legend, dv-render, dv-render-line
2026-09-27T10:05:36.5690923Z          Chart-candlestick             18462  consumes dv-behaviour, dv-render, dv-render-candlestick
2026-09-27T10:05:36.5691544Z          Chart-bullet                  18033  consumes dv-behaviour, dv-render, dv-render-bullet
2026-09-27T10:05:36.5692169Z          Chart-boxplot                 17926  consumes dv-behaviour, dv-render, dv-render-boxplot
2026-09-27T10:05:36.5692867Z          Chart-sparkline               16825  consumes dv-behaviour, dv-render, dv-render-sparkline
2026-09-27T10:05:36.5693507Z          Chart-histogram               15808  consumes dv-behaviour, dv-render, dv-render-histogram
2026-09-27T10:05:36.5694133Z          Template-dashboard-bento      15411  consumes dv-behaviour, dp08-anchor
2026-09-27T10:05:36.5694640Z          Legend                         7760  consumes dv-legend
2026-09-27T10:05:36.5695190Z Behaviour-contract gate OK — see knowledge/_BEHAVIOUR-GATE.md
2026-09-27T10:05:36.7406758Z _validate_behaviour selftest OK
2026-09-27T10:05:37.2539215Z gen_canon_components: no change (137 components in sync).
2026-09-27T10:05:37.7665243Z gen_canon_components --check OK — 137 components in sync.
2026-09-27T10:05:37.8295429Z _validate_partials: 0 strict fail(s), 67 census rule(s) -> _PARTIALS-GATE.md
2026-09-27T10:05:37.8505657Z _validate_partials selftest OK
2026-09-27T10:05:44.8116426Z 
2026-09-27T10:05:44.8117247Z gen_snippet_tokens: 5117 manifest bindings across 137 snippets + 9 tranches; 0 value(s) would change; 0 canon.css literal(s) would change.
2026-09-27T10:05:44.8118203Z OK — snippets + tranches + canon.css in sync with tokens.
2026-09-27T10:05:45.4340834Z snippet gate: 137 snippet(s), 0 failure(s)
2026-09-27T10:05:45.4938693Z gen_theme_cascade --check OK — 230 override path(s), 397 component projection(s) in sync.
2026-09-27T10:05:45.6425133Z gen_theme_cascade selftest OK
2026-09-27T10:05:45.6752401Z state-snap gate: OK — 7 opacity-state check(s) snapped to their theme ramps.
2026-09-27T10:05:45.6986862Z state-snap selftest OK
2026-09-27T10:05:45.7275354Z queue freshness — §C·1 items measured: 7 (severity: blocking)
2026-09-27T10:05:45.7276518Z RESULT: PASS — no §C·1 item's stated state is contradicted by disk or git. This proves no claim is STALE; it does not prove the queue is RIGHT.
2026-09-27T10:05:45.7619607Z selftest — _validate_queue_fresh.py
2026-09-27T10:05:45.7620162Z   PASS control: landed + open + partial green   -> green  | (4 items, green)
2026-09-27T10:05:45.7621551Z   PASS open item whose artefact EXISTS refuses  -> fail   | FAIL — §C·1 item (a) (GOOD-MORNING.md:4) states state=open and expects knowledge/snippets/Chart-pie.reference.html to be
2026-09-27T10:05:45.7623512Z   PASS landed with unresolvable receipt refuses -> fail   | FAIL — §C·1 item (a) (GOOD-MORNING.md:4) claims state=landed receipt=0000000, but git cannot resolve that sha to a commi
2026-09-27T10:05:45.7625178Z   PASS item with NO tail refuses (presence rule) -> fail   | FAIL — §C·1 item (b) at GOOD-MORNING.md:5 carries NO qprobe tail. An unannotated item is invisible to this gate forever.
2026-09-27T10:05:45.7626440Z   PASS partial WITH declared passes, absent paths unchecked -> green  | (1 items, green)
2026-09-27T10:05:45.7627633Z   PASS partial without declared refuses         -> fail   | FAIL — §C·1 item (a) (GOOD-MORNING.md:4) is state=partial with no declared="…". partial is the LEGAL FORM for an honest 
2026-09-27T10:05:45.7629296Z   PASS empty expects-absent WITHOUT declared refuses -> fail   | FAIL — §C·1 item (a) (GOOD-MORNING.md:4) is state=open with an EMPTY expects-absent and no declared="…". A DECLARED gap 
2026-09-27T10:05:45.7630446Z   PASS empty expects-absent WITH declared passes -> green  | (1 items, green)
2026-09-27T10:05:45.7631594Z   PASS malformed tail is a REFUSAL, not a skip  -> refuse | UNPARSEABLE — GOOD-MORNING.md:4 — qprobe state='whatever' is not one of open/landed/partial
2026-09-27T10:05:45.7633080Z   PASS unknown key is a REFUSAL                 -> refuse | UNPARSEABLE — GOOD-MORNING.md:4 — qprobe carries unknown key 'sha'; legal keys: state, expects-absent, receipt, declared
2026-09-27T10:05:45.7634064Z   PASS non-item prose lines do NOT trigger      -> green  | (1 items, green)
2026-09-27T10:05:45.7634694Z   PASS STRUCK step clause is not a live item    -> green  | (1 items, green)
2026-09-27T10:05:45.7635360Z   PASS §2 items are out of scope (section bound) -> green  | (1 items, green)
2026-09-27T10:05:45.7635820Z RESULT: PASS
2026-09-27T10:05:45.8199769Z palette-tier gate: 4 theme(s), 3 palette(s), 42 declared key(s), 137 component meta(s), 137 snippet manifest(s)
2026-09-27T10:05:45.8201254Z OK — every theme declares a palette per family; every declaration resolves; no theme hand-carries a divergent palette-owned value; no undeclared duplication.
2026-09-27T10:05:45.8814245Z palette-tier selftest OK — 10 bites, all red when mutated
2026-09-27T10:05:46.0629291Z _validate_radius: 0 strict fail(s), 0 advisory file(s) pending migration, 4 physical corner longhand(s) DECLARED ADVISORY (#221) -> _RADIUS-GATE.md
2026-09-27T10:05:46.0630595Z   ⬛ DECLARED (not counted, not a verdict): canon/canon.css: border-top-left-radius:0
2026-09-27T10:05:46.0631325Z   ⬛ DECLARED (not counted, not a verdict): canon/canon.css: border-bottom-left-radius:0
2026-09-27T10:05:46.0632124Z   ⬛ DECLARED (not counted, not a verdict): snippets/Split-button.reference.html: border-top-left-radius:0
2026-09-27T10:05:46.0633005Z   ⬛ DECLARED (not counted, not a verdict): snippets/Split-button.reference.html: border-bottom-left-radius:0
2026-09-27T10:05:46.0633804Z      ⬛ promoting this arm to STRICT is DAVE'S — see notes/_subreports/2026-08-27-221-laneA.md
2026-09-27T10:05:46.5059692Z gen_showroom --check OK — 137 page(s) + index in sync (index owned by knowledge/_render/gen_library_214.py).
2026-09-27T10:05:46.5386761Z gen_showroom GATE — payload URL does not resolve in _selftest.reference.html:
2026-09-27T10:05:46.5387766Z    ../knowledge/canon/type.css              -> /home/runner/work/UX-design/UX-design/knowledge/knowledge/canon/type.css (MISSING)
2026-09-27T10:05:46.5388617Z    A relative URL in a snippet must point at a real file: the showroom
2026-09-27T10:05:46.5389270Z    pane re-resolves it against showroom/ (srcdoc inherits the parent base URL).
2026-09-27T10:05:46.5390072Z gen_showroom GATE — payload URL does not resolve in _selftest.reference.html:
2026-09-27T10:05:46.5390946Z    ../canon/does-not-exist.css              -> /home/runner/work/UX-design/UX-design/knowledge/canon/does-not-exist.css (MISSING)
2026-09-27T10:05:46.5391779Z    A relative URL in a snippet must point at a real file: the showroom
2026-09-27T10:05:46.5392594Z    pane re-resolves it against showroom/ (srcdoc inherits the parent base URL).
2026-09-27T10:05:46.5393966Z gen_showroom --selftest OK — 16 bites (rebase · fragments · absolutes · double-rebase fails loud · missing-target gate · query suffix · #98-D1 one-bar contract ×4 · embed mode ×5).
2026-09-27T10:05:47.8528015Z COULD-NOT-ASK: dashboard/index.html — the page differs, but a live gate baked into it is reading INPUTS OUTSIDE THE COMMITTED TREE, so its verdict — and therefore this page — cannot be reproduced here: provenance names `knowledge/_tmp/l3-245/rename-plan.json`; provenance names `outputs/_FINDING-canon-pri-hover-brand-mono-fork-2026-08-06-v1.md`; provenance names `outputs/_PARTITION-button-primary-2026-08-06-v1.md`. Every one of those paths is untracked, so an environment that has them and one that does not will render different prose from the SAME commit. This is a REFUSAL, not a staleness verdict in either direction: the page's agreement with the stores is UNKNOWN here and is reported as unknown. Ask it where those inputs are present (a working tree that holds them), or commit them.
2026-09-27T10:05:47.8973927Z legacy-leak gate: 0 unwaived leak(s), 0 waived.
2026-09-27T10:05:47.9744474Z theme-provenance gate (ADVISORY): 50 hardcoded foreign-theme hex(es) in 166 Mono files. See _THEME-PROVENANCE-GATE.md
2026-09-27T10:05:47.9967227Z token-tier gate: 0 strict failure(s), 1 advisory.
2026-09-27T10:05:48.1301096Z icon-source audit → _ICON-SOURCE-AUDIT.md
2026-09-27T10:05:48.1301610Z 0 UNKNOWN, 102 bespoke, across 137 snippet(s); 758 library glyphs.
2026-09-27T10:05:48.7560029Z a11y gate: 137 snippet(s), 0 failure(s), 204 warning(s), 732 note(s) · 1458 controls + 68 marks measured · 24 mark(s) below 24
2026-09-27T10:05:48.8057316Z a11y target selftest: 25 clause(s) green, 0 failing
2026-09-27T10:05:48.8350764Z COULD-NOT-ASK: HIT-AREA: HARNESS UNAVAILABLE — playwright not importable (No module named 'playwright'). Install it with `pip install playwright && playwright install chromium`. (Inside this repo's sandbox, stage it per knowledge/_RUNBOOK-render-verify.md instead.) This is NOT a pass.
2026-09-27T10:05:48.8351801Z Hit-area sweep — 137 file(s) × 1180/480 px, min 44px
2026-09-27T10:05:48.8963934Z wiring gate: 59 gate script(s) on disk (51 _validate_* · 8 _gate_*, #221 widened) · 55 wired · 4 exempt by name · 0 failure(s)
2026-09-27T10:05:48.8964633Z   wired by surface: _build_all.STEPS 48 · _git_commit.sh 2 · gates.yml 2 · arm-of-a-wired-script 3
2026-09-27T10:05:48.8965209Z   ⬛ ARM (declared + verified): _gate_harness_stubs.py is run by _test_git_commit.py [2026-08-27]
2026-09-27T10:05:48.8965748Z   ⬛ ARM (declared + verified): _validate_composition.py is run by _validate_screen.py [2026-09-03]
2026-09-27T10:05:48.8966405Z   ⬛ ARM (declared + verified): _validate_receipt.py is run by _validate_screen.py [2026-09-03]
2026-09-27T10:05:48.8967221Z   ⬛ EXEMPT (declared, not counted as wired): _gate_pack_imports.py [2026-08-27] — Built #219 and WIRED NOWHERE — not in _build_all.STEPS, not in gates.yml, not at the commit seam (#220-L1 find…
2026-09-27T10:05:48.8968620Z   ⬛ EXEMPT (declared, not counted as wired): _validate_demo_page.py [2026-09-21] — unwired since #268 (08e315dc); wire-or-retire is Dave's, review page #293…
2026-09-27T10:05:48.8969555Z   ⬛ EXEMPT (declared, not counted as wired): _validate_descender_computed.py [2026-08-22] — G2 render leg (#215, row W-101): drives real pages in headless chromium and reads getComputedStyle — needs a S…
2026-09-27T10:05:48.8970579Z   ⬛ EXEMPT (declared, not counted as wired): _validate_fit_physics.py [2026-09-07] — FIT physics gate (s248-D2/D3, s249-D4; #249 FIT lane): drives the composed page in headless chromium via playw…
2026-09-27T10:05:49.0967064Z wiring selftest: 17 bites · 0 failure(s)
2026-09-27T10:05:49.2211308Z # Composition gate audit
2026-09-27T10:05:49.2211709Z 
2026-09-27T10:05:49.2212210Z ## canon.css
2026-09-27T10:05:49.2212555Z - defs 1021, var() refs 623
2026-09-27T10:05:49.2213407Z - ✅ vars resolve, braces balanced, spine markers present
2026-09-27T10:05:49.2214541Z - ℹ️ canon.css: 1 var(s) resolved via inline-scope (set in snippet markup, not CSS): ['--sc']
2026-09-27T10:05:49.2215008Z 
2026-09-27T10:05:49.2215198Z ## composed screens (7)
2026-09-27T10:05:49.2215825Z - ✅ canon-gallery.canon.html — 76 canon classes, 0 rogue hex, 0 redefines, all resolve
2026-09-27T10:05:49.2216877Z - ✅ nio-dash-console-v1.canon.html — 28 canon classes, 0 rogue hex, 0 redefines, all resolve
2026-09-27T10:05:49.2217844Z - ✅ nio-dash-console-v2.canon.html — 28 canon classes, 0 rogue hex, 0 redefines, all resolve
2026-09-27T10:05:49.2218858Z - ✅ payments-journey.canon.html — 22 canon classes, 0 rogue hex, 0 redefines, all resolve
2026-09-27T10:05:49.2229723Z - ✅ sme-payments-desktop.canon.html — 8 canon classes, 0 rogue hex, 0 redefines, all resolve
2026-09-27T10:05:49.2230685Z - ✅ sme-payments-swiss.canon.html — 3 canon classes, 0 rogue hex, 0 redefines, all resolve
2026-09-27T10:05:49.2231477Z - ✅ sme-payments.canon.html — 10 canon classes, 0 rogue hex, 0 redefines, all resolve
2026-09-27T10:05:49.2231908Z 
2026-09-27T10:05:49.2232025Z ## screen titles (aca-003)
2026-09-27T10:05:49.2232398Z - ✅ 7 screen(s), every <title> present + unique
2026-09-27T10:05:49.2232652Z 
2026-09-27T10:05:49.2232766Z RESULT: PASS ✅
2026-09-27T10:05:50.3085354Z # Composed-screen gate — full pipeline on *.canon.html
2026-09-27T10:05:50.3085702Z 
2026-09-27T10:05:50.3085815Z ## canon-gallery.canon.html
2026-09-27T10:05:50.3087335Z - receipt: UNPROVEN:NO-RECEIPT — this page carries no #provenance-receipt, so nothing about its provenance was measured. Mint one with `python3 knowledge/gen_provenance_receipt.py --mint <path>`; run with --receipt-strict to make this block.
2026-09-27T10:05:50.3088494Z - compose: ✅
2026-09-27T10:05:50.3088829Z - composition: n/a — no .c-bento on this page
2026-09-27T10:05:50.3089267Z - icon-source: ✅ all paths library-matched
2026-09-27T10:05:50.3172010Z - a11y: ✅  (warn: DATA MARK `rect.dv-series` — 219.2x20.2 — under the 24 dense-case minimum (rect w/h attrs) (s116-D1: marks carry the 24 floor, not the 44 target); DATA MARK `rect.dv-series` — 94.0x20.2 — under the 24 dense-case minimum (rect w/h attrs) (s116-D1: marks carry the 24 floor, not the 44 target); DATA MARK `rect.dv-series` — 495.9x20.2 — under the 24 dense-case minimum (rect w/h attrs) (s116-D1: marks carry the 24 floor, not the 44 target); DATA MARK `rect.dv-series` — 135.7x20.2 — under the 24 dense-case minimum (rect w/h attrs) (s116-D1: marks carry the 24 floor, not the 44 target); DATA MARK `rect.dv-series` — 109.6x20.2 — under the 24 dense-case minimum (rect w/h attrs) (s116-D1: marks carry the 24 floor, not the 44 target); DATA MARK `rect.dv-series` — 156.6x20.2 — under the 24 dense-case minimum (rect w/h attrs) (s116-D1: marks carry the 24 floor, not the 44 target); DATA MARK `rect.dv-series` — 133.2x20.0 — under the 24 dense-case minimum (rect w/h attrs) (s116-D1: marks carry the 24 floor, not the 44 target); DATA MARK `rect.dv-series` — 162.8x20.0 — under the 24 dense-case minimum (rect w/h attrs) (s116-D1: marks carry the 24 floor, not the 44 target); DATA MARK `rect.dv-series` — 83.2x20.0 — under the 24 dense-case minimum (rect w/h attrs) (s116-D1: marks carry the 24 floor, not the 44 target); DATA MARK `rect.dv-series` — 112.8x20.0 — under the 24 dense-case minimum (rect w/h attrs) (s116-D1: marks carry the 24 floor, not the 44 target); DATA MARK `rect.dv-series` — 55.5x20.0 — under the 24 dense-case minimum (rect w/h attrs) (s116-D1: marks carry the 24 floor, not the 44 target); DATA MARK `rect.dv-series` — 46.2x20.0 — under the 24 dense-case minimum (rect w/h attrs) (s116-D1: marks carry the 24 floor, not the 44 target); DATA MARK `rect.dv-series` — 166.5x20.0 — under the 24 dense-case minimum (rect w/h attrs) (s116-D1: marks carry the 24 floor, not the 44 target); DATA MARK `rect.dv-series` — 175.8x20.0 — under the 24 dense-case minimum (rect w/h attrs) (s116-D1: marks carry the 24 floor, not the 44 target); DATA MARK `rect.dv-series` — 107.3x20.0 — under the 24 dense-case minimum (rect w/h attrs) (s116-D1: marks carry the 24 floor, not the 44 target); DATA MARK `rect.dv-series` — 74.0x20.0 — under the 24 dense-case minimum (rect w/h attrs) (s116-D1: marks carry the 24 floor, not the 44 target); DATA MARK `rect.dv-series` — 37.0x20.0 — under the 24 dense-case minimum (rect w/h attrs) (s116-D1: marks carry the 24 floor, not the 44 target); DATA MARK `rect.dv-series` — 61.0x20.0 — under the 24 dense-case minimum (rect w/h attrs) (s116-D1: marks carry the 24 floor, not the 44 target); DATA MARK `rect.dv-series` — 48.7x16.2 — under the 24 dense-case minimum (rect w/h attrs) (s116-D1: marks carry the 24 floor, not the 44 target); DATA MARK `rect.dv-series` — 48.7x21.6 — under the 24 dense-case minimum (rect w/h attrs) (s116-D1: marks carry the 24 floor, not the 44 target); DATA MARK `rect.dv-series` — 48.7x23.4 — under the 24 dense-case minimum (rect w/h attrs) (s116-D1: marks carry the 24 floor, not the 44 target); DATA MARK `rect.dv-series` — 48.7x18.9 — under the 24 dense-case minimum (rect w/h attrs) (s116-D1: marks carry the 24 floor, not the 44 target); DATA MARK `rect.dv-series` — 48.7x17.1 — under the 24 dense-case minimum (rect w/h attrs) (s116-D1: marks carry the 24 floor, not the 44 target); DATA MARK `g.dv-marker` — 11.0x11.0 — under the 24 dense-case minimum (<g> wrapper measured from its circle child (circle diameter 2r)) (s116-D1: marks carry the 24 floor, not the 44 target); DATA MARK `g.dv-marker` — 11.0x11.0 — under the 24 dense-case minimum (<g> wrapper measured from its circle child (circle diameter 2r)) (s116-D1: marks carry the 24 floor, not the 44 target); DATA MARK `g.dv-marker` — 11.0x11.0 — under the 24 dense-case minimum (<g> wrapper measured from its circle child (circle diameter 2r)) (s116-D1: marks carry the 24 floor, not the 44 target); DATA MARK `g.dv-marker` — 11.0x11.0 — under the 24 dense-case minimum (<g> wrapper measured from its circle child (circle diameter 2r)) (s116-D1: marks carry the 24 floor, not the 44 target); DATA MARK `g.dv-marker` — 11.0x11.0 — under the 24 dense-case minimum (<g> wrapper measured from its circle child (circle diameter 2r)) (s116-D1: marks carry the 24 floor, not the 44 target); DATA MARK `g.dv-marker` — 11.0x11.0 — under the 24 dense-case minimum (<g> wrapper measured from its circle child (circle diameter 2r)) (s116-D1: marks carry the 24 floor, not the 44 target); DATA MARK `g.dv-marker` — 11.0x11.0 — under the 24 dense-case minimum (<g> wrapper measured from its circle child (circle diameter 2r)) (s116-D1: marks carry the 24 floor, not the 44 target); DATA MARK `g.dv-marker` — 11.0x11.0 — under the 24 dense-case minimum (<g> wrapper measured from its circle child (circle diameter 2r)) (s116-D1: marks carry the 24 floor, not the 44 target); DATA MARK `g.dv-marker` — 11.0x11.0 — under the 24 dense-case minimum (<g> wrapper measured from its circle child (circle diameter 2r)) (s116-D1: marks carry the 24 floor, not the 44 target); DATA MARK `g.dv-marker` — 11.0x11.0 — under the 24 dense-case minimum (<g> wrapper measured from its circle child (circle diameter 2r)) (s116-D1: marks carry the 24 floor, not the 44 target); DATA MARK `g.dv-marker` — 11.0x11.0 — under the 24 dense-case minimum (<g> wrapper measured from its circle child (circle diameter 2r)) (s116-D1: marks carry the 24 floor, not the 44 target); DATA MARK `g.dv-marker` — 11.0x11.0 — under the 24 dense-case minimum (<g> wrapper measured from its circle child (circle diameter 2r)) (s116-D1: marks carry the 24 floor, not the 44 target); DATA MARK `g.dv-marker` — 11.0x11.0 — under the 24 dense-case minimum (<g> wrapper measured from its circle child (circle diameter 2r)) (s116-D1: marks carry the 24 floor, not the 44 target); DATA MARK `g.dv-marker` — 11.0x11.0 — under the 24 dense-case minimum (<g> wrapper measured from its circle child (circle diameter 2r)) (s116-D1: marks carry the 24 floor, not the 44 target); DATA MARK `g.dv-marker` — 11.0x11.0 — under the 24 dense-case minimum (<g> wrapper measured from its circle child (circle diameter 2r)) (s116-D1: marks carry the 24 floor, not the 44 target); DATA MARK `g.dv-marker` — 11.0x11.0 — under the 24 dense-case minimum (<g> wrapper measured from its circle child (circle diameter 2r)) (s116-D1: marks carry the 24 floor, not the 44 target); DATA MARK `g.dv-marker` — 11.0x11.0 — under the 24 dense-case minimum (<g> wrapper measured from its circle child (circle diameter 2r)) (s116-D1: marks carry the 24 floor, not the 44 target); DATA MARK `g.dv-marker` — 11.0x11.0 — under the 24 dense-case minimum (<g> wrapper measured from its circle child (circle diameter 2r)) (s116-D1: marks carry the 24 floor, not the 44 target); DATA MARK `g.dv-marker` — 11.0x11.0 — under the 24 dense-case minimum (<g> wrapper measured from its circle child (circle diameter 2r)) (s116-D1: marks carry the 24 floor, not the 44 target); DATA MARK `g.dv-marker` — 11.0x11.0 — under the 24 dense-case minimum (<g> wrapper measured from its circle child (circle diameter 2r)) (s116-D1: marks carry the 24 floor, not the 44 target); DATA MARK `g.dv-marker` — 11.0x11.0 — under the 24 dense-case minimum (<g> wrapper measured from its circle child (circle diameter 2r)) (s116-D1: marks carry the 24 floor, not the 44 target); DATA MARK `g.dv-marker` — 11.0x11.0 — under the 24 dense-case minimum (<g> wrapper measured from its circle child (circle diameter 2r)) (s116-D1: marks carry the 24 floor, not the 44 target); DATA MARK `g.dv-marker` — 11.0x11.0 — under the 24 dense-case minimum (<g> wrapper measured from its circle child (circle diameter 2r)) (s116-D1: marks carry the 24 floor, not the 44 target); DATA MARK `g.dv-marker` — 11.0x11.0 — under the 24 dense-case minimum (<g> wrapper measured from its circle child (circle diameter 2r)) (s116-D1: marks carry the 24 floor, not the 44 target); DATA MARK `g.dv-marker` — 11.0x11.0 — under the 24 dense-case minimum (<g> wrapper measured from its circle child (circle diameter 2r)) (s116-D1: marks carry the 24 floor, not the 44 target); DATA MARK `g.dv-marker` — 11.0x11.0 — under the 24 dense-case minimum (<g> wrapper measured from its circle child (circle diameter 2r)) (s116-D1: marks carry the 24 floor, not the 44 target); DATA MARK `g.dv-marker` — 11.0x11.0 — under the 24 dense-case minimum (<g> wrapper measured from its circle child (circle diameter 2r)) (s116-D1: marks carry the 24 floor, not the 44 target); DATA MARK `g.dv-marker` — 11.0x11.0 — under the 24 dense-case minimum (<g> wrapper measured from its circle child (circle diameter 2r)) (s116-D1: marks carry the 24 floor, not the 44 target); DATA MARK `g.dv-marker` — 11.0x11.0 — under the 24 dense-case minimum (<g> wrapper measured from its circle child (circle diameter 2r)) (s116-D1: marks carry the 24 floor, not the 44 target); DATA MARK `g.dv-marker` — 11.0x11.0 — under the 24 dense-case minimum (<g> wrapper measured from its circle child (circle diameter 2r)) (s116-D1: marks carry the 24 floor, not the 44 target); DATA MARK `g.dv-marker` — 11.0x11.0 — under the 24 dense-case minimum (<g> wrapper measured from its circle child (circle diameter 2r)) (s116-D1: marks carry the 24 floor, not the 44 target); DATA MARK `g.dv-marker` — 11.0x11.0 — under the 24 dense-case minimum (<g> wrapper measured from its circle child (circle diameter 2r)) (s116-D1: marks carry the 24 floor, not the 44 target); DATA MARK `g.dv-marker` — 11.0x11.0 — under the 24 dense-case minimum (<g> wrapper measured from its circle child (circle diameter 2r)) (s116-D1: marks carry the 24 floor, not the 44 target); DATA MARK `g.dv-marker` — 11.0x11.0 — under the 24 dense-case minimum (<g> wrapper measured from its circle child (circle diameter 2r)) (s116-D1: marks carry the 24 floor, not the 44 target); DATA MARK `g.dv-marker` — 11.0x11.0 — under the 24 dense-case minimum (<g> wrapper measured from its circle child (circle diameter 2r)) (s116-D1: marks carry the 24 floor, not the 44 target); DATA MARK `g.dv-marker` — 11.0x11.0 — under the 24 dense-case minimum (<g> wrapper measured from its circle child (circle diameter 2r)) (s116-D1: marks carry the 24 floor, not the 44 target); DATA MARK `g.dv-marker` — 11.0x11.0 — under the 24 dense-case minimum (<g> wrapper measured from its circle child (circle diameter 2r)) (s116-D1: marks carry the 24 floor, not the 44 target); DATA MARK `g.dv-marker` — 11.0x11.0 — under the 24 dense-case minimum (<g> wrapper measured from its circle child (circle diameter 2r)) (s116-D1: marks carry the 24 floor, not the 44 target); DATA MARK `g.dv-marker` — 11.0x11.0 — under the 24 dense-case minimum (<g> wrapper measured from its circle child (circle diameter 2r)) (s116-D1: marks carry the 24 floor, not the 44 target); DATA MARK `g.dv-marker` — 11.0x11.0 — under the 24 dense-case minimum (<g> wrapper measured from its circle child (circle diameter 2r)) (s116-D1: marks carry the 24 floor, not the 44 target); DATA MARK `g.dv-marker` — 11.0x11.0 — under the 24 dense-case minimum (<g> wrapper measured from its circle child (circle diameter 2r)) (s116-D1: marks carry the 24 floor, not the 44 target); DATA MARK `g.dv-marker` — 11.0x11.0 — under the 24 dense-case minimum (<g> wrapper measured from its circle child (circle diameter 2r)) (s116-D1: marks carry the 24 floor, not the 44 target); DATA MARK `g.dv-marker` — 11.0x11.0 — under the 24 dense-case minimum (<g> wrapper measured from its circle child (circle diameter 2r)) (s116-D1: marks carry the 24 floor, not the 44 target); DATA MARK `g.dv-marker` — 11.0x11.0 — under the 24 dense-case minimum (<g> wrapper measured from its circle child (circle diameter 2r)) (s116-D1: marks carry the 24 floor, not the 44 target); DATA MARK `g.dv-marker` — 11.0x11.0 — under the 24 dense-case minimum (<g> wrapper measured from its circle child (circle diameter 2r)) (s116-D1: marks carry the 24 floor, not the 44 target); DATA MARK `g.dv-marker` — 11.0x11.0 — under the 24 dense-case minimum (<g> wrapper measured from its circle child (circle diameter 2r)) (s116-D1: marks carry the 24 floor, not the 44 target); DATA MARK `g.dv-marker` — 11.0x11.0 — under the 24 dense-case minimum (<g> wrapper measured from its circle child (circle diameter 2r)) (s116-D1: marks carry the 24 floor, not the 44 target); DATA MARK `g.dv-marker` — 11.0x11.0 — under the 24 dense-case minimum (<g> wrapper measured from its circle child (circle diameter 2r)) (s116-D1: marks carry the 24 floor, not the 44 target); DATA MARK `g.dv-marker` — 11.0x11.0 — under the 24 dense-case minimum (<g> wrapper measured from its rect child (rect w/h attrs)) (s116-D1: marks carry the 24 floor, not the 44 target); DATA MARK `g.dv-marker` — 11.0x11.0 — under the 24 dense-case minimum (<g> wrapper measured from its rect child (rect w/h attrs)) (s116-D1: marks carry the 24 floor, not the 44 target); DATA MARK `g.dv-marker` — 11.0x11.0 — under the 24 dense-case minimum (<g> wrapper measured from its rect child (rect w/h attrs)) (s116-D1: marks carry the 24 floor, not the 44 target); DATA MARK `g.dv-marker` — 11.0x11.0 — under the 24 dense-case minimum (<g> wrapper measured from its rect child (rect w/h attrs)) (s116-D1: marks carry the 24 floor, not the 44 target); DATA MARK `g.dv-marker` — 11.0x11.0 — under the 24 dense-case minimum (<g> wrapper measured from its rect child (rect w/h attrs)) (s116-D1: marks carry the 24 floor, not the 44 target); DATA MARK `g.dv-marker` — 11.0x11.0 — under the 24 dense-case minimum (<g> wrapper measured from its rect child (rect w/h attrs)) (s116-D1: marks carry the 24 floor, not the 44 target); DATA MARK `g.dv-marker` — 11.0x11.0 — under the 24 dense-case minimum (<g> wrapper measured from its rect child (rect w/h attrs)) (s116-D1: marks carry the 24 floor, not the 44 target); DATA MARK `g.dv-marker` — 11.0x11.0 — under the 24 dense-case minimum (<g> wrapper measured from its rect child (rect w/h attrs)) (s116-D1: marks carry the 24 floor, not the 44 target); DATA MARK `g.dv-marker` — 11.0x11.0 — under the 24 dense-case minimum (<g> wrapper measured from its rect child (rect w/h attrs)) (s116-D1: marks carry the 24 floor, not the 44 target); DATA MARK `g.dv-marker` — 11.0x11.0 — under the 24 dense-case minimum (<g> wrapper measured from its rect child (rect w/h attrs)) (s116-D1: marks carry the 24 floor, not the 44 target); DATA MARK `g.dv-marker` — 11.0x11.0 — under the 24 dense-case minimum (<g> wrapper measured from its rect child (rect w/h attrs)) (s116-D1: marks carry the 24 floor, not the 44 target); DATA MARK `g.dv-marker` — 11.0x11.0 — under the 24 dense-case minimum (<g> wrapper measured from its rect child (rect w/h attrs)) (s116-D1: marks carry the 24 floor, not the 44 target); DATA MARK `g.dv-marker` — 13.0x13.0 — under the 24 dense-case minimum (<g> wrapper measured from its polygon child (polygon bbox)) (s116-D1: marks carry the 24 floor, not the 44 target); DATA MARK `g.dv-marker` — 13.0x13.0 — under the 24 dense-case minimum (<g> wrapper measured from its polygon child (polygon bbox)) (s116-D1: marks carry the 24 floor, not the 44 target); DATA MARK `g.dv-marker` — 13.0x13.0 — under the 24 dense-case minimum (<g> wrapper measured from its polygon child (polygon bbox)) (s116-D1: marks carry the 24 floor, not the 44 target); DATA MARK `g.dv-marker` — 13.0x13.0 — under the 24 dense-case minimum (<g> wrapper measured from its polygon child (polygon bbox)) (s116-D1: marks carry the 24 floor, not the 44 target); DATA MARK `g.dv-marker` — 13.0x13.0 — under the 24 dense-case minimum (<g> wrapper measured from its polygon child (polygon bbox)) (s116-D1: marks carry the 24 floor, not the 44 target); DATA MARK `g.dv-marker` — 13.0x13.0 — under the 24 dense-case minimum (<g> wrapper measured from its polygon child (polygon bbox)) (s116-D1: marks carry the 24 floor, not the 44 target); DATA MARK `g.dv-marker` — 13.0x13.0 — under the 24 dense-case minimum (<g> wrapper measured from its polygon child (polygon bbox)) (s116-D1: marks carry the 24 floor, not the 44 target); DATA MARK `g.dv-marker` — 13.0x13.0 — under the 24 dense-case minimum (<g> wrapper measured from its polygon child (polygon bbox)) (s116-D1: marks carry the 24 floor, not the 44 target); DATA MARK `g.dv-marker` — 13.0x13.0 — under the 24 dense-case minimum (<g> wrapper measured from its polygon child (polygon bbox)) (s116-D1: marks carry the 24 floor, not the 44 target); DATA MARK `g.dv-marker` — 13.0x13.0 — under the 24 dense-case minimum (<g> wrapper measured from its polygon child (polygon bbox)) (s116-D1: marks carry the 24 floor, not the 44 target); DATA MARK `g.dv-marker` — 13.0x13.0 — under the 24 dense-case minimum (<g> wrapper measured from its polygon child (polygon bbox)) (s116-D1: marks carry the 24 floor, not the 44 target); DATA MARK `g.dv-marker` — 13.0x13.0 — under the 24 dense-case minimum (<g> wrapper measured from its polygon child (polygon bbox)) (s116-D1: marks carry the 24 floor, not the 44 target); DATA MARK `g.dv-marker` — 8.4x8.4 — under the 24 dense-case minimum (<g> wrapper measured from its circle child (circle diameter 2r)) (s116-D1: marks carry the 24 floor, not the 44 target); DATA MARK `g.dv-marker` — 8.4x8.4 — under the 24 dense-case minimum (<g> wrapper measured from its circle child (circle diameter 2r)) (s116-D1: marks carry the 24 floor, not the 44 target); DATA MARK `g.dv-marker` — 8.4x8.4 — under the 24 dense-case minimum (<g> wrapper measured from its circle child (circle diameter 2r)) (s116-D1: marks carry the 24 floor, not the 44 target); DATA MARK `g.dv-marker` — 8.4x8.4 — under the 24 dense-case minimum (<g> wrapper measured from its circle child (circle diameter 2r)) (s116-D1: marks carry the 24 floor, not the 44 target); DATA MARK `g.dv-marker` — 8.4x8.4 — under the 24 dense-case minimum (<g> wrapper measured from its circle child (circle diameter 2r)) (s116-D1: marks carry the 24 floor, not the 44 target); DATA MARK `g.dv-marker` — 8.4x8.4 — under the 24 dense-case minimum (<g> wrapper measured from its circle child (circle diameter 2r)) (s116-D1: marks carry the 24 floor, not the 44 target); DATA MARK `g.dv-marker` — 8.4x8.4 — under the 24 dense-case minimum (<g> wrapper measured from its circle child (circle diameter 2r)) (s116-D1: marks carry the 24 floor, not the 44 target); DATA MARK `g.dv-marker` — 8.4x8.4 — under the 24 dense-case minimum (<g> wrapper measured from its circle child (circle diameter 2r)) (s116-D1: marks carry the 24 floor, not the 44 target); DATA MARK `g.dv-marker` — 8.4x8.4 — under the 24 dense-case minimum (<g> wrapper measured from its circle child (circle diameter 2r)) (s116-D1: marks carry the 24 floor, not the 44 target); DATA MARK `g.dv-marker` — 8.4x8.4 — under the 24 dense-case minimum (<g> wrapper measured from its circle child (circle diameter 2r)) (s116-D1: marks carry the 24 floor, not the 44 target); DATA MARK `g.dv-marker` — 8.4x8.4 — under the 24 dense-case minimum (<g> wrapper measured from its circle child (circle diameter 2r)) (s116-D1: marks carry the 24 floor, not the 44 target); DATA MARK `g.dv-marker` — 8.4x8.4 — under the 24 dense-case minimum (<g> wrapper measured from its circle child (circle diameter 2r)) (s116-D1: marks carry the 24 floor, not the 44 target))
2026-09-27T10:05:50.3243725Z ## nio-dash-console-v1.canon.html
2026-09-27T10:05:50.3245252Z - receipt: UNPROVEN:NO-RECEIPT — this page carries no #provenance-receipt, so nothing about its provenance was measured. Mint one with `python3 knowledge/gen_provenance_receipt.py --mint <path>`; run with --receipt-strict to make this block.
2026-09-27T10:05:50.3246645Z - compose: ✅
2026-09-27T10:05:50.3246978Z - composition: n/a — no .c-bento on this page
2026-09-27T10:05:50.3247368Z - icon-source: ✅ all paths library-matched
2026-09-27T10:05:50.3314747Z - a11y: ✅  (warn: DATA MARK `rect.dv-series` — 14.0x97.2 — under the 24 dense-case minimum (rect w/h attrs) (s116-D1: marks carry the 24 floor, not the 44 target); DATA MARK `rect.dv-series` — 14.0x64.8 — under the 24 dense-case minimum (rect w/h attrs) (s116-D1: marks carry the 24 floor, not the 44 target); DATA MARK `rect.dv-series` — 14.0x133.9 — under the 24 dense-case minimum (rect w/h attrs) (s116-D1: marks carry the 24 floor, not the 44 target); DATA MARK `rect.dv-series` — 14.0x216.0 — under the 24 dense-case minimum (rect w/h attrs) (s116-D1: marks carry the 24 floor, not the 44 target); DATA MARK `rect.dv-series` — 14.0x38.9 — under the 24 dense-case minimum (rect w/h attrs) (s116-D1: marks carry the 24 floor, not the 44 target); DATA MARK `rect.dv-series` — 14.0x47.5 — under the 24 dense-case minimum (rect w/h attrs) (s116-D1: marks carry the 24 floor, not the 44 target); DATA MARK `rect.dv-series` — 14.0x118.8 — under the 24 dense-case minimum (rect w/h attrs) (s116-D1: marks carry the 24 floor, not the 44 target); DATA MARK `rect.dv-series` — 14.0x129.6 — under the 24 dense-case minimum (rect w/h attrs) (s116-D1: marks carry the 24 floor, not the 44 target); DATA MARK `rect.dv-series` — 14.0x183.6 — under the 24 dense-case minimum (rect w/h attrs) (s116-D1: marks carry the 24 floor, not the 44 target); DATA MARK `rect.dv-series` — 14.0x86.4 — under the 24 dense-case minimum (rect w/h attrs) (s116-D1: marks carry the 24 floor, not the 44 target); DATA MARK `rect.dv-series` — 14.0x90.7 — under the 24 dense-case minimum (rect w/h attrs) (s116-D1: marks carry the 24 floor, not the 44 target); DATA MARK `rect.dv-series` — 14.0x64.8 — under the 24 dense-case minimum (rect w/h attrs) (s116-D1: marks carry the 24 floor, not the 44 target); DATA MARK `rect.dv-series` — 14.0x125.3 — under the 24 dense-case minimum (rect w/h attrs) (s116-D1: marks carry the 24 floor, not the 44 target); DATA MARK `rect.dv-series` — 14.0x99.4 — under the 24 dense-case minimum (rect w/h attrs) (s116-D1: marks carry the 24 floor, not the 44 target); DATA MARK `rect.dv-series` — 14.0x108.0 — under the 24 dense-case minimum (rect w/h attrs) (s116-D1: marks carry the 24 floor, not the 44 target); DATA MARK `rect.dv-series` — 14.0x129.6 — under the 24 dense-case minimum (rect w/h attrs) (s116-D1: marks carry the 24 floor, not the 44 target); DATA MARK `rect.dv-series` — 14.0x205.2 — under the 24 dense-case minimum (rect w/h attrs) (s116-D1: marks carry the 24 floor, not the 44 target); DATA MARK `rect.dv-series` — 14.0x155.5 — under the 24 dense-case minimum (rect w/h attrs) (s116-D1: marks carry the 24 floor, not the 44 target); DATA MARK `rect.dv-series` — 14.0x86.4 — under the 24 dense-case minimum (rect w/h attrs) (s116-D1: marks carry the 24 floor, not the 44 target); DATA MARK `rect.dv-series` — 14.0x140.4 — under the 24 dense-case minimum (rect w/h attrs) (s116-D1: marks carry the 24 floor, not the 44 target); DATA MARK `rect.dv-series` — 14.0x64.8 — under the 24 dense-case minimum (rect w/h attrs) (s116-D1: marks carry the 24 floor, not the 44 target); DATA MARK `rect.dv-series` — 14.0x47.5 — under the 24 dense-case minimum (rect w/h attrs) (s116-D1: marks carry the 24 floor, not the 44 target); DATA MARK `rect.dv-series` — 14.0x43.2 — under the 24 dense-case minimum (rect w/h attrs) (s116-D1: marks carry the 24 floor, not the 44 target); DATA MARK `rect.dv-series` — 14.0x54.0 — under the 24 dense-case minimum (rect w/h attrs) (s116-D1: marks carry the 24 floor, not the 44 target); DATA MARK `path.dv-donut-seg.dv-marker.dv-series` — 40.0x11.5 — under the 24 dense-case minimum (arc segment: radial thickness 40.0, mid-radius arc length 11.5) (s116-D1: marks carry the 24 floor, not the 44 target); DATA MARK `path.dv-donut-seg.dv-marker.dv-series` — 40.0x21.2 — under the 24 dense-case minimum (arc segment: radial thickness 40.0, mid-radius arc length 21.2) (s116-D1: marks carry the 24 floor, not the 44 target); DATA MARK `g.dv-marker` — 11.0x11.0 — under the 24 dense-case minimum (<g> wrapper measured from its circle child (circle diameter 2r)) (s116-D1: marks carry the 24 floor, not the 44 target); DATA MARK `g.dv-marker` — 11.0x11.0 — under the 24 dense-case minimum (<g> wrapper measured from its circle child (circle diameter 2r)) (s116-D1: marks carry the 24 floor, not the 44 target); DATA MARK `g.dv-marker` — 11.0x11.0 — under the 24 dense-case minimum (<g> wrapper measured from its circle child (circle diameter 2r)) (s116-D1: marks carry the 24 floor, not the 44 target); DATA MARK `g.dv-marker` — 11.0x11.0 — under the 24 dense-case minimum (<g> wrapper measured from its circle child (circle diameter 2r)) (s116-D1: marks carry the 24 floor, not the 44 target); DATA MARK `g.dv-marker` — 11.0x11.0 — under the 24 dense-case minimum (<g> wrapper measured from its circle child (circle diameter 2r)) (s116-D1: marks carry the 24 floor, not the 44 target); DATA MARK `g.dv-marker` — 11.0x11.0 — under the 24 dense-case minimum (<g> wrapper measured from its circle child (circle diameter 2r)) (s116-D1: marks carry the 24 floor, not the 44 target); DATA MARK `g.dv-marker` — 11.0x11.0 — under the 24 dense-case minimum (<g> wrapper measured from its circle child (circle diameter 2r)) (s116-D1: marks carry the 24 floor, not the 44 target); DATA MARK `g.dv-marker` — 11.0x11.0 — under the 24 dense-case minimum (<g> wrapper measured from its circle child (circle diameter 2r)) (s116-D1: marks carry the 24 floor, not the 44 target); DATA MARK `g.dv-marker` — 11.0x11.0 — under the 24 dense-case minimum (<g> wrapper measured from its circle child (circle diameter 2r)) (s116-D1: marks carry the 24 floor, not the 44 target); DATA MARK `g.dv-marker` — 11.0x11.0 — under the 24 dense-case minimum (<g> wrapper measured from its circle child (circle diameter 2r)) (s116-D1: marks carry the 24 floor, not the 44 target); DATA MARK `g.dv-marker` — 11.0x11.0 — under the 24 dense-case minimum (<g> wrapper measured from its circle child (circle diameter 2r)) (s116-D1: marks carry the 24 floor, not the 44 target); DATA MARK `g.dv-marker` — 11.0x11.0 — under the 24 dense-case minimum (<g> wrapper measured from its circle child (circle diameter 2r)) (s116-D1: marks carry the 24 floor, not the 44 target); DATA MARK `g.dv-marker` — 11.0x11.0 — under the 24 dense-case minimum (<g> wrapper measured from its circle child (circle diameter 2r)) (s116-D1: marks carry the 24 floor, not the 44 target); DATA MARK `g.dv-marker` — 11.0x11.0 — under the 24 dense-case minimum (<g> wrapper measured from its circle child (circle diameter 2r)) (s116-D1: marks carry the 24 floor, not the 44 target); DATA MARK `g.dv-marker` — 11.0x11.0 — under the 24 dense-case minimum (<g> wrapper measured from its circle child (circle diameter 2r)) (s116-D1: marks carry the 24 floor, not the 44 target); DATA MARK `g.dv-marker` — 11.0x11.0 — under the 24 dense-case minimum (<g> wrapper measured from its circle child (circle diameter 2r)) (s116-D1: marks carry the 24 floor, not the 44 target); DATA MARK `g.dv-marker` — 11.0x11.0 — under the 24 dense-case minimum (<g> wrapper measured from its circle child (circle diameter 2r)) (s116-D1: marks carry the 24 floor, not the 44 target); DATA MARK `g.dv-marker` — 11.0x11.0 — under the 24 dense-case minimum (<g> wrapper measured from its circle child (circle diameter 2r)) (s116-D1: marks carry the 24 floor, not the 44 target); DATA MARK `g.dv-marker` — 11.0x11.0 — under the 24 dense-case minimum (<g> wrapper measured from its circle child (circle diameter 2r)) (s116-D1: marks carry the 24 floor, not the 44 target); DATA MARK `g.dv-marker` — 11.0x11.0 — under the 24 dense-case minimum (<g> wrapper measured from its circle child (circle diameter 2r)) (s116-D1: marks carry the 24 floor, not the 44 target); DATA MARK `g.dv-marker` — 11.0x11.0 — under the 24 dense-case minimum (<g> wrapper measured from its circle child (circle diameter 2r)) (s116-D1: marks carry the 24 floor, not the 44 target); DATA MARK `g.dv-marker` — 11.0x11.0 — under the 24 dense-case minimum (<g> wrapper measured from its circle child (circle diameter 2r)) (s116-D1: marks carry the 24 floor, not the 44 target); DATA MARK `g.dv-marker` — 11.0x11.0 — under the 24 dense-case minimum (<g> wrapper measured from its circle child (circle diameter 2r)) (s116-D1: marks carry the 24 floor, not the 44 target); DATA MARK `g.dv-marker` — 11.0x11.0 — under the 24 dense-case minimum (<g> wrapper measured from its circle child (circle diameter 2r)) (s116-D1: marks carry the 24 floor, not the 44 target); DATA MARK `g.dv-marker` — 11.0x11.0 — under the 24 dense-case minimum (<g> wrapper measured from its rect child (rect w/h attrs)) (s116-D1: marks carry the 24 floor, not the 44 target); DATA MARK `g.dv-marker` — 11.0x11.0 — under the 24 dense-case minimum (<g> wrapper measured from its rect child (rect w/h attrs)) (s116-D1: marks carry the 24 floor, not the 44 target); DATA MARK `g.dv-marker` — 11.0x11.0 — under the 24 dense-case minimum (<g> wrapper measured from its rect child (rect w/h attrs)) (s116-D1: marks carry the 24 floor, not the 44 target); DATA MARK `g.dv-marker` — 11.0x11.0 — under the 24 dense-case minimum (<g> wrapper measured from its rect child (rect w/h attrs)) (s116-D1: marks carry the 24 floor, not the 44 target); DATA MARK `g.dv-marker` — 11.0x11.0 — under the 24 dense-case minimum (<g> wrapper measured from its rect child (rect w/h attrs)) (s116-D1: marks carry the 24 floor, not the 44 target); DATA MARK `g.dv-marker` — 11.0x11.0 — under the 24 dense-case minimum (<g> wrapper measured from its rect child (rect w/h attrs)) (s116-D1: marks carry the 24 floor, not the 44 target); DATA MARK `g.dv-marker` — 11.0x11.0 — under the 24 dense-case minimum (<g> wrapper measured from its rect child (rect w/h attrs)) (s116-D1: marks carry the 24 floor, not the 44 target); DATA MARK `g.dv-marker` — 11.0x11.0 — under the 24 dense-case minimum (<g> wrapper measured from its rect child (rect w/h attrs)) (s116-D1: marks carry the 24 floor, not the 44 target); DATA MARK `g.dv-marker` — 11.0x11.0 — under the 24 dense-case minimum (<g> wrapper measured from its rect child (rect w/h attrs)) (s116-D1: marks carry the 24 floor, not the 44 target); DATA MARK `g.dv-marker` — 11.0x11.0 — under the 24 dense-case minimum (<g> wrapper measured from its rect child (rect w/h attrs)) (s116-D1: marks carry the 24 floor, not the 44 target); DATA MARK `g.dv-marker` — 11.0x11.0 — under the 24 dense-case minimum (<g> wrapper measured from its rect child (rect w/h attrs)) (s116-D1: marks carry the 24 floor, not the 44 target); DATA MARK `g.dv-marker` — 11.0x11.0 — under the 24 dense-case minimum (<g> wrapper measured from its rect child (rect w/h attrs)) (s116-D1: marks carry the 24 floor, not the 44 target); DATA MARK `g.dv-marker` — 13.0x13.0 — under the 24 dense-case minimum (<g> wrapper measured from its polygon child (polygon bbox)) (s116-D1: marks carry the 24 floor, not the 44 target); DATA MARK `g.dv-marker` — 13.0x13.0 — under the 24 dense-case minimum (<g> wrapper measured from its polygon child (polygon bbox)) (s116-D1: marks carry the 24 floor, not the 44 target); DATA MARK `g.dv-marker` — 13.0x13.0 — under the 24 dense-case minimum (<g> wrapper measured from its polygon child (polygon bbox)) (s116-D1: marks carry the 24 floor, not the 44 target); DATA MARK `g.dv-marker` — 13.0x13.0 — under the 24 dense-case minimum (<g> wrapper measured from its polygon child (polygon bbox)) (s116-D1: marks carry the 24 floor, not the 44 target); DATA MARK `g.dv-marker` — 13.0x13.0 — under the 24 dense-case minimum (<g> wrapper measured from its polygon child (polygon bbox)) (s116-D1: marks carry the 24 floor, not the 44 target); DATA MARK `g.dv-marker` — 13.0x13.0 — under the 24 dense-case minimum (<g> wrapper measured from its polygon child (polygon bbox)) (s116-D1: marks carry the 24 floor, not the 44 target); DATA MARK `g.dv-marker` — 13.0x13.0 — under the 24 dense-case minimum (<g> wrapper measured from its polygon child (polygon bbox)) (s116-D1: marks carry the 24 floor, not the 44 target); DATA MARK `g.dv-marker` — 13.0x13.0 — under the 24 dense-case minimum (<g> wrapper measured from its polygon child (polygon bbox)) (s116-D1: marks carry the 24 floor, not the 44 target); DATA MARK `g.dv-marker` — 13.0x13.0 — under the 24 dense-case minimum (<g> wrapper measured from its polygon child (polygon bbox)) (s116-D1: marks carry the 24 floor, not the 44 target); DATA MARK `g.dv-marker` — 13.0x13.0 — under the 24 dense-case minimum (<g> wrapper measured from its polygon child (polygon bbox)) (s116-D1: marks carry the 24 floor, not the 44 target); DATA MARK `g.dv-marker` — 13.0x13.0 — under the 24 dense-case minimum (<g> wrapper measured from its polygon child (polygon bbox)) (s116-D1: marks carry the 24 floor, not the 44 target); DATA MARK `g.dv-marker` — 13.0x13.0 — under the 24 dense-case minimum (<g> wrapper measured from its polygon child (polygon bbox)) (s116-D1: marks carry the 24 floor, not the 44 target); DATA MARK `g.dv-marker` — 11.0x11.0 — under the 24 dense-case minimum (<g> wrapper measured from its rect child (rect w/h attrs)) (s116-D1: marks carry the 24 floor, not the 44 target); DATA MARK `g.dv-marker` — 11.0x11.0 — under the 24 dense-case minimum (<g> wrapper measured from its rect child (rect w/h attrs)) (s116-D1: marks carry the 24 floor, not the 44 target); DATA MARK `g.dv-marker` — 11.0x11.0 — under the 24 dense-case minimum (<g> wrapper measured from its rect child (rect w/h attrs)) (s116-D1: marks carry the 24 floor, not the 44 target); DATA MARK `g.dv-marker` — 11.0x11.0 — under the 24 dense-case minimum (<g> wrapper measured from its rect child (rect w/h attrs)) (s116-D1: marks carry the 24 floor, not the 44 target); DATA MARK `g.dv-marker` — 11.0x11.0 — under the 24 dense-case minimum (<g> wrapper measured from its rect child (rect w/h attrs)) (s116-D1: marks carry the 24 floor, not the 44 target); DATA MARK `g.dv-marker` — 11.0x11.0 — under the 24 dense-case minimum (<g> wrapper measured from its rect child (rect w/h attrs)) (s116-D1: marks carry the 24 floor, not the 44 target); DATA MARK `g.dv-marker` — 11.0x11.0 — under the 24 dense-case minimum (<g> wrapper measured from its rect child (rect w/h attrs)) (s116-D1: marks carry the 24 floor, not the 44 target); DATA MARK `g.dv-marker` — 11.0x11.0 — under the 24 dense-case minimum (<g> wrapper measured from its rect child (rect w/h attrs)) (s116-D1: marks carry the 24 floor, not the 44 target); DATA MARK `g.dv-marker` — 11.0x11.0 — under the 24 dense-case minimum (<g> wrapper measured from its rect child (rect w/h attrs)) (s116-D1: marks carry the 24 floor, not the 44 target); DATA MARK `g.dv-marker` — 11.0x11.0 — under the 24 dense-case minimum (<g> wrapper measured from its rect child (rect w/h attrs)) (s116-D1: marks carry the 24 floor, not the 44 target); DATA MARK `g.dv-marker` — 11.0x11.0 — under the 24 dense-case minimum (<g> wrapper measured from its rect child (rect w/h attrs)) (s116-D1: marks carry the 24 floor, not the 44 target); DATA MARK `g.dv-marker` — 11.0x11.0 — under the 24 dense-case minimum (<g> wrapper measured from its rect child (rect w/h attrs)) (s116-D1: marks carry the 24 floor, not the 44 target); DATA MARK `rect.dv-series` — 20.0x64.8 — under the 24 dense-case minimum (rect w/h attrs) (s116-D1: marks carry the 24 floor, not the 44 target); DATA MARK `rect.dv-series` — 20.0x118.8 — under the 24 dense-case minimum (rect w/h attrs) (s116-D1: marks carry the 24 floor, not the 44 target); DATA MARK `rect.dv-series` — 20.0x95.0 — under the 24 dense-case minimum (rect w/h attrs) (s116-D1: marks carry the 24 floor, not the 44 target); DATA MARK `rect.dv-series` — 20.0x108.0 — under the 24 dense-case minimum (rect w/h attrs) (s116-D1: marks carry the 24 floor, not the 44 target); DATA MARK `rect.dv-series` — 20.0x146.9 — under the 24 dense-case minimum (rect w/h attrs) (s116-D1: marks carry the 24 floor, not the 44 target); DATA MARK `rect.dv-series` — 20.0x177.1 — under the 24 dense-case minimum (rect w/h attrs) (s116-D1: marks carry the 24 floor, not the 44 target); DATA MARK `rect.dv-series` — 20.0x38.9 — under the 24 dense-case minimum (rect w/h attrs) (s116-D1: marks carry the 24 floor, not the 44 target); DATA MARK `rect.dv-series` — 20.0x51.8 — under the 24 dense-case minimum (rect w/h attrs) (s116-D1: marks carry the 24 floor, not the 44 target); DATA MARK `rect.dv-series` — 20.0x30.2 — under the 24 dense-case minimum (rect w/h attrs) (s116-D1: marks carry the 24 floor, not the 44 target); DATA MARK `rect.dv-series` — 20.0x86.4 — under the 24 dense-case minimum (rect w/h attrs) (s116-D1: marks carry the 24 floor, not the 44 target); DATA MARK `rect.dv-series` — 20.0x112.3 — under the 24 dense-case minimum (rect w/h attrs) (s116-D1: marks carry the 24 floor, not the 44 target); DATA MARK `rect.dv-series` — 20.0x99.4 — under the 24 dense-case minimum (rect w/h attrs) (s116-D1: marks carry the 24 floor, not the 44 target); DATA MARK `rect.dv-series` — 20.0x198.7 — under the 24 dense-case minimum (rect w/h attrs) (s116-D1: marks carry the 24 floor, not the 44 target); DATA MARK `rect.dv-series` — 20.0x151.2 — under the 24 dense-case minimum (rect w/h attrs) (s116-D1: marks carry the 24 floor, not the 44 target); DATA MARK `rect.dv-series` — 20.0x129.6 — under the 24 dense-case minimum (rect w/h attrs) (s116-D1: marks carry the 24 floor, not the 44 target); DATA MARK `rect.dv-series` — 20.0x47.5 — under the 24 dense-case minimum (rect w/h attrs) (s116-D1: marks carry the 24 floor, not the 44 target); DATA MARK `rect.dv-series` — 20.0x99.4 — under the 24 dense-case minimum (rect w/h attrs) (s116-D1: marks carry the 24 floor, not the 44 target); DATA MARK `rect.dv-series` — 20.0x82.1 — under the 24 dense-case minimum (rect w/h attrs) (s116-D1: marks carry the 24 floor, not the 44 target))
2026-09-27T10:05:50.3354379Z ## nio-dash-console-v2.canon.html
2026-09-27T10:05:50.3355509Z - receipt: UNPROVEN:NO-RECEIPT — this page carries no #provenance-receipt, so nothing about its provenance was measured. Mint one with `python3 knowledge/gen_provenance_receipt.py --mint <path>`; run with --receipt-strict to make this block.
2026-09-27T10:05:50.3356409Z - compose: ✅
2026-09-27T10:05:50.3356639Z - composition: n/a — no .c-bento on this page
2026-09-27T10:05:50.3356923Z - icon-source: ✅ all paths library-matched
2026-09-27T10:05:50.3402984Z - a11y: ✅  (warn: DATA MARK `rect.dv-series` — 14.0x97.2 — under the 24 dense-case minimum (rect w/h attrs) (s116-D1: marks carry the 24 floor, not the 44 target); DATA MARK `rect.dv-series` — 14.0x64.8 — under the 24 dense-case minimum (rect w/h attrs) (s116-D1: marks carry the 24 floor, not the 44 target); DATA MARK `rect.dv-series` — 14.0x133.9 — under the 24 dense-case minimum (rect w/h attrs) (s116-D1: marks carry the 24 floor, not the 44 target); DATA MARK `rect.dv-series` — 14.0x216.0 — under the 24 dense-case minimum (rect w/h attrs) (s116-D1: marks carry the 24 floor, not the 44 target); DATA MARK `rect.dv-series` — 14.0x38.9 — under the 24 dense-case minimum (rect w/h attrs) (s116-D1: marks carry the 24 floor, not the 44 target); DATA MARK `rect.dv-series` — 14.0x47.5 — under the 24 dense-case minimum (rect w/h attrs) (s116-D1: marks carry the 24 floor, not the 44 target); DATA MARK `rect.dv-series` — 14.0x118.8 — under the 24 dense-case minimum (rect w/h attrs) (s116-D1: marks carry the 24 floor, not the 44 target); DATA MARK `rect.dv-series` — 14.0x129.6 — under the 24 dense-case minimum (rect w/h attrs) (s116-D1: marks carry the 24 floor, not the 44 target); DATA MARK `rect.dv-series` — 14.0x183.6 — under the 24 dense-case minimum (rect w/h attrs) (s116-D1: marks carry the 24 floor, not the 44 target); DATA MARK `rect.dv-series` — 14.0x86.4 — under the 24 dense-case minimum (rect w/h attrs) (s116-D1: marks carry the 24 floor, not the 44 target); DATA MARK `rect.dv-series` — 14.0x90.7 — under the 24 dense-case minimum (rect w/h attrs) (s116-D1: marks carry the 24 floor, not the 44 target); DATA MARK `rect.dv-series` — 14.0x64.8 — under the 24 dense-case minimum (rect w/h attrs) (s116-D1: marks carry the 24 floor, not the 44 target); DATA MARK `rect.dv-series` — 14.0x125.3 — under the 24 dense-case minimum (rect w/h attrs) (s116-D1: marks carry the 24 floor, not the 44 target); DATA MARK `rect.dv-series` — 14.0x99.4 — under the 24 dense-case minimum (rect w/h attrs) (s116-D1: marks carry the 24 floor, not the 44 target); DATA MARK `rect.dv-series` — 14.0x108.0 — under the 24 dense-case minimum (rect w/h attrs) (s116-D1: marks carry the 24 floor, not the 44 target); DATA MARK `rect.dv-series` — 14.0x129.6 — under the 24 dense-case minimum (rect w/h attrs) (s116-D1: marks carry the 24 floor, not the 44 target); DATA MARK `rect.dv-series` — 14.0x205.2 — under the 24 dense-case minimum (rect w/h attrs) (s116-D1: marks carry the 24 floor, not the 44 target); DATA MARK `rect.dv-series` — 14.0x155.5 — under the 24 dense-case minimum (rect w/h attrs) (s116-D1: marks carry the 24 floor, not the 44 target); DATA MARK `rect.dv-series` — 14.0x86.4 — under the 24 dense-case minimum (rect w/h attrs) (s116-D1: marks carry the 24 floor, not the 44 target); DATA MARK `rect.dv-series` — 14.0x140.4 — under the 24 dense-case minimum (rect w/h attrs) (s116-D1: marks carry the 24 floor, not the 44 target); DATA MARK `rect.dv-series` — 14.0x64.8 — under the 24 dense-case minimum (rect w/h attrs) (s116-D1: marks carry the 24 floor, not the 44 target); DATA MARK `rect.dv-series` — 14.0x47.5 — under the 24 dense-case minimum (rect w/h attrs) (s116-D1: marks carry the 24 floor, not the 44 target); DATA MARK `rect.dv-series` — 14.0x43.2 — under the 24 dense-case minimum (rect w/h attrs) (s116-D1: marks carry the 24 floor, not the 44 target); DATA MARK `rect.dv-series` — 14.0x54.0 — under the 24 dense-case minimum (rect w/h attrs) (s116-D1: marks carry the 24 floor, not the 44 target); DATA MARK `path.dv-donut-seg.dv-marker.dv-series` — 40.0x11.5 — under the 24 dense-case minimum (arc segment: radial thickness 40.0, mid-radius arc length 11.5) (s116-D1: marks carry the 24 floor, not the 44 target); DATA MARK `path.dv-donut-seg.dv-marker.dv-series` — 40.0x21.2 — under the 24 dense-case minimum (arc segment: radial thickness 40.0, mid-radius arc length 21.2) (s116-D1: marks carry the 24 floor, not the 44 target); DATA MARK `g.dv-marker` — 11.0x11.0 — under the 24 dense-case minimum (<g> wrapper measured from its circle child (circle diameter 2r)) (s116-D1: marks carry the 24 floor, not the 44 target); DATA MARK `g.dv-marker` — 11.0x11.0 — under the 24 dense-case minimum (<g> wrapper measured from its circle child (circle diameter 2r)) (s116-D1: marks carry the 24 floor, not the 44 target); DATA MARK `g.dv-marker` — 11.0x11.0 — under the 24 dense-case minimum (<g> wrapper measured from its circle child (circle diameter 2r)) (s116-D1: marks carry the 24 floor, not the 44 target); DATA MARK `g.dv-marker` — 11.0x11.0 — under the 24 dense-case minimum (<g> wrapper measured from its circle child (circle diameter 2r)) (s116-D1: marks carry the 24 floor, not the 44 target); DATA MARK `g.dv-marker` — 11.0x11.0 — under the 24 dense-case minimum (<g> wrapper measured from its circle child (circle diameter 2r)) (s116-D1: marks carry the 24 floor, not the 44 target); DATA MARK `g.dv-marker` — 11.0x11.0 — under the 24 dense-case minimum (<g> wrapper measured from its circle child (circle diameter 2r)) (s116-D1: marks carry the 24 floor, not the 44 target); DATA MARK `g.dv-marker` — 11.0x11.0 — under the 24 dense-case minimum (<g> wrapper measured from its circle child (circle diameter 2r)) (s116-D1: marks carry the 24 floor, not the 44 target); DATA MARK `g.dv-marker` — 11.0x11.0 — under the 24 dense-case minimum (<g> wrapper measured from its circle child (circle diameter 2r)) (s116-D1: marks carry the 24 floor, not the 44 target); DATA MARK `g.dv-marker` — 11.0x11.0 — under the 24 dense-case minimum (<g> wrapper measured from its circle child (circle diameter 2r)) (s116-D1: marks carry the 24 floor, not the 44 target); DATA MARK `g.dv-marker` — 11.0x11.0 — under the 24 dense-case minimum (<g> wrapper measured from its circle child (circle diameter 2r)) (s116-D1: marks carry the 24 floor, not the 44 target); DATA MARK `g.dv-marker` — 11.0x11.0 — under the 24 dense-case minimum (<g> wrapper measured from its circle child (circle diameter 2r)) (s116-D1: marks carry the 24 floor, not the 44 target); DATA MARK `g.dv-marker` — 11.0x11.0 — under the 24 dense-case minimum (<g> wrapper measured from its circle child (circle diameter 2r)) (s116-D1: marks carry the 24 floor, not the 44 target); DATA MARK `g.dv-marker` — 11.0x11.0 — under the 24 dense-case minimum (<g> wrapper measured from its circle child (circle diameter 2r)) (s116-D1: marks carry the 24 floor, not the 44 target); DATA MARK `g.dv-marker` — 11.0x11.0 — under the 24 dense-case minimum (<g> wrapper measured from its circle child (circle diameter 2r)) (s116-D1: marks carry the 24 floor, not the 44 target); DATA MARK `g.dv-marker` — 11.0x11.0 — under the 24 dense-case minimum (<g> wrapper measured from its circle child (circle diameter 2r)) (s116-D1: marks carry the 24 floor, not the 44 target); DATA MARK `g.dv-marker` — 11.0x11.0 — under the 24 dense-case minimum (<g> wrapper measured from its circle child (circle diameter 2r)) (s116-D1: marks carry the 24 floor, not the 44 target); DATA MARK `g.dv-marker` — 11.0x11.0 — under the 24 dense-case minimum (<g> wrapper measured from its circle child (circle diameter 2r)) (s116-D1: marks carry the 24 floor, not the 44 target); DATA MARK `g.dv-marker` — 11.0x11.0 — under the 24 dense-case minimum (<g> wrapper measured from its circle child (circle diameter 2r)) (s116-D1: marks carry the 24 floor, not the 44 target); DATA MARK `g.dv-marker` — 11.0x11.0 — under the 24 dense-case minimum (<g> wrapper measured from its circle child (circle diameter 2r)) (s116-D1: marks carry the 24 floor, not the 44 target); DATA MARK `g.dv-marker` — 11.0x11.0 — under the 24 dense-case minimum (<g> wrapper measured from its circle child (circle diameter 2r)) (s116-D1: marks carry the 24 floor, not the 44 target); DATA MARK `g.dv-marker` — 11.0x11.0 — under the 24 dense-case minimum (<g> wrapper measured from its circle child (circle diameter 2r)) (s116-D1: marks carry the 24 floor, not the 44 target); DATA MARK `g.dv-marker` — 11.0x11.0 — under the 24 dense-case minimum (<g> wrapper measured from its circle child (circle diameter 2r)) (s116-D1: marks carry the 24 floor, not the 44 target); DATA MARK `g.dv-marker` — 11.0x11.0 — under the 24 dense-case minimum (<g> wrapper measured from its circle child (circle diameter 2r)) (s116-D1: marks carry the 24 floor, not the 44 target); DATA MARK `g.dv-marker` — 11.0x11.0 — under the 24 dense-case minimum (<g> wrapper measured from its circle child (circle diameter 2r)) (s116-D1: marks carry the 24 floor, not the 44 target); DATA MARK `g.dv-marker` — 11.0x11.0 — under the 24 dense-case minimum (<g> wrapper measured from its rect child (rect w/h attrs)) (s116-D1: marks carry the 24 floor, not the 44 target); DATA MARK `g.dv-marker` — 11.0x11.0 — under the 24 dense-case minimum (<g> wrapper measured from its rect child (rect w/h attrs)) (s116-D1: marks carry the 24 floor, not the 44 target); DATA MARK `g.dv-marker` — 11.0x11.0 — under the 24 dense-case minimum (<g> wrapper measured from its rect child (rect w/h attrs)) (s116-D1: marks carry the 24 floor, not the 44 target); DATA MARK `g.dv-marker` — 11.0x11.0 — under the 24 dense-case minimum (<g> wrapper measured from its rect child (rect w/h attrs)) (s116-D1: marks carry the 24 floor, not the 44 target); DATA MARK `g.dv-marker` — 11.0x11.0 — under the 24 dense-case minimum (<g> wrapper measured from its rect child (rect w/h attrs)) (s116-D1: marks carry the 24 floor, not the 44 target); DATA MARK `g.dv-marker` — 11.0x11.0 — under the 24 dense-case minimum (<g> wrapper measured from its rect child (rect w/h attrs)) (s116-D1: marks carry the 24 floor, not the 44 target); DATA MARK `g.dv-marker` — 11.0x11.0 — under the 24 dense-case minimum (<g> wrapper measured from its rect child (rect w/h attrs)) (s116-D1: marks carry the 24 floor, not the 44 target); DATA MARK `g.dv-marker` — 11.0x11.0 — under the 24 dense-case minimum (<g> wrapper measured from its rect child (rect w/h attrs)) (s116-D1: marks carry the 24 floor, not the 44 target); DATA MARK `g.dv-marker` — 11.0x11.0 — under the 24 dense-case minimum (<g> wrapper measured from its rect child (rect w/h attrs)) (s116-D1: marks carry the 24 floor, not the 44 target); DATA MARK `g.dv-marker` — 11.0x11.0 — under the 24 dense-case minimum (<g> wrapper measured from its rect child (rect w/h attrs)) (s116-D1: marks carry the 24 floor, not the 44 target); DATA MARK `g.dv-marker` — 11.0x11.0 — under the 24 dense-case minimum (<g> wrapper measured from its rect child (rect w/h attrs)) (s116-D1: marks carry the 24 floor, not the 44 target); DATA MARK `g.dv-marker` — 11.0x11.0 — under the 24 dense-case minimum (<g> wrapper measured from its rect child (rect w/h attrs)) (s116-D1: marks carry the 24 floor, not the 44 target); DATA MARK `g.dv-marker` — 13.0x13.0 — under the 24 dense-case minimum (<g> wrapper measured from its polygon child (polygon bbox)) (s116-D1: marks carry the 24 floor, not the 44 target); DATA MARK `g.dv-marker` — 13.0x13.0 — under the 24 dense-case minimum (<g> wrapper measured from its polygon child (polygon bbox)) (s116-D1: marks carry the 24 floor, not the 44 target); DATA MARK `g.dv-marker` — 13.0x13.0 — under the 24 dense-case minimum (<g> wrapper measured from its polygon child (polygon bbox)) (s116-D1: marks carry the 24 floor, not the 44 target); DATA MARK `g.dv-marker` — 13.0x13.0 — under the 24 dense-case minimum (<g> wrapper measured from its polygon child (polygon bbox)) (s116-D1: marks carry the 24 floor, not the 44 target); DATA MARK `g.dv-marker` — 13.0x13.0 — under the 24 dense-case minimum (<g> wrapper measured from its polygon child (polygon bbox)) (s116-D1: marks carry the 24 floor, not the 44 target); DATA MARK `g.dv-marker` — 13.0x13.0 — under the 24 dense-case minimum (<g> wrapper measured from its polygon child (polygon bbox)) (s116-D1: marks carry the 24 floor, not the 44 target); DATA MARK `g.dv-marker` — 13.0x13.0 — under the 24 dense-case minimum (<g> wrapper measured from its polygon child (polygon bbox)) (s116-D1: marks carry the 24 floor, not the 44 target); DATA MARK `g.dv-marker` — 13.0x13.0 — under the 24 dense-case minimum (<g> wrapper measured from its polygon child (polygon bbox)) (s116-D1: marks carry the 24 floor, not the 44 target); DATA MARK `g.dv-marker` — 13.0x13.0 — under the 24 dense-case minimum (<g> wrapper measured from its polygon child (polygon bbox)) (s116-D1: marks carry the 24 floor, not the 44 target); DATA MARK `g.dv-marker` — 13.0x13.0 — under the 24 dense-case minimum (<g> wrapper measured from its polygon child (polygon bbox)) (s116-D1: marks carry the 24 floor, not the 44 target); DATA MARK `g.dv-marker` — 13.0x13.0 — under the 24 dense-case minimum (<g> wrapper measured from its polygon child (polygon bbox)) (s116-D1: marks carry the 24 floor, not the 44 target); DATA MARK `g.dv-marker` — 13.0x13.0 — under the 24 dense-case minimum (<g> wrapper measured from its polygon child (polygon bbox)) (s116-D1: marks carry the 24 floor, not the 44 target); DATA MARK `g.dv-marker` — 11.0x11.0 — under the 24 dense-case minimum (<g> wrapper measured from its rect child (rect w/h attrs)) (s116-D1: marks carry the 24 floor, not the 44 target); DATA MARK `g.dv-marker` — 11.0x11.0 — under the 24 dense-case minimum (<g> wrapper measured from its rect child (rect w/h attrs)) (s116-D1: marks carry the 24 floor, not the 44 target); DATA MARK `g.dv-marker` — 11.0x11.0 — under the 24 dense-case minimum (<g> wrapper measured from its rect child (rect w/h attrs)) (s116-D1: marks carry the 24 floor, not the 44 target); DATA MARK `g.dv-marker` — 11.0x11.0 — under the 24 dense-case minimum (<g> wrapper measured from its rect child (rect w/h attrs)) (s116-D1: marks carry the 24 floor, not the 44 target); DATA MARK `g.dv-marker` — 11.0x11.0 — under the 24 dense-case minimum (<g> wrapper measured from its rect child (rect w/h attrs)) (s116-D1: marks carry the 24 floor, not the 44 target); DATA MARK `g.dv-marker` — 11.0x11.0 — under the 24 dense-case minimum (<g> wrapper measured from its rect child (rect w/h attrs)) (s116-D1: marks carry the 24 floor, not the 44 target); DATA MARK `g.dv-marker` — 11.0x11.0 — under the 24 dense-case minimum (<g> wrapper measured from its rect child (rect w/h attrs)) (s116-D1: marks carry the 24 floor, not the 44 target); DATA MARK `g.dv-marker` — 11.0x11.0 — under the 24 dense-case minimum (<g> wrapper measured from its rect child (rect w/h attrs)) (s116-D1: marks carry the 24 floor, not the 44 target); DATA MARK `g.dv-marker` — 11.0x11.0 — under the 24 dense-case minimum (<g> wrapper measured from its rect child (rect w/h attrs)) (s116-D1: marks carry the 24 floor, not the 44 target); DATA MARK `g.dv-marker` — 11.0x11.0 — under the 24 dense-case minimum (<g> wrapper measured from its rect child (rect w/h attrs)) (s116-D1: marks carry the 24 floor, not the 44 target); DATA MARK `g.dv-marker` — 11.0x11.0 — under the 24 dense-case minimum (<g> wrapper measured from its rect child (rect w/h attrs)) (s116-D1: marks carry the 24 floor, not the 44 target); DATA MARK `g.dv-marker` — 11.0x11.0 — under the 24 dense-case minimum (<g> wrapper measured from its rect child (rect w/h attrs)) (s116-D1: marks carry the 24 floor, not the 44 target); DATA MARK `rect.dv-series` — 20.0x64.8 — under the 24 dense-case minimum (rect w/h attrs) (s116-D1: marks carry the 24 floor, not the 44 target); DATA MARK `rect.dv-series` — 20.0x118.8 — under the 24 dense-case minimum (rect w/h attrs) (s116-D1: marks carry the 24 floor, not the 44 target); DATA MARK `rect.dv-series` — 20.0x95.0 — under the 24 dense-case minimum (rect w/h attrs) (s116-D1: marks carry the 24 floor, not the 44 target); DATA MARK `rect.dv-series` — 20.0x108.0 — under the 24 dense-case minimum (rect w/h attrs) (s116-D1: marks carry the 24 floor, not the 44 target); DATA MARK `rect.dv-series` — 20.0x146.9 — under the 24 dense-case minimum (rect w/h attrs) (s116-D1: marks carry the 24 floor, not the 44 target); DATA MARK `rect.dv-series` — 20.0x177.1 — under the 24 dense-case minimum (rect w/h attrs) (s116-D1: marks carry the 24 floor, not the 44 target); DATA MARK `rect.dv-series` — 20.0x38.9 — under the 24 dense-case minimum (rect w/h attrs) (s116-D1: marks carry the 24 floor, not the 44 target); DATA MARK `rect.dv-series` — 20.0x51.8 — under the 24 dense-case minimum (rect w/h attrs) (s116-D1: marks carry the 24 floor, not the 44 target); DATA MARK `rect.dv-series` — 20.0x30.2 — under the 24 dense-case minimum (rect w/h attrs) (s116-D1: marks carry the 24 floor, not the 44 target); DATA MARK `rect.dv-series` — 20.0x86.4 — under the 24 dense-case minimum (rect w/h attrs) (s116-D1: marks carry the 24 floor, not the 44 target); DATA MARK `rect.dv-series` — 20.0x112.3 — under the 24 dense-case minimum (rect w/h attrs) (s116-D1: marks carry the 24 floor, not the 44 target); DATA MARK `rect.dv-series` — 20.0x99.4 — under the 24 dense-case minimum (rect w/h attrs) (s116-D1: marks carry the 24 floor, not the 44 target); DATA MARK `rect.dv-series` — 20.0x198.7 — under the 24 dense-case minimum (rect w/h attrs) (s116-D1: marks carry the 24 floor, not the 44 target); DATA MARK `rect.dv-series` — 20.0x151.2 — under the 24 dense-case minimum (rect w/h attrs) (s116-D1: marks carry the 24 floor, not the 44 target); DATA MARK `rect.dv-series` — 20.0x129.6 — under the 24 dense-case minimum (rect w/h attrs) (s116-D1: marks carry the 24 floor, not the 44 target); DATA MARK `rect.dv-series` — 20.0x47.5 — under the 24 dense-case minimum (rect w/h attrs) (s116-D1: marks carry the 24 floor, not the 44 target); DATA MARK `rect.dv-series` — 20.0x99.4 — under the 24 dense-case minimum (rect w/h attrs) (s116-D1: marks carry the 24 floor, not the 44 target); DATA MARK `rect.dv-series` — 20.0x82.1 — under the 24 dense-case minimum (rect w/h attrs) (s116-D1: marks carry the 24 floor, not the 44 target))
2026-09-27T10:05:50.3441209Z ## payments-journey.canon.html
2026-09-27T10:05:50.3442103Z - receipt: UNPROVEN:NO-RECEIPT — this page carries no #provenance-receipt, so nothing about its provenance was measured. Mint one with `python3 knowledge/gen_provenance_receipt.py --mint <path>`; run with --receipt-strict to make this block.
2026-09-27T10:05:50.3442838Z - compose: ✅
2026-09-27T10:05:50.3443062Z - composition: n/a — no .c-bento on this page
2026-09-27T10:05:50.3443337Z - icon-source: ✅ all paths library-matched
2026-09-27T10:05:50.3443555Z - a11y: ✅
2026-09-27T10:05:50.3443729Z ## sme-payments-desktop.canon.html
2026-09-27T10:05:50.3444539Z - receipt: UNPROVEN:NO-RECEIPT — this page carries no #provenance-receipt, so nothing about its provenance was measured. Mint one with `python3 knowledge/gen_provenance_receipt.py --mint <path>`; run with --receipt-strict to make this block.
2026-09-27T10:05:50.3445235Z - compose: ✅
2026-09-27T10:05:50.3445438Z - composition: n/a — no .c-bento on this page
2026-09-27T10:05:50.3445707Z - icon-source: ✅ all paths library-matched
2026-09-27T10:05:50.3445928Z - a11y: ✅
2026-09-27T10:05:50.3446217Z ## sme-payments-swiss.canon.html
2026-09-27T10:05:50.3447249Z - receipt: UNPROVEN:NO-RECEIPT — this page carries no #provenance-receipt, so nothing about its provenance was measured. Mint one with `python3 knowledge/gen_provenance_receipt.py --mint <path>`; run with --receipt-strict to make this block.
2026-09-27T10:05:50.3447956Z - compose: ✅
2026-09-27T10:05:50.3448176Z - composition: n/a — no .c-bento on this page
2026-09-27T10:05:50.3448450Z - icon-source: ✅ all paths library-matched
2026-09-27T10:05:50.3448665Z - a11y: ✅
2026-09-27T10:05:50.3448850Z ## sme-payments.canon.html
2026-09-27T10:05:50.3449650Z - receipt: UNPROVEN:NO-RECEIPT — this page carries no #provenance-receipt, so nothing about its provenance was measured. Mint one with `python3 knowledge/gen_provenance_receipt.py --mint <path>`; run with --receipt-strict to make this block.
2026-09-27T10:05:50.3450344Z - compose: ✅
2026-09-27T10:05:50.3450553Z - composition: n/a — no .c-bento on this page
2026-09-27T10:05:50.3450824Z - icon-source: ✅ all paths library-matched
2026-09-27T10:05:50.3451053Z - a11y: ✅
2026-09-27T10:05:50.3451151Z 
2026-09-27T10:05:50.3451237Z RESULT: PASS ✅
2026-09-27T10:05:50.3610721Z COULD-NOT-ASK: _validate_state_contrast.py — the 'playwright' module is not installed (ModuleNotFoundError("No module named 'playwright'")) — this gate cannot be proven without it; run `pip install playwright && playwright install chromium` ⇒ THIS IS NOT A SKIP: these arms (including the s152-D1 mutation control) run BLOCKING in the `render` job of .github/workflows/gates.yml, which installs chromium — that job is where this gate's proof of record lives. Nothing here is claimed green; the question was unaskable on this box.
2026-09-27T10:05:50.3914929Z COULD-NOT-ASK: _validate_state_contrast.py — the 'playwright' module is not installed (ModuleNotFoundError("No module named 'playwright'")) — this gate cannot be proven without it; run `pip install playwright && playwright install chromium` ⇒ THIS IS NOT A SKIP: these arms (including the s152-D1 mutation control) run BLOCKING in the `render` job of .github/workflows/gates.yml, which installs chromium — that job is where this gate's proof of record lives. Nothing here is claimed green; the question was unaskable on this box.
2026-09-27T10:05:50.3944611Z 
2026-09-27T10:05:50.3945085Z === [1/152] compliance knowledge graph — compliance/_build_compliance_kg.py ===
2026-09-27T10:05:50.3945482Z 
2026-09-27T10:05:50.3945883Z === [2/152] token blast-radius + graph report — tokens/_build_blast_radius.py ===
2026-09-27T10:05:50.3946364Z 
2026-09-27T10:05:50.3946865Z === [3/152] token blast-radius + graph report — determinism/staleness check (#79 P6) — tokens/_build_blast_radius.py ===
2026-09-27T10:05:50.3947425Z 
2026-09-27T10:05:50.3947874Z === [4/152] token blast-radius + graph report selftest (#79 P6) — tokens/_build_blast_radius.py ===
2026-09-27T10:05:50.3948375Z 
2026-09-27T10:05:50.3948761Z === [5/152] guideline rules index (gate) — guidelines/gen_rules_index.py ===
2026-09-27T10:05:50.3949130Z 
2026-09-27T10:05:50.3949424Z === [6/152] runbook index (generated) — gen_runbook_index.py ===
2026-09-27T10:05:50.3949738Z 
2026-09-27T10:05:50.3950153Z === [7/152] standing-instructions reachability gate — _validate_standing_instructions.py ===
2026-09-27T10:05:50.3950608Z 
2026-09-27T10:05:50.3951112Z === [8/152] help-gate — no entry point may write before it reads argv (#158 class gate) — _validate_help_gate.py ===
2026-09-27T10:05:50.3951618Z 
2026-09-27T10:05:50.3952023Z === [9/152] help-gate selftest — 5 mutation bites (#158 class gate) — _validate_help_gate.py ===
2026-09-27T10:05:50.3952456Z 
2026-09-27T10:05:50.3952841Z === [10/152] assertion veracity gate — claims that can rot — _validate_assertions.py ===
2026-09-27T10:05:50.3953257Z 
2026-09-27T10:05:50.3953774Z ⊘ step 'assertion veracity gate — claims that can rot' COULD-NOT-ASK (exit 77) — declared refusal, build continues
2026-09-27T10:05:50.3954302Z 
2026-09-27T10:05:50.3954839Z === [11/152] assertion veracity selftest — verbs bite + registry well-formed (#77 periphery) — _validate_assertions.py ===
2026-09-27T10:05:50.3955753Z 
2026-09-27T10:05:50.3956628Z === [12/152] capture/provenance gate — status+provenance on new notes+dossiers (Memento §4.1) — _capture_gate.py ===
2026-09-27T10:05:50.3957164Z 
2026-09-27T10:05:50.3957508Z === [13/152] capture/provenance selftest (Memento §4.1) — _capture_gate.py ===
2026-09-27T10:05:50.3957875Z 
2026-09-27T10:05:50.3958405Z ⊘ step 'capture/provenance selftest (Memento §4.1)' COULD-NOT-ASK (exit 77) — declared refusal, build continues
2026-09-27T10:05:50.3958950Z 
2026-09-27T10:05:50.3959546Z === [14/152] gauge-tokens selftest -- counting path + cache + degraded-measurement honesty (#79 P5) — _gauge_tokens.py ===
2026-09-27T10:05:50.3960121Z 
2026-09-27T10:05:50.3960428Z === [15/152] roll-state measurer selftest (#77 T1) — _roll_state.py ===
2026-09-27T10:05:50.3960782Z 
2026-09-27T10:05:50.3961254Z === [16/152] commit-seam harness — _git_commit.sh fixture-repo arms (#78-D1 P1) — _test_git_commit.py ===
2026-09-27T10:05:50.3961724Z 
2026-09-27T10:05:50.3962070Z === [17/152] GM/LS mover selftest — hardened move mechanics (M5) — _gm_move.py ===
2026-09-27T10:05:50.3962439Z 
2026-09-27T10:05:50.3962774Z === [18/152] section-usage instrumentation selftest (#23) — _gm_usage.py ===
2026-09-27T10:05:50.3963135Z 
2026-09-27T10:05:50.3963487Z === [19/152] lane records — regenerate LS §🛤 view (O1′ #24) — _gen_lanes.py ===
2026-09-27T10:05:50.3963858Z 
2026-09-27T10:05:50.3964149Z === [20/152] lane records determinism check (O1′ #24) — _gen_lanes.py ===
2026-09-27T10:05:50.3964490Z 
2026-09-27T10:05:50.3964929Z === [21/152] lane records selftest — schema refusals + routing contract (O1′ #24) — _gen_lanes.py ===
2026-09-27T10:05:50.3965402Z 
2026-09-27T10:05:50.3965663Z === [22/152] cross-reference index — _build_xref_index.py ===
2026-09-27T10:05:50.3965957Z 
2026-09-27T10:05:50.3966461Z === [23/152] sutherland acceptance fixtures — _build_sutherland_fixtures.py ===
2026-09-27T10:05:50.3966851Z 
2026-09-27T10:05:50.3967205Z === [24/152] states-completeness probe (advisory) — _build_states_probe.py ===
2026-09-27T10:05:50.3967630Z 
2026-09-27T10:05:50.3968335Z === [25/152] worklist store gate — open items state what would close them; optional priority_override is Dave's (#88 store, wired #165) — _state.py ===
2026-09-27T10:05:50.3969034Z 
2026-09-27T10:05:50.3969692Z === [26/152] worklist store selftest — schema presence gates incl. priority_override / deadline / effort (#165, extended #166) — _state.py ===
2026-09-27T10:05:50.3970353Z 
2026-09-27T10:05:50.3970833Z === [27/152] decision-graph — typed edges + conflict gate (advisory, ADR-0012) — _build_decision_graph.py ===
2026-09-27T10:05:50.3971342Z 
2026-09-27T10:05:50.3972021Z === [28/152] decision-graph selftest — conflict gate bites on unresolved/open/orphan (ADR-0012, #77 periphery) — _build_decision_graph.py ===
2026-09-27T10:05:50.3972645Z 
2026-09-27T10:05:50.3973132Z === [29/152] spine-writer selftest — splice invariants + no-half-writes (#78-D2) — _build_live_state.py ===
2026-09-27T10:05:50.3973650Z 
2026-09-27T10:05:50.3974189Z === [30/152] _LIVE-STATE staleness gate + lifecycle-block generation (advisory, ADR-0007) — _build_live_state.py ===
2026-09-27T10:05:50.3974733Z 
2026-09-27T10:05:50.3975085Z === [31/152] advisory signals — prose rules (advisory) — _validate_advisory.py ===
2026-09-27T10:05:50.3975485Z 
2026-09-27T10:05:50.3975706Z === [32/152] review queue — _build_review_queue.py ===
2026-09-27T10:05:50.3976104Z 
2026-09-27T10:05:50.3976395Z === [33/152] dark-mode coverage audit — _build_dark_mode_audit.py ===
2026-09-27T10:05:50.3976721Z 
2026-09-27T10:05:50.3977042Z === [34/152] text/icon contrast audit — _build_surface_contrast_audit.py ===
2026-09-27T10:05:50.3977413Z 
2026-09-27T10:05:50.3977776Z === [35/152] indicator/accent contrast audit — _build_indicator_contrast_audit.py ===
2026-09-27T10:05:50.3978201Z 
2026-09-27T10:05:50.3978598Z === [36/152] icon contrast delta — brand 4.5 vs 3 (advisory) — _build_icon_contrast_delta.py ===
2026-09-27T10:05:50.3979032Z 
2026-09-27T10:05:50.3979655Z === [37/152] dark-surface flatness gate — _validate_dark_surfaces.py ===
2026-09-27T10:05:50.3980021Z 
2026-09-27T10:05:50.3980573Z === [38/152] component-partials sync — AUTO-PARTIAL injection + contracts (ADR-0013) — gen_component_partials.py ===
2026-09-27T10:05:50.3981118Z 
2026-09-27T10:05:50.3981488Z === [39/152] component-partials selftest (ADR-0013) — gen_component_partials.py ===
2026-09-27T10:05:50.3981891Z 
2026-09-27T10:05:50.3982343Z === [40/152] token-set distribution sync — AUTO-TOKENS injection (s121-D1) — gen_token_ramp.py ===
2026-09-27T10:05:50.3982798Z 
2026-09-27T10:05:50.3983121Z === [41/152] token-set distribution selftest (s121-D1) — gen_token_ramp.py ===
2026-09-27T10:05:50.3983494Z 
2026-09-27T10:05:50.3984017Z === [42/152] Behaviour contract gate — dv-behaviour size + banned patterns (ADR-0015) — _validate_behaviour.py ===
2026-09-27T10:05:50.3984566Z 
2026-09-27T10:05:50.3984905Z === [43/152] Behaviour contract selftest (ADR-0015) — _validate_behaviour.py ===
2026-09-27T10:05:50.3985313Z 
2026-09-27T10:05:50.3985827Z === [44/152] canon components — regenerate from snippets (ADR-0013 ruling 4) — canon/gen_canon_components.py ===
2026-09-27T10:05:50.3986494Z 
2026-09-27T10:05:50.3986972Z === [45/152] canon components determinism check (ADR-0013 ruling 4) — canon/gen_canon_components.py ===
2026-09-27T10:05:50.3987456Z 
2026-09-27T10:05:50.3987846Z === [46/152] partial re-implementation ratchet (ADR-0013) — _validate_partials.py ===
2026-09-27T10:05:50.3988268Z 
2026-09-27T10:05:50.3988600Z === [47/152] partial-ratchet selftest (ADR-0013) — _validate_partials.py ===
2026-09-27T10:05:50.3988964Z 
2026-09-27T10:05:50.3989518Z === [48/152] token projection sync — snippets/tranches/canon literals (gen_snippet_tokens) — gen_snippet_tokens.py ===
2026-09-27T10:05:50.3990088Z 
2026-09-27T10:05:50.3990314Z === [49/152] snippet gate — _validate_snippets.py ===
2026-09-27T10:05:50.3990593Z 
2026-09-27T10:05:50.3991045Z === [50/152] theme cascade sync — [data-apollo-theme] layer (ADR-0011) — canon/gen_theme_cascade.py ===
2026-09-27T10:05:50.3991541Z 
2026-09-27T10:05:50.3991881Z === [51/152] theme cascade selftest (ADR-0014) — canon/gen_theme_cascade.py ===
2026-09-27T10:05:50.3992249Z 
2026-09-27T10:05:50.3992772Z === [52/152] state-snap gate — opacity states snap to the active theme's ramp (ADR-0014) — _validate_state_snap.py ===
2026-09-27T10:05:50.3993298Z 
2026-09-27T10:05:50.3993609Z === [53/152] state-snap selftest (ADR-0014) — _validate_state_snap.py ===
2026-09-27T10:05:50.3993965Z 
2026-09-27T10:05:50.3994558Z === [54/152] stale-queue gate — §C·1 qprobe claims re-measured vs disk + git (BLOCKING, #198) — _validate_queue_fresh.py ===
2026-09-27T10:05:50.3995128Z 
2026-09-27T10:05:50.3995676Z === [55/152] stale-queue selftest — 13 bites incl. both mutation directions + scope (#196) — _validate_queue_fresh.py ===
2026-09-27T10:05:50.3996437Z 
2026-09-27T10:05:50.3997096Z === [56/152] palette-tier gate — every theme names a palette per family, no divergent hand-carry (s157-D2) — _validate_palette_tier.py ===
2026-09-27T10:05:50.3997750Z 
2026-09-27T10:05:50.3998192Z === [57/152] palette-tier selftest — 10 mutation bites (s157-D2) — _validate_palette_tier.py ===
2026-09-27T10:05:50.3998644Z 
2026-09-27T10:05:50.3999169Z === [58/152] radius gate — no hardcoded border-radius; shape is a theme flex slot (ADR-0010) — _validate_radius.py ===
2026-09-27T10:05:50.3999712Z 
2026-09-27T10:05:50.4000139Z === [59/152] showroom sync — generated component library (RULED 2026-07-21) — gen_showroom.py ===
2026-09-27T10:05:50.4000593Z 
2026-09-27T10:05:50.4001056Z === [60/152] showroom URL-rebase selftest — the srcdoc base-URL trap (2026-07-27) — gen_showroom.py ===
2026-09-27T10:05:50.4001552Z 
2026-09-27T10:05:50.4002037Z === [61/152] dashboard sync — generated progress dashboard (RULED #164, built #165) — gen_dashboard.py ===
2026-09-27T10:05:50.4002537Z 
2026-09-27T10:05:50.4003186Z ⊘ step 'dashboard sync — generated progress dashboard (RULED #164, built #165)' COULD-NOT-ASK (exit 77) — declared refusal, build continues
2026-09-27T10:05:50.4004062Z 
2026-09-27T10:05:50.4004797Z === [62/152] Legacy-colour leakage gate (Mono) — no Legacy-only colour in a Mono surface — _validate_legacy_leak.py ===
2026-09-27T10:05:50.4005371Z 
2026-09-27T10:05:50.4006185Z === [63/152] theme-provenance gate (ADR-0011/R-D19) — no foreign-theme hex in a Mono surface (advisory) — _validate_theme_provenance.py ===
2026-09-27T10:05:50.4006825Z 
2026-09-27T10:05:50.4007170Z === [64/152] token-tier gate (_STANDARDS.md §1) — _validate_token_tiers.py ===
2026-09-27T10:05:50.4007553Z 
2026-09-27T10:05:50.4007783Z === [65/152] icon-source gate — _validate_icons.py ===
2026-09-27T10:05:50.4008060Z 
2026-09-27T10:05:50.4008251Z === [66/152] a11y gate — _validate_a11y.py ===
2026-09-27T10:05:50.4008495Z 
2026-09-27T10:05:50.4008838Z === [67/152] a11y target-measurement selftest (s114-D5) — _validate_a11y.py ===
2026-09-27T10:05:50.4009219Z 
2026-09-27T10:05:50.4009781Z === [68/152] hit-area gate — 44px minimum, rendered geometry (ADVISORY, built #203, wired #209) — _validate_hit_area.py ===
2026-09-27T10:05:50.4010368Z 
2026-09-27T10:05:50.4011095Z ⊘ step 'hit-area gate — 44px minimum, rendered geometry (ADVISORY, built #203, wired #209)' COULD-NOT-ASK (exit 77) — declared refusal, build continues
2026-09-27T10:05:50.4011795Z 
2026-09-27T10:05:50.4012179Z === [69/152] wiring gate — no orphaned validators (#118 seam) — _validate_wiring.py ===
2026-09-27T10:05:50.4012602Z 
2026-09-27T10:05:50.4012900Z === [70/152] wiring gate selftest — 4 bites — _validate_wiring.py ===
2026-09-27T10:05:50.4013238Z 
2026-09-27T10:05:50.4013539Z === [71/152] compose gate (orphan wired #119) — _validate_compose.py ===
2026-09-27T10:05:50.4013883Z 
2026-09-27T10:05:50.4014383Z === [72/152] screen gate — compose+icons+a11y over fitness fixtures (re-wired #120) — _validate_screen.py ===
2026-09-27T10:05:50.4014895Z 
2026-09-27T10:05:50.4015465Z === [73/152] state-contrast gate — driven hover/pressed, light+dark (un-exempted #125) — _validate_state_contrast.py ===
2026-09-27T10:05:50.4016206Z 
2026-09-27T10:05:50.4016908Z ⊘ step 'state-contrast gate — driven hover/pressed, light+dark (un-exempted #125)' COULD-NOT-ASK (exit 77) — declared refusal, build continues
2026-09-27T10:05:50.4017574Z 
2026-09-27T10:05:50.4018133Z === [74/152] state-contrast gate selftest — paint stack, report arithmetic, named args — _validate_state_contrast.py ===
2026-09-27T10:05:50.4018700Z 
2026-09-27T10:05:50.5873658Z ⊘ step 'state-contrast gate selftest — paint stack, report arithmetic, named args' COULD-NOT-ASK (exit 77) — declared refusal, build continuesTYPE RATCHET PASS — debt shrank 1091 -> 1089; baseline ratcheted down.
2026-09-27T10:05:50.6102881Z selftest OK — ramp from type.css: sizes [12.0, 14.0, 16.0, 20.0, 24.0, 28.0, 32.0, 40.0, 52.0] weights [250, 300, 350, 400, 500, 700]; catches raw decls + off-ramp; exempts chrome/vars/inherit/sentinel block.
2026-09-27T10:05:50.6553210Z coverage gate: 137 meta(s) / 137 snippet(s), 0 failure(s)
2026-09-27T10:05:50.7055733Z   [PASS] _proforma/DataViz-interactive.html  ({'hardcode_leaks': 0, 'real_icons': 0, 'provisional': [], 'refs': '0/0', 'asset_paths': '0/0 real', 'allcaps': 0})
2026-09-27T10:05:50.7057301Z   [PASS] _proforma/Masthead-interactive.html  ({'hardcode_leaks': 0, 'real_icons': 45, 'provisional': ['i-brand-apollo'], 'refs': '14/14', 'asset_paths': '45/45 real', 'allcaps': 0})
2026-09-27T10:05:50.7058559Z   [PASS] _proforma/Tranche-1-interactive.html  ({'hardcode_leaks': 0, 'real_icons': 11, 'provisional': [], 'refs': '10/10', 'asset_paths': '11/11 real', 'allcaps': 0})
2026-09-27T10:05:50.7059831Z   [PASS] _proforma/Tranche-2-interactive.html  ({'hardcode_leaks': 0, 'real_icons': 39, 'provisional': [], 'refs': '11/11', 'asset_paths': '39/39 real', 'allcaps': 0})
2026-09-27T10:05:50.7061163Z   [PASS] _proforma/Tranche-3-interactive.html  ({'hardcode_leaks': 0, 'real_icons': 39, 'provisional': [], 'refs': '3/3', 'asset_paths': '39/39 real', 'allcaps': 0})
2026-09-27T10:05:50.7062657Z   [PASS] _proforma/Tranche-4-interactive.html  ({'hardcode_leaks': 0, 'real_icons': 39, 'provisional': [], 'refs': '7/7', 'asset_paths': '39/39 real', 'allcaps': 0})
2026-09-27T10:05:50.7064142Z   [PASS] _proforma/Tranche-5-interactive.html  ({'hardcode_leaks': 0, 'real_icons': 39, 'provisional': [], 'refs': '14/14', 'asset_paths': '39/39 real', 'allcaps': 0})
2026-09-27T10:05:50.7065494Z   [PASS] _proforma/Tranche-6-interactive.html  ({'hardcode_leaks': 0, 'real_icons': 40, 'provisional': [], 'refs': '7/7', 'asset_paths': '40/40 real', 'allcaps': 0})
2026-09-27T10:05:50.7066941Z   [PASS] _proforma/Tranche-7-interactive.html  ({'hardcode_leaks': 0, 'real_icons': 44, 'provisional': [], 'refs': '14/14', 'asset_paths': '44/44 real', 'allcaps': 0})
2026-09-27T10:05:50.7068197Z   [PASS] _proforma/Tranche-8-interactive.html  ({'hardcode_leaks': 0, 'real_icons': 57, 'provisional': [], 'refs': '23/23', 'asset_paths': '57/57 real', 'allcaps': 0})
2026-09-27T10:05:50.7069494Z   [PASS] _proforma/Tranche-9-interactive.html  ({'hardcode_leaks': 0, 'real_icons': 10, 'provisional': [], 'refs': '6/6', 'asset_paths': '10/10 real', 'allcaps': 0})
2026-09-27T10:05:50.7070212Z 
2026-09-27T10:05:50.7070697Z ✅ pro-forma universal gate passed (11 tranche file(s)).
2026-09-27T10:05:50.7318035Z   [PASS] _proforma/DataViz-interactive.html
2026-09-27T10:05:50.7318506Z   [PASS] _proforma/Masthead-interactive.html
2026-09-27T10:05:50.7318907Z   [PASS] _proforma/Tranche-1-interactive.html
2026-09-27T10:05:50.7319299Z   [PASS] _proforma/Tranche-2-interactive.html
2026-09-27T10:05:50.7319690Z   [PASS] _proforma/Tranche-3-interactive.html
2026-09-27T10:05:50.7320080Z   [PASS] _proforma/Tranche-4-interactive.html
2026-09-27T10:05:50.7320477Z   [PASS] _proforma/Tranche-5-interactive.html
2026-09-27T10:05:50.7320868Z   [PASS] _proforma/Tranche-6-interactive.html
2026-09-27T10:05:50.7321261Z   [PASS] _proforma/Tranche-7-interactive.html
2026-09-27T10:05:50.7321662Z   [PASS] _proforma/Tranche-8-interactive.html
2026-09-27T10:05:50.7322054Z   [PASS] _proforma/Tranche-9-interactive.html
2026-09-27T10:05:50.7322309Z 
2026-09-27T10:05:50.7322685Z ✅ CSS-governed gate passed (11 tranche file(s)).
2026-09-27T10:05:50.7763494Z   [PASS] _proforma/DataViz-interactive.html
2026-09-27T10:05:50.7763947Z   [PASS] _proforma/Masthead-interactive.html
2026-09-27T10:05:50.7764670Z   [PASS] _proforma/Tranche-1-interactive.html
2026-09-27T10:05:50.7764979Z   [PASS] _proforma/Tranche-2-interactive.html
2026-09-27T10:05:50.7765243Z   [PASS] _proforma/Tranche-3-interactive.html
2026-09-27T10:05:50.7765486Z   [PASS] _proforma/Tranche-4-interactive.html
2026-09-27T10:05:50.7765724Z   [PASS] _proforma/Tranche-5-interactive.html
2026-09-27T10:05:50.7765953Z   [PASS] _proforma/Tranche-6-interactive.html
2026-09-27T10:05:50.7766390Z   [PASS] _proforma/Tranche-7-interactive.html
2026-09-27T10:05:50.7766627Z   [PASS] _proforma/Tranche-8-interactive.html
2026-09-27T10:05:50.7766858Z   [PASS] _proforma/Tranche-9-interactive.html
2026-09-27T10:05:50.7767012Z 
2026-09-27T10:05:50.7767277Z ✅ No-hardcode gate passed (11 tranche file(s)).
2026-09-27T10:05:50.9822181Z selftest OK — exempts font-size/letter/radius + hairline(1/3)/negative/square; catches off-grid height/padding.
2026-09-27T10:05:50.9822796Z   ✗ off-grid: padding: 7px  (knowledge/canon/canon.css) — not a 4px multiple
2026-09-27T10:05:50.9823228Z   ✗ off-grid: padding: 7px  (knowledge/canon/canon.css) — not a 4px multiple
2026-09-27T10:05:50.9823625Z   ✗ off-grid: padding: 7px  (knowledge/canon/canon.css) — not a 4px multiple
2026-09-27T10:05:50.9824094Z   ✗ off-grid: padding: 7px  (knowledge/snippets/Navigations.reference.html) — not a 4px multiple
2026-09-27T10:05:50.9824613Z   ✗ off-grid: padding: 7px  (knowledge/snippets/Sidebar-nav.reference.html) — not a 4px multiple
2026-09-27T10:05:50.9825147Z   ✗ off-grid: padding: 7px  (knowledge/snippets/Tab-bar.reference.html) — not a 4px multiple
2026-09-27T10:05:50.9825414Z 
2026-09-27T10:05:50.9825551Z GRID GATE FAIL — 6 off-grid layout value(s).
2026-09-27T10:05:51.0365741Z   [PASS] class         .btn (26)
2026-09-27T10:05:51.0366549Z   [PASS] scoped-element .seg button (14)
2026-09-27T10:05:51.0367054Z   [PASS] class         .stateLabel (12)
2026-09-27T10:05:51.0367376Z   [PASS] class         .status (12)
2026-09-27T10:05:51.0367666Z   [PASS] class         .chip (9)
2026-09-27T10:05:51.0367964Z   [PASS] scoped-element .seg.sm button (6)
2026-09-27T10:05:51.0368280Z   [PASS] class         .spec-h (5)
2026-09-27T10:05:51.0368561Z   [PASS] class         .label (4)
2026-09-27T10:05:51.0368847Z   [PASS] scoped-element .search input (4)
2026-09-27T10:05:51.0369158Z   [PASS] class         .badge (3)
2026-09-27T10:05:51.0369432Z   [PASS] class         .confirm .btn (3)
2026-09-27T10:05:51.0369728Z   [PASS] class         .eyebrow (3)
2026-09-27T10:05:51.0370007Z   [PASS] class         .avatar (2)
2026-09-27T10:05:51.0370289Z   [PASS] class         .hero .cta (2)
2026-09-27T10:05:51.0370586Z   [PASS] class         .pg .ctrl (2)
2026-09-27T10:05:51.0370866Z   [PASS] class         .qbtn (2)
2026-09-27T10:05:51.0371159Z   [PASS] scoped-element .pg a (2)
2026-09-27T10:05:51.0371476Z   [PASS] scoped-element .seg.l button (2)
2026-09-27T10:05:51.0371836Z   [PASS] scoped-element .seg.md button (2)
2026-09-27T10:05:51.0372210Z   [PASS] class         .action-bar .btn (1)
2026-09-27T10:05:51.0372569Z   [PASS] class         .loader (1)
2026-09-27T10:05:51.0372889Z   [PASS] class         .sim (1)
2026-09-27T10:05:51.0373200Z   [PASS] class         .time (1)
2026-09-27T10:05:51.0373528Z   [PASS] scoped-element .nav button (1)
2026-09-27T10:05:51.0373951Z   [PASS] scoped-element .note.global .actions button (1)
2026-09-27T10:05:51.0374364Z   [PASS] scoped-element .seg.lg button (1)
2026-09-27T10:05:51.0374726Z   [PASS] scoped-element nav.main a (1)
2026-09-27T10:05:51.0375066Z   [PASS] class         .tabbar .tabbar__item (0)
2026-09-27T10:05:51.0375292Z 
2026-09-27T10:05:51.0375915Z ✅ type-binding blast-radius gate passed (28 appended selector(s), corpus 151 files).
2026-09-27T10:05:52.1878013Z selftest OK — flags un-overridden ellipsis labels; accepts text-text / overflow-visible / same-rule / comma-group overrides; ignores containers + sr-only.
2026-09-27T10:05:52.1879427Z selftest OK (specificity leg) — :is()/:not()/:has()/:where() resolved; cascade-dead single-class override caught where leg 1 is blind; two-class form accepted.
2026-09-27T10:05:52.1880092Z 
2026-09-27T10:05:52.1881122Z ✓ SPECIFICITY RATCHET AT ZERO — canon/canon.css: no cascade-dead descender override. The scope classes are specificity-neutral (`:where()`); every ds-005 override wins its cascade. Any regression here is now a RED build, not a report.
2026-09-27T10:05:52.1882691Z DESCENDER-CLIP GATE PASS — every truncating label is descender-safe AND every descender-safe override wins its cascade (153 file(s)).
2026-09-27T10:05:52.5173643Z == _validate_kg.py — KG edge parse-gate (s131-D2 / s133-D1 / s135-D4) ==
2026-09-27T10:05:52.5173990Z metas checked: 139
2026-09-27T10:05:52.5174233Z ref:null + $note (declared, awaiting Dave's-eye migration): 90
2026-09-27T10:05:52.5174830Z resolutions consumed (s135-D4, KG-REVIEW-VERDICTS-2026-08-08-s135-v1.json): 82 ruled verdicts asserted present (MERGE 5 / PROMOTE 52 / ATTACH 25)
2026-09-27T10:05:52.5175553Z 
2026-09-27T10:05:52.5176333Z _validate_kg.py: OK — every ref parses+resolves, every null carries a note, every meta has provenance, edges match schema, gen_kg_edges.py is idempotent-clean, and the s135-D4 resolutions input was consumed.
2026-09-27T10:05:52.5632253Z [OK] selftest corpus is isolated (3 metas seen, none from the live tree)
2026-09-27T10:05:52.5632876Z [OK] arm 1 — deliberately broken ref FAILS
2026-09-27T10:05:52.5633238Z [OK] arm 2 — legal ref:null + $note on meta A does not fail, and is counted
2026-09-27T10:05:52.5633736Z [OK] arm 2b — every OTHER legal ref on meta A resolves clean (renderedBy/commonPattern/governedBy)
2026-09-27T10:05:52.5634135Z [OK] arm 3 — meta missing `provenance` FAILS
2026-09-27T10:05:52.5634393Z [OK] selftest never touched the live corpus
2026-09-27T10:05:52.5634552Z 
2026-09-27T10:05:52.5634623Z selftest OK.
2026-09-27T10:05:52.6674779Z gen_kg_tokens --check OK — 43 token: groups (36 bound) · 835 bindsToken · in sync
2026-09-27T10:05:53.2186970Z   OK   bite 1 — every node is token:<group> at group grain — no leaf id carries a '/'
2026-09-27T10:05:53.2187619Z   OK   bite 2 — every node's tier is one of D-5(a)'s four
2026-09-27T10:05:53.2188223Z   OK   bite 3 — every bindsToken runs component: -> a token: node that exists
2026-09-27T10:05:53.2188759Z   OK   bite 4 — no (component, group) pair twice
2026-09-27T10:05:53.2189367Z   OK   bite 5 — MUTATION: planting alpha/… in Chart-boxplot mints ONE bindsToken to token:alpha
2026-09-27T10:05:53.2190171Z   OK   bite 6 — MUTATION: an unknown group 'zzplanted' adds no node and no edge, and IS counted unresolved
2026-09-27T10:05:53.2190981Z   OK   bite 7 — MUTATION: --land REFUSES with no id, a malformed id and an absent id, and writes no file
2026-09-27T10:05:53.2191721Z gen_kg_tokens --check OK — 43 token: groups (36 bound) · 835 bindsToken · in sync
2026-09-27T10:05:53.2192697Z gen_kg_tokens --check: STALE — _token_nodes.json differs from a fresh compute. Run: python3 knowledge/gen_kg_tokens.py --land --ratified s277-D12
2026-09-27T10:05:53.2193598Z   OK   bite 8 — MUTATION: --check is 0 on a fresh landing and 1 after a meta moves under it
2026-09-27T10:05:53.2194068Z gen_kg_tokens selftest: 8 bite(s), 0 fail(s)
2026-09-27T10:05:53.5097189Z gen_kg_titles --check OK — {'rule': 473, 'ruling': 638, 'session': 92} titled · 0 untitled · in sync
2026-09-27T10:05:54.8508006Z   OK   bite 1 — SHOUTING is lowered to corpus casing; an acronym the corpus never lowers (SC) keeps its caps: 'The SC badge is fine'
2026-09-27T10:05:54.8509064Z   OK   bite 2 — ruling/session ids and id-bearing parentheticals are removed: 'The ceiling has its value'
2026-09-27T10:05:54.8509880Z   OK   bite 3 — a long clause is capped at 60 characters on a word boundary with an ellipsis
2026-09-27T10:05:54.8510626Z   OK   bite 4 — a text that is ONLY ids yields no title (the node keeps its code, never an empty label)
2026-09-27T10:05:54.8511374Z   OK   bite 5 — a rule's internal code (`CA-7 —`) is dropped and the first clause kept
2026-09-27T10:05:54.8512200Z   OK   bite 6 — `ruled` that is only a session or record reference (`#167`, `GM-D7-am / #33`) falls back to `says`; a headline is used
2026-09-27T10:05:54.8513067Z   OK   bite 7 — deterministic: two computes are byte-identical, and the rulings store is not written
2026-09-27T10:05:54.8513862Z   OK   bite 8 — every ruling, every rule with text and every minted session is titled or listed untitled
2026-09-27T10:05:54.8514682Z   OK   bite 9 — every label starts with its own code and every title is at most 60 characters
2026-09-27T10:05:54.8515604Z gen_kg_titles --check OK — {'rule': 473, 'ruling': 638, 'session': 92} titled · 0 untitled · in sync
2026-09-27T10:05:54.8516811Z gen_kg_titles --check: STALE — _node_titles.json differs from a fresh compute. Run: python3 knowledge/gen_kg_titles.py --write
2026-09-27T10:05:54.8517782Z   OK   bite 10 — MUTATION: --check is 0 when fresh and 1 after a ruling's text moves under it
2026-09-27T10:05:54.8518900Z   OK   bite 11 — apply_titles replaces a bare-code label only, never a label someone already wrote
2026-09-27T10:05:54.8520167Z   OK   bite 12 — a session counts the rulings the explorer lists for it (ruled starts #n with no digit after — #n, #n-Dk, '#n (…)' — OR id s<n>-), dates as a range; #7 never counts #77's
2026-09-27T10:05:54.8521115Z gen_kg_titles selftest: 12 bite(s), 0 fail(s)
2026-09-27T10:05:55.2479426Z _validate_token_forks.py - FORK-BAN GATE (s136-D1 clause D)
2026-09-27T10:05:55.2479939Z   glob      : knowledge/canon/*.css  (2 file(s))
2026-09-27T10:05:55.2480375Z   parsed    : 12636 declarations, 18336 (theme,mode,scope) contexts
2026-09-27T10:05:55.2480802Z   names     : 1022
2026-09-27T10:05:55.2481055Z     BENIGN_MODE_AXIS             53
2026-09-27T10:05:55.2481362Z     BENIGN_THEME_AND_MODE_AXIS   335
2026-09-27T10:05:55.2481662Z     BENIGN_THEME_AXIS            34
2026-09-27T10:05:55.2481934Z     FORK                         50
2026-09-27T10:05:55.2482628Z     UNIFORM                      550
2026-09-27T10:05:55.2483017Z   ledger    : knowledge/_TOKEN-FORK-LEDGER.json (51 declared fork(s))
2026-09-27T10:05:55.2483409Z   mode      : baseline
2026-09-27T10:05:55.2483553Z 
2026-09-27T10:05:55.2483670Z FORK  --cell-py  theme=mono mode=any
2026-09-27T10:05:55.2483981Z    knowledge/canon/canon.css:2887  .cn-table
2026-09-27T10:05:55.2484306Z       --cell-py: 10px   ->  10px
2026-09-27T10:05:55.2484739Z    knowledge/canon/canon.css:10696  :where(.cn-data-grid) .dg[data-density="compact"]
2026-09-27T10:05:55.2485200Z       --cell-py: 4px   ->  4px
2026-09-27T10:05:55.2485423Z 
2026-09-27T10:05:55.2485562Z FORK  --status-negative  theme=mono mode=any
2026-09-27T10:05:55.2485901Z    knowledge/canon/canon.css:7440  .cn-chart-bar
2026-09-27T10:05:55.2486597Z       --status-negative: var(--rag-error-graphic)   ->  #f3543e
2026-09-27T10:05:55.2487088Z    knowledge/canon/canon.css:9848  .cn-chart-sparkline
2026-09-27T10:05:55.2487565Z       --status-negative: var(--rag-error-ink)   ->  #da1a00
2026-09-27T10:05:55.2487866Z 
2026-09-27T10:05:55.2488005Z FORK  --status-neutral  theme=mono mode=any
2026-09-27T10:05:55.2488399Z    knowledge/canon/canon.css:7443  .cn-chart-bar
2026-09-27T10:05:55.2488883Z       --status-neutral: var(--rag-information-graphic)   ->  #6893d3
2026-09-27T10:05:55.2489367Z    knowledge/canon/canon.css:9850  .cn-chart-sparkline
2026-09-27T10:05:55.2489802Z       --status-neutral: var(--text-default)   ->  #1a1a1a
2026-09-27T10:05:55.2490059Z 
2026-09-27T10:05:55.2490188Z FORK  --status-positive  theme=mono mode=any
2026-09-27T10:05:55.2490539Z    knowledge/canon/canon.css:7442  .cn-chart-bar
2026-09-27T10:05:55.2490936Z       --status-positive: var(--rag-success-graphic)   ->  #57a369
2026-09-27T10:05:55.2491408Z    knowledge/canon/canon.css:9849  .cn-chart-sparkline
2026-09-27T10:05:55.2491826Z       --status-positive: var(--rag-success-ink)   ->  #137f3c
2026-09-27T10:05:55.2492092Z 
2026-09-27T10:05:55.2492225Z GATE RED: 4 fork(s) not in the ledger
2026-09-27T10:05:55.2799554Z   selftest keyfrm --dvf1 declarations parsed -> 0  want 0  OK
2026-09-27T10:05:55.2800197Z   selftest keyfrm --dvf1 -> None               want (no verdict)       OK
2026-09-27T10:05:55.2800828Z   selftest media  --pri-hover -> FORK               want FORK               OK
2026-09-27T10:05:55.2801471Z   selftest clean  --pri-hover -> BENIGN_THEME_AXIS  want BENIGN_THEME_AXIS  OK
2026-09-27T10:05:55.2802111Z   selftest forked --pri-hover -> FORK               want FORK               OK
2026-09-27T10:05:55.2802602Z      quoted: #db0011 vs #626262
2026-09-27T10:05:55.2802912Z selftest PASS
2026-09-27T10:05:55.3158900Z BINDS RATCHET — s136-D1 axis A (staged by s140-D1 D3)
2026-09-27T10:05:55.3159371Z   metas carrying >=1 props[].binds : 38 of 137
2026-09-27T10:05:55.3159758Z   floor (2026-08-10)                       : 33
2026-09-27T10:05:55.3161975Z   carrying: accordion, account-card, account-selector, action-bar, alert, amount-display, amount-input, avatar, back-to-top, badge, banner, button, chart-line, chart-sparkline, chart-stacked-area, countdown-timer, divider, empty-state, fab, hero, icon-button, input-fields, kpi-tile, links, list-items, loading-indicator, modals, navigations, popconfirm, segmented-control, selection-controls, skeleton-loader, slider, stat-card, status-indicator, tags, timeline, toast
2026-09-27T10:05:55.3164609Z PASS
2026-09-27T10:05:55.3479919Z DTCG GATE — s136-D1 axis A wire format
2026-09-27T10:05:55.3481730Z   note: corpus: 10 files gated, 11 excluded (EXAMPLE-tokens.json, _blast-radius.json, _icon-scale-hsbc-general.json, _spacing-hsbc-general.json, _typography-hsbc-general.json, elevation-pre-s141.json, icon-scale-pre-s141.json, layout-pre-s141.json, spacing-pre-s141.json, typography-composites-pre-s141.json, typography-pre-s141.json)
2026-09-27T10:05:55.3483450Z   note: spine: 936 tokens, 382 groups
2026-09-27T10:05:55.3484872Z   DEFERRED DEF-FIGMA-MODES          layout.json :: layout.web.margin :: mode-keyed node (scale-1,scale-2,scale-3) — Figma variable modes, no DTCG equivalent
2026-09-27T10:05:55.3486549Z   DEFERRED DEF-FIGMA-MODES          layout.json :: layout.web.gutter :: mode-keyed node (scale-1,scale-2,scale-3) — Figma variable modes, no DTCG equivalent
2026-09-27T10:05:55.3487692Z   DEFERRED DEF-COLOR-MISTYPE        semantic-colour.json :: blur.overlay.light :: color $value is not a hex string or alias: 12
2026-09-27T10:05:55.3488785Z   DEFERRED DEF-COLOR-MISTYPE        semantic-colour.json :: blur.overlay.dark :: color $value is not a hex string or alias: 0
2026-09-27T10:05:55.3489975Z   DEFERRED DEF-COLOR-MISTYPE        semantic-colour.json :: blur.background-surface.light :: color $value is not a hex string or alias: 12
2026-09-27T10:05:55.3491227Z   DEFERRED DEF-COLOR-MISTYPE        semantic-colour.json :: blur.background-surface.dark :: color $value is not a hex string or alias: 0
2026-09-27T10:05:55.3492360Z   DEFERRED DEF-COLOR-MISTYPE        semantic-colour.json :: image.opacity.default.light :: color $value is not a hex string or alias: 100
2026-09-27T10:05:55.3493535Z   DEFERRED DEF-COLOR-MISTYPE        semantic-colour.json :: image.opacity.default.dark :: color $value is not a hex string or alias: 100
2026-09-27T10:05:55.3494731Z   DEFERRED DEF-COLOR-MISTYPE        semantic-colour.json :: image.opacity.disabled.light :: color $value is not a hex string or alias: 20
2026-09-27T10:05:55.3495833Z   DEFERRED DEF-COLOR-MISTYPE        semantic-colour.json :: image.opacity.disabled.dark :: color $value is not a hex string or alias: 20
2026-09-27T10:05:55.3497418Z   DEFERRED DEF-FIGMA-MODES          spacing.json :: gap.responsive.content.xsmall :: mode-keyed node (scale-1,scale-2,scale-3) — Figma variable modes, no DTCG equivalent
2026-09-27T10:05:55.3498944Z   DEFERRED DEF-FIGMA-MODES          spacing.json :: gap.responsive.content.small :: mode-keyed node (scale-1,scale-2,scale-3) — Figma variable modes, no DTCG equivalent
2026-09-27T10:05:55.3500475Z   DEFERRED DEF-FIGMA-MODES          spacing.json :: gap.responsive.content.medium :: mode-keyed node (scale-1,scale-2,scale-3) — Figma variable modes, no DTCG equivalent
2026-09-27T10:05:55.3502000Z   DEFERRED DEF-FIGMA-MODES          spacing.json :: gap.responsive.content.large :: mode-keyed node (scale-1,scale-2,scale-3) — Figma variable modes, no DTCG equivalent
2026-09-27T10:05:55.3503541Z   DEFERRED DEF-FIGMA-MODES          spacing.json :: gap.responsive.content.xlarge :: mode-keyed node (scale-1,scale-2,scale-3) — Figma variable modes, no DTCG equivalent
2026-09-27T10:05:55.3505101Z   DEFERRED DEF-FIGMA-MODES          spacing.json :: gap.responsive.content.xxlarge :: mode-keyed node (scale-1,scale-2,scale-3) — Figma variable modes, no DTCG equivalent
2026-09-27T10:05:55.3506794Z   DEFERRED DEF-FIGMA-MODES          spacing.json :: gap.responsive.subsection.xsmall :: mode-keyed node (scale-1,scale-2,scale-3) — Figma variable modes, no DTCG equivalent
2026-09-27T10:05:55.3508381Z   DEFERRED DEF-FIGMA-MODES          spacing.json :: gap.responsive.subsection.small :: mode-keyed node (scale-1,scale-2,scale-3) — Figma variable modes, no DTCG equivalent
2026-09-27T10:05:55.3510176Z   DEFERRED DEF-FIGMA-MODES          spacing.json :: gap.responsive.subsection.medium :: mode-keyed node (scale-1,scale-2,scale-3) — Figma variable modes, no DTCG equivalent
2026-09-27T10:05:55.3511753Z   DEFERRED DEF-FIGMA-MODES          spacing.json :: gap.responsive.subsection.large :: mode-keyed node (scale-1,scale-2,scale-3) — Figma variable modes, no DTCG equivalent
2026-09-27T10:05:55.3513237Z   DEFERRED DEF-FIGMA-MODES          spacing.json :: gap.responsive.section.xsmall :: mode-keyed node (scale-1,scale-2,scale-3) — Figma variable modes, no DTCG equivalent
2026-09-27T10:05:55.3514643Z   DEFERRED DEF-FIGMA-MODES          spacing.json :: gap.responsive.section.small :: mode-keyed node (scale-1,scale-2,scale-3) — Figma variable modes, no DTCG equivalent
2026-09-27T10:05:55.3516334Z   DEFERRED DEF-FIGMA-MODES          spacing.json :: gap.responsive.section.medium :: mode-keyed node (scale-1,scale-2,scale-3) — Figma variable modes, no DTCG equivalent
2026-09-27T10:05:55.3517804Z   DEFERRED DEF-FIGMA-MODES          spacing.json :: gap.responsive.section.large :: mode-keyed node (scale-1,scale-2,scale-3) — Figma variable modes, no DTCG equivalent
2026-09-27T10:05:55.3519235Z   DEFERRED DEF-FIGMA-MODES          spacing.json :: gap.responsive.section.xlarge :: mode-keyed node (scale-1,scale-2,scale-3) — Figma variable modes, no DTCG equivalent
2026-09-27T10:05:55.3520759Z   DEFERRED DEF-FIGMA-MODES          spacing.json :: padding.responsive.xxxsmall :: mode-keyed node (scale-1,scale-2,scale-3) — Figma variable modes, no DTCG equivalent
2026-09-27T10:05:55.3522290Z   DEFERRED DEF-FIGMA-MODES          spacing.json :: padding.responsive.xxsmall :: mode-keyed node (scale-1,scale-2,scale-3) — Figma variable modes, no DTCG equivalent
2026-09-27T10:05:55.3523512Z   DEFERRED DEF-FIGMA-MODES          spacing.json :: padding.responsive.xsmall :: mode-keyed node (scale-1,scale-2,scale-3) — Figma variable modes, no DTCG equivalent
2026-09-27T10:05:55.3524439Z   DEFERRED DEF-FIGMA-MODES          spacing.json :: padding.responsive.small :: mode-keyed node (scale-1,scale-2,scale-3) — Figma variable modes, no DTCG equivalent
2026-09-27T10:05:55.3525436Z   DEFERRED DEF-FIGMA-MODES          spacing.json :: padding.responsive.medium :: mode-keyed node (scale-1,scale-2,scale-3) — Figma variable modes, no DTCG equivalent
2026-09-27T10:05:55.3526480Z   DEFERRED DEF-FIGMA-MODES          spacing.json :: padding.responsive.large :: mode-keyed node (scale-1,scale-2,scale-3) — Figma variable modes, no DTCG equivalent
2026-09-27T10:05:55.3527643Z   DEFERRED DEF-FIGMA-MODES          spacing.json :: padding.responsive.xlarge :: mode-keyed node (scale-1,scale-2,scale-3) — Figma variable modes, no DTCG equivalent
2026-09-27T10:05:55.3528540Z   DEFERRED DEF-COMPONENT-LINEHEIGHT typography-composites.json :: component.figure-1 :: typography $value omits lineHeight — supplying one is a design decision
2026-09-27T10:05:55.3529456Z   DEFERRED DEF-COMPONENT-LINEHEIGHT typography-composites.json :: component.figure-2 :: typography $value omits lineHeight — supplying one is a design decision
2026-09-27T10:05:55.3530337Z   DEFERRED DEF-COMPONENT-LINEHEIGHT typography-composites.json :: component.heading :: typography $value omits lineHeight — supplying one is a design decision
2026-09-27T10:05:55.3531238Z   DEFERRED DEF-COMPONENT-LINEHEIGHT typography-composites.json :: component.section-label :: typography $value omits lineHeight — supplying one is a design decision
2026-09-27T10:05:55.3532128Z   DEFERRED DEF-COMPONENT-LINEHEIGHT typography-composites.json :: component.label :: typography $value omits lineHeight — supplying one is a design decision
2026-09-27T10:05:55.3533000Z   DEFERRED DEF-COMPONENT-LINEHEIGHT typography-composites.json :: component.button :: typography $value omits lineHeight — supplying one is a design decision
2026-09-27T10:05:55.3533867Z   DEFERRED DEF-COMPONENT-LINEHEIGHT typography-composites.json :: component.input :: typography $value omits lineHeight — supplying one is a design decision
2026-09-27T10:05:55.3534882Z   DEFERRED DEF-COMPONENT-LINEHEIGHT typography-composites.json :: component.link :: typography $value omits lineHeight — supplying one is a design decision
2026-09-27T10:05:55.3535751Z   DEFERRED DEF-COMPONENT-LINEHEIGHT typography-composites.json :: component.caption :: typography $value omits lineHeight — supplying one is a design decision
2026-09-27T10:05:55.3536795Z   DEFERRED DEF-COMPONENT-LINEHEIGHT typography-composites.json :: component.tooltip :: typography $value omits lineHeight — supplying one is a design decision
2026-09-27T10:05:55.3537666Z   DEFERRED DEF-COMPONENT-LINEHEIGHT typography-composites.json :: component.legal :: typography $value omits lineHeight — supplying one is a design decision
2026-09-27T10:05:55.3538593Z   DEFERRED DEF-FIGMA-MODES          typography.json :: typography.font-size.font-00 :: mode-keyed node (scale-1,scale-1-200,scale-2,scale-3) — Figma variable modes, no DTCG equivalent
2026-09-27T10:05:55.3539659Z   DEFERRED DEF-FIGMA-MODES          typography.json :: typography.font-size.font-0 :: mode-keyed node (scale-1,scale-1-200,scale-2,scale-3) — Figma variable modes, no DTCG equivalent
2026-09-27T10:05:55.3540599Z   DEFERRED DEF-FIGMA-MODES          typography.json :: typography.font-size.font-1 :: mode-keyed node (scale-1,scale-1-200,scale-2,scale-3) — Figma variable modes, no DTCG equivalent
2026-09-27T10:05:55.3541532Z   DEFERRED DEF-FIGMA-MODES          typography.json :: typography.font-size.font-2 :: mode-keyed node (scale-1,scale-1-200,scale-2,scale-3) — Figma variable modes, no DTCG equivalent
2026-09-27T10:05:55.3542470Z   DEFERRED DEF-FIGMA-MODES          typography.json :: typography.font-size.font-3 :: mode-keyed node (scale-1,scale-1-200,scale-2,scale-3) — Figma variable modes, no DTCG equivalent
2026-09-27T10:05:55.3543388Z   DEFERRED DEF-FIGMA-MODES          typography.json :: typography.font-size.font-4 :: mode-keyed node (scale-1,scale-1-200,scale-2,scale-3) — Figma variable modes, no DTCG equivalent
2026-09-27T10:05:55.3544332Z   DEFERRED DEF-FIGMA-MODES          typography.json :: typography.font-size.font-5 :: mode-keyed node (scale-1,scale-1-200,scale-2,scale-3) — Figma variable modes, no DTCG equivalent
2026-09-27T10:05:55.3545250Z   DEFERRED DEF-FIGMA-MODES          typography.json :: typography.font-size.font-6 :: mode-keyed node (scale-1,scale-1-200,scale-2,scale-3) — Figma variable modes, no DTCG equivalent
2026-09-27T10:05:55.3546373Z   DEFERRED DEF-FIGMA-MODES          typography.json :: typography.font-size.font-7 :: mode-keyed node (scale-1,scale-1-200,scale-2,scale-3) — Figma variable modes, no DTCG equivalent
2026-09-27T10:05:55.3547357Z   DEFERRED DEF-FIGMA-MODES          typography.json :: typography.line-height.font-00 :: mode-keyed node (scale-1,scale-1-200,scale-2,scale-3) — Figma variable modes, no DTCG equivalent
2026-09-27T10:05:55.3548325Z   DEFERRED DEF-FIGMA-MODES          typography.json :: typography.line-height.font-0 :: mode-keyed node (scale-1,scale-1-200,scale-2,scale-3) — Figma variable modes, no DTCG equivalent
2026-09-27T10:05:55.3549277Z   DEFERRED DEF-FIGMA-MODES          typography.json :: typography.line-height.font-1 :: mode-keyed node (scale-1,scale-1-200,scale-2,scale-3) — Figma variable modes, no DTCG equivalent
2026-09-27T10:05:55.3550216Z   DEFERRED DEF-FIGMA-MODES          typography.json :: typography.line-height.font-2 :: mode-keyed node (scale-1,scale-1-200,scale-2,scale-3) — Figma variable modes, no DTCG equivalent
2026-09-27T10:05:55.3551151Z   DEFERRED DEF-FIGMA-MODES          typography.json :: typography.line-height.font-3 :: mode-keyed node (scale-1,scale-1-200,scale-2,scale-3) — Figma variable modes, no DTCG equivalent
2026-09-27T10:05:55.3552098Z   DEFERRED DEF-FIGMA-MODES          typography.json :: typography.line-height.font-4 :: mode-keyed node (scale-1,scale-1-200,scale-2,scale-3) — Figma variable modes, no DTCG equivalent
2026-09-27T10:05:55.3553038Z   DEFERRED DEF-FIGMA-MODES          typography.json :: typography.line-height.font-5 :: mode-keyed node (scale-1,scale-1-200,scale-2,scale-3) — Figma variable modes, no DTCG equivalent
2026-09-27T10:05:55.3554132Z   DEFERRED DEF-FIGMA-MODES          typography.json :: typography.line-height.font-6 :: mode-keyed node (scale-1,scale-1-200,scale-2,scale-3) — Figma variable modes, no DTCG equivalent
2026-09-27T10:05:55.3555072Z   DEFERRED DEF-FIGMA-MODES          typography.json :: typography.line-height.font-7 :: mode-keyed node (scale-1,scale-1-200,scale-2,scale-3) — Figma variable modes, no DTCG equivalent
2026-09-27T10:05:55.3555666Z PASS — 0 failure(s), 61 declared deferral(s)
2026-09-27T10:05:55.4887028Z binds-resolve gate: 137 snippets (137 with manifests, 2321 vars) · 137 metas (116 binds addresses) · 137/137 canon blocks · 0 failure(s)
2026-09-27T10:05:55.5119894Z binds-resolve selftest: 6 bites PASS
2026-09-27T10:05:55.5429272Z intent resolve — metas carrying `intent`: 15, addresses resolved: 16
2026-09-27T10:05:55.5430743Z RESULT: PASS — every intent address resolves into chart-intents.json. This proves no address DANGLES; it does not prove any assignment is RIGHT.
2026-09-27T10:05:55.5707437Z selftest — _validate_intent_resolve.py
2026-09-27T10:05:55.5707843Z   PASS known word resolves                -> green | (green)
2026-09-27T10:05:55.5708525Z   PASS unknown word refuses               -> FAIL | Bad.meta.json: FAIL — UNKNOWN INTENT 'corelation' — not a key of `chart-intent` in ../../../../../tmp/tmp1b2m4
2026-09-27T10:05:55.5709384Z   PASS unknown word inside a list refuses -> FAIL | Bad2.meta.json: FAIL — UNKNOWN INTENT 'flow' — not a key of `chart-intent` in ../../../../../tmp/tmp5y86e_td/c
2026-09-27T10:05:55.5710230Z   PASS absent store fails LOUD            -> FAIL | FAIL — intent store MISSING: /tmp/tmpv9pusgpu/chart-intents.json (an absent instrument is not a pass)
2026-09-27T10:05:55.5710704Z RESULT: PASS
2026-09-27T10:05:55.6222023Z roles resolve — metas: 137 · carrying an interchangeability term: 114 · addresses resolved: 173
2026-09-27T10:05:55.6223075Z   field population: provides 108 · answers 26 · shape 26 · span 26 · priority 25 · when 39 · with 3 · not-with 8
2026-09-27T10:05:55.6227766Z   `shape` values in use (23 of the 23 in knowledge/shapes.json — CLOSED store, s254-D2 item 1): ancestor-path × links (1) · bins × frequency (1) · categories × five-number-summary (1) · categories × series (1) · categories × two-series-mirrored (2) · destination-set × links (1) · no-data × arbitrary-blocks (1) · no-data × control (2) · no-data × page-regions (1) · no-data × title-and-optional-action (1) · one-measure × committed-vs-balance-split (1) · one-measure × value-and-delta (1) · one-measure × value-delta-and-series (1) · one-state × dot-and-label (1) · parts-of-whole (2) · periods × ohlc (1) · points × two-measures (1) · rows × measure-target-bands (1) · rows × name-value-pairs (1) · shared-x × two-measures-different-units (1) · time-series × 1–5-series (1) · time-series × parts-of-whole (1) · time-series × single-series-no-axes (1)
2026-09-27T10:05:55.6230441Z   `when` FIELD COUNTS (39 of the 39 in knowledge/when-fields.json — SCRIPT OUTPUT, quote these on a review page rather than counting by eye; this is what closes V-B's M2):
2026-09-27T10:05:55.6231507Z     answers        15  Chart-boxplot, Chart-bullet, Chart-butterfly-h, Chart-butterfly-v, Chart-candlestick, Chart-histogram, Chart-scatter, chart-bar, chart-combo, chart-donut, chart-line, chart-pie, chart-sparkline, chart-stacked-area, runway-bar
2026-09-27T10:05:55.6232441Z     shape           8  Chart-candlestick, breadcrumbs, kpi-tile, navigations, runway-bar, stat-card, status-indicator, summary
2026-09-27T10:05:55.6233039Z     series          7  Chart-butterfly-h, Chart-butterfly-v, chart-combo, chart-sparkline, kpi-tile, legend, stat-card
2026-09-27T10:05:55.6233612Z     span.cols       6  Chart-boxplot, Chart-butterfly-v, chart-line, chart-sparkline, status-indicator, summary
2026-09-27T10:05:55.6234140Z     axes            2  chart-line, chart-sparkline
2026-09-27T10:05:55.6234965Z     categories      2  Chart-boxplot, Chart-butterfly-h
2026-09-27T10:05:55.6235244Z     entry           2  input-fields, textarea
2026-09-27T10:05:55.6235478Z     label           2  button, legend
2026-09-27T10:05:55.6235700Z     records         2  list-items, timeline
2026-09-27T10:05:55.6235950Z     surface         2  layout-utilities, list-items
2026-09-27T10:05:55.6236378Z     total           2  chart-donut, chart-pie
2026-09-27T10:05:55.6236636Z     axis.x          1  chart-bar
2026-09-27T10:05:55.6236843Z     baseline        1  Chart-histogram
2026-09-27T10:05:55.6237053Z     bins            1  Chart-histogram
2026-09-27T10:05:55.6237267Z     breadcrumbs     1  app-shell-focused
2026-09-27T10:05:55.6237483Z     cause           1  template-error
2026-09-27T10:05:55.6237688Z     content         1  layout-utilities
2026-09-27T10:05:55.6237894Z     delta           1  stat-card
2026-09-27T10:05:55.6238087Z     depth           1  breadcrumbs
2026-09-27T10:05:55.6238294Z     destinations    1  app-shell-top-nav
2026-09-27T10:05:55.6238516Z     emphasis        1  button
2026-09-27T10:05:55.6238842Z     exits           1  app-shell-focused
2026-09-27T10:05:55.6239051Z     full            1  limits-meter
2026-09-27T10:05:55.6239257Z     job.count       1  app-shell-focused
2026-09-27T10:05:55.6239464Z     level           1  headers
2026-09-27T10:05:55.6239645Z     lockup          1  headers
2026-09-27T10:05:55.6239832Z     nav.levels      1  app-shell-top-nav
2026-09-27T10:05:55.6240051Z     order           1  template-confirmation
2026-09-27T10:05:55.6240273Z     parts           1  chart-pie
2026-09-27T10:05:55.6240468Z     platform        1  headers
2026-09-27T10:05:55.6240675Z     position        1  template-confirmation
2026-09-27T10:05:55.6240908Z     primaryNavigation  1  app-shell-focused
2026-09-27T10:05:55.6241122Z     rows            1  summary
2026-09-27T10:05:55.6241305Z     scope           1  navigations
2026-09-27T10:05:55.6241513Z     search          1  app-shell-focused
2026-09-27T10:05:55.6241733Z     steps           1  template-wizard
2026-09-27T10:05:55.6241942Z     units           1  chart-combo
2026-09-27T10:05:55.6242137Z     variables       1  Chart-histogram
2026-09-27T10:05:55.6242340Z     verdict         1  runway-bar
2026-09-27T10:05:55.6242786Z     gate clauses carrying NO operator (prose inside the gate — not parsed, not judged, V-B's M2 method): 46
2026-09-27T10:05:55.6243167Z   `when` predicates as authored:
2026-09-27T10:05:55.6244326Z     Chart-boxplot                answers = distribution AND categories >= 2 AND each category carries a five-number summary AND span.cols <= 8 — roles.json when: "distribution per category"; beats Chart-histogram (roles.json: "distribution, one variable") whenever the spread must be read PER CATEGORY; yields to it when variables = 1 and the bin shape is the claim.
2026-09-27T10:05:55.6246455Z     Chart-bullet                 answers=comparison AND the reading is one measure against a target plus qualitative performance bands AND span.cols 4–6 — beats stat-card (60, "default — label · value · delta · period, no series") and kpi-tile (50, "a series exists to show") when the BENCHMARK, not the delta and not a series, is the point; yields to both when no target exists.
2026-09-27T10:05:55.6248414Z     Chart-butterfly-h            answers=comparison AND series=2 mirrored outward from a shared centre gutter AND categories ≥ 6 — beats chart-bar (grouped) when the two series must read as OPPOSED directions rather than adjacent columns; yields to Chart-butterfly-v (36, "as above, wide panel") when the category axis is ordered left-to-right and span.cols ≥ 8.
2026-09-27T10:05:55.6250509Z     Chart-butterfly-v            answers=comparison AND series=2 mirrored above/below ONE horizontal baseline AND the category axis is ordered left-to-right (time, rank) AND span.cols ≥ 8 — yields to Chart-butterfly-h (40, "exactly two series mirrored, categories ≥ 6") whenever the categories are unordered or the panel is narrower than 8 cols; both yield to chart-bar for an ordinary grouped comparison.
2026-09-27T10:05:55.6252591Z     Chart-candlestick            answers = change-over-time AND shape = periods × OHLC (open · high · low · close per session) — roles.json when: "OHLC per period"; beats chart-line (roles.json: "change-over-time") only when all four price points per period are the claim; yields to chart-line whenever one measure's path is enough.
2026-09-27T10:05:55.6254747Z     Chart-histogram              answers = distribution AND variables = 1 AND bins = contiguous (no inter-bar gap) AND baseline = 0 — roles.json when: "distribution, one variable"; beats Chart-boxplot (roles.json: "distribution per category") when the frequency shape of ONE variable is the claim; yields to Chart-boxplot when categories >= 2; the no-gap rule is not cosmetic — the FT gives the same reason: "keep the gaps between columns small to highlight the 'shape' of the data".
2026-09-27T10:05:55.6257437Z     Chart-scatter                answers=relationship AND both axes carry quantitative measures — the ONLY provider of relationship in the role, so it beats every sibling on the answers gate alone and needs no further test; yields to chart-combo (56) when the two measures share one x axis in different units instead of being plotted against each other. span.cols max 8 because a runtime fit is not baked (this meta's own responsive rule).
2026-09-27T10:05:55.6260919Z     alert                        the message is IN FLOW (inside the page or form it refers to) AND it persists until resolved or dismissed AND it carries a status glyph and a title, never colour alone AND an error alert never auto-dismisses — CANON-ADJACENT — our own purpose already states the three-way rule: "Use Toast for transient confirmations and Banner for page-level persistent messages; use inline field validation (Input-fields) for single-control errors"; beats toast (proposed "transient, no answer required") whenever the reader must act; beats banner (proposed "the condition governs the whole page or session") whenever the message belongs to one form or section — Atlassian draws the identical line: "For messages with information affecting the whole site, use a banner"; yields to inline field validation for a single control.
2026-09-27T10:05:55.6264081Z     app-shell-focused            primaryNavigation = absent AND breadcrumbs = absent AND search = absent AND exits = 1 AND job.count = 1 — the only frame defined by removal; beats every other shell (roles.json: all six carry navigation) whenever abandoning the task is the failure mode — authentication, a wizard, a passcode; yields to app-shell-top-nav the moment the user must be able to go somewhere else.
2026-09-27T10:05:55.6266997Z     app-shell-top-nav            destinations <= 7 AND nav.levels <= 2 — the default for dashboards — the bento template composes it; beats app-shell-side-nav (roles.json when: "> 7 destinations or two nav levels") below those bounds and app-shell-nav-rail (when: "dense app, content cannot spare 248px") when the content can spare the column; yields to app-shell-multi-column (when: "list-and-detail job") and to app-shell-focused (when: "one job, no navigation (auth, wizard)") when the job has no navigation. Co-providers of page-frame are mutually exclusive by construction (roles.json §05: one-at-a-time facility), so no not-with is authored.
2026-09-27T10:05:55.6269818Z     breadcrumbs                  shape = ancestor-path × links AND depth >= 2 — beats anchor-nav (roles.json when: "in-page, long document") when the trail is ancestry rather than in-page position; yields to navigations (when: "global — masthead / main-nav family") for global movement and to tabs (when: "local — peer views in one context") for peer views — it answers where-am-i, they answer where-can-i-go, so it complements rather than replaces them.
2026-09-27T10:05:55.6272120Z     button                       emphasis in (primary, secondary, tertiary, quaternary) AND label = text — the default of the role; yields to icon-button (roles.json when: "space is tight and the glyph is universal") when label = glyph, to split-button (when: "one main action plus a menu of related ones") when a menu hangs off the action, and to links (when: "the action is navigation inside running text") when the action is navigation in prose.
2026-09-27T10:05:55.6274532Z     chart-bar                    answers = comparison AND axis.x = categorical — beats chart-line (roles.json when: "change-over-time") when the x-dimension is categorical rather than a time continuum, and beats chart-pie (when: "composition, no centre figure, ≤ 5 parts") when the parts do not sum to a whole; the stacked variant takes composition across categories, where it yields to chart-stacked-area (when: "composition over time") if the axis is time.
2026-09-27T10:05:55.6277021Z     chart-combo                  answers=change-over-time AND series=2 AND units=different AND both read against ONE shared x (dv-line-006) — beats chart-line (88, "change-over-time") on the different-units test and on nothing else; yields to chart-line (multi-series) or chart-bar (grouped) for a same-unit pair, which this meta's own antiPattern forbids drawing as a combo.
2026-09-27T10:05:55.6278849Z     chart-donut                  answers=composition AND parts sum to a whole AND total=printed as a centre figure — beats chart-pie (48, "composition, no centre figure, ≤ 5 parts") whenever the total is worth printing, and beats it on nothing else; yields to chart-stacked-area (64, "composition over time") when the split MOVES.
2026-09-27T10:05:55.6281014Z     chart-line                   answers=change-over-time AND series 1–5 on ONE continuous time axis AND axes=present AND span.cols ≥ 6 — the role's default at this intent, and it beats every sibling whose own `when` adds a further condition; yields to chart-combo (56, "two measures in different units over one axis") when units differ, to Chart-candlestick (44, "OHLC per period") when all four price points per period are the claim, and to chart-sparkline (30, "inline scale, no axes") when span.cols < 6.
2026-09-27T10:05:55.6283036Z     chart-pie                    answers=composition AND parts ≤ 5 AND total=not printed — yields to chart-donut (80, "composition, a centre total is meaningful") whenever a centre total is wanted, which is the only thing separating the two; yields to chart-stacked-area (64) when the split moves over time.
2026-09-27T10:05:55.6284735Z     chart-sparkline              answers=change-over-time AND series=1 AND axes=absent AND span.cols ≤ 4 (inline, or a trend cell in a table) — yields to chart-line (88, "change-over-time") whenever the panel can carry axes, and is normally a complement of headline-metric rather than a chart-panel in its own right (ROLES-REVIEW §03).
2026-09-27T10:05:55.6286631Z     chart-stacked-area           answers spans change-over-time AND composition AND cumulative bands share ONE total across the time axis — beats chart-donut (80, "composition, a centre total is meaningful") and chart-pie (48) when the split MOVES rather than being a snapshot; yields to chart-line (88, "change-over-time") when the total is not meaningful.
2026-09-27T10:05:55.6288943Z     headers                      level in (page, screen, section) AND platform = app AND lockup = none — yields to page-header-lockup (roles.json when: "page level, with actions or tabs") whenever actions or tabs ride the band; beats section-heading-lockup (when: "section level, above one board / table / panel") because the Header Section Titles type covers the section level app-side, and beats eyebrow (when: "a kicker alone is enough (rare; normally a part of the above)") whenever a title, not a kicker, is wanted.
2026-09-27T10:05:55.6292065Z     icon-button                  the control performs an action AND space is tight OR the glyph is universal AND an accessible name is supplied AND the hit target is at least 44x44 AND a tooltip carries the label — CANON on the first half (roles.json: "space is tight and the glyph is universal"); beats button only where the glyph is unambiguous — our own meta: "Use a labelled Button when the action is not unambiguous from a glyph alone"; the tooltip is not optional company: Atlassian ("Use tooltips with icon buttons to display the button label") and Polaris ("Be provided for icon-only buttons") both make it a requirement, which our meta states only as an antiPattern.
2026-09-27T10:05:55.6295452Z     input-fields                 entry = free text AND expected answer fits ONE line AND no fixed option list exists AND the value is not money, a date, a time or a secret — the default text-entry field; beats textarea (proposed "the answer may span multiple lines") whenever the answer is a name, a reference or a phone number; yields to amount-input when the value is money, to date-picker / time-picker when it is a date or time, to secure-entry when it is a one-time code or PIN, and to dropdown or combobox whenever the answer must come from a list at all (Carbon: free text there "is likely to result in an error").
2026-09-27T10:05:55.6298316Z     kpi-tile                     shape = one-measure × value-delta-and-series AND series != none — beats stat-card (roles.json when: "default — label · value · delta · period, no series") whenever a series exists to show; yields to Chart-bullet (when: "a target or performance band is the point, not the delta") when target != none, and to runway-bar (when: "the number is 'money vs what is already scheduled'") when the measure is money-vs-scheduled.
2026-09-27T10:05:55.6300545Z     layout-utilities             content = arbitrary-blocks AND surface = none — the default of the role; beats cards (roles.json when: "a bordered surface per item") whenever the arrangement must paint nothing, and beats stats-band-lockup (when: "3–6 headline-metrics in a labelled row") whenever the blocks are not headline-metrics; yields to divider (when: "a rule alone") when a rule alone is the whole need.
2026-09-27T10:05:55.6302662Z     legend                       series ≥ 2 AND label = text — a key is needed only where more than one series is drawn; a single-series chart names its series in the title (chart-sparkline's rule). Placed on its own only when the charts it keys are more than one (small multiples, a comparison row); a lone chart carries its legend inside its own figure, which is what every registered chart type already does.
2026-09-27T10:05:55.6304706Z     limits-meter                 INHERITS meter's gate, variant = allowance: the value is a cap being spent against AND full = BLOCKED, not done — a thin category alias of meter.meta.json (s210-D5); carries no independent when because writing spec into the alias is an explicit antiPattern on the parent — the reading is "how much of my limit is left", which is what roles.json already names.
2026-09-27T10:05:55.6308535Z     list-items                   records >= 2 AND the records are the same kind, each read ACROSS its own row AND surface in (none, bordered-per-record) — surface ALONE decides the container (s274-D1): unbordered ⇒ simple-list (one line per record) or structured-list (aligned fields); a bordered surface drawn around EACH record ⇒ card-list. Actions are a ROW property, allowed in any of the three, so they decide nothing. No field count, row count or column count gates this (s274-D4): the comparison test decides — if a field must be read DOWN a column across records, it is a table, not a list. A list-level heading is OPTIONAL on all three containers (s274-D5); a per-card title is a ROW field, distinct from the list heading. Beats table (roles.json when: "default, read-mostly") and data-grid (when: "sort / filter / select / edit-in-place is required") whenever each record is read across its own row; yields to timeline (when: "time is the structure, records have happened") and to tree (when: "records nest").
2026-09-27T10:05:55.6312261Z     navigations                  shape = destination-set × links AND scope = global — the default of the role; beats breadcrumbs (roles.json when: "ancestry, depth ≥ 2") and tabs (when: "local — peer views in one context") because those are ancestry and local peers, not the global set; yields to sidebar-nav (when: "global, desktop, persistent column (pairs with app-shell-side-nav)") when the page-frame is app-shell-side-nav, and to tab-bar (when: "mobile bottom, 3–5 destinations") on mobile.
2026-09-27T10:05:55.6315740Z     popover                      the content is STRUCTURED and FOCUSABLE AND it opens on CLICK from a labelled trigger AND it does not scroll AND it is non-modal (no focus trap, no aria-modal) AND only one is open — CANON-ADJACENT — our purpose already carries the three-way rule: "If the user can act inside it, it is a Popover; if it is a sentence of help text, it is a Tooltip; if it must interrupt, it is a Modal"; Atlassian states both halves independently ("For interactive overlays, use the modal dialog component" / "For non-essential, non-interactive messages, use the tooltip component"); yields to drawer or modals once the content scrolls (our antiPatterns[2], Atlassian: "Don't make popups that scroll", Carbon: past four columns wide use a modal).
2026-09-27T10:05:55.6319494Z     runway-bar                   answers = one-number AND shape = one-measure × committed-vs-balance-split AND verdict != none — beats stat-card (60, "default — label · value · delta · period, no series") and kpi-tile (50, "a series exists to show") when the reading is "money vs what is already scheduled" and the takeaway is a VERDICT WITH A DATE rather than a delta or a trend; yields to stat-card when there is nothing committed to net off, to kpi-tile when a series is the claim, and to Chart-bullet (40, "a target or performance band is the point, not the delta") when a target band, not a coverage date, is the benchmark.
2026-09-27T10:05:55.6322100Z     stat-card                    shape = one-measure × value-and-delta AND series = none AND delta != none — the default of the role; beats kpi-tile (roles.json when: "a series exists to show (s247-D3 / DP-08: no series ⇒ not a KPI tile)") exactly when no series exists, and beats Chart-bullet (when: "a target or performance band is the point, not the delta") when the delta, not a band, is the claim.
2026-09-27T10:05:55.6324022Z     status-indicator             shape = one-state × dot-and-label AND span.cols <= 4 — the default of the role; beats summary (roles.json when: "n × count as a key/value list, 6–12 cols") whenever exactly one state is read; yields to badge (when: "inline, attached to another element, count only") when the dot is attached to another element rather than standing alone.
2026-09-27T10:05:55.6326194Z     summary                      shape = rows × name-value-pairs AND rows >= 2 AND span.cols >= 6 — beats status-indicator (roles.json when: "one state, one dot + label, 2–4 cols") whenever more than one row must be read at once; yields to meter (when: "the threshold is a cap being spent against (limits-meter reading)") when threshold = cap-spent-against, and to badge (when: "inline, attached to another element, count only") when the reading is inline.
2026-09-27T10:05:55.6328336Z     template-confirmation        position = end of an instruction AND order = message, then FACTS, then actions, then what-happens-next AND a reference is shown if one exists — beats the Confirmation component (roles.json feedback role) because a confirmation PAGE is also the RECEIPT — that reordering is the template's whole contribution; ends a flow that template-wizard began.
2026-09-27T10:05:55.6330304Z     template-error               cause in (404, 500) AND RAG colour = unbound AND no support semantics invented AND one page serves ALL unexpected failures — beats template-empty (proposed "the query succeeded and returned nothing") because here the page could not be produced at all; beats an inline Alert (slice A) because the failure is the PAGE, not a field.
2026-09-27T10:05:55.6332166Z     template-wizard              steps >= 2 AND order is enforced AND next is gated AND a review step precedes the end AND the end is a receipt — beats template-create-edit (proposed "one page, no enforced order") on order; composes app-shell-focused (roles.json when: "one job, no navigation (auth, wizard)") and borrows the step mechanism whole from Stepper.
2026-09-27T10:05:55.6334925Z     textarea                     entry = free text AND the answer may run to more than one line AND there is no fixed option list AND a length limit is shown only where a real limit exists — beats input-fields (proposed "the answer fits one line") the moment a sentence is expected rather than a value — notes to approvers, a reason for payment, a secure message body; yields to input-fields for anything shorter (GOV.UK, verbatim: "enter shorter answers no longer than a single line, such as a phone number"); the counter is added only when a limit genuinely exists (GOV.UK: "Only use the character count component when there is a good reason for limiting").
2026-09-27T10:05:55.6337992Z     timeline                     records >= 2 AND time IS the structure AND every record has ALREADY HAPPENED AND entries are not buttons AND order is newest-first with date headings — roles.json when: "time is the structure, records have happened"; beats list-items when the date rail is the reading rather than a sort order; yields to list-items inside a date group the moment entries must open (our AP1), and never borrows Progress-tracker's aria-current because there is no current step (our AP0).
2026-09-27T10:05:55.6340281Z     view-options                 NEVER — superseded 2026-07-24; the view switch is Segmented-control — carries no selection criterion because it is not a choice any composer should make: filter-toolbar-bar's AP1 already says "Consuming View-options instead of Segmented-control for the view switch — View-options was superseded"; the honest `when` here is a redirect, not a predicate.
2026-09-27T10:05:55.6341420Z DERIVED (printed, NEVER written into a meta — s251-D6, ISO 25964):
2026-09-27T10:05:55.6341871Z     preferred:  role action           PREFERRED TERM button (priority 60) — 7 co-provider(s)
2026-09-27T10:05:55.6342407Z     preferred:  role arrangement      PREFERRED TERM layout-utilities (priority 60) — 7 co-provider(s)
2026-09-27T10:05:55.6342965Z     preferred:  role chart-panel      PREFERRED TERM chart-bar (priority 92) — 11 co-provider(s)
2026-09-27T10:05:55.6343471Z     preferred:  role feedback         PREFERRED TERM alert (priority None) — 10 co-provider(s)
2026-09-27T10:05:55.6343985Z     preferred:  role headline-metric  PREFERRED TERM stat-card (priority 60) — 3 co-provider(s)
2026-09-27T10:05:55.6344533Z     preferred:  role input            PREFERRED TERM account-selector (priority None) — 26 co-provider(s)
2026-09-27T10:05:55.6345092Z     preferred:  role overlay          PREFERRED TERM command-palette (priority None) — 6 co-provider(s)
2026-09-27T10:05:55.6345638Z     preferred:  role page-frame       PREFERRED TERM app-shell-top-nav (priority 60) — 6 co-provider(s)
2026-09-27T10:05:55.6346230Z     preferred:  role page-title       PREFERRED TERM headers (priority 50) — 3 co-provider(s)
2026-09-27T10:05:55.6346746Z     preferred:  role record-list      PREFERRED TERM list-items (priority 60) — 7 co-provider(s)
2026-09-27T10:05:55.6347310Z     preferred:  role status-surface   PREFERRED TERM status-indicator (priority 60) — 3 co-provider(s)
2026-09-27T10:05:55.6347852Z     preferred:  role wayfinding       PREFERRED TERM navigations (priority 60) — 7 co-provider(s)
2026-09-27T10:05:55.6348371Z     instead-of: action-bar                   instead-of button                       [distant] role=action shape=differs span=unknown
2026-09-27T10:05:55.6348905Z     instead-of: cta-lockup                   instead-of button                       [distant] role=action shape=differs span=unknown
2026-09-27T10:05:55.6349466Z     instead-of: fab                          instead-of button                       [distant] role=action shape=differs span=unknown
2026-09-27T10:05:55.6349967Z     instead-of: icon-button                  instead-of button                       [distant] role=action shape=differs span=unknown
2026-09-27T10:05:55.6350476Z     instead-of: links                        instead-of button                       [distant] role=action shape=differs span=unknown
2026-09-27T10:05:55.6351244Z     instead-of: quick-actions                instead-of button                       [distant] role=action shape=differs span=unknown
2026-09-27T10:05:55.6351785Z     instead-of: split-button                 instead-of button                       [distant] role=action shape=differs span=unknown
2026-09-27T10:05:55.6352349Z     instead-of: accordion                    instead-of layout-utilities             [distant] role=arrangement shape=differs span=unknown
2026-09-27T10:05:55.6352938Z     instead-of: cards                        instead-of layout-utilities             [distant] role=arrangement shape=differs span=unknown
2026-09-27T10:05:55.6353515Z     instead-of: carousel                     instead-of layout-utilities             [distant] role=arrangement shape=differs span=unknown
2026-09-27T10:05:55.6354084Z     instead-of: divider                      instead-of layout-utilities             [distant] role=arrangement shape=differs span=unknown
2026-09-27T10:05:55.6354692Z     instead-of: feature-grid-lockup          instead-of layout-utilities             [distant] role=arrangement shape=differs span=unknown
2026-09-27T10:05:55.6355295Z     instead-of: splitter                     instead-of layout-utilities             [distant] role=arrangement shape=differs span=unknown
2026-09-27T10:05:55.6355893Z     instead-of: stats-band-lockup            instead-of layout-utilities             [distant] role=arrangement shape=differs span=unknown
2026-09-27T10:05:55.6356637Z     instead-of: chart-line                   instead-of chart-bar                    [near] role=chart-panel shape=differs span=overlaps
2026-09-27T10:05:55.6357194Z     instead-of: chart-donut                  instead-of chart-bar                    [near] role=chart-panel shape=differs span=overlaps
2026-09-27T10:05:55.6357756Z     instead-of: Chart-histogram              instead-of chart-bar                    [near] role=chart-panel shape=differs span=overlaps
2026-09-27T10:05:55.6358327Z     instead-of: Chart-scatter                instead-of chart-bar                    [near] role=chart-panel shape=differs span=overlaps
2026-09-27T10:05:55.6358900Z     instead-of: chart-stacked-area           instead-of chart-bar                    [near] role=chart-panel shape=differs span=overlaps
2026-09-27T10:05:55.6359465Z     instead-of: Chart-boxplot                instead-of chart-bar                    [near] role=chart-panel shape=differs span=overlaps
2026-09-27T10:05:55.6360006Z     instead-of: chart-combo                  instead-of chart-bar                    [near] role=chart-panel shape=differs span=overlaps
2026-09-27T10:05:55.6360524Z     instead-of: chart-pie                    instead-of chart-bar                    [near] role=chart-panel shape=differs span=overlaps
2026-09-27T10:05:55.6361060Z     instead-of: Chart-candlestick            instead-of chart-bar                    [near] role=chart-panel shape=differs span=overlaps
2026-09-27T10:05:55.6361617Z     instead-of: Chart-butterfly-h            instead-of chart-bar                    [near] role=chart-panel shape=differs span=overlaps
2026-09-27T10:05:55.6362183Z     instead-of: Chart-butterfly-v            instead-of chart-bar                    [near] role=chart-panel shape=differs span=overlaps
2026-09-27T10:05:55.6362710Z     instead-of: banner                       instead-of alert                        [distant] role=feedback shape=differs span=unknown
2026-09-27T10:05:55.6363224Z     instead-of: confirmation                 instead-of alert                        [distant] role=feedback shape=differs span=unknown
2026-09-27T10:05:55.6363748Z     instead-of: countdown-timer              instead-of alert                        [distant] role=feedback shape=differs span=unknown
2026-09-27T10:05:55.6364268Z     instead-of: empty-state                  instead-of alert                        [distant] role=feedback shape=differs span=unknown
2026-09-27T10:05:55.6364901Z     instead-of: loading-indicator            instead-of alert                        [distant] role=feedback shape=differs span=unknown
2026-09-27T10:05:55.6365557Z     instead-of: notifications                instead-of alert                        [distant] role=feedback shape=differs span=unknown
2026-09-27T10:05:55.6366192Z     instead-of: progress-bar                 instead-of alert                        [distant] role=feedback shape=differs span=unknown
2026-09-27T10:05:55.6366741Z     instead-of: progress-tracker             instead-of alert                        [distant] role=feedback shape=differs span=unknown
2026-09-27T10:05:55.6367296Z     instead-of: skeleton-loader              instead-of alert                        [distant] role=feedback shape=differs span=unknown
2026-09-27T10:05:55.6367818Z     instead-of: toast                        instead-of alert                        [distant] role=feedback shape=differs span=unknown
2026-09-27T10:05:55.6368356Z     instead-of: kpi-tile                     instead-of stat-card                    [near] role=headline-metric shape=differs span=overlaps
2026-09-27T10:05:55.6368947Z     instead-of: Chart-bullet                 instead-of stat-card                    [near] role=headline-metric shape=differs span=overlaps
2026-09-27T10:05:55.6369518Z     instead-of: runway-bar                   instead-of stat-card                    [near] role=headline-metric shape=differs span=overlaps
2026-09-27T10:05:55.6370093Z     instead-of: amount-display               instead-of account-selector             [distant] role=input shape=differs span=unknown
2026-09-27T10:05:55.6370667Z     instead-of: amount-input                 instead-of account-selector             [distant] role=input shape=differs span=unknown
2026-09-27T10:05:55.6371424Z     instead-of: calendar                     instead-of account-selector             [distant] role=input shape=differs span=unknown
2026-09-27T10:05:55.6372288Z     instead-of: cascader                     instead-of account-selector             [distant] role=input shape=differs span=unknown
2026-09-27T10:05:55.6373192Z     instead-of: combobox                     instead-of account-selector             [distant] role=input shape=differs span=unknown
2026-09-27T10:05:55.6374138Z     instead-of: date-picker                  instead-of account-selector             [distant] role=input shape=differs span=unknown
2026-09-27T10:05:55.6375067Z     instead-of: date-range-picker            instead-of account-selector             [distant] role=input shape=differs span=unknown
2026-09-27T10:05:55.6375654Z     instead-of: dropdown                     instead-of account-selector             [distant] role=input shape=differs span=unknown
2026-09-27T10:05:55.6376325Z     instead-of: file-upload                  instead-of account-selector             [distant] role=input shape=differs span=unknown
2026-09-27T10:05:55.6376889Z     instead-of: form-layout                  instead-of account-selector             [distant] role=input shape=differs span=unknown
2026-09-27T10:05:55.6377451Z     instead-of: input-fields                 instead-of account-selector             [distant] role=input shape=differs span=unknown
2026-09-27T10:05:55.6378017Z     instead-of: multi-select                 instead-of account-selector             [distant] role=input shape=differs span=unknown
2026-09-27T10:05:55.6378585Z     instead-of: range-slider                 instead-of account-selector             [distant] role=input shape=differs span=unknown
2026-09-27T10:05:55.6379142Z     instead-of: rating                       instead-of account-selector             [distant] role=input shape=differs span=unknown
2026-09-27T10:05:55.6379688Z     instead-of: reorder                      instead-of account-selector             [distant] role=input shape=differs span=unknown
2026-09-27T10:05:55.6380245Z     instead-of: search-field                 instead-of account-selector             [distant] role=input shape=differs span=unknown
2026-09-27T10:05:55.6380943Z     instead-of: secure-entry                 instead-of account-selector             [distant] role=input shape=differs span=unknown
2026-09-27T10:05:55.6381635Z     instead-of: segmented-control            instead-of account-selector             [distant] role=input shape=differs span=unknown
2026-09-27T10:05:55.6382239Z     instead-of: selection-controls           instead-of account-selector             [distant] role=input shape=differs span=unknown
2026-09-27T10:05:55.6382810Z     instead-of: slider                       instead-of account-selector             [distant] role=input shape=differs span=unknown
2026-09-27T10:05:55.6383354Z     instead-of: stepper                      instead-of account-selector             [distant] role=input shape=differs span=unknown
2026-09-27T10:05:55.6383911Z     instead-of: tags-input                   instead-of account-selector             [distant] role=input shape=differs span=unknown
2026-09-27T10:05:55.6384466Z     instead-of: textarea                     instead-of account-selector             [distant] role=input shape=differs span=unknown
2026-09-27T10:05:55.6385037Z     instead-of: time-picker                  instead-of account-selector             [distant] role=input shape=differs span=unknown
2026-09-27T10:05:55.6385618Z     instead-of: transfer-list                instead-of account-selector             [distant] role=input shape=differs span=unknown
2026-09-27T10:05:55.6386289Z     instead-of: view-options                 instead-of account-selector             [distant] role=input shape=differs span=unknown
2026-09-27T10:05:55.6386862Z     instead-of: drawer                       instead-of command-palette              [distant] role=overlay shape=differs span=unknown
2026-09-27T10:05:55.6387447Z     instead-of: modal-lightbox               instead-of command-palette              [distant] role=overlay shape=differs span=unknown
2026-09-27T10:05:55.6388005Z     instead-of: modals                       instead-of command-palette              [distant] role=overlay shape=differs span=unknown
2026-09-27T10:05:55.6388561Z     instead-of: popconfirm                   instead-of command-palette              [distant] role=overlay shape=differs span=unknown
2026-09-27T10:05:55.6389113Z     instead-of: popover                      instead-of command-palette              [distant] role=overlay shape=differs span=unknown
2026-09-27T10:05:55.6389662Z     instead-of: tooltip                      instead-of command-palette              [distant] role=overlay shape=differs span=unknown
2026-09-27T10:05:55.6390244Z     instead-of: app-shell-doormat            instead-of app-shell-top-nav            [distant] role=page-frame shape=differs span=unknown
2026-09-27T10:05:55.6390846Z     instead-of: app-shell-focused            instead-of app-shell-top-nav            [distant] role=page-frame shape=differs span=unknown
2026-09-27T10:05:55.6391445Z     instead-of: app-shell-multi-column       instead-of app-shell-top-nav            [distant] role=page-frame shape=differs span=unknown
2026-09-27T10:05:55.6392047Z     instead-of: app-shell-nav-rail           instead-of app-shell-top-nav            [distant] role=page-frame shape=differs span=unknown
2026-09-27T10:05:55.6392644Z     instead-of: app-shell-side-nav           instead-of app-shell-top-nav            [distant] role=page-frame shape=differs span=unknown
2026-09-27T10:05:55.6393236Z     instead-of: app-shell-split              instead-of app-shell-top-nav            [distant] role=page-frame shape=differs span=unknown
2026-09-27T10:05:55.6393796Z     instead-of: eyebrow                      instead-of headers                      [distant] role=page-title shape=differs span=unknown
2026-09-27T10:05:55.6394340Z     instead-of: page-header-lockup           instead-of headers                      [distant] role=page-title shape=differs span=unknown
2026-09-27T10:05:55.6394908Z     instead-of: section-heading-lockup       instead-of headers                      [distant] role=page-title shape=differs span=unknown
2026-09-27T10:05:55.6395589Z     instead-of: data-grid                    instead-of list-items                   [distant] role=record-list shape=differs span=unknown
2026-09-27T10:05:55.6396485Z     instead-of: document-row                 instead-of list-items                   [distant] role=record-list shape=differs span=unknown
2026-09-27T10:05:55.6397096Z     instead-of: standing-order-mandate-row   instead-of list-items                   [distant] role=record-list shape=differs span=unknown
2026-09-27T10:05:55.6397671Z     instead-of: table                        instead-of list-items                   [distant] role=record-list shape=differs span=unknown
2026-09-27T10:05:55.6398198Z     instead-of: timeline                     instead-of list-items                   [distant] role=record-list shape=differs span=unknown
2026-09-27T10:05:55.6398769Z     instead-of: transaction-row              instead-of list-items                   [distant] role=record-list shape=differs span=unknown
2026-09-27T10:05:55.6399314Z     instead-of: tree                         instead-of list-items                   [distant] role=record-list shape=differs span=unknown
2026-09-27T10:05:55.6399897Z     instead-of: summary                      instead-of status-indicator             [distant] role=status-surface shape=differs span=disjoint
2026-09-27T10:05:55.6400491Z     instead-of: badge                        instead-of status-indicator             [distant] role=status-surface shape=differs span=unknown
2026-09-27T10:05:55.6401068Z     instead-of: meter                        instead-of status-indicator             [distant] role=status-surface shape=differs span=unknown
2026-09-27T10:05:55.6401631Z     instead-of: breadcrumbs                  instead-of navigations                  [near] role=wayfinding shape=differs span=overlaps
2026-09-27T10:05:55.6402191Z     instead-of: anchor-nav                   instead-of navigations                  [distant] role=wayfinding shape=differs span=unknown
2026-09-27T10:05:55.6402738Z     instead-of: back-to-top                  instead-of navigations                  [distant] role=wayfinding shape=differs span=unknown
2026-09-27T10:05:55.6403303Z     instead-of: pagination                   instead-of navigations                  [distant] role=wayfinding shape=differs span=unknown
2026-09-27T10:05:55.6403871Z     instead-of: sidebar-nav                  instead-of navigations                  [distant] role=wayfinding shape=differs span=unknown
2026-09-27T10:05:55.6404421Z     instead-of: tab-bar                      instead-of navigations                  [distant] role=wayfinding shape=differs span=unknown
2026-09-27T10:05:55.6404957Z     instead-of: tabs                         instead-of navigations                  [distant] role=wayfinding shape=differs span=unknown
2026-09-27T10:05:55.6405454Z     not-with:   stat-card                    not-with Chart-butterfly-h            -> DERIVED (symmetric)
2026-09-27T10:05:55.6405898Z     not-with:   stat-card                    not-with Chart-butterfly-v            -> DERIVED (symmetric)
2026-09-27T10:05:55.6406427Z     not-with:   chart-bar                    not-with Chart-histogram              -> DERIVED (symmetric)
2026-09-27T10:05:55.6406859Z     not-with:   stat-card                    not-with Chart-histogram              -> DERIVED (symmetric)
2026-09-27T10:05:55.6407293Z     not-with:   chart-donut                  not-with chart-pie                    -> DERIVED (symmetric)
2026-09-27T10:05:55.6407717Z     not-with:   chart-line                   not-with chart-sparkline              -> DERIVED (symmetric)
2026-09-27T10:05:55.6408136Z     not-with:   chart-bar                    not-with chart-stacked-area           -> DERIVED (symmetric)
2026-09-27T10:05:55.6408635Z     not-with:   status-surface               not-with kpi-tile                     -> reciprocal NOT DERIVABLE (target is a ROLE, not a meta)
2026-09-27T10:05:55.6409137Z     not-with:   chart-sparkline              not-with legend                       -> DERIVED (symmetric)
2026-09-27T10:05:55.6410024Z     with:       chart-sparkline              with kpi-tile                     -> DERIVED suggests (from recommends; NOT asserted — a complement is one-way until Dave says otherwise)
2026-09-27T10:05:55.6410790Z     with:       chart-panel                  with legend                       -> reciprocal NOT DERIVABLE (target is a ROLE, not a meta)
2026-09-27T10:05:55.6411307Z CROSS-CHECK roles.json <-> metas (REPORT ONLY, never a fail — s252-D1):
2026-09-27T10:05:55.6411747Z     roles.json membership and the metas' `provides` AGREE for every meta that carries the field (108).
2026-09-27T10:05:55.6412634Z data-grid: FAIL [with-resolves] — every `with` entry needs a `slug` string (s251-D6: the slug is REQUIRED, no ref:null seat), got 'selection-controls (the checkbox — CONSUMED byte-identically, not restated; #261 G3)'
2026-09-27T10:05:55.6413569Z data-grid: FAIL [with-resolves] — every `with` entry needs a `slug` string (s251-D6: the slug is REQUIRED, no ref:null seat), got 'filter-toolbar-bar'
2026-09-27T10:05:55.6414347Z data-grid: FAIL [with-resolves] — every `with` entry needs a `slug` string (s251-D6: the slug is REQUIRED, no ref:null seat), got 'pagination'
2026-09-27T10:05:55.6415109Z data-grid: FAIL [with-resolves] — every `with` entry needs a `slug` string (s251-D6: the slug is REQUIRED, no ref:null seat), got 'search-field'
2026-09-27T10:05:55.6415826Z data-grid: FAIL [with-resolves] — every `with` entry needs a `slug` string (s251-D6: the slug is REQUIRED, no ref:null seat), got 'tags'
2026-09-27T10:05:55.6416642Z data-grid: FAIL [with-resolves] — every `with` entry needs a `slug` string (s251-D6: the slug is REQUIRED, no ref:null seat), got 'skeleton-loader'
2026-09-27T10:05:55.6417088Z RESULT: FAIL (6)
2026-09-27T10:05:55.6648302Z selftest — _validate_roles_resolve.py
2026-09-27T10:05:55.6648754Z   PASS a fully-tagged meta resolves           -> green | (green)
2026-09-27T10:05:55.6649489Z   PASS unknown role refuses                   -> FAIL | Bad: FAIL [provides-resolves] — UNKNOWN ROLE 'chart-pane' — not a key of `roles` in knowledge/roles.json. Lega
2026-09-27T10:05:55.6650396Z   PASS unknown answer refuses                 -> FAIL | Bad2: FAIL [answers-resolves] — UNKNOWN ANSWER 'count-vs-threshold' — not a key of `chart-intent` in knowledge
2026-09-27T10:05:55.6651320Z   PASS not-with slug resolving to nothing refuses -> FAIL | Bad3: FAIL [notwith-resolves] — UNKNOWN SLUG 'ghost-card' in `not-with` — resolves to neither a meta stem unde
2026-09-27T10:05:55.6652250Z   PASS duplicate priority inside one role refuses -> FAIL | A: FAIL [priority-unique] — priority 60 is claimed by 2 providers of role 'chart-panel': A, B. Priority is the
2026-09-27T10:05:55.6661576Z   PASS same priority in DIFFERENT roles is legal -> green | (green)
2026-09-27T10:05:55.6662326Z   PASS priority with no provides refuses      -> FAIL | Bad6: FAIL [priority-in-role] — `priority` 60 with no resolving `provides`. Priority is compared ONLY within o
2026-09-27T10:05:55.6663235Z   PASS intent != answers refuses              -> FAIL | Bad4: FAIL [intent-equals-answers] — `intent` 'comparison' and `answers` 'distribution' DISAGREE. `answers` is
2026-09-27T10:05:55.6664106Z   PASS span min > max refuses                 -> FAIL | Bad5: FAIL [span-ordered] — `span.cols.min` 9 > `max` 4. The 1..12 bounds are the schema's; draft-07 cannot co
2026-09-27T10:05:55.6664899Z   PASS absent roles store fails LOUD          -> FAIL | FAIL — roles store MISSING: /tmp/tmpu14jv8wf/roles.json (an absent instrument is not a pass)
2026-09-27T10:05:55.6665726Z   PASS unknown shape refuses                  -> FAIL | Bad7: FAIL [shape-known] — UNKNOWN SHAPE 'bins × frequency' — not a key of `shapes` in knowledge/shapes.json. 
2026-09-27T10:05:55.6666473Z   PASS a shape IN the store resolves          -> green | (green)
2026-09-27T10:05:55.6667105Z   PASS unknown `when` field refuses           -> FAIL | Bad8: FAIL [when-fields-known] — UNKNOWN `when` FIELD 'prominence' in clause 'prominence >= 2' — not a key of 
2026-09-27T10:05:55.6667630Z   PASS prose in the gate is NOT a field claim -> green | (green)
2026-09-27T10:05:55.6668324Z   PASS a field named only AFTER the em-dash is not parsed -> green | (green)
2026-09-27T10:05:55.6668626Z RESULT: PASS
2026-09-27T10:05:55.7647880Z   [PASS] _proforma/DataViz-interactive.html  (16 charts, 0 blocking, 16 advisory)
2026-09-27T10:05:55.7648547Z   [PASS] snippets/Chart-bar.reference.html  (5 charts, 0 blocking, 48 advisory)
2026-09-27T10:05:55.7649006Z   [PASS] snippets/Chart-boxplot.reference.html  (1 charts, 0 blocking, 2 advisory)
2026-09-27T10:05:55.7649424Z   [PASS] snippets/Chart-bullet.reference.html  (1 charts, 0 blocking, 2 advisory)
2026-09-27T10:05:55.7649841Z   [PASS] snippets/Chart-butterfly-h.reference.html  (1 charts, 0 blocking, 2 advisory)
2026-09-27T10:05:55.7650265Z   [PASS] snippets/Chart-butterfly-v.reference.html  (1 charts, 0 blocking, 3 advisory)
2026-09-27T10:05:55.7650699Z   [PASS] snippets/Chart-candlestick.reference.html  (1 charts, 0 blocking, 2 advisory)
2026-09-27T10:05:55.7651114Z   [PASS] snippets/Chart-combo.reference.html  (1 charts, 0 blocking, 10 advisory)
2026-09-27T10:05:55.7651542Z   [PASS] snippets/Chart-donut.reference.html  (2 charts, 0 blocking, 3 advisory)
2026-09-27T10:05:55.7651951Z   [PASS] snippets/Chart-histogram.reference.html  (1 charts, 0 blocking, 2 advisory)
2026-09-27T10:05:55.7652350Z   [PASS] snippets/Chart-line.reference.html  (2 charts, 0 blocking, 19 advisory)
2026-09-27T10:05:55.7652730Z   [PASS] snippets/Chart-pie.reference.html  (2 charts, 0 blocking, 3 advisory)
2026-09-27T10:05:55.7653126Z   [PASS] snippets/Chart-scatter.reference.html  (2 charts, 0 blocking, 19 advisory)
2026-09-27T10:05:55.7653535Z   [PASS] snippets/Chart-sparkline.reference.html  (3 charts, 0 blocking, 4 advisory)
2026-09-27T10:05:55.7653958Z   [PASS] snippets/Chart-stacked-area.reference.html  (1 charts, 0 blocking, 10 advisory)
2026-09-27T10:05:55.7654218Z 
2026-09-27T10:05:55.7654575Z ✅ DataViz gate passed (15 chart surface file(s)).
2026-09-27T10:05:55.8194033Z   [ok] ★ #260 ENGINE_TEST_PAGE maps every engine-drawn member to a test page that EXISTS
2026-09-27T10:05:55.8194671Z   [ok] GOOD column passes blocking
2026-09-27T10:05:55.8194981Z   [ok] dv-009 gradient
2026-09-27T10:05:55.8195374Z   [ok] ★ DV-D02-A fires when a cartesian plot LOSES dv-fit
2026-09-27T10:05:55.8195939Z   [ok] ★ DV-D02-A fires the OTHER way — an excluded donut that CARRIES dv-fit
2026-09-27T10:05:55.8196667Z   [ok] DV-D02-A silent on an excluded chart with no dv-fit (donut, the normal case)
2026-09-27T10:05:55.8197326Z   [ok] ★ scatter is BLOCKING since the #72 discharge — no waiver left to demote it
2026-09-27T10:05:55.8197936Z   [ok] ★ scatter WITH dv-fit is silent — the green control for the discharge
2026-09-27T10:05:55.8198541Z   [ok] ★ h-bar is IN scope after DV-D02-A — the rot the amendment corrected
2026-09-27T10:05:55.8198950Z   [ok] dv-009 two patterns
2026-09-27T10:05:55.8199256Z   [ok] dv-017 raw hex fill
2026-09-27T10:05:55.8199514Z   [ok] dv-016 low-contrast series
2026-09-27T10:05:55.8199794Z   [ok] dv-bar-009 missing baseline
2026-09-27T10:05:55.8200130Z   [ok] dv-bar-009 NEVER fires on a line
2026-09-27T10:05:55.8200498Z   [ok] dv-bar-007 negative horizontal bar
2026-09-27T10:05:55.8200847Z   [ok] dv-pie-009 >6 slices
2026-09-27T10:05:55.8201148Z   [ok] dv-pie-010 sum!=total
2026-09-27T10:05:55.8201483Z   [ok] dv-004 donut without separating stroke
2026-09-27T10:05:55.8202091Z   [ok] ★ dv-004 FIRES on the ds-014 figure — stacked-column, 0.0px gap, no stroke
2026-09-27T10:05:55.8202800Z   [ok] ★ dv-004 PASSES on 2px of REAL GEOMETRY (Dave's ruling, no stroke needed)
2026-09-27T10:05:55.8203365Z   [ok] dv-004 boundary — 1.9px gap is still a failure
2026-09-27T10:05:55.8203775Z   [ok] dv-004 accepts MORE than the minimum (6px gap)
2026-09-27T10:05:55.8204202Z   [ok] dv-004 stroke mechanism still passes with a 0px gap
2026-09-27T10:05:55.8204664Z   [ok] dv-004 unmeasurable geometry fails SAFE (no x/y/height, no stroke)
2026-09-27T10:05:55.8205279Z   [ok] ★ dv-vocab FIRES on a dtype the gate has never heard of
2026-09-27T10:05:55.8205783Z   [ok] dv-vocab silent on the three values that were blind (scatter)
2026-09-27T10:05:55.8207122Z   [ok] dtype synonym normalises — grouped-column reaches dv-bar-009
2026-09-27T10:05:55.8207611Z   [ok] dv-line-011 curved series path
2026-09-27T10:05:55.8208007Z   [ok] vibration advisory fires on a shimmer pair
2026-09-27T10:05:55.8208640Z   [ok] ★ s260-D3 driven receipt: fresh + all 8 combos >=2px PASSES (and says so)
2026-09-27T10:05:55.8209375Z   [ok] ★ s260-D3 driven receipt: ONE combo at 1.9px is BLOCKING, quoting combo + px
2026-09-27T10:05:55.8210117Z   [ok] ★ s260-D3 driven receipt: STALE source hash is BLOCKING and names the file
2026-09-27T10:05:55.8210774Z   [ok] ★ s260-D3 driven receipt: NO receipt at all is BLOCKING, never a skip
2026-09-27T10:05:55.8211398Z   [ok] ★ s260-D3 driven receipt: an UNMAPPED engine snippet is BLOCKING
2026-09-27T10:05:55.8212149Z   [ok] ★ s260-D3 control: a STATIC donut with a >=2px stroke still passes the STATIC route
2026-09-27T10:05:55.8212947Z   [ok] ★ #260 recorded dv-004 figure BELOW 2px is BLOCKING outside donut/pie/stacked
2026-09-27T10:05:55.8213577Z   [ok] ★ #260 recorded dv-004 figure at 2.200px PASSES and says so
2026-09-27T10:05:55.8214189Z   [ok] ★ #260 a receipt that measures NOTHING (dv004_px null) invents no rule
2026-09-27T10:05:55.8214868Z   [ok] ★ #260 a FRESH receipt with no measured dv-004 figure still passes (no rule invented)
2026-09-27T10:05:55.8215554Z   [ok] ★ #260 the SAME receipt with one source hash changed is BLOCKING STALE
2026-09-27T10:05:55.8216352Z   [ok] ★ #260 a mapped engine page with NO receipt at all is BLOCKING, never a skip
2026-09-27T10:05:55.8216732Z 
2026-09-27T10:05:55.8216854Z ✅ selftest
2026-09-27T10:05:55.9610837Z property-resolves gate (C2): 149 file(s), 0 failure(s)
2026-09-27T10:05:56.0050293Z   [PASS] green control — the shipping file passes (0 failure(s))
2026-09-27T10:05:56.0050886Z   [PASS] bite 1 — ds-018 reintroduced (--border-disabled/--text-disabled): 2 failure(s), expected 2
2026-09-27T10:05:56.0051395Z   [PASS] bite 2 — --muted reintroduced: 1 failure(s), expected 1
2026-09-27T10:05:56.0052117Z   [PASS] bite 3 — var() WITH a fallback is intent, not a defect: 0 failure(s), expected 0
2026-09-27T10:05:56.0052728Z   [PASS] bite 4 — 404 stylesheet is caught, not swallowed: 1 failure(s), expected ≥1
2026-09-27T10:05:56.0053305Z   [PASS] bite-the-bite — a blinded detector reports 0 on a known-bad file (0), so the bites above are measuring something
2026-09-27T10:05:56.0053811Z   ✅ C2 selftest: all failure classes bite; green control passes
2026-09-27T10:05:56.4435326Z dataviz var-resolution gate — 9 file(s) with colour presentation attributes, 380 reference(s), 4 theme(s): mono, legacy, console, supercharge
2026-09-27T10:05:56.4436517Z ✅ every colour presentation attribute resolves in at least one theme
2026-09-27T10:05:57.4796682Z   [1] green control (real Chart-bar, 58 refs) -> 0 dead : PASS
2026-09-27T10:05:57.4797168Z   [2] plant undeclared --gate-selftest-ghost -> 1 dead ['--gate-selftest-ghost'] : PASS
2026-09-27T10:05:57.4797576Z   [3] same name, now DECLARED -> 0 dead : PASS
2026-09-27T10:05:57.4797892Z   [4] alias chain --ghost -> --void (undeclared) -> 1 dead : PASS
2026-09-27T10:05:57.4798305Z   [5] declared in console block only -> partial=[('--gate-selftest-ghost', ['console'])] : PASS
2026-09-27T10:05:57.4798664Z   [6] var(--void, #ccc) fallback -> 0 dead : PASS
2026-09-27T10:05:57.4799343Z   [7] empty population -> GateError: EMPTY POPULATION — globs ['knowledge/snippets/*.reference.ht : PASS
2026-09-27T10:05:57.4799891Z   [8] missing canon.css -> GateError: MISSING TARGET canon.css at /tmp/dvvars-_7x6w_qv/knowledge/c : PASS
2026-09-27T10:05:57.4800200Z 
2026-09-27T10:05:57.4800404Z ✅ selftest PASS — the gate can fail, and fails on the right shapes
2026-09-27T10:05:57.9110165Z minted-token consumption inventory (ADVISORY) — canon.css declares 1021 custom properties (base tier 1018 · theme tier 416)
2026-09-27T10:05:57.9110923Z   consumed by a var() in the glob ......... 653
2026-09-27T10:05:57.9111283Z   unconsumed .............................. 368
2026-09-27T10:05:57.9112307Z     ├─ ALIAS-TARGET (mint-time $alias) ..... 83
2026-09-27T10:05:57.9112706Z     ├─ ALIAS-SHADOW (alias expansion) ..... 23
2026-09-27T10:05:57.9113196Z     └─ ORPHAN       (declared, never read) 262   [6 of them minted per-theme]
2026-09-27T10:05:57.9113518Z 
2026-09-27T10:05:57.9114625Z ⚠ ADVISORY: an unconsumed mint is not a defect on its face — a forgotten wire and a reserved slot wear the same shape, and no presence test can tell them apart. Promotion to blocking needs a $consumer/$reserved declaration on the token, and is Dave's word.
2026-09-27T10:06:00.6349407Z   [1] green control: real canon.css parses and classifies            PASS  — declared=1021 consumed=653 orphan=262
2026-09-27T10:06:00.6350339Z   [2] a heavily-consumed var (--border-radius-default) is not flagged PASS  — (absent)
2026-09-27T10:06:00.6351074Z   [3] plant --gate-selftest-orphan in a console block -> ORPHAN      PASS  — ORPHAN
2026-09-27T10:06:00.6351782Z   [4] same name, now var()-ed by a file in the glob -> not flagged   PASS  — (absent)
2026-09-27T10:06:00.6352452Z   [5] consumer moved to reviews/ (excluded) -> ORPHAN again          PASS  — ORPHAN
2026-09-27T10:06:00.6353160Z   [6] $alias target --color-neutral-15 classed ALIAS-TARGET, not ORPHAN PASS  — ALIAS-TARGET
2026-09-27T10:06:00.6353895Z   [7] MUTANT subtract_alias_targets=False -> --color-neutral-15 goes ORPHAN PASS  — ORPHAN
2026-09-27T10:06:00.6354717Z   [8] --tooltip-background ALIAS-SHADOW, and ORPHAN under the mutant PASS  — ALIAS-SHADOW / mutant ORPHAN
2026-09-27T10:06:00.6355613Z   [9] missing canon.css -> GateError                                 PASS  — MISSING TARGET canon.css at /tmp/mintcons-w4psb86h/k
2026-09-27T10:06:00.6356907Z   [10] empty consumer population -> GateError                         PASS  — EMPTY CONSUMER POPULATION — no scannable file under 
2026-09-27T10:06:00.6357438Z 
2026-09-27T10:06:00.6358029Z ✅ selftest PASS — the inventory can flag, can stop flagging, and both false-positive subtractions are mutation-proved (10 bites)
2026-09-27T10:06:02.5591279Z [hidden]-vs-author-display sweep — ADVISORY, non-gating (#218 W3 F1 class, s218-D5 clause 3)
2026-09-27T10:06:02.5592250Z 137 snippet(s) scanned, 17 with signals · 3 STATIC · 0 DYNAMIC · 3 STATIC? · 6 DYNAMIC? · 21 UNRESOLVED
2026-09-27T10:06:02.5592696Z 
2026-09-27T10:06:02.5592889Z ## Avatar-group.reference.html — 1 signal(s)
2026-09-27T10:06:02.5594232Z   [UNRESOLVED] Avatar-group.reference.html: line 348 sets `hidden` — `p.pop.hidden = !open;` — but this reader cannot resolve the receiver to a selector, so the element is UNCHECKED, which is a gap in this instrument's reach, NOT evidence the file is clean
2026-09-27T10:06:02.5595260Z 
2026-09-27T10:06:02.5595434Z ## Cascader.reference.html — 2 signal(s)
2026-09-27T10:06:02.5597129Z   [UNRESOLVED] Cascader.reference.html: line 538 sets `hidden` — `if(!node){ col.hidden = true; return; }` — but this reader cannot resolve the receiver to a selector, so the element is UNCHECKED, which is a gap in this instrument's reach, NOT evidence the file is clean
2026-09-27T10:06:02.5599533Z   [UNRESOLVED] Cascader.reference.html: line 539 sets `hidden` — `col.hidden = false;` — but this reader cannot resolve the receiver to a selector, so the element is UNCHECKED, which is a gap in this instrument's reach, NOT evidence the file is clean
2026-09-27T10:06:02.5600647Z 
2026-09-27T10:06:02.5600871Z ## Chart-butterfly-h.reference.html — 1 signal(s)
2026-09-27T10:06:02.5603009Z   [STATIC] Chart-butterfly-h.reference.html: STATIC hidden-bearing <div> (class=dv-empty-frame) at line 296 is painted by `.dv-empty-frame{display:flex}` (line 219, specificity (0, 1, 0)); the file has NO matching `[hidden]{display:none}` remedy — the UA `[hidden]{display:none}` is (0,1,0) and loses, so the element renders while `hidden` tells AT it is gone (#218 W3 F1 class, s218-D5 clause 3)
2026-09-27T10:06:02.5604737Z 
2026-09-27T10:06:02.5604980Z ## Chart-butterfly-v.reference.html — 1 signal(s)
2026-09-27T10:06:02.5607676Z   [STATIC] Chart-butterfly-v.reference.html: STATIC hidden-bearing <div> (class=dv-empty-frame) at line 301 is painted by `.dv-empty-frame{display:flex}` (line 224, specificity (0, 1, 0)); the file has NO matching `[hidden]{display:none}` remedy — the UA `[hidden]{display:none}` is (0,1,0) and loses, so the element renders while `hidden` tells AT it is gone (#218 W3 F1 class, s218-D5 clause 3)
2026-09-27T10:06:02.5609441Z 
2026-09-27T10:06:02.5609671Z ## Chart-histogram.reference.html — 1 signal(s)
2026-09-27T10:06:02.5611699Z   [STATIC] Chart-histogram.reference.html: STATIC hidden-bearing <div> (class=dv-empty-frame) at line 246 is painted by `.dv-empty-frame{display:flex}` (line 182, specificity (0, 1, 0)); the file has NO matching `[hidden]{display:none}` remedy — the UA `[hidden]{display:none}` is (0,1,0) and loses, so the element renders while `hidden` tells AT it is gone (#218 W3 F1 class, s218-D5 clause 3)
2026-09-27T10:06:02.5613297Z 
2026-09-27T10:06:02.5613537Z ## Command-palette.reference.html — 4 signal(s)
2026-09-27T10:06:02.5616615Z   [STATIC?] Command-palette.reference.html: STATIC? hidden-bearing <span> (id=cp1-title) at line 153 is painted by `.cp-stage-mock span{display:block}` (line 54, specificity (0, 0, 1)); the file has NO matching `[hidden]{display:none}` remedy ⚠ POSSIBLE ONLY: `.cp-stage-mock span` states an ancestor/sibling condition this reader does not check, so the pair may never meet in the real DOM — the UA `[hidden]{display:none}` is (0,1,0) and loses, so the element renders while `hidden` tells AT it is gone (#218 W3 F1 class, s218-D5 clause 3)
2026-09-27T10:06:02.5621389Z   [STATIC?] Command-palette.reference.html: STATIC? hidden-bearing <span> (tag=span) at line 202 is painted by `.cp-stage-mock span{display:block}` (line 54, specificity (0, 0, 1)); the file has NO matching `[hidden]{display:none}` remedy ⚠ POSSIBLE ONLY: `.cp-stage-mock span` states an ancestor/sibling condition this reader does not check, so the pair may never meet in the real DOM — the UA `[hidden]{display:none}` is (0,1,0) and loses, so the element renders while `hidden` tells AT it is gone (#218 W3 F1 class, s218-D5 clause 3)
2026-09-27T10:06:02.5625936Z   [STATIC?] Command-palette.reference.html: STATIC? hidden-bearing <span> (id=cp2-title) at line 215 is painted by `.cp-stage-mock span{display:block}` (line 54, specificity (0, 0, 1)); the file has NO matching `[hidden]{display:none}` remedy ⚠ POSSIBLE ONLY: `.cp-stage-mock span` states an ancestor/sibling condition this reader does not check, so the pair may never meet in the real DOM — the UA `[hidden]{display:none}` is (0,1,0) and loses, so the element renders while `hidden` tells AT it is gone (#218 W3 F1 class, s218-D5 clause 3)
2026-09-27T10:06:02.5629096Z   [UNRESOLVED] Command-palette.reference.html: line 334 sets `hidden` — `el.hidden = !on;` — but this reader cannot resolve the receiver to a selector, so the element is UNCHECKED, which is a gap in this instrument's reach, NOT evidence the file is clean
2026-09-27T10:06:02.5630102Z 
2026-09-27T10:06:02.5630296Z ## Data-grid.reference.html — 1 signal(s)
2026-09-27T10:06:02.5632741Z   [DYNAMIC?] Data-grid.reference.html: DYNAMIC? hidden-bearing <*> (id=fbar) at line 1012 is painted by `.sort .ic svg{display:block}` (line 232, specificity (0, 0, 1)); the file has NO matching `[hidden]{display:none}` remedy ⚠ POSSIBLE ONLY: `.sort .ic svg` states an ancestor/sibling condition this reader does not check, so the pair may never meet in the real DOM — the UA `[hidden]{display:none}` is (0,1,0) and loses, so the element renders while `hidden` tells AT it is gone (#218 W3 F1 class, s218-D5 clause 3)
2026-09-27T10:06:02.5634831Z 
2026-09-27T10:06:02.5635066Z ## Filter-toolbar-bar.reference.html — 6 signal(s)
2026-09-27T10:06:02.5637432Z   [UNRESOLVED] Filter-toolbar-bar.reference.html: line 939 sets `hidden` — `state.filters.forEach((f,i)=>{ const n=chipNode(f); if(!expanded && i>=MAXCHIPS) n.hidden=true; chipRow.appendChild(n); ` — but this reader cannot resolve the receiver to a selector, so the element is UNCHECKED, which is a gap in this instrument's reach, NOT evidence the file is clean
2026-09-27T10:06:02.5639458Z   [UNRESOLVED] Filter-toolbar-bar.reference.html: line 1073 sets `hidden` — `table.hidden = s.view!=='table'; cards.hidden = s.view==='cards' ? false : true;` — but this reader cannot resolve the receiver to a selector, so the element is UNCHECKED, which is a gap in this instrument's reach, NOT evidence the file is clean
2026-09-27T10:06:02.5641111Z   [UNRESOLVED] Filter-toolbar-bar.reference.html: line 1073 sets `hidden` — `table.hidden = s.view!=='table'; cards.hidden = s.view==='cards' ? false : true;` — but this reader cannot resolve the receiver to a selector, so the element is UNCHECKED, which is a gap in this instrument's reach, NOT evidence the file is clean
2026-09-27T10:06:02.5642730Z   [UNRESOLVED] Filter-toolbar-bar.reference.html: line 1076 sets `hidden` — `emptyEl.hidden = st!=='empty'; errEl.hidden = true; results.hidden = st==='empty';` — but this reader cannot resolve the receiver to a selector, so the element is UNCHECKED, which is a gap in this instrument's reach, NOT evidence the file is clean
2026-09-27T10:06:02.5644342Z   [UNRESOLVED] Filter-toolbar-bar.reference.html: line 1076 sets `hidden` — `emptyEl.hidden = st!=='empty'; errEl.hidden = true; results.hidden = st==='empty';` — but this reader cannot resolve the receiver to a selector, so the element is UNCHECKED, which is a gap in this instrument's reach, NOT evidence the file is clean
2026-09-27T10:06:02.5646111Z   [UNRESOLVED] Filter-toolbar-bar.reference.html: line 1076 sets `hidden` — `emptyEl.hidden = st!=='empty'; errEl.hidden = true; results.hidden = st==='empty';` — but this reader cannot resolve the receiver to a selector, so the element is UNCHECKED, which is a gap in this instrument's reach, NOT evidence the file is clean
2026-09-27T10:06:02.5646952Z 
2026-09-27T10:06:02.5647104Z ## Page-header-lockup.reference.html — 2 signal(s)
2026-09-27T10:06:02.5648682Z   [DYNAMIC?] Page-header-lockup.reference.html: DYNAMIC? hidden-bearing <*> (tag=*) at line 430 is painted by `nav ol{display:flex}` (line 130, specificity (0, 0, 1)); the file has NO matching `[hidden]{display:none}` remedy ⚠ POSSIBLE ONLY: `nav ol` states an ancestor/sibling condition this reader does not check, so the pair may never meet in the real DOM — the UA `[hidden]{display:none}` is (0,1,0) and loses, so the element renders while `hidden` tells AT it is gone (#218 W3 F1 class, s218-D5 clause 3)
2026-09-27T10:06:02.5651175Z   [DYNAMIC?] Page-header-lockup.reference.html: DYNAMIC? hidden-bearing <*> (tag=*) at line 437 is painted by `nav ol{display:flex}` (line 130, specificity (0, 0, 1)); the file has NO matching `[hidden]{display:none}` remedy ⚠ POSSIBLE ONLY: `nav ol` states an ancestor/sibling condition this reader does not check, so the pair may never meet in the real DOM — the UA `[hidden]{display:none}` is (0,1,0) and loses, so the element renders while `hidden` tells AT it is gone (#218 W3 F1 class, s218-D5 clause 3)
2026-09-27T10:06:02.5652313Z 
2026-09-27T10:06:02.5652443Z ## Secure-entry.reference.html — 2 signal(s)
2026-09-27T10:06:02.5653484Z   [UNRESOLVED] Secure-entry.reference.html: line 387 sets `hidden` — `if (left <= 0){ clearInterval(tick); tick = null; btn.disabled = false; wait.hidden = true; }` — but this reader cannot resolve the receiver to a selector, so the element is UNCHECKED, which is a gap in this instrument's reach, NOT evidence the file is clean
2026-09-27T10:06:02.5655083Z   [UNRESOLVED] Secure-entry.reference.html: line 394 sets `hidden` — `btn.disabled = true; wait.hidden = false; left = 30; n.textContent = left;` — but this reader cannot resolve the receiver to a selector, so the element is UNCHECKED, which is a gap in this instrument's reach, NOT evidence the file is clean
2026-09-27T10:06:02.5655815Z 
2026-09-27T10:06:02.5655935Z ## Sidebar-nav.reference.html — 4 signal(s)
2026-09-27T10:06:02.5657751Z   [DYNAMIC?] Sidebar-nav.reference.html: DYNAMIC? hidden-bearing <*> (tag=*) at line 617 is painted by `.sn-canvas > span{display:block}` (line 148, specificity (0, 0, 1)); the file has NO matching `[hidden]{display:none}` remedy ⚠ POSSIBLE ONLY: `.sn-canvas > span` states an ancestor/sibling condition this reader does not check, so the pair may never meet in the real DOM — the UA `[hidden]{display:none}` is (0,1,0) and loses, so the element renders while `hidden` tells AT it is gone (#218 W3 F1 class, s218-D5 clause 3)
2026-09-27T10:06:02.5659765Z   [UNRESOLVED] Sidebar-nav.reference.html: line 631 sets `hidden` — `if (sub) sub.hidden = open;` — but this reader cannot resolve the receiver to a selector, so the element is UNCHECKED, which is a gap in this instrument's reach, NOT evidence the file is clean
2026-09-27T10:06:02.5661085Z   [UNRESOLVED] Sidebar-nav.reference.html: line 656 sets `hidden` — `if (sub) sub.hidden = true;` — but this reader cannot resolve the receiver to a selector, so the element is UNCHECKED, which is a gap in this instrument's reach, NOT evidence the file is clean
2026-09-27T10:06:02.5662393Z   [UNRESOLVED] Sidebar-nav.reference.html: line 660 sets `hidden` — `if (sub) sub.hidden = !back;` — but this reader cannot resolve the receiver to a selector, so the element is UNCHECKED, which is a gap in this instrument's reach, NOT evidence the file is clean
2026-09-27T10:06:02.5663022Z 
2026-09-27T10:06:02.5663194Z ## Standing-order-mandate-row.reference.html — 1 signal(s)
2026-09-27T10:06:02.5664121Z   [UNRESOLVED] Standing-order-mandate-row.reference.html: line 677 sets `hidden` — `panel.hidden = !open;` — but this reader cannot resolve the receiver to a selector, so the element is UNCHECKED, which is a gap in this instrument's reach, NOT evidence the file is clean
2026-09-27T10:06:02.5664780Z 
2026-09-27T10:06:02.5664900Z ## Stepper.reference.html — 1 signal(s)
2026-09-27T10:06:02.5665905Z   [UNRESOLVED] Stepper.reference.html: line 443 sets `hidden` — `STEPS.forEach((s, i) => { document.getElementById('p-' + (i + 1)).hidden = (i + 1) !== current; });` — but this reader cannot resolve the receiver to a selector, so the element is UNCHECKED, which is a gap in this instrument's reach, NOT evidence the file is clean
2026-09-27T10:06:02.5666833Z 
2026-09-27T10:06:02.5666945Z ## Tabs.reference.html — 1 signal(s)
2026-09-27T10:06:02.5668010Z   [UNRESOLVED] Tabs.reference.html: line 226 sets `hidden` — `allTabs.forEach(x => { const on = x === t; x.setAttribute('aria-selected', on); x.tabIndex = on ? 0 : -1; panelOf(x).hid` — but this reader cannot resolve the receiver to a selector, so the element is UNCHECKED, which is a gap in this instrument's reach, NOT evidence the file is clean
2026-09-27T10:06:02.5668804Z 
2026-09-27T10:06:02.5668939Z ## Template-auth.reference.html — 2 signal(s)
2026-09-27T10:06:02.5669935Z   [UNRESOLVED] Template-auth.reference.html: line 815 sets `hidden` — `if (left <= 0){ clearInterval(tick); btn.disabled = false; wait.hidden = true; }` — but this reader cannot resolve the receiver to a selector, so the element is UNCHECKED, which is a gap in this instrument's reach, NOT evidence the file is clean
2026-09-27T10:06:02.5671506Z   [UNRESOLVED] Template-auth.reference.html: line 818 sets `hidden` — `btn.disabled = true; wait.hidden = false; left = 30; n.textContent = left;` — but this reader cannot resolve the receiver to a selector, so the element is UNCHECKED, which is a gap in this instrument's reach, NOT evidence the file is clean
2026-09-27T10:06:02.5672246Z 
2026-09-27T10:06:02.5672396Z ## Template-create-edit.reference.html — 1 signal(s)
2026-09-27T10:06:02.5674108Z   [DYNAMIC?] Template-create-edit.reference.html: DYNAMIC? hidden-bearing <*> (id=ef-dirty) at line 816 is painted by `.content-header button{display:inline-flex}` (line 220, specificity (0, 0, 1)); the file has NO matching `[hidden]{display:none}` remedy ⚠ POSSIBLE ONLY: `.content-header button` states an ancestor/sibling condition this reader does not check, so the pair may never meet in the real DOM — the UA `[hidden]{display:none}` is (0,1,0) and loses, so the element renders while `hidden` tells AT it is gone (#218 W3 F1 class, s218-D5 clause 3)
2026-09-27T10:06:02.5675551Z 
2026-09-27T10:06:02.5675789Z ## Template-wizard.reference.html — 2 signal(s)
2026-09-27T10:06:02.5677633Z   [DYNAMIC?] Template-wizard.reference.html: DYNAMIC? hidden-bearing <*> (id=wiz-bar) at line 782 is painted by `.content-header button{display:inline-flex}` (line 229, specificity (0, 0, 1)); the file has NO matching `[hidden]{display:none}` remedy ⚠ POSSIBLE ONLY: `.content-header button` states an ancestor/sibling condition this reader does not check, so the pair may never meet in the real DOM — the UA `[hidden]{display:none}` is (0,1,0) and loses, so the element renders while `hidden` tells AT it is gone (#218 W3 F1 class, s218-D5 clause 3)
2026-09-27T10:06:02.5679849Z   [UNRESOLVED] Template-wizard.reference.html: line 779 sets `hidden` — `STEPS.forEach((s, i) => { document.getElementById('wp-' + (i + 1)).hidden = (i + 1) !== current; });` — but this reader cannot resolve the receiver to a selector, so the element is UNCHECKED, which is a gap in this instrument's reach, NOT evidence the file is clean
2026-09-27T10:06:02.5680658Z 
2026-09-27T10:06:02.5681338Z ⚠ TRIAGE INPUT, NOT A REPAIR LIST. CERTAIN tiers (STATIC/DYNAMIC) name a painter with no ancestor condition. `?` tiers are combinator-blind and may never meet in the real DOM. UNRESOLVED is this instrument's own blind spot, not a clean bill.
2026-09-27T10:06:02.6308791Z   ✓ STATIC defect is CAUGHT and names the class, the painting rule and the missing remedy
2026-09-27T10:06:02.6310352Z       quoted: F.reference.html: STATIC hidden-bearing <div> (class=x) at line 1 is painted by `.x{display:flex}` (line 1, specificity (0, 1, 0)); the file has NO matching `[hidden]{display:none}` remedy — the UA `[hidden]{display:none}` is (0,1,0) and loses, so the element renders while `hidden` tells AT it is gone (#218 W3 F1 class, s218-D5 clause 3)
2026-09-27T10:06:02.6311498Z   ✓ the RULED remedy `.x[hidden]{display:none}` clears the finding (no false positive on the s218-D5 fix shape)
2026-09-27T10:06:02.6312102Z   ✓ a LOWER-specificity [hidden] remedy is still caught, and the message quotes both specificities
2026-09-27T10:06:02.6313423Z       quoted: F.reference.html: STATIC hidden-bearing <div> (class=a.b) at line 1 is painted by `.a.b{display:flex}` (line 1, specificity (0, 2, 0)); the file's only matching [hidden] remedy `[hidden]` (line 1) is WEAKER at (0, 1, 0) — the UA `[hidden]{display:none}` is (0,1,0) and loses, so the element renders while `hidden` tells AT it is gone (#218 W3 F1 class, s218-D5 clause 3)
2026-09-27T10:06:02.6314543Z   ✓ a painting rule inside a CSS comment is NOT counted (comment-masked)
2026-09-27T10:06:02.6315002Z   ✓ a hidden-bearing element inside an HTML comment is NOT counted (shared _htmlmask)
2026-09-27T10:06:02.6315477Z   ✓ a script-set `hidden` on a querySelector-bound element is RESOLVED and caught
2026-09-27T10:06:02.6316899Z       quoted: F.reference.html: DYNAMIC hidden-bearing <*> (class=y) at line 1 is painted by `.y{display:grid}` (line 1, specificity (0, 1, 0)); the file has NO matching `[hidden]{display:none}` remedy — the UA `[hidden]{display:none}` is (0,1,0) and loses, so the element renders while `hidden` tells AT it is gone (#218 W3 F1 class, s218-D5 clause 3)
2026-09-27T10:06:02.6317942Z   ✓ the forEach iteration variable inherits its list's binding (querySelectorAll)
2026-09-27T10:06:02.6318408Z   ✓ an unresolvable script target is DECLARED as UNCHECKED, not silently dropped
2026-09-27T10:06:02.6319321Z       quoted: F.reference.html: line 1 sets `hidden` — `pick(whatever()).hidden = true;` — but this reader cannot resolve the receiver to a selector, so the element is UNCHECKED, which is a gap in this instrument's reach, NOT evidence the file is clean
2026-09-27T10:06:02.6320187Z   ✓ a painter whose own selector carries [hidden] is read as a deliberate override, not the defect
2026-09-27T10:06:02.6320829Z   ✓ REAL #218 case: Command-palette carries NO CERTAIN finding with the ruled fix in place (the check can go green on Dave's own remedy)
2026-09-27T10:06:02.6321891Z   ✓ REAL #218 case MUTANT: delete the ruled one-line remedy and the ORIGINAL phantom option is named again, by file, class and rule
2026-09-27T10:06:02.6323418Z       quoted: Command-palette.reference.html: STATIC hidden-bearing <div> (class=cp-opt) at line 230 is painted by `.cp-opt{display:flex}` (line 93, specificity (0, 1, 0)); the file has NO matching `[hidden]{display:none}` remedy — the UA `[hidden]{display:none}` is (0,1,0) and loses, so the element renders while `hidden` tells AT it is gone (#218 W3 F1 class, s218-D5 clause 3)
2026-09-27T10:06:02.6324699Z   ✓ REAL #218 case MUTANT is CERTAIN-tier, not a hedged POSSIBLE — the one measured instance of this class must land in the tier that means it
2026-09-27T10:06:02.6325328Z   ✓ line numbers are FILE-relative, not block-relative (painter line 6, element line 10)
2026-09-27T10:06:02.6326648Z       quoted: F.reference.html: STATIC hidden-bearing <div> (class=x) at line 10 is painted by `.x{display:flex}` (line 6, specificity (0, 1, 0)); the file has NO matching `[hidden]{display:none}` remedy — the UA `[hidden]{display:none}` is (0,1,0) and loses, so the element renders while `hidden` tells AT it is gone (#218 W3 F1 class, s218-D5 clause 3)
2026-09-27T10:06:02.6327718Z   ✓ a `hidden` write inside a JS comment is NOT counted (prose about the defect is not the defect)
2026-09-27T10:06:02.6328208Z   ✓ an ANCESTOR-conditioned painter lands in the POSSIBLE tier and says why
2026-09-27T10:06:02.6329796Z       quoted: F.reference.html: STATIC? hidden-bearing <span> (class=q) at line 1 is painted by `.wrap span{display:block}` (line 1, specificity (0, 0, 1)); the file has NO matching `[hidden]{display:none}` remedy ⚠ POSSIBLE ONLY: `.wrap span` states an ancestor/sibling condition this reader does not check, so the pair may never meet in the real DOM — the UA `[hidden]{display:none}` is (0,1,0) and loses, so the element renders while `hidden` tells AT it is gone (#218 W3 F1 class, s218-D5 clause 3)
2026-09-27T10:06:02.6331297Z   ✓ when BOTH a certain and a possible painter match, the element reports the CERTAIN one (strongest signal wins, not sheet order)
2026-09-27T10:06:02.6331810Z ✅ _validate_hidden_display selftest: all bites pass
2026-09-27T10:06:02.8788025Z selftest OK — sat ceiling 0.72 · pure-black substitution · weight floor 500@12-19 / 300@20+ / none <12 · dark-on-light ignored.
2026-09-27T10:06:02.8789253Z   ~ EDGE-WEIGHT  12px @ weight 400 — floor is 500 at this size  [:where(.cn-input-fields) .help-btn .tip]  (knowledge/canon/canon.css)
2026-09-27T10:06:02.8790637Z   ~ EDGE-BLACK  pure black ground carrying reverse text — use surface/digital-black #1A1A1A  [.action-bar .btn.secondary]  (knowledge/snippets/Action-bar.reference.html)
2026-09-27T10:06:02.8791799Z   ~ EDGE-CHROMA  ground #DB0011 sat 1.00 > 0.72 ceiling  [.hero .cta]  (knowledge/snippets/Hero-variants.reference.html)
2026-09-27T10:06:02.8792522Z   ~ EDGE-CHROMA  ground #DB0011 sat 1.00 > 0.72 ceiling  [.hero .cta]  (knowledge/snippets/Hero.reference.html)
2026-09-27T10:06:02.8793193Z   ~ EDGE-WEIGHT  12px @ weight 400 — floor is 500 at this size  [.help-btn .tip]  (knowledge/snippets/Input-fields.reference.html)
2026-09-27T10:06:02.8795198Z   ~ EDGE-BLACK  pure black ground carrying reverse text — use surface/digital-black #1A1A1A  [.nv-count]  (knowledge/snippets/Navigations.reference.html)
2026-09-27T10:06:02.8796202Z   ~ EDGE-BLACK  pure black ground carrying reverse text — use surface/digital-black #1A1A1A  [.nv-avatar]  (knowledge/snippets/Navigations.reference.html)
2026-09-27T10:06:02.8797228Z   ~ EDGE-BLACK  pure black ground carrying reverse text — use surface/digital-black #1A1A1A  [.chip[aria-pressed="true"],.chip[aria-checked="true"]]  (knowledge/snippets/Selection-controls.reference.html)
2026-09-27T10:06:02.8798169Z   ~ EDGE-BLACK  pure black ground carrying reverse text — use surface/digital-black #1A1A1A  [.nv-count]  (knowledge/snippets/Sidebar-nav.reference.html)
2026-09-27T10:06:02.8798991Z   ~ EDGE-BLACK  pure black ground carrying reverse text — use surface/digital-black #1A1A1A  [.sn-avatar]  (knowledge/snippets/Sidebar-nav.reference.html)
2026-09-27T10:06:02.8800307Z   ~ EDGE-BLACK  pure black ground carrying reverse text — use surface/digital-black #1A1A1A  [.sn.is-rail .nv-label]  (knowledge/snippets/Sidebar-nav.reference.html)
2026-09-27T10:06:02.8801130Z   ~ EDGE-BLACK  pure black ground carrying reverse text — use surface/digital-black #1A1A1A  [.nv-count]  (knowledge/snippets/Tab-bar.reference.html)
2026-09-27T10:06:02.8801974Z   ~ EDGE-BLACK  pure black ground carrying reverse text — use surface/digital-black #1A1A1A  [.menu-fab[aria-expanded="true"]]  (knowledge/snippets/Tab-bar.reference.html)
2026-09-27T10:06:02.8802807Z   ~ EDGE-BLACK  pure black ground carrying reverse text — use surface/digital-black #1A1A1A  [.bar]  (knowledge/snippets/Video-player.reference.html)
2026-09-27T10:06:02.8803472Z   ~ EDGE-CHROMA  ground #DB0011 sat 1.00 > 0.72 ceiling  [.iconbtn.primary]  (knowledge/_proforma/Icon-button.reference.html)
2026-09-27T10:06:02.8804281Z   ~ EDGE-BLACK  pure black ground carrying reverse text — use surface/digital-black #1A1A1A  [.iconbtn.primary.is-pressed]  (knowledge/_proforma/Icon-button.reference.html)
2026-09-27T10:06:02.8805178Z   ~ EDGE-BLACK  pure black ground carrying reverse text — use surface/digital-black #1A1A1A  [.iconbtn.secondary]  (knowledge/_proforma/Icon-button.reference.html)
2026-09-27T10:06:02.8806247Z   ~ EDGE-WEIGHT  12px @ weight 400 — floor is 500 at this size  [.ib.f-tip::after]  (knowledge/_proforma/Tranche-6-interactive.html)
2026-09-27T10:06:02.8806586Z 
2026-09-27T10:06:02.8806904Z EDGE-EXTREMITY (advisory, {#col26-020}) — 18 finding(s): EDGE-BLACK ×12 · EDGE-CHROMA ×3 · EDGE-WEIGHT ×3
2026-09-27T10:06:02.8807441Z   advisory only — perceptual rule, blocking status after triage (dv-019 precedent)
2026-09-27T10:06:02.9258058Z verification edges: 4/38 SCs verified (0 failing), 34 applies_to-only
2026-09-27T10:06:02.9258937Z   ✅ 1.4.11: pass (component) [65/67 applies_to components have a bound audited token or a gated snippet contrastPair]
2026-09-27T10:06:02.9259544Z   ✅ 1.4.3: pass (component) [41/42 applies_to components have a bound audited token]
2026-09-27T10:06:02.9259881Z   ✅ 2.3.3: pass (component)
2026-09-27T10:06:02.9260099Z   ✅ 2.5.8: pass (component)
2026-09-27T10:06:02.9603858Z external-automatable-refs: 18/38 SCs have axe-core coverage (16 easy-win, 2 already wired, 20 uncovered)
2026-09-27T10:06:03.0615576Z consult index built: 772 records -> knowledge/_consult-index.json
2026-09-27T10:06:03.0616226Z   adr          17
2026-09-27T10:06:03.0616462Z   assertion    8
2026-09-27T10:06:03.0616685Z   defect       54
2026-09-27T10:06:03.0616910Z   gate         51
2026-09-27T10:06:03.0617143Z   open-item    105
2026-09-27T10:06:03.0617375Z   rule         474
2026-09-27T10:06:03.0617587Z   ruling       63
2026-09-27T10:06:03.1758101Z [OK] "amber glyph contrast white" — expected ['R-D3', 'avd-001'], missing none
2026-09-27T10:06:03.1758802Z [OK] "inline fonts portability" — expected ['T-D9'], missing none
2026-09-27T10:06:03.1759476Z [OK] "univers sandbox render" — expected ['ASSERT-002', 'ASSERT-006'], missing none
2026-09-27T10:06:03.1760020Z [OK] --fetch R-D3 returns the full record (stage 2 hit)
2026-09-27T10:06:03.1760408Z [OK] --fetch unknown id REFUSES (fail-loud)
2026-09-27T10:06:03.1760851Z [OK] edge attach: record with no mention gets no attachment
2026-09-27T10:06:03.1761397Z [OK] edge attach: injected fabricated edge appears via direct id match
2026-09-27T10:06:03.1762062Z [OK] step 3 mark: target-of-supersedes record gets the ⛔ line
2026-09-27T10:06:03.1762734Z selftest OK — all regression queries surfaced their known-answer record(s).
2026-09-27T10:06:03.2032778Z [OK] stem: 'fonts' finds the font-size record
2026-09-27T10:06:03.2033285Z [OK] miss: unrelated query returns zero buckets
2026-09-27T10:06:03.2033698Z [OK] cap bites at 3, total honest at 7
2026-09-27T10:06:03.2034072Z [OK] header quotes total when capped
2026-09-27T10:06:03.2034451Z [OK] header quotes plain count when complete
2026-09-27T10:06:03.2034820Z [OK] fetch hit returns the record
2026-09-27T10:06:03.2035414Z [OK] fetch miss REFUSES
2026-09-27T10:06:03.2035928Z [OK] fetch miss lists a near-miss
2026-09-27T10:06:03.2036686Z [OK] receipt: query→ids form passes
2026-09-27T10:06:03.2037034Z [OK] receipt: honest negative passes
2026-09-27T10:06:03.2037350Z [OK] receipt: bare none REFUSED
2026-09-27T10:06:03.2037655Z [OK] receipt: missing arrow REFUSED
2026-09-27T10:06:03.2037966Z [OK] receipt: empty ids REFUSED
2026-09-27T10:06:03.2038231Z [OK] empty/missing index REFUSES
2026-09-27T10:06:03.2038619Z [OK] builder name is DERIVED from the index name (memento door)
2026-09-27T10:06:03.2039132Z [OK] builder name is DERIVED from the index name (consult door)
2026-09-27T10:06:03.2039595Z [OK] missing index names the builder BESIDE it
2026-09-27T10:06:03.2040032Z [OK] the named builder is the DERIVED one, not a fallback
2026-09-27T10:06:03.2040534Z [OK] no builder on disk ⇒ names NO command
2026-09-27T10:06:03.2040960Z [OK] no builder on disk ⇒ still REFUSES
2026-09-27T10:06:03.2041611Z selftest OK — engine, fetch refusal, honest denominators and receipt form all bite.
2026-09-27T10:06:03.4679195Z ⚠ DUPLICATE HEADING: gm-archive:2b-wave-1-rulings-1-7-unchanged-rule-with-the-above at _GM-ARCHIVE.md:5564 and _GM-ARCHIVE.md:6644
2026-09-27T10:06:03.4680753Z ⚠ DUPLICATE HEADING: gm-archive:3-the-standing-eyeball-set-non-blocking-your-foundations-fir at _GM-ARCHIVE.md:5586 and _GM-ARCHIVE.md:6667
2026-09-27T10:06:03.4682277Z ⚠ DUPLICATE HEADING: gm-archive:4b-queued-button-states-finesse-pass-dave-2026-07-22-not-now at _GM-ARCHIVE.md:5548 and _GM-ARCHIVE.md:6741
2026-09-27T10:06:03.4683473Z ⚠ DUPLICATE HEADING: gm-archive:5-parked-unchanged at _GM-ARCHIVE.md:5559 and _GM-ARCHIVE.md:6752
2026-09-27T10:06:03.4684847Z ⚠ DUPLICATE HEADING: ls-archive:prior-delta-2026-07-26-sun-evening-opus-solo-self-conducting at _LIVE-STATE-ARCHIVE.md:5425 and _LIVE-STATE-ARCHIVE.md:5440
2026-09-27T10:06:03.4686571Z ⚠ DUPLICATE HEADING: component:icon-button at knowledge/_proforma/icon-button.meta.json:1 and knowledge/components/icon-button.meta.json:1
2026-09-27T10:06:04.0830444Z memento index: 2333 records → knowledge/_memento-index.json (brief:206, carries-section:81, component-meta:139, context-node:222, dream:14, gauge-block:285, gm-archive-section:273, gm-section:20, lane:4, ledger-section:86, ls-archive-section:555, ls-section:11, pattern-node:380, runbook-section:57)
2026-09-27T10:06:04.3425219Z ⚠ DUPLICATE HEADING: gm-archive:2b-wave-1-rulings-1-7-unchanged-rule-with-the-above at _GM-ARCHIVE.md:5564 and _GM-ARCHIVE.md:6644
2026-09-27T10:06:04.3427031Z ⚠ DUPLICATE HEADING: gm-archive:3-the-standing-eyeball-set-non-blocking-your-foundations-fir at _GM-ARCHIVE.md:5586 and _GM-ARCHIVE.md:6667
2026-09-27T10:06:04.3428571Z ⚠ DUPLICATE HEADING: gm-archive:4b-queued-button-states-finesse-pass-dave-2026-07-22-not-now at _GM-ARCHIVE.md:5548 and _GM-ARCHIVE.md:6741
2026-09-27T10:06:04.3429771Z ⚠ DUPLICATE HEADING: gm-archive:5-parked-unchanged at _GM-ARCHIVE.md:5559 and _GM-ARCHIVE.md:6752
2026-09-27T10:06:04.3431165Z ⚠ DUPLICATE HEADING: ls-archive:prior-delta-2026-07-26-sun-evening-opus-solo-self-conducting at _LIVE-STATE-ARCHIVE.md:5425 and _LIVE-STATE-ARCHIVE.md:5440
2026-09-27T10:06:04.3432719Z ⚠ DUPLICATE HEADING: component:icon-button at knowledge/_proforma/icon-button.meta.json:1 and knowledge/components/icon-button.meta.json:1
2026-09-27T10:06:04.7420227Z memento index --check: current (2333 records)
2026-09-27T10:06:05.0042540Z ⚠ DUPLICATE HEADING: gm-archive:2b-wave-1-rulings-1-7-unchanged-rule-with-the-above at _GM-ARCHIVE.md:5564 and _GM-ARCHIVE.md:6644
2026-09-27T10:06:05.0044088Z ⚠ DUPLICATE HEADING: gm-archive:3-the-standing-eyeball-set-non-blocking-your-foundations-fir at _GM-ARCHIVE.md:5586 and _GM-ARCHIVE.md:6667
2026-09-27T10:06:05.0045622Z ⚠ DUPLICATE HEADING: gm-archive:4b-queued-button-states-finesse-pass-dave-2026-07-22-not-now at _GM-ARCHIVE.md:5548 and _GM-ARCHIVE.md:6741
2026-09-27T10:06:05.0047041Z ⚠ DUPLICATE HEADING: gm-archive:5-parked-unchanged at _GM-ARCHIVE.md:5559 and _GM-ARCHIVE.md:6752
2026-09-27T10:06:05.0048966Z ⚠ DUPLICATE HEADING: ls-archive:prior-delta-2026-07-26-sun-evening-opus-solo-self-conducting at _LIVE-STATE-ARCHIVE.md:5425 and _LIVE-STATE-ARCHIVE.md:5440
2026-09-27T10:06:05.0050504Z ⚠ DUPLICATE HEADING: component:icon-button at knowledge/_proforma/icon-button.meta.json:1 and knowledge/components/icon-button.meta.json:1
2026-09-27T10:06:05.1948650Z ⚠ DUPLICATE HEADING: gm-archive:2b-wave-1-rulings-1-7-unchanged-rule-with-the-above at _GM-ARCHIVE.md:5564 and _GM-ARCHIVE.md:6644
2026-09-27T10:06:05.1950221Z ⚠ DUPLICATE HEADING: gm-archive:3-the-standing-eyeball-set-non-blocking-your-foundations-fir at _GM-ARCHIVE.md:5586 and _GM-ARCHIVE.md:6667
2026-09-27T10:06:05.1951763Z ⚠ DUPLICATE HEADING: gm-archive:4b-queued-button-states-finesse-pass-dave-2026-07-22-not-now at _GM-ARCHIVE.md:5548 and _GM-ARCHIVE.md:6741
2026-09-27T10:06:05.1952984Z ⚠ DUPLICATE HEADING: gm-archive:5-parked-unchanged at _GM-ARCHIVE.md:5559 and _GM-ARCHIVE.md:6752
2026-09-27T10:06:05.1954367Z ⚠ DUPLICATE HEADING: ls-archive:prior-delta-2026-07-26-sun-evening-opus-solo-self-conducting at _LIVE-STATE-ARCHIVE.md:5425 and _LIVE-STATE-ARCHIVE.md:5440
2026-09-27T10:06:05.1955911Z ⚠ DUPLICATE HEADING: component:icon-button at knowledge/_proforma/icon-button.meta.json:1 and knowledge/components/icon-button.meta.json:1
2026-09-27T10:06:05.8905034Z [OK] gauge: malformed `#### ` REFUSES
2026-09-27T10:06:05.8905436Z [OK] gauge: zero blocks REFUSES
2026-09-27T10:06:05.8906233Z [OK] gauge: META block ACCEPTED — no refusal
2026-09-27T10:06:05.8906614Z [OK] gauge: META block INDEXED under gauge:meta:*
2026-09-27T10:06:05.8906996Z [OK] gauge: META terminates the session body above it
2026-09-27T10:06:05.8907378Z [OK] gauge: near-miss META spelling STILL REFUSES
2026-09-27T10:06:05.8907743Z [OK] gauge: META-only file REFUSES (no sessions)
2026-09-27T10:06:05.8908259Z [OK] archive: open split — moved `## ` headings become records, no refusal
2026-09-27T10:06:05.8908688Z [OK] missing declared source REFUSES
2026-09-27T10:06:05.8909027Z [OK] collision suffixing deterministic
2026-09-27T10:06:05.8909385Z [OK] collision DECLARES one warning per extra copy
2026-09-27T10:06:05.8909746Z [OK] collision warning names the id and BOTH sites
2026-09-27T10:06:05.8910222Z [OK] no collision ⇒ SILENT (a warner that always fires says nothing)
2026-09-27T10:06:05.8910677Z [OK] collision warning carries file:line for both copies
2026-09-27T10:06:05.8911012Z [OK] slug stable
2026-09-27T10:06:05.8911237Z [OK] real corpus builds clean
2026-09-27T10:06:05.8911670Z [OK] §A: every registered subsection is its own record
2026-09-27T10:06:05.8912270Z [OK] §A: `gm:A` still resolves — no dangling id (retrieval regression guard)
2026-09-27T10:06:05.8912966Z [OK] §A: `gm:A` is a ROUTER, not the payload — it names its children and is small
2026-09-27T10:06:05.8913730Z [OK] §A: the LARGEST child is a fraction of the old whole (2945 B vs 15,817 B)
2026-09-27T10:06:05.8914417Z [OK] §A: children carry honest file:line provenance, ascending through the file
2026-09-27T10:06:05.8915575Z [OK] §A: unregistered subsection REFUSES the build (never indexes around a hole)
2026-09-27T10:06:05.8916233Z [OK] determinism: two builds render identically
2026-09-27T10:06:05.8916615Z [OK] real corpus: every source class present
2026-09-27T10:06:05.8917205Z selftest OK — closed contracts refuse, open contracts split, build deterministic.
2026-09-27T10:06:06.6218910Z [OK] "band table amber threshold remaining budget" — expected ['runbook:context-gauge:the-floor-is-measured-never-assumed-gm-d9'], missing none
2026-09-27T10:06:06.6219989Z [OK] "lane routing check blocking records" — expected ['lane:lane-1-memento'], missing none
2026-09-27T10:06:06.6221051Z [OK] "retirement receipts proxy promoted blocking" — expected ['ledger:23-section-usage-instrumentation-enacted-lane-1-step-2-2026'], missing none
2026-09-27T10:06:06.6222089Z [OK] "dream pass weekly sunday unattended fire" — expected ['lane:lane-dream-pass'], missing none
2026-09-27T10:06:06.6222682Z [OK] --fetch lane:lane-1-memento returns the record verbatim
2026-09-27T10:06:06.6223552Z [OK] --fetch unknown id REFUSES with near-misses
2026-09-27T10:06:06.6224017Z [OK] edge attach: record with no mention gets no attachment
2026-09-27T10:06:06.6224575Z [OK] edge attach: injected fabricated edge appears for a mentioning record
2026-09-27T10:06:06.6225254Z [OK] step 3 mark: target-of-supersedes record gets the ⛔ line
2026-09-27T10:06:06.6225727Z [OK] step 3 mark: non-mentioning record gets no mark
2026-09-27T10:06:06.6226798Z selftest OK — the memento corpus answers its known questions, and fetch refuses the unknown.
2026-09-27T10:06:08.8700714Z graph mention map: 102 of 102 node(s) mentioned, 1959 record hit(s) total -> _graph-mention-map.json
2026-09-27T10:06:11.1400946Z graph mention map --check: current (102 of 102 node(s) mentioned)
2026-09-27T10:06:11.1770132Z [OK] synthetic hit: ADR-0005 mentioned in gm:X is found
2026-09-27T10:06:11.1770700Z [OK] synthetic miss: unmentioned node id has no key
2026-09-27T10:06:11.1771124Z [OK] case-insensitive match
2026-09-27T10:06:11.1771509Z [OK] missing graph input REFUSES
2026-09-27T10:06:11.1771911Z [OK] missing memento index input REFUSES
2026-09-27T10:06:11.1772274Z [OK] empty memento index REFUSES
2026-09-27T10:06:11.1773072Z selftest OK — hit, miss, case-insensitivity and both input refusals all bite.
2026-09-27T10:06:11.7309812Z   ✅ _CHAIN.md: 7,690 tiktoken cl100k_base · GM header+LATEST 5045 tk · LS LATEST delta only (of 36 delta lines) 1798 tk · FILE 7,690 tiktoken cl100k_base = slice 6,843 + wrapper 847 · fixed point in 2 pass(es)
2026-09-27T10:06:12.3379653Z   ✅ _CHAIN.md is FRESH — byte-matches the live chain · GM header+LATEST 5045 tk · LS LATEST delta only (of 36 delta lines) 1798 tk · FILE 7,690 tiktoken cl100k_base = slice 6,843 + wrapper 847 · fixed point in 2 pass(es)
2026-09-27T10:06:18.5354540Z     ✓ generates against the live repo (no refusal on a healthy tree)
2026-09-27T10:06:18.5355020Z     ✓ carries the GM header+LATEST term VERBATIM (not a summary of it)
2026-09-27T10:06:18.5355417Z     ✓ carries the LS ⏱ LATEST delta VERBATIM
2026-09-27T10:06:18.5356382Z     ✓ is materially smaller than GOOD-MORNING.md (7,690 vs 34,136 tape (cl100k ESTIMATE), 22.5% of it, floor <40%; tier measured, not assumed: tiktoken cl100k_base)
2026-09-27T10:06:18.5357246Z     ✓ BOTH SIDES OF THE RATIO ARE ON ONE MEASURER — chain `tiktoken cl100k_base` vs GOOD-MORNING `tiktoken cl100k_base`, so the percentage above has a unit
2026-09-27T10:06:18.5357855Z     ✓ STAMP IS EXACT — the published figure equals this file's own measured size
2026-09-27T10:06:18.5358317Z     ✓ published figure is the FILE, not the slice — the two differ and the file is bigger
2026-09-27T10:06:18.5358751Z     ✓ footer NAMES THE UNIT — a bare token count is a defect (ds-021)
2026-09-27T10:06:18.5359133Z     ✓ says GENERATED / DO-NOT-HAND-EDIT at the very top (line 1)
2026-09-27T10:06:18.5359485Z     ✓ tells the reader NOT to open GOOD-MORNING.md to check
2026-09-27T10:06:18.5359804Z     ✓ names retrieval as the door for everything else
2026-09-27T10:06:18.5360409Z     ✓ the {{BUILD_VERDICT}} marker NEVER leaks into the chain unrendered
2026-09-27T10:06:18.5360829Z     ✓ BUILD-STEP FIGURE IS RE-DERIVED AND MATCHES DISK (152 steps, measured now)
2026-09-27T10:06:18.5361306Z     ✓ the plant planted — a verdict figure was moved off disk (else the next bite is vacuous)
2026-09-27T10:06:18.5361796Z     ✓ a WRONG verdict figure is CAUGHT even with the true count elsewhere in the file
2026-09-27T10:06:18.5362168Z     ✓ step labels are 1:1 with rows (no duplicates)
2026-09-27T10:06:18.5362513Z     ✓ with NO run record the line says the green count is NOT DERIVABLE
2026-09-27T10:06:18.5362926Z     ✓ …and it names the remedy instead of a number (`_build_survey.py`)
2026-09-27T10:06:18.5363335Z     ✓ …and it re-stamps NOTHING — the old pinned 75-of-N form cannot reappear
2026-09-27T10:06:18.5363756Z     ✓ …and it names BOTH rulings, so the next session cannot 'helpfully' type it
2026-09-27T10:06:18.5364196Z     ✓ with a record the GREEN COUNT IS THE RUN'S, not len(STEPS) at a pinned sha
2026-09-27T10:06:18.5364762Z     ✓ a run of the SAME-sized build declares no size difference (no false alarm)
2026-09-27T10:06:18.5365170Z     ✓ a run of a SMALLER build: the total is STILL disk's, never the run's
2026-09-27T10:06:18.5365574Z     ✓ …and the size difference is DECLARED, naming both counts
2026-09-27T10:06:18.5365946Z     ✓ …and the steps the run never saw are counted in NO record, never green
2026-09-27T10:06:18.5366517Z     ✓ a run of a LARGER build: total is disk's and the vanished steps are DECLARED
2026-09-27T10:06:18.5366999Z     ✓ the run's sha and date are published beside it (an unattributed verdict is not a verdict)
2026-09-27T10:06:18.5367470Z     ✓ a stale record DECLARES itself against HEAD rather than passing as current
2026-09-27T10:06:18.5367864Z     ✓ steps in NO record are called out — never asked is never green
2026-09-27T10:06:18.5368242Z     ✓ the #62 clause SURVIVES as its own fact, generated from its own AST
2026-09-27T10:06:18.5368640Z     ✓ an absent STEPS assignment REFUSES BY NAME (never returns a count)
2026-09-27T10:06:18.5369037Z     ✓ a NON-LITERAL STEPS refuses rather than counting something else
2026-09-27T10:06:18.5369438Z     ✓ TITLE BLOCK IS FIRST — above the verbatim GM slice (position was the defect)
2026-09-27T10:06:18.5369847Z     ✓ DETERMINISTIC — two builds of an unchanged tree are byte-identical
2026-09-27T10:06:18.5370663Z   ✅ _CHAIN.md: 7,628 tiktoken cl100k_base · GM header+LATEST 4983 tk · LS LATEST delta only (of 36 delta lines) 1798 tk · FILE 7,628 tiktoken cl100k_base = slice 6,781 + wrapper 847 · fixed point in 2 pass(es)
2026-09-27T10:06:18.5371719Z   ✅ _CHAIN.md is FRESH — byte-matches the live chain · GM header+LATEST 4983 tk · LS LATEST delta only (of 36 delta lines) 1798 tk · FILE 7,628 tiktoken cl100k_base = slice 6,781 + wrapper 847 · fixed point in 2 pass(es)
2026-09-27T10:06:18.5372382Z     ✓ --check PASSES on a freshly generated file
2026-09-27T10:06:18.5373085Z   ✅ _CHAIN.md: 7,754 tiktoken cl100k_base · GM header+LATEST 5109 tk · LS LATEST delta only (of 36 delta lines) 1798 tk · FILE 7,754 tiktoken cl100k_base = slice 6,907 + wrapper 847 · fixed point in 2 pass(es)
2026-09-27T10:06:18.5373893Z     ✓ the fixture really was generated at another sha (a plant that did not plant would make every bite below vacuous)
2026-09-27T10:06:18.5374577Z     ✓ the fixture DIFFERS from a fresh render — i.e. the old byte comparison WOULD have called this stale, which is the defect being fixed
2026-09-27T10:06:18.5375239Z     ✓ --check is GREEN on a HEAD-ONLY advance — the chain's own content still matches GOOD-MORNING.md / _LIVE-STATE.md
2026-09-27T10:06:18.5375851Z     ✓ and it SAYS SO, naming BOTH shas — the honest comparison stays visible rather than being normalised into silence
2026-09-27T10:06:18.5376737Z     ✓ a HEAD-only advance is NEVER called FRESH without the qualifier (a bare FRESH would claim the file matches a fresh render, which it does not)
2026-09-27T10:06:18.5377431Z     ✓ REAL content staleness is STILL RED even when HEAD has also advanced — the re-ask does not launder drift
2026-09-27T10:06:18.5378100Z     ✓ and it is called STALE, not could-not-ask — real drift is a content verdict
2026-09-27T10:06:18.5378519Z     ✓ a PRE-SET head pin makes --check REFUSE (could-not-ask), never pass
2026-09-27T10:06:18.5379022Z     ✓ the environment refusal does NOT call it STALE either — it is a measurement refusal, not a content verdict
2026-09-27T10:06:18.5379875Z   ✅ _CHAIN.md: 7,754 tiktoken cl100k_base · GM header+LATEST 5109 tk · LS LATEST delta only (of 36 delta lines) 1798 tk · FILE 7,754 tiktoken cl100k_base = slice 6,907 + wrapper 847 · fixed point in 2 pass(es)
2026-09-27T10:06:18.5380921Z   ✅ _CHAIN.md is FRESH — byte-matches the live chain · GM header+LATEST 5109 tk · LS LATEST delta only (of 36 delta lines) 1798 tk · FILE 7,754 tiktoken cl100k_base = slice 6,907 + wrapper 847 · fixed point in 2 pass(es)
2026-09-27T10:06:18.5381666Z     ✓ tree restored — the SAME fresh tree reports FRESH again, unharmed by the arms above
2026-09-27T10:06:18.5382280Z     ✓ --check on a degraded instrument still exits non-zero (refuses, not a silent pass)
2026-09-27T10:06:18.5382907Z     ✓ --check's message does NOT call it STALE — that misnames a measurement problem as a content problem (the #58 defect, reproduced here)
2026-09-27T10:06:18.5383466Z     ✓ --check's message names the DEGRADED INSTRUMENT so the cause is legible
2026-09-27T10:06:18.5384250Z   ✅ _CHAIN.md is FRESH — byte-matches the live chain · GM header+LATEST 5109 tk · LS LATEST delta only (of 36 delta lines) 1798 tk · FILE 7,754 tiktoken cl100k_base = slice 6,907 + wrapper 847 · fixed point in 2 pass(es)
2026-09-27T10:06:18.5384961Z     ✓ instrument restored — the SAME fresh tree reports FRESH again, unharmed
2026-09-27T10:06:18.5385603Z     ✓ the freshly written chain carries a READABLE unit stamp (the clause has something to compare — an unreadable stamp would make the arm below vacuous)
2026-09-27T10:06:18.5386470Z     ✓ the stamp mutation actually changed the file (a plant that did not plant would make every bite below an assertion)
2026-09-27T10:06:18.5386976Z     ✓ stamped_tier() reads the MUTATED stamp back as the other tier
2026-09-27T10:06:18.5387378Z     ✓ --check on a tier divergence exits non-zero (refuses, never a silent pass)
2026-09-27T10:06:18.5387779Z     ✓ --check exits the COULD-NOT-ASK code (77), not the failure code
2026-09-27T10:06:18.5388091Z     ✓ --check calls it COULD-NOT-ASK
2026-09-27T10:06:18.5388419Z     ✓ the refusal's first marked line is machine-readable by `cna.reason_in`
2026-09-27T10:06:18.5389011Z     ✓ --check does NOT call it STALE — a tier divergence is a measurement problem and naming it staleness is the #173 defect, reproduced here
2026-09-27T10:06:18.5389693Z     ✓ the refusal NAMES BOTH TIERS, so a reader can see which two instruments disagreed rather than being handed a shrug
2026-09-27T10:06:18.5390188Z     ✓ --check on an UNREADABLE stamp refuses with the convention's code
2026-09-27T10:06:18.5390556Z     ✓ --check calls an unreadable stamp COULD-NOT-ASK, not STALE
2026-09-27T10:06:18.5391351Z   ✅ _CHAIN.md is FRESH — byte-matches the live chain · GM header+LATEST 5109 tk · LS LATEST delta only (of 36 delta lines) 1798 tk · FILE 7,754 tiktoken cl100k_base = slice 6,907 + wrapper 847 · fixed point in 2 pass(es)
2026-09-27T10:06:18.5392168Z     ✓ stamp restored — the SAME tree reports FRESH again, so the clause does not false-fire on an agreeing stamp
2026-09-27T10:06:18.5393096Z   ✗ _CHAIN.md is STALE — it does not match GOOD-MORNING.md / _LIVE-STATE.md as they now stand, so a cold session would read a PREVIOUS session's record as if it were current. Run `python3 knowledge/_gen_chain.py` and stage the result.
2026-09-27T10:06:18.5393853Z     ✓ --check FAILS on a hand-edited file (the stale-record class)
2026-09-27T10:06:18.5394469Z     ✓ and that failure is a FAILURE, not a refusal — a real staleness on the reachable tier still exits 1, so the COULD-NOT-ASK path did not swallow the gate
2026-09-27T10:06:18.5395063Z   ✗ _CHAIN.md is MISSING — run `python3 knowledge/_gen_chain.py` and stage it
2026-09-27T10:06:18.5395560Z     ✓ --check FAILS when the file is missing entirely
2026-09-27T10:06:18.5395931Z     ✓ REFUSES a STALE title (title #N == ★ LATEST #N, the skipped-mint state)
2026-09-27T10:06:18.5396662Z     ✓ REFUSES (with a reason) when GM has no ★ LATEST banner — no cheerful blank
2026-09-27T10:06:18.5397004Z   ✅ _gen_chain selftest: all bites pass
2026-09-27T10:06:18.8122114Z ✅ CORPUS: stamped 91,606 · measured 93,761 tape · drift 2.30% (tolerance 10%, `_capture_gate.SIZE_TOLERANCE`)
2026-09-27T10:06:18.8122757Z ✅     GM: stamped 33,667 · measured 34,136 tape · drift 1.37% (tolerance 10%, `_capture_gate.SIZE_TOLERANCE`)
2026-09-27T10:06:18.8123314Z ✅     LS: stamped 57,939 · measured 59,625 tape · drift 2.83% (tolerance 10%, `_capture_gate.SIZE_TOLERANCE`)
2026-09-27T10:06:19.0586647Z _gen_size_stamp selftest: 23 bites, all GREEN
2026-09-27T10:06:22.2739237Z   ✅ reviews/MEMENTO-SCHEMATIC-2026-08-07-v2.html: 30,550 bytes · 0 declared gap(s) rendered
2026-09-27T10:06:25.5014761Z   ✅ reviews/MEMENTO-SCHEMATIC-2026-08-07-v2.html is FRESH — byte-matches a render against the live tree
2026-09-27T10:06:39.8411005Z     ✓ renders against the live repo without refusing wholesale
2026-09-27T10:06:39.8411532Z     ✓ two consecutive renders are byte-identical (determinism)
2026-09-27T10:06:39.8411906Z     ✓ no unexpected date-shaped string in the output (found [])
2026-09-27T10:06:39.8412282Z     ✓ step count agrees with _gen_chain._steps_in (152 vs 152)
2026-09-27T10:06:39.8412625Z     ✓ no step RENDERED on the page carries an UNROUTED badge
2026-09-27T10:06:39.8413063Z     ✓ and the STEPS ↔ ROUTE_ROWS join is TOTAL over all 152 steps, rendered or not (0 unrouted)
2026-09-27T10:06:39.8413523Z     ✓ rechecks_for finds real steps for a wired script (_gen_chain.py)
2026-09-27T10:06:39.8413943Z     ✓ rechecks_for returns EMPTY for a script with no step (the red arm can fire)
2026-09-27T10:06:39.8414407Z   ✅ /tmp/tmp4423s0_s/out.html is FRESH — byte-matches a render against the live tree
2026-09-27T10:06:39.8414812Z     ✓ check() PASSES on a faithful copy
2026-09-27T10:06:39.8415395Z   ✗ /tmp/tmp4423s0_s/out.html is STALE — a figure in it no longer matches disk, so the page is asserting something that has gone false. Regenerate and stage it.
2026-09-27T10:06:39.8415878Z       --- committed
2026-09-27T10:06:39.8416240Z       +++ fresh
2026-09-27T10:06:39.8416415Z       @@ -277 +277 @@
2026-09-27T10:06:39.8416615Z       -<p>27 blocking validators</p></body>
2026-09-27T10:06:39.8416837Z       +</body>
2026-09-27T10:06:39.8417083Z     ✓ check() FAILS on a hand-patched copy (mutation)
2026-09-27T10:06:39.8417587Z     ✓ and that failure is a FAILURE, not a refusal — the tier clause does not swallow a real staleness on the reachable tier
2026-09-27T10:06:39.8418247Z     ✓ the unit-word mutation actually changed the file (a plant that did not plant would make the arms below assertions)
2026-09-27T10:06:39.8418759Z     ✓ stamped_tiers() reads the MUTATED page back as the other tier
2026-09-27T10:06:39.8419199Z     ✓ check() REFUSES (exit 77) when the committed page's unit is unreachable here
2026-09-27T10:06:39.8419800Z     ✓ and it does NOT call it STALE — a tier divergence is a measurement problem, and naming it staleness is the #173 defect reproduced
2026-09-27T10:06:39.8420378Z     ✓ the refusal NAMES BOTH instruments, so a reader can see which two disagreed
2026-09-27T10:06:39.8420838Z   ✗ /tmp/tmp4423s0_s/out.html is MISSING — run `python3 knowledge/_gen_schematic.py`
2026-09-27T10:06:39.8421209Z     ✓ check() FAILS when the artefact is missing
2026-09-27T10:06:39.8421554Z     ✓ a missing store never raises — every fact is a str or an Unmeasured
2026-09-27T10:06:39.8421944Z     ✓ file-backed facts flip to Unmeasured on an empty tree (6 of 7)
2026-09-27T10:06:39.8422359Z     ✓ every refusal NAMES its cause (exception type + message, not a bare 'error')
2026-09-27T10:06:39.8422837Z     ✓ the ONLY fact that survives an empty tree is the code constant (['the inherited debt'])
2026-09-27T10:06:39.8424531Z     ✓ and it returns the SAME value in both trees (it is not repo-derived)
2026-09-27T10:06:39.8424937Z     ✓ an Unmeasured renders as a visible ⛔ cell, never as a number
2026-09-27T10:06:39.8425325Z     ✓ every map caption fits its box at CAP_CHARS=32 (worst: (32, 'marks'))
2026-09-27T10:06:39.8425820Z     ✓ every box label declares the inside edge of its own box (16 labels, 16 attributes)
2026-09-27T10:06:39.8426648Z     ✓ the page reports its OWN re-check status (red while unwired, computed either way)
2026-09-27T10:06:39.8427111Z     ✓ the figure tally names its own scope (it excludes this panel, and says so)
2026-09-27T10:06:39.8427461Z   ✅ _gen_schematic selftest: all bites pass
2026-09-27T10:06:40.5198466Z 
2026-09-27T10:06:40.5200155Z PARKED DUE — 4 parked item(s) are due at memento-cut — python3 knowledge/_parked.py --due memento-cut
2026-09-27T10:06:40.5201504Z memento-package delta-audit: 4 failure(s)
2026-09-27T10:06:40.5202766Z   ✗ VERBATIM SET: memento-package/machinery/_gen_chain.py DIFFERS from knowledge/_gen_chain.py (copy=machinery/ file=_gen_chain.py) — 367 line(s) differ (sha256 42e4887e89ba vs source 5fa12d24bbd2)
2026-09-27T10:06:40.5203954Z   ✗ VERBATIM SET: memento-package/claude-plugin/memento/machinery/_gen_chain.py DIFFERS from knowledge/_gen_chain.py (copy=claude-plugin copy file=_gen_chain.py) — 367 line(s) differ (sha256 42e4887e89ba vs source 5fa12d24bbd2)
2026-09-27T10:06:40.5206495Z   ✗ SHIM BODIES: a DECLARED-DIFFERENCE rule no longer applies for 'measure_tokens' — THE ONE DECLARED OPTIONAL IMPORT (the shim's `measure_tokens` docstring: "the real tier is reached through `_real_gauge()` (optional import) rather than a hard module-level `import _gauge_tokens`, because that module is deliberately not shipped here") — its source text was expected 1x, found 0x. The allowance is stale, so this gate refuses to compare on a rewrite it cannot perform (quoted source text: "try:\n            (n, how) = gauge.count(text)\n            if how == 'real':\n                _TIERS_S").
2026-09-27T10:06:40.5209579Z   ✗ SHIM BODIES: a DECLARED-DIFFERENCE rule no longer applies for 'measure_tokens' — THE ONE DECLARED OPTIONAL IMPORT (the shim's `measure_tokens` docstring: "the real tier is reached through `_real_gauge()` (optional import) rather than a hard module-level `import _gauge_tokens`, because that module is deliberately not shipped here") — its source text was expected 1x, found 0x. The allowance is stale, so this gate refuses to compare on a rewrite it cannot perform (quoted source text: "try:\n            (n, how) = gauge.count(text)\n            if how == 'real':\n                _TIERS_S").
2026-09-27T10:06:40.5210954Z 
2026-09-27T10:06:40.5211464Z ❌ memento-package delta-audit FAILED — 4 finding(s) above. See memento-package/_PACKAGE-SPEC.md:13-14 (Dave's #64 boundary ruling: copies only, every copy delta-audited).
2026-09-27T10:06:43.1617402Z     ✗ real repo: clean (0 findings; got 4: ['VERBATIM SET: memento-package/machinery/_gen_chain.py DIFFERS from knowledge/_gen_chain.py (copy=machinery/ file=_gen_chain.py) — 367 line(s) differ (sha256 42e4887e89ba vs source 5fa12d24bbd2)', 'VERBATIM SET: memento-package/claude-plugin/memento/machinery/_gen_chain.py DIFFERS from knowledge/_gen_chain.py (copy=claude-plugin copy file=_gen_chain.py) — 367 line(s) differ (sha256 42e4887e89ba vs source 5fa12d24bbd2)'])
2026-09-27T10:06:43.1618950Z     ✓ ARM1 mutation: doctored machinery/_gen_chain.py is caught, names the file + copy + a line count
2026-09-27T10:06:43.1619842Z       quoted: VERBATIM SET: memento-package/machinery/_gen_chain.py DIFFERS from knowledge/_gen_chain.py (copy=machinery/ file=_gen_chain.py) — 369 line(s) differ (sha256 bd617d917574 vs source 5fa12d24bbd2)
2026-09-27T10:06:43.1620624Z     ✓ ARM1 mutation: a MISSING verbatim file (not just a diff) is caught and named
2026-09-27T10:06:43.1621207Z     ✓ ARM3 mutation: copies diverge on a non-verbatim-set file (the manifest) — caught, names the file and 'DIFFERS between'
2026-09-27T10:06:43.1622439Z       quoted: CROSS-COPY: _MACHINERY-MANIFEST.md DIFFERS between memento-package/machinery/ and memento-package/claude-plugin/memento/machinery/ — 2 line(s) differ
2026-09-27T10:06:43.1623244Z     ✓ ARM3 mutation: a known file missing from BOTH copies (pairwise-invisible) is still caught by the completeness sub-check
2026-09-27T10:06:43.1623786Z       quoted: CROSS-COPY: both copies are missing known file(s): ['_consult-lexicon.json']
2026-09-27T10:06:43.1624222Z     ✓ ARM4 mutation: a rogue file is caught, named with its exact path
2026-09-27T10:06:43.1624889Z     ✓ ARM4 control: __pycache__ present in the SAME fixture is excluded BY NAME and never itself reported (proves the exclusion is narrow, not a silent blanket ignore)
2026-09-27T10:06:43.1626406Z       quoted: UNKNOWN FILE: memento-package/machinery/_ROGUE.py (machinery/) is not on the known-files list ['_MACHINERY-MANIFEST.md', '_capture_gate.py', '_consult-lexicon.json', '_gen_chain.py', '_graph_edges.py', '_memento_search.py', '_search_core.py'] — fail loud rather than silently ignored (scope-blindness rule)
2026-09-27T10:06:43.1627794Z     ✓ ARM2(a) mutation: measure_tokens body changed since port commit 91d7528 — caught, names the function and 'CHANGED since the port'
2026-09-27T10:06:43.1628983Z       quoted: SHIM PROVENANCE chain(a): 'measure_tokens' in knowledge/_capture_gate.py has CHANGED since the port commit ba2c9f5 — 1 line(s) differ. memento-package/machinery/_capture_gate.py may now be stale against its declared source; re-review and re-port, or update the docstring.
2026-09-27T10:06:43.1630049Z     ✓ ARM2(b) mutation: measurement_degraded deleted from current source — caught, names the function and 'GONE from current'
2026-09-27T10:06:43.1630962Z       quoted: SHIM PROVENANCE chain(a): 'measurement_degraded' is GONE from current knowledge/_capture_gate.py (present at the port commit ba2c9f5) — the shim's ported source no longer exists to compare against
2026-09-27T10:06:43.1631808Z     ✓ ARM2(c) mutation: GM_VOCAB changed since port commit ace3ed3 — caught, names GM_VOCAB and 'CHANGED since the port'
2026-09-27T10:06:43.1632981Z       quoted: SHIM PROVENANCE chain(b): 'GM_VOCAB' in knowledge/_gm_usage.py has CHANGED since the port commit ace3ed3 — 1 line(s) differ. memento-package/machinery/_capture_gate.py may now be stale against its declared source; re-review and re-port, or update the docstring.
2026-09-27T10:06:43.1633984Z     ✓ ARM2(d) mutation: shim docstring's claimed commit no longer matches the gate's expectation — caught, names both hashes
2026-09-27T10:06:43.1635045Z       quoted: SHIM PROVENANCE: memento-package/machinery/_capture_gate.py's docstring now claims it was ported from knowledge/_capture_gate.py @ deadbee, but this gate is built against ba2c9f5 — the shim was re-ported and the gate was not updated to match.
2026-09-27T10:06:43.1636175Z     ✗ ARM2(e) mutation: BOTH packed shim copies edited IDENTICALLY (invisible to the cross-copy arm) — caught, names the drifted body and both copies
2026-09-27T10:06:43.1636995Z     ✓ ARM2(e) control: the same fixture's CROSS-COPY arm stays silent, proving arm 2b is what saw it (the copies really are still identical to each other)
2026-09-27T10:06:43.1637924Z       quoted: SHIM BODIES: a DECLARED-DIFFERENCE rule no longer applies for 'measure_tokens' — THE ONE DECLARED OPTIONAL IMPORT (the shim's `measure_tokens` docstring: "the real tier is reached 
2026-09-27T10:06:43.1638856Z     ✗ ARM2(f) mutation: an edit INSIDE the one declared-difference region still FAILS — the allowance tolerates its exact quoted text and nothing adjacent to it
2026-09-27T10:06:43.1639646Z     ✓ ARM2(g) mutation: a DECLARED-DIFFERENCE rule that no longer matches fails LOUD and named, rather than widening into a silent pass
2026-09-27T10:06:43.1640553Z       quoted: SHIM BODIES: a DECLARED-DIFFERENCE rule no longer applies for 'read_chain_tk' — selftest: a rule whose source text does not exist — its source text was expected 1x, found 0x. The a
2026-09-27T10:06:43.1641561Z     ✗ ARM2(h) control: with the real table restored, the real pack is GREEN — the three declared allowances are load-bearing, and a correct pack is not red
2026-09-27T10:06:43.1642205Z   ✗ _validate_package_delta selftest: 4 bite(s) failed
2026-09-27T10:06:43.1690896Z 
2026-09-27T10:06:43.1690943Z 
2026-09-27T10:06:43.1691516Z === [75/152] type-composites ratchet — tier (b), debt 1101 shrink-only (Dave #119) — _validate_type_composites.py ===
2026-09-27T10:06:43.1691953Z 
2026-09-27T10:06:43.1692163Z === [76/152] type-composites selftest — _validate_type_composites.py ===
2026-09-27T10:06:43.1692397Z 
2026-09-27T10:06:43.1692539Z === [77/152] coverage gate — _validate_coverage.py ===
2026-09-27T10:06:43.1692714Z 
2026-09-27T10:06:43.1692884Z === [78/152] pro-forma universal gate — _validate_proforma.py ===
2026-09-27T10:06:43.1693078Z 
2026-09-27T10:06:43.1693319Z === [79/152] pro-forma CSS-governed motion gate (DEF-003) — _validate_css_governed.py ===
2026-09-27T10:06:43.1693672Z 
2026-09-27T10:06:43.1694016Z === [80/152] pro-forma no-hardcode styling gate (DEF-004) — _validate_no_hardcode.py ===
2026-09-27T10:06:43.1694295Z 
2026-09-27T10:06:43.1694450Z === [81/152] 4px-grid gate (DEF-005) — _validate_grid.py ===
2026-09-27T10:06:43.1694627Z 
2026-09-27T10:06:43.1694907Z ❌ 4px-grid gate (DEF-005) failed (exit 1) — off-grid layout value(s); see _validate_grid.py output
2026-09-27T10:06:43.1695181Z 
2026-09-27T10:06:43.1695445Z === [82/152] type-binding blast-radius gate (canon/type.css) — _validate_type_blast_radius.py ===
2026-09-27T10:06:43.1695717Z 
2026-09-27T10:06:43.1696232Z === [83/152] descender-clip gate (ds-005) — truncating labels stay descender-safe — _validate_descender_clip.py ===
2026-09-27T10:06:43.1696618Z 
2026-09-27T10:06:43.1696868Z === [84/152] KG edge parse-gate + s135-D4 resolutions-consumed check — _validate_kg.py ===
2026-09-27T10:06:43.1697120Z 
2026-09-27T10:06:43.1697289Z === [85/152] KG edge gate selftest (6 bites) — _validate_kg.py ===
2026-09-27T10:06:43.1697481Z 
2026-09-27T10:06:43.1697850Z === [86/152] KG token-group generator drift check — _token_nodes.json vs the metas (s277-D12, wired #304 W5c) — gen_kg_tokens.py ===
2026-09-27T10:06:43.1698206Z 
2026-09-27T10:06:43.1698435Z === [87/152] KG token-group generator selftest — 8 bites (s277-D12) — gen_kg_tokens.py ===
2026-09-27T10:06:43.1698681Z 
2026-09-27T10:06:43.1698990Z === [88/152] KG node-title generator drift check — _node_titles.json vs the records (#304 W5c) — gen_kg_titles.py ===
2026-09-27T10:06:43.1699300Z 
2026-09-27T10:06:43.1699526Z === [89/152] KG node-title generator selftest — 12 bites (#304 W5c) — gen_kg_titles.py ===
2026-09-27T10:06:43.1699764Z 
2026-09-27T10:06:43.1700072Z === [90/152] Token fork-ban gate — undeclared same-scope forks (s136-D1 lane, #139) — _validate_token_forks.py ===
2026-09-27T10:06:43.1700379Z 
2026-09-27T10:06:43.1700810Z ❌ token fork-ban gate failed (exit 1) — an undeclared same-scope fork of a spine token. Declare it or unify. Run: python3 knowledge/_validate_token_forks.py
2026-09-27T10:06:43.1701224Z 
2026-09-27T10:06:43.1701452Z === [91/152] Token fork-ban selftest (2-direction) — _validate_token_forks.py ===
2026-09-27T10:06:43.1701687Z 
2026-09-27T10:06:43.1701983Z === [92/152] binds shrink-only ratchet (s136-D1 axis A; built #141, wired #146) — _validate_binds_ratchet.py ===
2026-09-27T10:06:43.1702275Z 
2026-09-27T10:06:43.1702560Z === [93/152] DTCG spine conformance gate (s141-D1 axis A; built #141, wired #146) — _validate_dtcg.py ===
2026-09-27T10:06:43.1702839Z 
2026-09-27T10:06:43.1703194Z === [94/152] binds-resolve gate — manifest presence + address→store resolution (#146) — _validate_binds_resolve.py ===
2026-09-27T10:06:43.1703541Z 
2026-09-27T10:06:43.1703831Z === [95/152] binds-resolve selftest — 5 bites incl. any-store clause (#146) — _validate_binds_resolve.py ===
2026-09-27T10:06:43.1704125Z 
2026-09-27T10:06:43.1704492Z === [96/152] chart-intent resolve gate — meta intent address → chart-intents.json (BLOCKING s195-D1) — _validate_intent_resolve.py ===
2026-09-27T10:06:43.1704859Z 
2026-09-27T10:06:43.1705390Z === [97/152] chart-intent resolve selftest — 4 bites incl. list case + absent store (s195-D1) — _validate_intent_resolve.py ===
2026-09-27T10:06:43.1705921Z 
2026-09-27T10:06:43.1706542Z === [98/152] roles/answers resolve gate — meta provides/answers/not-with address → roles.json + chart-intents.json (#253) — _validate_roles_resolve.py ===
2026-09-27T10:06:43.1706951Z 
2026-09-27T10:06:43.1708959Z ❌ roles/answers resolve gate failed (exit 1) — a meta's `provides` is not one of the twelve roles in knowledge/roles.json, an `answers` word is not a key of chart-intents.json, a `not-with`/`with` slug resolves to neither a meta nor a role, two providers of one role claim the same `priority`, `intent` and `answers` disagree, a `span.cols` is inverted, a `shape` is not a key of knowledge/shapes.json, or a `when` gate names a field that is not a key of knowledge/when-fields.json (s254-D2 items 1 and 2 closed those two vocabularies). The role and answers vocabularies are ADOPTED (s252-D1 / s251-D11): a new word enters ONLY by Dave's ruling, never silently. Run: python3 knowledge/_validate_roles_resolve.py
2026-09-27T10:06:43.1710623Z 
2026-09-27T10:06:43.1711116Z === [99/152] roles/answers resolve selftest — 15 bites incl. in-role priority ties, absent store, shape-known and when-fields-known (#253/#254) — _validate_roles_resolve.py ===
2026-09-27T10:06:43.1711577Z 
2026-09-27T10:06:43.1711842Z === [100/152] DataViz chart gate (semantic SVG + tokens + table spine) — _validate_dataviz.py ===
2026-09-27T10:06:43.1712120Z 
2026-09-27T10:06:43.1712421Z === [101/152] DataViz gate selftest — bite-tests dv-004 + the dtype vocabulary (ds-014) — _validate_dataviz.py ===
2026-09-27T10:06:43.1712734Z 
2026-09-27T10:06:43.1713111Z === [102/152] property-resolves gate C2 — silent-lookup class (BLOCKING, ds-018, promoted s121-D1) — _validate_property_resolves.py ===
2026-09-27T10:06:43.1713483Z 
2026-09-27T10:06:43.1713791Z === [103/152] property-resolves gate C2 selftest — 4 bites + a bite-the-bite — _validate_property_resolves.py ===
2026-09-27T10:06:43.1714111Z 
2026-09-27T10:06:43.1714500Z === [104/152] dataviz var-resolution gate — markup fill/stroke var() per theme (BLOCKING s191-D3, ds-0NN #184) — _gate_dataviz_vars.py ===
2026-09-27T10:06:43.1714864Z 
2026-09-27T10:06:43.1715224Z === [105/152] dataviz var-resolution gate selftest — 8 arms incl. alias chain + missing target (ds-0NN) — _gate_dataviz_vars.py ===
2026-09-27T10:06:43.1715587Z 
2026-09-27T10:06:43.1716082Z === [106/152] minted-token consumption inventory — declared-but-never-read (ADVISORY, built #219) — _gate_minted_consumption.py ===
2026-09-27T10:06:43.1716458Z 
2026-09-27T10:06:43.1716816Z === [107/152] minted-consumption selftest — 10 arms incl. both false-positive mutants (#219) — _gate_minted_consumption.py ===
2026-09-27T10:06:43.1717160Z 
2026-09-27T10:06:43.1717522Z === [108/152] hidden-attr vs author-display sweep — painted while hidden (ADVISORY, built #219) — _validate_hidden_display.py ===
2026-09-27T10:06:43.1717866Z 
2026-09-27T10:06:43.1718197Z === [109/152] hidden-attr display selftest — 16 bites incl. the real #218 mutant (#219) — _validate_hidden_display.py ===
2026-09-27T10:06:43.1718523Z 
2026-09-27T10:06:43.1718809Z === [110/152] reverse-text edge-extremity check {#col26-020} (advisory) — _validate_edge_extremity.py ===
2026-09-27T10:06:43.1719101Z 
2026-09-27T10:06:43.1719449Z === [111/152] compliance verification edges — applies_to vs verified_by (advisory) — compliance/_build_verification_edges.py ===
2026-09-27T10:06:43.1719802Z 
2026-09-27T10:06:43.1720112Z === [112/152] external automatable-check refs — axe-core import (advisory) — compliance/_import_axe_rules.py ===
2026-09-27T10:06:43.1720424Z 
2026-09-27T10:06:43.1720661Z === [113/152] consult index — problem-domain query surface — _build_consult_index.py ===
2026-09-27T10:06:43.1720907Z 
2026-09-27T10:06:43.1721076Z === [114/152] consult tool selftest (advisory) — _consult.py ===
2026-09-27T10:06:43.1721270Z 
2026-09-27T10:06:43.1721539Z === [115/152] search core selftest — two-stage engine + receipt format (O2′ #25) — _search_core.py ===
2026-09-27T10:06:43.1722037Z 
2026-09-27T10:06:43.1722282Z === [116/152] memento index — the Memento door's corpus (O2′ #25) — _build_memento_index.py ===
2026-09-27T10:06:43.1722545Z 
2026-09-27T10:06:43.1722763Z === [117/152] memento index determinism check (O2′ #25) — _build_memento_index.py ===
2026-09-27T10:06:43.1723003Z 
2026-09-27T10:06:43.1723300Z === [118/152] memento index selftest — contract refusals + determinism (O2′ #25) — _build_memento_index.py ===
2026-09-27T10:06:43.1723601Z 
2026-09-27T10:06:43.1723906Z === [119/152] memento search selftest — known-answer retrieval + fetch refusal (O2′ #25) — _memento_search.py ===
2026-09-27T10:06:43.1724226Z 
2026-09-27T10:06:43.1724567Z === [120/152] graph mention map — the decision-graph/memento-index join (#115 step 0) — _build_graph_mention_map.py ===
2026-09-27T10:06:43.1724901Z 
2026-09-27T10:06:43.1725153Z === [121/152] graph mention map determinism check (#115 step 0) — _build_graph_mention_map.py ===
2026-09-27T10:06:43.1725439Z 
2026-09-27T10:06:43.1725738Z === [122/152] graph mention map selftest — hit/miss/refusal bites (#115 step 0) — _build_graph_mention_map.py ===
2026-09-27T10:06:43.1726182Z 
2026-09-27T10:06:43.1726407Z === [123/152] read chain file — _CHAIN.md, the cold-start door (#41) — _gen_chain.py ===
2026-09-27T10:06:43.1726647Z 
2026-09-27T10:06:43.1726976Z === [124/152] read chain determinism check — stale _CHAIN.md serves a PREVIOUS session's record (#41) — _gen_chain.py ===
2026-09-27T10:06:43.1727306Z 
2026-09-27T10:06:43.1727591Z === [125/152] read chain selftest — verbatim terms + the CUT + refusal on a blank GM (#41) — _gen_chain.py ===
2026-09-27T10:06:43.1727889Z 
2026-09-27T10:06:43.1728219Z === [126/152] GM size stamp check — a TYPED `size:` figure / drift past the gate's tolerance (s294-D8) — _gen_size_stamp.py ===
2026-09-27T10:06:43.1728546Z 
2026-09-27T10:06:43.1729068Z === [127/152] GM size stamp selftest — the fixed point, the 2-cycle refusal, the ESTIMATE-tier refusal and the gate's own regex parsing what this writes (s294-D8) — _gen_size_stamp.py ===
2026-09-27T10:06:43.1729554Z 
2026-09-27T10:06:43.1729876Z === [128/152] memento schematic — the six subsystems, generated from the file inventory (#127) — _gen_schematic.py ===
2026-09-27T10:06:43.1730193Z 
2026-09-27T10:06:43.1730534Z === [129/152] memento schematic determinism check — a stale diagram publishes a PREVIOUS tree (#127) — _gen_schematic.py ===
2026-09-27T10:06:43.1730875Z 
2026-09-27T10:06:43.1731209Z === [130/152] memento schematic selftest — figure provenance, caption geometry, self-recheck (#127) — _gen_schematic.py ===
2026-09-27T10:06:43.1731549Z 
2026-09-27T10:06:43.1731836Z === [131/152] memento-package delta-audit — #64 boundary enforcement (#79) — _validate_package_delta.py ===
2026-09-27T10:06:43.1732135Z 
2026-09-27T10:06:43.1733423Z ❌ memento-package delta-audit failed (exit 1) — a package copy has drifted from its knowledge/ source, the two in-package copies disagree, an unknown file appeared in a machinery/ folder, or a shim-ported function/constant changed since its declared provenance commit. See memento-package/_PACKAGE-SPEC.md:13-14 (Dave's #64 boundary ruling: copies only, every copy delta-audited). Run: python3 knowledge/_validate_package_delta.py
2026-09-27T10:06:43.1734512Z 
2026-09-27T10:06:43.1734850Z === [132/152] memento-package delta-audit selftest — mutation-tested, all 4 arms (#79) — _validate_package_delta.py ===
2026-09-27T10:06:43.1735184Z 
2026-09-27T10:06:43.3183858Z ❌ memento-package delta-audit failed (exit 1) — a package copy has drifted from its knowledge/ source, the two in-package copies disagree, an unknown file appeared in a machinery/ folder, or a shim-ported function/constant changed since its declared provenance commit. See memento-package/_PACKAGE-SPEC.md:13-14 (Dave's #64 boundary ruling: copies only, every copy delta-audited). Run: python3 knowledge/_validate_package_delta.pyenactment register: 84 rulings -> PROVEN 9 · CLAIMED 21 · UNPROVEN 54 · NOT-GATEABLE 0  (knowledge/_ENACTMENT-REGISTER.md)
2026-09-27T10:07:25.6045131Z   ✓ bite1a: icon-005 (44x44 target) requires RENDER
2026-09-27T10:07:25.6045693Z   ✓ bite1b: icon-005 is UNGATED — no check names it
2026-09-27T10:07:25.6046516Z   ✓ bite1c: aid-009 is cited by a gate AND present in the rules index (not dangling)
2026-09-27T10:07:25.6047198Z   ✓ bite1d: the untagged-anchor population is reported, not silently zero
2026-09-27T10:07:25.6047755Z   ✓ bite2: 'chrome' as a WORD does not promote a gate to RENDER
2026-09-27T10:07:25.6048101Z   ✓ bite3: a real Playwright gate IS detected as RENDER
2026-09-27T10:07:25.6048423Z   ✓ bite4: unclassifiable rule -> UNKNOWN, not I0
2026-09-27T10:07:25.6048762Z   ✓ bite5: a literal-text rule + a static gate is FIT, not flagged
2026-09-27T10:07:25.6049078Z   ✓ bite6: unknown instrument code raises
2026-09-27T10:07:25.6049340Z   ✓ bite7: mixed rule takes the HIGHER rung
2026-09-27T10:07:25.6049621Z   ✓ bite8: this script never counts itself as a gate
2026-09-27T10:07:25.6049793Z 
2026-09-27T10:07:25.6049899Z selftest: 11 bites, 0 failed
2026-09-27T10:08:08.1036484Z instrument fit: 474 rules -> UNDER-INSTRUMENTED 17 · UNGATED 163 · UNTAGGED 282 · EYE-ONLY 5 · FIT 7  (knowledge/_INSTRUMENT-FIT.md)
2026-09-27T10:08:08.1037734Z   ⚠ 1 rule IDs cited by gates are ABSENT from the index (260 untagged anchors of 702 declared): axs-003
2026-09-27T10:08:08.2584263Z /home/runner/work/UX-design/UX-design/knowledge/_build_integrity.py:71: DeprecationWarning: jsonschema.RefResolver is deprecated as of v4.18.0, in favor of the https://github.com/python-jsonschema/referencing library, which provides more compliant referencing behavior as well as more flexible APIs for customization. A future release will remove RefResolver. Please file a feature request (on referencing) if you are missing an API for the kind of customization you need.
2026-09-27T10:08:08.2587400Z   _resolver = jsonschema.RefResolver(base_uri="", referrer=schema)
2026-09-27T10:08:08.4202067Z integrity: FAIL — 13 errors, 25 warnings
2026-09-27T10:08:08.4202470Z schema valid: 133/137
2026-09-27T10:08:08.4202737Z first errors:
2026-09-27T10:08:08.4203330Z   [Data grid] schema: relationships: Additional properties are not allowed ('$composes-verbatim', 'composes' were unexpected)
2026-09-27T10:08:08.4204484Z   [Data grid] schema: stateModel: {'$scope': "the COLUMN HEADER (#261); the grid's live/loading/empty modes stay on the `state` prop", 'states': ['rest', 
2026-09-27T10:08:08.4205721Z   [Data grid] schema: with/0: 'selection-controls (the checkbox — CONSUMED byte-identically, not restated; #261 G3)' is not of type 'object'
2026-09-27T10:08:08.4206720Z   [Data grid] schema: with/1: 'filter-toolbar-bar' is not of type 'object'
2026-09-27T10:08:08.4207219Z   [Data grid] schema: with/2: 'pagination' is not of type 'object'
2026-09-27T10:08:08.4207684Z   [Data grid] schema: with/3: 'search-field' is not of type 'object'
2026-09-27T10:08:08.4208126Z   [Data grid] schema: with/4: 'tags' is not of type 'object'
2026-09-27T10:08:08.4208594Z   [Data grid] schema: with/5: 'skeleton-loader' is not of type 'object'
2026-09-27T10:08:08.4209458Z   [Filter-toolbar-bar] schema: stateModel: {'attribute': 'data-ftb-state', 'states': [{'name': 'no-filters', 'shows': 'the total count and a `No filters applied` h
2026-09-27T10:08:08.4210580Z   [KPI tile] schema: stateModel: {'states': ['ready', 'loading', 'empty', 'error', 'stale'], 'loading': 'role=group + aria-busy=true, an sr-only sentence
2026-09-27T10:08:08.4211574Z   [Legend] schema: provenance/source: 'hand-authored' is not one of ['figma', 'code', 'both', 'gap-report', 'proforma-promotion']
2026-09-27T10:08:08.4212575Z   [Legend] schema: stateModel: {'rest': 'every series shown; Reset disabled', 'check': "one or more swatches unchecked; the unchecked series ghost at 1
2026-09-27T10:08:08.4422995Z     ✓ refuse() returns the convention's exit code
2026-09-27T10:08:08.4423716Z     ✓ EXIT is not 0/1/2 — it cannot be confused with pass, fail, or bad-arguments
2026-09-27T10:08:08.4424365Z     ✓ refuse() prints a line that STARTS with the marker
2026-09-27T10:08:08.4425472Z     ✓ the printed line carries the gate's own reason, not a summary
2026-09-27T10:08:08.4426232Z     ✓ is_refusal() is true for EXIT and false for a real failure
2026-09-27T10:08:08.4426813Z     ✓ reason_in() finds the marker line in captured output
2026-09-27T10:08:08.4427441Z     ✓ reason_in() finds it when the gate prefixed the line (✗ / indentation)
2026-09-27T10:08:08.4428204Z     ✓ reason_in() returns None — never a manufactured reason — when the marker is absent
2026-09-27T10:08:08.4428790Z   ✅ _could_not_ask selftest: all bites pass
2026-09-27T10:08:08.8727672Z 
2026-09-27T10:08:08.8728142Z === P-1 · component meta-schema sweep [sandbox]
2026-09-27T10:08:08.8728854Z   ⛔ data-grid.meta.json [relationships] Additional properties are not allowed ('$composes-verbatim', 'composes' were unexpected)
2026-09-27T10:08:08.8730336Z   ⛔ data-grid.meta.json [stateModel] {'$scope': "the COLUMN HEADER (#261); the grid's live/loading/empty modes stay on the `state` prop", 'states': ['rest', 'hover', 'focus-visible', 'sorted', 'filtered-active', 'menu-open', 'resizing', 
2026-09-27T10:08:08.8731725Z   ⛔ data-grid.meta.json [with/0] 'selection-controls (the checkbox — CONSUMED byte-identically, not restated; #261 G3)' is not of type 'object'
2026-09-27T10:08:08.8732580Z   ⛔ data-grid.meta.json [with/1] 'filter-toolbar-bar' is not of type 'object'
2026-09-27T10:08:08.8733029Z   ⛔ data-grid.meta.json [with/2] 'pagination' is not of type 'object'
2026-09-27T10:08:08.8733435Z   ⛔ data-grid.meta.json [with/3] 'search-field' is not of type 'object'
2026-09-27T10:08:08.8733804Z   ⛔ data-grid.meta.json [with/4] 'tags' is not of type 'object'
2026-09-27T10:08:08.8734179Z   ⛔ data-grid.meta.json [with/5] 'skeleton-loader' is not of type 'object'
2026-09-27T10:08:08.8735318Z   ⛔ filter-toolbar-bar.meta.json [stateModel] {'attribute': 'data-ftb-state', 'states': [{'name': 'no-filters', 'shows': 'the total count and a `No filters applied` hint; no chip row, no clear-all.'}, {'name': 'filtered', 'shows': '`N of M`, the 
2026-09-27T10:08:08.8736999Z   ⛔ kpi-tile.meta.json [stateModel] {'states': ['ready', 'loading', 'empty', 'error', 'stale'], 'loading': 'role=group + aria-busy=true, an sr-only sentence naming the metric, and four skeleton blocks at text/default alpha-08 with a 1.6
2026-09-27T10:08:08.8737954Z   ⛔ legend.meta.json [provenance/source] 'hand-authored' is not one of ['figma', 'code', 'both', 'gap-report', 'proforma-promotion']
2026-09-27T10:08:08.8738941Z   ⛔ legend.meta.json [stateModel] {'rest': 'every series shown; Reset disabled', 'check': "one or more swatches unchecked; the unchecked series ghost at 12% and the row's swatch is hollow", 'isolate': 'a label is pressed; only that se
2026-09-27T10:08:08.8739717Z   ⛔ legend.meta.json [with/0] 'when' does not match any of the regexes: '^\\$'
2026-09-27T10:08:08.8740257Z   ⚪ EXEMPT (declared, never hidden) EXAMPLE-button.meta.json [<root>] 'tokenValidation' is a required property
2026-09-27T10:08:08.8740868Z P-1 meta-schema sweep: 138 meta(s) checked · 13 finding(s) · 1 exempt failure(s) (EXAMPLE-button.meta.json)
2026-09-27T10:08:08.8741268Z PROBE P-1 — findings=13
2026-09-27T10:08:08.8741725Z --- rc=1 findings=13 · /home/runner/work/UX-design/UX-design/knowledge/_probe_registry/probe_meta_schema.py --check
2026-09-27T10:08:08.8742063Z 
2026-09-27T10:08:08.8742196Z === P-2 · duplicate-ID/IDREF scan [sandbox]
2026-09-27T10:08:08.8742580Z   OK  reviews/REVIEW-168-eye-owed-v1.html                        ids= 10 DUP=0 unresolved_idref=0 frag_miss=0
2026-09-27T10:08:08.8743098Z   OK  reviews/REVIEW-168-graphic-amber-blue-picker-v1.html       ids=  2 DUP=0 unresolved_idref=0 frag_miss=0
2026-09-27T10:08:08.8743610Z   OK  reviews/REVIEW-168-rag-glyph-tier-v1.html                  ids=  1 DUP=0 unresolved_idref=0 frag_miss=0
2026-09-27T10:08:08.8744084Z   OK  reviews/REVIEW-168-rag-glyph-tier-v2.html                  ids=  0 DUP=0 unresolved_idref=0 frag_miss=0
2026-09-27T10:08:08.8744634Z   OK  reviews/REVIEW-170-links-ratification-controller-v1.html   ids=  5 DUP=0 unresolved_idref=0 frag_miss=0
2026-09-27T10:08:08.8745607Z   OK  reviews/REVIEW-174-progress-bar-four-themes-v1.html        ids= 24 DUP=0 unresolved_idref=0 frag_miss=0
2026-09-27T10:08:08.8746286Z   OK  reviews/REVIEW-2026-07-02-critical-regroup.html            ids=  1 DUP=0 unresolved_idref=0 frag_miss=0
2026-09-27T10:08:08.8746808Z   OK  reviews/REVIEW-2026-07-10-deep-analysis.html               ids= 22 DUP=0 unresolved_idref=0 frag_miss=0
2026-09-27T10:08:08.8747314Z   OK  reviews/REVIEW-2026-07-10-deep-analysis_rev2.html          ids= 22 DUP=0 unresolved_idref=0 frag_miss=0
2026-09-27T10:08:08.8747827Z   OK  reviews/REVIEW-203-INDEX-2026-08-19-v1.html                ids=  0 DUP=0 unresolved_idref=0 frag_miss=0
2026-09-27T10:08:08.8748320Z   OK  reviews/REVIEW-203-alert-four-themes-v1.html               ids= 21 DUP=0 unresolved_idref=0 frag_miss=0
2026-09-27T10:08:08.8748837Z   OK  reviews/REVIEW-203-amount-display-four-themes-v1.html      ids=  0 DUP=0 unresolved_idref=0 frag_miss=0
2026-09-27T10:08:08.8749374Z   OK  reviews/REVIEW-203-amount-input-four-themes-v1.html        ids= 58 DUP=0 unresolved_idref=0 frag_miss=0
2026-09-27T10:08:08.8749896Z   OK  reviews/REVIEW-203-anchor-nav-four-themes-v1.html          ids=136 DUP=0 unresolved_idref=0 frag_miss=0
2026-09-27T10:08:08.8750411Z   OK  reviews/REVIEW-203-avatar-group-four-themes-v1.html        ids=  8 DUP=0 unresolved_idref=0 frag_miss=0
2026-09-27T10:08:08.8750964Z   OK  reviews/REVIEW-203-canon-dark-repair-before-after-v1.html  ids=449 DUP=0 unresolved_idref=0 frag_miss=0
2026-09-27T10:08:08.8751499Z   OK  reviews/REVIEW-203-combobox-four-themes-v1.html            ids=218 DUP=0 unresolved_idref=0 frag_miss=0
2026-09-27T10:08:08.8752032Z   OK  reviews/REVIEW-203-command-palette-four-themes-v1.html     ids=102 DUP=0 unresolved_idref=0 frag_miss=0
2026-09-27T10:08:08.8752564Z   OK  reviews/REVIEW-203-data-grid-four-themes-v1.html           ids=  0 DUP=0 unresolved_idref=0 frag_miss=0
2026-09-27T10:08:08.8753084Z   OK  reviews/REVIEW-203-date-picker-four-themes-v1.html         ids=160 DUP=0 unresolved_idref=0 frag_miss=0
2026-09-27T10:08:08.8753619Z   OK  reviews/REVIEW-203-date-range-picker-four-themes-v1.html   ids=231 DUP=0 unresolved_idref=0 frag_miss=0
2026-09-27T10:08:08.8754141Z   OK  reviews/REVIEW-203-drawer-four-themes-v1.html              ids=  8 DUP=0 unresolved_idref=0 frag_miss=0
2026-09-27T10:08:08.8754648Z   OK  reviews/REVIEW-203-empty-state-four-themes-v1.html         ids= 26 DUP=0 unresolved_idref=0 frag_miss=0
2026-09-27T10:08:08.8755166Z   OK  reviews/REVIEW-203-file-upload-four-themes-v1.html         ids= 76 DUP=0 unresolved_idref=0 frag_miss=0
2026-09-27T10:08:08.8755679Z   OK  reviews/REVIEW-203-form-layout-four-themes-v1.html         ids=251 DUP=0 unresolved_idref=0 frag_miss=0
2026-09-27T10:08:08.8756323Z   OK  reviews/REVIEW-203-kpi-tile-four-themes-v1.html            ids= 24 DUP=0 unresolved_idref=0 frag_miss=0
2026-09-27T10:08:08.8756858Z   OK  reviews/REVIEW-203-multi-select-four-themes-v1.html        ids=203 DUP=0 unresolved_idref=0 frag_miss=0
2026-09-27T10:08:08.8757394Z   OK  reviews/REVIEW-203-popover-four-themes-v1.html             ids= 33 DUP=0 unresolved_idref=0 frag_miss=0
2026-09-27T10:08:08.8757918Z   OK  reviews/REVIEW-203-secure-entry-four-themes-v1.html        ids= 75 DUP=0 unresolved_idref=0 frag_miss=0
2026-09-27T10:08:08.8758448Z   OK  reviews/REVIEW-203-sidebar-nav-four-themes-v1.html         ids= 65 DUP=0 unresolved_idref=0 frag_miss=0
2026-09-27T10:08:08.8758983Z   OK  reviews/REVIEW-203-skeleton-loader-four-themes-v1.html     ids= 20 DUP=0 unresolved_idref=0 frag_miss=0
2026-09-27T10:08:08.8759511Z   OK  reviews/REVIEW-203-stat-card-four-themes-v1.html           ids=  2 DUP=0 unresolved_idref=0 frag_miss=0
2026-09-27T10:08:08.8760019Z   OK  reviews/REVIEW-203-stepper-four-themes-v1.html             ids=322 DUP=0 unresolved_idref=0 frag_miss=0
2026-09-27T10:08:08.8760528Z   OK  reviews/REVIEW-203-tags-input-four-themes-v1.html          ids=154 DUP=0 unresolved_idref=0 frag_miss=0
2026-09-27T10:08:08.8761263Z   OK  reviews/REVIEW-203-textarea-four-themes-v1.html            ids= 89 DUP=0 unresolved_idref=0 frag_miss=0
2026-09-27T10:08:08.8761798Z   OK  reviews/REVIEW-203-time-picker-four-themes-v1.html         ids= 92 DUP=0 unresolved_idref=0 frag_miss=0
2026-09-27T10:08:08.8762315Z   OK  reviews/REVIEW-203-timeline-four-themes-v1.html            ids= 24 DUP=0 unresolved_idref=0 frag_miss=0
2026-09-27T10:08:08.8762810Z   OK  reviews/REVIEW-203-toast-four-themes-v1.html               ids=  9 DUP=0 unresolved_idref=0 frag_miss=0
2026-09-27T10:08:08.8763320Z   OK  reviews/REVIEW-204-document-row-four-themes-v1.html        ids= 32 DUP=0 unresolved_idref=0 frag_miss=48
2026-09-27T10:08:08.8763844Z   OK  reviews/REVIEW-204-footer-four-themes-v1.html              ids= 40 DUP=0 unresolved_idref=0 frag_miss=8
2026-09-27T10:08:08.8764377Z   OK  reviews/REVIEW-204-layout-utilities-four-themes-v1.html    ids=  0 DUP=0 unresolved_idref=0 frag_miss=0
2026-09-27T10:08:08.8764933Z   OK  reviews/REVIEW-204-payment-card-visual-four-themes-v1.html ids= 56 DUP=0 unresolved_idref=0 frag_miss=0
2026-09-27T10:08:08.8765481Z   OK  reviews/REVIEW-204-popconfirm-four-themes-v1.html          ids= 96 DUP=0 unresolved_idref=0 frag_miss=0
2026-09-27T10:08:08.8766145Z   OK  reviews/REVIEW-204-runway-bar-four-themes-v1.html          ids= 40 DUP=0 unresolved_idref=0 frag_miss=0
2026-09-27T10:08:08.8766783Z   OK  reviews/REVIEW-209-grid-snap-before-after-v1.html          ids=  3 DUP=0 unresolved_idref=0 frag_miss=0
2026-09-27T10:08:08.8767321Z   OK  reviews/REVIEW-209-input-trim-before-after-v1.html         ids=  1 DUP=0 unresolved_idref=0 frag_miss=0
2026-09-27T10:08:08.8767846Z   OK  reviews/REVIEW-210-existence-side-by-side-v1.html          ids=  6 DUP=0 unresolved_idref=0 frag_miss=0
2026-09-27T10:08:08.8768356Z   OK  reviews/REVIEW-210-meter-unification-v1.html               ids=  7 DUP=0 unresolved_idref=0 frag_miss=0
2026-09-27T10:08:08.8768853Z   OK  reviews/REVIEW-210-spacing-fixes-v1.html                   ids=  0 DUP=0 unresolved_idref=0 frag_miss=0
2026-09-27T10:08:08.8769357Z   OK  reviews/REVIEW-212-boot-and-desk-triage-v1.html            ids=  6 DUP=0 unresolved_idref=0 frag_miss=0
2026-09-27T10:08:08.8769843Z   OK  reviews/REVIEW-212-dials-v1.html                           ids=  1 DUP=0 unresolved_idref=0 frag_miss=0
2026-09-27T10:08:08.8770298Z   OK  reviews/REVIEW-212-rule-now-v1.html                        ids=  1 DUP=0 unresolved_idref=0 frag_miss=0
2026-09-27T10:08:08.8770794Z   OK  reviews/REVIEW-213-wave-components-four-theme-v1.html      ids= 60 DUP=0 unresolved_idref=0 frag_miss=0
2026-09-27T10:08:08.8771316Z   OK  reviews/REVIEW-262-nav-supercharge-dark-v1.html            ids=  0 DUP=0 unresolved_idref=0 frag_miss=0
2026-09-27T10:08:08.8771806Z   OK  reviews/REVIEW-tooltip-tip-s162.html                       ids=  4 DUP=0 unresolved_idref=0 frag_miss=0
2026-09-27T10:08:08.8772609Z   ⚠ reviews/REVIEW-204-document-row-four-themes-v1.html:283 href='#doc-jun' targets no id (WARN tier — #204 declared placeholder demo links a design question, not this class)
2026-09-27T10:08:08.8773555Z   ⚠ reviews/REVIEW-204-document-row-four-themes-v1.html:296 href='#doc-may' targets no id (WARN tier — #204 declared placeholder demo links a design question, not this class)
2026-09-27T10:08:08.8774468Z   ⚠ reviews/REVIEW-204-document-row-four-themes-v1.html:308 href='#doc-tax' targets no id (WARN tier — #204 declared placeholder demo links a design question, not this class)
2026-09-27T10:08:08.8775380Z   ⚠ reviews/REVIEW-204-document-row-four-themes-v1.html:321 href='#doc-long' targets no id (WARN tier — #204 declared placeholder demo links a design question, not this class)
2026-09-27T10:08:08.8776425Z   ⚠ reviews/REVIEW-204-document-row-four-themes-v1.html:348 href='#dl-jun' targets no id (WARN tier — #204 declared placeholder demo links a design question, not this class)
2026-09-27T10:08:08.8777360Z   ⚠ reviews/REVIEW-204-document-row-four-themes-v1.html:356 href='#dl-may' targets no id (WARN tier — #204 declared placeholder demo links a design question, not this class)
2026-09-27T10:08:08.8778504Z   ⚠ reviews/REVIEW-204-document-row-four-themes-v1.html:386 href='#doc-jun' targets no id (WARN tier — #204 declared placeholder demo links a design question, not this class)
2026-09-27T10:08:08.8779427Z   ⚠ reviews/REVIEW-204-document-row-four-themes-v1.html:399 href='#doc-may' targets no id (WARN tier — #204 declared placeholder demo links a design question, not this class)
2026-09-27T10:08:08.8780331Z   ⚠ reviews/REVIEW-204-document-row-four-themes-v1.html:411 href='#doc-tax' targets no id (WARN tier — #204 declared placeholder demo links a design question, not this class)
2026-09-27T10:08:08.8781236Z   ⚠ reviews/REVIEW-204-document-row-four-themes-v1.html:424 href='#doc-long' targets no id (WARN tier — #204 declared placeholder demo links a design question, not this class)
2026-09-27T10:08:08.8782139Z   ⚠ reviews/REVIEW-204-document-row-four-themes-v1.html:451 href='#dl-jun' targets no id (WARN tier — #204 declared placeholder demo links a design question, not this class)
2026-09-27T10:08:08.8783053Z   ⚠ reviews/REVIEW-204-document-row-four-themes-v1.html:459 href='#dl-may' targets no id (WARN tier — #204 declared placeholder demo links a design question, not this class)
2026-09-27T10:08:08.8783646Z   ⚠ … 44 more WARN-tier fragment misses (not findings)
2026-09-27T10:08:08.8784159Z P-2 duplicate-ID/IDREF scan: 55 file(s) over ['reviews/REVIEW-*.html'] · 0 finding(s) · 56 WARN-tier fragment miss(es)
2026-09-27T10:08:09.0083616Z PROBE P-2 — findings=0
2026-09-27T10:08:09.0084461Z --- rc=0 findings=0 · /home/runner/work/UX-design/UX-design/knowledge/_probe_registry/probe_dup_ids.py --check
2026-09-27T10:08:09.0084944Z 
2026-09-27T10:08:09.0085173Z === P-3 · dangling-var PIXEL test (render + cascade + pixel) [sandbox-render]
2026-09-27T10:08:09.0086340Z COULD-NOT-ASK: P-3 dangling-var PIXEL test — NOT-IN-THIS-ENVIRONMENT: playwright is not importable. Stage it per knowledge/_RUNBOOK-render-verify.md (PYTHONPATH=/var/tmp/pylibs). REFUSED — not a pass.
2026-09-27T10:08:09.0087329Z PROBE P-3 — findings=UNKNOWN (environment refused, exit 77)
2026-09-27T10:08:09.0087920Z --- rc=77 findings=UNKNOWN · /home/runner/work/UX-design/UX-design/knowledge/_probe_registry/probe_dangling_var_pixel.py --check
2026-09-27T10:08:09.0088293Z 
2026-09-27T10:08:09.0088419Z === P-4 · premise-vs-store diff [sandbox]
2026-09-27T10:08:09.0089050Z   ⛔ STATE-CONTRADICTION  notes/_briefs/2026-08-20-209-w46-gen-brief-demo-lane-2-apollo-charts-v1.md:97 asserts W-14 open; the store says state=done
2026-09-27T10:08:09.0089925Z   ⛔ STATE-CONTRADICTION  notes/_briefs/2026-08-20-209-w46-gen-brief-demo-lane-2-apollo-charts-v1.md:98 asserts W-15 open; the store says state=done
2026-09-27T10:08:09.0090792Z   ⛔ STATE-CONTRADICTION  notes/_briefs/2026-08-20-209-w46-gen-brief-demo-lane-2-apollo-charts-v1.md:99 asserts W-16 open; the store says state=done
2026-09-27T10:08:09.0091632Z   ⛔ STATE-CONTRADICTION  notes/_briefs/2026-08-20-209-w46-gen-brief-demo-lane-2-apollo-charts-v1.md:106 asserts W-43 open; the store says state=done
2026-09-27T10:08:09.0092475Z   ⛔ STATE-CONTRADICTION  notes/_briefs/2026-08-20-209-w46-gen-brief-demo-lane-2-apollo-charts-v1.md:110 asserts W-47 open; the store says state=done
2026-09-27T10:08:09.0093324Z   ⛔ STATE-CONTRADICTION  notes/_briefs/2026-08-20-209-w46-gen-brief-demo-lane-2-apollo-charts-v1.md:117 asserts W-54 open; the store says state=done
2026-09-27T10:08:09.0094110Z   ⛔ STATE-CONTRADICTION  notes/_briefs/2026-08-20-209-wave3-fanout-brief-v1.md:125 asserts W-14 open; the store says state=done
2026-09-27T10:08:09.0094809Z   ⛔ STATE-CONTRADICTION  notes/_briefs/2026-08-20-209-wave3-fanout-brief-v1.md:126 asserts W-15 open; the store says state=done
2026-09-27T10:08:09.0095493Z   ⛔ STATE-CONTRADICTION  notes/_briefs/2026-08-20-209-wave3-fanout-brief-v1.md:127 asserts W-16 open; the store says state=done
2026-09-27T10:08:09.0096365Z   ⛔ STATE-CONTRADICTION  notes/_briefs/2026-08-20-209-wave3-fanout-brief-v1.md:134 asserts W-43 open; the store says state=done
2026-09-27T10:08:09.0097661Z   ⛔ STATE-CONTRADICTION  notes/_briefs/2026-08-20-209-wave3-fanout-brief-v1.md:138 asserts W-47 open; the store says state=done
2026-09-27T10:08:09.0098391Z   ⛔ STATE-CONTRADICTION  notes/_briefs/2026-08-20-209-wave3-fanout-brief-v1.md:145 asserts W-54 open; the store says state=done
2026-09-27T10:08:09.0099088Z   ⛔ STATE-CONTRADICTION  notes/_briefs/2026-08-20-209-wave3-fanout-brief-v1.md:151 asserts W-60 open; the store says state=done
2026-09-27T10:08:09.0099792Z   ⛔ STATE-CONTRADICTION  notes/_briefs/2026-08-20-209-wave3-fanout-brief-v1.md:152 asserts W-61 open; the store says state=done
2026-09-27T10:08:09.0100530Z   ⛔ STATE-CONTRADICTION  notes/_briefs/2026-08-20-210-wave4-heavy7-fanout-brief-v1.md:99 asserts W-14 open; the store says state=done
2026-09-27T10:08:09.0101281Z   ⛔ STATE-CONTRADICTION  notes/_briefs/2026-08-20-210-wave4-heavy7-fanout-brief-v1.md:100 asserts W-15 open; the store says state=done
2026-09-27T10:08:09.0102050Z   ⛔ STATE-CONTRADICTION  notes/_briefs/2026-08-20-210-wave4-heavy7-fanout-brief-v1.md:101 asserts W-16 open; the store says state=done
2026-09-27T10:08:09.0102796Z   ⛔ STATE-CONTRADICTION  notes/_briefs/2026-08-20-210-wave4-heavy7-fanout-brief-v1.md:108 asserts W-43 open; the store says state=done
2026-09-27T10:08:09.0103531Z   ⛔ STATE-CONTRADICTION  notes/_briefs/2026-08-20-210-wave4-heavy7-fanout-brief-v1.md:112 asserts W-47 open; the store says state=done
2026-09-27T10:08:09.0104274Z   ⛔ STATE-CONTRADICTION  notes/_briefs/2026-08-20-210-wave4-heavy7-fanout-brief-v1.md:119 asserts W-54 open; the store says state=done
2026-09-27T10:08:09.0105006Z   ⛔ STATE-CONTRADICTION  notes/_briefs/2026-08-20-210-wave4-heavy7-fanout-brief-v1.md:127 asserts W-64 open; the store says state=done
2026-09-27T10:08:09.0105762Z   ⛔ STATE-CONTRADICTION  notes/_briefs/2026-08-20-210-wave5-layer2-p2-fanout-brief-v1.md:100 asserts W-14 open; the store says state=done
2026-09-27T10:08:09.0106695Z   ⛔ STATE-CONTRADICTION  notes/_briefs/2026-08-20-210-wave5-layer2-p2-fanout-brief-v1.md:101 asserts W-15 open; the store says state=done
2026-09-27T10:08:09.0107466Z   ⛔ STATE-CONTRADICTION  notes/_briefs/2026-08-20-210-wave5-layer2-p2-fanout-brief-v1.md:102 asserts W-16 open; the store says state=done
2026-09-27T10:08:09.0108220Z   ⛔ STATE-CONTRADICTION  notes/_briefs/2026-08-20-210-wave5-layer2-p2-fanout-brief-v1.md:109 asserts W-43 open; the store says state=done
2026-09-27T10:08:09.0108969Z   ⛔ STATE-CONTRADICTION  notes/_briefs/2026-08-20-210-wave5-layer2-p2-fanout-brief-v1.md:113 asserts W-47 open; the store says state=done
2026-09-27T10:08:09.0109721Z   ⛔ STATE-CONTRADICTION  notes/_briefs/2026-08-20-210-wave5-layer2-p2-fanout-brief-v1.md:120 asserts W-54 open; the store says state=done
2026-09-27T10:08:09.0110473Z   ⛔ STATE-CONTRADICTION  notes/_briefs/2026-08-20-210-wave5-layer2-p2-fanout-brief-v1.md:128 asserts W-64 open; the store says state=done
2026-09-27T10:08:09.0111230Z   ⛔ STATE-CONTRADICTION  notes/_briefs/2026-08-20-210-wave6-layer2-p3-fanout-brief-v1.md:107 asserts W-14 open; the store says state=done
2026-09-27T10:08:09.0112005Z   ⛔ STATE-CONTRADICTION  notes/_briefs/2026-08-20-210-wave6-layer2-p3-fanout-brief-v1.md:108 asserts W-15 open; the store says state=done
2026-09-27T10:08:09.0112773Z   ⛔ STATE-CONTRADICTION  notes/_briefs/2026-08-20-210-wave6-layer2-p3-fanout-brief-v1.md:109 asserts W-16 open; the store says state=done
2026-09-27T10:08:09.0113526Z   ⛔ STATE-CONTRADICTION  notes/_briefs/2026-08-20-210-wave6-layer2-p3-fanout-brief-v1.md:116 asserts W-43 open; the store says state=done
2026-09-27T10:08:09.0114283Z   ⛔ STATE-CONTRADICTION  notes/_briefs/2026-08-20-210-wave6-layer2-p3-fanout-brief-v1.md:120 asserts W-47 open; the store says state=done
2026-09-27T10:08:09.0115042Z   ⛔ STATE-CONTRADICTION  notes/_briefs/2026-08-20-210-wave6-layer2-p3-fanout-brief-v1.md:127 asserts W-54 open; the store says state=done
2026-09-27T10:08:09.0115797Z   ⛔ STATE-CONTRADICTION  notes/_briefs/2026-08-20-210-wave6-layer2-p3-fanout-brief-v1.md:135 asserts W-64 open; the store says state=done
2026-09-27T10:08:09.0116986Z   ⛔ STATE-CONTRADICTION  notes/_briefs/2026-08-20-210-wave6-layer2-p3-fanout-brief-v1.md:144 asserts W-75 open; the store says state=parked
2026-09-27T10:08:09.0117799Z   ⛔ STATE-CONTRADICTION  notes/_briefs/2026-08-20-210-wave6-layer2-p3-fanout-brief-v1.md:145 asserts W-76 open; the store says state=parked
2026-09-27T10:08:09.0118582Z   ⛔ STATE-CONTRADICTION  notes/_briefs/2026-08-20-210-wave6-layer2-p3-fanout-brief-v1.md:146 asserts W-77 open; the store says state=parked
2026-09-27T10:08:09.0119356Z   ⛔ STATE-CONTRADICTION  notes/_briefs/2026-08-20-210-wave6-layer2-p3-fanout-brief-v1.md:147 asserts W-78 open; the store says state=parked
2026-09-27T10:08:09.0120123Z   ⛔ STATE-CONTRADICTION  notes/_briefs/2026-08-20-210-wave6-layer2-p3-fanout-brief-v1.md:148 asserts W-79 open; the store says state=parked
2026-09-27T10:08:09.0120879Z   ⛔ STATE-CONTRADICTION  notes/_briefs/2026-08-21-211-findings-repair-wave1-v1.md:125 asserts W-14 open; the store says state=done
2026-09-27T10:08:09.0121626Z   ⛔ STATE-CONTRADICTION  notes/_briefs/2026-08-21-211-findings-repair-wave1-v1.md:126 asserts W-15 open; the store says state=done
2026-09-27T10:08:09.0122337Z   ⛔ STATE-CONTRADICTION  notes/_briefs/2026-08-21-211-findings-repair-wave1-v1.md:127 asserts W-16 open; the store says state=done
2026-09-27T10:08:09.0123045Z   ⛔ STATE-CONTRADICTION  notes/_briefs/2026-08-21-211-findings-repair-wave1-v1.md:134 asserts W-43 open; the store says state=done
2026-09-27T10:08:09.0123751Z   ⛔ STATE-CONTRADICTION  notes/_briefs/2026-08-21-211-findings-repair-wave1-v1.md:138 asserts W-47 open; the store says state=done
2026-09-27T10:08:09.0124461Z   ⛔ STATE-CONTRADICTION  notes/_briefs/2026-08-21-211-findings-repair-wave1-v1.md:145 asserts W-54 open; the store says state=done
2026-09-27T10:08:09.0125183Z   ⛔ STATE-CONTRADICTION  notes/_briefs/2026-08-21-211-findings-repair-wave1-v1.md:161 asserts W-75 open; the store says state=parked
2026-09-27T10:08:09.0125920Z   ⛔ STATE-CONTRADICTION  notes/_briefs/2026-08-21-211-findings-repair-wave1-v1.md:162 asserts W-76 open; the store says state=parked
2026-09-27T10:08:09.0126849Z   ⛔ STATE-CONTRADICTION  notes/_briefs/2026-08-21-211-findings-repair-wave1-v1.md:163 asserts W-77 open; the store says state=parked
2026-09-27T10:08:09.0127585Z   ⛔ STATE-CONTRADICTION  notes/_briefs/2026-08-21-211-findings-repair-wave1-v1.md:164 asserts W-78 open; the store says state=parked
2026-09-27T10:08:09.0128309Z   ⛔ STATE-CONTRADICTION  notes/_briefs/2026-08-21-211-findings-repair-wave1-v1.md:165 asserts W-79 open; the store says state=parked
2026-09-27T10:08:09.0129038Z   ⛔ STATE-CONTRADICTION  notes/_briefs/2026-08-21-211-findings-repair-wave1-v1.md:166 asserts W-80 open; the store says state=parked
2026-09-27T10:08:09.0129782Z   ⛔ STATE-CONTRADICTION  notes/_briefs/2026-08-21-211-findings-repair-wave1-v1.md:167 asserts W-81 open; the store says state=parked
2026-09-27T10:08:09.0130507Z   ⛔ STATE-CONTRADICTION  notes/_briefs/2026-08-21-211-findings-repair-wave1-v1.md:168 asserts W-82 open; the store says state=parked
2026-09-27T10:08:09.0131376Z   ⛔ STATE-CONTRADICTION  notes/_briefs/2026-08-21-211-findings-repair-wave1-v1.md:169 asserts W-83 open; the store says state=parked
2026-09-27T10:08:09.0132110Z   ⛔ STATE-CONTRADICTION  notes/_briefs/2026-08-21-211-findings-repair-wave1-v1.md:170 asserts W-84 open; the store says state=parked
2026-09-27T10:08:09.0132814Z   ⛔ STATE-CONTRADICTION  notes/_briefs/2026-08-21-212-wrap-brief.md:6 asserts W-99 closed/done; the store says state=open
2026-09-27T10:08:09.0133487Z   ⛔ STATE-CONTRADICTION  notes/_briefs/2026-08-21-212-wrap-brief.md:6 asserts W-95 closed/done; the store says state=open
2026-09-27T10:08:09.0134147Z   ⛔ STATE-CONTRADICTION  notes/_briefs/2026-08-21-212-wrap-brief.md:6 asserts W-96 closed/done; the store says state=open
2026-09-27T10:08:09.0134796Z   ⛔ STATE-CONTRADICTION  notes/_briefs/2026-08-21-212-wrap-brief.md:6 asserts W-97 closed/done; the store says state=open
2026-09-27T10:08:09.0135544Z   ⛔ STATE-CONTRADICTION  notes/_briefs/2026-08-21-212-wrap-brief.md:6 asserts W-98 closed/done; the store says state=open
2026-09-27T10:08:09.0136387Z   ⛔ STATE-CONTRADICTION  notes/_briefs/2026-08-21-213-c1-residual-survey-v1.md:25 asserts W-84 open; the store says state=parked
2026-09-27T10:08:09.0137102Z   ⛔ STATE-CONTRADICTION  notes/_briefs/2026-08-21-213-c1-residual-survey-v1.md:25 asserts W-75 open; the store says state=parked
2026-09-27T10:08:09.0137809Z   ⛔ STATE-CONTRADICTION  notes/_briefs/2026-08-21-213-c1-residual-survey-v1.md:92 asserts W-84 open; the store says state=parked
2026-09-27T10:08:09.0138510Z   ⛔ STATE-CONTRADICTION  notes/_briefs/2026-08-21-213-c1-residual-survey-v1.md:92 asserts W-75 open; the store says state=parked
2026-09-27T10:08:09.0139224Z   ⛔ STATE-CONTRADICTION  notes/_briefs/2026-08-21-213-c1-residual-survey-v1.md:169 asserts W-84 open; the store says state=parked
2026-09-27T10:08:09.0139929Z   ⛔ STATE-CONTRADICTION  notes/_briefs/2026-08-21-213-c1-residual-survey-v1.md:169 asserts W-75 open; the store says state=parked
2026-09-27T10:08:09.0140929Z   ⛔ UNROWED-DOC          notes/_briefs/2026-08-22-215-taxonomy-research-v2.md is named by no store row's `home` — the #185 forgotten-document class; the repair is one `_state.add()` row and it is the conductor's, not this probe's
2026-09-27T10:08:09.0141839Z   ⛔ STATE-CONTRADICTION  notes/_briefs/2026-08-26-219-wrap-brief.md:33 asserts W-196 open; the store says state=done
2026-09-27T10:08:09.0142479Z   ⛔ UNKNOWN-RULING       notes/_briefs/2026-08-28-221-wrap-brief.md:6 cites s221-D1 — no such ruling in _rulings.json
2026-09-27T10:08:09.0143094Z   ⛔ UNKNOWN-RULING       notes/_briefs/2026-08-28-221-wrap-brief.md:16 cites s221-D1 — no such ruling in _rulings.json
2026-09-27T10:08:09.0143788Z   ⛔ STATE-CONTRADICTION  notes/_briefs/2026-08-31-230-seg-snippets-eye-brief.md:38 asserts W-307 closed/done; the store says state=open
2026-09-27T10:08:09.0144538Z   ⛔ STATE-CONTRADICTION  notes/_briefs/2026-08-31-231-delegated-wrap-brief.md:1 asserts W-330 closed/done; the store says state=open
2026-09-27T10:08:09.0145273Z   ⛔ STATE-CONTRADICTION  notes/_briefs/2026-09-01-233-delegated-wrap-brief.md:100 asserts W-308 open; the store says state=done
2026-09-27T10:08:09.0146136Z   ⛔ UNKNOWN-RULING       notes/_briefs/2026-09-02-234-quality-bar-research-brief.md:15 cites s63-D1 — no such ruling in _rulings.json
2026-09-27T10:08:09.0146891Z   ⛔ STATE-CONTRADICTION  notes/_briefs/2026-09-02-235-delegated-wrap-brief.md:14 asserts W-340 closed/done; the store says state=open
2026-09-27T10:08:09.0147633Z   ⛔ STATE-CONTRADICTION  notes/_briefs/2026-09-02-235-delegated-wrap-brief.md:14 asserts W-342 closed/done; the store says state=open
2026-09-27T10:08:09.0148361Z   ⛔ STATE-CONTRADICTION  notes/_briefs/2026-09-02-236-delegated-wrap-brief.md:27 asserts W-340 closed/done; the store says state=open
2026-09-27T10:08:09.0149086Z   ⛔ STATE-CONTRADICTION  notes/_briefs/2026-09-02-236-delegated-wrap-brief.md:27 asserts W-342 closed/done; the store says state=open
2026-09-27T10:08:09.0149958Z   ⛔ STATE-CONTRADICTION  notes/_briefs/2026-09-02-236-delegated-wrap-brief.md:31 asserts W-347 open; the store says state=done
2026-09-27T10:08:09.0150656Z   ⛔ STATE-CONTRADICTION  notes/_briefs/2026-09-02-236-delegated-wrap-brief.md:31 asserts W-344 open; the store says state=done
2026-09-27T10:08:09.0151349Z   ⛔ STATE-CONTRADICTION  notes/_briefs/2026-09-02-236-delegated-wrap-brief.md:31 asserts W-348 open; the store says state=done
2026-09-27T10:08:09.0152061Z   ⛔ STATE-CONTRADICTION  notes/_briefs/2026-09-02-239-delegated-wrap-brief.md:17 asserts W-381 closed/done; the store says state=open
2026-09-27T10:08:09.0152783Z   ⛔ STATE-CONTRADICTION  notes/_briefs/2026-09-02-240-delegated-wrap-brief.md:11 asserts W-384 closed/done; the store says state=open
2026-09-27T10:08:09.0153499Z   ⛔ STATE-CONTRADICTION  notes/_briefs/2026-09-03-242-delegated-wrap-brief.md:16 asserts W-374 closed/done; the store says state=open
2026-09-27T10:08:09.0154188Z P-4 premise-vs-store diff: 206 doc(s) over ['notes/_briefs/*.md'] vs 894 store item(s) / 638 ruling(s) · 85 finding(s)
2026-09-27T10:08:10.0591446Z PROBE P-4 — findings=85
2026-09-27T10:08:10.0592045Z --- rc=1 findings=85 · /home/runner/work/UX-design/UX-design/knowledge/_probe_registry/probe_premise_store.py --check
2026-09-27T10:08:10.0592408Z 
2026-09-27T10:08:10.0592532Z === P-5 · stale-figure grep [sandbox]
2026-09-27T10:08:10.0592769Z   live R1 snippets               = 137
2026-09-27T10:08:10.0592981Z   live R2 component metas        = 138
2026-09-27T10:08:10.0593179Z   live R3 showroom pages         = 138
2026-09-27T10:08:10.0593395Z   live R4 type-composite debt    = 1089
2026-09-27T10:08:10.0593615Z   live R5 open store items       = 728
2026-09-27T10:08:10.0594266Z P-5 stale-figure grep: 4 living doc(s) over ['knowledge/_LIVE-STATE.md', 'GOOD-MORNING.md', 'AGENTS.md', 'README.md', 'knowledge/README.md'] · 5 rule(s) live · 0 REFUSED · 0 finding(s)
2026-09-27T10:08:10.0594829Z PROBE P-5 — findings=0
2026-09-27T10:08:10.0595277Z --- rc=0 findings=0 · /home/runner/work/UX-design/UX-design/knowledge/_probe_registry/probe_stale_figure.py --check
2026-09-27T10:08:10.0595636Z 
2026-09-27T10:08:10.0595817Z === P-6 · input leading-trim enactment CANARY [sandbox-render]
2026-09-27T10:08:10.0596884Z COULD-NOT-ASK: P-6 text-box-trim enactment canary — NOT-IN-THIS-ENVIRONMENT: playwright is not importable. Stage it per knowledge/_RUNBOOK-render-verify.md (PYTHONPATH=/var/tmp/pylibs-<n>). REFUSED — not a pass.
2026-09-27T10:08:10.0597627Z PROBE P-6 — findings=UNKNOWN (environment refused, exit 77)
2026-09-27T10:08:10.0598198Z --- rc=77 findings=UNKNOWN · /home/runner/work/UX-design/UX-design/knowledge/_probe_registry/probe_input_trim_enactment.py --check
2026-09-27T10:08:10.0598583Z 
2026-09-27T10:08:10.0598719Z === P-7 · container self-query scan [sandbox]
2026-09-27T10:08:10.0599119Z   OK  knowledge/snippets/Action-bar.reference.html         containers=1  @container-targets=5   FAIL=0 WARN=0
2026-09-27T10:08:10.0599663Z   OK  knowledge/snippets/App-shell-doormat.reference.html  containers=2  @container-targets=10  FAIL=0 WARN=0
2026-09-27T10:08:10.0600219Z   OK  knowledge/snippets/App-shell-focused.reference.html  containers=1  @container-targets=12  FAIL=0 WARN=0
2026-09-27T10:08:10.0600761Z   OK  ledge/snippets/App-shell-multi-column.reference.html containers=1  @container-targets=8   FAIL=0 WARN=0
2026-09-27T10:08:10.0601308Z   OK  knowledge/snippets/App-shell-nav-rail.reference.html containers=1  @container-targets=20  FAIL=0 WARN=0
2026-09-27T10:08:10.0601844Z   OK  knowledge/snippets/App-shell-side-nav.reference.html containers=1  @container-targets=18  FAIL=0 WARN=0
2026-09-27T10:08:10.0602400Z   OK  knowledge/snippets/App-shell-split.reference.html    containers=1  @container-targets=19  FAIL=0 WARN=0
2026-09-27T10:08:10.0602932Z   OK  knowledge/snippets/App-shell-top-nav.reference.html  containers=1  @container-targets=18  FAIL=0 WARN=0
2026-09-27T10:08:10.0603444Z   OK  knowledge/snippets/Banner.reference.html             containers=1  @container-targets=2   FAIL=0 WARN=0
2026-09-27T10:08:10.0604110Z   OK  knowledge/snippets/Button.reference.html             containers=1  @container-targets=4   FAIL=0 WARN=0
2026-09-27T10:08:10.0604622Z   OK  knowledge/snippets/CTA-lockup.reference.html         containers=1  @container-targets=4   FAIL=0 WARN=0
2026-09-27T10:08:10.0605151Z   OK  knowledge/snippets/Card-header-lockup.reference.html containers=1  @container-targets=2   FAIL=0 WARN=0
2026-09-27T10:08:10.0605667Z   OK  knowledge/snippets/Cards.reference.html              containers=1  @container-targets=2   FAIL=0 WARN=0
2026-09-27T10:08:10.0606334Z   OK  knowledge/snippets/Cascader.reference.html           containers=1  @container-targets=4   FAIL=0 WARN=0
2026-09-27T10:08:10.0606878Z   OK  knowledge/snippets/Document-row.reference.html       containers=1  @container-targets=2   FAIL=0 WARN=0
2026-09-27T10:08:10.0607419Z   OK  nowledge/snippets/Feature-grid-lockup.reference.html containers=2  @container-targets=3   FAIL=0 WARN=0
2026-09-27T10:08:10.0608135Z   OK  knowledge/snippets/Filter-toolbar-bar.reference.html containers=2  @container-targets=14  FAIL=0 WARN=0
2026-09-27T10:08:10.0608701Z   OK  wledge/snippets/Footer-doormat-lockup.reference.html containers=2  @container-targets=3   FAIL=0 WARN=0
2026-09-27T10:08:10.0609222Z   OK  knowledge/snippets/Footer.reference.html             containers=1  @container-targets=6   FAIL=0 WARN=0
2026-09-27T10:08:10.0609735Z   OK  knowledge/snippets/Hero-variants.reference.html      containers=1  @container-targets=2   FAIL=0 WARN=0
2026-09-27T10:08:10.0610262Z   OK  knowledge/snippets/Layout-utilities.reference.html   containers=1  @container-targets=1   FAIL=0 WARN=0
2026-09-27T10:08:10.0610789Z   OK  knowledge/snippets/Links.reference.html              containers=1  @container-targets=2   FAIL=0 WARN=0
2026-09-27T10:08:10.0611285Z   OK  knowledge/snippets/List-items.reference.html         containers=1  @container-targets=0   FAIL=0 WARN=0
2026-09-27T10:08:10.0611796Z   OK  knowledge/snippets/Notifications.reference.html      containers=1  @container-targets=2   FAIL=0 WARN=0
2026-09-27T10:08:10.0612342Z   OK  knowledge/snippets/Page-header-lockup.reference.html containers=1  @container-targets=2   FAIL=0 WARN=0
2026-09-27T10:08:10.0612897Z   OK  knowledge/snippets/Progress-tracker.reference.html   containers=1  @container-targets=4   FAIL=0 WARN=0
2026-09-27T10:08:10.0613445Z   OK  knowledge/snippets/Selection-controls.reference.html containers=1  @container-targets=4   FAIL=0 WARN=0
2026-09-27T10:08:10.0613997Z   OK  e/snippets/Standing-order-mandate-row.reference.html containers=1  @container-targets=4   FAIL=0 WARN=0
2026-09-27T10:08:10.0614542Z   OK  knowledge/snippets/Status-indicator.reference.html   containers=1  @container-targets=2   FAIL=0 WARN=0
2026-09-27T10:08:10.0615061Z   OK  knowledge/snippets/Stepper.reference.html            containers=1  @container-targets=4   FAIL=0 WARN=0
2026-09-27T10:08:10.0615547Z   OK  knowledge/snippets/Table.reference.html              containers=1  @container-targets=20  FAIL=0 WARN=0
2026-09-27T10:08:10.0616168Z   OK  knowledge/snippets/Tags.reference.html               containers=1  @container-targets=2   FAIL=0 WARN=0
2026-09-27T10:08:10.0616696Z   OK  knowledge/snippets/Template-auth.reference.html      containers=1  @container-targets=4   FAIL=0 WARN=0
2026-09-27T10:08:10.0617245Z   OK  wledge/snippets/Template-confirmation.reference.html containers=1  @container-targets=1   FAIL=0 WARN=0
2026-09-27T10:08:10.0617792Z   OK  owledge/snippets/Template-create-edit.reference.html containers=1  @container-targets=7   FAIL=0 WARN=0
2026-09-27T10:08:10.0618347Z   OK  dge/snippets/Template-dashboard-bento.reference.html containers=2  @container-targets=10  FAIL=0 WARN=0
2026-09-27T10:08:10.0618887Z   OK  knowledge/snippets/Template-dashboard.reference.html containers=1  @container-targets=1   FAIL=0 WARN=0
2026-09-27T10:08:10.0619420Z   OK  knowledge/snippets/Template-detail.reference.html    containers=2  @container-targets=6   FAIL=0 WARN=0
2026-09-27T10:08:10.0619946Z   OK  knowledge/snippets/Template-empty.reference.html     containers=1  @container-targets=1   FAIL=0 WARN=0
2026-09-27T10:08:10.0620604Z   OK  knowledge/snippets/Template-error.reference.html     containers=1  @container-targets=1   FAIL=0 WARN=0
2026-09-27T10:08:10.0621156Z   OK  nowledge/snippets/Template-list-index.reference.html containers=1  @container-targets=3   FAIL=0 WARN=0
2026-09-27T10:08:10.0621697Z   OK  knowledge/snippets/Template-report.reference.html    containers=1  @container-targets=1   FAIL=0 WARN=0
2026-09-27T10:08:10.0622227Z   OK  knowledge/snippets/Template-settings.reference.html  containers=2  @container-targets=3   FAIL=0 WARN=0
2026-09-27T10:08:10.0622757Z   OK  knowledge/snippets/Template-wizard.reference.html    containers=1  @container-targets=11  FAIL=0 WARN=0
2026-09-27T10:08:10.0623272Z   OK  knowledge/snippets/Timeline.reference.html           containers=1  @container-targets=0   FAIL=0 WARN=0
2026-09-27T10:08:10.0623783Z   OK  knowledge/snippets/Transaction-row.reference.html    containers=1  @container-targets=6   FAIL=0 WARN=0
2026-09-27T10:08:10.0624450Z   OK  knowledge/snippets/Transfer-list.reference.html      containers=1  @container-targets=2   FAIL=0 WARN=0
2026-09-27T10:08:10.0625108Z P-7 container self-query scan: 137 file(s) over ['knowledge/snippets/*.reference.html'] · 0 finding(s) · 0 WARN-tier
2026-09-27T10:08:10.0625524Z PROBE P-7 — findings=0
2026-09-27T10:08:10.0626108Z --- rc=0 findings=0 · /home/runner/work/UX-design/UX-design/knowledge/_probe_registry/probe_container_self_query.py --check
2026-09-27T10:08:10.0626489Z 
2026-09-27T10:08:10.0626638Z === P-8 · dangling-var TEXT scan (no browser) [sandbox]
2026-09-27T10:08:10.0627148Z P-8 dangling-var TEXT scan: 137 file(s) over ['knowledge/snippets/*.reference.html'] · 0 finding(s) in 0 file(s) · by kind {}
2026-09-27T10:08:10.0627572Z PROBE P-8 — findings=0
2026-09-27T10:08:10.0628000Z --- rc=0 findings=0 · /home/runner/work/UX-design/UX-design/knowledge/_probe_registry/probe_dangling_var_text.py --check
2026-09-27T10:08:10.0628332Z 
2026-09-27T10:08:10.0628457Z ==============================================================================
2026-09-27T10:08:10.0628711Z REGISTRY RUN SUMMARY (8 probe(s))
2026-09-27T10:08:10.0628926Z id     env             rc    findings  class
2026-09-27T10:08:10.0629196Z P-1    sandbox         1     13        meta vs meta.schema.json drift
2026-09-27T10:08:10.0629533Z P-2    sandbox         0     0         duplicate id + unresolved IDREF in review pages
2026-09-27T10:08:10.0629928Z P-3    sandbox-render  77    REFUSED   dangling var renders silent black (dataviz)
2026-09-27T10:08:10.0630314Z P-4    sandbox         1     85        premise vs store disagreement (stale carried state)
2026-09-27T10:08:10.0630668Z P-5    sandbox         0     0         stale carried figure vs live measurement
2026-09-27T10:08:10.0631158Z P-6    sandbox-render  77    REFUSED   browser begins ENACTING text-box-trim inside form controls (library-wide field shift, no commit)
2026-09-27T10:08:10.0631706Z P-7    sandbox         0     0         @container rule aimed at its own container (the rule can never fire)
2026-09-27T10:08:10.0632267Z P-8    sandbox         0     0         dangling var(--x) — the property is declared nowhere reachable in the file (TEXT tier)
2026-09-27T10:08:10.0632752Z ⚠ 2 probe(s) reported findings, an UNKNOWN count, or a non-zero rc.
2026-09-27T10:08:10.0632959Z 
2026-09-27T10:08:10.0633209Z ⛔ COULD-NOT-ASK (2) — these probes did NOT run, and this run says NOTHING about their class.
2026-09-27T10:08:10.0633639Z    They do not fail this run; they also do not pass. Each line is the probe's OWN reason:
2026-09-27T10:08:10.0633992Z    [P-3] dangling var renders silent black (dataviz)
2026-09-27T10:08:10.0634758Z        COULD-NOT-ASK: P-3 dangling-var PIXEL test — NOT-IN-THIS-ENVIRONMENT: playwright is not importable. Stage it per knowledge/_RUNBOOK-render-verify.md (PYTHONPATH=/var/tmp/pylibs). REFUSED — not a pass.
2026-09-27T10:08:10.0635543Z    [P-6] browser begins ENACTING text-box-trim inside form controls (library-wide field shift, no commit)
2026-09-27T10:08:10.0636752Z        COULD-NOT-ASK: P-6 text-box-trim enactment canary — NOT-IN-THIS-ENVIRONMENT: playwright is not importable. Stage it per knowledge/_RUNBOOK-render-verify.md (PYTHONPATH=/var/tmp/pylibs-<n>). REFUSED — not a pass.
2026-09-27T10:08:10.0637854Z ⛔ A green registry run proves THE PROBES RAN, not that the tree is clean. Each probe's `blind` field says what it cannot see; the verifier brief keeps free hunting mandatory for exactly that reason.
2026-09-27T10:08:37.6090900Z evidence linter: 336 row(s) from 10 file(s) · 297 mechanical
2026-09-27T10:08:37.6092102Z   ⛔ L1-1 — DEAD POINTER: evidence names `tokens/_blast-radius.json`, which does not exist on disk — a dead pointer reads as evidence. If the ABSENCE is the claim, write `absent:tokens/_blast-radius.json`; if the file lives outside the repo, use the ruled s191-D2 marker `(NON-REPO: <where>)`
2026-09-27T10:08:37.6093717Z   ⛔ L1-4 — s182-D1: MECHANICAL row (tag=PROVEN verdict=None) carries NO probeable token — no command, no existing path, no figure. Evidence: "The verbatim gate line in L1-3. ⛔ Do not quote the brief's numbers"
2026-09-27T10:08:37.6095044Z   ⛔ L1-1 — DEAD POINTER: evidence names `tokens/_blast-radius.json`, which does not exist on disk — a dead pointer reads as evidence. If the ABSENCE is the claim, write `absent:tokens/_blast-radius.json`; if the file lives outside the repo, use the ruled s191-D2 marker `(NON-REPO: <where>)`
2026-09-27T10:08:37.6096540Z   ⛔ C-2 — s182-D1: MECHANICAL row (tag=None verdict=CONFIRMED) carries NO probeable token — no command, no existing path, no figure. Evidence: 'The claim table only counted `PROPOSED` in the snippets. The brief (step 3) requires it in'
2026-09-27T10:08:37.6097828Z   ⛔ H-5 — s182-D1: MECHANICAL row (tag=None verdict=CONFIRMED) carries NO probeable token — no command, no existing path, no figure. Evidence: 'C-6 + L1-10: the six are absent from canon, the generators exist, the reconciliation is av'
2026-09-27T10:08:37.6099278Z   ⛔ W2-13 — DEAD POINTER (truncated): evidence names `notes/x.md…`, and NO path on disk starts with it — the trailing ellipsis does not make a dead pointer legal (#208 laundering hole). Write the full path, or `absent:notes/x.md` if the ABSENCE is the claim, or add the ruled `(NON-REPO: <where>)` marker
2026-09-27T10:08:37.6100130Z ── s182-D1 LINT: 6 failure(s)
2026-09-27T10:08:37.6100972Z ── SAMPLER · seed=205 · pool=230 row(s) with a command · 15 with a declared observation (always drawn) · drawn=20: G-c, W1-5, W2-3, W2-3, W46-11, WIRE-10, WIRE-11, WIRE-13, WIRE-14, WIRE-15, WIRE-18, WIRE-19, WIRE-20, WIRE-21, WIRE-3, WIRE-4, WIRE-5, WIRE-6, WIRE-8, WIRE-9
2026-09-27T10:08:37.6101955Z   ⛔ REFUSED [UNSAFE] G-c — `python3 -c "import _gate_doc_rows as g; g.unrowed(store, pop + [('2026-08-19','notes/_briefs/2026-08`
2026-09-27T10:08:37.6102484Z       `python3 -c` runs arbitrary code — cannot be judged read-only
2026-09-27T10:08:37.6102964Z   ⛔ RC MISMATCH W1-5 — `python3 knowledge/_capture_gate.py --selftest` → rc=77, row declares rc=0
2026-09-27T10:08:37.6103447Z   ⛔ REFUSED [SIDE-EFFECTS] W2-3 — `python3 knowledge/_state.py`
2026-09-27T10:08:37.6103958Z       a bare `python3` REWRITES its tracked audit output; #204 declared this exact stop. Only --check/--selftest/--dry-run forms are sampled
2026-09-27T10:08:37.6104476Z   ⛔ REFUSED [SIDE-EFFECTS] W2-3 — `python3 knowledge/_state.py`
2026-09-27T10:08:37.6104942Z       a bare `python3` REWRITES its tracked audit output; #204 declared this exact stop. Only --check/--selftest/--dry-run forms are sampled
2026-09-27T10:08:37.6105618Z   ⛔ REFUSED [SIDE-EFFECTS] W46-11 — `python3 knowledge/_memento_search.py "brief generator mint open items fences"`
2026-09-27T10:08:37.6106360Z       a bare `python3` REWRITES its tracked audit output; #204 declared this exact stop. Only --check/--selftest/--dry-run forms are sampled
2026-09-27T10:08:37.6106919Z   ⛔ REFUSED [UNSAFE] WIRE-10 — `bash knowledge/_git_commit.sh --selftest`
2026-09-27T10:08:37.6107249Z       head verb 'bash' is not on the read-only allowlist
2026-09-27T10:08:37.6107901Z   ✅ RAN WIRE-11 — `grep -c 'pat.match(s)' knowledge/_git_commit.sh` → rc=0 (matches declared + OBSERVATION)
2026-09-27T10:08:37.6108463Z   ✅ RAN WIRE-13 — `grep -c PREFIX_ACK knowledge/_git_commit.sh` → rc=0 (matches declared + OBSERVATION)
2026-09-27T10:08:37.6108962Z   ⛔ OBSERVATION MISMATCH WIRE-14 — `python3 knowledge/_build_all.py --selftest`
2026-09-27T10:08:37.6109923Z       stdout does NOT contain 'exact-ID failure routing over 127 steps' (declared expect_stdout_contains). First 120 chars of stdout: '  selftest (a): 152 registered step ID(s), each resolves to exactly one route ✓\n  selftest (b): unknown step ID refuses,'
2026-09-27T10:08:37.6110897Z   ✅ RAN WIRE-15 — `python3 knowledge/_probe_registry/_registry.py --run --probe P-3` → rc=77 (matches declared + OBSERVATION)
2026-09-27T10:08:37.6111499Z   ⛔ REFUSED [SIDE-EFFECTS] WIRE-18 — `python3 knowledge/_validate_evidence.py notes/_claims`
2026-09-27T10:08:37.6112176Z       a bare `python3` REWRITES its tracked audit output; #204 declared this exact stop. Only --check/--selftest/--dry-run forms are sampled
2026-09-27T10:08:37.6112952Z   ⛔ REFUSED [SIDE-EFFECTS] WIRE-19 — `python3 knowledge/_join_claim_tables.py notes/_claims/208-wave1-claims.jsonl notes/_claims/208-wave2`
2026-09-27T10:08:37.6113661Z       a bare `python3` REWRITES its tracked audit output; #204 declared this exact stop. Only --check/--selftest/--dry-run forms are sampled
2026-09-27T10:08:37.6114306Z   ⛔ RC MISMATCH WIRE-20 — `python3 knowledge/_governs.py --selftest` → rc=77, row declares rc=0
2026-09-27T10:08:37.6114826Z   ⛔ OBSERVATION MISMATCH WIRE-21 — `grep -c 'fetch-depth: 0' .github/workflows/gates.yml`
2026-09-27T10:08:37.6115187Z       expect_count=3 declared, command observed 4
2026-09-27T10:08:37.6115675Z   ✅ RAN WIRE-3 — `grep -c expect_stdout_contains knowledge/_claimtable.py` → rc=0 (matches declared + OBSERVATION)
2026-09-27T10:08:37.6116510Z   ✅ RAN WIRE-4 — `python3 knowledge/_validate_evidence.py --selftest` → rc=0 (matches declared + OBSERVATION)
2026-09-27T10:08:37.6117121Z   ✅ RAN WIRE-5 — `python3 knowledge/_validate_evidence.py --selftest` → rc=0 (matches declared + OBSERVATION)
2026-09-27T10:08:37.6117702Z   ✅ RAN WIRE-6 — `python3 knowledge/_validate_evidence.py --selftest` → rc=0 (matches declared + OBSERVATION)
2026-09-27T10:08:37.6118281Z   ✅ RAN WIRE-8 — `python3 knowledge/_validate_evidence.py --selftest` → rc=0 (matches declared + OBSERVATION)
2026-09-27T10:08:37.6118969Z   ⛔ REFUSED [SIDE-EFFECTS] WIRE-9 — `python3 knowledge/_validate_evidence.py notes/_claims/208-wave1-claims.jsonl notes/_claims/208-wave2`
2026-09-27T10:08:37.6119693Z       a bare `python3` REWRITES its tracked audit output; #204 declared this exact stop. Only --check/--selftest/--dry-run forms are sampled
2026-09-27T10:08:37.6120407Z ── DECLARED GAP: 8 of 20 sampled row(s) were NOT run. Refusal is the honest answer; none of them is counted as a pass.
2026-09-27T10:08:37.6120925Z ⛔ EVIDENCE GATE FAIL — 6 lint · 0 unparsed · 4 rc/observation mismatch
2026-09-27T10:08:38.4346832Z _governs: ⬛ DECLARED (#208) — ruling s202-D3 governs the BARE token `knowledge`, which is a real DIRECTORY. Before #208 it matched every path carrying a `knowledge` segment (the too-loose arm, and the reason the negative control and [13] were red); it now governs NOTHING. REACH LOST HERE. Remedy: name the files/symbols it really governs, via `_inscribe_ruling.py` — the only legal writer of _rulings.json. ⛔ That scope is Dave's call, not this gate's.
2026-09-27T10:08:38.4350417Z _governs: ⬛ DECLARED (#208) — ruling s217-D5 governs the BARE token `showroom`, which is a real DIRECTORY. Before #208 it matched every path carrying a `showroom` segment (the too-loose arm, and the reason the negative control and [13] were red); it now governs NOTHING. REACH LOST HERE. Remedy: name the files/symbols it really governs, via `_inscribe_ruling.py` — the only legal writer of _rulings.json. ⛔ That scope is Dave's call, not this gate's.
2026-09-27T10:08:38.4352782Z _governs: ⬛ DECLARED (#208) — ruling s237-D9 governs the BARE token `apollo-spider`, which is a real DIRECTORY. Before #208 it matched every path carrying a `apollo-spider` segment (the too-loose arm, and the reason the negative control and [13] were red); it now governs NOTHING. REACH LOST HERE. Remedy: name the files/symbols it really governs, via `_inscribe_ruling.py` — the only legal writer of _rulings.json. ⛔ That scope is Dave's call, not this gate's.
2026-09-27T10:08:38.4355530Z _governs: ⬛ DECLARED (#208) — ruling s238-D5 governs the BARE token `apollo-spider`, which is a real DIRECTORY. Before #208 it matched every path carrying a `apollo-spider` segment (the too-loose arm, and the reason the negative control and [13] were red); it now governs NOTHING. REACH LOST HERE. Remedy: name the files/symbols it really governs, via `_inscribe_ruling.py` — the only legal writer of _rulings.json. ⛔ That scope is Dave's call, not this gate's.
2026-09-27T10:08:38.4365297Z _governs: ⬛ DECLARED (#208) — 89 `governs` entr(ies) name a DIRECTORY with a path separator; they governed no file BEFORE #208 and govern none after (unchanged, pre-existing under-specification, not a #208 narrowing): dv-2px-separation→knowledge/snippets, opacity-primitives→knowledge/canon, opacity-primitives→knowledge/snippets, showroom-one-bar-chrome→knowledge/snippets/, showroom-one-bar-chrome→showroom/, snippets-pure-canon→knowledge/snippets/, opacity-primitives-4pct→knowledge/, ds-028→knowledge/snippets/, ds-030→knowledge/snippets/, ds-034→knowledge/snippets/, ds-035→knowledge/tokens/themes/, s114-D4→designer-skills-v1/, s114-D4→designer-skills-v2/, s114-D7→memento-package/, s135-D3→knowledge/components/, s193-D1→memento-package/, s198-D1→knowledge/tokens, s198-D2→knowledge/tokens, s199-D1→knowledge/tokens, s199-D2→knowledge/tokens, s199-D3→knowledge/tokens, s200-D1→knowledge/tokens, s200-D2→knowledge/tokens, s200-D3→knowledge/tokens, s200-D4→knowledge/tokens, s201-D1→knowledge/tokens, s201-D2→knowledge/tokens, s201-D3→knowledge/tokens, s201-D4→knowledge/tokens, s201-D5→knowledge/tokens, s202-D1→knowledge/tokens, s202-D2→knowledge/tokens, s216-D1→knowledge/tokens/themes, s217-D2→knowledge/canon, s217-D2→knowledge/tokens/themes, s217-D3→knowledge/canon, s217-D5→knowledge/canon, s219-D4→designer-skills-v1/, s219-D4→designer-skills-v2/, s219-D4→memento-package/, s219-D5→knowledge/_release/, s219-D6→knowledge/_release/, s219-D7→knowledge/_release/, s219-D7→memento-package/, s219-D8→knowledge/_release/, s219-D9→knowledge/_release/, s219-D9→apollo-spider/, s219-D10→knowledge/_release/, s219-D10→apollo-spider/, s237-D7→notes/_briefs, s245-D1→knowledge/components/, s245-D3→knowledge/components/, s245-D4→knowledge/components/, s245-D5→knowledge/components/, s245-D10→knowledge/tokens, s251-D3→knowledge/components/, s251-D4→knowledge/components/, s251-D5→knowledge/components/, s251-D6→knowledge/components/, s251-D7→knowledge/components/, s251-D8→knowledge/components/, s251-D9→knowledge/components/, s251-D10→knowledge/components/, s251-D11→knowledge/components/, s251-D12→knowledge/components/, s260-D3→knowledge/_tests/chart-engine/, s261-D1→knowledge/snippets/, s261-D1→apollo-spider/, s261-D8→showroom/, s261-D8→reviews/, s268-D1→apollo-spider/dist/, s268-D2→apollo-spider/dist/, s268-D3→apollo-spider/dist/, s268-D4→apollo-spider/dist/, s268-D6→knowledge/components/, s273-D1→knowledge/components, s273-D2→knowledge/components, s276-D1→knowledge/compliance/rules, s276-D2→knowledge/compliance/rules, s277-D4→knowledge/assets/logos/, s277-D5→knowledge/components/, s277-D7→knowledge/assets/logos/, s277-D9→knowledge/guidelines/, s277-D10→designer-skills-v2/, s277-D12→knowledge/tokens/, s278-D1→designer-skills-v2/, s279-D1→designer-skills-v2/, s279-D1→knowledge/_release/, s282-D4→knowledge/assets/logos/
2026-09-27T10:08:38.4373697Z _governs: COULD-NOT-ASK — ruling ds-034's evidence `outputs/_FINDING-canon-pri-hover-brand-mono-fork-2026-08-06-v1.md` is excluded by this repo's own .gitignore — no checkout can hold it, so whether it has rotted is UNASKABLE here; the machine that wrote it is where that question has an answer
2026-09-27T10:08:38.4375367Z _governs: COULD-NOT-ASK — ruling ds-034's evidence `outputs/_PARTITION-button-primary-2026-08-06-v1.md` is excluded by this repo's own .gitignore — no checkout can hold it, so whether it has rotted is UNASKABLE here; the machine that wrote it is where that question has an answer
2026-09-27T10:08:38.4377045Z _governs: COULD-NOT-ASK — ruling ds-035's evidence `outputs/_FINDING-canon-pri-hover-brand-mono-fork-2026-08-06-v1.md` is excluded by this repo's own .gitignore — no checkout can hold it, so whether it has rotted is UNASKABLE here; the machine that wrote it is where that question has an answer
2026-09-27T10:08:38.4378092Z _governs: SKIPPED anchor on superseded ruling s129-D1 (superseded_by s171-D1): `knowledge/_gauge_tokens.py#BOOT_FIRSTTURN_TK = 54_859`
2026-09-27T10:08:38.4378752Z _governs: SKIPPED anchor on superseded ruling s129-D1 (superseded_by s171-D1): `knowledge/_gauge_tokens.py#RE-BASED #129, 2026-08-08`
2026-09-27T10:08:38.4379559Z _governs: SKIPPED anchor on superseded ruling s129-D1 (superseded_by s171-D1): `knowledge/_capture_gate.py#if "boot" not in ln.lower():`
2026-09-27T10:08:38.4380214Z _governs: SKIPPED anchor on superseded ruling s129-D1 (superseded_by s171-D1): `notes/_GAUGE-LOG.md##### 2026-08-08 #129`
2026-09-27T10:08:38.4380891Z _governs: SKIPPED anchor on superseded ruling s129-D1 (superseded_by s171-D1): `notes/_MEMENTO-DECISIONS.md#THE BOOT FLOOR IS RE-BASED: 75,899`
2026-09-27T10:08:38.4382062Z _governs: COULD-NOT-ASK — ruling s245-D6's evidence `knowledge/_tmp/l3-245/rename-plan.json` is excluded by this repo's own .gitignore — no checkout can hold it, so whether it has rotted is UNASKABLE here; the machine that wrote it is where that question has an answer
2026-09-27T10:08:38.4382893Z   _governs.py selftest: all bites green (4 pointer(s) UNASKABLE in this checkout)
2026-09-27T10:08:38.4386520Z COULD-NOT-ASK: _governs.py --selftest — 4 evidence pointer(s) name paths this checkout cannot hold: ruling ds-034's evidence `outputs/_FINDING-canon-pri-hover-brand-mono-fork-2026-08-06-v1.md` is excluded by this repo's own .gitignore — no checkout can hold it, so whether it has rotted is UNASKABLE here; the machine that wrote it is where that question has an answer · ruling ds-034's evidence `outputs/_PARTITION-button-primary-2026-08-06-v1.md` is excluded by this repo's own .gitignore — no checkout can hold it, so whether it has rotted is UNASKABLE here; the machine that wrote it is where that question has an answer · ruling ds-035's evidence `outputs/_FINDING-canon-pri-hover-brand-mono-fork-2026-08-06-v1.md` is excluded by this repo's own .gitignore — no checkout can hold it, so whether it has rotted is UNASKABLE here; the machine that wrote it is where that question has an answer · ruling s245-D6's evidence `knowledge/_tmp/l3-245/rename-plan.json` is excluded by this repo's own .gitignore — no checkout can hold it, so whether it has rotted is UNASKABLE here; the machine that wrote it is where that question has an answer
2026-09-27T10:08:38.5154659Z frozen-release gate — 3 release(s) at 8a5fa8637075
2026-09-27T10:08:38.5155263Z   designer-skills-v1   version v1          6 file(s)  b83d048483b7
2026-09-27T10:08:38.5155814Z   designer-skills-v2   version v2.1     1102 file(s)  ae920995c32e
2026-09-27T10:08:38.5156962Z   apollo-spider        version v1.0.13    13 file(s)  60604b8d109e
2026-09-27T10:08:38.5157284Z 
2026-09-27T10:08:38.5157447Z PASS — 3 arm(s) asked, no frozen surface moved.
2026-09-27T10:08:39.2852389Z selftest: 17 bites, 0 fail(s)
2026-09-27T10:08:40.1366210Z PASS — the manifest at knowledge/_release/_pack_manifest.json is byte-identical to a fresh generation at 08e315dca376 (1714 files, sha256 499c144ccbf84f34)
2026-09-27T10:08:40.1366693Z 
2026-09-27T10:08:40.1367010Z PARKED DUE — 5 parked item(s) are due at release-cut — python3 knowledge/_parked.py --due release-cut
2026-09-27T10:08:41.0590896Z SKIPPED — apollo-spider/dist/Apollo-Spider-v1.0.0.zip is FROZEN HISTORY (not the manifest's v1.0.13); its integrity is _gate_frozen_release.py's jurisdiction, not this arm's
2026-09-27T10:08:41.0592986Z SKIPPED — apollo-spider/dist/Apollo-Spider-v1.0.1.zip is FROZEN HISTORY (not the manifest's v1.0.13); its integrity is _gate_frozen_release.py's jurisdiction, not this arm's
2026-09-27T10:08:41.0593961Z SKIPPED — apollo-spider/dist/Apollo-Spider-v1.0.10.zip is FROZEN HISTORY (not the manifest's v1.0.13); its integrity is _gate_frozen_release.py's jurisdiction, not this arm's
2026-09-27T10:08:41.0594868Z SKIPPED — apollo-spider/dist/Apollo-Spider-v1.0.11.zip is FROZEN HISTORY (not the manifest's v1.0.13); its integrity is _gate_frozen_release.py's jurisdiction, not this arm's
2026-09-27T10:08:41.0595758Z SKIPPED — apollo-spider/dist/Apollo-Spider-v1.0.12.zip is FROZEN HISTORY (not the manifest's v1.0.13); its integrity is _gate_frozen_release.py's jurisdiction, not this arm's
2026-09-27T10:08:41.0596663Z PASS — apollo-spider/dist/Apollo-Spider-v1.0.13.zip matches the manifest at 08e315dca376
2026-09-27T10:08:41.0597445Z SKIPPED — apollo-spider/dist/Apollo-Spider-v1.0.2.zip is FROZEN HISTORY (not the manifest's v1.0.13); its integrity is _gate_frozen_release.py's jurisdiction, not this arm's
2026-09-27T10:08:41.0598411Z SKIPPED — apollo-spider/dist/Apollo-Spider-v1.0.3.zip is FROZEN HISTORY (not the manifest's v1.0.13); its integrity is _gate_frozen_release.py's jurisdiction, not this arm's
2026-09-27T10:08:41.0599335Z SKIPPED — apollo-spider/dist/Apollo-Spider-v1.0.4.zip is FROZEN HISTORY (not the manifest's v1.0.13); its integrity is _gate_frozen_release.py's jurisdiction, not this arm's
2026-09-27T10:08:41.0600227Z SKIPPED — apollo-spider/dist/Apollo-Spider-v1.0.6.zip is FROZEN HISTORY (not the manifest's v1.0.13); its integrity is _gate_frozen_release.py's jurisdiction, not this arm's
2026-09-27T10:08:41.0601109Z SKIPPED — apollo-spider/dist/Apollo-Spider-v1.0.7.zip is FROZEN HISTORY (not the manifest's v1.0.13); its integrity is _gate_frozen_release.py's jurisdiction, not this arm's
2026-09-27T10:08:41.0602003Z SKIPPED — apollo-spider/dist/Apollo-Spider-v1.0.8.zip is FROZEN HISTORY (not the manifest's v1.0.13); its integrity is _gate_frozen_release.py's jurisdiction, not this arm's
2026-09-27T10:08:41.0602894Z SKIPPED — apollo-spider/dist/Apollo-Spider-v1.0.9.zip is FROZEN HISTORY (not the manifest's v1.0.13); its integrity is _gate_frozen_release.py's jurisdiction, not this arm's
2026-09-27T10:08:41.0604616Z ❌ the manifest reads version 'v1.0.13' and NO zip in dist/ carries it (zips present: Apollo-Spider-v1.0.0.zip, Apollo-Spider-v1.0.1.zip, Apollo-Spider-v1.0.10.zip, Apollo-Spider-v1.0.11.zip, Apollo-Spider-v1.0.12.zip, Apollo-Spider-v1.0.2.zip, Apollo-Spider-v1.0.3.zip, Apollo-Spider-v1.0.4.zip, Apollo-Spider-v1.0.6.zip, Apollo-Spider-v1.0.7.zip, Apollo-Spider-v1.0.8.zip, Apollo-Spider-v1.0.9.zip) — the manifest names a release nobody baked.
2026-09-27T10:08:41.0606147Z ADVISORY — the manifest was generated at 08e315dca376; HEAD is 8a5fa8637075, 330 commit(s) later.
2026-09-27T10:08:41.0606665Z   A pack cut now would ship the tree as it stood at 08e315dca376. That may be exactly right.
2026-09-27T10:08:41.0607196Z   ⬛ WHETHER TO RE-CUT IS DAVE'S (s219-D4(2)): a release is explicit, versioned, his word.
2026-09-27T10:08:41.0607845Z   If he says re-cut: python3 knowledge/_release/_gen_pack_manifest.py --probe --commit <sha> && python3 knowledge/_release/_gen_pack_manifest.py --manifest --commit <sha>
2026-09-27T10:08:41.0608377Z selftest: 10 bites, 0 fail(s)
2026-09-27T10:08:41.0994703Z COULD-NOT-ASK: apollo-spider/ci-template/gates.yml — PyYAML is not importable in this environment, and this gate parses the template in YAML rather than guessing at it with string matching. Install it (pip install pyyaml) — the release job in .github/workflows/gates.yml does exactly that
2026-09-27T10:08:41.1346971Z COULD-NOT-ASK: the ci-template selftest — PyYAML is not importable, and every arm below parses YAML. Install it (pip install pyyaml).
2026-09-27T10:08:41.4367423Z SKIPPED — apollo-spider/dist/Apollo-Spider-v1.0.0.zip is FROZEN HISTORY (not the manifest's v1.0.13); its integrity is _gate_frozen_release.py's jurisdiction, not this arm's
2026-09-27T10:08:41.4368610Z SKIPPED — apollo-spider/dist/Apollo-Spider-v1.0.1.zip is FROZEN HISTORY (not the manifest's v1.0.13); its integrity is _gate_frozen_release.py's jurisdiction, not this arm's
2026-09-27T10:08:41.4369535Z SKIPPED — apollo-spider/dist/Apollo-Spider-v1.0.10.zip is FROZEN HISTORY (not the manifest's v1.0.13); its integrity is _gate_frozen_release.py's jurisdiction, not this arm's
2026-09-27T10:08:41.4370419Z SKIPPED — apollo-spider/dist/Apollo-Spider-v1.0.11.zip is FROZEN HISTORY (not the manifest's v1.0.13); its integrity is _gate_frozen_release.py's jurisdiction, not this arm's
2026-09-27T10:08:41.4371294Z SKIPPED — apollo-spider/dist/Apollo-Spider-v1.0.12.zip is FROZEN HISTORY (not the manifest's v1.0.13); its integrity is _gate_frozen_release.py's jurisdiction, not this arm's
2026-09-27T10:08:41.4371984Z PASS — apollo-spider/dist/Apollo-Spider-v1.0.13.zip matches the manifest at 08e315dca376
2026-09-27T10:08:41.4372746Z SKIPPED — apollo-spider/dist/Apollo-Spider-v1.0.2.zip is FROZEN HISTORY (not the manifest's v1.0.13); its integrity is _gate_frozen_release.py's jurisdiction, not this arm's
2026-09-27T10:08:41.4373645Z SKIPPED — apollo-spider/dist/Apollo-Spider-v1.0.3.zip is FROZEN HISTORY (not the manifest's v1.0.13); its integrity is _gate_frozen_release.py's jurisdiction, not this arm's
2026-09-27T10:08:41.4374532Z SKIPPED — apollo-spider/dist/Apollo-Spider-v1.0.4.zip is FROZEN HISTORY (not the manifest's v1.0.13); its integrity is _gate_frozen_release.py's jurisdiction, not this arm's
2026-09-27T10:08:41.4375408Z SKIPPED — apollo-spider/dist/Apollo-Spider-v1.0.6.zip is FROZEN HISTORY (not the manifest's v1.0.13); its integrity is _gate_frozen_release.py's jurisdiction, not this arm's
2026-09-27T10:08:41.4376533Z SKIPPED — apollo-spider/dist/Apollo-Spider-v1.0.7.zip is FROZEN HISTORY (not the manifest's v1.0.13); its integrity is _gate_frozen_release.py's jurisdiction, not this arm's
2026-09-27T10:08:41.4377454Z SKIPPED — apollo-spider/dist/Apollo-Spider-v1.0.8.zip is FROZEN HISTORY (not the manifest's v1.0.13); its integrity is _gate_frozen_release.py's jurisdiction, not this arm's
2026-09-27T10:08:41.4378356Z SKIPPED — apollo-spider/dist/Apollo-Spider-v1.0.9.zip is FROZEN HISTORY (not the manifest's v1.0.13); its integrity is _gate_frozen_release.py's jurisdiction, not this arm's
2026-09-27T10:08:41.4923305Z ADVISORY — the manifest was generated at 08e315dca376; HEAD is 8a5fa8637075, 330 commit(s) later.
2026-09-27T10:08:41.4923843Z   A pack cut now would ship the tree as it stood at 08e315dca376. That may be exactly right.
2026-09-27T10:08:41.4924379Z   ⬛ WHETHER TO RE-CUT IS DAVE'S (s219-D4(2)): a release is explicit, versioned, his word.
2026-09-27T10:08:41.4925038Z   If he says re-cut: python3 knowledge/_release/_gen_pack_manifest.py --probe --commit <sha> && python3 knowledge/_release/_gen_pack_manifest.py --manifest --commit <sha>
2026-09-27T10:08:41.5990506Z polarity gate (s238-D7): home knowledge/brain · rows 30 (live 30 · retired 0) · parties 68 (principle 45 · obligation 6 · ruling 2 · stub 15) · stubs declared 15 · links 21 by type challengedBy=4 explainedBy=1 resolvedBy=7 touches=9 · refusals asked: R1 R2 R3 R4 R5 — none fired
2026-09-27T10:08:41.5992111Z   quotes 21: verbatim against their source rows in notes/_subreports/assets/2026-09-02-236-R1-principles-survey/tensions.json — 21 verified (an unverifiable quote is refused, never declared — Q3 #239) · schema pinned c2c165ac126d… + 54 floors · receipt $migration verified
2026-09-27T10:08:41.5993120Z   receipts (s240-D3): ONE pointer per node — R1 register row 30 · $seed ruling id 0 · retiredBy 0
2026-09-27T10:08:41.5993849Z   RULE R-OBLIGATION: >=1 party resolves to a principles.json row whose grade is L (= OBLIGATION, s237-D1; a node type no principle can outrank, s237-D2) -> settled-by-obligation. Applied FIRST.
2026-09-27T10:08:41.5995201Z   RULE R-RESOLVED: >=1 link typed resolvedBy whose ref is a live ruling in knowledge/_rulings.json -> resolved. (237-T's R-RESOLVED read how_it_resolves prose for an id; the typed link IS that citation, migrated.)
2026-09-27T10:08:41.5997309Z   RULE R-OPEN: the complement.
2026-09-27T10:08:41.5998435Z   RULE RULE-K/RULE-D: knowable_how / disposition / ask_when / factory_default are COPIED per open row from 237-T's open-tensions.json, FLOATED — the four ask-whens are Dave's (s238-D3); this file rules nothing. `factory_default` is the GRILL's sense of default (value used because nothing was asked), not s219-D3's shipped option.
2026-09-27T10:08:41.5999559Z   status derived: settled-by-obligation 6 · resolved 4 · open 20   (237-T at its clock: 6 · 3 · 21)
2026-09-27T10:08:41.6001012Z   RULE EDGES: for each polarity, for each unordered pair of parties on DIFFERENT sides whose refs both resolve to principles.json rows (principle or obligation) -> one edge carrying the polarity id and its mediating variable. Same-side pairs produce NO edge (237-T finding 4: tn-19's three persuasion principles are one side). Stubs and rulings produce NO edge (237-T finding 3: an edge needs a register node at both ends). This is a VIEW: the node is the home (s238-D1).
2026-09-27T10:08:41.6002272Z   edges derived: 22
2026-09-27T10:08:41.6002985Z   D-DECLARE (s238-D5): a polarity's factory default is DECLARED iff it BENT AWAY FROM THE CONSERVATIVE SIDE — not all of them, not on demand.  open 20 · declared 0 · UNPROVEN 20 (conservative side not carried as data)
2026-09-27T10:08:41.6003825Z   ✓ _generated/polarity-status.json fresh (generated_at 2026-09-02T15:18:55Z, content byte-identical)
2026-09-27T10:08:41.6004394Z   ✓ _generated/polarity-edges.json fresh (generated_at 2026-09-02T15:18:55Z, content byte-identical)
2026-09-27T10:08:41.6004980Z   ✓ _generated/defaults-declaration.txt fresh (generated_at 2026-09-02T15:18:55Z, content byte-identical)
2026-09-27T10:08:41.6005533Z ✓ polarity gate GREEN — five refusals asked and none fired; generated files content-fresh
2026-09-27T10:08:48.5496111Z ====================================================================================================
2026-09-27T10:08:48.5497234Z _validate_polarities.py --selftest — every arm drives gate() on a copy of the REAL rows
2026-09-27T10:08:48.5497874Z ====================================================================================================
2026-09-27T10:08:48.5498303Z   #  result  expect    rc  named  arm
2026-09-27T10:08:48.5498713Z   1  PASS    green      0  -      CONTROL: the real 30 rows, untouched
2026-09-27T10:08:48.5499226Z   2  PASS    red        1  yes    R1 dangling PARTY ref (pr-does-not-exist)
2026-09-27T10:08:48.5499721Z   3  PASS    red        1  yes    R1 dangling LINK ref (s999-D9)
2026-09-27T10:08:48.5500183Z   4  PASS    red        1  yes    R1 link to a SUPERSEDED ruling (s129-D1, real store)
2026-09-27T10:08:48.5500588Z   5  PASS    red        1  yes    R1 PARTY that is a superseded ruling (s129-D1)
2026-09-27T10:08:48.5501029Z   6  PASS    red        1  yes    V30 R1 resolvedBy a ruling superseded in the store's PROSE only (s200-D2) (#239 Q1)
2026-09-27T10:08:48.5501649Z   7  PASS    red        1  yes    V31 R1 resolvedBy a ruling whose status says OPEN/PARKED/DEFERRED/FORKED (gauge-band) (#239 Q1)
2026-09-27T10:08:48.5502546Z   8  PASS    green      0  -      V31-control: the SAME ruling as `touches` is fine — only a resolvedBy closes (#239 Q1)
2026-09-27T10:08:48.5503165Z   9  PASS    red        1  yes    R1 SELF-PARTY (pl-01 lists itself)
2026-09-27T10:08:48.5503593Z  10  PASS    red        1  yes    R1 CIRCULAR polarity→polarity LINK (pl-01 → pl-02)
2026-09-27T10:08:48.5503996Z  11  PASS    red        1  yes    R1 CIRCULAR polarity as a PARTY of another (pl-02 on pl-01)
2026-09-27T10:08:48.5504369Z  12  PASS    red        1  yes    R1 link to a PRINCIPLE id (wrong register)
2026-09-27T10:08:48.5504690Z  13  PASS    red        1  yes    R1 undeclared STUB (st-not-declared)
2026-09-27T10:08:48.5505067Z  14  PASS    red        1  yes    R1 a declared stub REMOVED from stubs.json (pl-05's party dangles)
2026-09-27T10:08:48.5507454Z  15  PASS    red        1  yes    R1 homoglyph ref (Cyrillic а in pr-jakobs-law) — non-ASCII id
2026-09-27T10:08:48.5507826Z  16  PASS    red        1  yes    R2 UNTYPED link (type key absent)
2026-09-27T10:08:48.5508252Z  17  PASS    red        1  yes    V200 R2 UNTYPED link that is a bare string (#239 misnamed→named)
2026-09-27T10:08:48.5508712Z  18  PASS    red        1  yes    V201 R2 UNTYPED link with type null (#239 misnamed→named)
2026-09-27T10:08:48.5509140Z  19  PASS    red        1  yes    V202 R2 link type is a LIST — named, no crash (#239 Q7)
2026-09-27T10:08:48.5509480Z  20  PASS    red        1  yes    R2 UNKNOWN (fifth) link type `relatedTo`
2026-09-27T10:08:48.5509784Z  21  PASS    red        1  yes    R2 link type wrong case `ResolvedBy`
2026-09-27T10:08:48.5510109Z  22  PASS    red        1  yes    R2 link type empty string
2026-09-27T10:08:48.5510417Z  23  PASS    red        1  yes    R3 judgement field `how_it_resolves` on a node
2026-09-27T10:08:48.5510746Z  24  PASS    red        1  yes    R3 judgement field of ANOTHER name (`verdict`)
2026-09-27T10:08:48.5511090Z  25  PASS    red        1  yes    R3 judgement smuggled into a link `quote` (16 words)
2026-09-27T10:08:48.5511441Z  26  PASS    red        1  yes    R3 judgement smuggled into a party `note` (16 words)
2026-09-27T10:08:48.5511777Z  27  PASS    red        1  yes    R3 judgement field inside a PARTY object (`why`)
2026-09-27T10:08:48.5512096Z  28  PASS    red        1  yes    R3 stub with a third key (`rationale`)
2026-09-27T10:08:48.5512440Z  29  PASS    red        1  yes    R3 link quote PARAPHRASED (not verbatim in the source row)
2026-09-27T10:08:48.5512881Z  30  PASS    red        1  yes    V230 R3 party note that is a 14-word verdict, not verbatim in the source row (#239 Q5)
2026-09-27T10:08:48.5513484Z  31  PASS    red        1  yes    V231 R3 note of 44 visible words joined by U+200B — counted AND the character refused (#239 Q5)
2026-09-27T10:08:48.5513994Z  32  PASS    red        1  yes    V232 R3 mediating_variable of 300 words (#239 Q5: maxWords 25 FLOATED + verbatim)
2026-09-27T10:08:48.5514511Z  33  PASS    red        1  yes    V232b R3 mediating_variable rewritten (short, not verbatim in the source row) (#239 Q5)
2026-09-27T10:08:48.5515010Z  34  PASS    red        1  yes    V233 R3 sources[0].id that is a 300-word verdict (#239 Q5: patterned + maxWords 1)
2026-09-27T10:08:48.5515556Z  35  PASS    red        1  yes    V234 R3 stub phrase that is a 15-word verdict — not verbatim in the register (#239 Q5)
2026-09-27T10:08:48.5516097Z  36  PASS    red        1  yes    V22 R3/S stub whose phrase is one U+200B (visually empty) (#239 Q5)
2026-09-27T10:08:48.5516542Z  37  PASS    red        1  yes    V82 R3 $migration gains a nested `verdicts` map (#239 Q5: shape-fixed)
2026-09-27T10:08:48.5517003Z  38  PASS    red        1  yes    V83 R3 $description replaced by 500 words of verdict (#239 Q5: maxWords FLOATED)
2026-09-27T10:08:48.5517577Z  39  PASS    red        1  yes    V246 S-RECEIPT $migration.sha256 = 64 zeros — the receipt is verified (#239 Q5)
2026-09-27T10:08:48.5518050Z  40  PASS    red        1  yes    V247 S-RECEIPT $migration.from = a path that does not exist (#239 Q5)
2026-09-27T10:08:48.5518535Z  41  PASS    red        1  yes    V220 R3 sources repointed at _rulings.json + 13 words OF THE RULING as the quote (#239 Q3)
2026-09-27T10:08:48.5519062Z  42  PASS    red        1  yes    V300 R3 sources repointed at polarities.json itself + its own words as the quote (#239 Q3)
2026-09-27T10:08:48.5519680Z  43  PASS    red        1  yes    V222 R3 paraphrase + source pointer broken (path → nowhere): UNVERIFIABLE is refused (#239 Q3)
2026-09-27T10:08:48.5520330Z  44  PASS    red        1  yes    V93 S-ID sources[0].id with a fullwidth digit (tn-0１) — the pointer cannot be laundered (#239 Q3)
2026-09-27T10:08:48.5520798Z  45  PASS    red        1  yes    V223 R3 resolvedBy with quote "" (#239 Q3)
2026-09-27T10:08:48.5521195Z  46  PASS    red        1  yes    V224 R3 resolvedBy with the one-word quote "the" (#239 Q3: minWords 3 FLOATED)
2026-09-27T10:08:48.5521968Z  47  PASS    red        1  yes    V400 R3 resolvedBy with NO quote at all — a resolvedBy needs a receipt (#239 Q3)
2026-09-27T10:08:48.5522439Z  48  PASS    green      0  -      V400-control: a `touches` with no quote stays legal (#239 Q3)
2026-09-27T10:08:48.5522957Z  49  PASS    red        1  yes    V401 S-SOURCE pl-04's source id swapped to tn-02 — one row, one node (#239 Q3)
2026-09-27T10:08:48.5523514Z  50  PASS    red        1  yes    V402 S-SOURCE pl-01's body duplicated under pl-31 — the row is claimed twice (#239 Q3)
2026-09-27T10:08:48.5524061Z  51  PASS    red        1  yes    V244 S-SOURCE all 30 rows deleted — 30 frozen rows claimed by no node (#239 Q3)
2026-09-27T10:08:48.5524520Z  52  PASS    red        1  yes    V225 S-SOURCE a source path outside the repo (/etc/hostname) (#239 Q3)
2026-09-27T10:08:48.5524957Z  53  PASS    red        1  yes    S-FORMAT-CHAR a soft hyphen (U+00AD) inside a party ref (#239 Q5)
2026-09-27T10:08:48.5525412Z  54  PASS    red        1  yes    S-FORMAT-CHAR a right-to-left override (U+202E) in $description (#239 Q5)
2026-09-27T10:08:48.5525837Z  55  PASS    red        1  yes    S-FORMAT-CHAR a NUL (U+0000) in a stub phrase (#239 Q5)
2026-09-27T10:08:48.5526358Z  56  PASS    red        1  yes    R4 AUTHORED file at the generated path (no header)
2026-09-27T10:08:48.5526755Z  57  PASS    red        1  yes    R4 generated file HAND-EDITED under its header (self-sha breaks)
2026-09-27T10:08:48.5527191Z  58  PASS    red        1  yes    R4 AUTHORED edge file beside the homes (knowledge/brain/edges.json)
2026-09-27T10:08:48.5527618Z  59  PASS    red        1  yes    R4 STRAY second shape beside the homes (polarities-v2.json)
2026-09-27T10:08:48.5528017Z  60  PASS    red        1  yes    R4 AUTHORED file INSIDE _generated/ beside the derived three
2026-09-27T10:08:48.5528434Z  61  PASS    red        1  yes    R4 defaults-declaration.txt HAND-EDITED (a default declared by hand)
2026-09-27T10:08:48.5528974Z  62  PASS    red        1  yes    V210 R4 dotfile `.edges.json` at the brain top — dotfiles are LISTED (#239 Q6)
2026-09-27T10:08:48.5529390Z  63  PASS    red        1  yes    V211 R4 dotfile inside _generated/ (#239 Q6)
2026-09-27T10:08:48.5529808Z  64  PASS    red        1  yes    V212 R4 a half-written `.polarity-edges.json.tmp` inside _generated/ (#239 Q6)
2026-09-27T10:08:48.5530346Z  65  PASS    red        1  yes    V213 R4 an authored edge list under schema/ — schema/ is LISTED (#239 Q6)
2026-09-27T10:08:48.5530876Z  66  PASS    red        1  yes    V214 R4 a second schema under schema/ — exactly one schema (#239 Q6)
2026-09-27T10:08:48.5531262Z  67  PASS    red        1  yes    V216 R4 __pycache__/ under the home (#239 Q6)
2026-09-27T10:08:48.5531687Z  68  PASS    red        1  yes    V403 R4 polarities.json replaced by a SYMLINK to a file outside the home (#239 Q6)
2026-09-27T10:08:48.5532201Z  69  PASS    red        1  yes    V217 R4 _generated is a FILE — named at --check (#239 Q6/Q7)
2026-09-27T10:08:48.5532779Z  70  PASS    red        1  yes    V217w R4 _generated is a FILE — --write refuses by name, no crash, nothing written (#239 Q7)
2026-09-27T10:08:48.5535304Z  71  PASS    green      0  -      Q6 `.DS_Store` with Finder's magic bytes is IGNORED, declared (#239 Q6)
2026-09-27T10:08:48.5535946Z  72  PASS    red        1  yes    Q6 a JSON edge list wearing the name `.DS_Store` is refused (#239 Q6)
2026-09-27T10:08:48.5536607Z  73  PASS    red        1  yes    R5 typed `status` on a node
2026-09-27T10:08:48.5537091Z  74  PASS    red        1  yes    R5 typed status under another spelling (`derivedStatus`)
2026-09-27T10:08:48.5537559Z  75  PASS    red        1  yes    S 1 party (minItems 2)
2026-09-27T10:08:48.5537966Z  76  PASS    red        1  yes    S DUPLICATE party (same ref twice on pl-01)
2026-09-27T10:08:48.5538397Z  77  PASS    red        1  yes    S DUPLICATE polarity id
2026-09-27T10:08:48.5538811Z  78  PASS    red        1  yes    S unicode polarity id (fullwidth digit)
2026-09-27T10:08:48.5539231Z  79  PASS    red        1  yes    S party role outside the enum (`side_d`)
2026-09-27T10:08:48.5540069Z  80  PASS    red        1  yes    V42 S party role null — named S-ROLE (#239 misnamed→named)
2026-09-27T10:08:48.5540542Z  81  PASS    red        1  yes    V44 S party role is an OBJECT — named, no crash (#239 Q7)
2026-09-27T10:08:48.5540976Z  82  PASS    red        1  yes    V203 S party ref is a LIST — named, no crash (#239 Q7)
2026-09-27T10:08:48.5541386Z  83  PASS    red        1  yes    V204 S stub id is a LIST — named, no crash (#239 Q7)
2026-09-27T10:08:48.5541879Z  84  PASS    red        1  yes    V250 S sources item without `path` on a node with a quote — named, no crash (#239 Q7)
2026-09-27T10:08:48.5542398Z  85  PASS    red        1  yes    V251 S sources[0].path is an int — named, no crash (#239 Q7)
2026-09-27T10:08:48.5542783Z  86  PASS    red        1  yes    S ONE-SIDED: every party on side_a (no pull)
2026-09-27T10:08:48.5543101Z  87  PASS    red        1  yes    S mediating_variable empty
2026-09-27T10:08:48.5543569Z  88  PASS    red        1  yes    S sources missing — no receipt at all (s240-D3 re-cut of the #239 S-SCHEMA arm)
2026-09-27T10:08:48.5543975Z  89  PASS    red        1  yes    S polarities.json does not parse
2026-09-27T10:08:48.5544457Z  90  PASS    red        1  yes    V252 S polarities.json carries one non-UTF-8 byte — S-PARSE, no traceback (#239 Q7)
2026-09-27T10:08:48.5545123Z  91  PASS    red        1  yes    V110 SCHEMA parties.minItems 2→1 + a one-party row: LOOSENED named, S-MIN-PARTIES still fires (#239 Q2)
2026-09-27T10:08:48.5545670Z  92  PASS    red        1  yes    V111 SCHEMA enum widened with a fifth type + a relatedTo link (#239 Q2)
2026-09-27T10:08:48.5546396Z  93  PASS    red        1  yes    V112 SCHEMA parties.items.additionalProperties true + a `why` on a party (#239 Q2)
2026-09-27T10:08:48.5546994Z  94  PASS    red        1  yes    V310 SCHEMA sources.items.additionalProperties true + a `judgement` on a source (V's TOTAL escape) (#239 Q2)
2026-09-27T10:08:48.5547564Z  95  PASS    red        1  yes    V311 SCHEMA sources.minItems 0 + sources [] + a paraphrased quote (#239 Q2/Q3)
2026-09-27T10:08:48.5548003Z  96  PASS    red        1  yes    V312 SCHEMA note.maxWords 500 + a 64-word note (#239 Q2)
2026-09-27T10:08:48.5548433Z  97  PASS    red        1  yes    V113 SCHEMA root additionalProperties true + a `verdict` on a node (#239 Q2)
2026-09-27T10:08:48.5549062Z  98  PASS    red        1  yes    SCHEMA a new property `verdict` ADDED to the schema + used on a node — the key set is pinned (#239 Q2)
2026-09-27T10:08:48.5549649Z  99  PASS    red        1  yes    SCHEMA description-only edit — the sha PIN alone fires (#239 Q2 (b))
2026-09-27T10:08:48.5550224Z 100  PASS    red        1  yes    V256 SCHEMA `properties` is a list — named S-SCHEMA, no crash (#239 Q7)
2026-09-27T10:08:48.5550777Z 101  PASS    red        1  yes    V257 SCHEMA id.pattern is an invalid regex — named S-SCHEMA, no crash (#239 Q7)
2026-09-27T10:08:48.5551310Z 102  PASS    red        1  yes    SCHEMA: a keyword this gate does not implement (maxItems) is REFUSED, never silently ignored
2026-09-27T10:08:48.5552210Z 103  PASS    red        1  yes    BITE-THE-BITE (#239 re-cut): schema TIGHTENED to minItems 3 with the pin moved — the real 2-party rows are refused S-MIN-PARTIES: the schema still drives; only loosening is refused
2026-09-27T10:08:48.5553298Z 104  PASS    green      0  -      s240-D3 GREEN CONTROL: a NEW polarity born after R1 carries `$seed` = a real ruling id and NO `sources` — the legal form #239-F RULING-SHAPED 4 was missing (#242 lane P)
2026-09-27T10:08:48.5553998Z 105  PASS    red        1  yes    s240-D3 BREAK ARM: `$seed` names s999-D9, absent from knowledge/_rulings.json (#242)
2026-09-27T10:08:48.5554681Z 106  PASS    red        1  yes    s240-D3 BREAK ARM: BOTH receipts on one node — its R1 `sources` AND a `$seed` (the receipt is ONE POINTER PER NODE) (#242)
2026-09-27T10:08:48.5555325Z 107  PASS    red        1  yes    s240-D3 BREAK ARM: NEITHER receipt — a node with no `sources` and no `$seed` (#242)
2026-09-27T10:08:48.5556398Z 108  PASS    green      0  -      s240-D3 GREEN CONTROL: a node RETIRED by a real ruling id — it KEEPS its row and the derivation is re-run without it (#242)
2026-09-27T10:08:48.5557206Z 109  PASS    red        1  yes    s240-D3 BREAK ARM: a RETIRED node whose id still appears under _generated/ — R4-RETIRED-GENERATED by name, not just STALE (#242)
2026-09-27T10:08:48.5557841Z 110  PASS    red        1  yes    s240-D3 BREAK ARM: `retiredBy` names s999-D9, absent from knowledge/_rulings.json (#242)
2026-09-27T10:08:48.5558627Z 111  PASS    red        1  yes    s240-D3 BREAK ARM: `$seed` removed from the SCHEMA's properties — the key set is pinned, so the receipt cannot be legislated away by a schema edit (#242 Q2)
2026-09-27T10:08:48.5560005Z 112  PASS    red        1  yes    s240-D3 LEAK ARM (#242 lane P2, V2 finding 3): pl-02 retired → --write and its id is gone from every BYTE of all three generated files; replanted in the derivation's PROSE ONLY (self-consistent sha, invisible to the ROW check) → R4-RETIRED-GENERATED BY NAME. A retired id anywhere under _generated/ is a leak
2026-09-27T10:08:48.5561682Z 113  PASS    red        1  yes    s240-D3 FLOOR ARM (#242 lane P2, V2 finding 4): `sources` put BACK into the schema's `required` with the pin moved honestly — SCHEMA-LOOSENED by name (a schema may tighten a REFUSAL, never a PERMISSION), and the floor is APPLIED REGARDLESS, so the legal `$seed` node beside it is NOT S-SCHEMA
2026-09-27T10:08:48.5563071Z 114  PASS    green      0  yes    s240-D3 DROP-OUT PROOF (#242): pl-30 retired → --check names R4-RETIRED-GENERATED · --write regenerates · the node KEEPS its row in polarities.json and appears in NONE of the three generated files
2026-09-27T10:08:48.5564249Z 115  PASS    green      0  yes    s240-D3 ADD-POLARITY (#242): a BRAND-NEW polarity with a `$seed` receipt is accepted by the writer (dry-run then --write), 31 rows, gate green after — #239-F green control (e), which had no legal form
2026-09-27T10:08:48.5565789Z 116  PASS    red        1  yes    100 LITERAL (#243 s243-D1): V's 31st row (pr-fitts/pr-hick) cites a FICTIONAL R1 path notes/nowhere.json — the node names its own oracle; S-SOURCE at --write, nothing written — #239 Q3 stands
2026-09-27T10:08:48.5566954Z 117  PASS    green      0  -      100 LEGAL (#243 s243-D1): the SAME 31st row with `$seed` = s240-D3 in place of `sources` — --write green
2026-09-27T10:08:48.5567831Z 118  PASS    red        1  yes    225 LITERAL (#243 s243-D1): a NEW node pl-33 whose ONLY receipt is the foreign path /etc/hostname (V225's receipt, verbatim) — S-ID + S-SOURCE (allow-list) at --write, nothing written
2026-09-27T10:08:48.5568859Z 119  PASS    red        1  yes    225 TWO RECEIPTS (#243 s243-D1): the SAME pl-33 carrying the foreign `sources` AND `$seed` = s240-D3 — S-SOURCE (BOTH receipts: ONE POINTER PER NODE), nothing written
2026-09-27T10:08:48.5569729Z 120  PASS    green      0  -      225 LEGAL (#243 s243-D1): the SAME pl-33 reduced to ONE legal receipt — the foreign `sources` gone, `$seed` = s240-D3 — --write green
2026-09-27T10:08:48.5570572Z 121  PASS    red        1  yes    235 LITERAL (#243 s243-D1): an orphan stub whose phrase is INVENTED ('an orphan phrase') — not verbatim in the R1 register; R3-JUDGEMENT-FIELD
2026-09-27T10:08:48.5571605Z 122  PASS    green      0  -      235 LEGAL (#243 s243-D1), lane F's #239 form (a): an orphan stub — declared, never used — whose phrase is VERBATIM from ONE field of the first R1 row, read from the R1 FILE ('Familiarity says converge on') — green
2026-09-27T10:08:48.5572572Z 123  PASS    red        1  yes    248 LITERAL (#243 s243-D1): a node whose BOTH parties are declared stubs cites source path 'x' — S-SOURCE at --write, nothing written
2026-09-27T10:08:48.5573261Z 124  PASS    green      0  -      248 LEGAL (#243 s243-D1): the SAME all-stub node with `$seed` = s240-D3 — --write green
2026-09-27T10:08:48.5573997Z 125  PASS    red        1  yes    321 LITERAL (#243 s243-D1): all 30 rows DELETED, then the writer appends a `$seed` node — 30 frozen rows claimed by no node; S-SOURCE, file untouched
2026-09-27T10:08:48.5575326Z 126  PASS    green      0  -      321 LEGAL (#243 s243-D1): all 30 rows RETIRED (`retiredBy` = s240-D3) and --write green, then the writer appends the `$seed` node — 31 rows KEPT in polarities.json, no retired id in any row or byte under _generated/
2026-09-27T10:08:48.5576498Z 127  PASS    red        1  yes    326 LITERAL (#243 s243-D1): polarities.json re-indented to 2 spaces, the writer's entry cites 'selftest' as its source — S-SOURCE, file untouched
2026-09-27T10:08:48.5577333Z 128  PASS    green      0  -      326 LEGAL (#243 s243-D1): the SAME 2-space file, the SAME entry with `$seed` = s240-D3 — writer green, 31 rows, gate green after
2026-09-27T10:08:48.5578022Z 129  PASS    red        1  yes    V70 R4 generated_at in 2099 on all three derived files — a future clock is a hand edit (#239 Q4)
2026-09-27T10:08:48.5578457Z 130  PASS    red        1  yes    V71 R4 generated_at "banana" (#239 Q4)
2026-09-27T10:08:48.5578831Z 131  PASS    red        1  yes    Q4 R4 generated_at before the R1 asset's date (1999) (#239 Q4)
2026-09-27T10:08:48.5579479Z 132  PASS    red        1  yes    Q4 R4 one file's clock moved one second — the three clocks must agree (#239 Q4)
2026-09-27T10:08:48.5580199Z 133  PASS    red        1  yes    FRESHNESS: home edited, generated files not re-derived → STALE
2026-09-27T10:08:48.5580835Z 134  PASS    red        1  yes    FRESHNESS: a generated file deleted → MISSING
2026-09-27T10:08:48.5581561Z 135  PASS    red        1  yes    Q7 (#239): a check that RAISES inside gate() is NAMED S-SHAPE with its exception class — a crash is not a fail
2026-09-27T10:08:48.5582080Z 136  PASS    red        1  yes    WRITE: --write on a refused home writes NOTHING (hashes equal)
2026-09-27T10:08:48.5582505Z 137  PASS    green      0  yes    WRITE: stale → --write → fresh (rc 1 → 0 → 0)
2026-09-27T10:08:48.5582929Z 138  PASS    green      0  yes    WRITE: determinism — two writes differ only in generated_at
2026-09-27T10:08:48.5583950Z 139  PASS    green      0  yes    ADD-POLARITY: pl-30 dropped then re-added as pl-31 — dry-run leaves bytes; --write = original + one span; 30 rows; gate green after (#239: every frozen row is claimed)
2026-09-27T10:08:48.5584648Z 140  PASS    red        1  yes    ADD-POLARITY: an entry with a typed status is REFUSED by name, nothing written
2026-09-27T10:08:48.5585291Z 141  PASS    red        1  yes    V324 ADD-POLARITY: an entry whose quote has no reachable source is REFUSED (S-SOURCE + R3-QUOTE-NOT-VERBATIM), nothing written (#239 Q3)
2026-09-27T10:08:48.5586273Z 142  PASS    green      0  yes    ADD-STUB: a verbatim phrase appended textually; 3-key stub REFUSED (S-STUB-SHAPE); V328 the U+200B phrase REFUSED (S-FORMAT-CHAR), nothing written
2026-09-27T10:08:48.5587003Z 143  PASS    green      0  yes    CLI: `--check` rc 0 on the real home, rc 1 + R2-UNTYPED on the mutant (via --brain AND via POLARITY_BRAIN_DIR)
2026-09-27T10:08:48.5587532Z 144  PASS    red        2  yes    CLI: bare and unknown argv refuse with rc 2 (argv contract, #208 class)
2026-09-27T10:08:48.5588111Z 145  PASS    red        2  yes    V-A1/A2 CLI: `--dry-run --write`, `--check --write`, `--check --selftest` refuse rc 2 and write nothing (#239 argv contract)
2026-09-27T10:08:48.5588875Z 146  PASS    red        1  yes    V-D1 (#239 Q8): home ABSENT in the SOURCE repo (the store is here) → rc 1 S-SHAPE, never 77 — the build and the seam both stop
2026-09-27T10:08:48.5589703Z 147  PASS    77        77  yes    COULD-NOT-ASK: home absent AND no store (a shipped pack) → rc 77 + marker naming the path (pack classifier reads it as REPO-BOUND)
2026-09-27T10:08:48.5590533Z 148  PASS    77        77  yes    COULD-NOT-ASK: declaration source absent → 77 on a clean home, but a real refusal is STILL rc 1 first (the refusal path is not swallowed)
2026-09-27T10:08:48.5591148Z 149  PASS    red        1  yes    SELFTEST on an absent home refuses by name, no traceback (#239, V finding 16)
2026-09-27T10:08:48.5592093Z 150  PASS    green      0  yes    WIRING: STEPS has --check + --selftest rows; _git_commit.sh invokes --check on a live line, DECLARES a POLARITY_BRAIN_DIR redirect and gates the tree's own home (V-D2, #239); the seam harness stubs it
2026-09-27T10:08:48.5592952Z ----------------------------------------------------------------------------------------------------
2026-09-27T10:08:48.5593720Z arms 150 · red arms 128 (went red by name 128/128) · green arms 20 · no-fire/77 arms 2 · new #239 arms 72 · new #242 (s240-D3 receipt) arms 12 · new #243 (s243-D1 six controls) arms 13 · failures 0
2026-09-27T10:08:48.5594425Z ✓ selftest OK — control green; every refusal arm red by its name; nothing written on refusal
2026-09-27T10:08:48.5918330Z COULD-NOT-ASK: GEOMETRY: HARNESS UNAVAILABLE — playwright not importable (No module named 'playwright'). Install it with `pip install playwright && playwright install chromium`; at the seat, source knowledge/_render/seat_env.sh. This is NOT a pass.
2026-09-27T10:08:48.6335605Z COULD-NOT-ASK: OWN-SIZE: HARNESS UNAVAILABLE — playwright not importable (No module named 'playwright'). Install it with `pip install playwright && playwright install chromium`; at the seat, source knowledge/_render/seat_env.sh. This is NOT a pass.
2026-09-27T10:08:48.6374721Z 
2026-09-27T10:08:48.6374879Z 
2026-09-27T10:08:48.6375617Z === [133/152] enactment register — is each ruling IN FORCE? (advisory, ADR-0016) — _build_enactment_register.py ===
2026-09-27T10:08:48.6376268Z 
2026-09-27T10:08:48.6376636Z === [134/152] instrument-fit selftest (advisory, ds-015) — _build_instrument_fit.py ===
2026-09-27T10:08:48.6377033Z 
2026-09-27T10:08:48.6377472Z === [135/152] instrument fit — can the gate SEE the property? (advisory, ds-015) — _build_instrument_fit.py ===
2026-09-27T10:08:48.6377933Z 
2026-09-27T10:08:48.6378157Z === [136/152] integrity lint (gate) — _build_integrity.py ===
2026-09-27T10:08:48.6378432Z 
2026-09-27T10:08:48.6378724Z ❌ integrity gate failed (exit 1) — see knowledge/_INTEGRITY-REPORT.md
2026-09-27T10:08:48.6379040Z 
2026-09-27T10:08:48.6379552Z === [137/152] could-not-ask convention selftest (#193 — the third verdict's exit code + marker) — _could_not_ask.py ===
2026-09-27T10:08:48.6380017Z 
2026-09-27T10:08:48.6380557Z === [138/152] probe registry — every historically-found defect class, re-driven (W-45, advisory) — _probe_registry/_registry.py ===
2026-09-27T10:08:48.6381091Z 
2026-09-27T10:08:48.6381684Z ⚠ advisory step 'probe registry — every historically-found defect class, re-driven (W-45, advisory)' reported findings (exit 1) — non-gating
2026-09-27T10:08:48.6382262Z 
2026-09-27T10:08:48.6382772Z === [139/152] claim-table evidence linter — s182-D1 tokens + expected observations (W-44, advisory) — _validate_evidence.py ===
2026-09-27T10:08:48.6383395Z 
2026-09-27T10:08:48.6384094Z ⚠ advisory step 'claim-table evidence linter — s182-D1 tokens + expected observations (W-44, advisory)' reported findings (exit 1) — non-gating
2026-09-27T10:08:48.6384773Z 
2026-09-27T10:08:48.6385318Z === [140/152] governs matcher selftest — the [12]/[13] trigger-index arm, named (#208 legibility) — _governs.py ===
2026-09-27T10:08:48.6385833Z 
2026-09-27T10:08:48.6386651Z ⊘ step 'governs matcher selftest — the [12]/[13] trigger-index arm, named (#208 legibility)' COULD-NOT-ASK (exit 77) — declared refusal, build continues
2026-09-27T10:08:48.6387257Z 
2026-09-27T10:08:48.6388057Z === [141/152] frozen-release gate — v1/v2 and any baked Spider surface may not move without a version bump (BLOCKING, s114-D4, built #219) — _release/_gate_frozen_release.py ===
2026-09-27T10:08:48.6388858Z 
2026-09-27T10:08:48.6389532Z === [142/152] frozen-release selftest — 11 bites on a fixture repo incl. the laundering mutant (#219) — _release/_gate_frozen_release.py ===
2026-09-27T10:08:48.6390192Z 
2026-09-27T10:08:48.6391006Z === [143/152] pack ship-list audit — the manifest is byte-identical to a fresh generation at its own commit (BLOCKING, built #219) — _release/_gate_release_audit.py ===
2026-09-27T10:08:48.6391757Z 
2026-09-27T10:08:48.6392664Z === [144/152] release-audit selftest — manifest compare + the pack arm's resting refusal (#219) — _release/_gate_release_audit.py ===
2026-09-27T10:08:48.6393370Z 
2026-09-27T10:08:48.6394020Z === [145/152] pack-side CI template — parses, ships what it calls, hides nothing (BLOCKING, built #219) — _release/_gate_ci_template.py ===
2026-09-27T10:08:48.6394643Z 
2026-09-27T10:08:48.6395360Z ⊘ step 'pack-side CI template — parses, ships what it calls, hides nothing (BLOCKING, built #219)' COULD-NOT-ASK (exit 77) — declared refusal, build continues
2026-09-27T10:08:48.6396165Z 
2026-09-27T10:08:48.6396745Z === [146/152] pack-side CI template selftest — 10 mutants incl. a smuggled continue-on-error (#219) — _release/_gate_ci_template.py ===
2026-09-27T10:08:48.6397327Z 
2026-09-27T10:08:48.6398006Z ⊘ step 'pack-side CI template selftest — 10 mutants incl. a smuggled continue-on-error (#219)' COULD-NOT-ASK (exit 77) — declared refusal, build continues
2026-09-27T10:08:48.6398667Z 
2026-09-27T10:08:48.6399445Z === [147/152] baked-pack audit — a zip in apollo-spider/dist/ must match the manifest (BLOCKING; refuses while nothing is baked) (#219) — _release/_gate_release_audit.py ===
2026-09-27T10:08:48.6400213Z 
2026-09-27T10:08:48.6400890Z === [148/152] pack ship-list drift — how far behind HEAD the manifest is (ADVISORY, ⬛ re-cutting is Dave's) (#219) — _release/_gate_release_audit.py ===
2026-09-27T10:08:48.6401552Z 
2026-09-27T10:08:48.6402269Z ⚠ advisory step 'pack ship-list drift — how far behind HEAD the manifest is (ADVISORY, ⬛ re-cutting is Dave's) (#219)' reported findings (exit 1) — non-gating
2026-09-27T10:08:48.6402990Z 
2026-09-27T10:08:48.6403756Z === [149/152] polarity gate — five refusals + content-fresh derived status/edges/declaration (BLOCKING, s238-D7, built #238) — _validate_polarities.py ===
2026-09-27T10:08:48.6404454Z 
2026-09-27T10:08:48.6405052Z === [150/152] polarity gate selftest — control + every refusal arm on a copy of the real rows (s238-D7) — _validate_polarities.py ===
2026-09-27T10:08:48.6405642Z 
2026-09-27T10:08:48.6406687Z === [151/152] geometry gate — alignment, gutters, edges, bar width, dead space, overlap, clipped text, overflow, stretch on generated pages (ADVISORY, built #304) — _validate_geometry.py ===
2026-09-27T10:08:48.6407542Z 
2026-09-27T10:08:48.6408581Z ⊘ step 'geometry gate — alignment, gutters, edges, bar width, dead space, overlap, clipped text, overflow, stretch on generated pages (ADVISORY, built #304)' COULD-NOT-ASK (exit 77) — declared refusal, build continues
2026-09-27T10:08:48.6419267Z 
2026-09-27T10:08:48.6419899Z === [152/152] own-size gate — every part at its reference size on generated pages (ADVISORY, built #304) — _validate_own_size.py ===
2026-09-27T10:08:48.6420452Z 
2026-09-27T10:08:48.6421130Z ⊘ step 'own-size gate — every part at its reference size on generated pages (ADVISORY, built #304)' COULD-NOT-ASK (exit 77) — declared refusal, build continues
2026-09-27T10:08:48.6421798Z 
2026-09-27T10:08:48.6421980Z ❌ build gate failed — see the reports above.
2026-09-27T10:08:48.6433431Z ##[error]Process completed with exit code 1.
2026-09-27T10:08:48.6459677Z ##[group]Run python3 knowledge/_tests/test_gates.py
2026-09-27T10:08:48.6459990Z [36;1mpython3 knowledge/_tests/test_gates.py[0m
2026-09-27T10:08:48.6516545Z shell: /usr/bin/bash -e {0}
2026-09-27T10:08:48.6516758Z env:
2026-09-27T10:08:48.6516979Z   pythonLocation: /opt/hostedtoolcache/Python/3.12.14/x64
2026-09-27T10:08:48.6517321Z   PKG_CONFIG_PATH: /opt/hostedtoolcache/Python/3.12.14/x64/lib/pkgconfig
2026-09-27T10:08:48.6517645Z   Python_ROOT_DIR: /opt/hostedtoolcache/Python/3.12.14/x64
2026-09-27T10:08:48.6517937Z   Python2_ROOT_DIR: /opt/hostedtoolcache/Python/3.12.14/x64
2026-09-27T10:08:48.6518227Z   Python3_ROOT_DIR: /opt/hostedtoolcache/Python/3.12.14/x64
2026-09-27T10:08:48.6518523Z   LD_LIBRARY_PATH: /opt/hostedtoolcache/Python/3.12.14/x64/lib
2026-09-27T10:08:48.6518786Z ##[endgroup]
2026-09-27T10:09:07.3898545Z gate self-test: does every gate BITE what it was built to catch?
2026-09-27T10:09:07.3898921Z 
2026-09-27T10:09:07.3899698Z   PASS  control: pristine copy passes all 6 static gates
2026-09-27T10:09:07.3900130Z   PASS  write-gate bites a bare no-args invocation
2026-09-27T10:09:07.3900513Z   PASS  write-gate control: --write proceeds
2026-09-27T10:09:07.3900978Z   PASS  radius gate's own bites run (8 longhand mutants + token controls, #221)
2026-09-27T10:09:07.3901529Z   PASS  no-hardcode gate's own bites run (8 planted + 8 clean, #221)
2026-09-27T10:09:07.3902076Z   PASS  theme-provenance report order is DERIVED, not filesystem order (#221)
2026-09-27T10:09:07.3902701Z   PASS  wiring gate's own bites run (13, incl. the widened glob + the anti-laundering arm, #221)
2026-09-27T10:09:07.3903292Z   PASS  s263-D10 rulings-page wrap check bites a stale page (4 arms, #265-B)
2026-09-27T10:09:07.3903730Z   PASS  snippet gate bites on token drift
2026-09-27T10:09:07.3904059Z   PASS  snippet gate bites on failing contrast
2026-09-27T10:09:07.3904396Z   PASS  snippet gate bites on icon 4.5 dead-zone
2026-09-27T10:09:07.3904750Z   PASS  snippet gate bites on missing focus
2026-09-27T10:09:07.3905081Z   PASS  snippet gate bites on uppercase CSS
2026-09-27T10:09:07.3905434Z   PASS  snippet gate bites on ALL-CAPS text run
2026-09-27T10:09:07.3905773Z   PASS  snippet gate bites on italics
2026-09-27T10:09:07.3906289Z   PASS  snippet gate bites on text-shadow
2026-09-27T10:09:07.3906600Z   PASS  snippet gate bites on raw red text
2026-09-27T10:09:07.3906928Z   PASS  snippet gate bites on possessive HSBC's
2026-09-27T10:09:07.3907277Z   PASS  snippet gate bites on element-type alt
2026-09-27T10:09:07.3907658Z   PASS  snippet gate bites on bare link text
2026-09-27T10:09:07.3908058Z   PASS  a11y gate bites on missing reduced-motion
2026-09-27T10:09:07.3908466Z   PASS  a11y gate bites on sub-24 target floor
2026-09-27T10:09:07.3908845Z   PASS  icon gate bites on invented path
2026-09-27T10:09:07.3909224Z   PASS  icon gate bites on shape-only icon
2026-09-27T10:09:07.3909619Z   PASS  icon gate bites on mis-twinned fill glyph
2026-09-27T10:09:07.3910039Z   PASS  coverage gate bites on orphan snippet
2026-09-27T10:09:07.3910438Z   PASS  coverage gate bites on meta w/o snippet
2026-09-27T10:09:07.3910810Z   PASS  dark-surface gate bites on flat white
2026-09-27T10:09:07.3911184Z   PASS  compose gate bites on rogue hex
2026-09-27T10:09:07.3911549Z   PASS  compose gate bites on undefined class
2026-09-27T10:09:07.3911909Z   PASS  compose gate bites on class redefinition
2026-09-27T10:09:07.3912255Z   PASS  compose gate bites on duplicate title
2026-09-27T10:09:07.3912482Z 
2026-09-27T10:09:07.3912598Z 32 test(s), 0 failure(s)
2026-09-27T10:09:07.3913042Z skipped by design: state-contrast / screen --render (need a browser; see docstring)
2026-09-27T10:09:07.4000958Z ##[group]Run python3 knowledge/_tests/test_advisory.py
2026-09-27T10:09:07.4001459Z [36;1mpython3 knowledge/_tests/test_advisory.py[0m
2026-09-27T10:09:07.4073960Z shell: /usr/bin/bash -e {0}
2026-09-27T10:09:07.4074182Z env:
2026-09-27T10:09:07.4074456Z   pythonLocation: /opt/hostedtoolcache/Python/3.12.14/x64
2026-09-27T10:09:07.4074825Z   PKG_CONFIG_PATH: /opt/hostedtoolcache/Python/3.12.14/x64/lib/pkgconfig
2026-09-27T10:09:07.4075157Z   Python_ROOT_DIR: /opt/hostedtoolcache/Python/3.12.14/x64
2026-09-27T10:09:07.4075455Z   Python2_ROOT_DIR: /opt/hostedtoolcache/Python/3.12.14/x64
2026-09-27T10:09:07.4075741Z   Python3_ROOT_DIR: /opt/hostedtoolcache/Python/3.12.14/x64
2026-09-27T10:09:07.4076252Z   LD_LIBRARY_PATH: /opt/hostedtoolcache/Python/3.12.14/x64/lib
2026-09-27T10:09:07.4076550Z ##[endgroup]
2026-09-27T10:09:07.8379349Z advisory bite-tests: 19 case(s), all bite ✅ (and none block — exit 0 throughout)
2026-09-27T10:09:07.8453632Z ##[group]Run bash knowledge/_git_commit.sh --selftest
2026-09-27T10:09:07.8453953Z [36;1mbash knowledge/_git_commit.sh --selftest[0m
2026-09-27T10:09:07.8510348Z shell: /usr/bin/bash -e {0}
2026-09-27T10:09:07.8510549Z env:
2026-09-27T10:09:07.8510774Z   pythonLocation: /opt/hostedtoolcache/Python/3.12.14/x64
2026-09-27T10:09:07.8511121Z   PKG_CONFIG_PATH: /opt/hostedtoolcache/Python/3.12.14/x64/lib/pkgconfig
2026-09-27T10:09:07.8511619Z   Python_ROOT_DIR: /opt/hostedtoolcache/Python/3.12.14/x64
2026-09-27T10:09:07.8511913Z   Python2_ROOT_DIR: /opt/hostedtoolcache/Python/3.12.14/x64
2026-09-27T10:09:07.8512206Z   Python3_ROOT_DIR: /opt/hostedtoolcache/Python/3.12.14/x64
2026-09-27T10:09:07.8512512Z   LD_LIBRARY_PATH: /opt/hostedtoolcache/Python/3.12.14/x64/lib
2026-09-27T10:09:07.8512766Z ##[endgroup]
2026-09-27T10:09:07.8720906Z — #208 msgfile-prefix gate selftest
2026-09-27T10:09:07.8888765Z   [OK]   non-wrap prefix (the #170 shape) is seen (expected 1)
2026-09-27T10:09:07.9057420Z   [OK]   WRAP prefix (the shape #170 MISSED) is seen (expected 1)
2026-09-27T10:09:07.9221752Z   [OK]   doubled non-wrap prefix counts 2 (expected 2)
2026-09-27T10:09:07.9383066Z   [OK]   wrap-into-non-wrap stack counts 2 (the hole) (expected 2)
2026-09-27T10:09:07.9544786Z   [OK]   tripled counts 3 (expected 3)
2026-09-27T10:09:07.9706785Z   [OK]   a fresh subject carries no prefix (expected 0)
2026-09-27T10:09:07.9866340Z   [OK]   session ref with no date is not a prefix (expected 0)
2026-09-27T10:09:08.0029111Z   [OK]   date with no session ref is not a prefix (expected 0)
2026-09-27T10:09:08.0209176Z   [OK]   hyphen is not the em-dash separator (expected 0)
2026-09-27T10:09:08.0376660Z   [OK]   prose mentioning a session mid-line (expected 0)
2026-09-27T10:09:08.0539807Z   [OK]   honest subject QUOTING a prior prefix mid-line (expected 1)
2026-09-27T10:09:08.0703675Z   [OK]   a quoted prefix with no prefix of its own (expected 0)
2026-09-27T10:09:08.0866429Z   [OK]   a prefix after a leading word is not a stack (expected 0)
2026-09-27T10:09:08.0879385Z   [OK]   PREFIX_ACK hatch present (declared passes, silent fails)
2026-09-27T10:09:08.0880383Z — s294-D5 push-credential expiry gate selftest (fake clock: APOLLO_FAKE_TODAY)
2026-09-27T10:09:08.0901541Z   [OK]   the stamped expiry is READ from the ledger, one place, one date (expected 2026-11-06)
2026-09-27T10:09:08.0962240Z   [OK]   far out (2026-01-01) ⇒ OK (expected OK)
2026-09-27T10:09:08.1022610Z   [OK]   15 days out (2026-10-22) ⇒ OK — the boundary is NOT off by one (expected OK)
2026-09-27T10:09:08.1081950Z   [OK]   14 days out (2026-10-23) ⇒ WARN (expected WARN)
2026-09-27T10:09:08.1142511Z   [OK]   1 day out (2026-11-05) ⇒ WARN (expected WARN)
2026-09-27T10:09:08.1203055Z   [OK]   the day itself (2026-11-06) ⇒ WARN, not yet expired (expected WARN)
2026-09-27T10:09:08.1263596Z   [OK]   one day past (2026-11-07) ⇒ EXPIRED (expected EXPIRED)
2026-09-27T10:09:08.1322965Z   [OK]   long past (2027-03-01) ⇒ EXPIRED (expected EXPIRED)
2026-09-27T10:09:08.1382611Z   [OK]   days-remaining is COMPUTED, not narrated (2026-10-30 ⇒ 7) (expected 7)
2026-09-27T10:09:08.1405318Z   [OK]   an unreadable stamp ⇒ UNREADABLE (a refusal, never a pass) (expected UNREADABLE)
2026-09-27T10:09:08.1424218Z   [OK]   with no fake clock the gate reads the REAL date (YYYY-MM-DD shape) (expected 1)
2026-09-27T10:09:08.1442169Z   [OK]   no refusal instructs pasting a credential into chat (s294-D5) (expected 0)
2026-09-27T10:09:08.1466294Z   [OK]   the credential is only TESTED, never printed (no unpiped git config remote.origin.url) (expected 0)
2026-09-27T10:09:08.1523316Z   [OK]   the expiry gate sits AFTER the credential check and BEFORE the push (expected 1)
2026-09-27T10:09:08.1524168Z ✓ selftest OK — 28 bites: 6 fire, 7 stay silent, 1 hatch present, 14 on the s294-D5 expiry gate
2026-09-27T10:09:08.1554307Z ##[group]Run python3 knowledge/_validate_evidence.py notes/_claims
2026-09-27T10:09:08.1554699Z [36;1mpython3 knowledge/_validate_evidence.py notes/_claims[0m
2026-09-27T10:09:08.1611810Z shell: /usr/bin/bash -e {0}
2026-09-27T10:09:08.1612018Z env:
2026-09-27T10:09:08.1612239Z   pythonLocation: /opt/hostedtoolcache/Python/3.12.14/x64
2026-09-27T10:09:08.1612597Z   PKG_CONFIG_PATH: /opt/hostedtoolcache/Python/3.12.14/x64/lib/pkgconfig
2026-09-27T10:09:08.1612930Z   Python_ROOT_DIR: /opt/hostedtoolcache/Python/3.12.14/x64
2026-09-27T10:09:08.1613394Z   Python2_ROOT_DIR: /opt/hostedtoolcache/Python/3.12.14/x64
2026-09-27T10:09:08.1613683Z   Python3_ROOT_DIR: /opt/hostedtoolcache/Python/3.12.14/x64
2026-09-27T10:09:08.1613972Z   LD_LIBRARY_PATH: /opt/hostedtoolcache/Python/3.12.14/x64/lib
2026-09-27T10:09:08.1614219Z ##[endgroup]
2026-09-27T10:09:35.6488790Z evidence linter: 336 row(s) from 10 file(s) · 297 mechanical
2026-09-27T10:09:35.6490579Z   ⛔ L1-1 — DEAD POINTER: evidence names `tokens/_blast-radius.json`, which does not exist on disk — a dead pointer reads as evidence. If the ABSENCE is the claim, write `absent:tokens/_blast-radius.json`; if the file lives outside the repo, use the ruled s191-D2 marker `(NON-REPO: <where>)`
2026-09-27T10:09:35.6492183Z   ⛔ L1-4 — s182-D1: MECHANICAL row (tag=PROVEN verdict=None) carries NO probeable token — no command, no existing path, no figure. Evidence: "The verbatim gate line in L1-3. ⛔ Do not quote the brief's numbers"
2026-09-27T10:09:35.6493477Z   ⛔ L1-1 — DEAD POINTER: evidence names `tokens/_blast-radius.json`, which does not exist on disk — a dead pointer reads as evidence. If the ABSENCE is the claim, write `absent:tokens/_blast-radius.json`; if the file lives outside the repo, use the ruled s191-D2 marker `(NON-REPO: <where>)`
2026-09-27T10:09:35.6494900Z   ⛔ C-2 — s182-D1: MECHANICAL row (tag=None verdict=CONFIRMED) carries NO probeable token — no command, no existing path, no figure. Evidence: 'The claim table only counted `PROPOSED` in the snippets. The brief (step 3) requires it in'
2026-09-27T10:09:35.6496360Z   ⛔ H-5 — s182-D1: MECHANICAL row (tag=None verdict=CONFIRMED) carries NO probeable token — no command, no existing path, no figure. Evidence: 'C-6 + L1-10: the six are absent from canon, the generators exist, the reconciliation is av'
2026-09-27T10:09:35.6497808Z   ⛔ W2-13 — DEAD POINTER (truncated): evidence names `notes/x.md…`, and NO path on disk starts with it — the trailing ellipsis does not make a dead pointer legal (#208 laundering hole). Write the full path, or `absent:notes/x.md` if the ABSENCE is the claim, or add the ruled `(NON-REPO: <where>)` marker
2026-09-27T10:09:35.6498671Z ── s182-D1 LINT: 6 failure(s)
2026-09-27T10:09:35.6499544Z ── SAMPLER · seed=205 · pool=230 row(s) with a command · 15 with a declared observation (always drawn) · drawn=20: G-c, W1-5, W2-3, W2-3, W46-11, WIRE-10, WIRE-11, WIRE-13, WIRE-14, WIRE-15, WIRE-18, WIRE-19, WIRE-20, WIRE-21, WIRE-3, WIRE-4, WIRE-5, WIRE-6, WIRE-8, WIRE-9
2026-09-27T10:09:35.6500550Z   ⛔ REFUSED [UNSAFE] G-c — `python3 -c "import _gate_doc_rows as g; g.unrowed(store, pop + [('2026-08-19','notes/_briefs/2026-08`
2026-09-27T10:09:35.6501084Z       `python3 -c` runs arbitrary code — cannot be judged read-only
2026-09-27T10:09:35.6501553Z   ⛔ RC MISMATCH W1-5 — `python3 knowledge/_capture_gate.py --selftest` → rc=77, row declares rc=0
2026-09-27T10:09:35.6502002Z   ⛔ REFUSED [SIDE-EFFECTS] W2-3 — `python3 knowledge/_state.py`
2026-09-27T10:09:35.6502511Z       a bare `python3` REWRITES its tracked audit output; #204 declared this exact stop. Only --check/--selftest/--dry-run forms are sampled
2026-09-27T10:09:35.6503285Z   ⛔ REFUSED [SIDE-EFFECTS] W2-3 — `python3 knowledge/_state.py`
2026-09-27T10:09:35.6503783Z       a bare `python3` REWRITES its tracked audit output; #204 declared this exact stop. Only --check/--selftest/--dry-run forms are sampled
2026-09-27T10:09:35.6504636Z   ⛔ REFUSED [SIDE-EFFECTS] W46-11 — `python3 knowledge/_memento_search.py "brief generator mint open items fences"`
2026-09-27T10:09:35.6505272Z       a bare `python3` REWRITES its tracked audit output; #204 declared this exact stop. Only --check/--selftest/--dry-run forms are sampled
2026-09-27T10:09:35.6505839Z   ⛔ REFUSED [UNSAFE] WIRE-10 — `bash knowledge/_git_commit.sh --selftest`
2026-09-27T10:09:35.6506321Z       head verb 'bash' is not on the read-only allowlist
2026-09-27T10:09:35.6506792Z   ✅ RAN WIRE-11 — `grep -c 'pat.match(s)' knowledge/_git_commit.sh` → rc=0 (matches declared + OBSERVATION)
2026-09-27T10:09:35.6507345Z   ✅ RAN WIRE-13 — `grep -c PREFIX_ACK knowledge/_git_commit.sh` → rc=0 (matches declared + OBSERVATION)
2026-09-27T10:09:35.6507852Z   ⛔ OBSERVATION MISMATCH WIRE-14 — `python3 knowledge/_build_all.py --selftest`
2026-09-27T10:09:35.6508814Z       stdout does NOT contain 'exact-ID failure routing over 127 steps' (declared expect_stdout_contains). First 120 chars of stdout: '  selftest (a): 152 registered step ID(s), each resolves to exactly one route ✓\n  selftest (b): unknown step ID refuses,'
2026-09-27T10:09:35.6509826Z   ✅ RAN WIRE-15 — `python3 knowledge/_probe_registry/_registry.py --run --probe P-3` → rc=77 (matches declared + OBSERVATION)
2026-09-27T10:09:35.6510424Z   ⛔ REFUSED [SIDE-EFFECTS] WIRE-18 — `python3 knowledge/_validate_evidence.py notes/_claims`
2026-09-27T10:09:35.6510997Z       a bare `python3` REWRITES its tracked audit output; #204 declared this exact stop. Only --check/--selftest/--dry-run forms are sampled
2026-09-27T10:09:35.6511754Z   ⛔ REFUSED [SIDE-EFFECTS] WIRE-19 — `python3 knowledge/_join_claim_tables.py notes/_claims/208-wave1-claims.jsonl notes/_claims/208-wave2`
2026-09-27T10:09:35.6512449Z       a bare `python3` REWRITES its tracked audit output; #204 declared this exact stop. Only --check/--selftest/--dry-run forms are sampled
2026-09-27T10:09:35.6513090Z   ⛔ RC MISMATCH WIRE-20 — `python3 knowledge/_governs.py --selftest` → rc=77, row declares rc=0
2026-09-27T10:09:35.6513631Z   ⛔ OBSERVATION MISMATCH WIRE-21 — `grep -c 'fetch-depth: 0' .github/workflows/gates.yml`
2026-09-27T10:09:35.6513997Z       expect_count=3 declared, command observed 4
2026-09-27T10:09:35.6514481Z   ✅ RAN WIRE-3 — `grep -c expect_stdout_contains knowledge/_claimtable.py` → rc=0 (matches declared + OBSERVATION)
2026-09-27T10:09:35.6515093Z   ✅ RAN WIRE-4 — `python3 knowledge/_validate_evidence.py --selftest` → rc=0 (matches declared + OBSERVATION)
2026-09-27T10:09:35.6515677Z   ✅ RAN WIRE-5 — `python3 knowledge/_validate_evidence.py --selftest` → rc=0 (matches declared + OBSERVATION)
2026-09-27T10:09:35.6516439Z   ✅ RAN WIRE-6 — `python3 knowledge/_validate_evidence.py --selftest` → rc=0 (matches declared + OBSERVATION)
2026-09-27T10:09:35.6517027Z   ✅ RAN WIRE-8 — `python3 knowledge/_validate_evidence.py --selftest` → rc=0 (matches declared + OBSERVATION)
2026-09-27T10:09:35.6517707Z   ⛔ REFUSED [SIDE-EFFECTS] WIRE-9 — `python3 knowledge/_validate_evidence.py notes/_claims/208-wave1-claims.jsonl notes/_claims/208-wave2`
2026-09-27T10:09:35.6518393Z       a bare `python3` REWRITES its tracked audit output; #204 declared this exact stop. Only --check/--selftest/--dry-run forms are sampled
2026-09-27T10:09:35.6519088Z ── DECLARED GAP: 8 of 20 sampled row(s) were NOT run. Refusal is the honest answer; none of them is counted as a pass.
2026-09-27T10:09:35.6519605Z ⛔ EVIDENCE GATE FAIL — 6 lint · 0 unparsed · 4 rc/observation mismatch
2026-09-27T10:09:35.6542796Z ##[error]Process completed with exit code 1.
2026-09-27T10:09:35.6569883Z ##[group]Run python3 knowledge/_gate_artefact_fresh.py --check
2026-09-27T10:09:35.6570261Z [36;1mpython3 knowledge/_gate_artefact_fresh.py --check[0m
2026-09-27T10:09:35.6627276Z shell: /usr/bin/bash -e {0}
2026-09-27T10:09:35.6627483Z env:
2026-09-27T10:09:35.6627703Z   pythonLocation: /opt/hostedtoolcache/Python/3.12.14/x64
2026-09-27T10:09:35.6628046Z   PKG_CONFIG_PATH: /opt/hostedtoolcache/Python/3.12.14/x64/lib/pkgconfig
2026-09-27T10:09:35.6628384Z   Python_ROOT_DIR: /opt/hostedtoolcache/Python/3.12.14/x64
2026-09-27T10:09:35.6628676Z   Python2_ROOT_DIR: /opt/hostedtoolcache/Python/3.12.14/x64
2026-09-27T10:09:35.6628963Z   Python3_ROOT_DIR: /opt/hostedtoolcache/Python/3.12.14/x64
2026-09-27T10:09:35.6629254Z   LD_LIBRARY_PATH: /opt/hostedtoolcache/Python/3.12.14/x64/lib
2026-09-27T10:09:35.6629516Z ##[endgroup]
2026-09-27T10:10:19.9755888Z artefact-freshness comparer (⬛ ADVISORY at birth, #221) — 7 declared row(s)
2026-09-27T10:10:19.9758095Z   method: snapshot -> run the writer -> compare -> RESTORE. The tree is byte-identical
2026-09-27T10:10:19.9758722Z   either side; the md5 line below is the receipt, not a promise.
2026-09-27T10:10:19.9759346Z   ✅ _validate_a11y.py                  FRESH          byte-identical (1 artefact(s))
2026-09-27T10:10:19.9759964Z   ✅ _validate_advisory.py              FRESH          byte-identical (1 artefact(s))
2026-09-27T10:10:19.9760605Z   ✅ _validate_theme_provenance.py      FRESH          byte-identical (1 artefact(s))
2026-09-27T10:10:19.9761209Z   ✅ _build_integrity.py                FRESH          byte-identical (1 artefact(s))
2026-09-27T10:10:19.9761804Z   ✅ _build_instrument_fit.py           FRESH          byte-identical (2 artefact(s))
2026-09-27T10:10:19.9762416Z   ✅ _validate_radius.py                FRESH          byte-identical (1 artefact(s))
2026-09-27T10:10:19.9762995Z   ✅ _validate_no_hardcode.py           FRESH          byte-identical (1 artefact(s))
2026-09-27T10:10:19.9763491Z   tally: 7 FRESH · 0 STALE · 0 COULD-NOT-ASK
2026-09-27T10:10:19.9763945Z   ⬛ ADVISORY: exit 0 regardless of drift. Promotion to blocking is DAVE'S (#220-L1 ruling-shaped Q3).
2026-09-27T10:10:19.9833044Z ##[group]Run python3 knowledge/_gate_inline_style_parse.py --check
2026-09-27T10:10:19.9833434Z [36;1mpython3 knowledge/_gate_inline_style_parse.py --check[0m
2026-09-27T10:10:19.9890046Z shell: /usr/bin/bash -e {0}
2026-09-27T10:10:19.9890248Z env:
2026-09-27T10:10:19.9890468Z   pythonLocation: /opt/hostedtoolcache/Python/3.12.14/x64
2026-09-27T10:10:19.9890982Z   PKG_CONFIG_PATH: /opt/hostedtoolcache/Python/3.12.14/x64/lib/pkgconfig
2026-09-27T10:10:19.9891320Z   Python_ROOT_DIR: /opt/hostedtoolcache/Python/3.12.14/x64
2026-09-27T10:10:19.9891630Z   Python2_ROOT_DIR: /opt/hostedtoolcache/Python/3.12.14/x64
2026-09-27T10:10:19.9891926Z   Python3_ROOT_DIR: /opt/hostedtoolcache/Python/3.12.14/x64
2026-09-27T10:10:19.9892227Z   LD_LIBRARY_PATH: /opt/hostedtoolcache/Python/3.12.14/x64/lib
2026-09-27T10:10:19.9892483Z ##[endgroup]
2026-09-27T10:10:20.1028547Z inline-style parse gate (⬛ ADVISORY at birth, #221 — the #122 seed)
2026-09-27T10:10:20.1029205Z   reader: html.parser (stdlib) · population: 11 file(s) · scope: DEF-004's own property families
2026-09-27T10:10:20.1029901Z   259 style attribute(s) parsed · 0 hardcode finding(s) · 0 PARSER-ONLY (the regex is blind) · 1 REGEX-ONLY (the regex hallucinates)
2026-09-27T10:10:20.1030885Z   ⬛ REGEX-ONLY: Tranche-1-interactive.html — the tree's pattern reads this as a live style attribute; a parse of the static document does NOT. It is in a comment, a <script> string, or a text node: 'margin-top:var(--space-8)'
2026-09-27T10:10:20.1031674Z      ⚠ READ THIS CAREFULLY BEFORE ACTING ON IT — a REGEX-ONLY hit is not
2026-09-27T10:10:20.1032054Z        automatically the regex being wrong. The one on this tree today is inside a
2026-09-27T10:10:20.1032525Z        `card.innerHTML='…'` string, so the static parse is right about the DOCUMENT
2026-09-27T10:10:20.1032914Z        and the value is nonetheless real at RUNTIME. The honest conclusion is that
2026-09-27T10:10:20.1033313Z        NEITHER reader is authoritative over injected markup, and this gate reports
2026-09-27T10:10:20.1034061Z        the disagreement rather than picking a winner. [[measure-dont-convert-units]]
2026-09-27T10:10:20.1034675Z   ✅ every style attribute in the population parses, and every declaration in one is either untouched by DEF-004 or already a token.
2026-09-27T10:10:20.1035470Z   ⬛ ADVISORY: exit 0 regardless. This is ONE parser over the NARROWEST population where a parser would have caught a proved false green (#220-L1 finding 12).
2026-09-27T10:10:20.1036470Z   ⬛ Widening it to the other seven regex gates is PRICED, not built, and whether a non-stdlib CSS parser may enter the gate set is DAVE'S.
2026-09-27T10:10:20.1166993Z Post job cleanup.
2026-09-27T10:10:20.1867675Z [command]/usr/bin/git version
2026-09-27T10:10:20.1902301Z git version 2.55.0
2026-09-27T10:10:20.1934644Z Temporarily overriding HOME='/home/runner/work/_temp/9ae4e015-8edc-4665-8f21-c764f58701cd' before making global git config changes
2026-09-27T10:10:20.1936559Z Adding repository directory to the temporary git global config as a safe directory
2026-09-27T10:10:20.1939227Z [command]/usr/bin/git config --global --add safe.directory /home/runner/work/UX-design/UX-design
2026-09-27T10:10:20.1967504Z Removing SSH command configuration
2026-09-27T10:10:20.1972386Z [command]/usr/bin/git config --local --name-only --get-regexp core\.sshCommand
2026-09-27T10:10:20.2003710Z [command]/usr/bin/git submodule foreach --recursive sh -c "git config --local --name-only --get-regexp 'core\.sshCommand' && git config --local --unset-all 'core.sshCommand' || :"
2026-09-27T10:10:20.2223647Z Removing HTTP extra header
2026-09-27T10:10:20.2228871Z [command]/usr/bin/git config --local --name-only --get-regexp http\.https\:\/\/github\.com\/\.extraheader
2026-09-27T10:10:20.2272383Z [command]/usr/bin/git submodule foreach --recursive sh -c "git config --local --name-only --get-regexp 'http\.https\:\/\/github\.com\/\.extraheader' && git config --local --unset-all 'http.https://github.com/.extraheader' || :"
2026-09-27T10:10:20.2496287Z Removing includeIf entries pointing to credentials config files
2026-09-27T10:10:20.2503819Z [command]/usr/bin/git config --local --name-only --get-regexp ^includeIf\.gitdir:
2026-09-27T10:10:20.2528651Z includeif.gitdir:/home/runner/work/UX-design/UX-design/.git.path
2026-09-27T10:10:20.2529316Z includeif.gitdir:/home/runner/work/UX-design/UX-design/.git/worktrees/*.path
2026-09-27T10:10:20.2530089Z includeif.gitdir:/github/workspace/.git.path
2026-09-27T10:10:20.2530580Z includeif.gitdir:/github/workspace/.git/worktrees/*.path
2026-09-27T10:10:20.2537431Z [command]/usr/bin/git config --local --get-all includeif.gitdir:/home/runner/work/UX-design/UX-design/.git.path
2026-09-27T10:10:20.2560110Z /home/runner/work/_temp/git-credentials-e3844c71-c442-4aec-8acc-20d7e2270313.config
2026-09-27T10:10:20.2581690Z [command]/usr/bin/git config --local --unset includeif.gitdir:/home/runner/work/UX-design/UX-design/.git.path /home/runner/work/_temp/git-credentials-e3844c71-c442-4aec-8acc-20d7e2270313.config
2026-09-27T10:10:20.2609388Z [command]/usr/bin/git config --local --get-all includeif.gitdir:/home/runner/work/UX-design/UX-design/.git/worktrees/*.path
2026-09-27T10:10:20.2633294Z /home/runner/work/_temp/git-credentials-e3844c71-c442-4aec-8acc-20d7e2270313.config
2026-09-27T10:10:20.2642798Z [command]/usr/bin/git config --local --unset includeif.gitdir:/home/runner/work/UX-design/UX-design/.git/worktrees/*.path /home/runner/work/_temp/git-credentials-e3844c71-c442-4aec-8acc-20d7e2270313.config
2026-09-27T10:10:20.2675277Z [command]/usr/bin/git config --local --get-all includeif.gitdir:/github/workspace/.git.path
2026-09-27T10:10:20.2698547Z /github/runner_temp/git-credentials-e3844c71-c442-4aec-8acc-20d7e2270313.config
2026-09-27T10:10:20.2707724Z [command]/usr/bin/git config --local --unset includeif.gitdir:/github/workspace/.git.path /github/runner_temp/git-credentials-e3844c71-c442-4aec-8acc-20d7e2270313.config
2026-09-27T10:10:20.2738570Z [command]/usr/bin/git config --local --get-all includeif.gitdir:/github/workspace/.git/worktrees/*.path
2026-09-27T10:10:20.2761083Z /github/runner_temp/git-credentials-e3844c71-c442-4aec-8acc-20d7e2270313.config
2026-09-27T10:10:20.2767260Z [command]/usr/bin/git config --local --unset includeif.gitdir:/github/workspace/.git/worktrees/*.path /github/runner_temp/git-credentials-e3844c71-c442-4aec-8acc-20d7e2270313.config
2026-09-27T10:10:20.2800249Z [command]/usr/bin/git submodule foreach --recursive git config --local --show-origin --name-only --get-regexp remote.origin.url
2026-09-27T10:10:20.3009078Z Removing credentials config '/home/runner/work/_temp/git-credentials-e3844c71-c442-4aec-8acc-20d7e2270313.config'
2026-09-27T10:10:20.3156473Z Cleaning up orphan processes
