2026-09-27T20:23:40.9838206Z Current runner version: '2.337.0'
2026-09-27T20:23:40.9864898Z ##[group]Runner Image Provisioner
2026-09-27T20:23:40.9865952Z Hosted Compute Agent
2026-09-27T20:23:40.9866570Z Version: 20260828.587
2026-09-27T20:23:40.9867334Z Commit: abac92662cab4cc7352de4f9f9d2e2419aad9c29
2026-09-27T20:23:40.9868104Z Build Date: 2026-08-28T16:44:25Z
2026-09-27T20:23:40.9868838Z Worker ID: {41c1840f-0f19-489d-bef6-4cd3220d4cdd}
2026-09-27T20:23:40.9869659Z Azure Region: westcentralus
2026-09-27T20:23:40.9870299Z ##[endgroup]
2026-09-27T20:23:40.9871833Z ##[group]Operating System
2026-09-27T20:23:40.9872486Z Ubuntu
2026-09-27T20:23:40.9873072Z 24.04.5
2026-09-27T20:23:40.9873657Z LTS
2026-09-27T20:23:40.9874204Z ##[endgroup]
2026-09-27T20:23:40.9875376Z ##[group]Runner Image
2026-09-27T20:23:40.9876048Z Image: ubuntu-24.04
2026-09-27T20:23:40.9876677Z Version: 20260920.314.1
2026-09-27T20:23:40.9878032Z Included Software: https://github.com/actions/runner-images/blob/ubuntu24/20260920.314/images/ubuntu/Ubuntu2404-Readme.md
2026-09-27T20:23:40.9879613Z Image Release: https://github.com/actions/runner-images/releases/tag/ubuntu24%2F20260920.314
2026-09-27T20:23:40.9880640Z ##[endgroup]
2026-09-27T20:23:40.9881963Z ##[group]GITHUB_TOKEN Permissions
2026-09-27T20:23:40.9885146Z Contents: read
2026-09-27T20:23:40.9886097Z Metadata: read
2026-09-27T20:23:40.9887063Z Packages: read
2026-09-27T20:23:40.9887947Z ##[endgroup]
2026-09-27T20:23:40.9891095Z Secret source: Actions
2026-09-27T20:23:40.9892711Z Cache mode: write
2026-09-27T20:23:40.9893667Z Prepare workflow directory
2026-09-27T20:23:41.0234012Z Prepare all required actions
2026-09-27T20:23:41.0282967Z Getting action download info
2026-09-27T20:23:41.3307455Z Download action repository 'actions/checkout@v6' (SHA:d23441a48e516b6c34aea4fa41551a30e30af803)
2026-09-27T20:23:41.4513293Z Download action repository 'actions/setup-python@v6' (SHA:ece7cb06caefa5fff74198d8649806c4678c61a1)
2026-09-27T20:23:41.6388549Z Complete job name: gates
2026-09-27T20:23:41.7172576Z ##[group]Run actions/checkout@v6
2026-09-27T20:23:41.7173463Z with:
2026-09-27T20:23:41.7173901Z   fetch-depth: 0
2026-09-27T20:23:41.7174368Z   repository: daveasewen/UX-design
2026-09-27T20:23:41.7178371Z   token: ***
2026-09-27T20:23:41.7178813Z   ssh-strict: true
2026-09-27T20:23:41.7179256Z   ssh-user: git
2026-09-27T20:23:41.7179707Z   persist-credentials: true
2026-09-27T20:23:41.7180198Z   clean: true
2026-09-27T20:23:41.7180653Z   sparse-checkout-cone-mode: true
2026-09-27T20:23:41.7181171Z   fetch-tags: false
2026-09-27T20:23:41.7181614Z   show-progress: true
2026-09-27T20:23:41.7182053Z   lfs: false
2026-09-27T20:23:41.7182461Z   submodules: false
2026-09-27T20:23:41.7182909Z   set-safe-directory: true
2026-09-27T20:23:41.7183408Z   allow-unsafe-pr-checkout: false
2026-09-27T20:23:41.7184150Z ##[endgroup]
2026-09-27T20:23:41.8207909Z Syncing repository: daveasewen/UX-design
2026-09-27T20:23:41.8210487Z ##[group]Getting Git version info
2026-09-27T20:23:41.8211795Z Working directory is '/home/runner/work/UX-design/UX-design'
2026-09-27T20:23:41.8213487Z [command]/usr/bin/git version
2026-09-27T20:23:41.8250805Z git version 2.55.0
2026-09-27T20:23:41.8273251Z ##[endgroup]
2026-09-27T20:23:41.8288157Z Temporarily overriding HOME='/home/runner/work/_temp/335b1ffd-fddd-4c8a-a8a3-0f6875b068da' before making global git config changes
2026-09-27T20:23:41.8290511Z Adding repository directory to the temporary git global config as a safe directory
2026-09-27T20:23:41.8293866Z [command]/usr/bin/git config --global --add safe.directory /home/runner/work/UX-design/UX-design
2026-09-27T20:23:41.8339936Z Deleting the contents of '/home/runner/work/UX-design/UX-design'
2026-09-27T20:23:41.8345434Z ##[group]Determining repository object format
2026-09-27T20:23:41.8347914Z ##[endgroup]
2026-09-27T20:23:41.8349186Z ##[group]Initializing the repository
2026-09-27T20:23:41.8352573Z [command]/usr/bin/git init /home/runner/work/UX-design/UX-design
2026-09-27T20:23:41.8432794Z hint: Using 'master' as the name for the initial branch. This default branch name
2026-09-27T20:23:41.8436865Z hint: will change to "main" in Git 3.0. To configure the initial branch name
2026-09-27T20:23:41.8438334Z hint: to use in all of your new repositories, which will suppress this warning,
2026-09-27T20:23:41.8439593Z hint: call:
2026-09-27T20:23:41.8440352Z hint:
2026-09-27T20:23:41.8441199Z hint: 	git config --global init.defaultBranch <name>
2026-09-27T20:23:41.8442227Z hint:
2026-09-27T20:23:41.8443194Z hint: Names commonly chosen instead of 'master' are 'main', 'trunk' and
2026-09-27T20:23:41.8445243Z hint: 'development'. The just-created branch can be renamed via this command:
2026-09-27T20:23:41.8446479Z hint:
2026-09-27T20:23:41.8447139Z hint: 	git branch -m <name>
2026-09-27T20:23:41.8447883Z hint:
2026-09-27T20:23:41.8448855Z hint: Disable this message with "git config set advice.defaultBranchName false"
2026-09-27T20:23:41.8450289Z Initialized empty Git repository in /home/runner/work/UX-design/UX-design/.git/
2026-09-27T20:23:41.8452003Z [command]/usr/bin/git remote add origin https://github.com/daveasewen/UX-design
2026-09-27T20:23:41.8493885Z ##[endgroup]
2026-09-27T20:23:41.8495196Z ##[group]Disabling automatic garbage collection
2026-09-27T20:23:41.8498095Z [command]/usr/bin/git config --local gc.auto 0
2026-09-27T20:23:41.8532233Z ##[endgroup]
2026-09-27T20:23:41.8533781Z ##[group]Setting up auth
2026-09-27T20:23:41.8534850Z Removing SSH command configuration
2026-09-27T20:23:41.8539299Z [command]/usr/bin/git config --local --name-only --get-regexp core\.sshCommand
2026-09-27T20:23:41.8575677Z [command]/usr/bin/git submodule foreach --recursive sh -c "git config --local --name-only --get-regexp 'core\.sshCommand' && git config --local --unset-all 'core.sshCommand' || :"
2026-09-27T20:23:41.8926252Z Removing HTTP extra header
2026-09-27T20:23:41.8933757Z [command]/usr/bin/git config --local --name-only --get-regexp http\.https\:\/\/github\.com\/\.extraheader
2026-09-27T20:23:41.8976931Z [command]/usr/bin/git submodule foreach --recursive sh -c "git config --local --name-only --get-regexp 'http\.https\:\/\/github\.com\/\.extraheader' && git config --local --unset-all 'http.https://github.com/.extraheader' || :"
2026-09-27T20:23:41.9246638Z Removing includeIf entries pointing to credentials config files
2026-09-27T20:23:41.9253055Z [command]/usr/bin/git config --local --name-only --get-regexp ^includeIf\.gitdir:
2026-09-27T20:23:41.9293087Z [command]/usr/bin/git submodule foreach --recursive git config --local --show-origin --name-only --get-regexp remote.origin.url
2026-09-27T20:23:41.9552131Z [command]/usr/bin/git config --file /home/runner/work/_temp/git-credentials-504c10e1-bc0c-435a-be02-37158d010967.config http.https://github.com/.extraheader AUTHORIZATION: basic ***
2026-09-27T20:23:41.9599954Z [command]/usr/bin/git config --local includeIf.gitdir:/home/runner/work/UX-design/UX-design/.git.path /home/runner/work/_temp/git-credentials-504c10e1-bc0c-435a-be02-37158d010967.config
2026-09-27T20:23:41.9638037Z [command]/usr/bin/git config --local includeIf.gitdir:/home/runner/work/UX-design/UX-design/.git/worktrees/*.path /home/runner/work/_temp/git-credentials-504c10e1-bc0c-435a-be02-37158d010967.config
2026-09-27T20:23:41.9676927Z [command]/usr/bin/git config --local includeIf.gitdir:/github/workspace/.git.path /github/runner_temp/git-credentials-504c10e1-bc0c-435a-be02-37158d010967.config
2026-09-27T20:23:41.9723917Z [command]/usr/bin/git config --local includeIf.gitdir:/github/workspace/.git/worktrees/*.path /github/runner_temp/git-credentials-504c10e1-bc0c-435a-be02-37158d010967.config
2026-09-27T20:23:41.9757168Z ##[endgroup]
2026-09-27T20:23:41.9757918Z ##[group]Fetching the repository
2026-09-27T20:23:41.9765782Z [command]/usr/bin/git -c protocol.version=2 fetch --no-tags --prune --no-recurse-submodules origin +refs/heads/*:refs/remotes/origin/* +refs/tags/*:refs/tags/*
2026-09-27T20:24:08.7370822Z From https://github.com/daveasewen/UX-design
2026-09-27T20:24:08.7371965Z  * [new branch]        master     -> origin/master
2026-09-27T20:24:08.7382618Z [command]/usr/bin/git branch --list --remote origin/master
2026-09-27T20:24:08.7414992Z   origin/master
2026-09-27T20:24:08.7425181Z [command]/usr/bin/git rev-parse refs/remotes/origin/master
2026-09-27T20:24:08.7452939Z fd607c74b999039a0f712a44bda5bd1740bd89bd
2026-09-27T20:24:08.7456978Z ##[endgroup]
2026-09-27T20:24:08.7457707Z ##[group]Determining the checkout info
2026-09-27T20:24:08.7462422Z ##[endgroup]
2026-09-27T20:24:08.7463518Z [command]/usr/bin/git sparse-checkout disable
2026-09-27T20:24:08.7515689Z [command]/usr/bin/git config --local --unset-all extensions.worktreeConfig
2026-09-27T20:24:08.7547595Z ##[group]Checking out the ref
2026-09-27T20:24:08.7551071Z [command]/usr/bin/git checkout --progress --force -B master refs/remotes/origin/master
2026-09-27T20:24:09.8197272Z Updating files:  15% (2046/12936)
2026-09-27T20:24:09.8431458Z Updating files:  16% (2070/12936)
2026-09-27T20:24:09.8811064Z Updating files:  17% (2200/12936)
2026-09-27T20:24:09.9224933Z Updating files:  18% (2329/12936)
2026-09-27T20:24:09.9276877Z Updating files:  19% (2458/12936)
2026-09-27T20:24:09.9328946Z Updating files:  20% (2588/12936)
2026-09-27T20:24:09.9378966Z Updating files:  21% (2717/12936)
2026-09-27T20:24:09.9433211Z Updating files:  22% (2846/12936)
2026-09-27T20:24:09.9496336Z Updating files:  23% (2976/12936)
2026-09-27T20:24:10.0405695Z Updating files:  24% (3105/12936)
2026-09-27T20:24:10.1283842Z Updating files:  25% (3234/12936)
2026-09-27T20:24:10.1385910Z Updating files:  26% (3364/12936)
2026-09-27T20:24:10.1538276Z Updating files:  27% (3493/12936)
2026-09-27T20:24:10.1678794Z Updating files:  28% (3623/12936)
2026-09-27T20:24:10.1884357Z Updating files:  29% (3752/12936)
2026-09-27T20:24:10.4523492Z Updating files:  30% (3881/12936)
2026-09-27T20:24:10.4700543Z Updating files:  31% (4011/12936)
2026-09-27T20:24:10.4837672Z Updating files:  32% (4140/12936)
2026-09-27T20:24:10.5611991Z Updating files:  33% (4269/12936)
2026-09-27T20:24:10.5932993Z Updating files:  34% (4399/12936)
2026-09-27T20:24:10.6144567Z Updating files:  35% (4528/12936)
2026-09-27T20:24:10.6229896Z Updating files:  36% (4657/12936)
2026-09-27T20:24:10.8295787Z Updating files:  37% (4787/12936)
2026-09-27T20:24:10.8409951Z Updating files:  37% (4900/12936)
2026-09-27T20:24:10.9142218Z Updating files:  38% (4916/12936)
2026-09-27T20:24:11.0017933Z Updating files:  39% (5046/12936)
2026-09-27T20:24:11.1615264Z Updating files:  40% (5175/12936)
2026-09-27T20:24:11.2161258Z Updating files:  41% (5304/12936)
2026-09-27T20:24:11.2645776Z Updating files:  42% (5434/12936)
2026-09-27T20:24:11.3315316Z Updating files:  43% (5563/12936)
2026-09-27T20:24:11.3612230Z Updating files:  44% (5692/12936)
2026-09-27T20:24:11.3710591Z Updating files:  45% (5822/12936)
2026-09-27T20:24:11.3990668Z Updating files:  46% (5951/12936)
2026-09-27T20:24:11.4255401Z Updating files:  47% (6080/12936)
2026-09-27T20:24:11.4989998Z Updating files:  48% (6210/12936)
2026-09-27T20:24:11.7718714Z Updating files:  49% (6339/12936)
2026-09-27T20:24:11.7938056Z Updating files:  49% (6447/12936)
2026-09-27T20:24:11.8932677Z Updating files:  50% (6468/12936)
2026-09-27T20:24:12.0022746Z Updating files:  51% (6598/12936)
2026-09-27T20:24:12.0990656Z Updating files:  52% (6727/12936)
2026-09-27T20:24:12.1314066Z Updating files:  53% (6857/12936)
2026-09-27T20:24:12.1638061Z Updating files:  54% (6986/12936)
2026-09-27T20:24:12.2067873Z Updating files:  55% (7115/12936)
2026-09-27T20:24:12.2675663Z Updating files:  56% (7245/12936)
2026-09-27T20:24:12.3802064Z Updating files:  57% (7374/12936)
2026-09-27T20:24:12.4316093Z Updating files:  58% (7503/12936)
2026-09-27T20:24:12.4561190Z Updating files:  59% (7633/12936)
2026-09-27T20:24:12.4730305Z Updating files:  60% (7762/12936)
2026-09-27T20:24:12.4993578Z Updating files:  61% (7891/12936)
2026-09-27T20:24:12.5265064Z Updating files:  62% (8021/12936)
2026-09-27T20:24:12.5494013Z Updating files:  63% (8150/12936)
2026-09-27T20:24:12.6262843Z Updating files:  64% (8280/12936)
2026-09-27T20:24:12.7027882Z Updating files:  65% (8409/12936)
2026-09-27T20:24:12.7705916Z Updating files:  66% (8538/12936)
2026-09-27T20:24:12.7738208Z Updating files:  66% (8665/12936)
2026-09-27T20:24:12.8804892Z Updating files:  67% (8668/12936)
2026-09-27T20:24:12.9321300Z Updating files:  68% (8797/12936)
2026-09-27T20:24:12.9512933Z Updating files:  69% (8926/12936)
2026-09-27T20:24:12.9916827Z Updating files:  70% (9056/12936)
2026-09-27T20:24:13.0242933Z Updating files:  71% (9185/12936)
2026-09-27T20:24:13.0439803Z Updating files:  72% (9314/12936)
2026-09-27T20:24:13.0625519Z Updating files:  73% (9444/12936)
2026-09-27T20:24:13.1079365Z Updating files:  74% (9573/12936)
2026-09-27T20:24:13.1282315Z Updating files:  75% (9702/12936)
2026-09-27T20:24:13.1759345Z Updating files:  76% (9832/12936)
2026-09-27T20:24:13.2207140Z Updating files:  77% (9961/12936)
2026-09-27T20:24:13.2696112Z Updating files:  78% (10091/12936)
2026-09-27T20:24:13.3039722Z Updating files:  79% (10220/12936)
2026-09-27T20:24:13.3379309Z Updating files:  80% (10349/12936)
2026-09-27T20:24:13.3599126Z Updating files:  81% (10479/12936)
2026-09-27T20:24:13.3762033Z Updating files:  82% (10608/12936)
2026-09-27T20:24:13.3897615Z Updating files:  83% (10737/12936)
2026-09-27T20:24:13.4056297Z Updating files:  84% (10867/12936)
2026-09-27T20:24:13.4461541Z Updating files:  85% (10996/12936)
2026-09-27T20:24:13.5331624Z Updating files:  86% (11125/12936)
2026-09-27T20:24:13.5387856Z Updating files:  87% (11255/12936)
2026-09-27T20:24:13.5450959Z Updating files:  88% (11384/12936)
2026-09-27T20:24:13.5754531Z Updating files:  89% (11514/12936)
2026-09-27T20:24:13.6195211Z Updating files:  90% (11643/12936)
2026-09-27T20:24:13.6976022Z Updating files:  91% (11772/12936)
2026-09-27T20:24:13.7704026Z Updating files:  92% (11902/12936)
2026-09-27T20:24:13.8206707Z Updating files:  92% (11934/12936)
2026-09-27T20:24:13.8663566Z Updating files:  93% (12031/12936)
2026-09-27T20:24:13.8852738Z Updating files:  94% (12160/12936)
2026-09-27T20:24:13.9320796Z Updating files:  95% (12290/12936)
2026-09-27T20:24:13.9697453Z Updating files:  96% (12419/12936)
2026-09-27T20:24:13.9828797Z Updating files:  97% (12548/12936)
2026-09-27T20:24:14.0062930Z Updating files:  98% (12678/12936)
2026-09-27T20:24:14.0561783Z Updating files:  99% (12807/12936)
2026-09-27T20:24:14.0562534Z Updating files: 100% (12936/12936)
2026-09-27T20:24:14.0562950Z Updating files: 100% (12936/12936), done.
2026-09-27T20:24:14.0700505Z Reset branch 'master'
2026-09-27T20:24:14.0706044Z branch 'master' set up to track 'origin/master'.
2026-09-27T20:24:14.0812952Z ##[endgroup]
2026-09-27T20:24:14.0888965Z [command]/usr/bin/git log -1 --format=%H
2026-09-27T20:24:14.0899937Z fd607c74b999039a0f712a44bda5bd1740bd89bd
2026-09-27T20:24:14.1161262Z ##[group]Run actions/setup-python@v6
2026-09-27T20:24:14.1161557Z with:
2026-09-27T20:24:14.1161775Z   python-version: 3.12
2026-09-27T20:24:14.1162012Z   check-latest: false
2026-09-27T20:24:14.1164337Z   token: ***
2026-09-27T20:24:14.1164568Z   update-environment: true
2026-09-27T20:24:14.1164997Z   allow-prereleases: false
2026-09-27T20:24:14.1165237Z   freethreaded: false
2026-09-27T20:24:14.1165456Z ##[endgroup]
2026-09-27T20:24:14.2454466Z ##[group]Installed versions
2026-09-27T20:24:14.2539704Z Successfully set up CPython (3.12.14)
2026-09-27T20:24:14.2540432Z ##[endgroup]
2026-09-27T20:24:14.2693586Z ##[group]Run pip install tiktoken jsonschema
2026-09-27T20:24:14.2694004Z [36;1mpip install tiktoken jsonschema[0m
2026-09-27T20:24:14.2973670Z shell: /usr/bin/bash -e {0}
2026-09-27T20:24:14.2973999Z env:
2026-09-27T20:24:14.2974311Z   pythonLocation: /opt/hostedtoolcache/Python/3.12.14/x64
2026-09-27T20:24:14.2974990Z   PKG_CONFIG_PATH: /opt/hostedtoolcache/Python/3.12.14/x64/lib/pkgconfig
2026-09-27T20:24:14.2975431Z   Python_ROOT_DIR: /opt/hostedtoolcache/Python/3.12.14/x64
2026-09-27T20:24:14.2975818Z   Python2_ROOT_DIR: /opt/hostedtoolcache/Python/3.12.14/x64
2026-09-27T20:24:14.2976208Z   Python3_ROOT_DIR: /opt/hostedtoolcache/Python/3.12.14/x64
2026-09-27T20:24:14.2976592Z   LD_LIBRARY_PATH: /opt/hostedtoolcache/Python/3.12.14/x64/lib
2026-09-27T20:24:14.2977183Z ##[endgroup]
2026-09-27T20:24:15.1435919Z Collecting tiktoken
2026-09-27T20:24:15.2370825Z   Downloading tiktoken-0.14.0-cp312-cp312-manylinux_2_28_x86_64.whl.metadata (6.7 kB)
2026-09-27T20:24:15.2749051Z Collecting jsonschema
2026-09-27T20:24:15.2944531Z   Downloading jsonschema-4.26.0-py3-none-any.whl.metadata (7.6 kB)
2026-09-27T20:24:15.7139661Z Collecting regex (from tiktoken)
2026-09-27T20:24:15.7344094Z   Downloading regex-2026.9.10-cp312-cp312-manylinux2014_x86_64.manylinux_2_17_x86_64.manylinux_2_28_x86_64.whl.metadata (40 kB)
2026-09-27T20:24:15.7912795Z Collecting requests (from tiktoken)
2026-09-27T20:24:15.8110292Z   Downloading requests-2.34.2-py3-none-any.whl.metadata (4.8 kB)
2026-09-27T20:24:15.8441277Z Collecting attrs>=22.2.0 (from jsonschema)
2026-09-27T20:24:15.8638857Z   Downloading attrs-26.1.0-py3-none-any.whl.metadata (8.8 kB)
2026-09-27T20:24:15.8915733Z Collecting jsonschema-specifications>=2023.03.6 (from jsonschema)
2026-09-27T20:24:15.9108745Z   Downloading jsonschema_specifications-2025.9.1-py3-none-any.whl.metadata (2.9 kB)
2026-09-27T20:24:15.9453680Z Collecting referencing>=0.28.4 (from jsonschema)
2026-09-27T20:24:15.9645951Z   Downloading referencing-0.37.0-py3-none-any.whl.metadata (2.8 kB)
2026-09-27T20:24:16.2007931Z Collecting rpds-py>=0.25.0 (from jsonschema)
2026-09-27T20:24:16.2203880Z   Downloading rpds_py-2026.6.3-cp312-cp312-manylinux_2_17_x86_64.manylinux2014_x86_64.whl.metadata (4.1 kB)
2026-09-27T20:24:16.2545252Z Collecting typing-extensions>=4.4.0 (from referencing>=0.28.4->jsonschema)
2026-09-27T20:24:16.2739237Z   Downloading typing_extensions-4.16.0-py3-none-any.whl.metadata (3.3 kB)
2026-09-27T20:24:16.4036538Z Collecting charset_normalizer<4,>=2 (from requests->tiktoken)
2026-09-27T20:24:16.4231748Z   Downloading charset_normalizer-3.5.1-cp312-cp312-manylinux2014_x86_64.manylinux_2_17_x86_64.manylinux_2_28_x86_64.whl.metadata (45 kB)
2026-09-27T20:24:16.4582423Z Collecting idna<4,>=2.5 (from requests->tiktoken)
2026-09-27T20:24:16.4776825Z   Downloading idna-3.20-py3-none-any.whl.metadata (7.2 kB)
2026-09-27T20:24:16.5125563Z Collecting urllib3<3,>=1.26 (from requests->tiktoken)
2026-09-27T20:24:16.5323868Z   Downloading urllib3-2.8.0-py3-none-any.whl.metadata (7.4 kB)
2026-09-27T20:24:16.5649803Z Collecting certifi>=2023.5.7 (from requests->tiktoken)
2026-09-27T20:24:16.5842346Z   Downloading certifi-2026.7.22-py3-none-any.whl.metadata (2.5 kB)
2026-09-27T20:24:16.6083564Z Downloading tiktoken-0.14.0-cp312-cp312-manylinux_2_28_x86_64.whl (1.2 MB)
2026-09-27T20:24:16.6865636Z    ━━━━━━━━━━━━━━━━━━━━━━━━━━━━━━━━━━━━━━━━ 1.2/1.2 MB 23.8 MB/s  0:00:00
2026-09-27T20:24:16.7063431Z Downloading jsonschema-4.26.0-py3-none-any.whl (90 kB)
2026-09-27T20:24:16.7281704Z Downloading attrs-26.1.0-py3-none-any.whl (67 kB)
2026-09-27T20:24:16.7492076Z Downloading jsonschema_specifications-2025.9.1-py3-none-any.whl (18 kB)
2026-09-27T20:24:16.7700864Z Downloading referencing-0.37.0-py3-none-any.whl (26 kB)
2026-09-27T20:24:16.7911649Z Downloading rpds_py-2026.6.3-cp312-cp312-manylinux_2_17_x86_64.manylinux2014_x86_64.whl (366 kB)
2026-09-27T20:24:16.8145001Z Downloading typing_extensions-4.16.0-py3-none-any.whl (45 kB)
2026-09-27T20:24:16.8358508Z Downloading regex-2026.9.10-cp312-cp312-manylinux2014_x86_64.manylinux_2_17_x86_64.manylinux_2_28_x86_64.whl (804 kB)
2026-09-27T20:24:16.8582091Z    ━━━━━━━━━━━━━━━━━━━━━━━━━━━━━━━━━━━━━━━━ 804.6/804.6 kB 27.4 MB/s  0:00:00
2026-09-27T20:24:16.8794367Z Downloading requests-2.34.2-py3-none-any.whl (73 kB)
2026-09-27T20:24:16.9014071Z Downloading charset_normalizer-3.5.1-cp312-cp312-manylinux2014_x86_64.manylinux_2_17_x86_64.manylinux_2_28_x86_64.whl (248 kB)
2026-09-27T20:24:16.9232074Z Downloading idna-3.20-py3-none-any.whl (69 kB)
2026-09-27T20:24:16.9443282Z Downloading urllib3-2.8.0-py3-none-any.whl (135 kB)
2026-09-27T20:24:16.9663761Z Downloading certifi-2026.7.22-py3-none-any.whl (136 kB)
2026-09-27T20:24:17.0465720Z Installing collected packages: urllib3, typing-extensions, rpds-py, regex, idna, charset_normalizer, certifi, attrs, requests, referencing, tiktoken, jsonschema-specifications, jsonschema
2026-09-27T20:24:17.5889872Z 
2026-09-27T20:24:17.5907882Z Successfully installed attrs-26.1.0 certifi-2026.7.22 charset_normalizer-3.5.1 idna-3.20 jsonschema-4.26.0 jsonschema-specifications-2025.9.1 referencing-0.37.0 regex-2026.9.10 requests-2.34.2 rpds-py-2026.6.3 tiktoken-0.14.0 typing-extensions-4.16.0 urllib3-2.8.0
2026-09-27T20:24:17.6659865Z ##[group]Run python3 knowledge/_build_survey.py --timeout 60
2026-09-27T20:24:17.6660362Z [36;1mpython3 knowledge/_build_survey.py --timeout 60[0m
2026-09-27T20:24:17.6732742Z shell: /usr/bin/bash -e {0}
2026-09-27T20:24:17.6733013Z env:
2026-09-27T20:24:17.6733300Z   pythonLocation: /opt/hostedtoolcache/Python/3.12.14/x64
2026-09-27T20:24:17.6733757Z   PKG_CONFIG_PATH: /opt/hostedtoolcache/Python/3.12.14/x64/lib/pkgconfig
2026-09-27T20:24:17.6734184Z   Python_ROOT_DIR: /opt/hostedtoolcache/Python/3.12.14/x64
2026-09-27T20:24:17.6734584Z   Python2_ROOT_DIR: /opt/hostedtoolcache/Python/3.12.14/x64
2026-09-27T20:24:17.6735187Z   Python3_ROOT_DIR: /opt/hostedtoolcache/Python/3.12.14/x64
2026-09-27T20:24:17.6735577Z   LD_LIBRARY_PATH: /opt/hostedtoolcache/Python/3.12.14/x64/lib
2026-09-27T20:24:17.6735910Z ##[endgroup]
2026-09-27T20:27:50.6620741Z — 154 steps read from _build_all.STEPS by ast (never imported) · per-step timeout 60s · non-mutating steps only
2026-09-27T20:27:50.6622072Z 
2026-09-27T20:27:50.6622640Z   ✅ [ 3] token blast-radius + graph report — determinism/staleness chec
2026-09-27T20:27:50.6623418Z   ✅ [ 4] token blast-radius + graph report selftest (#79 P6)
2026-09-27T20:27:50.6624156Z   ✅ [ 9] help-gate selftest — 5 mutation bites (#158 class gate)
2026-09-27T20:27:50.6625131Z   ✅ [11] assertion veracity selftest — verbs bite + registry well-forme
2026-09-27T20:27:50.6625723Z   ⊘ [13] capture/provenance selftest (Memento §4.1)  COULD-NOT-ASK
2026-09-27T20:27:50.6626236Z   ✅ [14] gauge-tokens selftest -- counting path + cache + degraded-meas
2026-09-27T20:27:50.6626696Z   ✅ [15] roll-state measurer selftest (#77 T1)
2026-09-27T20:27:50.6627135Z   ✅ [16] commit-seam harness — _git_commit.sh fixture-repo arms (#78-D1
2026-09-27T20:27:50.6627616Z   ✅ [17] GM/LS mover selftest — hardened move mechanics (M5)
2026-09-27T20:27:50.6628038Z   ✅ [18] section-usage instrumentation selftest (#23)
2026-09-27T20:27:50.6628447Z   ✅ [20] lane records determinism check (O1′ #24)
2026-09-27T20:27:50.6628895Z   ✅ [21] lane records selftest — schema refusals + routing contract (O1
2026-09-27T20:27:50.6629377Z   ✅ [26] worklist store selftest — schema presence gates incl. priority
2026-09-27T20:27:50.6629849Z   ✅ [28] decision-graph selftest — conflict gate bites on unresolved/op
2026-09-27T20:27:50.6630344Z   ✅ [29] spine-writer selftest — splice invariants + no-half-writes (#7
2026-09-27T20:27:50.6630855Z   ✅ [38] component-partials sync — AUTO-PARTIAL injection + contracts (
2026-09-27T20:27:50.6631306Z   ✅ [39] component-partials selftest (ADR-0013)
2026-09-27T20:27:50.6631757Z   ✅ [40] token-set distribution sync — AUTO-TOKENS injection (s121-D1)
2026-09-27T20:27:50.6632176Z   ✅ [41] token-set distribution selftest (s121-D1)
2026-09-27T20:27:50.6632530Z   ✅ [43] Behaviour contract selftest (ADR-0015)
2026-09-27T20:27:50.6632923Z   ✅ [45] canon components determinism check (ADR-0013 ruling 4)
2026-09-27T20:27:50.6633330Z   ✅ [47] partial-ratchet selftest (ADR-0013)
2026-09-27T20:27:50.6633739Z   ✅ [50] theme cascade sync — [data-apollo-theme] layer (ADR-0011)
2026-09-27T20:27:50.6634127Z   ✅ [51] theme cascade selftest (ADR-0014)
2026-09-27T20:27:50.6634448Z   ✅ [53] state-snap selftest (ADR-0014)
2026-09-27T20:27:50.6635134Z   ✅ [55] stale-queue selftest — 13 bites incl. both mutation directions
2026-09-27T20:27:50.6635605Z   ✅ [57] palette-tier selftest — 10 mutation bites (s157-D2)
2026-09-27T20:27:50.6636055Z   ✅ [59] showroom sync — generated component library (RULED 2026-07-21)
2026-09-27T20:27:50.6636525Z   ✅ [60] showroom URL-rebase selftest — the srcdoc base-URL trap (2026-
2026-09-27T20:27:50.6637438Z   ⊘ [61] dashboard sync — generated progress dashboard (RULED #164, bui  COULD-NOT-ASK
2026-09-27T20:27:50.6637930Z   ✅ [67] a11y target-measurement selftest (s114-D5)
2026-09-27T20:27:50.6638281Z   ✅ [70] wiring gate selftest — 4 bites
2026-09-27T20:27:50.6638747Z   ⊘ [74] state-contrast gate selftest — paint stack, report arithmetic,  COULD-NOT-ASK
2026-09-27T20:27:50.6639450Z   ✅ [76] type-composites selftest
2026-09-27T20:27:50.6639764Z   ✅ [85] KG edge gate selftest (6 bites)
2026-09-27T20:27:50.6640168Z   ✅ [86] KG token-group generator drift check — _token_nodes.json vs th
2026-09-27T20:27:50.6640631Z   ✅ [87] KG token-group generator selftest — 8 bites (s277-D12)
2026-09-27T20:27:50.6641080Z   ✅ [88] KG node-title generator drift check — _node_titles.json vs the
2026-09-27T20:27:50.6641542Z   ✅ [89] KG node-title generator selftest — 15 bites (#304 W5c; +3 #305
2026-09-27T20:27:50.6641955Z   ✅ [90] KG sources generator in sync — s305-D26 step 5
2026-09-27T20:27:50.6642361Z   ✅ [91] KG sources generator selftest — 9 bites (s305-D26)
2026-09-27T20:27:50.6642732Z   ✅ [93] Token fork-ban selftest (2-direction)
2026-09-27T20:27:50.6643152Z   ✅ [97] binds-resolve selftest — 5 bites incl. any-store clause (#146)
2026-09-27T20:27:50.6643647Z   ✅ [99] chart-intent resolve selftest — 4 bites incl. list case + abse
2026-09-27T20:27:50.6644137Z   ✅ [101] roles/answers resolve selftest — 15 bites incl. in-role priori
2026-09-27T20:27:50.6644622Z   ✅ [103] DataViz gate selftest — bite-tests dv-004 + the dtype vocabula
2026-09-27T20:27:50.6649502Z   ✅ [105] property-resolves gate C2 selftest — 4 bites + a bite-the-bite
2026-09-27T20:27:50.6650011Z   ✅ [107] dataviz var-resolution gate selftest — 8 arms incl. alias chai
2026-09-27T20:27:50.6650509Z   ✅ [109] minted-consumption selftest — 10 arms incl. both false-positiv
2026-09-27T20:27:50.6651012Z   ✅ [111] hidden-attr display selftest — 16 bites incl. the real #218 mu
2026-09-27T20:27:50.6651441Z   ✅ [116] consult tool selftest (advisory)
2026-09-27T20:27:50.6651857Z   ✅ [117] search core selftest — two-stage engine + receipt format (O2′ 
2026-09-27T20:27:50.6652296Z   ✅ [119] memento index determinism check (O2′ #25)
2026-09-27T20:27:50.6652735Z   ✅ [120] memento index selftest — contract refusals + determinism (O2′ 
2026-09-27T20:27:50.6653209Z   ✅ [121] memento search selftest — known-answer retrieval + fetch refus
2026-09-27T20:27:50.6653667Z   ✅ [123] graph mention map determinism check (#115 step 0)
2026-09-27T20:27:50.6654112Z   ✅ [124] graph mention map selftest — hit/miss/refusal bites (#115 step
2026-09-27T20:27:50.6654580Z   ✅ [126] read chain determinism check — stale _CHAIN.md serves a PREVIO
2026-09-27T20:27:50.6655404Z   ✅ [127] read chain selftest — verbatim terms + the CUT + refusal on a 
2026-09-27T20:27:50.6655906Z   ✅ [128] GM size stamp check — a TYPED `size:` figure / drift past the 
2026-09-27T20:27:50.6656373Z   ✅ [129] GM size stamp selftest — the fixed point, the 2-cycle refusal,
2026-09-27T20:27:50.6656881Z   ✅ [131] memento schematic determinism check — a stale diagram publishe
2026-09-27T20:27:50.6657361Z   ✅ [132] memento schematic selftest — figure provenance, caption geomet
2026-09-27T20:27:50.6657853Z   ✅ [134] memento-package delta-audit selftest — mutation-tested, all 4 
2026-09-27T20:27:50.6658307Z   ✅ [136] instrument-fit selftest (advisory, ds-015)
2026-09-27T20:27:50.6658885Z   ✅ [139] could-not-ask convention selftest (#193 — the third verdict's 
2026-09-27T20:27:50.6659423Z   ⊘ [142] governs matcher selftest — the [12]/[13] trigger-index arm, na  COULD-NOT-ASK
2026-09-27T20:27:50.6659960Z   ✅ [143] frozen-release gate — v1/v2 and any baked Spider surface may n
2026-09-27T20:27:50.6660432Z   ✅ [144] frozen-release selftest — 11 bites on a fixture repo incl. the
2026-09-27T20:27:50.6660901Z   ✅ [145] pack ship-list audit — the manifest is byte-identical to a fre
2026-09-27T20:27:50.6661377Z   ✅ [146] release-audit selftest — manifest compare + the pack arm's res
2026-09-27T20:27:50.6662116Z   ⊘ [147] pack-side CI template — parses, ships what it calls, hides not  COULD-NOT-ASK
2026-09-27T20:27:50.6662690Z   ⊘ [148] pack-side CI template selftest — 10 mutants incl. a smuggled c  COULD-NOT-ASK
2026-09-27T20:27:50.6663211Z   ✅ [151] polarity gate — five refusals + content-fresh derived status/e
2026-09-27T20:27:50.6663688Z   ✅ [152] polarity gate selftest — control + every refusal arm on a copy
2026-09-27T20:27:50.6664081Z 
2026-09-27T20:27:50.6664228Z ==============================================================================
2026-09-27T20:27:50.6665296Z SURVEY: 69 pass · 0 FAIL · 6 COULD-NOT-ASK (self-declared refusals) · 0 unaskable (missing/timed out) · 79 not asked (mutating)
2026-09-27T20:27:50.6666052Z ⚠ 'not asked' is NOT 'passing' — it is excluded from the exit code, deliberately.
2026-09-27T20:27:50.6666636Z ⚠ 'COULD-NOT-ASK' is NOT 'passing' either. It is a step that named the input it could
2026-09-27T20:27:50.6667178Z   not reach, so the job does not go red for an ENVIRONMENT fact dressed as an artefact
2026-09-27T20:27:50.6667734Z   verdict (#173/#183, generalised #193). Every one is printed in full below. A step
2026-09-27T20:27:50.6668257Z   that timed out or is MISSING is a different thing and still fails: nobody asked it
2026-09-27T20:27:50.6668650Z   and it never said why.
2026-09-27T20:27:50.6668805Z 
2026-09-27T20:27:50.6669093Z COULD-NOT-ASK (6) — each step's OWN words about the input it could not reach.
2026-09-27T20:27:50.6669610Z These do NOT fail the survey; they also do not pass. If one of them is here because the
2026-09-27T20:27:50.6670196Z environment is wrong rather than because the input is genuinely unreachable, FIX THE ENVIRONMENT:
2026-09-27T20:27:50.6670561Z 
2026-09-27T20:27:50.6670739Z   [13] capture/provenance selftest (Memento §4.1)
2026-09-27T20:27:50.6671130Z       python3 knowledge/_capture_gate.py --selftest   (exit 77)
2026-09-27T20:27:50.6676462Z       COULD-NOT-ASK: _capture_gate.py --selftest — 4 arm(s) read an input this checkout cannot hold — trigger index: ruling ds-034's evidence `outputs/_FINDING-canon-pri-hover-brand-mono-fork-2026-08-06-v1.md` is excluded by this repo's own .gitignore — no checkout can hold it, so whether it has rotted is UNASKABLE here; the machine that wrote it is where that question has an answer · trigger index: ruling ds-034's evidence `outputs/_PARTITION-button-primary-2026-08-06-v1.md` is excluded by this repo's own .gitignore — no checkout can hold it, so whether it has rotted is UNASKABLE here; the machine that wrote it is where that question has an answer · trigger index: ruling ds-035's evidence `outputs/_FINDING-canon-pri-hover-brand-mono-fork-2026-08-06-v1.md` is excluded by this repo's own .gitignore — no checkout can hold it, so whether it has rotted is UNASKABLE here; the machine that wrote it is where that question has an answer · trigger index: ruling s245-D6's evidence `knowledge/_tmp/l3-245/rename-plan.json` is excluded by this repo's own .gitignore — no checkout can hold it, so whether it has rotted is UNASKABLE here; the machine that wrote it is where that question has an answer ⇒ THIS IS NOT A SKIP: every other arm passed here, and these arms have their proof of record on a tree that carries the ignored artefacts (a working session's own repo), never on a bare clone.
2026-09-27T20:27:50.6680815Z 
2026-09-27T20:27:50.6681088Z   [61] dashboard sync — generated progress dashboard (RULED #164, built #165)
2026-09-27T20:27:50.6681545Z       python3 knowledge/gen_dashboard.py --check   (exit 77)
2026-09-27T20:27:50.7097819Z       COULD-NOT-ASK: dashboard/index.html — the page differs, but a live gate baked into it is reading INPUTS OUTSIDE THE COMMITTED TREE, so its verdict — and therefore this page — cannot be reproduced here: provenance names `knowledge/_tmp/l3-245/rename-plan.json`; provenance names `outputs/_FINDING-canon-pri-hover-brand-mono-fork-2026-08-06-v1.md`; provenance names `outputs/_PARTITION-button-primary-2026-08-06-v1.md`. Every one of those paths is untracked, so an environment that has them and one that does not will render different prose from the SAME commit. This is a REFUSAL, not a staleness verdict in either direction: the page's agreement with the stores is UNKNOWN here and is reported as unknown. Ask it where those inputs are present (a working tree that holds them), or commit them.
2026-09-27T20:27:50.7100761Z 
2026-09-27T20:27:50.7101099Z   [74] state-contrast gate selftest — paint stack, report arithmetic, named args
2026-09-27T20:27:50.7101806Z       python3 knowledge/_validate_state_contrast.py --selftest   (exit 77)
2026-09-27T20:27:50.7104080Z       COULD-NOT-ASK: _validate_state_contrast.py — the 'playwright' module is not installed (ModuleNotFoundError("No module named 'playwright'")) — this gate cannot be proven without it; run `pip install playwright && playwright install chromium` ⇒ THIS IS NOT A SKIP: these arms (including the s152-D1 mutation control) run BLOCKING in the `render` job of .github/workflows/gates.yml, which installs chromium — that job is where this gate's proof of record lives. Nothing here is claimed green; the question was unaskable on this box.
2026-09-27T20:27:50.7105871Z 
2026-09-27T20:27:50.7106193Z   [142] governs matcher selftest — the [12]/[13] trigger-index arm, named (#208 legibility)
2026-09-27T20:27:50.7106683Z       python3 knowledge/_governs.py --selftest   (exit 77)
2026-09-27T20:27:50.7111011Z       COULD-NOT-ASK: _governs.py --selftest — 4 evidence pointer(s) name paths this checkout cannot hold: ruling ds-034's evidence `outputs/_FINDING-canon-pri-hover-brand-mono-fork-2026-08-06-v1.md` is excluded by this repo's own .gitignore — no checkout can hold it, so whether it has rotted is UNASKABLE here; the machine that wrote it is where that question has an answer · ruling ds-034's evidence `outputs/_PARTITION-button-primary-2026-08-06-v1.md` is excluded by this repo's own .gitignore — no checkout can hold it, so whether it has rotted is UNASKABLE here; the machine that wrote it is where that question has an answer · ruling ds-035's evidence `outputs/_FINDING-canon-pri-hover-brand-mono-fork-2026-08-06-v1.md` is excluded by this repo's own .gitignore — no checkout can hold it, so whether it has rotted is UNASKABLE here; the machine that wrote it is where that question has an answer · ruling s245-D6's evidence `knowledge/_tmp/l3-245/rename-plan.json` is excluded by this repo's own .gitignore — no checkout can hold it, so whether it has rotted is UNASKABLE here; the machine that wrote it is where that question has an answer
2026-09-27T20:27:50.7114763Z 
2026-09-27T20:27:50.7115109Z   [147] pack-side CI template — parses, ships what it calls, hides nothing (BLOCKING, built #219)
2026-09-27T20:27:50.7115662Z       python3 knowledge/_release/_gate_ci_template.py --check   (exit 77)
2026-09-27T20:27:50.7117015Z       COULD-NOT-ASK: apollo-spider/ci-template/gates.yml — PyYAML is not importable in this environment, and this gate parses the template in YAML rather than guessing at it with string matching. Install it (pip install pyyaml) — the release job in .github/workflows/gates.yml does exactly that
2026-09-27T20:27:50.7117958Z 
2026-09-27T20:27:50.7118292Z   [148] pack-side CI template selftest — 10 mutants incl. a smuggled continue-on-error (#219)
2026-09-27T20:27:50.7118835Z       python3 knowledge/_release/_gate_ci_template.py --selftest   (exit 77)
2026-09-27T20:27:50.7119628Z       COULD-NOT-ASK: the ci-template selftest — PyYAML is not importable, and every arm below parses YAML. Install it (pip install pyyaml).
2026-09-27T20:27:50.7120114Z 
2026-09-27T20:27:50.7120476Z NOT ASKED (79 mutating steps) — run --include-mutating on a clean tree to include them:
2026-09-27T20:27:50.7120903Z   [1] compliance knowledge graph
2026-09-27T20:27:50.7121179Z   [2] token blast-radius + graph report
2026-09-27T20:27:50.7121464Z   [5] guideline rules index (gate)
2026-09-27T20:27:50.7121724Z   [6] runbook index (generated)
2026-09-27T20:27:50.7122001Z   [7] standing-instructions reachability gate
2026-09-27T20:27:50.7122441Z   [8] help-gate — no entry point may write before it reads argv (#158 cl
2026-09-27T20:27:50.7123067Z   [10] assertion veracity gate — claims that can rot
2026-09-27T20:27:50.7123535Z   [12] capture/provenance gate — status+provenance on new notes+dossiers 
2026-09-27T20:27:50.7123951Z   … and 71 more
2026-09-27T20:27:50.7124074Z 
2026-09-27T20:27:50.7124373Z — recorded → /home/runner/work/UX-design/UX-design/notes/_BUILD-VERDICT-LOG.jsonl
2026-09-27T20:27:50.7195305Z ##[group]Run python3 knowledge/_build_all.py
2026-09-27T20:27:50.7195691Z [36;1mpython3 knowledge/_build_all.py[0m
2026-09-27T20:27:50.7263191Z shell: /usr/bin/bash -e {0}
2026-09-27T20:27:50.7263456Z env:
2026-09-27T20:27:50.7263743Z   pythonLocation: /opt/hostedtoolcache/Python/3.12.14/x64
2026-09-27T20:27:50.7264186Z   PKG_CONFIG_PATH: /opt/hostedtoolcache/Python/3.12.14/x64/lib/pkgconfig
2026-09-27T20:27:50.7264612Z   Python_ROOT_DIR: /opt/hostedtoolcache/Python/3.12.14/x64
2026-09-27T20:27:50.7265234Z   Python2_ROOT_DIR: /opt/hostedtoolcache/Python/3.12.14/x64
2026-09-27T20:27:50.7265641Z   Python3_ROOT_DIR: /opt/hostedtoolcache/Python/3.12.14/x64
2026-09-27T20:27:50.7266016Z   LD_LIBRARY_PATH: /opt/hostedtoolcache/Python/3.12.14/x64/lib
2026-09-27T20:27:50.7266339Z ##[endgroup]
2026-09-27T20:27:50.8198480Z Wrote 38 rule files to compliance/rules/
2026-09-27T20:27:50.8199070Z Index: 38 SCs x 135 components
2026-09-27T20:27:50.8199488Z Validation errors: none
2026-09-27T20:27:50.8200165Z Levels: {'AA': 17, 'A': 18, 'AAA': 3} | Severities: {'serious': 29, 'critical': 3, 'minor': 6}
2026-09-27T20:27:50.8200879Z AAA (beyond AA bar): ['2.3.3', '2.4.8', '2.5.5']
2026-09-27T20:28:02.9656875Z 
2026-09-27T20:28:02.9657911Z PARKED DUE — 4 parked item(s) are due at token-report — python3 knowledge/_parked.py --due token-report
2026-09-27T20:28:02.9658510Z wrote tokens/_blast-radius.json and _GRAPH-REPORT.md
2026-09-27T20:28:02.9658891Z tokens defined=1047 referenced=140 components=137
2026-09-27T20:28:02.9659729Z top god-nodes: [('text/default', 109), ('background/default', 74), ('tertiary/background/default', 51), ('icon/default', 46), ('border-radius/surface', 43), ('focus/ring', 40), ('border/subtle', 39), ('text/secondary', 37)]
2026-09-27T20:28:02.9660579Z depricate-still-bound components: 19
2026-09-27T20:28:02.9660854Z orphans: 907
2026-09-27T20:28:15.0886150Z 
2026-09-27T20:28:15.0887463Z PARKED DUE — 4 parked item(s) are due at token-report — python3 knowledge/_parked.py --due token-report
2026-09-27T20:28:15.0888913Z ✓ _build_blast_radius --check PASS — tokens/_blast-radius.json and _GRAPH-REPORT.md match a fresh compute() (content, not mtime)
2026-09-27T20:28:39.1269880Z 
2026-09-27T20:28:39.1271123Z PARKED DUE — 4 parked item(s) are due at token-report — python3 knowledge/_parked.py --due token-report
2026-09-27T20:28:39.1272007Z   selftest (a): compute() is deterministic across two calls ✓
2026-09-27T20:28:39.1272681Z   selftest (b1): identical fixture pair reports zero drift ✓
2026-09-27T20:28:39.1273434Z   selftest (b2): a doctored fixture pair is flagged on BOTH files, each named ✓
2026-09-27T20:28:39.1274124Z   selftest (b3): a missing on-disk file is flagged, never silently treated as a match ✓
2026-09-27T20:28:39.1275218Z selftest PASS — compute() deterministic; --check bites on drift, quiet on a match, never silently passes a missing file (#79 P6)
2026-09-27T20:28:39.1868588Z rules index: 475 rules from 35 engine-era files — {'ADVISORY': 323, 'BLOCKING': 62, 'REVIEW': 34, 'TASTE': 56}
2026-09-27T20:28:39.2158396Z runbook index: 17 runbooks -> _RUNBOOKS.md
2026-09-27T20:28:39.7320226Z selftest OK — discovers 28 standing docs by glob + STANDING: self-declaration.
2026-09-27T20:28:39.7321395Z STANDING-INSTRUCTIONS GATE PASS — 28 standing doc(s) reachable from the spine; GOOD-MORNING structure intact.
2026-09-27T20:28:39.7322611Z   NOTE: memory files live outside the repo and CANNOT be checked here — capture-ritual step 3 is still a human step.
2026-09-27T20:28:41.6519030Z help-gate OK — 262 script(s) scanned; every entry point answers --help before it can write.
2026-09-27T20:28:41.6833750Z   ✓ guard first -> GREEN                             -> GREEN
2026-09-27T20:28:41.6835231Z   ✓ write before guard -> RED                        -> RED  [knowledge/_mutant.py: help gate at statement 4 is TOO LATE — Expr on line 4 runs first]
2026-09-27T20:28:41.6836472Z   ✓ no guard at all -> RED                           -> RED  [knowledge/_mutant.py: NO HELP GATE — add]
2026-09-27T20:28:41.6837817Z   ✓ library module -> GREEN (not an entry point)     -> GREEN
2026-09-27T20:28:41.6838571Z   ✓ argparse owns --help -> GREEN                    -> GREEN
2026-09-27T20:28:41.6839740Z _validate_help_gate --selftest OK — 5 bites (guard-first · write-before-guard RED · missing-guard RED · library · argparse).
2026-09-27T20:28:41.7200827Z selftest OK — 5 verbs bite-tested, 0 native check(s), 8 assertion(s) well-formed, 3 mutation(s) killed.
2026-09-27T20:28:41.7201802Z   [✓] ASSERT-001 blocker      0 matches in root=repo
2026-09-27T20:28:41.7202390Z       ⚠ last verified 39d ago, window is 30d
2026-09-27T20:28:41.7203028Z   [✓] ASSERT-002 environment  1 match(es) in root=repo
2026-09-27T20:28:41.7203812Z   [✓] ASSERT-004 regression   needle='text-transform:uppercase' in root=repo
2026-09-27T20:28:41.7204941Z   [✓] ASSERT-005 environment  needle='knowledge/assets/fonts/' in root=repo
2026-09-27T20:28:41.7205707Z   [✓] ASSERT-006 environment  1 match(es) in root=repo
2026-09-27T20:28:41.7207500Z   [⊘] ASSERT-007 blocker      ROOT UNRESOLVED — root 'mount' unreachable HERE: no '<session>/mnt' ancestor of ROOT=/home/runner/work/UX-design/UX-design (running outside the sandbox mount) — an environment fact, not a registry defect
2026-09-27T20:28:41.7209012Z       ⚠ last verified 52d ago, window is 30d
2026-09-27T20:28:41.7209537Z   [✓] ASSERT-008 environment  1 match(es) in root=repo
2026-09-27T20:28:41.7210209Z   [✓] ASSERT-009 environment  count=138 (want eq 138) in root=repo
2026-09-27T20:28:41.7210638Z 
2026-09-27T20:28:41.7211006Z   ⚠ 2 blocker(s) past their recheck window — re-test deliberately:
2026-09-27T20:28:41.7211655Z       ASSERT-001: last verified 39d ago, window is 30d
2026-09-27T20:28:41.7213275Z         clears when: The Latin webfont files (WOFF + WOFF2) physically land in knowledge/assets/fonts/. Watch for Ultralight in the pack — a sixth weight below Thin = a TYPE RULING, not an asset drop.
2026-09-27T20:28:41.7214602Z       ASSERT-007: last verified 52d ago, window is 30d
2026-09-27T20:28:41.7216316Z         clears when: The mount layout changes and .auto-memory/ is no longer reachable from the shell — at which point the zero-fill route is genuinely gone and every doc telling a session to check disk first is wrong.
2026-09-27T20:28:41.7217560Z 
2026-09-27T20:28:41.7219415Z COULD-NOT-ASK: assertion gate — 1 of 8 claim(s) untestable in this environment, 0 false — ASSERT-007: ROOT UNRESOLVED — root 'mount' unreachable HERE: no '<session>/mnt' ancestor of ROOT=/home/runner/work/UX-design/UX-design (running outside the sandbox mount) — an environment fact, not a registry defect
2026-09-27T20:28:41.7506296Z selftest OK — 5 verbs bite-tested, 0 native check(s), 8 assertion(s) well-formed, 3 mutation(s) killed.
2026-09-27T20:28:42.3467376Z   ⚠️  WARN ds-021 (C) DECLARED GAP — `knowledge/_boot_decompose.py` counts in cl100k and cannot name a REAL tier. BUILT #242 lane F (the boot DECOMPOSITION `_boot_remeasure.py`'s two hard-coded paths could not give), REGISTERED AT THE WRAP THAT SHIPPED IT — ds-021 (C) caught it unregistered on its first gate run, which is the birth-catch the bite exists for. WHY 'estimate-only': every component figure it prints is a cl100k TAPE count over the DISK-RESIDENT boot inputs; a REAL boot figure comes only from `message.usage`, which this file never sees — it takes the real total as `--real N` from the caller and prints the harness remainder as `<real> − Σ(ours, tape)` labelled ESTIMATED-BY-SUBTRACTION, because that subtraction mixes units BY CONSTRUCTION. ⛔ Its tape figures are never summed with, scaled to, or compared against a `real` measurement [[measure-dont-convert-units]].
2026-09-27T20:28:42.3473573Z   ⚠️  WARN ds-021 (C) DECLARED GAP — `knowledge/_boot_remeasure.py` counts in cl100k and cannot name a REAL tier. BUILT #214 under `s214-D5` half 2 (per-session boot re-measure over the mounted disk-resident boot inputs), and REGISTERED HERE AT THE WRAP THAT SHIPPED IT — the ds-021 (C) bite caught it unregistered on its first gate run, which is the birth-catch the bite exists for. It counts in tiktoken cl100k ONLY and can name NO real tier: its output is a TAPE PROXY kept for SHAPE and DELTA across sessions, and the row that owns it (`W-99za`) already declares exactly that — this entry MIRRORS that declaration, it does not make a new one. ⛔ Its figures are NEVER summed with, scaled to, or compared against a `real` measurement [[measure-dont-convert-units]]; the consumer is the boot-band re-base sitting, which is DAVE'S.
2026-09-27T20:28:42.3479462Z   ⚠️  WARN ds-021 (C) DECLARED GAP — `knowledge/_compose_slice.py` counts in cl100k and cannot name a REAL tier. BORN #270 (lane 2, the compose-time door). It encodes with tiktoken cl100k ONLY to report the SIZE of a context slice against the metas it replaces (the ~6x / ~25x figures on notes/_PROPOSAL-compose-time-door-2026-09-14-v1.html) - a RATIO between two texts it measures the SAME way, never a budget figure and never a FILL claim. It cannot name a REAL tier: it does not call _gauge_tokens.count() and has no API path, so estimate-only is the honest label rather than a tier it would have to borrow. REGISTERED AT THE #270 WRAP AS A DECLARATION, NOT A RULING - ds-021 (C) asks a counting site to declare what it can name, and leaving it unregistered is the 27-sessions-of-silence failure this registry exists to stop. Whether the door is WIRED at all is Dave's, and is untouched by this entry.
2026-09-27T20:28:42.3483020Z   ⚠️  WARN ds-021 (C) DECLARED GAP — `knowledge/_context_gauge.py` counts in cl100k and cannot name a REAL tier. REFUSES without tiktoken unless --estimate labels the output (#74). Honest about estimate-vs-nothing; still blind to cl100k-vs-real.
2026-09-27T20:28:42.3487628Z   ⚠️  WARN ds-021 (C) DECLARED GAP — `knowledge/_memory_cap_check.py` counts in cl100k and cannot name a REAL tier. BUILT #244 lane C (the mechanised `MEMORY.md` cap), REGISTERED AT #244 lane V — ds-021 (C) caught it unregistered on its first gate run, which is the birth-catch the bite exists for. WHY 'estimate-only': cl100k tape of a non-repo file; never a real-token claim. The file it grades is the Cowork auto-memory index resolved through the `/sessions/*/mnt` glob, so it is OUTSIDE the repo and no `message.usage` figure can ever be taken over it — the only reading available is a tiktoken cl100k TAPE count, kept for SHAPE and DELTA (the `s243-D1` stub measured 1,502 tape against a MEMORY_CAP_TAPE of 1,802). ⛔ Its tape figures are never summed with, scaled to, or compared against a `real` measurement [[measure-dont-convert-units]]; the arm it feeds (`memory_cap_check`) is ADVISORY (`MEMORY_CAP_BLOCKING = False`) precisely because the graded file does not exist on a non-Cowork tree [[gate-cannot-pass-in-one-environment]].
2026-09-27T20:28:42.3499812Z   ⚠️  WARN ds-021 (C) DECLARED GAP — `knowledge/_seam.py` counts in cl100k and cannot name a REAL tier. BORN #283 (the lane-seam check, `s283-D1`); the FIRST COUNTING SITE was added at #285 by lane SC with the fourth STANDING block (Dave: "yes to the seam re-quoting the standing constraints"), the SECOND at #286 by lane T with the INSEAT block (#285's move 2: "`_seam.py` measures the conductor's own tool-output tokens since the last seam and warns above a threshold"). BOTH are estimate-only for the SAME reason, and the second is declared here rather than left to ride on the first entry's coat-tails — a registry entry that names one site while the file has two is the stale pin this gate exists to catch. `inseat_tokens()` encodes the CONDUCTOR'S OWN `tool_result` text out of the live transcript (non-sidechain records, lane returns split out) with tiktoken cl100k ONLY, to size what was spent in the seat since the last seam; the threshold it is judged against (`INSEAT_WARN_TK` = 10,000) is PICKED, NOT RULED, and says so on the line it prints on. ⚠ It is NEVER a FILL claim: the seam's FILL line is `_checkin.py`'s REAL reading, and this number measures a DIFFERENT OBJECT (tool output landing in the window, not the window) — they are never converted into one another [[measure-dont-convert-units]]. Unavailable tiktoken makes the line read `?` and the verdict read UNMEASURED; it is never read as 0, and the seam's selftest holds that arm. `standing_tokens()` encodes the printed constraint block with tiktoken cl100k ONLY, to size the tail it prints — it never calls `_gauge_tokens.count()`, has no API path, and the figure is never a FILL claim or a budget figure; the seam's FILL line is `_checkin.py`'s REAL reading, imported, not re-derived here. So estimate-only is the honest label rather than a tier it would have to borrow, and the unit is NAMED on the line it prints on (`STANDING <n> lines · <tokens> cl100k`). ⚠ Unavailable tiktoken prints `?`, never a guessed number, and the seam's selftest FAILS on `?` rather than passing a blind arm. REGISTERED AT THE #285 WRAP AS A DECLARATION, NOT A RULING — the `_compose_slice.py` precedent (#270 wrap) exactly: ds-021 (C) asks a counting site to declare what it can name, this site was born unregistered in this session's own commit `b99d092c`, and it is THIS SEAT'S fail to close rather than an inherited one. Whether `_standing.md` itself is ever inscribed is Dave's and is untouched by this entry.
2026-09-27T20:28:42.3507705Z capture gate [build]: 242 in scope · 0 fail · 6 warn
2026-09-27T20:28:42.9430824Z ⚠ DUPLICATE HEADING: gm-archive:2b-wave-1-rulings-1-7-unchanged-rule-with-the-above at _GM-ARCHIVE.md:5579 and _GM-ARCHIVE.md:6659
2026-09-27T20:28:42.9432525Z ⚠ DUPLICATE HEADING: gm-archive:3-the-standing-eyeball-set-non-blocking-your-foundations-fir at _GM-ARCHIVE.md:5601 and _GM-ARCHIVE.md:6682
2026-09-27T20:28:42.9433644Z ⚠ DUPLICATE HEADING: gm-archive:4b-queued-button-states-finesse-pass-dave-2026-07-22-not-now at _GM-ARCHIVE.md:5563 and _GM-ARCHIVE.md:6756
2026-09-27T20:28:42.9434586Z ⚠ DUPLICATE HEADING: gm-archive:5-parked-unchanged at _GM-ARCHIVE.md:5574 and _GM-ARCHIVE.md:6767
2026-09-27T20:28:42.9436353Z ⚠ DUPLICATE HEADING: ls-archive:prior-delta-2026-07-26-sun-evening-opus-solo-self-conducting at _LIVE-STATE-ARCHIVE.md:5441 and _LIVE-STATE-ARCHIVE.md:5456
2026-09-27T20:28:42.9437509Z ⚠ DUPLICATE HEADING: component:icon-button at knowledge/_proforma/icon-button.meta.json:1 and knowledge/components/icon-button.meta.json:1
2026-09-27T20:28:43.8043978Z ⚠ DUPLICATE HEADING: gm-archive:2b-wave-1-rulings-1-7-unchanged-rule-with-the-above at _GM-ARCHIVE.md:5579 and _GM-ARCHIVE.md:6659
2026-09-27T20:28:43.8046012Z ⚠ DUPLICATE HEADING: gm-archive:3-the-standing-eyeball-set-non-blocking-your-foundations-fir at _GM-ARCHIVE.md:5601 and _GM-ARCHIVE.md:6682
2026-09-27T20:28:43.8047837Z ⚠ DUPLICATE HEADING: gm-archive:4b-queued-button-states-finesse-pass-dave-2026-07-22-not-now at _GM-ARCHIVE.md:5563 and _GM-ARCHIVE.md:6756
2026-09-27T20:28:43.8049325Z ⚠ DUPLICATE HEADING: gm-archive:5-parked-unchanged at _GM-ARCHIVE.md:5574 and _GM-ARCHIVE.md:6767
2026-09-27T20:28:43.8050929Z ⚠ DUPLICATE HEADING: ls-archive:prior-delta-2026-07-26-sun-evening-opus-solo-self-conducting at _LIVE-STATE-ARCHIVE.md:5441 and _LIVE-STATE-ARCHIVE.md:5456
2026-09-27T20:28:43.8052378Z ⚠ DUPLICATE HEADING: component:icon-button at knowledge/_proforma/icon-button.meta.json:1 and knowledge/components/icon-button.meta.json:1
2026-09-27T20:28:51.9720696Z   ❌ FAIL GOOD-MORNING.md: no `pre-flight:` stamp — the handoff must carry the estimate the session was priced with (runbook § ★ Half 0b). Form (Dave #56, REAL TOKENS): `pre-flight: boot N (disk N measured · harness ~N est ±N) + job N est + wrap N est = N of 256,000 — BAND`
2026-09-27T20:28:51.9721997Z   ❌ FAIL GOOD-MORNING.md: section marker(s) not found (DO-FIRST, §A, §C) — ritual step 2
2026-09-27T20:28:51.9723163Z   ❌ FAIL boot-drift: notes/_GAUGE-LOG.md is MISSING — the boot band is DERIVED from that file (`s240-D1`), so with it absent there is no band and nothing to check. This is the #109 condition (a rule with no consumer), not a clean pass.
2026-09-27T20:28:51.9725391Z   ❌ FAIL lane-routing: GM §C·1 eager ROUTING line MISSING (⛔ ROUTING) — externalised records without the eager pointer is the cold-session-defaults-onto-Apollo failure
2026-09-27T20:28:51.9727023Z   ❌ FAIL TITLE GENERATION: no `knowledge/_gen_titles_receipt.json` found — `python3 knowledge/_gen_titles.py --session <N>` was not run this wrap. RENAME and NEXT-TITLE must be MECHANISED (#120 residual ⓪), never hand-authored prose.
2026-09-27T20:28:51.9728249Z   ❌ FAIL _LIVE-STATE.md: "Last refreshed" zone does not carry today (2026-07-27) — refresh it (ritual steps 1 / 2) before closing
2026-09-27T20:28:51.9729098Z   ❌ FAIL GOOD-MORNING.md: header date zone does not carry today (2026-07-27) — refresh it (ritual steps 1 / 2) before closing
2026-09-27T20:28:51.9730051Z   ⚠️  WARN B2 PLAN BLOCK check SKIPPED — no `_CHAIN.md` under /tmp/tmp2cs4ea6j, so this is not a state tree. NOT a pass: the seam was not graded here.
2026-09-27T20:28:51.9731162Z   ⚠️  WARN ⛔ INSTRUMENT-STRAY GATE DID NOT RUN for `knowledge/assets` (git exit 128: fatal: not a git repository (or any of the parent directories): .git) — UNKNOWN, not clean.
2026-09-27T20:28:51.9732258Z   ⚠️  WARN SHARED HELPER: the dedup comparer DID NOT RUN — `git ls-files` could not answer under /tmp/tmp2cs4ea6j. UNKNOWN, not a single implementation.
2026-09-27T20:28:51.9733243Z   ▫️  s263-D10 RULINGS PAGE check SKIPPED — no `knowledge/_rulings.json` under /tmp/tmp2cs4ea6j, so this is not a state tree. NOT a pass.
2026-09-27T20:28:51.9734272Z   ▫️  REGISTER↔STORE JOIN SKIPPED — register not present under /tmp/tmp2cs4ea6j. NOT a pass: the join was not made here.
2026-09-27T20:28:51.9735479Z   ▫️  REGEN SERIAL SKIPPED — the serial's own home is unreadable (no `knowledge/_build_all.py` under this tree). NOT a pass: the ordered set was never read, so nothing was compared.
2026-09-27T20:28:51.9736598Z   ▫️  FILED SUB-REPORTS: no `notes/_subreports/` under /tmp/tmp2cs4ea6j — nothing filed here, so nothing to cite. NOT a pass: the check did not run.
2026-09-27T20:28:51.9737542Z   ▫️  FILED SUB-REPORT LINES: no `notes/_subreports/` under /tmp/tmp2cs4ea6j — nothing filed here. NOT a pass: the check did not run.
2026-09-27T20:28:51.9738222Z   ▫️  · no `_to_delete/` in this tree — nothing held, nothing to age.
2026-09-27T20:28:51.9739499Z   ▫️  memory-cap: DID NOT RUN — no Cowork mount matched /sessions/*/mnt and no --path was given — the auto-memory index lives OUTSIDE this repo, so on a non-Cowork tree there is genuinely nothing to grade. This is UNKNOWN, not a pass: the auto-memory index is a Cowork surface outside this repo.
2026-09-27T20:28:51.9740692Z   ▫️  section-usage: strata marker absent — probe skipped (honest skip, not a pass)
2026-09-27T20:28:51.9741250Z   ▫️  usage-history: no testimony found — UNMEASURED, not assumed clean.
2026-09-27T20:28:51.9741810Z   ▫️  consult-receipts: strata marker absent — probe skipped (honest skip, not a pass)
2026-09-27T20:28:51.9742567Z   ▫️  retrieval index: FRESH — 2338 records byte-match the live corpus, so retrieval-first quotes this session's truth.
2026-09-27T20:28:51.9743479Z   ▫️  s295-D2 ENACTED-SHA check SKIPPED — no `knowledge/_rulings.json` in this tree. A fixture tree is not a state the rule has an opinion about.
2026-09-27T20:28:51.9745525Z   ▫️  hook re-check (`s271-D4`): DECLARED SKIP — no Cowork mount matched /sessions/*/mnt and no --path was given — the auto-memory index lives OUTSIDE this repo, so on a non-Cowork tree there is genuinely nothing to grade. The memory store lives OUTSIDE this repo (a Cowork surface); on a tree without it there is genuinely nothing to re-read. This is UNKNOWN, never a pass. Pass an explicit hook path to drive it.
2026-09-27T20:28:51.9747110Z   ▫️  ds-022 continuity: no _GAUGE-LOG.md or no GOOD-MORNING.md — UNMEASURED, not assumed clean.
2026-09-27T20:28:51.9747692Z   ▫️  subs-line: no notes/_GAUGE-LOG.md — UNMEASURED, not assumed clean.
2026-09-27T20:28:51.9748448Z   ▫️  stop-line: knowledge/_RUNBOOK-context-gauge.md absent — UNMEASURED, not passed.
2026-09-27T20:28:51.9749055Z   ▫️  stop-line: knowledge/_RUNBOOK-capture-ritual.md absent — UNMEASURED, not passed.
2026-09-27T20:28:51.9749743Z   ▫️  ds-023 stop line: STATED in all 2 trigger homes (reconciled #54 — the runbook used to contradict itself).
2026-09-27T20:28:51.9750732Z   ▫️  ds-022 (d) unkeyed: no notes/_GAUGE-LOG.md — UNMEASURED, not assumed clean. (An absent file is not a clean file; the M10 refusal pattern.)
2026-09-27T20:28:51.9751687Z   ▫️  roll-claim check: no ★ LATEST banner found — UNMEASURED (a different check already fails the wrap for this state; not re-raised here).
2026-09-27T20:28:51.9752876Z   ▫️  stale-top-item fence: `knowledge/_rulings.json` UNREADABLE (knowledge/_rulings.json does not exist) — the fence is UNMEASURED this wrap. That is NOT the same as 'no owed claim is contradicted'.
2026-09-27T20:28:51.9754204Z   ▫️  2c carry gate: no ★ LATEST + ★ PRIOR pair found — UNMEASURED. ⛔ Not a pass: with one banner there is nothing to carry FROM, and the banner structure itself is graded by other checks.
2026-09-27T20:28:51.9756160Z   ▫️  PRE-FLIGHT stamp: graded in REAL TOKENS (Dave #56 — amber 160,000 · working 256,000 · hard 300,000); the % band's enforcement was RETIRED #74-D3 (history: ledger § #36, runbook ds-023). Whether the fill figure is HONEST is still not observable here — and the wrap term is RING-FENCED at any mid-session re-price (#74-D2, runbook § Half 0b (a′)).
2026-09-27T20:28:51.9758025Z   ▫️  PRE-FLIGHT stamp: FORM checked only. Whether the fill figure is honest, and whether a mid-job re-price actually happened, are NOT observable here — discipline, not enforcement (_RUNBOOK-context-gauge.md § ★ Half 0b).
2026-09-27T20:28:51.9759442Z   ▫️  HONEST SKIP — memory-store checks (MEMORY.md pointers, memory-file fields): outside the repo, invisible to this gate. Session checks them by hand at ritual step 3 (D1a — unenforced by design).
2026-09-27T20:28:51.9760730Z   ▫️  #119 sweep re-checker (s186-D2, pass 6 P1): 21 frozen 'UNPROVEN by this sweep' status string(s) in `_rulings.json` — unchanged. Counted, never rewritten; refuses only on growth.
2026-09-27T20:28:51.9761478Z capture gate [wrap]: 0 in scope · 7 fail · 3 warn
2026-09-27T20:28:51.9762672Z   ⛔ STRUCTURAL GOOD-MORNING.md: no `pre-flight:` stamp — the handoff must carry the estimate the session was priced with (runbook § ★ Half 0b). Form (Dave #56, REAL TOKENS): `pre-flight: boot N (disk N measured · harness ~N est ±N) + job N est + wrap N est = N of 256,000 — BAND`
2026-09-27T20:28:51.9763833Z   ⛔ STRUCTURAL GOOD-MORNING.md: section marker(s) not found (DO-FIRST, §A, §C) — ritual step 2
2026-09-27T20:28:51.9765248Z   ⛔ STRUCTURAL boot-drift: notes/_GAUGE-LOG.md is MISSING — the boot band is DERIVED from that file (`s240-D1`), so with it absent there is no band and nothing to check. This is the #109 condition (a rule with no consumer), not a clean pass.
2026-09-27T20:28:51.9766647Z   ⛔ STRUCTURAL lane-routing: GM §C·1 eager ROUTING line MISSING (⛔ ROUTING) — externalised records without the eager pointer is the cold-session-defaults-onto-Apollo failure
2026-09-27T20:28:51.9768106Z   ⛔ STRUCTURAL TITLE GENERATION: no `knowledge/_gen_titles_receipt.json` found — `python3 knowledge/_gen_titles.py --session <N>` was not run this wrap. RENAME and NEXT-TITLE must be MECHANISED (#120 residual ⓪), never hand-authored prose.
2026-09-27T20:28:51.9769290Z   ▫️  heals-at-wrap: _LIVE-STATE.md: "Last refreshed" zone does not carry today (2026-07-27) — refresh it (ritual steps 1
2026-09-27T20:28:51.9770097Z   ▫️  heals-at-wrap: GOOD-MORNING.md: header date zone does not carry today (2026-07-27) — refresh it (ritual steps 1 / 2
2026-09-27T20:28:51.9771215Z rehearsal [wrap-gate, early]: 5 STRUCTURAL fail(s) — fix NOW, cheap · 2 heals-at-wrap (ritual steps 1/2) · 3 warn(s) (was 3 at the last logged run) (run --wrap for bodies) · logged → notes/_REHEARSAL-LOG.jsonl
2026-09-27T20:28:51.9772195Z capture gate [build]: 0 in scope · 0 fail · 0 warn
2026-09-27T20:28:51.9772776Z   ▫️  #82-D1 real tier UNSUPPRESSED for one probe: observed 'cl100k' (offline/absent — legal, and declared)
2026-09-27T20:29:06.1829889Z _governs: ⬛ DECLARED (#208) — ruling s202-D3 governs the BARE token `knowledge`, which is a real DIRECTORY. Before #208 it matched every path carrying a `knowledge` segment (the too-loose arm, and the reason the negative control and [13] were red); it now governs NOTHING. REACH LOST HERE. Remedy: name the files/symbols it really governs, via `_inscribe_ruling.py` — the only legal writer of _rulings.json. ⛔ That scope is Dave's call, not this gate's.
2026-09-27T20:29:06.1835419Z _governs: ⬛ DECLARED (#208) — ruling s217-D5 governs the BARE token `showroom`, which is a real DIRECTORY. Before #208 it matched every path carrying a `showroom` segment (the too-loose arm, and the reason the negative control and [13] were red); it now governs NOTHING. REACH LOST HERE. Remedy: name the files/symbols it really governs, via `_inscribe_ruling.py` — the only legal writer of _rulings.json. ⛔ That scope is Dave's call, not this gate's.
2026-09-27T20:29:06.1840607Z _governs: ⬛ DECLARED (#208) — ruling s237-D9 governs the BARE token `apollo-spider`, which is a real DIRECTORY. Before #208 it matched every path carrying a `apollo-spider` segment (the too-loose arm, and the reason the negative control and [13] were red); it now governs NOTHING. REACH LOST HERE. Remedy: name the files/symbols it really governs, via `_inscribe_ruling.py` — the only legal writer of _rulings.json. ⛔ That scope is Dave's call, not this gate's.
2026-09-27T20:29:06.1846057Z _governs: ⬛ DECLARED (#208) — ruling s238-D5 governs the BARE token `apollo-spider`, which is a real DIRECTORY. Before #208 it matched every path carrying a `apollo-spider` segment (the too-loose arm, and the reason the negative control and [13] were red); it now governs NOTHING. REACH LOST HERE. Remedy: name the files/symbols it really governs, via `_inscribe_ruling.py` — the only legal writer of _rulings.json. ⛔ That scope is Dave's call, not this gate's.
2026-09-27T20:29:06.1868339Z _governs: ⬛ DECLARED (#208) — 89 `governs` entr(ies) name a DIRECTORY with a path separator; they governed no file BEFORE #208 and govern none after (unchanged, pre-existing under-specification, not a #208 narrowing): dv-2px-separation→knowledge/snippets, opacity-primitives→knowledge/canon, opacity-primitives→knowledge/snippets, showroom-one-bar-chrome→knowledge/snippets/, showroom-one-bar-chrome→showroom/, snippets-pure-canon→knowledge/snippets/, opacity-primitives-4pct→knowledge/, ds-028→knowledge/snippets/, ds-030→knowledge/snippets/, ds-034→knowledge/snippets/, ds-035→knowledge/tokens/themes/, s114-D4→designer-skills-v1/, s114-D4→designer-skills-v2/, s114-D7→memento-package/, s135-D3→knowledge/components/, s193-D1→memento-package/, s198-D1→knowledge/tokens, s198-D2→knowledge/tokens, s199-D1→knowledge/tokens, s199-D2→knowledge/tokens, s199-D3→knowledge/tokens, s200-D1→knowledge/tokens, s200-D2→knowledge/tokens, s200-D3→knowledge/tokens, s200-D4→knowledge/tokens, s201-D1→knowledge/tokens, s201-D2→knowledge/tokens, s201-D3→knowledge/tokens, s201-D4→knowledge/tokens, s201-D5→knowledge/tokens, s202-D1→knowledge/tokens, s202-D2→knowledge/tokens, s216-D1→knowledge/tokens/themes, s217-D2→knowledge/canon, s217-D2→knowledge/tokens/themes, s217-D3→knowledge/canon, s217-D5→knowledge/canon, s219-D4→designer-skills-v1/, s219-D4→designer-skills-v2/, s219-D4→memento-package/, s219-D5→knowledge/_release/, s219-D6→knowledge/_release/, s219-D7→knowledge/_release/, s219-D7→memento-package/, s219-D8→knowledge/_release/, s219-D9→knowledge/_release/, s219-D9→apollo-spider/, s219-D10→knowledge/_release/, s219-D10→apollo-spider/, s237-D7→notes/_briefs, s245-D1→knowledge/components/, s245-D3→knowledge/components/, s245-D4→knowledge/components/, s245-D5→knowledge/components/, s245-D10→knowledge/tokens, s251-D3→knowledge/components/, s251-D4→knowledge/components/, s251-D5→knowledge/components/, s251-D6→knowledge/components/, s251-D7→knowledge/components/, s251-D8→knowledge/components/, s251-D9→knowledge/components/, s251-D10→knowledge/components/, s251-D11→knowledge/components/, s251-D12→knowledge/components/, s260-D3→knowledge/_tests/chart-engine/, s261-D1→knowledge/snippets/, s261-D1→apollo-spider/, s261-D8→showroom/, s261-D8→reviews/, s268-D1→apollo-spider/dist/, s268-D2→apollo-spider/dist/, s268-D3→apollo-spider/dist/, s268-D4→apollo-spider/dist/, s268-D6→knowledge/components/, s273-D1→knowledge/components, s273-D2→knowledge/components, s276-D1→knowledge/compliance/rules, s276-D2→knowledge/compliance/rules, s277-D4→knowledge/assets/logos/, s277-D5→knowledge/components/, s277-D7→knowledge/assets/logos/, s277-D9→knowledge/guidelines/, s277-D10→designer-skills-v2/, s277-D12→knowledge/tokens/, s278-D1→designer-skills-v2/, s279-D1→designer-skills-v2/, s279-D1→knowledge/_release/, s282-D4→knowledge/assets/logos/
2026-09-27T20:29:06.1887186Z _governs: COULD-NOT-ASK — ruling ds-034's evidence `outputs/_FINDING-canon-pri-hover-brand-mono-fork-2026-08-06-v1.md` is excluded by this repo's own .gitignore — no checkout can hold it, so whether it has rotted is UNASKABLE here; the machine that wrote it is where that question has an answer
2026-09-27T20:29:06.1890659Z _governs: COULD-NOT-ASK — ruling ds-034's evidence `outputs/_PARTITION-button-primary-2026-08-06-v1.md` is excluded by this repo's own .gitignore — no checkout can hold it, so whether it has rotted is UNASKABLE here; the machine that wrote it is where that question has an answer
2026-09-27T20:29:06.1894108Z _governs: COULD-NOT-ASK — ruling ds-035's evidence `outputs/_FINDING-canon-pri-hover-brand-mono-fork-2026-08-06-v1.md` is excluded by this repo's own .gitignore — no checkout can hold it, so whether it has rotted is UNASKABLE here; the machine that wrote it is where that question has an answer
2026-09-27T20:29:06.1896721Z _governs: SKIPPED anchor on superseded ruling s129-D1 (superseded_by s171-D1): `knowledge/_gauge_tokens.py#BOOT_FIRSTTURN_TK = 54_859`
2026-09-27T20:29:06.1898171Z _governs: SKIPPED anchor on superseded ruling s129-D1 (superseded_by s171-D1): `knowledge/_gauge_tokens.py#RE-BASED #129, 2026-08-08`
2026-09-27T20:29:06.1899585Z _governs: SKIPPED anchor on superseded ruling s129-D1 (superseded_by s171-D1): `knowledge/_capture_gate.py#if "boot" not in ln.lower():`
2026-09-27T20:29:06.1900933Z _governs: SKIPPED anchor on superseded ruling s129-D1 (superseded_by s171-D1): `notes/_GAUGE-LOG.md##### 2026-08-08 #129`
2026-09-27T20:29:06.1902399Z _governs: SKIPPED anchor on superseded ruling s129-D1 (superseded_by s171-D1): `notes/_MEMENTO-DECISIONS.md#THE BOOT FLOOR IS RE-BASED: 75,899`
2026-09-27T20:29:06.1905088Z _governs: COULD-NOT-ASK — ruling s245-D6's evidence `knowledge/_tmp/l3-245/rename-plan.json` is excluded by this repo's own .gitignore — no checkout can hold it, so whether it has rotted is UNASKABLE here; the machine that wrote it is where that question has an answer
2026-09-27T20:29:06.1906585Z 
2026-09-27T20:29:06.1906749Z -- index freshness (#32) --
2026-09-27T20:29:06.1907638Z [OK] index-freshness: FRESH index passes and reports it (the detectable-when-present half)
2026-09-27T20:29:06.1908572Z [OK] index-freshness: STALE index fails — the #32 defect itself
2026-09-27T20:29:06.1909137Z [OK] index-freshness: ABSENT index fails
2026-09-27T20:29:06.1909821Z [OK] index-freshness: corpus REFUSAL fails and names the offending source (the #30 case)
2026-09-27T20:29:06.1910368Z 
2026-09-27T20:29:06.1910541Z -- rulings page freshness (s263-D10) --
2026-09-27T20:29:06.1911346Z [OK] rulings-freshness: no _rulings.json ⇒ SKIPPED out loud and declared NOT a pass
2026-09-27T20:29:06.1912149Z [OK] rulings-freshness: a never-generated _RULINGS.html FAILS
2026-09-27T20:29:06.1912987Z [OK] rulings-freshness: a FRESH page passes AND reports FRESH (the detectable-when-present half)
2026-09-27T20:29:06.1914013Z [OK] rulings-freshness: a page STALE against the store FAILS, and the failure names the fix command
2026-09-27T20:29:06.1914617Z 
2026-09-27T20:29:06.1914986Z -- stale-top-item fence (s161-D4, #161) --
2026-09-27T20:29:06.1916327Z [OK] stale-top: STALE_TOP_BLOCKING pin is True (BLOCKING at birth, s161-D4 — a flip must land WITH its ruled demotion and edit this pin in the same edit; the M10 pattern)
2026-09-27T20:29:06.1917519Z [OK] stale-top: the REAL #160 claim FAILS (the defect itself)
2026-09-27T20:29:06.1918122Z [OK] stale-top: the fail quotes the CLAIMING LINE verbatim
2026-09-27T20:29:06.1918916Z [OK] stale-top: the fail quotes the STORE's status verbatim
2026-09-27T20:29:06.1919693Z [OK] stale-top: it fires once per surface — GM and the chain both scanned
2026-09-27T20:29:06.1920516Z [OK] stale-top: the note reports the measurement (lines scanned + window), never a remedy
2026-09-27T20:29:06.1921900Z [OK] stale-top: MUTATION: with the owed vocabulary emptied the RED fixture PASSES — the bite above is THIS check's, not some other check's
2026-09-27T20:29:06.1923132Z [OK] stale-top: GREEN: an owed claim on a ruling the store calls NOT ENACTED passes
2026-09-27T20:29:06.1924036Z [OK] stale-top: USE vs MENTION: an owed-shaped clause that cites its own enactment is EXEMPT
2026-09-27T20:29:06.1925147Z [OK] stale-top: SCOPE: the identical sentence in a narrative line is NOT scanned (#77's lesson)
2026-09-27T20:29:06.1926162Z [OK] stale-top: an absent store is UNMEASURED and SAYS SO — never silently green
2026-09-27T20:29:06.1927046Z     ✓ generates against the live repo (no refusal on a healthy tree)
2026-09-27T20:29:06.1927861Z     ✓ carries the GM header+LATEST term VERBATIM (not a summary of it)
2026-09-27T20:29:13.2685178Z ⚠ DUPLICATE HEADING: gm-archive:2b-wave-1-rulings-1-7-unchanged-rule-with-the-above at _GM-ARCHIVE.md:5579 and _GM-ARCHIVE.md:6659
2026-09-27T20:29:13.2687102Z ⚠ DUPLICATE HEADING: gm-archive:3-the-standing-eyeball-set-non-blocking-your-foundations-fir at _GM-ARCHIVE.md:5601 and _GM-ARCHIVE.md:6682
2026-09-27T20:29:13.2688913Z ⚠ DUPLICATE HEADING: gm-archive:4b-queued-button-states-finesse-pass-dave-2026-07-22-not-now at _GM-ARCHIVE.md:5563 and _GM-ARCHIVE.md:6756
2026-09-27T20:29:13.2690391Z ⚠ DUPLICATE HEADING: gm-archive:5-parked-unchanged at _GM-ARCHIVE.md:5574 and _GM-ARCHIVE.md:6767
2026-09-27T20:29:13.2691996Z ⚠ DUPLICATE HEADING: ls-archive:prior-delta-2026-07-26-sun-evening-opus-solo-self-conducting at _LIVE-STATE-ARCHIVE.md:5441 and _LIVE-STATE-ARCHIVE.md:5456
2026-09-27T20:29:13.2693237Z ⚠ DUPLICATE HEADING: component:icon-button at knowledge/_proforma/icon-button.meta.json:1 and knowledge/components/icon-button.meta.json:1
2026-09-27T20:29:13.7692825Z     ✓ carries the LS ⏱ LATEST delta VERBATIM
2026-09-27T20:29:13.7693717Z     ✓ is materially smaller than GOOD-MORNING.md (7,737 vs 34,481 tape (cl100k ESTIMATE), 22.4% of it, floor <40%; tier measured, not assumed: tiktoken cl100k_base)
2026-09-27T20:29:13.7694944Z     ✓ BOTH SIDES OF THE RATIO ARE ON ONE MEASURER — chain `tiktoken cl100k_base` vs GOOD-MORNING `tiktoken cl100k_base`, so the percentage above has a unit
2026-09-27T20:29:13.7695751Z     ✓ STAMP IS EXACT — the published figure equals this file's own measured size
2026-09-27T20:29:13.7696609Z     ✓ published figure is the FILE, not the slice — the two differ and the file is bigger
2026-09-27T20:29:13.7697155Z     ✓ footer NAMES THE UNIT — a bare token count is a defect (ds-021)
2026-09-27T20:29:13.7697630Z     ✓ says GENERATED / DO-NOT-HAND-EDIT at the very top (line 1)
2026-09-27T20:29:13.7698085Z     ✓ tells the reader NOT to open GOOD-MORNING.md to check
2026-09-27T20:29:13.7698485Z     ✓ names retrieval as the door for everything else
2026-09-27T20:29:13.7698927Z     ✓ the {{BUILD_VERDICT}} marker NEVER leaks into the chain unrendered
2026-09-27T20:29:13.7699465Z     ✓ BUILD-STEP FIGURE IS RE-DERIVED AND MATCHES DISK (154 steps, measured now)
2026-09-27T20:29:13.7700062Z     ✓ the plant planted — a verdict figure was moved off disk (else the next bite is vacuous)
2026-09-27T20:29:13.7700659Z     ✓ a WRONG verdict figure is CAUGHT even with the true count elsewhere in the file
2026-09-27T20:29:13.7701129Z     ✓ step labels are 1:1 with rows (no duplicates)
2026-09-27T20:29:13.7701576Z     ✓ with NO run record the line says the green count is NOT DERIVABLE
2026-09-27T20:29:13.7702070Z     ✓ …and it names the remedy instead of a number (`_build_survey.py`)
2026-09-27T20:29:13.7702568Z     ✓ …and it re-stamps NOTHING — the old pinned 75-of-N form cannot reappear
2026-09-27T20:29:13.7703286Z     ✓ …and it names BOTH rulings, so the next session cannot 'helpfully' type it
2026-09-27T20:29:13.7703830Z     ✓ with a record the GREEN COUNT IS THE RUN'S, not len(STEPS) at a pinned sha
2026-09-27T20:29:13.7704357Z     ✓ a run of the SAME-sized build declares no size difference (no false alarm)
2026-09-27T20:29:13.7705060Z     ✓ a run of a SMALLER build: the total is STILL disk's, never the run's
2026-09-27T20:29:13.7705807Z     ✓ …and the size difference is DECLARED, naming both counts
2026-09-27T20:29:13.7706433Z     ✓ …and the steps the run never saw are counted in NO record, never green
2026-09-27T20:29:13.7706965Z     ✓ a run of a LARGER build: total is disk's and the vanished steps are DECLARED
2026-09-27T20:29:13.7707580Z     ✓ the run's sha and date are published beside it (an unattributed verdict is not a verdict)
2026-09-27T20:29:13.7708180Z     ✓ a stale record DECLARES itself against HEAD rather than passing as current
2026-09-27T20:29:13.7708704Z     ✓ steps in NO record are called out — never asked is never green
2026-09-27T20:29:13.7709203Z     ✓ the #62 clause SURVIVES as its own fact, generated from its own AST
2026-09-27T20:29:13.7709692Z     ✓ an absent STEPS assignment REFUSES BY NAME (never returns a count)
2026-09-27T20:29:13.7710179Z     ✓ a NON-LITERAL STEPS refuses rather than counting something else
2026-09-27T20:29:13.7710721Z     ✓ TITLE BLOCK IS FIRST — above the verbatim GM slice (position was the defect)
2026-09-27T20:29:13.7711239Z     ✓ DETERMINISTIC — two builds of an unchanged tree are byte-identical
2026-09-27T20:29:13.7712268Z   ✅ _CHAIN.md: 7,677 tiktoken cl100k_base · GM header+LATEST 5175 tk · LS LATEST delta only (of 36 delta lines) 1654 tk · FILE 7,677 tiktoken cl100k_base = slice 6,829 + wrapper 848 · fixed point in 2 pass(es)
2026-09-27T20:29:13.7713658Z   ✅ _CHAIN.md is FRESH — byte-matches the live chain · GM header+LATEST 5175 tk · LS LATEST delta only (of 36 delta lines) 1654 tk · FILE 7,677 tiktoken cl100k_base = slice 6,829 + wrapper 848 · fixed point in 2 pass(es)
2026-09-27T20:29:13.7714877Z     ✓ --check PASSES on a freshly generated file
2026-09-27T20:29:13.7715759Z   ✅ _CHAIN.md: 7,800 tiktoken cl100k_base · GM header+LATEST 5298 tk · LS LATEST delta only (of 36 delta lines) 1654 tk · FILE 7,800 tiktoken cl100k_base = slice 6,952 + wrapper 848 · fixed point in 2 pass(es)
2026-09-27T20:29:13.7716780Z     ✓ the fixture really was generated at another sha (a plant that did not plant would make every bite below vacuous)
2026-09-27T20:29:13.7717663Z     ✓ the fixture DIFFERS from a fresh render — i.e. the old byte comparison WOULD have called this stale, which is the defect being fixed
2026-09-27T20:29:13.7718713Z     ✓ --check is GREEN on a HEAD-ONLY advance — the chain's own content still matches GOOD-MORNING.md / _LIVE-STATE.md
2026-09-27T20:29:13.7719494Z     ✓ and it SAYS SO, naming BOTH shas — the honest comparison stays visible rather than being normalised into silence
2026-09-27T20:29:13.7720391Z     ✓ a HEAD-only advance is NEVER called FRESH without the qualifier (a bare FRESH would claim the file matches a fresh render, which it does not)
2026-09-27T20:29:13.7721282Z     ✓ REAL content staleness is STILL RED even when HEAD has also advanced — the re-ask does not launder drift
2026-09-27T20:29:13.7721926Z     ✓ and it is called STALE, not could-not-ask — real drift is a content verdict
2026-09-27T20:29:13.7722450Z     ✓ a PRE-SET head pin makes --check REFUSE (could-not-ask), never pass
2026-09-27T20:29:13.7723091Z     ✓ the environment refusal does NOT call it STALE either — it is a measurement refusal, not a content verdict
2026-09-27T20:29:13.7724163Z   ✅ _CHAIN.md: 7,800 tiktoken cl100k_base · GM header+LATEST 5298 tk · LS LATEST delta only (of 36 delta lines) 1654 tk · FILE 7,800 tiktoken cl100k_base = slice 6,952 + wrapper 848 · fixed point in 2 pass(es)
2026-09-27T20:29:13.7725720Z   ✅ _CHAIN.md is FRESH — byte-matches the live chain · GM header+LATEST 5298 tk · LS LATEST delta only (of 36 delta lines) 1654 tk · FILE 7,800 tiktoken cl100k_base = slice 6,952 + wrapper 848 · fixed point in 2 pass(es)
2026-09-27T20:29:13.7727433Z     ✓ tree restored — the SAME fresh tree reports FRESH again, unharmed by the arms above
2026-09-27T20:29:13.7728388Z     ✓ --check on a degraded instrument still exits non-zero (refuses, not a silent pass)
2026-09-27T20:29:13.7729640Z     ✓ --check's message does NOT call it STALE — that misnames a measurement problem as a content problem (the #58 defect, reproduced here)
2026-09-27T20:29:13.7730770Z     ✓ --check's message names the DEGRADED INSTRUMENT so the cause is legible
2026-09-27T20:29:13.7732432Z   ✅ _CHAIN.md is FRESH — byte-matches the live chain · GM header+LATEST 5298 tk · LS LATEST delta only (of 36 delta lines) 1654 tk · FILE 7,800 tiktoken cl100k_base = slice 6,952 + wrapper 848 · fixed point in 2 pass(es)
2026-09-27T20:29:13.7733904Z     ✓ instrument restored — the SAME fresh tree reports FRESH again, unharmed
2026-09-27T20:29:13.7735353Z     ✓ the freshly written chain carries a READABLE unit stamp (the clause has something to compare — an unreadable stamp would make the arm below vacuous)
2026-09-27T20:29:13.7736834Z     ✓ the stamp mutation actually changed the file (a plant that did not plant would make every bite below an assertion)
2026-09-27T20:29:13.7737822Z     ✓ stamped_tier() reads the MUTATED stamp back as the other tier
2026-09-27T20:29:13.7738625Z     ✓ --check on a tier divergence exits non-zero (refuses, never a silent pass)
2026-09-27T20:29:13.7739410Z     ✓ --check exits the COULD-NOT-ASK code (77), not the failure code
2026-09-27T20:29:13.7740009Z     ✓ --check calls it COULD-NOT-ASK
2026-09-27T20:29:13.7740651Z     ✓ the refusal's first marked line is machine-readable by `cna.reason_in`
2026-09-27T20:29:13.7741850Z     ✓ --check does NOT call it STALE — a tier divergence is a measurement problem and naming it staleness is the #173 defect, reproduced here
2026-09-27T20:29:13.7743220Z     ✓ the refusal NAMES BOTH TIERS, so a reader can see which two instruments disagreed rather than being handed a shrug
2026-09-27T20:29:13.7744219Z     ✓ --check on an UNREADABLE stamp refuses with the convention's code
2026-09-27T20:29:13.7746503Z     ✓ --check calls an unreadable stamp COULD-NOT-ASK, not STALE
2026-09-27T20:29:13.7748105Z   ✅ _CHAIN.md is FRESH — byte-matches the live chain · GM header+LATEST 5298 tk · LS LATEST delta only (of 36 delta lines) 1654 tk · FILE 7,800 tiktoken cl100k_base = slice 6,952 + wrapper 848 · fixed point in 2 pass(es)
2026-09-27T20:29:13.7749760Z     ✓ stamp restored — the SAME tree reports FRESH again, so the clause does not false-fire on an agreeing stamp
2026-09-27T20:29:13.7751621Z   ✗ _CHAIN.md is STALE — it does not match GOOD-MORNING.md / _LIVE-STATE.md as they now stand, so a cold session would read a PREVIOUS session's record as if it were current. Run `python3 knowledge/_gen_chain.py` and stage the result.
2026-09-27T20:29:13.7753334Z     ✓ --check FAILS on a hand-edited file (the stale-record class)
2026-09-27T20:29:13.7754574Z     ✓ and that failure is a FAILURE, not a refusal — a real staleness on the reachable tier still exits 1, so the COULD-NOT-ASK path did not swallow the gate
2026-09-27T20:29:13.7755951Z   ✗ _CHAIN.md is MISSING — run `python3 knowledge/_gen_chain.py` and stage it
2026-09-27T20:29:13.7756654Z     ✓ --check FAILS when the file is missing entirely
2026-09-27T20:29:13.7757364Z     ✓ REFUSES a STALE title (title #N == ★ LATEST #N, the skipped-mint state)
2026-09-27T20:29:13.7758183Z     ✓ REFUSES (with a reason) when GM has no ★ LATEST banner — no cheerful blank
2026-09-27T20:29:13.7758832Z   ✅ _gen_chain selftest: all bites pass
2026-09-27T20:29:13.7760644Z   ⛔ STRUCTURAL GOOD-MORNING.md: no `pre-flight:` stamp — the handoff must carry the estimate the session was priced with (runbook § ★ Half 0b). Form (Dave #56, REAL TOKENS): `pre-flight: boot N (disk N measured · harness ~N est ±N) + job N est + wrap N est = N of 256,000 — BAND`
2026-09-27T20:29:13.7762509Z   ⛔ STRUCTURAL GOOD-MORNING.md: section marker(s) not found (DO-FIRST, §A, §C) — ritual step 2
2026-09-27T20:29:14.0719128Z ⚠ DUPLICATE HEADING: gm-archive:2b-wave-1-rulings-1-7-unchanged-rule-with-the-above at _GM-ARCHIVE.md:5579 and _GM-ARCHIVE.md:6659
2026-09-27T20:29:14.0720730Z ⚠ DUPLICATE HEADING: gm-archive:3-the-standing-eyeball-set-non-blocking-your-foundations-fir at _GM-ARCHIVE.md:5601 and _GM-ARCHIVE.md:6682
2026-09-27T20:29:14.0722479Z ⚠ DUPLICATE HEADING: gm-archive:4b-queued-button-states-finesse-pass-dave-2026-07-22-not-now at _GM-ARCHIVE.md:5563 and _GM-ARCHIVE.md:6756
2026-09-27T20:29:14.0723904Z ⚠ DUPLICATE HEADING: gm-archive:5-parked-unchanged at _GM-ARCHIVE.md:5574 and _GM-ARCHIVE.md:6767
2026-09-27T20:29:14.0725798Z ⚠ DUPLICATE HEADING: ls-archive:prior-delta-2026-07-26-sun-evening-opus-solo-self-conducting at _LIVE-STATE-ARCHIVE.md:5441 and _LIVE-STATE-ARCHIVE.md:5456
2026-09-27T20:29:14.0727671Z ⚠ DUPLICATE HEADING: component:icon-button at knowledge/_proforma/icon-button.meta.json:1 and knowledge/components/icon-button.meta.json:1
2026-09-27T20:29:14.8759581Z ⚠ DUPLICATE HEADING: gm-archive:2b-wave-1-rulings-1-7-unchanged-rule-with-the-above at _GM-ARCHIVE.md:5579 and _GM-ARCHIVE.md:6659
2026-09-27T20:29:14.8760933Z ⚠ DUPLICATE HEADING: gm-archive:3-the-standing-eyeball-set-non-blocking-your-foundations-fir at _GM-ARCHIVE.md:5601 and _GM-ARCHIVE.md:6682
2026-09-27T20:29:14.8762069Z ⚠ DUPLICATE HEADING: gm-archive:4b-queued-button-states-finesse-pass-dave-2026-07-22-not-now at _GM-ARCHIVE.md:5563 and _GM-ARCHIVE.md:6756
2026-09-27T20:29:14.8762965Z ⚠ DUPLICATE HEADING: gm-archive:5-parked-unchanged at _GM-ARCHIVE.md:5574 and _GM-ARCHIVE.md:6767
2026-09-27T20:29:14.8764001Z ⚠ DUPLICATE HEADING: ls-archive:prior-delta-2026-07-26-sun-evening-opus-solo-self-conducting at _LIVE-STATE-ARCHIVE.md:5441 and _LIVE-STATE-ARCHIVE.md:5456
2026-09-27T20:29:14.8765573Z ⚠ DUPLICATE HEADING: component:icon-button at knowledge/_proforma/icon-button.meta.json:1 and knowledge/components/icon-button.meta.json:1
2026-09-27T20:29:15.4613750Z   ⛔ STRUCTURAL boot-drift: notes/_GAUGE-LOG.md is MISSING — the boot band is DERIVED from that file (`s240-D1`), so with it absent there is no band and nothing to check. This is the #109 condition (a rule with no consumer), not a clean pass.
2026-09-27T20:29:15.4616406Z   ⛔ STRUCTURAL lane-routing: GM §C·1 eager ROUTING line MISSING (⛔ ROUTING) — externalised records without the eager pointer is the cold-session-defaults-onto-Apollo failure
2026-09-27T20:29:15.4618724Z   ⛔ STRUCTURAL TITLE GENERATION: no `knowledge/_gen_titles_receipt.json` found — `python3 knowledge/_gen_titles.py --session <N>` was not run this wrap. RENAME and NEXT-TITLE must be MECHANISED (#120 residual ⓪), never hand-authored prose.
2026-09-27T20:29:15.4621020Z   ▫️  heals-at-wrap: _LIVE-STATE.md: "Last refreshed" zone does not carry today (2026-07-27) — refresh it (ritual steps 1
2026-09-27T20:29:15.4622347Z   ▫️  heals-at-wrap: GOOD-MORNING.md: header date zone does not carry today (2026-07-27) — refresh it (ritual steps 1 / 2
2026-09-27T20:29:15.4624208Z rehearsal [wrap-gate, early]: 5 STRUCTURAL fail(s) — fix NOW, cheap · 2 heals-at-wrap (ritual steps 1/2) · 3 warn(s) (run --wrap for bodies) · logged → notes/_REHEARSAL-LOG.jsonl
2026-09-27T20:29:15.4626882Z   ❌ FAIL GOOD-MORNING.md: no `pre-flight:` stamp — the handoff must carry the estimate the session was priced with (runbook § ★ Half 0b). Form (Dave #56, REAL TOKENS): `pre-flight: boot N (disk N measured · harness ~N est ±N) + job N est + wrap N est = N of 256,000 — BAND`
2026-09-27T20:29:15.4628728Z   ❌ FAIL GOOD-MORNING.md: section marker(s) not found (DO-FIRST, §A, §C) — ritual step 2
2026-09-27T20:29:15.4630537Z   ❌ FAIL boot-drift: notes/_GAUGE-LOG.md is MISSING — the boot band is DERIVED from that file (`s240-D1`), so with it absent there is no band and nothing to check. This is the #109 condition (a rule with no consumer), not a clean pass.
2026-09-27T20:29:15.4632709Z   ❌ FAIL lane-routing: GM §C·1 eager ROUTING line MISSING (⛔ ROUTING) — externalised records without the eager pointer is the cold-session-defaults-onto-Apollo failure
2026-09-27T20:29:15.4635194Z   ❌ FAIL TITLE GENERATION: no `knowledge/_gen_titles_receipt.json` found — `python3 knowledge/_gen_titles.py --session <N>` was not run this wrap. RENAME and NEXT-TITLE must be MECHANISED (#120 residual ⓪), never hand-authored prose.
2026-09-27T20:29:15.4637036Z   ❌ FAIL _LIVE-STATE.md: "Last refreshed" zone does not carry today (2026-07-27) — refresh it (ritual steps 1 / 2) before closing
2026-09-27T20:29:15.4638287Z   ❌ FAIL GOOD-MORNING.md: header date zone does not carry today (2026-07-27) — refresh it (ritual steps 1 / 2) before closing
2026-09-27T20:29:15.4640904Z   ⚠️  WARNS 3 UNCHANGED warn(s) since the rehearse record of 2026-07-27 — NAMED, bodies suppressed (`s241-D2`); run `python3 knowledge/_capture_gate.py --wrap --warns-full` for the bodies: B2 PLAN BLOCK check SKIPPED — no `_CHAIN.md` under /tmp/ · ⛔ INSTRUMENT-STRAY GATE DID NOT RUN for `knowledge/asset · SHARED HELPER: the dedup comparer DID NOT RUN — `git ls-
2026-09-27T20:29:15.4643322Z   ▫️  s263-D10 RULINGS PAGE check SKIPPED — no `knowledge/_rulings.json` under /tmp/tmpi452qo7d, so this is not a state tree. NOT a pass.
2026-09-27T20:29:15.4644866Z   ▫️  REGISTER↔STORE JOIN SKIPPED — register not present under /tmp/tmpi452qo7d. NOT a pass: the join was not made here.
2026-09-27T20:29:15.4646464Z   ▫️  REGEN SERIAL SKIPPED — the serial's own home is unreadable (no `knowledge/_build_all.py` under this tree). NOT a pass: the ordered set was never read, so nothing was compared.
2026-09-27T20:29:15.4648130Z   ▫️  FILED SUB-REPORTS: no `notes/_subreports/` under /tmp/tmpi452qo7d — nothing filed here, so nothing to cite. NOT a pass: the check did not run.
2026-09-27T20:29:15.4649552Z   ▫️  FILED SUB-REPORT LINES: no `notes/_subreports/` under /tmp/tmpi452qo7d — nothing filed here. NOT a pass: the check did not run.
2026-09-27T20:29:15.4650553Z   ▫️  · no `_to_delete/` in this tree — nothing held, nothing to age.
2026-09-27T20:29:15.4652436Z   ▫️  memory-cap: DID NOT RUN — no Cowork mount matched /sessions/*/mnt and no --path was given — the auto-memory index lives OUTSIDE this repo, so on a non-Cowork tree there is genuinely nothing to grade. This is UNKNOWN, not a pass: the auto-memory index is a Cowork surface outside this repo.
2026-09-27T20:29:15.4654231Z   ▫️  section-usage: strata marker absent — probe skipped (honest skip, not a pass)
2026-09-27T20:29:15.4655174Z   ▫️  usage-history: no testimony found — UNMEASURED, not assumed clean.
2026-09-27T20:29:15.4655981Z   ▫️  consult-receipts: strata marker absent — probe skipped (honest skip, not a pass)
2026-09-27T20:29:15.4657053Z   ▫️  retrieval index: FRESH — 2338 records byte-match the live corpus, so retrieval-first quotes this session's truth.
2026-09-27T20:29:15.4658608Z   ▫️  s295-D2 ENACTED-SHA check SKIPPED — no `knowledge/_rulings.json` in this tree. A fixture tree is not a state the rule has an opinion about.
2026-09-27T20:29:15.4661615Z   ▫️  hook re-check (`s271-D4`): DECLARED SKIP — no Cowork mount matched /sessions/*/mnt and no --path was given — the auto-memory index lives OUTSIDE this repo, so on a non-Cowork tree there is genuinely nothing to grade. The memory store lives OUTSIDE this repo (a Cowork surface); on a tree without it there is genuinely nothing to re-read. This is UNKNOWN, never a pass. Pass an explicit hook path to drive it.
2026-09-27T20:29:15.4664112Z   ▫️  ds-022 continuity: no _GAUGE-LOG.md or no GOOD-MORNING.md — UNMEASURED, not assumed clean.
2026-09-27T20:29:15.4665217Z   ▫️  subs-line: no notes/_GAUGE-LOG.md — UNMEASURED, not assumed clean.
2026-09-27T20:29:15.4666138Z   ▫️  stop-line: knowledge/_RUNBOOK-context-gauge.md absent — UNMEASURED, not passed.
2026-09-27T20:29:15.4667149Z   ▫️  stop-line: knowledge/_RUNBOOK-capture-ritual.md absent — UNMEASURED, not passed.
2026-09-27T20:29:15.4668315Z   ▫️  ds-023 stop line: STATED in all 2 trigger homes (reconciled #54 — the runbook used to contradict itself).
2026-09-27T20:29:15.4669741Z   ▫️  ds-022 (d) unkeyed: no notes/_GAUGE-LOG.md — UNMEASURED, not assumed clean. (An absent file is not a clean file; the M10 refusal pattern.)
2026-09-27T20:29:15.4671366Z   ▫️  roll-claim check: no ★ LATEST banner found — UNMEASURED (a different check already fails the wrap for this state; not re-raised here).
2026-09-27T20:29:15.4673305Z   ▫️  stale-top-item fence: `knowledge/_rulings.json` UNREADABLE (knowledge/_rulings.json does not exist) — the fence is UNMEASURED this wrap. That is NOT the same as 'no owed claim is contradicted'.
2026-09-27T20:29:15.4675541Z   ▫️  2c carry gate: no ★ LATEST + ★ PRIOR pair found — UNMEASURED. ⛔ Not a pass: with one banner there is nothing to carry FROM, and the banner structure itself is graded by other checks.
2026-09-27T20:29:15.4678566Z   ▫️  PRE-FLIGHT stamp: graded in REAL TOKENS (Dave #56 — amber 160,000 · working 256,000 · hard 300,000); the % band's enforcement was RETIRED #74-D3 (history: ledger § #36, runbook ds-023). Whether the fill figure is HONEST is still not observable here — and the wrap term is RING-FENCED at any mid-session re-price (#74-D2, runbook § Half 0b (a′)).
2026-09-27T20:29:15.4681302Z   ▫️  PRE-FLIGHT stamp: FORM checked only. Whether the fill figure is honest, and whether a mid-job re-price actually happened, are NOT observable here — discipline, not enforcement (_RUNBOOK-context-gauge.md § ★ Half 0b).
2026-09-27T20:29:15.4683535Z   ▫️  HONEST SKIP — memory-store checks (MEMORY.md pointers, memory-file fields): outside the repo, invisible to this gate. Session checks them by hand at ritual step 3 (D1a — unenforced by design).
2026-09-27T20:29:15.4685820Z   ▫️  #119 sweep re-checker (s186-D2, pass 6 P1): 21 frozen 'UNPROVEN by this sweep' status string(s) in `_rulings.json` — unchanged. Counted, never rewritten; refuses only on growth.
2026-09-27T20:29:15.4687091Z capture gate [wrap]: 0 in scope · 7 fail · 3 warn
2026-09-27T20:29:15.4688273Z   ❌ FAIL notes/2026-07-26-bad-date.md: `provenance:` carries no parseable YYYY-MM-DD date (take it from `date`, never from belief — T-D12)
2026-09-27T20:29:15.4689835Z   ❌ FAIL notes/2026-07-26-missing-status.md: missing `status:` line (vocab: floated | inferred | observed | ruled | standing)
2026-09-27T20:29:15.4691424Z   ❌ FAIL notes/2026-07-26-ruled-no-pointer.md: `status: ruled` names no ledger — promotion is Dave's alone and must point at its ledger/ADR entry
2026-09-27T20:29:15.4692981Z   ❌ FAIL notes/2026-07-26-unknown-status.md: unknown status `vibes` (vocab: floated | inferred | observed | ruled | standing)
2026-09-27T20:29:15.4693997Z capture gate [build]: 5 in scope · 4 fail · 0 warn
2026-09-27T20:29:15.4695314Z   ❌ FAIL notes/2026-07-26-bad-date.md: `provenance:` carries no parseable YYYY-MM-DD date (take it from `date`, never from belief — T-D12)
2026-09-27T20:29:15.4697122Z   ❌ FAIL notes/2026-07-26-missing-status.md: missing `status:` line (vocab: floated | inferred | observed | ruled | standing)
2026-09-27T20:29:15.4698634Z   ❌ FAIL notes/2026-07-26-ruled-no-pointer.md: `status: ruled` names no ledger — promotion is Dave's alone and must point at its ledger/ADR entry
2026-09-27T20:29:15.4700398Z   ❌ FAIL notes/2026-07-26-unknown-status.md: unknown status `vibes` (vocab: floated | inferred | observed | ruled | standing)
2026-09-27T20:29:15.4702044Z   ⚠️  WARN B2 PLAN BLOCK check SKIPPED — no `_CHAIN.md` under /tmp/tmp380nsq2q, so this is not a state tree. NOT a pass: the seam was not graded here.
2026-09-27T20:29:15.4703823Z   ⚠️  WARN ⛔ INSTRUMENT-STRAY GATE DID NOT RUN for `knowledge/assets` (git exit 128: fatal: not a git repository (or any of the parent directories): .git) — UNKNOWN, not clean.
2026-09-27T20:29:15.4705700Z   ⚠️  WARN SHARED HELPER: the dedup comparer DID NOT RUN — `git ls-files` could not answer under /tmp/tmp380nsq2q. UNKNOWN, not a single implementation.
2026-09-27T20:29:15.4707158Z   ▫️  s263-D10 RULINGS PAGE check SKIPPED — no `knowledge/_rulings.json` under /tmp/tmp380nsq2q, so this is not a state tree. NOT a pass.
2026-09-27T20:29:15.4708453Z   ▫️  REGISTER↔STORE JOIN SKIPPED — register not present under /tmp/tmp380nsq2q. NOT a pass: the join was not made here.
2026-09-27T20:29:15.4710343Z   ▫️  REGEN SERIAL SKIPPED — the serial's own home is unreadable (no `knowledge/_build_all.py` under this tree). NOT a pass: the ordered set was never read, so nothing was compared.
2026-09-27T20:29:15.4712125Z   ▫️  FILED SUB-REPORTS: no `notes/_subreports/` under /tmp/tmp380nsq2q — nothing filed here, so nothing to cite. NOT a pass: the check did not run.
2026-09-27T20:29:15.4713737Z   ▫️  FILED SUB-REPORT LINES: no `notes/_subreports/` under /tmp/tmp380nsq2q — nothing filed here. NOT a pass: the check did not run.
2026-09-27T20:29:15.4715014Z   ▫️  · no `_to_delete/` in this tree — nothing held, nothing to age.
2026-09-27T20:29:15.4717073Z   ▫️  memory-cap: DID NOT RUN — no Cowork mount matched /sessions/*/mnt and no --path was given — the auto-memory index lives OUTSIDE this repo, so on a non-Cowork tree there is genuinely nothing to grade. This is UNKNOWN, not a pass: the auto-memory index is a Cowork surface outside this repo.
2026-09-27T20:29:15.4719385Z   ▫️  LANE WRAP (--lane, S-D2): GOOD-MORNING header check SKIPPED — lane sessions are ruled outside the GM queue; _LIVE-STATE §🔀 is their record and its check still bites.
2026-09-27T20:29:15.4720891Z   ▫️  LANE WRAP: pre-flight-stamp check SKIPPED too — the stamp lives in GOOD-MORNING.md, which lane sessions do not write.
2026-09-27T20:29:15.4723150Z   ▫️  LANE WRAP: section growth contracts (2e/2f), the banner/§A/chain budgets, the retirement-receipts proxy, the section-usage probe, the consult-receipt probe and the lane-routing check are all SKIPPED — same reason. A lane session cannot be charged for a file it is ruled out of writing.
2026-09-27T20:29:15.4726150Z   ▫️  LANE WRAP: the #32 retrieval-index freshness check is SKIPPED — a lane session does not write GM/LS, so it cannot stale the index. ⚠ If lanes ever gain a write path into either file, this exemption must go with it.
2026-09-27T20:29:15.4727932Z   ▫️  LANE WRAP: the roll-claim check (T2, #77) is SKIPPED too — same reason, the residual it grades lives in GOOD-MORNING.md.
2026-09-27T20:29:15.4730092Z   ▫️  LANE WRAP: the stale-top-item fence (s161-D4, #161) is SKIPPED — its scope is the `residual → #N` home in the GOOD-MORNING/_CHAIN ★ LATEST banners, which lane sessions do not write. ⚠ If lanes ever gain a hand-off line of their own, this exemption must go with it.
2026-09-27T20:29:15.4732559Z   ▫️  HONEST SKIP — memory-store checks (MEMORY.md pointers, memory-file fields): outside the repo, invisible to this gate. Session checks them by hand at ritual step 3 (D1a — unenforced by design).
2026-09-27T20:29:15.4734632Z   ▫️  #119 sweep re-checker (s186-D2, pass 6 P1): 21 frozen 'UNPROVEN by this sweep' status string(s) in `_rulings.json` — unchanged. Counted, never rewritten; refuses only on growth.
2026-09-27T20:29:15.4736288Z capture gate [wrap]: 5 in scope · 4 fail · 3 warn
2026-09-27T20:29:15.4737208Z   ⊘ capture-gate selftest: every reachable arm passed; 4 arm(s) could not be asked in this checkout
2026-09-27T20:29:15.4746410Z COULD-NOT-ASK: _capture_gate.py --selftest — 4 arm(s) read an input this checkout cannot hold — trigger index: ruling ds-034's evidence `outputs/_FINDING-canon-pri-hover-brand-mono-fork-2026-08-06-v1.md` is excluded by this repo's own .gitignore — no checkout can hold it, so whether it has rotted is UNASKABLE here; the machine that wrote it is where that question has an answer · trigger index: ruling ds-034's evidence `outputs/_PARTITION-button-primary-2026-08-06-v1.md` is excluded by this repo's own .gitignore — no checkout can hold it, so whether it has rotted is UNASKABLE here; the machine that wrote it is where that question has an answer · trigger index: ruling ds-035's evidence `outputs/_FINDING-canon-pri-hover-brand-mono-fork-2026-08-06-v1.md` is excluded by this repo's own .gitignore — no checkout can hold it, so whether it has rotted is UNASKABLE here; the machine that wrote it is where that question has an answer · trigger index: ruling s245-D6's evidence `knowledge/_tmp/l3-245/rename-plan.json` is excluded by this repo's own .gitignore — no checkout can hold it, so whether it has rotted is UNASKABLE here; the machine that wrote it is where that question has an answer ⇒ THIS IS NOT A SKIP: every other arm passed here, and these arms have their proof of record on a tree that carries the ignored artefacts (a working session's own repo), never on a bare clone.
2026-09-27T20:29:15.8084006Z _gauge_tokens.py selftest OK -- counting path exact on 5 fixtures; cache hit fidelity + content-hash keying + corrupt-file robustness all bite; degraded-measurement honesty holds; band/floor guard logic verified relative to the live constants.
2026-09-27T20:29:15.9329149Z   ✅ _roll_state.py selftest: green control renders exactly; every corrupted surface refuses named; every OVER state bites
2026-09-27T20:29:29.1304308Z == _test_git_commit.py selftest — real script: /home/runner/work/UX-design/UX-design/knowledge/_git_commit.sh (81371 bytes) ==
2026-09-27T20:29:29.1305303Z   PASS  happy_path_commit_lands
2026-09-27T20:29:29.1305609Z   PASS  nonwrap_headline_after_prefix_78D3
2026-09-27T20:29:29.1305949Z   PASS  wrap_headline_no_prefix
2026-09-27T20:29:29.1306223Z   PASS  cap_120_applied_after_prefix
2026-09-27T20:29:29.1306522Z   PASS  warn_split_red_gate_plain_commit_lands
2026-09-27T20:29:29.1306826Z   PASS  warn_split_red_gate_wrap_blocks
2026-09-27T20:29:29.1307286Z   PASS  spine_consumer_warn_plain_78D2
2026-09-27T20:29:29.1307660Z   PASS  spine_consumer_wrap_blocks_78D2
2026-09-27T20:29:29.1307939Z   PASS  gen_chain_check_refusal_pre_stage
2026-09-27T20:29:29.1308223Z   PASS  missing_msgfile_refused
2026-09-27T20:29:29.1308475Z   PASS  empty_msgfile_refused
2026-09-27T20:29:29.1308714Z   PASS  no_args_refused
2026-09-27T20:29:29.1308960Z   PASS  not_reconciled_refused
2026-09-27T20:29:29.1309224Z   PASS  stale_index_lock_moved_aside
2026-09-27T20:29:29.1309492Z   PASS  banner_fallback_note_printed
2026-09-27T20:29:29.1309753Z   PASS  missing_banner_fails_loud
2026-09-27T20:29:29.1310026Z   PASS  wrap_undeclared_session_blocks_120
2026-09-27T20:29:29.1310331Z   PASS  wrap_session_witness_refusal_blocks_120
2026-09-27T20:29:29.1310654Z   PASS  subject_fold_blank_line_inserted_124
2026-09-27T20:29:29.1311202Z   PASS  MUTATION_blank_insert_removed_bites_124 — went RED as required: exit 1; out tail: }
2026-09-27T20:29:29.1311640Z  1 file changed, 1 insertion(+)
2026-09-27T20:29:29.1311892Z  create mode 100644 work.txt
2026-09-27T20:29:29.1312525Z — committed: 2328105 after #77 2026-09-27 — PLACEHOLDER-HEADLINE {"date":"x","fails":0,"kind":"rehearse"} {"date":"x","fails":0,"ki
2026-09-27T20:29:29.1313725Z ✗ commit subject is 292 chars (cap 200) — the 0eacf2d subject-fold class: no blank line after the headline, so git folded the body into %s. The commit LANDED; fix the msgfile and amend BEFORE Dave pushes.
2026-09-27T20:29:29.1314906Z 
2026-09-27T20:29:29.1315494Z   PASS  MUTATION_prefix_stripped_bites — went RED as required: exit 1; out tail: = 0 (must be exactly 1) — the doubled-subject class (#208, 8 documented instances).
2026-09-27T20:29:29.1316181Z     git %s : PLACEHOLDER-HEADLINE-to-be-replaced-by-T3
2026-09-27T20:29:29.1316789Z   0 means T3's prefix never reached the subject (check --cleanup=verbatim survived);
2026-09-27T20:29:29.1317322Z   2+ means a msgfile was reused and the prefix stacked. The commit LANDED: fix the
2026-09-27T20:29:29.1317866Z   msgfile (FRESH file, fresh printf) and 'git commit --amend -F <fresh>' BEFORE Dave pushes.
2026-09-27T20:29:29.1318200Z 
2026-09-27T20:29:29.1318663Z   PASS  MUTATION_lockclear_removed_bites — went RED as required: pre-existing index.lock blocked the run (exit 1); out tail: 0
2026-09-27T20:29:29.1319249Z — session witness agrees (#77)
2026-09-27T20:29:29.1319526Z STUB _capture_gate.py args=['--wrap'] exit=0
2026-09-27T20:29:29.1319959Z — wrap gate green (mid-session commit, DECLARED not-a-wrap)
2026-09-27T20:29:29.1320342Z STUB _build_live_state.py args=['--selftest'] exit=0
2026-09-27T20:29:29.1320812Z — spine-writer selftest green (mid-session commit, DECLARED not-a-wrap)
2026-09-27T20:29:29.1321381Z — T3 headline: after #77 2026-09-27 — PLACEHOLDER-HEADLINE-to-be-replaced-by-T3
2026-09-27T20:29:29.1321885Z ✗ lock survived the mv-aside — do NOT stage; investigate
2026-09-27T20:29:29.1322116Z 
2026-09-27T20:29:29.1322243Z   PASS  declare_dirt_names_instrumentation_W22
2026-09-27T20:29:29.1322591Z   PASS  declare_dirt_silent_without_instrumentation_W22
2026-09-27T20:29:29.1323384Z   PASS  MUTATION_declare_dirt_call_removed_bites_W22 — went RED as required: DECLARED block missing though instrumentation dirt was planted: — dirty paths:
2026-09-27T20:29:29.1324028Z  M notes/_REHEARSAL-LOG.jsonl
2026-09-27T20:29:29.1324269Z ?? msg.txt
2026-09-27T20:29:29.1324457Z ?? work.txt
2026-09-27T20:29:29.1324573Z 
2026-09-27T20:29:29.1325467Z   PASS  MUTATION_declare_dirt_match_widened_bites_W22 — went RED as required: DECLARED block fired with no instrumentation path dirty: uded — its POLICY is ⬛ DAVE'S, unruled (dream pass 6 P2)
2026-09-27T20:29:29.1326219Z     notes/_dream/_GRADE-DECISIONS.jsonl
2026-09-27T20:29:29.1326600Z       written by: _checkin.py B3 grade alerts / _gardener.py --grade-decision
2026-09-27T20:29:29.1327172Z       status:     NOT excluded — its POLICY is ⬛ DAVE'S, unruled (dream pass 6 P2)
2026-09-27T20:29:29.1327963Z   ⇒ this dirt is machine-written, not an uncommitted draft. ⛔ The POLICY (exclude / commit / relocate) is DAVE'S; this line only DECLARES it.
2026-09-27T20:29:29.1328443Z 
2026-09-27T20:29:29.1328554Z   PASS  doc_row_gate_refusal_and_ack_W20
2026-09-27T20:29:29.1328848Z   PASS  showroom_gate_refusal_and_ack_s191D1
2026-09-27T20:29:29.1329198Z   PASS  mention_map_stale_regenerates_and_refuses_208
2026-09-27T20:29:29.1329536Z   PASS  mention_map_regenerated_not_staged_208
2026-09-27T20:29:29.1330021Z   PASS  schematic_stale_regenerates_and_refuses_304R1
2026-09-27T20:29:29.1330348Z   PASS  schematic_regenerated_not_staged_304R1
2026-09-27T20:29:29.1330994Z   PASS  MUTATION_schematic_gate_removed_bites_304R1 — went RED as required: staged despite the schematic refusal — P5 violated
2026-09-27T20:29:29.1331950Z   PASS  MUTATION_schematic_second_half_removed_bites_304R1 — went RED as required: an unstaged regenerated schematic did NOT block the commit
2026-09-27T20:29:29.1332544Z   PASS  scratch_hygiene_advisory_on_wrap_228
2026-09-27T20:29:29.1332833Z   PASS  harness_stub_coverage_W33
2026-09-27T20:29:29.1333484Z   PASS  MUTATION_harness_stub_detector_bites_W33 — went RED on the planted gate and GREEN on the clean tree: ['_gate_totally_unstubbed.py']
2026-09-27T20:29:29.1334058Z   PASS  polarity_gate_refusal_and_ack_s238D7
2026-09-27T20:29:29.1334986Z   PASS  MUTATION_polarity_gate_block_removed_bites_s238D7 — went RED as required: the gate was not invoked with --check on the happy path; out tail: placed-by-T3
2026-09-27T20:29:29.1335645Z  1 file changed, 1 insertion(+)
2026-09-27T20:29:29.1335899Z  create mode 100644 work.txt
2026-09-27T20:29:29.1336364Z — committed: 70bb3ec after #77 2026-09-27 — PLACEHOLDER-HEADLINE-to-be-replaced-by-T3
2026-09-27T20:29:29.1337063Z — subject asserted identical to the headline T3 generated (in memory, not re-read from the msgfile — #171)
2026-09-27T20:29:29.1337827Z — subject carries exactly ONE T3 prefix (#208 doubled-subject assert)
2026-09-27T20:29:29.1338308Z ✓ done — locks clear, safe for Dave to push via GitHub Desktop
2026-09-27T20:29:29.1338553Z 
2026-09-27T20:29:29.1338700Z   PASS  w355_deadlock_reproduced_on_unfixed_script_CONTROL
2026-09-27T20:29:29.1339047Z   PASS  w355_declared_form_lands_from_wrapped_seat
2026-09-27T20:29:29.1339371Z   PASS  w355_declared_form_lands_from_next_seat
2026-09-27T20:29:29.1339675Z   PASS  w355_r3_still_refuses_without_ack
2026-09-27T20:29:29.1339983Z   PASS  w355_declared_form_does_not_bypass_T3_wrap
2026-09-27T20:29:29.1340292Z   PASS  w355_wrap_with_next_handoff_lands
2026-09-27T20:29:29.1340566Z   PASS  w355_ordinary_commit_unaffected
2026-09-27T20:29:29.1341056Z   PASS  MUTATION_w355_declared_form_removed_bites — went RED as required: exit 1; tail: ve.
2026-09-27T20:29:29.1341394Z 
2026-09-27T20:29:29.1341594Z    Legal forms: fix the cause, or state a REAL gap with --acknowledge "<why>".
2026-09-27T20:29:29.1342089Z ✗ _session.py REFUSED for declared session #238 — its named wi
2026-09-27T20:29:29.1342685Z   PASS  MUTATION_w355_restore_removed_bites — went RED at T3 as required (SESSION_N never restored)
2026-09-27T20:29:29.1343122Z --
2026-09-27T20:29:29.1343386Z ALL GREEN — 48 arms (incl. 11 mutation controls)
2026-09-27T20:29:29.4039660Z   ✅ gm-move selftest: every refusal fires · green controls pass · receipts + warn≠block + all-or-nothing proven
2026-09-27T20:29:29.7895331Z [_gm_usage selftest] OK — 78 bites, all fired or held as contracted (sizes method: tiktoken cl100k_base)
2026-09-27T20:29:29.8532445Z ✓ lanes view already current (no write)
2026-09-27T20:29:29.8817969Z ✓ lanes view in sync with records
2026-09-27T20:29:29.9121225Z [_gen_lanes selftest] OK — 21 bites, every refusal fired, green controls held
2026-09-27T20:29:29.9640924Z wrote _XREF-INDEX.json + _XREF-INDEX.md for 137 components
2026-09-27T20:29:29.9641546Z with deprecated bindings: 19
2026-09-27T20:29:29.9647575Z god-nodes (blast>=7): ['background/default', 'border-radius/control', 'border-radius/indicator', 'border-radius/surface', 'border/subtle', 'color/primary', 'data/series/1', 'divider/border/section', 'divider/border/subsection', 'elevation/border', 'elevation/functional', 'focus/ring', 'form/background/default', 'form/background/hover', 'form/background/pressed', 'form/border/active', 'form/border/default', 'icon/default', 'icon/default-reverse', 'icon/disabled', 'overlay/version1', 'primary/background/default', 'primary/border/default', 'rag/error', 'rag/error-ink', 'rag/error-tint', 'rag/information', 'rag/success', 'rag/success-ink', 'rag/success-tint', 'rag/warning', 'rag/warning-tint', 'scale', 'secondary/background/default', 'surface/subtle', 'target/min', 'tertiary/background/default', 'tertiary/background/hover', 'tertiary/background/pressed', 'tertiary/border/default', 'text/default', 'text/disabled', 'text/on-inverse', 'text/reverse', 'text/secondary', 'typography/font-family/default']
2026-09-27T20:29:29.9655527Z topical guideline reach: {'icons.md': 9, 'typography-usage.md': 7, 'elevation.md': 6, 'calls-to-action.md': 6, 'platform-web.md': 5, 'tone-of-voice.md': 5, 'time-based-indicators.md': 5, 'forms.md': 5, 'imagery.md': 4, 'hexagon-masks.md': 3, 'contextual-help.md': 2, 'platform-app.md': 2, 'horizontal-scroll.md': 2, 'view-controls-sort.md': 2, 'logos.md': 1, 'cookie-notifications.md': 1}
2026-09-27T20:29:30.0421010Z sutherland fixtures: 137 component contract(s) -> tokens/_manifests/sutherland-fixtures.json
2026-09-27T20:29:30.2545260Z states probe: 45/51 applicable states demonstrated, 6 advisory gap(s) — wrote _STATES-COMPLETENESS.md + states-probe.json (non-gating)
2026-09-27T20:29:30.4271278Z items 925 · live 494 · conditioned 919 · UNCONDITIONED 6
2026-09-27T20:29:30.4272066Z   by state: {'open': 494, 'blocked': 0, 'ruled': 0, 'done': 281, 'dropped': 1, 'parked': 149}
2026-09-27T20:29:30.4272731Z   live by owner: {'dave': 272, 'claude': 222}
2026-09-27T20:29:30.4274529Z   ⚠ DECLARED DEBT: 6 item(s) carry no close condition (W-05, W-07, W-08, W-09, W-10, W-12). Frozen set size 19 — this number may only fall. Each needs Dave's word, not an agent's guess.
2026-09-27T20:29:30.4277029Z   ⚠ real-input coverage: 1 item(s) carry a deadline, 0 carry an effort; on those items the dashboard's PROXY is REPLACED. The rest of the 494 live item(s) are still scored by prose scan / body length.
2026-09-27T20:29:30.4279075Z   ⚠ project split: apollo 754 · memento 171 (of 925 items). The values written at #172 are DEFAULTS proposed for Dave's eye, not his ruling on each item.
2026-09-27T20:29:30.4280874Z   ⚠ home pointers: 907 resolve by ANCHOR (rot-proof), 18 are still `path:line` (UNVERIFIABLE by content — the #168 rot class), 0 UNRESOLVABLE. Blocking = True (Dave's dial).
2026-09-27T20:29:30.4283074Z   ⚠ Regrowth arming (s305-D40): 57 of 75 pinned document rows still live — the arm turns BLOCKING by itself when this reaches 0: W-100bl, W-107, W-164, W-165, W-171, W-177, W-182, W-185, W-186, W-187, W-201, W-227, W-264, W-265, W-286w …(+42 more)
2026-09-27T20:29:30.4287127Z   ⚠ REGROWTH (advisory, #304): 62 live row(s) close only on opener/wrap events at sessions that have already wrapped (rows opened up to #305) — each is MET (close it by addition, with its receipt) or STALE (restate it): W-49 (#206), W-56 (#208), W-99f (#213), W-99w (#213), W-107 (#215), W-164 (#218), W-165 (#219), W-171 (#219), W-177 (#219), W-182 (#219), W-185 (#219), W-186 (#219), W-187 (#219), W-201 (#220), W-227 (#222) …(+47 more). REGROWTH_BLOCKING is Dave's dial.
2026-09-27T20:29:30.5116570Z _state selftest: 84 bites, all GREEN
2026-09-27T20:29:30.5588743Z decision graph: 102 nodes, 172 edges -> knowledge/_DECISION-GRAPH.md
2026-09-27T20:29:30.5589772Z   states: AMENDED 9 · DEAD 8 · LIVE 84 · OPEN 1
2026-09-27T20:29:30.5906513Z   selftest unresolved: fires ✓
2026-09-27T20:29:30.5906865Z   selftest open: fires ✓
2026-09-27T20:29:30.5907140Z   selftest orphan: fires ✓
2026-09-27T20:29:30.5907418Z   selftest queued+diverge: green ✓
2026-09-27T20:29:30.5907834Z   selftest unknown-edge-type: fires `unknown-edge-type` (only) ✓
2026-09-27T20:29:30.5908307Z   selftest malformed-target: fires `malformed-target` (only) ✓
2026-09-27T20:29:30.5908698Z   selftest self-loop: fires `self-loop` (only) ✓
2026-09-27T20:29:30.5909437Z selftest PASS — gate bites on unresolved/open/orphan/unknown-edge-type/malformed-target/self-loop; queued + diverges-from stay green
2026-09-27T20:29:30.6409953Z   ✓ happy-path: splice lands on a fixture copy, invariants hold
2026-09-27T20:29:30.6410697Z   ✓ idempotency: second run is a no-op
2026-09-27T20:29:30.6411325Z   ✓ refusal: marker-less spine refused loud+named, untouched
2026-09-27T20:29:30.6412520Z   ✓ refusal never half-writes: every failure path leaves the target byte-identical
2026-09-27T20:29:30.6413352Z   ✓ mutation controls: every green above provably able to fail
2026-09-27T20:29:30.6414109Z   ✓ spine-safety: real _LIVE-STATE.md untouched (sha256 identical)
2026-09-27T20:29:30.6414968Z _build_live_state --selftest: all arms green
2026-09-27T20:29:31.3881341Z   [gen] lifecycle block up to date (no change).
2026-09-27T20:29:31.3882058Z _LIVE-STATE check: 0 warning(s), 2 note(s) -> knowledge/_LIVE-STATE-CHECK.md
2026-09-27T20:29:31.3883081Z   i [reference] DEAD artifact _NEXT-SESSION.md is mentioned (no nearby tombstone) in: knowledge/_RUNBOOK-gated-component.md, k
2026-09-27T20:29:31.3884934Z   i [orphan-edge] DEAD The "stale-reading pattern" spine note (07-18) → superseded-by "the **consult mechanism**" — target not r
2026-09-27T20:29:32.4253400Z advisory signals: 144 file(s), 135 signal(s) — see _ADVISORY-SIGNALS.md (non-gating)
2026-09-27T20:29:32.5565816Z wrote _REVIEW-QUEUE.json + .md — 233 items
2026-09-27T20:29:32.5566202Z by tier: {'review': 190, 'inferred': 43}
2026-09-27T20:29:32.5566639Z by category: {'other': 105, 'accessibility': 34, 'anti-pattern': 65, 'token-rebind': 29}
2026-09-27T20:29:32.5567080Z review token-rebinds (migration-gating): 25
2026-09-27T20:29:32.5567906Z top components: [('Confirmation', 10), ('Account card', 9), ('Action bar', 8), ('Button', 7), ('Tab-bar', 7), ('Tags', 7)]
2026-09-27T20:29:32.6043606Z dark-mode audit: 124/131 clean, 7 leaking
2026-09-27T20:29:32.6044523Z leaks by primitive: {'color/primary': 7, 'color/grey/transparent/white-75': 1, 'color/black': 1, 'color/white': 1}
2026-09-27T20:29:32.6045779Z leaking components: ['Badge', 'Cards', 'Hero', 'Links', 'List items', 'Navigations', 'Tabs']
2026-09-27T20:29:32.6511989Z text/icon contrast audit: 17 OK, 5 allowed, 1 MINOR(warn), 0 GATING FAIL, 5 skipped(light-only)
2026-09-27T20:29:32.6513470Z   ⚠ minor (ruled s194-D1) [apollo-mono] rag/text/on-dark: 3.14:1 on #F6604C (rag/error-background) — non-gating
2026-09-27T20:29:32.6514561Z per-theme palette grounds (4 themes declared): 9 regraded, 0 GATING FAIL, 0 MINOR(warn), 0 R-D24 exempted
2026-09-27T20:29:32.6833560Z indicator/accent contrast audit: 46 OK, 0 allowed, 0 GATING FAIL, 5 skipped(light-only)
2026-09-27T20:29:32.7381859Z icon contrast delta: 0 declared dead-zone, 50 exhaustive (upper bound), 5 roundel fail(s), 3 mark fail(s) — see _ICON-CONTRAST-DELTA.md (advisory)
2026-09-27T20:29:32.7649801Z dark-surface gate: 0 flat-white failure(s), 9 annotated exception(s)
2026-09-27T20:29:34.1280070Z gen_component_partials --check OK — all AUTO-PARTIAL blocks in sync, contracts hold.
2026-09-27T20:29:35.3160538Z gen_component_partials selftest OK
2026-09-27T20:29:35.6540496Z gen_token_ramp: 0 file(s) DRIFTED (0 with block, 0 block-removed), 149 already in sync.
2026-09-27T20:29:35.6937498Z gen_token_ramp selftest: 6 bites GREEN + 4 comment bites (#211) GREEN
2026-09-27T20:29:35.8151407Z   [ledger] ledger in sync (not written — the gate does not grade its own record)
2026-09-27T20:29:35.8152655Z   [PASS] dataviz/dv-behaviour — 13590 code-only bytes (13.3 KB of 16) · 24505 raw, 10915 comment/blank · 16 member(s)
2026-09-27T20:29:35.8153803Z   [PASS] dataviz/dv-legend — 7760 code-only bytes (7.6 KB of 16) · 15255 raw, 7495 comment/blank · 16 member(s)
2026-09-27T20:29:35.8155182Z   [PASS] dataviz/dv-donut-sweep — 3889 code-only bytes (3.8 KB of 16) · 5511 raw, 1622 comment/blank · 16 member(s)
2026-09-27T20:29:35.8156267Z   [PASS] dataviz/dp08-anchor — 1821 code-only bytes (1.8 KB of 16) · 3884 raw, 2063 comment/blank · 16 member(s)
2026-09-27T20:29:35.8157414Z   [PASS] dataviz/dv-render — 9783 code-only bytes (9.6 KB of 16) · 21791 raw, 12008 comment/blank · 16 member(s)
2026-09-27T20:29:35.8158685Z   [PASS] dataviz/dv-render-bar — 4613 code-only bytes (4.5 KB of 16) · 9262 raw, 4649 comment/blank · 16 member(s)
2026-09-27T20:29:35.8159997Z   [PASS] dataviz/dv-render-line — 3648 code-only bytes (3.6 KB of 16) · 9795 raw, 6147 comment/blank · 16 member(s)
2026-09-27T20:29:35.8161873Z   [PASS] dataviz/dv-render-stacked-area — 4487 code-only bytes (4.4 KB of 16) · 10893 raw, 6406 comment/blank · 16 member(s)
2026-09-27T20:29:35.8163163Z   [PASS] dataviz/dv-render-donut — 4087 code-only bytes (4.0 KB of 16) · 11466 raw, 7379 comment/blank · 16 member(s)
2026-09-27T20:29:35.8164553Z   [PASS] dataviz/dv-render-sparkline — 3235 code-only bytes (3.2 KB of 16) · 9852 raw, 6617 comment/blank · 16 member(s)
2026-09-27T20:29:35.8166074Z   [PASS] dataviz/dv-render-combo — 5198 code-only bytes (5.1 KB of 16) · 11625 raw, 6427 comment/blank · 16 member(s)
2026-09-27T20:29:35.8167362Z   [PASS] dataviz/dv-render-scatter — 4148 code-only bytes (4.1 KB of 16) · 10020 raw, 5872 comment/blank · 16 member(s)
2026-09-27T20:29:35.8168657Z   [PASS] dataviz/dv-render-histogram — 2218 code-only bytes (2.2 KB of 16) · 6670 raw, 4452 comment/blank · 16 member(s)
2026-09-27T20:29:35.8169960Z   [PASS] dataviz/dv-render-boxplot — 4336 code-only bytes (4.2 KB of 16) · 9882 raw, 5546 comment/blank · 16 member(s)
2026-09-27T20:29:35.8171227Z   [PASS] dataviz/dv-render-bullet — 4443 code-only bytes (4.3 KB of 16) · 10582 raw, 6139 comment/blank · 16 member(s)
2026-09-27T20:29:35.8172488Z   [PASS] dataviz/dv-render-candlestick — 4872 code-only bytes (4.8 KB of 16) · 10765 raw, 5893 comment/blank · 16 member(s)
2026-09-27T20:29:35.8174030Z   [PASS] dataviz/dv-render-butterfly — 4711 code-only bytes (4.6 KB of 16) · 10795 raw, 6084 comment/blank · 16 member(s)
2026-09-27T20:29:35.8175361Z   [PASS] dataviz page budget — worst member 34809 code-only bytes (34.0 KB of 34) across 17 source(s)
2026-09-27T20:29:35.8176395Z          shared, priced ONCE PER PAGE (s260-D1): dv-render — 9783 bytes
2026-09-27T20:29:35.8177403Z          Chart-combo                   34809  consumes dv-behaviour, dv-legend, dv-render, dv-render-bar, dv-render-line, dv-render-combo
2026-09-27T20:29:35.8178615Z          Chart-donut                   29326  consumes dv-behaviour, dv-legend, dv-donut-sweep, dv-render, dv-render-donut
2026-09-27T20:29:35.8179741Z          Chart-butterfly-h             26061  consumes dv-behaviour, dv-legend, dv-render, dv-render-butterfly
2026-09-27T20:29:35.8180779Z          Chart-butterfly-v             26061  consumes dv-behaviour, dv-legend, dv-render, dv-render-butterfly
2026-09-27T20:29:35.8181720Z          Chart-bar                     25963  consumes dv-behaviour, dv-legend, dv-render, dv-render-bar
2026-09-27T20:29:35.8182728Z          Chart-stacked-area            25837  consumes dv-behaviour, dv-legend, dv-render, dv-render-stacked-area
2026-09-27T20:29:35.8183736Z          Chart-scatter                 25498  consumes dv-behaviour, dv-legend, dv-render, dv-render-scatter
2026-09-27T20:29:35.8184824Z          Chart-pie                     25437  consumes dv-behaviour, dv-legend, dv-render, dv-render-donut
2026-09-27T20:29:35.8185723Z          Chart-line                    24998  consumes dv-behaviour, dv-legend, dv-render, dv-render-line
2026-09-27T20:29:35.8186670Z          Chart-candlestick             18462  consumes dv-behaviour, dv-render, dv-render-candlestick
2026-09-27T20:29:35.8187553Z          Chart-bullet                  18033  consumes dv-behaviour, dv-render, dv-render-bullet
2026-09-27T20:29:35.8188401Z          Chart-boxplot                 17926  consumes dv-behaviour, dv-render, dv-render-boxplot
2026-09-27T20:29:35.8189265Z          Chart-sparkline               16825  consumes dv-behaviour, dv-render, dv-render-sparkline
2026-09-27T20:29:35.8190042Z          Chart-histogram               15808  consumes dv-behaviour, dv-render, dv-render-histogram
2026-09-27T20:29:35.8190861Z          Template-dashboard-bento      15411  consumes dv-behaviour, dp08-anchor
2026-09-27T20:29:35.8191540Z          Legend                         7760  consumes dv-legend
2026-09-27T20:29:35.8192190Z Behaviour-contract gate OK — see knowledge/_BEHAVIOUR-GATE.md
2026-09-27T20:29:36.0396483Z _validate_behaviour selftest OK
2026-09-27T20:29:36.7065847Z gen_canon_components: no change (137 components in sync).
2026-09-27T20:29:37.3640664Z gen_canon_components --check OK — 137 components in sync.
2026-09-27T20:29:37.4448163Z _validate_partials: 0 strict fail(s), 67 census rule(s) -> _PARTIALS-GATE.md
2026-09-27T20:29:37.4722615Z _validate_partials selftest OK
2026-09-27T20:29:46.4600398Z 
2026-09-27T20:29:46.4601433Z gen_snippet_tokens: 5124 manifest bindings across 137 snippets + 9 tranches; 0 value(s) would change; 0 canon.css literal(s) would change.
2026-09-27T20:29:46.4602745Z OK — snippets + tranches + canon.css in sync with tokens.
2026-09-27T20:29:47.2685375Z snippet gate: 137 snippet(s), 0 failure(s)
2026-09-27T20:29:47.3445801Z gen_theme_cascade --check OK — 233 override path(s), 397 component projection(s) in sync.
2026-09-27T20:29:47.5538228Z gen_theme_cascade selftest OK
2026-09-27T20:29:47.5937750Z state-snap gate: OK — 7 opacity-state check(s) snapped to their theme ramps.
2026-09-27T20:29:47.6234549Z state-snap selftest OK
2026-09-27T20:29:47.6603496Z queue freshness — §C·1 items measured: 7 (severity: blocking)
2026-09-27T20:29:47.6606123Z RESULT: PASS — no §C·1 item's stated state is contradicted by disk or git. This proves no claim is STALE; it does not prove the queue is RIGHT.
2026-09-27T20:29:47.7018258Z selftest — _validate_queue_fresh.py
2026-09-27T20:29:47.7018732Z   PASS control: landed + open + partial green   -> green  | (4 items, green)
2026-09-27T20:29:47.7020045Z   PASS open item whose artefact EXISTS refuses  -> fail   | FAIL — §C·1 item (a) (GOOD-MORNING.md:4) states state=open and expects knowledge/snippets/Chart-pie.reference.html to be
2026-09-27T20:29:47.7021296Z   PASS landed with unresolvable receipt refuses -> fail   | FAIL — §C·1 item (a) (GOOD-MORNING.md:4) claims state=landed receipt=0000000, but git cannot resolve that sha to a commi
2026-09-27T20:29:47.7022496Z   PASS item with NO tail refuses (presence rule) -> fail   | FAIL — §C·1 item (b) at GOOD-MORNING.md:5 carries NO qprobe tail. An unannotated item is invisible to this gate forever.
2026-09-27T20:29:47.7023336Z   PASS partial WITH declared passes, absent paths unchecked -> green  | (1 items, green)
2026-09-27T20:29:47.7024274Z   PASS partial without declared refuses         -> fail   | FAIL — §C·1 item (a) (GOOD-MORNING.md:4) is state=partial with no declared="…". partial is the LEGAL FORM for an honest 
2026-09-27T20:29:47.7025816Z   PASS empty expects-absent WITHOUT declared refuses -> fail   | FAIL — §C·1 item (a) (GOOD-MORNING.md:4) is state=open with an EMPTY expects-absent and no declared="…". A DECLARED gap 
2026-09-27T20:29:47.7026653Z   PASS empty expects-absent WITH declared passes -> green  | (1 items, green)
2026-09-27T20:29:47.7027495Z   PASS malformed tail is a REFUSAL, not a skip  -> refuse | UNPARSEABLE — GOOD-MORNING.md:4 — qprobe state='whatever' is not one of open/landed/partial
2026-09-27T20:29:47.7028589Z   PASS unknown key is a REFUSAL                 -> refuse | UNPARSEABLE — GOOD-MORNING.md:4 — qprobe carries unknown key 'sha'; legal keys: state, expects-absent, receipt, declared
2026-09-27T20:29:47.7029362Z   PASS non-item prose lines do NOT trigger      -> green  | (1 items, green)
2026-09-27T20:29:47.7029829Z   PASS STRUCK step clause is not a live item    -> green  | (1 items, green)
2026-09-27T20:29:47.7030340Z   PASS §2 items are out of scope (section bound) -> green  | (1 items, green)
2026-09-27T20:29:47.7030693Z RESULT: PASS
2026-09-27T20:29:47.7716975Z palette-tier gate: 4 theme(s), 3 palette(s), 42 declared key(s), 137 component meta(s), 137 snippet manifest(s)
2026-09-27T20:29:47.7718412Z OK — every theme declares a palette per family; every declaration resolves; no theme hand-carries a divergent palette-owned value; no undeclared duplication.
2026-09-27T20:29:47.8457630Z palette-tier selftest OK — 10 bites, all red when mutated
2026-09-27T20:29:48.0747159Z _validate_radius: 0 strict fail(s), 0 advisory file(s) pending migration, 4 physical corner longhand(s) DECLARED ADVISORY (#221) -> _RADIUS-GATE.md
2026-09-27T20:29:48.0748865Z   ⬛ DECLARED (not counted, not a verdict): canon/canon.css: border-top-left-radius:0
2026-09-27T20:29:48.0750135Z   ⬛ DECLARED (not counted, not a verdict): canon/canon.css: border-bottom-left-radius:0
2026-09-27T20:29:48.0751150Z   ⬛ DECLARED (not counted, not a verdict): snippets/Split-button.reference.html: border-top-left-radius:0
2026-09-27T20:29:48.0752334Z   ⬛ DECLARED (not counted, not a verdict): snippets/Split-button.reference.html: border-bottom-left-radius:0
2026-09-27T20:29:48.0753533Z      ⬛ promoting this arm to STRICT is DAVE'S — see notes/_subreports/2026-08-27-221-laneA.md
2026-09-27T20:29:48.6397240Z gen_showroom --check OK — 137 page(s) + index in sync (index owned by knowledge/_render/gen_library_214.py).
2026-09-27T20:29:48.6820543Z gen_showroom GATE — payload URL does not resolve in _selftest.reference.html:
2026-09-27T20:29:48.6822028Z    ../knowledge/canon/type.css              -> /home/runner/work/UX-design/UX-design/knowledge/knowledge/canon/type.css (MISSING)
2026-09-27T20:29:48.6823290Z    A relative URL in a snippet must point at a real file: the showroom
2026-09-27T20:29:48.6824461Z    pane re-resolves it against showroom/ (srcdoc inherits the parent base URL).
2026-09-27T20:29:48.6825895Z gen_showroom GATE — payload URL does not resolve in _selftest.reference.html:
2026-09-27T20:29:48.6827484Z    ../canon/does-not-exist.css              -> /home/runner/work/UX-design/UX-design/knowledge/canon/does-not-exist.css (MISSING)
2026-09-27T20:29:48.6828622Z    A relative URL in a snippet must point at a real file: the showroom
2026-09-27T20:29:48.6829623Z    pane re-resolves it against showroom/ (srcdoc inherits the parent base URL).
2026-09-27T20:29:48.6831665Z gen_showroom --selftest OK — 16 bites (rebase · fragments · absolutes · double-rebase fails loud · missing-target gate · query suffix · #98-D1 one-bar contract ×4 · embed mode ×5).
2026-09-27T20:29:50.5127573Z COULD-NOT-ASK: dashboard/index.html — the page differs, but a live gate baked into it is reading INPUTS OUTSIDE THE COMMITTED TREE, so its verdict — and therefore this page — cannot be reproduced here: provenance names `knowledge/_tmp/l3-245/rename-plan.json`; provenance names `outputs/_FINDING-canon-pri-hover-brand-mono-fork-2026-08-06-v1.md`; provenance names `outputs/_PARTITION-button-primary-2026-08-06-v1.md`. Every one of those paths is untracked, so an environment that has them and one that does not will render different prose from the SAME commit. This is a REFUSAL, not a staleness verdict in either direction: the page's agreement with the stores is UNKNOWN here and is reported as unknown. Ask it where those inputs are present (a working tree that holds them), or commit them.
2026-09-27T20:29:50.5688568Z legacy-leak gate: 0 unwaived leak(s), 0 waived.
2026-09-27T20:29:50.6666553Z theme-provenance gate (ADVISORY): 50 hardcoded foreign-theme hex(es) in 166 Mono files. See _THEME-PROVENANCE-GATE.md
2026-09-27T20:29:50.6951421Z token-tier gate: 0 strict failure(s), 1 advisory.
2026-09-27T20:29:50.8638455Z icon-source audit → _ICON-SOURCE-AUDIT.md
2026-09-27T20:29:50.8639150Z 0 UNKNOWN, 102 bespoke, across 137 snippet(s); 758 library glyphs.
2026-09-27T20:29:51.6644063Z a11y gate: 137 snippet(s), 0 failure(s), 204 warning(s), 732 note(s) · 1458 controls + 68 marks measured · 24 mark(s) below 24
2026-09-27T20:29:51.7323565Z a11y target selftest: 31 clause(s) green, 0 failing
2026-09-27T20:29:51.7686993Z COULD-NOT-ASK: HIT-AREA: HARNESS UNAVAILABLE — playwright not importable (No module named 'playwright'). Install it with `pip install playwright && playwright install chromium`. (Inside this repo's sandbox, stage it per knowledge/_RUNBOOK-render-verify.md instead.) This is NOT a pass.
2026-09-27T20:29:51.7688358Z Hit-area sweep — 137 file(s) × 1180/480 px, min 44px
2026-09-27T20:29:51.8479839Z wiring gate: 59 gate script(s) on disk (51 _validate_* · 8 _gate_*, #221 widened) · 55 wired · 4 exempt by name · 0 failure(s)
2026-09-27T20:29:51.8480706Z   wired by surface: _build_all.STEPS 48 · _git_commit.sh 2 · gates.yml 2 · arm-of-a-wired-script 3
2026-09-27T20:29:51.8481831Z   ⬛ ARM (declared + verified): _gate_harness_stubs.py is run by _test_git_commit.py [2026-08-27]
2026-09-27T20:29:51.8482525Z   ⬛ ARM (declared + verified): _validate_composition.py is run by _validate_screen.py [2026-09-03]
2026-09-27T20:29:51.8483178Z   ⬛ ARM (declared + verified): _validate_receipt.py is run by _validate_screen.py [2026-09-03]
2026-09-27T20:29:51.8484262Z   ⬛ EXEMPT (declared, not counted as wired): _gate_pack_imports.py [2026-08-27] — Built #219 and WIRED NOWHERE — not in _build_all.STEPS, not in gates.yml, not at the commit seam (#220-L1 find…
2026-09-27T20:29:51.8485727Z   ⬛ EXEMPT (declared, not counted as wired): _validate_demo_page.py [2026-09-21] — unwired since #268 (08e315dc); wire-or-retire is Dave's, review page #293…
2026-09-27T20:29:51.8486942Z   ⬛ EXEMPT (declared, not counted as wired): _validate_descender_computed.py [2026-08-22] — G2 render leg (#215, row W-101): drives real pages in headless chromium and reads getComputedStyle — needs a S…
2026-09-27T20:29:51.8488276Z   ⬛ EXEMPT (declared, not counted as wired): _validate_fit_physics.py [2026-09-07] — FIT physics gate (s248-D2/D3, s249-D4; #249 FIT lane): drives the composed page in headless chromium via playw…
2026-09-27T20:29:52.1062340Z wiring selftest: 17 bites · 0 failure(s)
2026-09-27T20:29:52.2581179Z # Composition gate audit
2026-09-27T20:29:52.2581501Z 
2026-09-27T20:29:52.2581952Z ## canon.css
2026-09-27T20:29:52.2582261Z - defs 1024, var() refs 627
2026-09-27T20:29:52.2583033Z - ✅ vars resolve, braces balanced, spine markers present
2026-09-27T20:29:52.2583883Z - ℹ️ canon.css: 1 var(s) resolved via inline-scope (set in snippet markup, not CSS): ['--sc']
2026-09-27T20:29:52.2584387Z 
2026-09-27T20:29:52.2584524Z ## composed screens (7)
2026-09-27T20:29:52.2585384Z - ✅ canon-gallery.canon.html — 76 canon classes, 0 rogue hex, 0 redefines, all resolve
2026-09-27T20:29:52.2586336Z - ✅ nio-dash-console-v1.canon.html — 28 canon classes, 0 rogue hex, 0 redefines, all resolve
2026-09-27T20:29:52.2587318Z - ✅ nio-dash-console-v2.canon.html — 28 canon classes, 0 rogue hex, 0 redefines, all resolve
2026-09-27T20:29:52.2588234Z - ✅ payments-journey.canon.html — 22 canon classes, 0 rogue hex, 0 redefines, all resolve
2026-09-27T20:29:52.2589279Z - ✅ sme-payments-desktop.canon.html — 8 canon classes, 0 rogue hex, 0 redefines, all resolve
2026-09-27T20:29:52.2590335Z - ✅ sme-payments-swiss.canon.html — 3 canon classes, 0 rogue hex, 0 redefines, all resolve
2026-09-27T20:29:52.2591317Z - ✅ sme-payments.canon.html — 10 canon classes, 0 rogue hex, 0 redefines, all resolve
2026-09-27T20:29:52.2591813Z 
2026-09-27T20:29:52.2591958Z ## screen titles (aca-003)
2026-09-27T20:29:52.2592436Z - ✅ 7 screen(s), every <title> present + unique
2026-09-27T20:29:52.2592755Z 
2026-09-27T20:29:52.2592911Z RESULT: PASS ✅
2026-09-27T20:29:53.6551980Z # Composed-screen gate — full pipeline on *.canon.html
2026-09-27T20:29:53.6552420Z 
2026-09-27T20:29:53.6552569Z ## canon-gallery.canon.html
2026-09-27T20:29:53.6554320Z - receipt: UNPROVEN:NO-RECEIPT — this page carries no #provenance-receipt, so nothing about its provenance was measured. Mint one with `python3 knowledge/gen_provenance_receipt.py --mint <path>`; run with --receipt-strict to make this block.
2026-09-27T20:29:53.6556230Z - compose: ✅
2026-09-27T20:29:53.6556665Z - composition: n/a — no .c-bento on this page
2026-09-27T20:29:53.6557317Z - icon-source: ✅ all paths library-matched
2026-09-27T20:29:53.6659744Z - a11y: ✅  (warn: DATA MARK `rect.dv-series` — 219.2x20.2 — under the 24 dense-case minimum (rect w/h attrs) (s116-D1: marks carry the 24 floor, not the 44 target); DATA MARK `rect.dv-series` — 94.0x20.2 — under the 24 dense-case minimum (rect w/h attrs) (s116-D1: marks carry the 24 floor, not the 44 target); DATA MARK `rect.dv-series` — 495.9x20.2 — under the 24 dense-case minimum (rect w/h attrs) (s116-D1: marks carry the 24 floor, not the 44 target); DATA MARK `rect.dv-series` — 135.7x20.2 — under the 24 dense-case minimum (rect w/h attrs) (s116-D1: marks carry the 24 floor, not the 44 target); DATA MARK `rect.dv-series` — 109.6x20.2 — under the 24 dense-case minimum (rect w/h attrs) (s116-D1: marks carry the 24 floor, not the 44 target); DATA MARK `rect.dv-series` — 156.6x20.2 — under the 24 dense-case minimum (rect w/h attrs) (s116-D1: marks carry the 24 floor, not the 44 target); DATA MARK `rect.dv-series` — 133.2x20.0 — under the 24 dense-case minimum (rect w/h attrs) (s116-D1: marks carry the 24 floor, not the 44 target); DATA MARK `rect.dv-series` — 162.8x20.0 — under the 24 dense-case minimum (rect w/h attrs) (s116-D1: marks carry the 24 floor, not the 44 target); DATA MARK `rect.dv-series` — 83.2x20.0 — under the 24 dense-case minimum (rect w/h attrs) (s116-D1: marks carry the 24 floor, not the 44 target); DATA MARK `rect.dv-series` — 112.8x20.0 — under the 24 dense-case minimum (rect w/h attrs) (s116-D1: marks carry the 24 floor, not the 44 target); DATA MARK `rect.dv-series` — 55.5x20.0 — under the 24 dense-case minimum (rect w/h attrs) (s116-D1: marks carry the 24 floor, not the 44 target); DATA MARK `rect.dv-series` — 46.2x20.0 — under the 24 dense-case minimum (rect w/h attrs) (s116-D1: marks carry the 24 floor, not the 44 target); DATA MARK `rect.dv-series` — 166.5x20.0 — under the 24 dense-case minimum (rect w/h attrs) (s116-D1: marks carry the 24 floor, not the 44 target); DATA MARK `rect.dv-series` — 175.8x20.0 — under the 24 dense-case minimum (rect w/h attrs) (s116-D1: marks carry the 24 floor, not the 44 target); DATA MARK `rect.dv-series` — 107.3x20.0 — under the 24 dense-case minimum (rect w/h attrs) (s116-D1: marks carry the 24 floor, not the 44 target); DATA MARK `rect.dv-series` — 74.0x20.0 — under the 24 dense-case minimum (rect w/h attrs) (s116-D1: marks carry the 24 floor, not the 44 target); DATA MARK `rect.dv-series` — 37.0x20.0 — under the 24 dense-case minimum (rect w/h attrs) (s116-D1: marks carry the 24 floor, not the 44 target); DATA MARK `rect.dv-series` — 61.0x20.0 — under the 24 dense-case minimum (rect w/h attrs) (s116-D1: marks carry the 24 floor, not the 44 target); DATA MARK `rect.dv-series` — 48.7x16.2 — under the 24 dense-case minimum (rect w/h attrs) (s116-D1: marks carry the 24 floor, not the 44 target); DATA MARK `rect.dv-series` — 48.7x21.6 — under the 24 dense-case minimum (rect w/h attrs) (s116-D1: marks carry the 24 floor, not the 44 target); DATA MARK `rect.dv-series` — 48.7x23.4 — under the 24 dense-case minimum (rect w/h attrs) (s116-D1: marks carry the 24 floor, not the 44 target); DATA MARK `rect.dv-series` — 48.7x18.9 — under the 24 dense-case minimum (rect w/h attrs) (s116-D1: marks carry the 24 floor, not the 44 target); DATA MARK `rect.dv-series` — 48.7x17.1 — under the 24 dense-case minimum (rect w/h attrs) (s116-D1: marks carry the 24 floor, not the 44 target); DATA MARK `g.dv-marker` — 11.0x11.0 — under the 24 dense-case minimum (<g> wrapper measured from its circle child (circle diameter 2r)) (s116-D1: marks carry the 24 floor, not the 44 target); DATA MARK `g.dv-marker` — 11.0x11.0 — under the 24 dense-case minimum (<g> wrapper measured from its circle child (circle diameter 2r)) (s116-D1: marks carry the 24 floor, not the 44 target); DATA MARK `g.dv-marker` — 11.0x11.0 — under the 24 dense-case minimum (<g> wrapper measured from its circle child (circle diameter 2r)) (s116-D1: marks carry the 24 floor, not the 44 target); DATA MARK `g.dv-marker` — 11.0x11.0 — under the 24 dense-case minimum (<g> wrapper measured from its circle child (circle diameter 2r)) (s116-D1: marks carry the 24 floor, not the 44 target); DATA MARK `g.dv-marker` — 11.0x11.0 — under the 24 dense-case minimum (<g> wrapper measured from its circle child (circle diameter 2r)) (s116-D1: marks carry the 24 floor, not the 44 target); DATA MARK `g.dv-marker` — 11.0x11.0 — under the 24 dense-case minimum (<g> wrapper measured from its circle child (circle diameter 2r)) (s116-D1: marks carry the 24 floor, not the 44 target); DATA MARK `g.dv-marker` — 11.0x11.0 — under the 24 dense-case minimum (<g> wrapper measured from its circle child (circle diameter 2r)) (s116-D1: marks carry the 24 floor, not the 44 target); DATA MARK `g.dv-marker` — 11.0x11.0 — under the 24 dense-case minimum (<g> wrapper measured from its circle child (circle diameter 2r)) (s116-D1: marks carry the 24 floor, not the 44 target); DATA MARK `g.dv-marker` — 11.0x11.0 — under the 24 dense-case minimum (<g> wrapper measured from its circle child (circle diameter 2r)) (s116-D1: marks carry the 24 floor, not the 44 target); DATA MARK `g.dv-marker` — 11.0x11.0 — under the 24 dense-case minimum (<g> wrapper measured from its circle child (circle diameter 2r)) (s116-D1: marks carry the 24 floor, not the 44 target); DATA MARK `g.dv-marker` — 11.0x11.0 — under the 24 dense-case minimum (<g> wrapper measured from its circle child (circle diameter 2r)) (s116-D1: marks carry the 24 floor, not the 44 target); DATA MARK `g.dv-marker` — 11.0x11.0 — under the 24 dense-case minimum (<g> wrapper measured from its circle child (circle diameter 2r)) (s116-D1: marks carry the 24 floor, not the 44 target); DATA MARK `g.dv-marker` — 11.0x11.0 — under the 24 dense-case minimum (<g> wrapper measured from its circle child (circle diameter 2r)) (s116-D1: marks carry the 24 floor, not the 44 target); DATA MARK `g.dv-marker` — 11.0x11.0 — under the 24 dense-case minimum (<g> wrapper measured from its circle child (circle diameter 2r)) (s116-D1: marks carry the 24 floor, not the 44 target); DATA MARK `g.dv-marker` — 11.0x11.0 — under the 24 dense-case minimum (<g> wrapper measured from its circle child (circle diameter 2r)) (s116-D1: marks carry the 24 floor, not the 44 target); DATA MARK `g.dv-marker` — 11.0x11.0 — under the 24 dense-case minimum (<g> wrapper measured from its circle child (circle diameter 2r)) (s116-D1: marks carry the 24 floor, not the 44 target); DATA MARK `g.dv-marker` — 11.0x11.0 — under the 24 dense-case minimum (<g> wrapper measured from its circle child (circle diameter 2r)) (s116-D1: marks carry the 24 floor, not the 44 target); DATA MARK `g.dv-marker` — 11.0x11.0 — under the 24 dense-case minimum (<g> wrapper measured from its circle child (circle diameter 2r)) (s116-D1: marks carry the 24 floor, not the 44 target); DATA MARK `g.dv-marker` — 11.0x11.0 — under the 24 dense-case minimum (<g> wrapper measured from its circle child (circle diameter 2r)) (s116-D1: marks carry the 24 floor, not the 44 target); DATA MARK `g.dv-marker` — 11.0x11.0 — under the 24 dense-case minimum (<g> wrapper measured from its circle child (circle diameter 2r)) (s116-D1: marks carry the 24 floor, not the 44 target); DATA MARK `g.dv-marker` — 11.0x11.0 — under the 24 dense-case minimum (<g> wrapper measured from its circle child (circle diameter 2r)) (s116-D1: marks carry the 24 floor, not the 44 target); DATA MARK `g.dv-marker` — 11.0x11.0 — under the 24 dense-case minimum (<g> wrapper measured from its circle child (circle diameter 2r)) (s116-D1: marks carry the 24 floor, not the 44 target); DATA MARK `g.dv-marker` — 11.0x11.0 — under the 24 dense-case minimum (<g> wrapper measured from its circle child (circle diameter 2r)) (s116-D1: marks carry the 24 floor, not the 44 target); DATA MARK `g.dv-marker` — 11.0x11.0 — under the 24 dense-case minimum (<g> wrapper measured from its circle child (circle diameter 2r)) (s116-D1: marks carry the 24 floor, not the 44 target); DATA MARK `g.dv-marker` — 11.0x11.0 — under the 24 dense-case minimum (<g> wrapper measured from its circle child (circle diameter 2r)) (s116-D1: marks carry the 24 floor, not the 44 target); DATA MARK `g.dv-marker` — 11.0x11.0 — under the 24 dense-case minimum (<g> wrapper measured from its circle child (circle diameter 2r)) (s116-D1: marks carry the 24 floor, not the 44 target); DATA MARK `g.dv-marker` — 11.0x11.0 — under the 24 dense-case minimum (<g> wrapper measured from its circle child (circle diameter 2r)) (s116-D1: marks carry the 24 floor, not the 44 target); DATA MARK `g.dv-marker` — 11.0x11.0 — under the 24 dense-case minimum (<g> wrapper measured from its circle child (circle diameter 2r)) (s116-D1: marks carry the 24 floor, not the 44 target); DATA MARK `g.dv-marker` — 11.0x11.0 — under the 24 dense-case minimum (<g> wrapper measured from its circle child (circle diameter 2r)) (s116-D1: marks carry the 24 floor, not the 44 target); DATA MARK `g.dv-marker` — 11.0x11.0 — under the 24 dense-case minimum (<g> wrapper measured from its circle child (circle diameter 2r)) (s116-D1: marks carry the 24 floor, not the 44 target); DATA MARK `g.dv-marker` — 11.0x11.0 — under the 24 dense-case minimum (<g> wrapper measured from its circle child (circle diameter 2r)) (s116-D1: marks carry the 24 floor, not the 44 target); DATA MARK `g.dv-marker` — 11.0x11.0 — under the 24 dense-case minimum (<g> wrapper measured from its circle child (circle diameter 2r)) (s116-D1: marks carry the 24 floor, not the 44 target); DATA MARK `g.dv-marker` — 11.0x11.0 — under the 24 dense-case minimum (<g> wrapper measured from its circle child (circle diameter 2r)) (s116-D1: marks carry the 24 floor, not the 44 target); DATA MARK `g.dv-marker` — 11.0x11.0 — under the 24 dense-case minimum (<g> wrapper measured from its circle child (circle diameter 2r)) (s116-D1: marks carry the 24 floor, not the 44 target); DATA MARK `g.dv-marker` — 11.0x11.0 — under the 24 dense-case minimum (<g> wrapper measured from its circle child (circle diameter 2r)) (s116-D1: marks carry the 24 floor, not the 44 target); DATA MARK `g.dv-marker` — 11.0x11.0 — under the 24 dense-case minimum (<g> wrapper measured from its circle child (circle diameter 2r)) (s116-D1: marks carry the 24 floor, not the 44 target); DATA MARK `g.dv-marker` — 11.0x11.0 — under the 24 dense-case minimum (<g> wrapper measured from its circle child (circle diameter 2r)) (s116-D1: marks carry the 24 floor, not the 44 target); DATA MARK `g.dv-marker` — 11.0x11.0 — under the 24 dense-case minimum (<g> wrapper measured from its circle child (circle diameter 2r)) (s116-D1: marks carry the 24 floor, not the 44 target); DATA MARK `g.dv-marker` — 11.0x11.0 — under the 24 dense-case minimum (<g> wrapper measured from its circle child (circle diameter 2r)) (s116-D1: marks carry the 24 floor, not the 44 target); DATA MARK `g.dv-marker` — 11.0x11.0 — under the 24 dense-case minimum (<g> wrapper measured from its circle child (circle diameter 2r)) (s116-D1: marks carry the 24 floor, not the 44 target); DATA MARK `g.dv-marker` — 11.0x11.0 — under the 24 dense-case minimum (<g> wrapper measured from its circle child (circle diameter 2r)) (s116-D1: marks carry the 24 floor, not the 44 target); DATA MARK `g.dv-marker` — 11.0x11.0 — under the 24 dense-case minimum (<g> wrapper measured from its circle child (circle diameter 2r)) (s116-D1: marks carry the 24 floor, not the 44 target); DATA MARK `g.dv-marker` — 11.0x11.0 — under the 24 dense-case minimum (<g> wrapper measured from its circle child (circle diameter 2r)) (s116-D1: marks carry the 24 floor, not the 44 target); DATA MARK `g.dv-marker` — 11.0x11.0 — under the 24 dense-case minimum (<g> wrapper measured from its circle child (circle diameter 2r)) (s116-D1: marks carry the 24 floor, not the 44 target); DATA MARK `g.dv-marker` — 11.0x11.0 — under the 24 dense-case minimum (<g> wrapper measured from its circle child (circle diameter 2r)) (s116-D1: marks carry the 24 floor, not the 44 target); DATA MARK `g.dv-marker` — 11.0x11.0 — under the 24 dense-case minimum (<g> wrapper measured from its circle child (circle diameter 2r)) (s116-D1: marks carry the 24 floor, not the 44 target); DATA MARK `g.dv-marker` — 11.0x11.0 — under the 24 dense-case minimum (<g> wrapper measured from its circle child (circle diameter 2r)) (s116-D1: marks carry the 24 floor, not the 44 target); DATA MARK `g.dv-marker` — 11.0x11.0 — under the 24 dense-case minimum (<g> wrapper measured from its circle child (circle diameter 2r)) (s116-D1: marks carry the 24 floor, not the 44 target); DATA MARK `g.dv-marker` — 11.0x11.0 — under the 24 dense-case minimum (<g> wrapper measured from its rect child (rect w/h attrs)) (s116-D1: marks carry the 24 floor, not the 44 target); DATA MARK `g.dv-marker` — 11.0x11.0 — under the 24 dense-case minimum (<g> wrapper measured from its rect child (rect w/h attrs)) (s116-D1: marks carry the 24 floor, not the 44 target); DATA MARK `g.dv-marker` — 11.0x11.0 — under the 24 dense-case minimum (<g> wrapper measured from its rect child (rect w/h attrs)) (s116-D1: marks carry the 24 floor, not the 44 target); DATA MARK `g.dv-marker` — 11.0x11.0 — under the 24 dense-case minimum (<g> wrapper measured from its rect child (rect w/h attrs)) (s116-D1: marks carry the 24 floor, not the 44 target); DATA MARK `g.dv-marker` — 11.0x11.0 — under the 24 dense-case minimum (<g> wrapper measured from its rect child (rect w/h attrs)) (s116-D1: marks carry the 24 floor, not the 44 target); DATA MARK `g.dv-marker` — 11.0x11.0 — under the 24 dense-case minimum (<g> wrapper measured from its rect child (rect w/h attrs)) (s116-D1: marks carry the 24 floor, not the 44 target); DATA MARK `g.dv-marker` — 11.0x11.0 — under the 24 dense-case minimum (<g> wrapper measured from its rect child (rect w/h attrs)) (s116-D1: marks carry the 24 floor, not the 44 target); DATA MARK `g.dv-marker` — 11.0x11.0 — under the 24 dense-case minimum (<g> wrapper measured from its rect child (rect w/h attrs)) (s116-D1: marks carry the 24 floor, not the 44 target); DATA MARK `g.dv-marker` — 11.0x11.0 — under the 24 dense-case minimum (<g> wrapper measured from its rect child (rect w/h attrs)) (s116-D1: marks carry the 24 floor, not the 44 target); DATA MARK `g.dv-marker` — 11.0x11.0 — under the 24 dense-case minimum (<g> wrapper measured from its rect child (rect w/h attrs)) (s116-D1: marks carry the 24 floor, not the 44 target); DATA MARK `g.dv-marker` — 11.0x11.0 — under the 24 dense-case minimum (<g> wrapper measured from its rect child (rect w/h attrs)) (s116-D1: marks carry the 24 floor, not the 44 target); DATA MARK `g.dv-marker` — 11.0x11.0 — under the 24 dense-case minimum (<g> wrapper measured from its rect child (rect w/h attrs)) (s116-D1: marks carry the 24 floor, not the 44 target); DATA MARK `g.dv-marker` — 13.0x13.0 — under the 24 dense-case minimum (<g> wrapper measured from its polygon child (polygon bbox)) (s116-D1: marks carry the 24 floor, not the 44 target); DATA MARK `g.dv-marker` — 13.0x13.0 — under the 24 dense-case minimum (<g> wrapper measured from its polygon child (polygon bbox)) (s116-D1: marks carry the 24 floor, not the 44 target); DATA MARK `g.dv-marker` — 13.0x13.0 — under the 24 dense-case minimum (<g> wrapper measured from its polygon child (polygon bbox)) (s116-D1: marks carry the 24 floor, not the 44 target); DATA MARK `g.dv-marker` — 13.0x13.0 — under the 24 dense-case minimum (<g> wrapper measured from its polygon child (polygon bbox)) (s116-D1: marks carry the 24 floor, not the 44 target); DATA MARK `g.dv-marker` — 13.0x13.0 — under the 24 dense-case minimum (<g> wrapper measured from its polygon child (polygon bbox)) (s116-D1: marks carry the 24 floor, not the 44 target); DATA MARK `g.dv-marker` — 13.0x13.0 — under the 24 dense-case minimum (<g> wrapper measured from its polygon child (polygon bbox)) (s116-D1: marks carry the 24 floor, not the 44 target); DATA MARK `g.dv-marker` — 13.0x13.0 — under the 24 dense-case minimum (<g> wrapper measured from its polygon child (polygon bbox)) (s116-D1: marks carry the 24 floor, not the 44 target); DATA MARK `g.dv-marker` — 13.0x13.0 — under the 24 dense-case minimum (<g> wrapper measured from its polygon child (polygon bbox)) (s116-D1: marks carry the 24 floor, not the 44 target); DATA MARK `g.dv-marker` — 13.0x13.0 — under the 24 dense-case minimum (<g> wrapper measured from its polygon child (polygon bbox)) (s116-D1: marks carry the 24 floor, not the 44 target); DATA MARK `g.dv-marker` — 13.0x13.0 — under the 24 dense-case minimum (<g> wrapper measured from its polygon child (polygon bbox)) (s116-D1: marks carry the 24 floor, not the 44 target); DATA MARK `g.dv-marker` — 13.0x13.0 — under the 24 dense-case minimum (<g> wrapper measured from its polygon child (polygon bbox)) (s116-D1: marks carry the 24 floor, not the 44 target); DATA MARK `g.dv-marker` — 13.0x13.0 — under the 24 dense-case minimum (<g> wrapper measured from its polygon child (polygon bbox)) (s116-D1: marks carry the 24 floor, not the 44 target); DATA MARK `g.dv-marker` — 8.4x8.4 — under the 24 dense-case minimum (<g> wrapper measured from its circle child (circle diameter 2r)) (s116-D1: marks carry the 24 floor, not the 44 target); DATA MARK `g.dv-marker` — 8.4x8.4 — under the 24 dense-case minimum (<g> wrapper measured from its circle child (circle diameter 2r)) (s116-D1: marks carry the 24 floor, not the 44 target); DATA MARK `g.dv-marker` — 8.4x8.4 — under the 24 dense-case minimum (<g> wrapper measured from its circle child (circle diameter 2r)) (s116-D1: marks carry the 24 floor, not the 44 target); DATA MARK `g.dv-marker` — 8.4x8.4 — under the 24 dense-case minimum (<g> wrapper measured from its circle child (circle diameter 2r)) (s116-D1: marks carry the 24 floor, not the 44 target); DATA MARK `g.dv-marker` — 8.4x8.4 — under the 24 dense-case minimum (<g> wrapper measured from its circle child (circle diameter 2r)) (s116-D1: marks carry the 24 floor, not the 44 target); DATA MARK `g.dv-marker` — 8.4x8.4 — under the 24 dense-case minimum (<g> wrapper measured from its circle child (circle diameter 2r)) (s116-D1: marks carry the 24 floor, not the 44 target); DATA MARK `g.dv-marker` — 8.4x8.4 — under the 24 dense-case minimum (<g> wrapper measured from its circle child (circle diameter 2r)) (s116-D1: marks carry the 24 floor, not the 44 target); DATA MARK `g.dv-marker` — 8.4x8.4 — under the 24 dense-case minimum (<g> wrapper measured from its circle child (circle diameter 2r)) (s116-D1: marks carry the 24 floor, not the 44 target); DATA MARK `g.dv-marker` — 8.4x8.4 — under the 24 dense-case minimum (<g> wrapper measured from its circle child (circle diameter 2r)) (s116-D1: marks carry the 24 floor, not the 44 target); DATA MARK `g.dv-marker` — 8.4x8.4 — under the 24 dense-case minimum (<g> wrapper measured from its circle child (circle diameter 2r)) (s116-D1: marks carry the 24 floor, not the 44 target); DATA MARK `g.dv-marker` — 8.4x8.4 — under the 24 dense-case minimum (<g> wrapper measured from its circle child (circle diameter 2r)) (s116-D1: marks carry the 24 floor, not the 44 target); DATA MARK `g.dv-marker` — 8.4x8.4 — under the 24 dense-case minimum (<g> wrapper measured from its circle child (circle diameter 2r)) (s116-D1: marks carry the 24 floor, not the 44 target))
2026-09-27T20:29:53.6734033Z ## nio-dash-console-v1.canon.html
2026-09-27T20:29:53.6735424Z - receipt: UNPROVEN:NO-RECEIPT — this page carries no #provenance-receipt, so nothing about its provenance was measured. Mint one with `python3 knowledge/gen_provenance_receipt.py --mint <path>`; run with --receipt-strict to make this block.
2026-09-27T20:29:53.6736401Z - compose: ✅
2026-09-27T20:29:53.6736693Z - composition: n/a — no .c-bento on this page
2026-09-27T20:29:53.6737063Z - icon-source: ✅ all paths library-matched
2026-09-27T20:29:53.6795752Z - a11y: ✅  (warn: DATA MARK `rect.dv-series` — 14.0x97.2 — under the 24 dense-case minimum (rect w/h attrs) (s116-D1: marks carry the 24 floor, not the 44 target); DATA MARK `rect.dv-series` — 14.0x64.8 — under the 24 dense-case minimum (rect w/h attrs) (s116-D1: marks carry the 24 floor, not the 44 target); DATA MARK `rect.dv-series` — 14.0x133.9 — under the 24 dense-case minimum (rect w/h attrs) (s116-D1: marks carry the 24 floor, not the 44 target); DATA MARK `rect.dv-series` — 14.0x216.0 — under the 24 dense-case minimum (rect w/h attrs) (s116-D1: marks carry the 24 floor, not the 44 target); DATA MARK `rect.dv-series` — 14.0x38.9 — under the 24 dense-case minimum (rect w/h attrs) (s116-D1: marks carry the 24 floor, not the 44 target); DATA MARK `rect.dv-series` — 14.0x47.5 — under the 24 dense-case minimum (rect w/h attrs) (s116-D1: marks carry the 24 floor, not the 44 target); DATA MARK `rect.dv-series` — 14.0x118.8 — under the 24 dense-case minimum (rect w/h attrs) (s116-D1: marks carry the 24 floor, not the 44 target); DATA MARK `rect.dv-series` — 14.0x129.6 — under the 24 dense-case minimum (rect w/h attrs) (s116-D1: marks carry the 24 floor, not the 44 target); DATA MARK `rect.dv-series` — 14.0x183.6 — under the 24 dense-case minimum (rect w/h attrs) (s116-D1: marks carry the 24 floor, not the 44 target); DATA MARK `rect.dv-series` — 14.0x86.4 — under the 24 dense-case minimum (rect w/h attrs) (s116-D1: marks carry the 24 floor, not the 44 target); DATA MARK `rect.dv-series` — 14.0x90.7 — under the 24 dense-case minimum (rect w/h attrs) (s116-D1: marks carry the 24 floor, not the 44 target); DATA MARK `rect.dv-series` — 14.0x64.8 — under the 24 dense-case minimum (rect w/h attrs) (s116-D1: marks carry the 24 floor, not the 44 target); DATA MARK `rect.dv-series` — 14.0x125.3 — under the 24 dense-case minimum (rect w/h attrs) (s116-D1: marks carry the 24 floor, not the 44 target); DATA MARK `rect.dv-series` — 14.0x99.4 — under the 24 dense-case minimum (rect w/h attrs) (s116-D1: marks carry the 24 floor, not the 44 target); DATA MARK `rect.dv-series` — 14.0x108.0 — under the 24 dense-case minimum (rect w/h attrs) (s116-D1: marks carry the 24 floor, not the 44 target); DATA MARK `rect.dv-series` — 14.0x129.6 — under the 24 dense-case minimum (rect w/h attrs) (s116-D1: marks carry the 24 floor, not the 44 target); DATA MARK `rect.dv-series` — 14.0x205.2 — under the 24 dense-case minimum (rect w/h attrs) (s116-D1: marks carry the 24 floor, not the 44 target); DATA MARK `rect.dv-series` — 14.0x155.5 — under the 24 dense-case minimum (rect w/h attrs) (s116-D1: marks carry the 24 floor, not the 44 target); DATA MARK `rect.dv-series` — 14.0x86.4 — under the 24 dense-case minimum (rect w/h attrs) (s116-D1: marks carry the 24 floor, not the 44 target); DATA MARK `rect.dv-series` — 14.0x140.4 — under the 24 dense-case minimum (rect w/h attrs) (s116-D1: marks carry the 24 floor, not the 44 target); DATA MARK `rect.dv-series` — 14.0x64.8 — under the 24 dense-case minimum (rect w/h attrs) (s116-D1: marks carry the 24 floor, not the 44 target); DATA MARK `rect.dv-series` — 14.0x47.5 — under the 24 dense-case minimum (rect w/h attrs) (s116-D1: marks carry the 24 floor, not the 44 target); DATA MARK `rect.dv-series` — 14.0x43.2 — under the 24 dense-case minimum (rect w/h attrs) (s116-D1: marks carry the 24 floor, not the 44 target); DATA MARK `rect.dv-series` — 14.0x54.0 — under the 24 dense-case minimum (rect w/h attrs) (s116-D1: marks carry the 24 floor, not the 44 target); DATA MARK `path.dv-donut-seg.dv-marker.dv-series` — 40.0x11.5 — under the 24 dense-case minimum (arc segment: radial thickness 40.0, mid-radius arc length 11.5) (s116-D1: marks carry the 24 floor, not the 44 target); DATA MARK `path.dv-donut-seg.dv-marker.dv-series` — 40.0x21.2 — under the 24 dense-case minimum (arc segment: radial thickness 40.0, mid-radius arc length 21.2) (s116-D1: marks carry the 24 floor, not the 44 target); DATA MARK `g.dv-marker` — 11.0x11.0 — under the 24 dense-case minimum (<g> wrapper measured from its circle child (circle diameter 2r)) (s116-D1: marks carry the 24 floor, not the 44 target); DATA MARK `g.dv-marker` — 11.0x11.0 — under the 24 dense-case minimum (<g> wrapper measured from its circle child (circle diameter 2r)) (s116-D1: marks carry the 24 floor, not the 44 target); DATA MARK `g.dv-marker` — 11.0x11.0 — under the 24 dense-case minimum (<g> wrapper measured from its circle child (circle diameter 2r)) (s116-D1: marks carry the 24 floor, not the 44 target); DATA MARK `g.dv-marker` — 11.0x11.0 — under the 24 dense-case minimum (<g> wrapper measured from its circle child (circle diameter 2r)) (s116-D1: marks carry the 24 floor, not the 44 target); DATA MARK `g.dv-marker` — 11.0x11.0 — under the 24 dense-case minimum (<g> wrapper measured from its circle child (circle diameter 2r)) (s116-D1: marks carry the 24 floor, not the 44 target); DATA MARK `g.dv-marker` — 11.0x11.0 — under the 24 dense-case minimum (<g> wrapper measured from its circle child (circle diameter 2r)) (s116-D1: marks carry the 24 floor, not the 44 target); DATA MARK `g.dv-marker` — 11.0x11.0 — under the 24 dense-case minimum (<g> wrapper measured from its circle child (circle diameter 2r)) (s116-D1: marks carry the 24 floor, not the 44 target); DATA MARK `g.dv-marker` — 11.0x11.0 — under the 24 dense-case minimum (<g> wrapper measured from its circle child (circle diameter 2r)) (s116-D1: marks carry the 24 floor, not the 44 target); DATA MARK `g.dv-marker` — 11.0x11.0 — under the 24 dense-case minimum (<g> wrapper measured from its circle child (circle diameter 2r)) (s116-D1: marks carry the 24 floor, not the 44 target); DATA MARK `g.dv-marker` — 11.0x11.0 — under the 24 dense-case minimum (<g> wrapper measured from its circle child (circle diameter 2r)) (s116-D1: marks carry the 24 floor, not the 44 target); DATA MARK `g.dv-marker` — 11.0x11.0 — under the 24 dense-case minimum (<g> wrapper measured from its circle child (circle diameter 2r)) (s116-D1: marks carry the 24 floor, not the 44 target); DATA MARK `g.dv-marker` — 11.0x11.0 — under the 24 dense-case minimum (<g> wrapper measured from its circle child (circle diameter 2r)) (s116-D1: marks carry the 24 floor, not the 44 target); DATA MARK `g.dv-marker` — 11.0x11.0 — under the 24 dense-case minimum (<g> wrapper measured from its circle child (circle diameter 2r)) (s116-D1: marks carry the 24 floor, not the 44 target); DATA MARK `g.dv-marker` — 11.0x11.0 — under the 24 dense-case minimum (<g> wrapper measured from its circle child (circle diameter 2r)) (s116-D1: marks carry the 24 floor, not the 44 target); DATA MARK `g.dv-marker` — 11.0x11.0 — under the 24 dense-case minimum (<g> wrapper measured from its circle child (circle diameter 2r)) (s116-D1: marks carry the 24 floor, not the 44 target); DATA MARK `g.dv-marker` — 11.0x11.0 — under the 24 dense-case minimum (<g> wrapper measured from its circle child (circle diameter 2r)) (s116-D1: marks carry the 24 floor, not the 44 target); DATA MARK `g.dv-marker` — 11.0x11.0 — under the 24 dense-case minimum (<g> wrapper measured from its circle child (circle diameter 2r)) (s116-D1: marks carry the 24 floor, not the 44 target); DATA MARK `g.dv-marker` — 11.0x11.0 — under the 24 dense-case minimum (<g> wrapper measured from its circle child (circle diameter 2r)) (s116-D1: marks carry the 24 floor, not the 44 target); DATA MARK `g.dv-marker` — 11.0x11.0 — under the 24 dense-case minimum (<g> wrapper measured from its circle child (circle diameter 2r)) (s116-D1: marks carry the 24 floor, not the 44 target); DATA MARK `g.dv-marker` — 11.0x11.0 — under the 24 dense-case minimum (<g> wrapper measured from its circle child (circle diameter 2r)) (s116-D1: marks carry the 24 floor, not the 44 target); DATA MARK `g.dv-marker` — 11.0x11.0 — under the 24 dense-case minimum (<g> wrapper measured from its circle child (circle diameter 2r)) (s116-D1: marks carry the 24 floor, not the 44 target); DATA MARK `g.dv-marker` — 11.0x11.0 — under the 24 dense-case minimum (<g> wrapper measured from its circle child (circle diameter 2r)) (s116-D1: marks carry the 24 floor, not the 44 target); DATA MARK `g.dv-marker` — 11.0x11.0 — under the 24 dense-case minimum (<g> wrapper measured from its circle child (circle diameter 2r)) (s116-D1: marks carry the 24 floor, not the 44 target); DATA MARK `g.dv-marker` — 11.0x11.0 — under the 24 dense-case minimum (<g> wrapper measured from its circle child (circle diameter 2r)) (s116-D1: marks carry the 24 floor, not the 44 target); DATA MARK `g.dv-marker` — 11.0x11.0 — under the 24 dense-case minimum (<g> wrapper measured from its rect child (rect w/h attrs)) (s116-D1: marks carry the 24 floor, not the 44 target); DATA MARK `g.dv-marker` — 11.0x11.0 — under the 24 dense-case minimum (<g> wrapper measured from its rect child (rect w/h attrs)) (s116-D1: marks carry the 24 floor, not the 44 target); DATA MARK `g.dv-marker` — 11.0x11.0 — under the 24 dense-case minimum (<g> wrapper measured from its rect child (rect w/h attrs)) (s116-D1: marks carry the 24 floor, not the 44 target); DATA MARK `g.dv-marker` — 11.0x11.0 — under the 24 dense-case minimum (<g> wrapper measured from its rect child (rect w/h attrs)) (s116-D1: marks carry the 24 floor, not the 44 target); DATA MARK `g.dv-marker` — 11.0x11.0 — under the 24 dense-case minimum (<g> wrapper measured from its rect child (rect w/h attrs)) (s116-D1: marks carry the 24 floor, not the 44 target); DATA MARK `g.dv-marker` — 11.0x11.0 — under the 24 dense-case minimum (<g> wrapper measured from its rect child (rect w/h attrs)) (s116-D1: marks carry the 24 floor, not the 44 target); DATA MARK `g.dv-marker` — 11.0x11.0 — under the 24 dense-case minimum (<g> wrapper measured from its rect child (rect w/h attrs)) (s116-D1: marks carry the 24 floor, not the 44 target); DATA MARK `g.dv-marker` — 11.0x11.0 — under the 24 dense-case minimum (<g> wrapper measured from its rect child (rect w/h attrs)) (s116-D1: marks carry the 24 floor, not the 44 target); DATA MARK `g.dv-marker` — 11.0x11.0 — under the 24 dense-case minimum (<g> wrapper measured from its rect child (rect w/h attrs)) (s116-D1: marks carry the 24 floor, not the 44 target); DATA MARK `g.dv-marker` — 11.0x11.0 — under the 24 dense-case minimum (<g> wrapper measured from its rect child (rect w/h attrs)) (s116-D1: marks carry the 24 floor, not the 44 target); DATA MARK `g.dv-marker` — 11.0x11.0 — under the 24 dense-case minimum (<g> wrapper measured from its rect child (rect w/h attrs)) (s116-D1: marks carry the 24 floor, not the 44 target); DATA MARK `g.dv-marker` — 11.0x11.0 — under the 24 dense-case minimum (<g> wrapper measured from its rect child (rect w/h attrs)) (s116-D1: marks carry the 24 floor, not the 44 target); DATA MARK `g.dv-marker` — 13.0x13.0 — under the 24 dense-case minimum (<g> wrapper measured from its polygon child (polygon bbox)) (s116-D1: marks carry the 24 floor, not the 44 target); DATA MARK `g.dv-marker` — 13.0x13.0 — under the 24 dense-case minimum (<g> wrapper measured from its polygon child (polygon bbox)) (s116-D1: marks carry the 24 floor, not the 44 target); DATA MARK `g.dv-marker` — 13.0x13.0 — under the 24 dense-case minimum (<g> wrapper measured from its polygon child (polygon bbox)) (s116-D1: marks carry the 24 floor, not the 44 target); DATA MARK `g.dv-marker` — 13.0x13.0 — under the 24 dense-case minimum (<g> wrapper measured from its polygon child (polygon bbox)) (s116-D1: marks carry the 24 floor, not the 44 target); DATA MARK `g.dv-marker` — 13.0x13.0 — under the 24 dense-case minimum (<g> wrapper measured from its polygon child (polygon bbox)) (s116-D1: marks carry the 24 floor, not the 44 target); DATA MARK `g.dv-marker` — 13.0x13.0 — under the 24 dense-case minimum (<g> wrapper measured from its polygon child (polygon bbox)) (s116-D1: marks carry the 24 floor, not the 44 target); DATA MARK `g.dv-marker` — 13.0x13.0 — under the 24 dense-case minimum (<g> wrapper measured from its polygon child (polygon bbox)) (s116-D1: marks carry the 24 floor, not the 44 target); DATA MARK `g.dv-marker` — 13.0x13.0 — under the 24 dense-case minimum (<g> wrapper measured from its polygon child (polygon bbox)) (s116-D1: marks carry the 24 floor, not the 44 target); DATA MARK `g.dv-marker` — 13.0x13.0 — under the 24 dense-case minimum (<g> wrapper measured from its polygon child (polygon bbox)) (s116-D1: marks carry the 24 floor, not the 44 target); DATA MARK `g.dv-marker` — 13.0x13.0 — under the 24 dense-case minimum (<g> wrapper measured from its polygon child (polygon bbox)) (s116-D1: marks carry the 24 floor, not the 44 target); DATA MARK `g.dv-marker` — 13.0x13.0 — under the 24 dense-case minimum (<g> wrapper measured from its polygon child (polygon bbox)) (s116-D1: marks carry the 24 floor, not the 44 target); DATA MARK `g.dv-marker` — 13.0x13.0 — under the 24 dense-case minimum (<g> wrapper measured from its polygon child (polygon bbox)) (s116-D1: marks carry the 24 floor, not the 44 target); DATA MARK `g.dv-marker` — 11.0x11.0 — under the 24 dense-case minimum (<g> wrapper measured from its rect child (rect w/h attrs)) (s116-D1: marks carry the 24 floor, not the 44 target); DATA MARK `g.dv-marker` — 11.0x11.0 — under the 24 dense-case minimum (<g> wrapper measured from its rect child (rect w/h attrs)) (s116-D1: marks carry the 24 floor, not the 44 target); DATA MARK `g.dv-marker` — 11.0x11.0 — under the 24 dense-case minimum (<g> wrapper measured from its rect child (rect w/h attrs)) (s116-D1: marks carry the 24 floor, not the 44 target); DATA MARK `g.dv-marker` — 11.0x11.0 — under the 24 dense-case minimum (<g> wrapper measured from its rect child (rect w/h attrs)) (s116-D1: marks carry the 24 floor, not the 44 target); DATA MARK `g.dv-marker` — 11.0x11.0 — under the 24 dense-case minimum (<g> wrapper measured from its rect child (rect w/h attrs)) (s116-D1: marks carry the 24 floor, not the 44 target); DATA MARK `g.dv-marker` — 11.0x11.0 — under the 24 dense-case minimum (<g> wrapper measured from its rect child (rect w/h attrs)) (s116-D1: marks carry the 24 floor, not the 44 target); DATA MARK `g.dv-marker` — 11.0x11.0 — under the 24 dense-case minimum (<g> wrapper measured from its rect child (rect w/h attrs)) (s116-D1: marks carry the 24 floor, not the 44 target); DATA MARK `g.dv-marker` — 11.0x11.0 — under the 24 dense-case minimum (<g> wrapper measured from its rect child (rect w/h attrs)) (s116-D1: marks carry the 24 floor, not the 44 target); DATA MARK `g.dv-marker` — 11.0x11.0 — under the 24 dense-case minimum (<g> wrapper measured from its rect child (rect w/h attrs)) (s116-D1: marks carry the 24 floor, not the 44 target); DATA MARK `g.dv-marker` — 11.0x11.0 — under the 24 dense-case minimum (<g> wrapper measured from its rect child (rect w/h attrs)) (s116-D1: marks carry the 24 floor, not the 44 target); DATA MARK `g.dv-marker` — 11.0x11.0 — under the 24 dense-case minimum (<g> wrapper measured from its rect child (rect w/h attrs)) (s116-D1: marks carry the 24 floor, not the 44 target); DATA MARK `g.dv-marker` — 11.0x11.0 — under the 24 dense-case minimum (<g> wrapper measured from its rect child (rect w/h attrs)) (s116-D1: marks carry the 24 floor, not the 44 target); DATA MARK `rect.dv-series` — 20.0x64.8 — under the 24 dense-case minimum (rect w/h attrs) (s116-D1: marks carry the 24 floor, not the 44 target); DATA MARK `rect.dv-series` — 20.0x118.8 — under the 24 dense-case minimum (rect w/h attrs) (s116-D1: marks carry the 24 floor, not the 44 target); DATA MARK `rect.dv-series` — 20.0x95.0 — under the 24 dense-case minimum (rect w/h attrs) (s116-D1: marks carry the 24 floor, not the 44 target); DATA MARK `rect.dv-series` — 20.0x108.0 — under the 24 dense-case minimum (rect w/h attrs) (s116-D1: marks carry the 24 floor, not the 44 target); DATA MARK `rect.dv-series` — 20.0x146.9 — under the 24 dense-case minimum (rect w/h attrs) (s116-D1: marks carry the 24 floor, not the 44 target); DATA MARK `rect.dv-series` — 20.0x177.1 — under the 24 dense-case minimum (rect w/h attrs) (s116-D1: marks carry the 24 floor, not the 44 target); DATA MARK `rect.dv-series` — 20.0x38.9 — under the 24 dense-case minimum (rect w/h attrs) (s116-D1: marks carry the 24 floor, not the 44 target); DATA MARK `rect.dv-series` — 20.0x51.8 — under the 24 dense-case minimum (rect w/h attrs) (s116-D1: marks carry the 24 floor, not the 44 target); DATA MARK `rect.dv-series` — 20.0x30.2 — under the 24 dense-case minimum (rect w/h attrs) (s116-D1: marks carry the 24 floor, not the 44 target); DATA MARK `rect.dv-series` — 20.0x86.4 — under the 24 dense-case minimum (rect w/h attrs) (s116-D1: marks carry the 24 floor, not the 44 target); DATA MARK `rect.dv-series` — 20.0x112.3 — under the 24 dense-case minimum (rect w/h attrs) (s116-D1: marks carry the 24 floor, not the 44 target); DATA MARK `rect.dv-series` — 20.0x99.4 — under the 24 dense-case minimum (rect w/h attrs) (s116-D1: marks carry the 24 floor, not the 44 target); DATA MARK `rect.dv-series` — 20.0x198.7 — under the 24 dense-case minimum (rect w/h attrs) (s116-D1: marks carry the 24 floor, not the 44 target); DATA MARK `rect.dv-series` — 20.0x151.2 — under the 24 dense-case minimum (rect w/h attrs) (s116-D1: marks carry the 24 floor, not the 44 target); DATA MARK `rect.dv-series` — 20.0x129.6 — under the 24 dense-case minimum (rect w/h attrs) (s116-D1: marks carry the 24 floor, not the 44 target); DATA MARK `rect.dv-series` — 20.0x47.5 — under the 24 dense-case minimum (rect w/h attrs) (s116-D1: marks carry the 24 floor, not the 44 target); DATA MARK `rect.dv-series` — 20.0x99.4 — under the 24 dense-case minimum (rect w/h attrs) (s116-D1: marks carry the 24 floor, not the 44 target); DATA MARK `rect.dv-series` — 20.0x82.1 — under the 24 dense-case minimum (rect w/h attrs) (s116-D1: marks carry the 24 floor, not the 44 target))
2026-09-27T20:29:53.6844218Z ## nio-dash-console-v2.canon.html
2026-09-27T20:29:53.6845559Z - receipt: UNPROVEN:NO-RECEIPT — this page carries no #provenance-receipt, so nothing about its provenance was measured. Mint one with `python3 knowledge/gen_provenance_receipt.py --mint <path>`; run with --receipt-strict to make this block.
2026-09-27T20:29:53.6846487Z - compose: ✅
2026-09-27T20:29:53.6846765Z - composition: n/a — no .c-bento on this page
2026-09-27T20:29:53.6847118Z - icon-source: ✅ all paths library-matched
2026-09-27T20:29:53.6908017Z - a11y: ✅  (warn: DATA MARK `rect.dv-series` — 14.0x97.2 — under the 24 dense-case minimum (rect w/h attrs) (s116-D1: marks carry the 24 floor, not the 44 target); DATA MARK `rect.dv-series` — 14.0x64.8 — under the 24 dense-case minimum (rect w/h attrs) (s116-D1: marks carry the 24 floor, not the 44 target); DATA MARK `rect.dv-series` — 14.0x133.9 — under the 24 dense-case minimum (rect w/h attrs) (s116-D1: marks carry the 24 floor, not the 44 target); DATA MARK `rect.dv-series` — 14.0x216.0 — under the 24 dense-case minimum (rect w/h attrs) (s116-D1: marks carry the 24 floor, not the 44 target); DATA MARK `rect.dv-series` — 14.0x38.9 — under the 24 dense-case minimum (rect w/h attrs) (s116-D1: marks carry the 24 floor, not the 44 target); DATA MARK `rect.dv-series` — 14.0x47.5 — under the 24 dense-case minimum (rect w/h attrs) (s116-D1: marks carry the 24 floor, not the 44 target); DATA MARK `rect.dv-series` — 14.0x118.8 — under the 24 dense-case minimum (rect w/h attrs) (s116-D1: marks carry the 24 floor, not the 44 target); DATA MARK `rect.dv-series` — 14.0x129.6 — under the 24 dense-case minimum (rect w/h attrs) (s116-D1: marks carry the 24 floor, not the 44 target); DATA MARK `rect.dv-series` — 14.0x183.6 — under the 24 dense-case minimum (rect w/h attrs) (s116-D1: marks carry the 24 floor, not the 44 target); DATA MARK `rect.dv-series` — 14.0x86.4 — under the 24 dense-case minimum (rect w/h attrs) (s116-D1: marks carry the 24 floor, not the 44 target); DATA MARK `rect.dv-series` — 14.0x90.7 — under the 24 dense-case minimum (rect w/h attrs) (s116-D1: marks carry the 24 floor, not the 44 target); DATA MARK `rect.dv-series` — 14.0x64.8 — under the 24 dense-case minimum (rect w/h attrs) (s116-D1: marks carry the 24 floor, not the 44 target); DATA MARK `rect.dv-series` — 14.0x125.3 — under the 24 dense-case minimum (rect w/h attrs) (s116-D1: marks carry the 24 floor, not the 44 target); DATA MARK `rect.dv-series` — 14.0x99.4 — under the 24 dense-case minimum (rect w/h attrs) (s116-D1: marks carry the 24 floor, not the 44 target); DATA MARK `rect.dv-series` — 14.0x108.0 — under the 24 dense-case minimum (rect w/h attrs) (s116-D1: marks carry the 24 floor, not the 44 target); DATA MARK `rect.dv-series` — 14.0x129.6 — under the 24 dense-case minimum (rect w/h attrs) (s116-D1: marks carry the 24 floor, not the 44 target); DATA MARK `rect.dv-series` — 14.0x205.2 — under the 24 dense-case minimum (rect w/h attrs) (s116-D1: marks carry the 24 floor, not the 44 target); DATA MARK `rect.dv-series` — 14.0x155.5 — under the 24 dense-case minimum (rect w/h attrs) (s116-D1: marks carry the 24 floor, not the 44 target); DATA MARK `rect.dv-series` — 14.0x86.4 — under the 24 dense-case minimum (rect w/h attrs) (s116-D1: marks carry the 24 floor, not the 44 target); DATA MARK `rect.dv-series` — 14.0x140.4 — under the 24 dense-case minimum (rect w/h attrs) (s116-D1: marks carry the 24 floor, not the 44 target); DATA MARK `rect.dv-series` — 14.0x64.8 — under the 24 dense-case minimum (rect w/h attrs) (s116-D1: marks carry the 24 floor, not the 44 target); DATA MARK `rect.dv-series` — 14.0x47.5 — under the 24 dense-case minimum (rect w/h attrs) (s116-D1: marks carry the 24 floor, not the 44 target); DATA MARK `rect.dv-series` — 14.0x43.2 — under the 24 dense-case minimum (rect w/h attrs) (s116-D1: marks carry the 24 floor, not the 44 target); DATA MARK `rect.dv-series` — 14.0x54.0 — under the 24 dense-case minimum (rect w/h attrs) (s116-D1: marks carry the 24 floor, not the 44 target); DATA MARK `path.dv-donut-seg.dv-marker.dv-series` — 40.0x11.5 — under the 24 dense-case minimum (arc segment: radial thickness 40.0, mid-radius arc length 11.5) (s116-D1: marks carry the 24 floor, not the 44 target); DATA MARK `path.dv-donut-seg.dv-marker.dv-series` — 40.0x21.2 — under the 24 dense-case minimum (arc segment: radial thickness 40.0, mid-radius arc length 21.2) (s116-D1: marks carry the 24 floor, not the 44 target); DATA MARK `g.dv-marker` — 11.0x11.0 — under the 24 dense-case minimum (<g> wrapper measured from its circle child (circle diameter 2r)) (s116-D1: marks carry the 24 floor, not the 44 target); DATA MARK `g.dv-marker` — 11.0x11.0 — under the 24 dense-case minimum (<g> wrapper measured from its circle child (circle diameter 2r)) (s116-D1: marks carry the 24 floor, not the 44 target); DATA MARK `g.dv-marker` — 11.0x11.0 — under the 24 dense-case minimum (<g> wrapper measured from its circle child (circle diameter 2r)) (s116-D1: marks carry the 24 floor, not the 44 target); DATA MARK `g.dv-marker` — 11.0x11.0 — under the 24 dense-case minimum (<g> wrapper measured from its circle child (circle diameter 2r)) (s116-D1: marks carry the 24 floor, not the 44 target); DATA MARK `g.dv-marker` — 11.0x11.0 — under the 24 dense-case minimum (<g> wrapper measured from its circle child (circle diameter 2r)) (s116-D1: marks carry the 24 floor, not the 44 target); DATA MARK `g.dv-marker` — 11.0x11.0 — under the 24 dense-case minimum (<g> wrapper measured from its circle child (circle diameter 2r)) (s116-D1: marks carry the 24 floor, not the 44 target); DATA MARK `g.dv-marker` — 11.0x11.0 — under the 24 dense-case minimum (<g> wrapper measured from its circle child (circle diameter 2r)) (s116-D1: marks carry the 24 floor, not the 44 target); DATA MARK `g.dv-marker` — 11.0x11.0 — under the 24 dense-case minimum (<g> wrapper measured from its circle child (circle diameter 2r)) (s116-D1: marks carry the 24 floor, not the 44 target); DATA MARK `g.dv-marker` — 11.0x11.0 — under the 24 dense-case minimum (<g> wrapper measured from its circle child (circle diameter 2r)) (s116-D1: marks carry the 24 floor, not the 44 target); DATA MARK `g.dv-marker` — 11.0x11.0 — under the 24 dense-case minimum (<g> wrapper measured from its circle child (circle diameter 2r)) (s116-D1: marks carry the 24 floor, not the 44 target); DATA MARK `g.dv-marker` — 11.0x11.0 — under the 24 dense-case minimum (<g> wrapper measured from its circle child (circle diameter 2r)) (s116-D1: marks carry the 24 floor, not the 44 target); DATA MARK `g.dv-marker` — 11.0x11.0 — under the 24 dense-case minimum (<g> wrapper measured from its circle child (circle diameter 2r)) (s116-D1: marks carry the 24 floor, not the 44 target); DATA MARK `g.dv-marker` — 11.0x11.0 — under the 24 dense-case minimum (<g> wrapper measured from its circle child (circle diameter 2r)) (s116-D1: marks carry the 24 floor, not the 44 target); DATA MARK `g.dv-marker` — 11.0x11.0 — under the 24 dense-case minimum (<g> wrapper measured from its circle child (circle diameter 2r)) (s116-D1: marks carry the 24 floor, not the 44 target); DATA MARK `g.dv-marker` — 11.0x11.0 — under the 24 dense-case minimum (<g> wrapper measured from its circle child (circle diameter 2r)) (s116-D1: marks carry the 24 floor, not the 44 target); DATA MARK `g.dv-marker` — 11.0x11.0 — under the 24 dense-case minimum (<g> wrapper measured from its circle child (circle diameter 2r)) (s116-D1: marks carry the 24 floor, not the 44 target); DATA MARK `g.dv-marker` — 11.0x11.0 — under the 24 dense-case minimum (<g> wrapper measured from its circle child (circle diameter 2r)) (s116-D1: marks carry the 24 floor, not the 44 target); DATA MARK `g.dv-marker` — 11.0x11.0 — under the 24 dense-case minimum (<g> wrapper measured from its circle child (circle diameter 2r)) (s116-D1: marks carry the 24 floor, not the 44 target); DATA MARK `g.dv-marker` — 11.0x11.0 — under the 24 dense-case minimum (<g> wrapper measured from its circle child (circle diameter 2r)) (s116-D1: marks carry the 24 floor, not the 44 target); DATA MARK `g.dv-marker` — 11.0x11.0 — under the 24 dense-case minimum (<g> wrapper measured from its circle child (circle diameter 2r)) (s116-D1: marks carry the 24 floor, not the 44 target); DATA MARK `g.dv-marker` — 11.0x11.0 — under the 24 dense-case minimum (<g> wrapper measured from its circle child (circle diameter 2r)) (s116-D1: marks carry the 24 floor, not the 44 target); DATA MARK `g.dv-marker` — 11.0x11.0 — under the 24 dense-case minimum (<g> wrapper measured from its circle child (circle diameter 2r)) (s116-D1: marks carry the 24 floor, not the 44 target); DATA MARK `g.dv-marker` — 11.0x11.0 — under the 24 dense-case minimum (<g> wrapper measured from its circle child (circle diameter 2r)) (s116-D1: marks carry the 24 floor, not the 44 target); DATA MARK `g.dv-marker` — 11.0x11.0 — under the 24 dense-case minimum (<g> wrapper measured from its circle child (circle diameter 2r)) (s116-D1: marks carry the 24 floor, not the 44 target); DATA MARK `g.dv-marker` — 11.0x11.0 — under the 24 dense-case minimum (<g> wrapper measured from its rect child (rect w/h attrs)) (s116-D1: marks carry the 24 floor, not the 44 target); DATA MARK `g.dv-marker` — 11.0x11.0 — under the 24 dense-case minimum (<g> wrapper measured from its rect child (rect w/h attrs)) (s116-D1: marks carry the 24 floor, not the 44 target); DATA MARK `g.dv-marker` — 11.0x11.0 — under the 24 dense-case minimum (<g> wrapper measured from its rect child (rect w/h attrs)) (s116-D1: marks carry the 24 floor, not the 44 target); DATA MARK `g.dv-marker` — 11.0x11.0 — under the 24 dense-case minimum (<g> wrapper measured from its rect child (rect w/h attrs)) (s116-D1: marks carry the 24 floor, not the 44 target); DATA MARK `g.dv-marker` — 11.0x11.0 — under the 24 dense-case minimum (<g> wrapper measured from its rect child (rect w/h attrs)) (s116-D1: marks carry the 24 floor, not the 44 target); DATA MARK `g.dv-marker` — 11.0x11.0 — under the 24 dense-case minimum (<g> wrapper measured from its rect child (rect w/h attrs)) (s116-D1: marks carry the 24 floor, not the 44 target); DATA MARK `g.dv-marker` — 11.0x11.0 — under the 24 dense-case minimum (<g> wrapper measured from its rect child (rect w/h attrs)) (s116-D1: marks carry the 24 floor, not the 44 target); DATA MARK `g.dv-marker` — 11.0x11.0 — under the 24 dense-case minimum (<g> wrapper measured from its rect child (rect w/h attrs)) (s116-D1: marks carry the 24 floor, not the 44 target); DATA MARK `g.dv-marker` — 11.0x11.0 — under the 24 dense-case minimum (<g> wrapper measured from its rect child (rect w/h attrs)) (s116-D1: marks carry the 24 floor, not the 44 target); DATA MARK `g.dv-marker` — 11.0x11.0 — under the 24 dense-case minimum (<g> wrapper measured from its rect child (rect w/h attrs)) (s116-D1: marks carry the 24 floor, not the 44 target); DATA MARK `g.dv-marker` — 11.0x11.0 — under the 24 dense-case minimum (<g> wrapper measured from its rect child (rect w/h attrs)) (s116-D1: marks carry the 24 floor, not the 44 target); DATA MARK `g.dv-marker` — 11.0x11.0 — under the 24 dense-case minimum (<g> wrapper measured from its rect child (rect w/h attrs)) (s116-D1: marks carry the 24 floor, not the 44 target); DATA MARK `g.dv-marker` — 13.0x13.0 — under the 24 dense-case minimum (<g> wrapper measured from its polygon child (polygon bbox)) (s116-D1: marks carry the 24 floor, not the 44 target); DATA MARK `g.dv-marker` — 13.0x13.0 — under the 24 dense-case minimum (<g> wrapper measured from its polygon child (polygon bbox)) (s116-D1: marks carry the 24 floor, not the 44 target); DATA MARK `g.dv-marker` — 13.0x13.0 — under the 24 dense-case minimum (<g> wrapper measured from its polygon child (polygon bbox)) (s116-D1: marks carry the 24 floor, not the 44 target); DATA MARK `g.dv-marker` — 13.0x13.0 — under the 24 dense-case minimum (<g> wrapper measured from its polygon child (polygon bbox)) (s116-D1: marks carry the 24 floor, not the 44 target); DATA MARK `g.dv-marker` — 13.0x13.0 — under the 24 dense-case minimum (<g> wrapper measured from its polygon child (polygon bbox)) (s116-D1: marks carry the 24 floor, not the 44 target); DATA MARK `g.dv-marker` — 13.0x13.0 — under the 24 dense-case minimum (<g> wrapper measured from its polygon child (polygon bbox)) (s116-D1: marks carry the 24 floor, not the 44 target); DATA MARK `g.dv-marker` — 13.0x13.0 — under the 24 dense-case minimum (<g> wrapper measured from its polygon child (polygon bbox)) (s116-D1: marks carry the 24 floor, not the 44 target); DATA MARK `g.dv-marker` — 13.0x13.0 — under the 24 dense-case minimum (<g> wrapper measured from its polygon child (polygon bbox)) (s116-D1: marks carry the 24 floor, not the 44 target); DATA MARK `g.dv-marker` — 13.0x13.0 — under the 24 dense-case minimum (<g> wrapper measured from its polygon child (polygon bbox)) (s116-D1: marks carry the 24 floor, not the 44 target); DATA MARK `g.dv-marker` — 13.0x13.0 — under the 24 dense-case minimum (<g> wrapper measured from its polygon child (polygon bbox)) (s116-D1: marks carry the 24 floor, not the 44 target); DATA MARK `g.dv-marker` — 13.0x13.0 — under the 24 dense-case minimum (<g> wrapper measured from its polygon child (polygon bbox)) (s116-D1: marks carry the 24 floor, not the 44 target); DATA MARK `g.dv-marker` — 13.0x13.0 — under the 24 dense-case minimum (<g> wrapper measured from its polygon child (polygon bbox)) (s116-D1: marks carry the 24 floor, not the 44 target); DATA MARK `g.dv-marker` — 11.0x11.0 — under the 24 dense-case minimum (<g> wrapper measured from its rect child (rect w/h attrs)) (s116-D1: marks carry the 24 floor, not the 44 target); DATA MARK `g.dv-marker` — 11.0x11.0 — under the 24 dense-case minimum (<g> wrapper measured from its rect child (rect w/h attrs)) (s116-D1: marks carry the 24 floor, not the 44 target); DATA MARK `g.dv-marker` — 11.0x11.0 — under the 24 dense-case minimum (<g> wrapper measured from its rect child (rect w/h attrs)) (s116-D1: marks carry the 24 floor, not the 44 target); DATA MARK `g.dv-marker` — 11.0x11.0 — under the 24 dense-case minimum (<g> wrapper measured from its rect child (rect w/h attrs)) (s116-D1: marks carry the 24 floor, not the 44 target); DATA MARK `g.dv-marker` — 11.0x11.0 — under the 24 dense-case minimum (<g> wrapper measured from its rect child (rect w/h attrs)) (s116-D1: marks carry the 24 floor, not the 44 target); DATA MARK `g.dv-marker` — 11.0x11.0 — under the 24 dense-case minimum (<g> wrapper measured from its rect child (rect w/h attrs)) (s116-D1: marks carry the 24 floor, not the 44 target); DATA MARK `g.dv-marker` — 11.0x11.0 — under the 24 dense-case minimum (<g> wrapper measured from its rect child (rect w/h attrs)) (s116-D1: marks carry the 24 floor, not the 44 target); DATA MARK `g.dv-marker` — 11.0x11.0 — under the 24 dense-case minimum (<g> wrapper measured from its rect child (rect w/h attrs)) (s116-D1: marks carry the 24 floor, not the 44 target); DATA MARK `g.dv-marker` — 11.0x11.0 — under the 24 dense-case minimum (<g> wrapper measured from its rect child (rect w/h attrs)) (s116-D1: marks carry the 24 floor, not the 44 target); DATA MARK `g.dv-marker` — 11.0x11.0 — under the 24 dense-case minimum (<g> wrapper measured from its rect child (rect w/h attrs)) (s116-D1: marks carry the 24 floor, not the 44 target); DATA MARK `g.dv-marker` — 11.0x11.0 — under the 24 dense-case minimum (<g> wrapper measured from its rect child (rect w/h attrs)) (s116-D1: marks carry the 24 floor, not the 44 target); DATA MARK `g.dv-marker` — 11.0x11.0 — under the 24 dense-case minimum (<g> wrapper measured from its rect child (rect w/h attrs)) (s116-D1: marks carry the 24 floor, not the 44 target); DATA MARK `rect.dv-series` — 20.0x64.8 — under the 24 dense-case minimum (rect w/h attrs) (s116-D1: marks carry the 24 floor, not the 44 target); DATA MARK `rect.dv-series` — 20.0x118.8 — under the 24 dense-case minimum (rect w/h attrs) (s116-D1: marks carry the 24 floor, not the 44 target); DATA MARK `rect.dv-series` — 20.0x95.0 — under the 24 dense-case minimum (rect w/h attrs) (s116-D1: marks carry the 24 floor, not the 44 target); DATA MARK `rect.dv-series` — 20.0x108.0 — under the 24 dense-case minimum (rect w/h attrs) (s116-D1: marks carry the 24 floor, not the 44 target); DATA MARK `rect.dv-series` — 20.0x146.9 — under the 24 dense-case minimum (rect w/h attrs) (s116-D1: marks carry the 24 floor, not the 44 target); DATA MARK `rect.dv-series` — 20.0x177.1 — under the 24 dense-case minimum (rect w/h attrs) (s116-D1: marks carry the 24 floor, not the 44 target); DATA MARK `rect.dv-series` — 20.0x38.9 — under the 24 dense-case minimum (rect w/h attrs) (s116-D1: marks carry the 24 floor, not the 44 target); DATA MARK `rect.dv-series` — 20.0x51.8 — under the 24 dense-case minimum (rect w/h attrs) (s116-D1: marks carry the 24 floor, not the 44 target); DATA MARK `rect.dv-series` — 20.0x30.2 — under the 24 dense-case minimum (rect w/h attrs) (s116-D1: marks carry the 24 floor, not the 44 target); DATA MARK `rect.dv-series` — 20.0x86.4 — under the 24 dense-case minimum (rect w/h attrs) (s116-D1: marks carry the 24 floor, not the 44 target); DATA MARK `rect.dv-series` — 20.0x112.3 — under the 24 dense-case minimum (rect w/h attrs) (s116-D1: marks carry the 24 floor, not the 44 target); DATA MARK `rect.dv-series` — 20.0x99.4 — under the 24 dense-case minimum (rect w/h attrs) (s116-D1: marks carry the 24 floor, not the 44 target); DATA MARK `rect.dv-series` — 20.0x198.7 — under the 24 dense-case minimum (rect w/h attrs) (s116-D1: marks carry the 24 floor, not the 44 target); DATA MARK `rect.dv-series` — 20.0x151.2 — under the 24 dense-case minimum (rect w/h attrs) (s116-D1: marks carry the 24 floor, not the 44 target); DATA MARK `rect.dv-series` — 20.0x129.6 — under the 24 dense-case minimum (rect w/h attrs) (s116-D1: marks carry the 24 floor, not the 44 target); DATA MARK `rect.dv-series` — 20.0x47.5 — under the 24 dense-case minimum (rect w/h attrs) (s116-D1: marks carry the 24 floor, not the 44 target); DATA MARK `rect.dv-series` — 20.0x99.4 — under the 24 dense-case minimum (rect w/h attrs) (s116-D1: marks carry the 24 floor, not the 44 target); DATA MARK `rect.dv-series` — 20.0x82.1 — under the 24 dense-case minimum (rect w/h attrs) (s116-D1: marks carry the 24 floor, not the 44 target))
2026-09-27T20:29:53.6956074Z ## payments-journey.canon.html
2026-09-27T20:29:53.6957286Z - receipt: UNPROVEN:NO-RECEIPT — this page carries no #provenance-receipt, so nothing about its provenance was measured. Mint one with `python3 knowledge/gen_provenance_receipt.py --mint <path>`; run with --receipt-strict to make this block.
2026-09-27T20:29:53.6958215Z - compose: ✅
2026-09-27T20:29:53.6958494Z - composition: n/a — no .c-bento on this page
2026-09-27T20:29:53.6958853Z - icon-source: ✅ all paths library-matched
2026-09-27T20:29:53.6959135Z - a11y: ✅
2026-09-27T20:29:53.6959556Z ## sme-payments-desktop.canon.html
2026-09-27T20:29:53.6960634Z - receipt: UNPROVEN:NO-RECEIPT — this page carries no #provenance-receipt, so nothing about its provenance was measured. Mint one with `python3 knowledge/gen_provenance_receipt.py --mint <path>`; run with --receipt-strict to make this block.
2026-09-27T20:29:53.6961525Z - compose: ✅
2026-09-27T20:29:53.6961929Z - composition: n/a — no .c-bento on this page
2026-09-27T20:29:53.6962272Z - icon-source: ✅ all paths library-matched
2026-09-27T20:29:53.6962546Z - a11y: ✅
2026-09-27T20:29:53.6962763Z ## sme-payments-swiss.canon.html
2026-09-27T20:29:53.6963775Z - receipt: UNPROVEN:NO-RECEIPT — this page carries no #provenance-receipt, so nothing about its provenance was measured. Mint one with `python3 knowledge/gen_provenance_receipt.py --mint <path>`; run with --receipt-strict to make this block.
2026-09-27T20:29:53.6964655Z - compose: ✅
2026-09-27T20:29:53.6965125Z - composition: n/a — no .c-bento on this page
2026-09-27T20:29:53.6965461Z - icon-source: ✅ all paths library-matched
2026-09-27T20:29:53.6965747Z - a11y: ✅
2026-09-27T20:29:53.6965956Z ## sme-payments.canon.html
2026-09-27T20:29:53.6966957Z - receipt: UNPROVEN:NO-RECEIPT — this page carries no #provenance-receipt, so nothing about its provenance was measured. Mint one with `python3 knowledge/gen_provenance_receipt.py --mint <path>`; run with --receipt-strict to make this block.
2026-09-27T20:29:53.6967841Z - compose: ✅
2026-09-27T20:29:53.6968101Z - composition: n/a — no .c-bento on this page
2026-09-27T20:29:53.6968438Z - icon-source: ✅ all paths library-matched
2026-09-27T20:29:53.6968720Z - a11y: ✅
2026-09-27T20:29:53.6968835Z 
2026-09-27T20:29:53.6968938Z RESULT: PASS ✅
2026-09-27T20:29:53.7198161Z COULD-NOT-ASK: _validate_state_contrast.py — the 'playwright' module is not installed (ModuleNotFoundError("No module named 'playwright'")) — this gate cannot be proven without it; run `pip install playwright && playwright install chromium` ⇒ THIS IS NOT A SKIP: these arms (including the s152-D1 mutation control) run BLOCKING in the `render` job of .github/workflows/gates.yml, which installs chromium — that job is where this gate's proof of record lives. Nothing here is claimed green; the question was unaskable on this box.
2026-09-27T20:29:53.7605893Z COULD-NOT-ASK: _validate_state_contrast.py — the 'playwright' module is not installed (ModuleNotFoundError("No module named 'playwright'")) — this gate cannot be proven without it; run `pip install playwright && playwright install chromium` ⇒ THIS IS NOT A SKIP: these arms (including the s152-D1 mutation control) run BLOCKING in the `render` job of .github/workflows/gates.yml, which installs chromium — that job is where this gate's proof of record lives. Nothing here is claimed green; the question was unaskable on this box.
2026-09-27T20:29:53.7648958Z 
2026-09-27T20:29:53.7649618Z === [1/154] compliance knowledge graph — compliance/_build_compliance_kg.py ===
2026-09-27T20:29:53.7650131Z 
2026-09-27T20:29:53.7650588Z === [2/154] token blast-radius + graph report — tokens/_build_blast_radius.py ===
2026-09-27T20:29:53.7650967Z 
2026-09-27T20:29:53.7651428Z === [3/154] token blast-radius + graph report — determinism/staleness check (#79 P6) — tokens/_build_blast_radius.py ===
2026-09-27T20:29:53.7651890Z 
2026-09-27T20:29:53.7652231Z === [4/154] token blast-radius + graph report selftest (#79 P6) — tokens/_build_blast_radius.py ===
2026-09-27T20:29:53.7652596Z 
2026-09-27T20:29:53.7652857Z === [5/154] guideline rules index (gate) — guidelines/gen_rules_index.py ===
2026-09-27T20:29:53.7653139Z 
2026-09-27T20:29:53.7653354Z === [6/154] runbook index (generated) — gen_runbook_index.py ===
2026-09-27T20:29:53.7653598Z 
2026-09-27T20:29:53.7653969Z === [7/154] standing-instructions reachability gate — _validate_standing_instructions.py ===
2026-09-27T20:29:53.7654327Z 
2026-09-27T20:29:53.7654869Z === [8/154] help-gate — no entry point may write before it reads argv (#158 class gate) — _validate_help_gate.py ===
2026-09-27T20:29:53.7655269Z 
2026-09-27T20:29:53.7655948Z === [9/154] help-gate selftest — 5 mutation bites (#158 class gate) — _validate_help_gate.py ===
2026-09-27T20:29:53.7656289Z 
2026-09-27T20:29:53.7656597Z === [10/154] assertion veracity gate — claims that can rot — _validate_assertions.py ===
2026-09-27T20:29:53.7656921Z 
2026-09-27T20:29:53.7657489Z ⊘ step 'assertion veracity gate — claims that can rot' COULD-NOT-ASK (exit 77) — declared refusal, build continues
2026-09-27T20:29:53.7657914Z 
2026-09-27T20:29:53.7658342Z === [11/154] assertion veracity selftest — verbs bite + registry well-formed (#77 periphery) — _validate_assertions.py ===
2026-09-27T20:29:53.7658773Z 
2026-09-27T20:29:53.7659197Z === [12/154] capture/provenance gate — status+provenance on new notes+dossiers (Memento §4.1) — _capture_gate.py ===
2026-09-27T20:29:53.7659604Z 
2026-09-27T20:29:53.7659872Z === [13/154] capture/provenance selftest (Memento §4.1) — _capture_gate.py ===
2026-09-27T20:29:53.7660159Z 
2026-09-27T20:29:53.7660567Z ⊘ step 'capture/provenance selftest (Memento §4.1)' COULD-NOT-ASK (exit 77) — declared refusal, build continues
2026-09-27T20:29:53.7660985Z 
2026-09-27T20:29:53.7661425Z === [14/154] gauge-tokens selftest -- counting path + cache + degraded-measurement honesty (#79 P5) — _gauge_tokens.py ===
2026-09-27T20:29:53.7661852Z 
2026-09-27T20:29:53.7662089Z === [15/154] roll-state measurer selftest (#77 T1) — _roll_state.py ===
2026-09-27T20:29:53.7662364Z 
2026-09-27T20:29:53.7662730Z === [16/154] commit-seam harness — _git_commit.sh fixture-repo arms (#78-D1 P1) — _test_git_commit.py ===
2026-09-27T20:29:53.7663091Z 
2026-09-27T20:29:53.7663360Z === [17/154] GM/LS mover selftest — hardened move mechanics (M5) — _gm_move.py ===
2026-09-27T20:29:53.7663646Z 
2026-09-27T20:29:53.7663907Z === [18/154] section-usage instrumentation selftest (#23) — _gm_usage.py ===
2026-09-27T20:29:53.7664192Z 
2026-09-27T20:29:53.7664468Z === [19/154] lane records — regenerate LS §🛤 view (O1′ #24) — _gen_lanes.py ===
2026-09-27T20:29:53.7664873Z 
2026-09-27T20:29:53.7665121Z === [20/154] lane records determinism check (O1′ #24) — _gen_lanes.py ===
2026-09-27T20:29:53.7665390Z 
2026-09-27T20:29:53.7665718Z === [21/154] lane records selftest — schema refusals + routing contract (O1′ #24) — _gen_lanes.py ===
2026-09-27T20:29:53.7666079Z 
2026-09-27T20:29:53.7666291Z === [22/154] cross-reference index — _build_xref_index.py ===
2026-09-27T20:29:53.7666528Z 
2026-09-27T20:29:53.7666803Z === [23/154] sutherland acceptance fixtures — _build_sutherland_fixtures.py ===
2026-09-27T20:29:53.7667100Z 
2026-09-27T20:29:53.7667367Z === [24/154] states-completeness probe (advisory) — _build_states_probe.py ===
2026-09-27T20:29:53.7667650Z 
2026-09-27T20:29:53.7668170Z === [25/154] worklist store gate — open items state what would close them; optional priority_override is Dave's (#88 store, wired #165) — _state.py ===
2026-09-27T20:29:53.7668665Z 
2026-09-27T20:29:53.7669155Z === [26/154] worklist store selftest — schema presence gates incl. priority_override / deadline / effort (#165, extended #166) — _state.py ===
2026-09-27T20:29:53.7669641Z 
2026-09-27T20:29:53.7670003Z === [27/154] decision-graph — typed edges + conflict gate (advisory, ADR-0012) — _build_decision_graph.py ===
2026-09-27T20:29:53.7670373Z 
2026-09-27T20:29:53.7670851Z === [28/154] decision-graph selftest — conflict gate bites on unresolved/open/orphan (ADR-0012, #77 periphery) — _build_decision_graph.py ===
2026-09-27T20:29:53.7671331Z 
2026-09-27T20:29:53.7671696Z === [29/154] spine-writer selftest — splice invariants + no-half-writes (#78-D2) — _build_live_state.py ===
2026-09-27T20:29:53.7672060Z 
2026-09-27T20:29:53.7672462Z === [30/154] _LIVE-STATE staleness gate + lifecycle-block generation (advisory, ADR-0007) — _build_live_state.py ===
2026-09-27T20:29:53.7672874Z 
2026-09-27T20:29:53.7673152Z === [31/154] advisory signals — prose rules (advisory) — _validate_advisory.py ===
2026-09-27T20:29:53.7673455Z 
2026-09-27T20:29:53.7673628Z === [32/154] review queue — _build_review_queue.py ===
2026-09-27T20:29:53.7673999Z 
2026-09-27T20:29:53.7674216Z === [33/154] dark-mode coverage audit — _build_dark_mode_audit.py ===
2026-09-27T20:29:53.7674472Z 
2026-09-27T20:29:53.7674828Z === [34/154] text/icon contrast audit — _build_surface_contrast_audit.py ===
2026-09-27T20:29:53.7675100Z 
2026-09-27T20:29:53.7675391Z === [35/154] indicator/accent contrast audit — _build_indicator_contrast_audit.py ===
2026-09-27T20:29:53.7675696Z 
2026-09-27T20:29:53.7676149Z === [36/154] icon contrast delta — brand 4.5 vs 3 (advisory) — _build_icon_contrast_delta.py ===
2026-09-27T20:29:53.7676482Z 
2026-09-27T20:29:53.7676714Z === [37/154] dark-surface flatness gate — _validate_dark_surfaces.py ===
2026-09-27T20:29:53.7676981Z 
2026-09-27T20:29:53.7677389Z === [38/154] component-partials sync — AUTO-PARTIAL injection + contracts (ADR-0013) — gen_component_partials.py ===
2026-09-27T20:29:53.7677802Z 
2026-09-27T20:29:53.7678081Z === [39/154] component-partials selftest (ADR-0013) — gen_component_partials.py ===
2026-09-27T20:29:53.7678383Z 
2026-09-27T20:29:53.7678727Z === [40/154] token-set distribution sync — AUTO-TOKENS injection (s121-D1) — gen_token_ramp.py ===
2026-09-27T20:29:53.7679079Z 
2026-09-27T20:29:53.7679335Z === [41/154] token-set distribution selftest (s121-D1) — gen_token_ramp.py ===
2026-09-27T20:29:53.7679614Z 
2026-09-27T20:29:53.7680007Z === [42/154] Behaviour contract gate — dv-behaviour size + banned patterns (ADR-0015) — _validate_behaviour.py ===
2026-09-27T20:29:53.7680403Z 
2026-09-27T20:29:53.7680664Z === [43/154] Behaviour contract selftest (ADR-0015) — _validate_behaviour.py ===
2026-09-27T20:29:53.7680957Z 
2026-09-27T20:29:53.7681331Z === [44/154] canon components — regenerate from snippets (ADR-0013 ruling 4) — canon/gen_canon_components.py ===
2026-09-27T20:29:53.7681720Z 
2026-09-27T20:29:53.7682066Z === [45/154] canon components determinism check (ADR-0013 ruling 4) — canon/gen_canon_components.py ===
2026-09-27T20:29:53.7682422Z 
2026-09-27T20:29:53.7682705Z === [46/154] partial re-implementation ratchet (ADR-0013) — _validate_partials.py ===
2026-09-27T20:29:53.7683019Z 
2026-09-27T20:29:53.7683272Z === [47/154] partial-ratchet selftest (ADR-0013) — _validate_partials.py ===
2026-09-27T20:29:53.7683559Z 
2026-09-27T20:29:53.7683967Z === [48/154] token projection sync — snippets/tranches/canon literals (gen_snippet_tokens) — gen_snippet_tokens.py ===
2026-09-27T20:29:53.7684382Z 
2026-09-27T20:29:53.7684563Z === [49/154] snippet gate — _validate_snippets.py ===
2026-09-27T20:29:53.7685055Z 
2026-09-27T20:29:53.7685469Z === [50/154] theme cascade sync — [data-apollo-theme] layer (ADR-0011) — canon/gen_theme_cascade.py ===
2026-09-27T20:29:53.7685833Z 
2026-09-27T20:29:53.7686105Z === [51/154] theme cascade selftest (ADR-0014) — canon/gen_theme_cascade.py ===
2026-09-27T20:29:53.7686386Z 
2026-09-27T20:29:53.7686779Z === [52/154] state-snap gate — opacity states snap to the active theme's ramp (ADR-0014) — _validate_state_snap.py ===
2026-09-27T20:29:53.7687169Z 
2026-09-27T20:29:53.7687399Z === [53/154] state-snap selftest (ADR-0014) — _validate_state_snap.py ===
2026-09-27T20:29:53.7687677Z 
2026-09-27T20:29:53.7688130Z === [54/154] stale-queue gate — §C·1 qprobe claims re-measured vs disk + git (BLOCKING, #198) — _validate_queue_fresh.py ===
2026-09-27T20:29:53.7688550Z 
2026-09-27T20:29:53.7688968Z === [55/154] stale-queue selftest — 13 bites incl. both mutation directions + scope (#196) — _validate_queue_fresh.py ===
2026-09-27T20:29:53.7689384Z 
2026-09-27T20:29:53.7689864Z === [56/154] palette-tier gate — every theme names a palette per family, no divergent hand-carry (s157-D2) — _validate_palette_tier.py ===
2026-09-27T20:29:53.7690328Z 
2026-09-27T20:29:53.7690654Z === [57/154] palette-tier selftest — 10 mutation bites (s157-D2) — _validate_palette_tier.py ===
2026-09-27T20:29:53.7690989Z 
2026-09-27T20:29:53.7691375Z === [58/154] radius gate — no hardcoded border-radius; shape is a theme flex slot (ADR-0010) — _validate_radius.py ===
2026-09-27T20:29:53.7691766Z 
2026-09-27T20:29:53.7692101Z === [59/154] showroom sync — generated component library (RULED 2026-07-21) — gen_showroom.py ===
2026-09-27T20:29:53.7692616Z 
2026-09-27T20:29:53.7692970Z === [60/154] showroom URL-rebase selftest — the srcdoc base-URL trap (2026-07-27) — gen_showroom.py ===
2026-09-27T20:29:53.7693319Z 
2026-09-27T20:29:53.7693689Z === [61/154] dashboard sync — generated progress dashboard (RULED #164, built #165) — gen_dashboard.py ===
2026-09-27T20:29:53.7694170Z 
2026-09-27T20:29:53.7694994Z ⊘ step 'dashboard sync — generated progress dashboard (RULED #164, built #165)' COULD-NOT-ASK (exit 77) — declared refusal, build continues
2026-09-27T20:29:53.7695512Z 
2026-09-27T20:29:53.7695934Z === [62/154] Legacy-colour leakage gate (Mono) — no Legacy-only colour in a Mono surface — _validate_legacy_leak.py ===
2026-09-27T20:29:53.7696349Z 
2026-09-27T20:29:53.7696833Z === [63/154] theme-provenance gate (ADR-0011/R-D19) — no foreign-theme hex in a Mono surface (advisory) — _validate_theme_provenance.py ===
2026-09-27T20:29:53.7697300Z 
2026-09-27T20:29:53.7697575Z === [64/154] token-tier gate (_STANDARDS.md §1) — _validate_token_tiers.py ===
2026-09-27T20:29:53.7697858Z 
2026-09-27T20:29:53.7698041Z === [65/154] icon-source gate — _validate_icons.py ===
2026-09-27T20:29:53.7698252Z 
2026-09-27T20:29:53.7698415Z === [66/154] a11y gate — _validate_a11y.py ===
2026-09-27T20:29:53.7698606Z 
2026-09-27T20:29:53.7698882Z === [67/154] a11y target-measurement selftest (s114-D5) — _validate_a11y.py ===
2026-09-27T20:29:53.7699192Z 
2026-09-27T20:29:53.7699616Z === [68/154] hit-area gate — 44px minimum, rendered geometry (ADVISORY, built #203, wired #209) — _validate_hit_area.py ===
2026-09-27T20:29:53.7700027Z 
2026-09-27T20:29:53.7700535Z ⊘ step 'hit-area gate — 44px minimum, rendered geometry (ADVISORY, built #203, wired #209)' COULD-NOT-ASK (exit 77) — declared refusal, build continues
2026-09-27T20:29:53.7701030Z 
2026-09-27T20:29:53.7701316Z === [69/154] wiring gate — no orphaned validators (#118 seam) — _validate_wiring.py ===
2026-09-27T20:29:53.7701627Z 
2026-09-27T20:29:53.7701848Z === [70/154] wiring gate selftest — 4 bites — _validate_wiring.py ===
2026-09-27T20:29:53.7702101Z 
2026-09-27T20:29:53.7702334Z === [71/154] compose gate (orphan wired #119) — _validate_compose.py ===
2026-09-27T20:29:53.7702597Z 
2026-09-27T20:29:53.7702968Z === [72/154] screen gate — compose+icons+a11y over fitness fixtures (re-wired #120) — _validate_screen.py ===
2026-09-27T20:29:53.7703356Z 
2026-09-27T20:29:53.7703771Z === [73/154] state-contrast gate — driven hover/pressed, light+dark (un-exempted #125) — _validate_state_contrast.py ===
2026-09-27T20:29:53.7704186Z 
2026-09-27T20:29:53.7704809Z ⊘ step 'state-contrast gate — driven hover/pressed, light+dark (un-exempted #125)' COULD-NOT-ASK (exit 77) — declared refusal, build continues
2026-09-27T20:29:53.7705294Z 
2026-09-27T20:29:53.7705716Z === [74/154] state-contrast gate selftest — paint stack, report arithmetic, named args — _validate_state_contrast.py ===
2026-09-27T20:29:53.7706127Z 
2026-09-27T20:29:54.0127551Z ⊘ step 'state-contrast gate selftest — paint stack, report arithmetic, named args' COULD-NOT-ASK (exit 77) — declared refusal, build continuesTYPE RATCHET PASS — declared debt holds at 1089 (0 new). This is DEBT, not a pass of the underlying gate.
2026-09-27T20:29:54.0421334Z selftest OK — ramp from type.css: sizes [12.0, 14.0, 16.0, 20.0, 24.0, 28.0, 32.0, 40.0, 52.0] weights [250, 300, 350, 400, 500, 700]; catches raw decls + off-ramp; exempts chrome/vars/inherit/sentinel block.
2026-09-27T20:29:54.0984383Z coverage gate: 137 meta(s) / 137 snippet(s), 0 failure(s)
2026-09-27T20:29:54.1616859Z   [PASS] _proforma/DataViz-interactive.html  ({'hardcode_leaks': 0, 'real_icons': 0, 'provisional': [], 'refs': '0/0', 'asset_paths': '0/0 real', 'allcaps': 0})
2026-09-27T20:29:54.1618634Z   [PASS] _proforma/Masthead-interactive.html  ({'hardcode_leaks': 0, 'real_icons': 45, 'provisional': ['i-brand-apollo'], 'refs': '14/14', 'asset_paths': '45/45 real', 'allcaps': 0})
2026-09-27T20:29:54.1620283Z   [PASS] _proforma/Tranche-1-interactive.html  ({'hardcode_leaks': 0, 'real_icons': 11, 'provisional': [], 'refs': '10/10', 'asset_paths': '11/11 real', 'allcaps': 0})
2026-09-27T20:29:54.1621684Z   [PASS] _proforma/Tranche-2-interactive.html  ({'hardcode_leaks': 0, 'real_icons': 39, 'provisional': [], 'refs': '11/11', 'asset_paths': '39/39 real', 'allcaps': 0})
2026-09-27T20:29:54.1622769Z   [PASS] _proforma/Tranche-3-interactive.html  ({'hardcode_leaks': 0, 'real_icons': 39, 'provisional': [], 'refs': '3/3', 'asset_paths': '39/39 real', 'allcaps': 0})
2026-09-27T20:29:54.1623776Z   [PASS] _proforma/Tranche-4-interactive.html  ({'hardcode_leaks': 0, 'real_icons': 39, 'provisional': [], 'refs': '7/7', 'asset_paths': '39/39 real', 'allcaps': 0})
2026-09-27T20:29:54.1624920Z   [PASS] _proforma/Tranche-5-interactive.html  ({'hardcode_leaks': 0, 'real_icons': 39, 'provisional': [], 'refs': '14/14', 'asset_paths': '39/39 real', 'allcaps': 0})
2026-09-27T20:29:54.1625914Z   [PASS] _proforma/Tranche-6-interactive.html  ({'hardcode_leaks': 0, 'real_icons': 40, 'provisional': [], 'refs': '7/7', 'asset_paths': '40/40 real', 'allcaps': 0})
2026-09-27T20:29:54.1626830Z   [PASS] _proforma/Tranche-7-interactive.html  ({'hardcode_leaks': 0, 'real_icons': 44, 'provisional': [], 'refs': '14/14', 'asset_paths': '44/44 real', 'allcaps': 0})
2026-09-27T20:29:54.1627729Z   [PASS] _proforma/Tranche-8-interactive.html  ({'hardcode_leaks': 0, 'real_icons': 57, 'provisional': [], 'refs': '23/23', 'asset_paths': '57/57 real', 'allcaps': 0})
2026-09-27T20:29:54.1628634Z   [PASS] _proforma/Tranche-9-interactive.html  ({'hardcode_leaks': 0, 'real_icons': 10, 'provisional': [], 'refs': '6/6', 'asset_paths': '10/10 real', 'allcaps': 0})
2026-09-27T20:29:54.1629129Z 
2026-09-27T20:29:54.1629565Z ✅ pro-forma universal gate passed (11 tranche file(s)).
2026-09-27T20:29:54.1949451Z   [PASS] _proforma/DataViz-interactive.html
2026-09-27T20:29:54.1950018Z   [PASS] _proforma/Masthead-interactive.html
2026-09-27T20:29:54.1950525Z   [PASS] _proforma/Tranche-1-interactive.html
2026-09-27T20:29:54.1950879Z   [PASS] _proforma/Tranche-2-interactive.html
2026-09-27T20:29:54.1951186Z   [PASS] _proforma/Tranche-3-interactive.html
2026-09-27T20:29:54.1951496Z   [PASS] _proforma/Tranche-4-interactive.html
2026-09-27T20:29:54.1951788Z   [PASS] _proforma/Tranche-5-interactive.html
2026-09-27T20:29:54.1952076Z   [PASS] _proforma/Tranche-6-interactive.html
2026-09-27T20:29:54.1952375Z   [PASS] _proforma/Tranche-7-interactive.html
2026-09-27T20:29:54.1952662Z   [PASS] _proforma/Tranche-8-interactive.html
2026-09-27T20:29:54.1952948Z   [PASS] _proforma/Tranche-9-interactive.html
2026-09-27T20:29:54.1953137Z 
2026-09-27T20:29:54.1953523Z ✅ CSS-governed gate passed (11 tranche file(s)).
2026-09-27T20:29:54.2543324Z   [PASS] _proforma/DataViz-interactive.html
2026-09-27T20:29:54.2543939Z   [PASS] _proforma/Masthead-interactive.html
2026-09-27T20:29:54.2544446Z   [PASS] _proforma/Tranche-1-interactive.html
2026-09-27T20:29:54.2545113Z   [PASS] _proforma/Tranche-2-interactive.html
2026-09-27T20:29:54.2545912Z   [PASS] _proforma/Tranche-3-interactive.html
2026-09-27T20:29:54.2546377Z   [PASS] _proforma/Tranche-4-interactive.html
2026-09-27T20:29:54.2546832Z   [PASS] _proforma/Tranche-5-interactive.html
2026-09-27T20:29:54.2547290Z   [PASS] _proforma/Tranche-6-interactive.html
2026-09-27T20:29:54.2547648Z   [PASS] _proforma/Tranche-7-interactive.html
2026-09-27T20:29:54.2547964Z   [PASS] _proforma/Tranche-8-interactive.html
2026-09-27T20:29:54.2548268Z   [PASS] _proforma/Tranche-9-interactive.html
2026-09-27T20:29:54.2548471Z 
2026-09-27T20:29:54.2548856Z ✅ No-hardcode gate passed (11 tranche file(s)).
2026-09-27T20:29:54.5230250Z selftest OK — exempts font-size/letter/radius + hairline(1/3)/negative/square; catches off-grid height/padding.
2026-09-27T20:29:54.5231366Z GRID GATE PASS — all layout dimensions on the 4px grid (153 file(s)).
2026-09-27T20:29:54.5913684Z   [PASS] class         .btn (26)
2026-09-27T20:29:54.5914051Z   [PASS] scoped-element .seg button (14)
2026-09-27T20:29:54.5914403Z   [PASS] class         .stateLabel (12)
2026-09-27T20:29:54.5914884Z   [PASS] class         .status (12)
2026-09-27T20:29:54.5915182Z   [PASS] class         .chip (9)
2026-09-27T20:29:54.5915460Z   [PASS] scoped-element .seg.sm button (6)
2026-09-27T20:29:54.5915753Z   [PASS] class         .spec-h (5)
2026-09-27T20:29:54.5916013Z   [PASS] class         .label (4)
2026-09-27T20:29:54.5916542Z   [PASS] scoped-element .search input (4)
2026-09-27T20:29:54.5916830Z   [PASS] class         .badge (3)
2026-09-27T20:29:54.5917085Z   [PASS] class         .confirm .btn (3)
2026-09-27T20:29:54.5917355Z   [PASS] class         .eyebrow (3)
2026-09-27T20:29:54.5917603Z   [PASS] class         .avatar (2)
2026-09-27T20:29:54.5917851Z   [PASS] class         .hero .cta (2)
2026-09-27T20:29:54.5918117Z   [PASS] class         .pg .ctrl (2)
2026-09-27T20:29:54.5918384Z   [PASS] class         .qbtn (2)
2026-09-27T20:29:54.5918635Z   [PASS] scoped-element .pg a (2)
2026-09-27T20:29:54.5918897Z   [PASS] scoped-element .seg.l button (2)
2026-09-27T20:29:54.5919190Z   [PASS] scoped-element .seg.md button (2)
2026-09-27T20:29:54.5919471Z   [PASS] class         .action-bar .btn (1)
2026-09-27T20:29:54.5919744Z   [PASS] class         .loader (1)
2026-09-27T20:29:54.5919992Z   [PASS] class         .sim (1)
2026-09-27T20:29:54.5920231Z   [PASS] class         .time (1)
2026-09-27T20:29:54.5920480Z   [PASS] scoped-element .nav button (1)
2026-09-27T20:29:54.5920807Z   [PASS] scoped-element .note.global .actions button (1)
2026-09-27T20:29:54.5921153Z   [PASS] scoped-element .seg.lg button (1)
2026-09-27T20:29:54.5921445Z   [PASS] scoped-element nav.main a (1)
2026-09-27T20:29:54.5921732Z   [PASS] class         .tabbar .tabbar__item (0)
2026-09-27T20:29:54.5921940Z 
2026-09-27T20:29:54.5922478Z ✅ type-binding blast-radius gate passed (28 appended selector(s), corpus 151 files).
2026-09-27T20:29:56.1253209Z selftest OK — flags un-overridden ellipsis labels; accepts text-text / overflow-visible / clip-visible (#305) / same-rule / comma-group overrides; ignores containers + sr-only.
2026-09-27T20:29:56.1255374Z selftest OK (specificity leg) — :is()/:not()/:has()/:where() resolved; cascade-dead single-class override caught where leg 1 is blind; two-class form accepted.
2026-09-27T20:29:56.1256189Z 
2026-09-27T20:29:56.1257502Z ✓ SPECIFICITY RATCHET AT ZERO — canon/canon.css: no cascade-dead descender override. The scope classes are specificity-neutral (`:where()`); every ds-005 override wins its cascade. Any regression here is now a RED build, not a report.
2026-09-27T20:29:56.1259638Z DESCENDER-CLIP GATE PASS — every truncating label is descender-safe AND every descender-safe override wins its cascade (153 file(s)).
2026-09-27T20:29:56.5344298Z == _validate_kg.py — KG edge parse-gate (s131-D2 / s133-D1 / s135-D4) ==
2026-09-27T20:29:56.5345157Z metas checked: 139
2026-09-27T20:29:56.5345479Z ref:null + $note (declared, awaiting Dave's-eye migration): 90
2026-09-27T20:29:56.5346230Z resolutions consumed (s135-D4, KG-REVIEW-VERDICTS-2026-08-08-s135-v1.json): 82 ruled verdicts asserted present (MERGE 5 / PROMOTE 52 / ATTACH 25)
2026-09-27T20:29:56.5347180Z 
2026-09-27T20:29:56.5347997Z _validate_kg.py: OK — every ref parses+resolves, every null carries a note, every meta has provenance, edges match schema, gen_kg_edges.py is idempotent-clean, and the s135-D4 resolutions input was consumed.
2026-09-27T20:29:56.5927496Z [OK] selftest corpus is isolated (3 metas seen, none from the live tree)
2026-09-27T20:29:56.5928195Z [OK] arm 1 — deliberately broken ref FAILS
2026-09-27T20:29:56.5928659Z [OK] arm 2 — legal ref:null + $note on meta A does not fail, and is counted
2026-09-27T20:29:56.5929288Z [OK] arm 2b — every OTHER legal ref on meta A resolves clean (renderedBy/commonPattern/governedBy)
2026-09-27T20:29:56.5929806Z [OK] arm 3 — meta missing `provenance` FAILS
2026-09-27T20:29:56.5930120Z [OK] selftest never touched the live corpus
2026-09-27T20:29:56.5930320Z 
2026-09-27T20:29:56.5930406Z selftest OK.
2026-09-27T20:29:56.7288011Z gen_kg_tokens --check OK — 44 token: groups (36 bound) · 835 bindsToken · in sync
2026-09-27T20:29:57.4412191Z   OK   bite 1 — every node is token:<group> at group grain — no leaf id carries a '/'
2026-09-27T20:29:57.4413014Z   OK   bite 2 — every node's tier is one of D-5(a)'s four
2026-09-27T20:29:57.4413747Z   OK   bite 3 — every bindsToken runs component: -> a token: node that exists
2026-09-27T20:29:57.4415114Z   OK   bite 4 — no (component, group) pair twice
2026-09-27T20:29:57.4415935Z   OK   bite 5 — MUTATION: planting alpha/… in Chart-boxplot mints ONE bindsToken to token:alpha
2026-09-27T20:29:57.4416968Z   OK   bite 6 — MUTATION: an unknown group 'zzplanted' adds no node and no edge, and IS counted unresolved
2026-09-27T20:29:57.4417991Z   OK   bite 7 — MUTATION: --land REFUSES with no id, a malformed id and an absent id, and writes no file
2026-09-27T20:29:57.4418919Z gen_kg_tokens --check OK — 44 token: groups (36 bound) · 835 bindsToken · in sync
2026-09-27T20:29:57.4420079Z gen_kg_tokens --check: STALE — _token_nodes.json differs from a fresh compute. Run: python3 knowledge/gen_kg_tokens.py --land --ratified s277-D12
2026-09-27T20:29:57.4421353Z   OK   bite 8 — MUTATION: --check is 0 on a fresh landing and 1 after a meta moves under it
2026-09-27T20:29:57.4422055Z gen_kg_tokens selftest: 8 bite(s), 0 fail(s)
2026-09-27T20:29:57.8398844Z gen_kg_titles --check OK — {'artefact': 5, 'guideline': 13, 'polarity': 30, 'rule': 474, 'ruling': 695, 'session': 92} titled · 0 untitled · in sync
2026-09-27T20:30:00.3307745Z   OK   bite 1 — SHOUTING is lowered to corpus casing; an acronym the corpus never lowers (SC) keeps its caps: 'The SC badge is fine'
2026-09-27T20:30:00.3308677Z   OK   bite 2 — ruling/session ids and id-bearing parentheticals are removed: 'The ceiling has its value'
2026-09-27T20:30:00.3309415Z   OK   bite 3 — a long clause is capped at 60 characters on a word boundary with an ellipsis
2026-09-27T20:30:00.3310097Z   OK   bite 4 — a text that is ONLY ids yields no title (the node keeps its code, never an empty label)
2026-09-27T20:30:00.3310758Z   OK   bite 5 — a rule's internal code (`CA-7 —`) is dropped and the first clause kept
2026-09-27T20:30:00.3311501Z   OK   bite 6 — `ruled` that is only a session or record reference (`#167`, `GM-D7-am / #33`) falls back to `says`; a headline is used
2026-09-27T20:30:00.3312296Z   OK   bite 7 — deterministic: two computes are byte-identical, and the rulings store is not written
2026-09-27T20:30:00.3313003Z   OK   bite 8 — every ruling, every rule with text and every minted session is titled or listed untitled
2026-09-27T20:30:00.3313649Z   OK   bite 9 — every label starts with its own code and every title is at most 60 characters
2026-09-27T20:30:00.3314399Z gen_kg_titles --check OK — {'artefact': 2, 'rule': 474, 'ruling': 695, 'session': 92} titled · 0 untitled · in sync
2026-09-27T20:30:00.3315609Z gen_kg_titles --check: STALE — _node_titles.json differs from a fresh compute. Run: python3 knowledge/gen_kg_titles.py --write
2026-09-27T20:30:00.3316363Z   OK   bite 10 — MUTATION: --check is 0 when fresh and 1 after a ruling's text moves under it
2026-09-27T20:30:00.3317382Z   OK   bite 11 — apply_titles replaces a bare-code label only, never a label someone already wrote
2026-09-27T20:30:00.3318368Z   OK   bite 12 — a session counts the rulings the explorer lists for it (ruled starts #n with no digit after — #n, #n-Dk, '#n (…)' — OR id s<n>-), dates as a range; #7 never counts #77's
2026-09-27T20:30:00.3319278Z   OK   bite 13 — apply_titles stamps the bare `code` on a titled node (the canvas prints it alone)
2026-09-27T20:30:00.3320008Z   OK   bite 14 — every polarity is titled from its mediating variable and all 13 WCAG guidelines carry WCAG's own name
2026-09-27T20:30:00.3320873Z   OK   bite 15 — MUTATION: a ruling that names another ruling's bare id as an artefact titles artefact:ds-021 with that ruling's own title
2026-09-27T20:30:00.3321443Z gen_kg_titles selftest: 15 bite(s), 0 fail(s)
2026-09-27T20:30:00.3980679Z gen_kg_sources --check OK — 116 nodes · 402 edges {'setIn': 154, 'behaviourFrom': 73, 'capturedFrom': 80, 'acceptsCapability': 95} · in sync
2026-09-27T20:30:00.6471849Z   OK   bite 1 — every edge is one of the four types and runs component: -> a node this file mints or a base snippet:
2026-09-27T20:30:00.6472625Z   OK   bite 2 — every node is one of the four new kinds and carries the family
2026-09-27T20:30:00.6473122Z   OK   bite 3 — no (component, target, type) triple twice
2026-09-27T20:30:00.6473910Z   OK   bite 4 — all four edge types are present on the live corpus
2026-09-27T20:30:00.6474416Z   OK   bite 5 — MUTATION: naming .t-ed-display-1 in button mints ONE setIn
2026-09-27T20:30:00.6475412Z   OK   bite 6 — MUTATION: .t-cm-zzplanted adds no node and no edge, and IS counted unresolved
2026-09-27T20:30:00.6476135Z   OK   bite 7 — MUTATION: a planted slot capability mints capability:zz-planted-capability and one edge
2026-09-27T20:30:00.6476884Z   OK   bite 8 — MUTATION: --land REFUSES with no id, a malformed id and an absent id, and writes no file
2026-09-27T20:30:00.6477767Z gen_kg_sources --check OK — 116 nodes · 402 edges {'setIn': 154, 'behaviourFrom': 73, 'capturedFrom': 80, 'acceptsCapability': 95} · in sync
2026-09-27T20:30:00.6478799Z gen_kg_sources --check: STALE — _source_nodes.json differs from a fresh compute. Run: python3 knowledge/gen_kg_sources.py --land --ratified s269-D1
2026-09-27T20:30:00.6479625Z   OK   bite 9 — MUTATION: --check is 0 on a fresh landing and 1 after a meta moves under it
2026-09-27T20:30:00.6480074Z gen_kg_sources selftest: 9 bite(s), 0 fail(s)
2026-09-27T20:30:01.1490073Z _validate_token_forks.py - FORK-BAN GATE (s136-D1 clause D)
2026-09-27T20:30:01.1490696Z   glob      : knowledge/canon/*.css  (2 file(s))
2026-09-27T20:30:01.1491244Z   parsed    : 12657 declarations, 18374 (theme,mode,scope) contexts
2026-09-27T20:30:01.1491763Z   names     : 1025
2026-09-27T20:30:01.1492085Z     BENIGN_MODE_AXIS             53
2026-09-27T20:30:01.1492463Z     BENIGN_THEME_AND_MODE_AXIS   337
2026-09-27T20:30:01.1492839Z     BENIGN_THEME_AXIS            35
2026-09-27T20:30:01.1493240Z     FORK                         50
2026-09-27T20:30:01.1493585Z     UNIFORM                      550
2026-09-27T20:30:01.1494065Z   ledger    : knowledge/_TOKEN-FORK-LEDGER.json (55 declared fork(s))
2026-09-27T20:30:01.1494575Z   mode      : baseline
2026-09-27T20:30:01.1495042Z 
2026-09-27T20:30:01.1496443Z GATE GREEN: no UNDECLARED fork. ⚠ This did NOT ask whether forks exist: 107 fork(s) stand and are declared in the ledger. Run --strict for the full list, --reconcile for ledger rows the tree no longer agrees with.
2026-09-27T20:30:01.1897049Z   selftest keyfrm --dvf1 declarations parsed -> 0  want 0  OK
2026-09-27T20:30:01.1897880Z   selftest keyfrm --dvf1 -> None               want (no verdict)       OK
2026-09-27T20:30:01.1898685Z   selftest media  --pri-hover -> FORK               want FORK               OK
2026-09-27T20:30:01.1899518Z   selftest clean  --pri-hover -> BENIGN_THEME_AXIS  want BENIGN_THEME_AXIS  OK
2026-09-27T20:30:01.1900320Z   selftest forked --pri-hover -> FORK               want FORK               OK
2026-09-27T20:30:01.1901424Z      quoted: #db0011 vs #626262
2026-09-27T20:30:01.1901814Z selftest PASS
2026-09-27T20:30:01.2355933Z BINDS RATCHET — s136-D1 axis A (staged by s140-D1 D3)
2026-09-27T20:30:01.2356528Z   metas carrying >=1 props[].binds : 38 of 137
2026-09-27T20:30:01.2357018Z   floor (2026-08-10)                       : 33
2026-09-27T20:30:01.2359764Z   carrying: accordion, account-card, account-selector, action-bar, alert, amount-display, amount-input, avatar, back-to-top, badge, banner, button, chart-line, chart-sparkline, chart-stacked-area, countdown-timer, divider, empty-state, fab, hero, icon-button, input-fields, kpi-tile, links, list-items, loading-indicator, modals, navigations, popconfirm, segmented-control, selection-controls, skeleton-loader, slider, stat-card, status-indicator, tags, timeline, toast
2026-09-27T20:30:01.2362693Z PASS
2026-09-27T20:30:01.2756582Z DTCG GATE — s136-D1 axis A wire format
2026-09-27T20:30:01.2758009Z   note: corpus: 10 files gated, 11 excluded (EXAMPLE-tokens.json, _blast-radius.json, _icon-scale-hsbc-general.json, _spacing-hsbc-general.json, _typography-hsbc-general.json, elevation-pre-s141.json, icon-scale-pre-s141.json, layout-pre-s141.json, spacing-pre-s141.json, typography-composites-pre-s141.json, typography-pre-s141.json)
2026-09-27T20:30:01.2759333Z   note: spine: 939 tokens, 386 groups
2026-09-27T20:30:01.2762460Z   DEFERRED DEF-FIGMA-MODES          layout.json :: layout.web.margin :: mode-keyed node (scale-1,scale-2,scale-3) — Figma variable modes, no DTCG equivalent
2026-09-27T20:30:01.2764050Z   DEFERRED DEF-FIGMA-MODES          layout.json :: layout.web.gutter :: mode-keyed node (scale-1,scale-2,scale-3) — Figma variable modes, no DTCG equivalent
2026-09-27T20:30:01.2765597Z   DEFERRED DEF-COLOR-MISTYPE        semantic-colour.json :: blur.overlay.light :: color $value is not a hex string or alias: 12
2026-09-27T20:30:01.2766591Z   DEFERRED DEF-COLOR-MISTYPE        semantic-colour.json :: blur.overlay.dark :: color $value is not a hex string or alias: 0
2026-09-27T20:30:01.2767464Z   DEFERRED DEF-COLOR-MISTYPE        semantic-colour.json :: blur.background-surface.light :: color $value is not a hex string or alias: 12
2026-09-27T20:30:01.2768334Z   DEFERRED DEF-COLOR-MISTYPE        semantic-colour.json :: blur.background-surface.dark :: color $value is not a hex string or alias: 0
2026-09-27T20:30:01.2769189Z   DEFERRED DEF-COLOR-MISTYPE        semantic-colour.json :: image.opacity.default.light :: color $value is not a hex string or alias: 100
2026-09-27T20:30:01.2770028Z   DEFERRED DEF-COLOR-MISTYPE        semantic-colour.json :: image.opacity.default.dark :: color $value is not a hex string or alias: 100
2026-09-27T20:30:01.2770872Z   DEFERRED DEF-COLOR-MISTYPE        semantic-colour.json :: image.opacity.disabled.light :: color $value is not a hex string or alias: 20
2026-09-27T20:30:01.2771701Z   DEFERRED DEF-COLOR-MISTYPE        semantic-colour.json :: image.opacity.disabled.dark :: color $value is not a hex string or alias: 20
2026-09-27T20:30:01.2772789Z   DEFERRED DEF-FIGMA-MODES          spacing.json :: gap.responsive.content.xsmall :: mode-keyed node (scale-1,scale-2,scale-3) — Figma variable modes, no DTCG equivalent
2026-09-27T20:30:01.2773938Z   DEFERRED DEF-FIGMA-MODES          spacing.json :: gap.responsive.content.small :: mode-keyed node (scale-1,scale-2,scale-3) — Figma variable modes, no DTCG equivalent
2026-09-27T20:30:01.2775311Z   DEFERRED DEF-FIGMA-MODES          spacing.json :: gap.responsive.content.medium :: mode-keyed node (scale-1,scale-2,scale-3) — Figma variable modes, no DTCG equivalent
2026-09-27T20:30:01.2776443Z   DEFERRED DEF-FIGMA-MODES          spacing.json :: gap.responsive.content.large :: mode-keyed node (scale-1,scale-2,scale-3) — Figma variable modes, no DTCG equivalent
2026-09-27T20:30:01.2777539Z   DEFERRED DEF-FIGMA-MODES          spacing.json :: gap.responsive.content.xlarge :: mode-keyed node (scale-1,scale-2,scale-3) — Figma variable modes, no DTCG equivalent
2026-09-27T20:30:01.2778905Z   DEFERRED DEF-FIGMA-MODES          spacing.json :: gap.responsive.content.xxlarge :: mode-keyed node (scale-1,scale-2,scale-3) — Figma variable modes, no DTCG equivalent
2026-09-27T20:30:01.2780048Z   DEFERRED DEF-FIGMA-MODES          spacing.json :: gap.responsive.subsection.xsmall :: mode-keyed node (scale-1,scale-2,scale-3) — Figma variable modes, no DTCG equivalent
2026-09-27T20:30:01.2781618Z   DEFERRED DEF-FIGMA-MODES          spacing.json :: gap.responsive.subsection.small :: mode-keyed node (scale-1,scale-2,scale-3) — Figma variable modes, no DTCG equivalent
2026-09-27T20:30:01.2783436Z   DEFERRED DEF-FIGMA-MODES          spacing.json :: gap.responsive.subsection.medium :: mode-keyed node (scale-1,scale-2,scale-3) — Figma variable modes, no DTCG equivalent
2026-09-27T20:30:01.2785521Z   DEFERRED DEF-FIGMA-MODES          spacing.json :: gap.responsive.subsection.large :: mode-keyed node (scale-1,scale-2,scale-3) — Figma variable modes, no DTCG equivalent
2026-09-27T20:30:01.2787501Z   DEFERRED DEF-FIGMA-MODES          spacing.json :: gap.responsive.section.xsmall :: mode-keyed node (scale-1,scale-2,scale-3) — Figma variable modes, no DTCG equivalent
2026-09-27T20:30:01.2789440Z   DEFERRED DEF-FIGMA-MODES          spacing.json :: gap.responsive.section.small :: mode-keyed node (scale-1,scale-2,scale-3) — Figma variable modes, no DTCG equivalent
2026-09-27T20:30:01.2791558Z   DEFERRED DEF-FIGMA-MODES          spacing.json :: gap.responsive.section.medium :: mode-keyed node (scale-1,scale-2,scale-3) — Figma variable modes, no DTCG equivalent
2026-09-27T20:30:01.2792817Z   DEFERRED DEF-FIGMA-MODES          spacing.json :: gap.responsive.section.large :: mode-keyed node (scale-1,scale-2,scale-3) — Figma variable modes, no DTCG equivalent
2026-09-27T20:30:01.2793928Z   DEFERRED DEF-FIGMA-MODES          spacing.json :: gap.responsive.section.xlarge :: mode-keyed node (scale-1,scale-2,scale-3) — Figma variable modes, no DTCG equivalent
2026-09-27T20:30:01.2795318Z   DEFERRED DEF-FIGMA-MODES          spacing.json :: padding.responsive.xxxsmall :: mode-keyed node (scale-1,scale-2,scale-3) — Figma variable modes, no DTCG equivalent
2026-09-27T20:30:01.2796455Z   DEFERRED DEF-FIGMA-MODES          spacing.json :: padding.responsive.xxsmall :: mode-keyed node (scale-1,scale-2,scale-3) — Figma variable modes, no DTCG equivalent
2026-09-27T20:30:01.2798129Z   DEFERRED DEF-FIGMA-MODES          spacing.json :: padding.responsive.xsmall :: mode-keyed node (scale-1,scale-2,scale-3) — Figma variable modes, no DTCG equivalent
2026-09-27T20:30:01.2799439Z   DEFERRED DEF-FIGMA-MODES          spacing.json :: padding.responsive.small :: mode-keyed node (scale-1,scale-2,scale-3) — Figma variable modes, no DTCG equivalent
2026-09-27T20:30:01.2800564Z   DEFERRED DEF-FIGMA-MODES          spacing.json :: padding.responsive.medium :: mode-keyed node (scale-1,scale-2,scale-3) — Figma variable modes, no DTCG equivalent
2026-09-27T20:30:01.2801888Z   DEFERRED DEF-FIGMA-MODES          spacing.json :: padding.responsive.large :: mode-keyed node (scale-1,scale-2,scale-3) — Figma variable modes, no DTCG equivalent
2026-09-27T20:30:01.2802976Z   DEFERRED DEF-FIGMA-MODES          spacing.json :: padding.responsive.xlarge :: mode-keyed node (scale-1,scale-2,scale-3) — Figma variable modes, no DTCG equivalent
2026-09-27T20:30:01.2804145Z   DEFERRED DEF-COMPONENT-LINEHEIGHT typography-composites.json :: component.figure-1 :: typography $value omits lineHeight — supplying one is a design decision
2026-09-27T20:30:01.2805532Z   DEFERRED DEF-COMPONENT-LINEHEIGHT typography-composites.json :: component.figure-2 :: typography $value omits lineHeight — supplying one is a design decision
2026-09-27T20:30:01.2806682Z   DEFERRED DEF-COMPONENT-LINEHEIGHT typography-composites.json :: component.heading :: typography $value omits lineHeight — supplying one is a design decision
2026-09-27T20:30:01.2807850Z   DEFERRED DEF-COMPONENT-LINEHEIGHT typography-composites.json :: component.section-label :: typography $value omits lineHeight — supplying one is a design decision
2026-09-27T20:30:01.2809196Z   DEFERRED DEF-COMPONENT-LINEHEIGHT typography-composites.json :: component.label :: typography $value omits lineHeight — supplying one is a design decision
2026-09-27T20:30:01.2810304Z   DEFERRED DEF-COMPONENT-LINEHEIGHT typography-composites.json :: component.button :: typography $value omits lineHeight — supplying one is a design decision
2026-09-27T20:30:01.2811413Z   DEFERRED DEF-COMPONENT-LINEHEIGHT typography-composites.json :: component.input :: typography $value omits lineHeight — supplying one is a design decision
2026-09-27T20:30:01.2812507Z   DEFERRED DEF-COMPONENT-LINEHEIGHT typography-composites.json :: component.link :: typography $value omits lineHeight — supplying one is a design decision
2026-09-27T20:30:01.2813617Z   DEFERRED DEF-COMPONENT-LINEHEIGHT typography-composites.json :: component.caption :: typography $value omits lineHeight — supplying one is a design decision
2026-09-27T20:30:01.2814954Z   DEFERRED DEF-COMPONENT-LINEHEIGHT typography-composites.json :: component.tooltip :: typography $value omits lineHeight — supplying one is a design decision
2026-09-27T20:30:01.2816086Z   DEFERRED DEF-COMPONENT-LINEHEIGHT typography-composites.json :: component.legal :: typography $value omits lineHeight — supplying one is a design decision
2026-09-27T20:30:01.2817424Z   DEFERRED DEF-FIGMA-MODES          typography.json :: typography.font-size.font-00 :: mode-keyed node (scale-1,scale-1-200,scale-2,scale-3) — Figma variable modes, no DTCG equivalent
2026-09-27T20:30:01.2818697Z   DEFERRED DEF-FIGMA-MODES          typography.json :: typography.font-size.font-0 :: mode-keyed node (scale-1,scale-1-200,scale-2,scale-3) — Figma variable modes, no DTCG equivalent
2026-09-27T20:30:01.2819903Z   DEFERRED DEF-FIGMA-MODES          typography.json :: typography.font-size.font-1 :: mode-keyed node (scale-1,scale-1-200,scale-2,scale-3) — Figma variable modes, no DTCG equivalent
2026-09-27T20:30:01.2821081Z   DEFERRED DEF-FIGMA-MODES          typography.json :: typography.font-size.font-2 :: mode-keyed node (scale-1,scale-1-200,scale-2,scale-3) — Figma variable modes, no DTCG equivalent
2026-09-27T20:30:01.2822266Z   DEFERRED DEF-FIGMA-MODES          typography.json :: typography.font-size.font-3 :: mode-keyed node (scale-1,scale-1-200,scale-2,scale-3) — Figma variable modes, no DTCG equivalent
2026-09-27T20:30:01.2823450Z   DEFERRED DEF-FIGMA-MODES          typography.json :: typography.font-size.font-4 :: mode-keyed node (scale-1,scale-1-200,scale-2,scale-3) — Figma variable modes, no DTCG equivalent
2026-09-27T20:30:01.2824627Z   DEFERRED DEF-FIGMA-MODES          typography.json :: typography.font-size.font-5 :: mode-keyed node (scale-1,scale-1-200,scale-2,scale-3) — Figma variable modes, no DTCG equivalent
2026-09-27T20:30:01.2826110Z   DEFERRED DEF-FIGMA-MODES          typography.json :: typography.font-size.font-6 :: mode-keyed node (scale-1,scale-1-200,scale-2,scale-3) — Figma variable modes, no DTCG equivalent
2026-09-27T20:30:01.2827311Z   DEFERRED DEF-FIGMA-MODES          typography.json :: typography.font-size.font-7 :: mode-keyed node (scale-1,scale-1-200,scale-2,scale-3) — Figma variable modes, no DTCG equivalent
2026-09-27T20:30:01.2828523Z   DEFERRED DEF-FIGMA-MODES          typography.json :: typography.line-height.font-00 :: mode-keyed node (scale-1,scale-1-200,scale-2,scale-3) — Figma variable modes, no DTCG equivalent
2026-09-27T20:30:01.2829753Z   DEFERRED DEF-FIGMA-MODES          typography.json :: typography.line-height.font-0 :: mode-keyed node (scale-1,scale-1-200,scale-2,scale-3) — Figma variable modes, no DTCG equivalent
2026-09-27T20:30:01.2830957Z   DEFERRED DEF-FIGMA-MODES          typography.json :: typography.line-height.font-1 :: mode-keyed node (scale-1,scale-1-200,scale-2,scale-3) — Figma variable modes, no DTCG equivalent
2026-09-27T20:30:01.2832151Z   DEFERRED DEF-FIGMA-MODES          typography.json :: typography.line-height.font-2 :: mode-keyed node (scale-1,scale-1-200,scale-2,scale-3) — Figma variable modes, no DTCG equivalent
2026-09-27T20:30:01.2833515Z   DEFERRED DEF-FIGMA-MODES          typography.json :: typography.line-height.font-3 :: mode-keyed node (scale-1,scale-1-200,scale-2,scale-3) — Figma variable modes, no DTCG equivalent
2026-09-27T20:30:01.2834893Z   DEFERRED DEF-FIGMA-MODES          typography.json :: typography.line-height.font-4 :: mode-keyed node (scale-1,scale-1-200,scale-2,scale-3) — Figma variable modes, no DTCG equivalent
2026-09-27T20:30:01.2836111Z   DEFERRED DEF-FIGMA-MODES          typography.json :: typography.line-height.font-5 :: mode-keyed node (scale-1,scale-1-200,scale-2,scale-3) — Figma variable modes, no DTCG equivalent
2026-09-27T20:30:01.2837300Z   DEFERRED DEF-FIGMA-MODES          typography.json :: typography.line-height.font-6 :: mode-keyed node (scale-1,scale-1-200,scale-2,scale-3) — Figma variable modes, no DTCG equivalent
2026-09-27T20:30:01.2838496Z   DEFERRED DEF-FIGMA-MODES          typography.json :: typography.line-height.font-7 :: mode-keyed node (scale-1,scale-1-200,scale-2,scale-3) — Figma variable modes, no DTCG equivalent
2026-09-27T20:30:01.2839245Z PASS — 0 failure(s), 61 declared deferral(s)
2026-09-27T20:30:01.4557049Z binds-resolve gate: 137 snippets (137 with manifests, 2324 vars) · 137 metas (116 binds addresses) · 137/137 canon blocks · 0 failure(s)
2026-09-27T20:30:01.4850234Z binds-resolve selftest: 6 bites PASS
2026-09-27T20:30:01.5236498Z intent resolve — metas carrying `intent`: 15, addresses resolved: 16
2026-09-27T20:30:01.5237425Z RESULT: PASS — every intent address resolves into chart-intents.json. This proves no address DANGLES; it does not prove any assignment is RIGHT.
2026-09-27T20:30:01.5576942Z selftest — _validate_intent_resolve.py
2026-09-27T20:30:01.5577351Z   PASS known word resolves                -> green | (green)
2026-09-27T20:30:01.5578174Z   PASS unknown word refuses               -> FAIL | Bad.meta.json: FAIL — UNKNOWN INTENT 'corelation' — not a key of `chart-intent` in ../../../../../tmp/tmphubcs
2026-09-27T20:30:01.5579296Z   PASS unknown word inside a list refuses -> FAIL | Bad2.meta.json: FAIL — UNKNOWN INTENT 'flow' — not a key of `chart-intent` in ../../../../../tmp/tmpgbt040ac/c
2026-09-27T20:30:01.5580410Z   PASS absent store fails LOUD            -> FAIL | FAIL — intent store MISSING: /tmp/tmpzl65pn3_/chart-intents.json (an absent instrument is not a pass)
2026-09-27T20:30:01.5581004Z RESULT: PASS
2026-09-27T20:30:01.6229102Z roles resolve — metas: 137 · carrying an interchangeability term: 114 · addresses resolved: 179
2026-09-27T20:30:01.6229957Z   field population: provides 108 · answers 26 · shape 26 · span 26 · priority 25 · when 43 · with 3 · not-with 8
2026-09-27T20:30:01.6234021Z   `shape` values in use (23 of the 23 in knowledge/shapes.json — CLOSED store, s254-D2 item 1): ancestor-path × links (1) · bins × frequency (1) · categories × five-number-summary (1) · categories × series (1) · categories × two-series-mirrored (2) · destination-set × links (1) · no-data × arbitrary-blocks (1) · no-data × control (2) · no-data × page-regions (1) · no-data × title-and-optional-action (1) · one-measure × committed-vs-balance-split (1) · one-measure × value-and-delta (1) · one-measure × value-delta-and-series (1) · one-state × dot-and-label (1) · parts-of-whole (2) · periods × ohlc (1) · points × two-measures (1) · rows × measure-target-bands (1) · rows × name-value-pairs (1) · shared-x × two-measures-different-units (1) · time-series × 1–5-series (1) · time-series × parts-of-whole (1) · time-series × single-series-no-axes (1)
2026-09-27T20:30:01.6237680Z   `when` FIELD COUNTS (43 of the 43 in knowledge/when-fields.json — SCRIPT OUTPUT, quote these on a review page rather than counting by eye; this is what closes V-B's M2):
2026-09-27T20:30:01.6239026Z     answers        15  Chart-boxplot, Chart-bullet, Chart-butterfly-h, Chart-butterfly-v, Chart-candlestick, Chart-histogram, Chart-scatter, chart-bar, chart-combo, chart-donut, chart-line, chart-pie, chart-sparkline, chart-stacked-area, runway-bar
2026-09-27T20:30:01.6240255Z     shape           9  Chart-candlestick, breadcrumbs, chart-line, kpi-tile, navigations, runway-bar, stat-card, status-indicator, summary
2026-09-27T20:30:01.6241481Z     span.cols       8  Chart-boxplot, Chart-butterfly-v, chart-donut, chart-line, chart-pie, chart-sparkline, status-indicator, summary
2026-09-27T20:30:01.6242268Z     series          7  Chart-butterfly-h, Chart-butterfly-v, chart-combo, chart-sparkline, kpi-tile, legend, stat-card
2026-09-27T20:30:01.6242811Z     interrupts      3  dropdown, modals, split-button
2026-09-27T20:30:01.6243154Z     records         3  data-grid, list-items, timeline
2026-09-27T20:30:01.6243480Z     axes            2  chart-line, chart-sparkline
2026-09-27T20:30:01.6243815Z     categories      2  Chart-boxplot, Chart-butterfly-h
2026-09-27T20:30:01.6244138Z     entry           2  input-fields, textarea
2026-09-27T20:30:01.6244427Z     label           2  button, legend
2026-09-27T20:30:01.6244821Z     needs           2  data-grid, list-items
2026-09-27T20:30:01.6245130Z     surface         2  layout-utilities, list-items
2026-09-27T20:30:01.6245541Z     total           2  chart-donut, chart-pie
2026-09-27T20:30:01.6245975Z     units           2  chart-combo, chart-line
2026-09-27T20:30:01.6246266Z     actions         1  split-button
2026-09-27T20:30:01.6246525Z     axis.x          1  chart-bar
2026-09-27T20:30:01.6246784Z     baseline        1  Chart-histogram
2026-09-27T20:30:01.6247203Z     bins            1  Chart-histogram
2026-09-27T20:30:01.6247472Z     breadcrumbs     1  app-shell-focused
2026-09-27T20:30:01.6247770Z     cause           1  template-error
2026-09-27T20:30:01.6248032Z     content         1  layout-utilities
2026-09-27T20:30:01.6248292Z     delta           1  stat-card
2026-09-27T20:30:01.6248537Z     depth           1  breadcrumbs
2026-09-27T20:30:01.6248797Z     destinations    1  app-shell-top-nav
2026-09-27T20:30:01.6249067Z     emphasis        1  button
2026-09-27T20:30:01.6249311Z     exits           1  app-shell-focused
2026-09-27T20:30:01.6249568Z     full            1  limits-meter
2026-09-27T20:30:01.6249832Z     job.count       1  app-shell-focused
2026-09-27T20:30:01.6250085Z     level           1  headers
2026-09-27T20:30:01.6250319Z     lockup          1  headers
2026-09-27T20:30:01.6250553Z     nav.levels      1  app-shell-top-nav
2026-09-27T20:30:01.6250813Z     options         1  dropdown
2026-09-27T20:30:01.6251074Z     order           1  template-confirmation
2026-09-27T20:30:01.6251350Z     parts           1  chart-pie
2026-09-27T20:30:01.6251591Z     platform        1  headers
2026-09-27T20:30:01.6251841Z     position        1  template-confirmation
2026-09-27T20:30:01.6252146Z     primaryNavigation  1  app-shell-focused
2026-09-27T20:30:01.6252429Z     rows            1  summary
2026-09-27T20:30:01.6252669Z     scope           1  navigations
2026-09-27T20:30:01.6252926Z     search          1  app-shell-focused
2026-09-27T20:30:01.6253197Z     steps           1  template-wizard
2026-09-27T20:30:01.6253459Z     variables       1  Chart-histogram
2026-09-27T20:30:01.6253718Z     verdict         1  runway-bar
2026-09-27T20:30:01.6254286Z     gate clauses carrying NO operator (prose inside the gate — not parsed, not judged, V-B's M2 method): 46
2026-09-27T20:30:01.6255127Z   `when` predicates as authored:
2026-09-27T20:30:01.6256638Z     Chart-boxplot                answers = distribution AND categories >= 2 AND each category carries a five-number summary AND span.cols <= 8 — roles.json when: "distribution per category"; beats Chart-histogram (roles.json: "distribution, one variable") whenever the spread must be read PER CATEGORY; yields to it when variables = 1 and the bin shape is the claim.
2026-09-27T20:30:01.6259090Z     Chart-bullet                 answers=comparison AND the reading is one measure against a target plus qualitative performance bands AND span.cols 4–6 — beats stat-card (60, "default — label · value · delta · period, no series") and kpi-tile (50, "a series exists to show") when the BENCHMARK, not the delta and not a series, is the point; yields to both when no target exists.
2026-09-27T20:30:01.6261702Z     Chart-butterfly-h            answers=comparison AND series=2 mirrored outward from a shared centre gutter AND categories ≥ 6 — beats chart-bar (grouped) when the two series must read as OPPOSED directions rather than adjacent columns; yields to Chart-butterfly-v (36, "as above, wide panel") when the category axis is ordered left-to-right and span.cols ≥ 8.
2026-09-27T20:30:01.6265106Z     Chart-butterfly-v            answers=comparison AND series=2 mirrored above/below ONE horizontal baseline AND the category axis is ordered left-to-right (time, rank) AND span.cols ≥ 8 — yields to Chart-butterfly-h (40, "exactly two series mirrored, categories ≥ 6") whenever the categories are unordered or the panel is narrower than 8 cols; both yield to chart-bar for an ordinary grouped comparison.
2026-09-27T20:30:01.6267551Z     Chart-candlestick            answers = change-over-time AND shape = periods × OHLC (open · high · low · close per session) — roles.json when: "OHLC per period"; beats chart-line (roles.json: "change-over-time") only when all four price points per period are the claim; yields to chart-line whenever one measure's path is enough.
2026-09-27T20:30:01.6270407Z     Chart-histogram              answers = distribution AND variables = 1 AND bins = contiguous (no inter-bar gap) AND baseline = 0 — roles.json when: "distribution, one variable"; beats Chart-boxplot (roles.json: "distribution per category") when the frequency shape of ONE variable is the claim; yields to Chart-boxplot when categories >= 2; the no-gap rule is not cosmetic — the FT gives the same reason: "keep the gaps between columns small to highlight the 'shape' of the data".
2026-09-27T20:30:01.6273446Z     Chart-scatter                answers=relationship AND both axes carry quantitative measures — the ONLY provider of relationship in the role, so it beats every sibling on the answers gate alone and needs no further test; yields to chart-combo (56) when the two measures share one x axis in different units instead of being plotted against each other. span.cols max 8 because a runtime fit is not baked (this meta's own responsive rule).
2026-09-27T20:30:01.6278034Z     alert                        the message is IN FLOW (inside the page or form it refers to) AND it persists until resolved or dismissed AND it carries a status glyph and a title, never colour alone AND an error alert never auto-dismisses — CANON-ADJACENT — our own purpose already states the three-way rule: "Use Toast for transient confirmations and Banner for page-level persistent messages; use inline field validation (Input-fields) for single-control errors"; beats toast (proposed "transient, no answer required") whenever the reader must act; beats banner (proposed "the condition governs the whole page or session") whenever the message belongs to one form or section — Atlassian draws the identical line: "For messages with information affecting the whole site, use a banner"; yields to inline field validation for a single control.
2026-09-27T20:30:01.6282098Z     app-shell-focused            primaryNavigation = absent AND breadcrumbs = absent AND search = absent AND exits = 1 AND job.count = 1 — the only frame defined by removal; beats every other shell (roles.json: all six carry navigation) whenever abandoning the task is the failure mode — authentication, a wizard, a passcode; yields to app-shell-top-nav the moment the user must be able to go somewhere else.
2026-09-27T20:30:01.6285904Z     app-shell-top-nav            destinations <= 7 AND nav.levels <= 2 — the default for dashboards — the bento template composes it; beats app-shell-side-nav (roles.json when: "> 7 destinations or two nav levels") below those bounds and app-shell-nav-rail (when: "dense app, content cannot spare 248px") when the content can spare the column; yields to app-shell-multi-column (when: "list-and-detail job") and to app-shell-focused (when: "one job, no navigation (auth, wizard)") when the job has no navigation. Co-providers of page-frame are mutually exclusive by construction (roles.json §05: one-at-a-time facility), so no not-with is authored.
2026-09-27T20:30:01.6289817Z     breadcrumbs                  shape = ancestor-path × links AND depth >= 2 — beats anchor-nav (roles.json when: "in-page, long document") when the trail is ancestry rather than in-page position; yields to navigations (when: "global — masthead / main-nav family") for global movement and to tabs (when: "local — peer views in one context") for peer views — it answers where-am-i, they answer where-can-i-go, so it complements rather than replaces them.
2026-09-27T20:30:01.6293403Z     button                       emphasis in (primary, secondary, tertiary, quaternary) AND label = text — the default of the role; yields to icon-button (roles.json when: "space is tight and the glyph is universal") when label = glyph, to split-button (when: "one main action plus a menu of related ones") when a menu hangs off the action, and to links (when: "the action is navigation inside running text") when the action is navigation in prose.
2026-09-27T20:30:01.6296786Z     chart-bar                    answers = comparison AND axis.x = categorical — beats chart-line (roles.json when: "change-over-time") when the x-dimension is categorical rather than a time continuum, and beats chart-pie (when: "composition, no centre figure, ≤ 5 parts") when the parts do not sum to a whole; the stacked variant takes composition across categories, where it yields to chart-stacked-area (when: "composition over time") if the axis is time.
2026-09-27T20:30:01.6299498Z     chart-combo                  answers=change-over-time AND series=2 AND units=different AND both read against ONE shared x (dv-line-006) — beats chart-line (88, "change-over-time") on the different-units test and on nothing else; yields to chart-line (multi-series) or chart-bar (grouped) for a same-unit pair, which this meta's own antiPattern forbids drawing as a combo.
2026-09-27T20:30:01.6302239Z     chart-donut                  answers=composition AND parts sum to a whole AND total=printed as a centre figure AND span.cols ≤ 6 — beats chart-pie (48, "composition, no centre figure, ≤ 5 parts") whenever the total is worth printing, and beats it on nothing else; yields to chart-stacked-area (64, "composition over time") when the split MOVES. A ring does not stretch with its tile (ds-030), so it takes a half-width column and never a full-width row (s305-D9).
2026-09-27T20:30:01.6305742Z     chart-line                   answers=change-over-time AND series 1–5 on ONE continuous time axis AND axes=present AND span.cols ≥ 6 AND units = same AND shape = time-series × 1–5-series — the role's default at this intent, and it beats every sibling whose own `when` adds a further condition; yields to chart-combo (56, "two measures in different units over one axis") when units differ, to Chart-candlestick (44, "OHLC per period") when all four price points per period are the claim, and to chart-sparkline (30, "inline scale, no axes") when span.cols < 6.
2026-09-27T20:30:01.6309005Z     chart-pie                    answers=composition AND parts ≤ 5 AND total=not printed AND span.cols ≤ 6 — yields to chart-donut (80, "composition, a centre total is meaningful") whenever a centre total is wanted, which is the only thing separating the two; yields to chart-stacked-area (64) when the split moves over time. A ring does not stretch with its tile (ds-030), so it takes a half-width column and never a full-width row (s305-D9).
2026-09-27T20:30:01.6311464Z     chart-sparkline              answers=change-over-time AND series=1 AND axes=absent AND span.cols ≤ 4 (inline, or a trend cell in a table) — yields to chart-line (88, "change-over-time") whenever the panel can carry axes, and is normally a complement of headline-metric rather than a chart-panel in its own right (ROLES-REVIEW §03).
2026-09-27T20:30:01.6313725Z     chart-stacked-area           answers spans change-over-time AND composition AND cumulative bands share ONE total across the time axis — beats chart-donut (80, "composition, a centre total is meaningful") and chart-pie (48) when the split MOVES rather than being a snapshot; yields to chart-line (88, "change-over-time") when the total is not meaningful.
2026-09-27T20:30:01.6316286Z     data-grid                    records >= 2 AND needs in (sort, filter, select, edit) — the record-list for rows the person works on as a set: it beats list-items (the role's default, s274-D6) whenever sorting, filtering, selecting or editing is required, and yields to list-items when needs = none.
2026-09-27T20:30:01.6317891Z     dropdown                     options >= 5 AND interrupts = none — one choice from a list, made in place (s270-D1: "we use dropdowns for 5 and above"); beats modals whenever the choice does not need to stop the person.
2026-09-27T20:30:01.6320330Z     headers                      level in (page, screen, section) AND platform = app AND lockup = none — yields to page-header-lockup (roles.json when: "page level, with actions or tabs") whenever actions or tabs ride the band; beats section-heading-lockup (when: "section level, above one board / table / panel") because the Header Section Titles type covers the section level app-side, and beats eyebrow (when: "a kicker alone is enough (rare; normally a part of the above)") whenever a title, not a kicker, is wanted.
2026-09-27T20:30:01.6324335Z     icon-button                  the control performs an action AND space is tight OR the glyph is universal AND an accessible name is supplied AND the hit target is at least 44x44 AND a tooltip carries the label — CANON on the first half (roles.json: "space is tight and the glyph is universal"); beats button only where the glyph is unambiguous — our own meta: "Use a labelled Button when the action is not unambiguous from a glyph alone"; the tooltip is not optional company: Atlassian ("Use tooltips with icon buttons to display the button label") and Polaris ("Be provided for icon-only buttons") both make it a requirement, which our meta states only as an antiPattern.
2026-09-27T20:30:01.6328689Z     input-fields                 entry = free text AND expected answer fits ONE line AND no fixed option list exists AND the value is not money, a date, a time or a secret — the default text-entry field; beats textarea (proposed "the answer may span multiple lines") whenever the answer is a name, a reference or a phone number; yields to amount-input when the value is money, to date-picker / time-picker when it is a date or time, to secure-entry when it is a one-time code or PIN, and to dropdown or combobox whenever the answer must come from a list at all (Carbon: free text there "is likely to result in an error").
2026-09-27T20:30:01.6332021Z     kpi-tile                     shape = one-measure × value-delta-and-series AND series != none — beats stat-card (roles.json when: "default — label · value · delta · period, no series") whenever a series exists to show; yields to Chart-bullet (when: "a target or performance band is the point, not the delta") when target != none, and to runway-bar (when: "the number is 'money vs what is already scheduled'") when the measure is money-vs-scheduled.
2026-09-27T20:30:01.6335075Z     layout-utilities             content = arbitrary-blocks AND surface = none — the default of the role; beats cards (roles.json when: "a bordered surface per item") whenever the arrangement must paint nothing, and beats stats-band-lockup (when: "3–6 headline-metrics in a labelled row") whenever the blocks are not headline-metrics; yields to divider (when: "a rule alone") when a rule alone is the whole need.
2026-09-27T20:30:01.6337740Z     legend                       series ≥ 2 AND label = text — a key is needed only where more than one series is drawn; a single-series chart names its series in the title (chart-sparkline's rule). Placed on its own only when the charts it keys are more than one (small multiples, a comparison row); a lone chart carries its legend inside its own figure, which is what every registered chart type already does.
2026-09-27T20:30:01.6340276Z     limits-meter                 INHERITS meter's gate, variant = allowance: the value is a cap being spent against AND full = BLOCKED, not done — a thin category alias of meter.meta.json (s210-D5); carries no independent when because writing spec into the alias is an explicit antiPattern on the parent — the reading is "how much of my limit is left", which is what roles.json already names.
2026-09-27T20:30:01.6345424Z     list-items                   records >= 2 AND the records are the same kind, each read ACROSS its own row AND surface in (none, bordered-per-record) AND needs = none — surface ALONE decides the container (s274-D1): unbordered ⇒ simple-list (one line per record) or structured-list (aligned fields); a bordered surface drawn around EACH record ⇒ card-list. Actions are a ROW property, allowed in any of the three, so they decide nothing. No field count, row count or column count gates this (s274-D4): the comparison test decides — if a field must be read DOWN a column across records, it is a table, not a list. A list-level heading is OPTIONAL on all three containers (s274-D5); a per-card title is a ROW field, distinct from the list heading. Beats table (roles.json when: "default, read-mostly") and data-grid (when: "sort / filter / select / edit-in-place is required") whenever each record is read across its own row; yields to timeline (when: "time is the structure, records have happened") and to tree (when: "records nest").
2026-09-27T20:30:01.6350166Z     modals                       interrupts = required — the person must stop: confirm a consequential action, or finish a task that cannot share the screen; yields to split-button when interrupts = none AND actions >= 2 (one main action with a few related ones beside it), and to dropdown when interrupts = none AND options >= 5 (one choice from a list, made in place, s270-D1).
2026-09-27T20:30:01.6353005Z     navigations                  shape = destination-set × links AND scope = global — the default of the role; beats breadcrumbs (roles.json when: "ancestry, depth ≥ 2") and tabs (when: "local — peer views in one context") because those are ancestry and local peers, not the global set; yields to sidebar-nav (when: "global, desktop, persistent column (pairs with app-shell-side-nav)") when the page-frame is app-shell-side-nav, and to tab-bar (when: "mobile bottom, 3–5 destinations") on mobile.
2026-09-27T20:30:01.6357365Z     popover                      the content is STRUCTURED and FOCUSABLE AND it opens on CLICK from a labelled trigger AND it does not scroll AND it is non-modal (no focus trap, no aria-modal) AND only one is open — CANON-ADJACENT — our purpose already carries the three-way rule: "If the user can act inside it, it is a Popover; if it is a sentence of help text, it is a Tooltip; if it must interrupt, it is a Modal"; Atlassian states both halves independently ("For interactive overlays, use the modal dialog component" / "For non-essential, non-interactive messages, use the tooltip component"); yields to drawer or modals once the content scrolls (our antiPatterns[2], Atlassian: "Don't make popups that scroll", Carbon: past four columns wide use a modal).
2026-09-27T20:30:01.6361767Z     runway-bar                   answers = one-number AND shape = one-measure × committed-vs-balance-split AND verdict != none — beats stat-card (60, "default — label · value · delta · period, no series") and kpi-tile (50, "a series exists to show") when the reading is "money vs what is already scheduled" and the takeaway is a VERDICT WITH A DATE rather than a delta or a trend; yields to stat-card when there is nothing committed to net off, to kpi-tile when a series is the claim, and to Chart-bullet (40, "a target or performance band is the point, not the delta") when a target band, not a coverage date, is the benchmark.
2026-09-27T20:30:01.6364491Z     split-button                 actions >= 2 AND interrupts = none — one main action plus a menu of related ones, offered in place (button's own `when` already hands this case here); beats modals whenever the related actions can be offered without stopping the person.
2026-09-27T20:30:01.6366956Z     stat-card                    shape = one-measure × value-and-delta AND series = none AND delta != none — the default of the role; beats kpi-tile (roles.json when: "a series exists to show (s247-D3 / DP-08: no series ⇒ not a KPI tile)") exactly when no series exists, and beats Chart-bullet (when: "a target or performance band is the point, not the delta") when the delta, not a band, is the claim.
2026-09-27T20:30:01.6369350Z     status-indicator             shape = one-state × dot-and-label AND span.cols <= 4 — the default of the role; beats summary (roles.json when: "n × count as a key/value list, 6–12 cols") whenever exactly one state is read; yields to badge (when: "inline, attached to another element, count only") when the dot is attached to another element rather than standing alone.
2026-09-27T20:30:01.6371975Z     summary                      shape = rows × name-value-pairs AND rows >= 2 AND span.cols >= 6 — beats status-indicator (roles.json when: "one state, one dot + label, 2–4 cols") whenever more than one row must be read at once; yields to meter (when: "the threshold is a cap being spent against (limits-meter reading)") when threshold = cap-spent-against, and to badge (when: "inline, attached to another element, count only") when the reading is inline.
2026-09-27T20:30:01.6375044Z     template-confirmation        position = end of an instruction AND order = message, then FACTS, then actions, then what-happens-next AND a reference is shown if one exists — beats the Confirmation component (roles.json feedback role) because a confirmation PAGE is also the RECEIPT — that reordering is the template's whole contribution; ends a flow that template-wizard began.
2026-09-27T20:30:01.6377546Z     template-error               cause in (404, 500) AND RAG colour = unbound AND no support semantics invented AND one page serves ALL unexpected failures — beats template-empty (proposed "the query succeeded and returned nothing") because here the page could not be produced at all; beats an inline Alert (slice A) because the failure is the PAGE, not a field.
2026-09-27T20:30:01.6379917Z     template-wizard              steps >= 2 AND order is enforced AND next is gated AND a review step precedes the end AND the end is a receipt — beats template-create-edit (proposed "one page, no enforced order") on order; composes app-shell-focused (roles.json when: "one job, no navigation (auth, wizard)") and borrows the step mechanism whole from Stepper.
2026-09-27T20:30:01.6383303Z     textarea                     entry = free text AND the answer may run to more than one line AND there is no fixed option list AND a length limit is shown only where a real limit exists — beats input-fields (proposed "the answer fits one line") the moment a sentence is expected rather than a value — notes to approvers, a reason for payment, a secure message body; yields to input-fields for anything shorter (GOV.UK, verbatim: "enter shorter answers no longer than a single line, such as a phone number"); the counter is added only when a limit genuinely exists (GOV.UK: "Only use the character count component when there is a good reason for limiting").
2026-09-27T20:30:01.6387278Z     timeline                     records >= 2 AND time IS the structure AND every record has ALREADY HAPPENED AND entries are not buttons AND order is newest-first with date headings — roles.json when: "time is the structure, records have happened"; beats list-items when the date rail is the reading rather than a sort order; yields to list-items inside a date group the moment entries must open (our AP1), and never borrows Progress-tracker's aria-current because there is no current step (our AP0).
2026-09-27T20:30:01.6390178Z     view-options                 NEVER — superseded 2026-07-24; the view switch is Segmented-control — carries no selection criterion because it is not a choice any composer should make: filter-toolbar-bar's AP1 already says "Consuming View-options instead of Segmented-control for the view switch — View-options was superseded"; the honest `when` here is a redirect, not a predicate.
2026-09-27T20:30:01.6391784Z DERIVED (printed, NEVER written into a meta — s251-D6, ISO 25964):
2026-09-27T20:30:01.6392361Z     preferred:  role action           PREFERRED TERM button (priority 60) — 7 co-provider(s)
2026-09-27T20:30:01.6393032Z     preferred:  role arrangement      PREFERRED TERM layout-utilities (priority 60) — 7 co-provider(s)
2026-09-27T20:30:01.6393841Z     preferred:  role chart-panel      PREFERRED TERM chart-bar (priority 92) — 11 co-provider(s)
2026-09-27T20:30:01.6394486Z     preferred:  role feedback         PREFERRED TERM alert (priority None) — 10 co-provider(s)
2026-09-27T20:30:01.6395343Z     preferred:  role headline-metric  PREFERRED TERM stat-card (priority 60) — 3 co-provider(s)
2026-09-27T20:30:01.6396029Z     preferred:  role input            PREFERRED TERM account-selector (priority None) — 26 co-provider(s)
2026-09-27T20:30:01.6396723Z     preferred:  role overlay          PREFERRED TERM command-palette (priority None) — 6 co-provider(s)
2026-09-27T20:30:01.6397424Z     preferred:  role page-frame       PREFERRED TERM app-shell-top-nav (priority 60) — 6 co-provider(s)
2026-09-27T20:30:01.6398063Z     preferred:  role page-title       PREFERRED TERM headers (priority 50) — 3 co-provider(s)
2026-09-27T20:30:01.6398688Z     preferred:  role record-list      PREFERRED TERM list-items (priority 60) — 7 co-provider(s)
2026-09-27T20:30:01.6399363Z     preferred:  role status-surface   PREFERRED TERM status-indicator (priority 60) — 3 co-provider(s)
2026-09-27T20:30:01.6400040Z     preferred:  role wayfinding       PREFERRED TERM navigations (priority 60) — 7 co-provider(s)
2026-09-27T20:30:01.6400671Z     instead-of: action-bar                   instead-of button                       [distant] role=action shape=differs span=unknown
2026-09-27T20:30:01.6401347Z     instead-of: cta-lockup                   instead-of button                       [distant] role=action shape=differs span=unknown
2026-09-27T20:30:01.6402002Z     instead-of: fab                          instead-of button                       [distant] role=action shape=differs span=unknown
2026-09-27T20:30:01.6402630Z     instead-of: icon-button                  instead-of button                       [distant] role=action shape=differs span=unknown
2026-09-27T20:30:01.6403278Z     instead-of: links                        instead-of button                       [distant] role=action shape=differs span=unknown
2026-09-27T20:30:01.6403914Z     instead-of: quick-actions                instead-of button                       [distant] role=action shape=differs span=unknown
2026-09-27T20:30:01.6404566Z     instead-of: split-button                 instead-of button                       [distant] role=action shape=differs span=unknown
2026-09-27T20:30:01.6405470Z     instead-of: accordion                    instead-of layout-utilities             [distant] role=arrangement shape=differs span=unknown
2026-09-27T20:30:01.6406207Z     instead-of: cards                        instead-of layout-utilities             [distant] role=arrangement shape=differs span=unknown
2026-09-27T20:30:01.6406948Z     instead-of: carousel                     instead-of layout-utilities             [distant] role=arrangement shape=differs span=unknown
2026-09-27T20:30:01.6407671Z     instead-of: divider                      instead-of layout-utilities             [distant] role=arrangement shape=differs span=unknown
2026-09-27T20:30:01.6408408Z     instead-of: feature-grid-lockup          instead-of layout-utilities             [distant] role=arrangement shape=differs span=unknown
2026-09-27T20:30:01.6409140Z     instead-of: splitter                     instead-of layout-utilities             [distant] role=arrangement shape=differs span=unknown
2026-09-27T20:30:01.6409942Z     instead-of: stats-band-lockup            instead-of layout-utilities             [distant] role=arrangement shape=differs span=unknown
2026-09-27T20:30:01.6410708Z     instead-of: chart-line                   instead-of chart-bar                    [near] role=chart-panel shape=differs span=overlaps
2026-09-27T20:30:01.6411571Z     instead-of: chart-donut                  instead-of chart-bar                    [near] role=chart-panel shape=differs span=overlaps
2026-09-27T20:30:01.6412258Z     instead-of: Chart-histogram              instead-of chart-bar                    [near] role=chart-panel shape=differs span=overlaps
2026-09-27T20:30:01.6413065Z     instead-of: Chart-scatter                instead-of chart-bar                    [near] role=chart-panel shape=differs span=overlaps
2026-09-27T20:30:01.6413812Z     instead-of: chart-stacked-area           instead-of chart-bar                    [near] role=chart-panel shape=differs span=overlaps
2026-09-27T20:30:01.6414519Z     instead-of: Chart-boxplot                instead-of chart-bar                    [near] role=chart-panel shape=differs span=overlaps
2026-09-27T20:30:01.6415364Z     instead-of: chart-combo                  instead-of chart-bar                    [near] role=chart-panel shape=differs span=overlaps
2026-09-27T20:30:01.6416036Z     instead-of: chart-pie                    instead-of chart-bar                    [near] role=chart-panel shape=differs span=overlaps
2026-09-27T20:30:01.6416718Z     instead-of: Chart-candlestick            instead-of chart-bar                    [near] role=chart-panel shape=differs span=overlaps
2026-09-27T20:30:01.6417420Z     instead-of: Chart-butterfly-h            instead-of chart-bar                    [near] role=chart-panel shape=differs span=overlaps
2026-09-27T20:30:01.6418112Z     instead-of: Chart-butterfly-v            instead-of chart-bar                    [near] role=chart-panel shape=differs span=overlaps
2026-09-27T20:30:01.6418790Z     instead-of: banner                       instead-of alert                        [distant] role=feedback shape=differs span=unknown
2026-09-27T20:30:01.6419449Z     instead-of: confirmation                 instead-of alert                        [distant] role=feedback shape=differs span=unknown
2026-09-27T20:30:01.6420120Z     instead-of: countdown-timer              instead-of alert                        [distant] role=feedback shape=differs span=unknown
2026-09-27T20:30:01.6420778Z     instead-of: empty-state                  instead-of alert                        [distant] role=feedback shape=differs span=unknown
2026-09-27T20:30:01.6421445Z     instead-of: loading-indicator            instead-of alert                        [distant] role=feedback shape=differs span=unknown
2026-09-27T20:30:01.6422127Z     instead-of: notifications                instead-of alert                        [distant] role=feedback shape=differs span=unknown
2026-09-27T20:30:01.6422789Z     instead-of: progress-bar                 instead-of alert                        [distant] role=feedback shape=differs span=unknown
2026-09-27T20:30:01.6423454Z     instead-of: progress-tracker             instead-of alert                        [distant] role=feedback shape=differs span=unknown
2026-09-27T20:30:01.6424131Z     instead-of: skeleton-loader              instead-of alert                        [distant] role=feedback shape=differs span=unknown
2026-09-27T20:30:01.6424970Z     instead-of: toast                        instead-of alert                        [distant] role=feedback shape=differs span=unknown
2026-09-27T20:30:01.6425700Z     instead-of: kpi-tile                     instead-of stat-card                    [near] role=headline-metric shape=differs span=overlaps
2026-09-27T20:30:01.6426422Z     instead-of: Chart-bullet                 instead-of stat-card                    [near] role=headline-metric shape=differs span=overlaps
2026-09-27T20:30:01.6427125Z     instead-of: runway-bar                   instead-of stat-card                    [near] role=headline-metric shape=differs span=overlaps
2026-09-27T20:30:01.6427842Z     instead-of: amount-display               instead-of account-selector             [distant] role=input shape=differs span=unknown
2026-09-27T20:30:01.6428564Z     instead-of: amount-input                 instead-of account-selector             [distant] role=input shape=differs span=unknown
2026-09-27T20:30:01.6429429Z     instead-of: calendar                     instead-of account-selector             [distant] role=input shape=differs span=unknown
2026-09-27T20:30:01.6430229Z     instead-of: cascader                     instead-of account-selector             [distant] role=input shape=differs span=unknown
2026-09-27T20:30:01.6430938Z     instead-of: combobox                     instead-of account-selector             [distant] role=input shape=differs span=unknown
2026-09-27T20:30:01.6431625Z     instead-of: date-picker                  instead-of account-selector             [distant] role=input shape=differs span=unknown
2026-09-27T20:30:01.6432330Z     instead-of: date-range-picker            instead-of account-selector             [distant] role=input shape=differs span=unknown
2026-09-27T20:30:01.6433023Z     instead-of: dropdown                     instead-of account-selector             [distant] role=input shape=differs span=unknown
2026-09-27T20:30:01.6433707Z     instead-of: file-upload                  instead-of account-selector             [distant] role=input shape=differs span=unknown
2026-09-27T20:30:01.6434392Z     instead-of: form-layout                  instead-of account-selector             [distant] role=input shape=differs span=unknown
2026-09-27T20:30:01.6435295Z     instead-of: input-fields                 instead-of account-selector             [distant] role=input shape=differs span=unknown
2026-09-27T20:30:01.6435996Z     instead-of: multi-select                 instead-of account-selector             [distant] role=input shape=differs span=unknown
2026-09-27T20:30:01.6436684Z     instead-of: range-slider                 instead-of account-selector             [distant] role=input shape=differs span=unknown
2026-09-27T20:30:01.6437363Z     instead-of: rating                       instead-of account-selector             [distant] role=input shape=differs span=unknown
2026-09-27T20:30:01.6438037Z     instead-of: reorder                      instead-of account-selector             [distant] role=input shape=differs span=unknown
2026-09-27T20:30:01.6438713Z     instead-of: search-field                 instead-of account-selector             [distant] role=input shape=differs span=unknown
2026-09-27T20:30:01.6439417Z     instead-of: secure-entry                 instead-of account-selector             [distant] role=input shape=differs span=unknown
2026-09-27T20:30:01.6440127Z     instead-of: segmented-control            instead-of account-selector             [distant] role=input shape=differs span=unknown
2026-09-27T20:30:01.6440850Z     instead-of: selection-controls           instead-of account-selector             [distant] role=input shape=differs span=unknown
2026-09-27T20:30:01.6441548Z     instead-of: slider                       instead-of account-selector             [distant] role=input shape=differs span=unknown
2026-09-27T20:30:01.6442223Z     instead-of: stepper                      instead-of account-selector             [distant] role=input shape=differs span=unknown
2026-09-27T20:30:01.6442908Z     instead-of: tags-input                   instead-of account-selector             [distant] role=input shape=differs span=unknown
2026-09-27T20:30:01.6443598Z     instead-of: textarea                     instead-of account-selector             [distant] role=input shape=differs span=unknown
2026-09-27T20:30:01.6444283Z     instead-of: time-picker                  instead-of account-selector             [distant] role=input shape=differs span=unknown
2026-09-27T20:30:01.6445145Z     instead-of: transfer-list                instead-of account-selector             [distant] role=input shape=differs span=unknown
2026-09-27T20:30:01.6445855Z     instead-of: view-options                 instead-of account-selector             [distant] role=input shape=differs span=unknown
2026-09-27T20:30:01.6446549Z     instead-of: drawer                       instead-of command-palette              [distant] role=overlay shape=differs span=unknown
2026-09-27T20:30:01.6447409Z     instead-of: modal-lightbox               instead-of command-palette              [distant] role=overlay shape=differs span=unknown
2026-09-27T20:30:01.6448109Z     instead-of: modals                       instead-of command-palette              [distant] role=overlay shape=differs span=unknown
2026-09-27T20:30:01.6448922Z     instead-of: popconfirm                   instead-of command-palette              [distant] role=overlay shape=differs span=unknown
2026-09-27T20:30:01.6449625Z     instead-of: popover                      instead-of command-palette              [distant] role=overlay shape=differs span=unknown
2026-09-27T20:30:01.6450300Z     instead-of: tooltip                      instead-of command-palette              [distant] role=overlay shape=differs span=unknown
2026-09-27T20:30:01.6451038Z     instead-of: app-shell-doormat            instead-of app-shell-top-nav            [distant] role=page-frame shape=differs span=unknown
2026-09-27T20:30:01.6451814Z     instead-of: app-shell-focused            instead-of app-shell-top-nav            [distant] role=page-frame shape=differs span=unknown
2026-09-27T20:30:01.6452573Z     instead-of: app-shell-multi-column       instead-of app-shell-top-nav            [distant] role=page-frame shape=differs span=unknown
2026-09-27T20:30:01.6453332Z     instead-of: app-shell-nav-rail           instead-of app-shell-top-nav            [distant] role=page-frame shape=differs span=unknown
2026-09-27T20:30:01.6454070Z     instead-of: app-shell-side-nav           instead-of app-shell-top-nav            [distant] role=page-frame shape=differs span=unknown
2026-09-27T20:30:01.6454968Z     instead-of: app-shell-split              instead-of app-shell-top-nav            [distant] role=page-frame shape=differs span=unknown
2026-09-27T20:30:01.6455705Z     instead-of: eyebrow                      instead-of headers                      [distant] role=page-title shape=differs span=unknown
2026-09-27T20:30:01.6456398Z     instead-of: page-header-lockup           instead-of headers                      [distant] role=page-title shape=differs span=unknown
2026-09-27T20:30:01.6457124Z     instead-of: section-heading-lockup       instead-of headers                      [distant] role=page-title shape=differs span=unknown
2026-09-27T20:30:01.6457853Z     instead-of: data-grid                    instead-of list-items                   [distant] role=record-list shape=differs span=unknown
2026-09-27T20:30:01.6458557Z     instead-of: document-row                 instead-of list-items                   [distant] role=record-list shape=differs span=unknown
2026-09-27T20:30:01.6459304Z     instead-of: standing-order-mandate-row   instead-of list-items                   [distant] role=record-list shape=differs span=unknown
2026-09-27T20:30:01.6460020Z     instead-of: table                        instead-of list-items                   [distant] role=record-list shape=differs span=unknown
2026-09-27T20:30:01.6460697Z     instead-of: timeline                     instead-of list-items                   [distant] role=record-list shape=differs span=unknown
2026-09-27T20:30:01.6461391Z     instead-of: transaction-row              instead-of list-items                   [distant] role=record-list shape=differs span=unknown
2026-09-27T20:30:01.6462078Z     instead-of: tree                         instead-of list-items                   [distant] role=record-list shape=differs span=unknown
2026-09-27T20:30:01.6462793Z     instead-of: summary                      instead-of status-indicator             [distant] role=status-surface shape=differs span=disjoint
2026-09-27T20:30:01.6473492Z     instead-of: badge                        instead-of status-indicator             [distant] role=status-surface shape=differs span=unknown
2026-09-27T20:30:01.6474307Z     instead-of: meter                        instead-of status-indicator             [distant] role=status-surface shape=differs span=unknown
2026-09-27T20:30:01.6475726Z     instead-of: breadcrumbs                  instead-of navigations                  [near] role=wayfinding shape=differs span=overlaps
2026-09-27T20:30:01.6476537Z     instead-of: anchor-nav                   instead-of navigations                  [distant] role=wayfinding shape=differs span=unknown
2026-09-27T20:30:01.6477464Z     instead-of: back-to-top                  instead-of navigations                  [distant] role=wayfinding shape=differs span=unknown
2026-09-27T20:30:01.6478179Z     instead-of: pagination                   instead-of navigations                  [distant] role=wayfinding shape=differs span=unknown
2026-09-27T20:30:01.6478876Z     instead-of: sidebar-nav                  instead-of navigations                  [distant] role=wayfinding shape=differs span=unknown
2026-09-27T20:30:01.6479556Z     instead-of: tab-bar                      instead-of navigations                  [distant] role=wayfinding shape=differs span=unknown
2026-09-27T20:30:01.6480226Z     instead-of: tabs                         instead-of navigations                  [distant] role=wayfinding shape=differs span=unknown
2026-09-27T20:30:01.6480860Z     not-with:   stat-card                    not-with Chart-butterfly-h            -> DERIVED (symmetric)
2026-09-27T20:30:01.6481452Z     not-with:   stat-card                    not-with Chart-butterfly-v            -> DERIVED (symmetric)
2026-09-27T20:30:01.6481995Z     not-with:   chart-bar                    not-with Chart-histogram              -> DERIVED (symmetric)
2026-09-27T20:30:01.6482517Z     not-with:   stat-card                    not-with Chart-histogram              -> DERIVED (symmetric)
2026-09-27T20:30:01.6483043Z     not-with:   chart-donut                  not-with chart-pie                    -> DERIVED (symmetric)
2026-09-27T20:30:01.6483605Z     not-with:   chart-line                   not-with chart-sparkline              -> DERIVED (symmetric)
2026-09-27T20:30:01.6484149Z     not-with:   chart-bar                    not-with chart-stacked-area           -> DERIVED (symmetric)
2026-09-27T20:30:01.6484975Z     not-with:   status-surface               not-with kpi-tile                     -> reciprocal NOT DERIVABLE (target is a ROLE, not a meta)
2026-09-27T20:30:01.6485630Z     not-with:   chart-sparkline              not-with legend                       -> DERIVED (symmetric)
2026-09-27T20:30:01.6486651Z     with:       filter-toolbar-bar           with data-grid                    -> DERIVED suggests (from suggests; NOT asserted — a complement is one-way until Dave says otherwise)
2026-09-27T20:30:01.6487760Z     with:       pagination                   with data-grid                    -> DERIVED suggests (from suggests; NOT asserted — a complement is one-way until Dave says otherwise)
2026-09-27T20:30:01.6488807Z     with:       search-field                 with data-grid                    -> DERIVED suggests (from suggests; NOT asserted — a complement is one-way until Dave says otherwise)
2026-09-27T20:30:01.6489869Z     with:       selection-controls           with data-grid                    -> DERIVED suggests (from suggests; NOT asserted — a complement is one-way until Dave says otherwise)
2026-09-27T20:30:01.6490929Z     with:       skeleton-loader              with data-grid                    -> DERIVED suggests (from suggests; NOT asserted — a complement is one-way until Dave says otherwise)
2026-09-27T20:30:01.6491965Z     with:       tags                         with data-grid                    -> DERIVED suggests (from suggests; NOT asserted — a complement is one-way until Dave says otherwise)
2026-09-27T20:30:01.6493004Z     with:       chart-sparkline              with kpi-tile                     -> DERIVED suggests (from recommends; NOT asserted — a complement is one-way until Dave says otherwise)
2026-09-27T20:30:01.6493830Z     with:       chart-panel                  with legend                       -> reciprocal NOT DERIVABLE (target is a ROLE, not a meta)
2026-09-27T20:30:01.6494486Z CROSS-CHECK roles.json <-> metas (REPORT ONLY, never a fail — s252-D1):
2026-09-27T20:30:01.6495373Z     roles.json membership and the metas' `provides` AGREE for every meta that carries the field (108).
2026-09-27T20:30:01.6497353Z RESULT: PASS — every role/answers/shape/not-with/with address resolves, every `when` field name is legal, priorities are unique in-role, and intent agrees with answers. This proves no address DANGLES; it does not prove any assignment is RIGHT (Dave's eye, against each meta's own `purpose` prose), and it does not prove a `when` predicate is TRUE of its component — only that its field names are in the store.
2026-09-27T20:30:01.6777175Z selftest — _validate_roles_resolve.py
2026-09-27T20:30:01.6777584Z   PASS a fully-tagged meta resolves           -> green | (green)
2026-09-27T20:30:01.6778429Z   PASS unknown role refuses                   -> FAIL | Bad: FAIL [provides-resolves] — UNKNOWN ROLE 'chart-pane' — not a key of `roles` in knowledge/roles.json. Lega
2026-09-27T20:30:01.6779590Z   PASS unknown answer refuses                 -> FAIL | Bad2: FAIL [answers-resolves] — UNKNOWN ANSWER 'count-vs-threshold' — not a key of `chart-intent` in knowledge
2026-09-27T20:30:01.6780728Z   PASS not-with slug resolving to nothing refuses -> FAIL | Bad3: FAIL [notwith-resolves] — UNKNOWN SLUG 'ghost-card' in `not-with` — resolves to neither a meta stem unde
2026-09-27T20:30:01.6781926Z   PASS duplicate priority inside one role refuses -> FAIL | A: FAIL [priority-unique] — priority 60 is claimed by 2 providers of role 'chart-panel': A, B. Priority is the
2026-09-27T20:30:01.6782676Z   PASS same priority in DIFFERENT roles is legal -> green | (green)
2026-09-27T20:30:01.6783515Z   PASS priority with no provides refuses      -> FAIL | Bad6: FAIL [priority-in-role] — `priority` 60 with no resolving `provides`. Priority is compared ONLY within o
2026-09-27T20:30:01.6784605Z   PASS intent != answers refuses              -> FAIL | Bad4: FAIL [intent-equals-answers] — `intent` 'comparison' and `answers` 'distribution' DISAGREE. `answers` is
2026-09-27T20:30:01.6785973Z   PASS span min > max refuses                 -> FAIL | Bad5: FAIL [span-ordered] — `span.cols.min` 9 > `max` 4. The 1..12 bounds are the schema's; draft-07 cannot co
2026-09-27T20:30:01.6786977Z   PASS absent roles store fails LOUD          -> FAIL | FAIL — roles store MISSING: /tmp/tmp6j8hn0nf/roles.json (an absent instrument is not a pass)
2026-09-27T20:30:01.6788012Z   PASS unknown shape refuses                  -> FAIL | Bad7: FAIL [shape-known] — UNKNOWN SHAPE 'bins × frequency' — not a key of `shapes` in knowledge/shapes.json. 
2026-09-27T20:30:01.6788690Z   PASS a shape IN the store resolves          -> green | (green)
2026-09-27T20:30:01.6789481Z   PASS unknown `when` field refuses           -> FAIL | Bad8: FAIL [when-fields-known] — UNKNOWN `when` FIELD 'prominence' in clause 'prominence >= 2' — not a key of 
2026-09-27T20:30:01.6790167Z   PASS prose in the gate is NOT a field claim -> green | (green)
2026-09-27T20:30:01.6790611Z   PASS a field named only AFTER the em-dash is not parsed -> green | (green)
2026-09-27T20:30:01.6790996Z RESULT: PASS
2026-09-27T20:30:01.8035516Z   [PASS] _proforma/DataViz-interactive.html  (16 charts, 0 blocking, 16 advisory)
2026-09-27T20:30:01.8036186Z   [PASS] snippets/Chart-bar.reference.html  (5 charts, 0 blocking, 48 advisory)
2026-09-27T20:30:01.8036775Z   [PASS] snippets/Chart-boxplot.reference.html  (1 charts, 0 blocking, 2 advisory)
2026-09-27T20:30:01.8037326Z   [PASS] snippets/Chart-bullet.reference.html  (1 charts, 0 blocking, 2 advisory)
2026-09-27T20:30:01.8037859Z   [PASS] snippets/Chart-butterfly-h.reference.html  (1 charts, 0 blocking, 2 advisory)
2026-09-27T20:30:01.8038415Z   [PASS] snippets/Chart-butterfly-v.reference.html  (1 charts, 0 blocking, 3 advisory)
2026-09-27T20:30:01.8038961Z   [PASS] snippets/Chart-candlestick.reference.html  (1 charts, 0 blocking, 2 advisory)
2026-09-27T20:30:01.8039489Z   [PASS] snippets/Chart-combo.reference.html  (1 charts, 0 blocking, 10 advisory)
2026-09-27T20:30:01.8040268Z   [PASS] snippets/Chart-donut.reference.html  (2 charts, 0 blocking, 3 advisory)
2026-09-27T20:30:01.8040790Z   [PASS] snippets/Chart-histogram.reference.html  (1 charts, 0 blocking, 2 advisory)
2026-09-27T20:30:01.8041301Z   [PASS] snippets/Chart-line.reference.html  (2 charts, 0 blocking, 19 advisory)
2026-09-27T20:30:01.8041937Z   [PASS] snippets/Chart-pie.reference.html  (2 charts, 0 blocking, 3 advisory)
2026-09-27T20:30:01.8042465Z   [PASS] snippets/Chart-scatter.reference.html  (2 charts, 0 blocking, 19 advisory)
2026-09-27T20:30:01.8043005Z   [PASS] snippets/Chart-sparkline.reference.html  (3 charts, 0 blocking, 4 advisory)
2026-09-27T20:30:01.8043558Z   [PASS] snippets/Chart-stacked-area.reference.html  (1 charts, 0 blocking, 10 advisory)
2026-09-27T20:30:01.8043898Z 
2026-09-27T20:30:01.8044321Z ✅ DataViz gate passed (15 chart surface file(s)).
2026-09-27T20:30:01.8713398Z   [ok] ★ #260 ENGINE_TEST_PAGE maps every engine-drawn member to a test page that EXISTS
2026-09-27T20:30:01.8713925Z   [ok] GOOD column passes blocking
2026-09-27T20:30:01.8714203Z   [ok] dv-009 gradient
2026-09-27T20:30:01.8714555Z   [ok] ★ DV-D02-A fires when a cartesian plot LOSES dv-fit
2026-09-27T20:30:01.8715285Z   [ok] ★ DV-D02-A fires the OTHER way — an excluded donut that CARRIES dv-fit
2026-09-27T20:30:01.8715789Z   [ok] DV-D02-A silent on an excluded chart with no dv-fit (donut, the normal case)
2026-09-27T20:30:01.8716394Z   [ok] ★ scatter is BLOCKING since the #72 discharge — no waiver left to demote it
2026-09-27T20:30:01.8716935Z   [ok] ★ scatter WITH dv-fit is silent — the green control for the discharge
2026-09-27T20:30:01.8717442Z   [ok] ★ h-bar is IN scope after DV-D02-A — the rot the amendment corrected
2026-09-27T20:30:01.8717803Z   [ok] dv-009 two patterns
2026-09-27T20:30:01.8718043Z   [ok] dv-017 raw hex fill
2026-09-27T20:30:01.8718280Z   [ok] dv-016 low-contrast series
2026-09-27T20:30:01.8718542Z   [ok] dv-bar-009 missing baseline
2026-09-27T20:30:01.8718810Z   [ok] dv-bar-009 NEVER fires on a line
2026-09-27T20:30:01.8719102Z   [ok] dv-bar-007 negative horizontal bar
2026-09-27T20:30:01.8719385Z   [ok] dv-pie-009 >6 slices
2026-09-27T20:30:01.8719642Z   [ok] dv-pie-010 sum!=total
2026-09-27T20:30:01.8719919Z   [ok] dv-004 donut without separating stroke
2026-09-27T20:30:01.8720384Z   [ok] ★ dv-004 FIRES on the ds-014 figure — stacked-column, 0.0px gap, no stroke
2026-09-27T20:30:01.8720945Z   [ok] ★ dv-004 PASSES on 2px of REAL GEOMETRY (Dave's ruling, no stroke needed)
2026-09-27T20:30:01.8721399Z   [ok] dv-004 boundary — 1.9px gap is still a failure
2026-09-27T20:30:01.8721733Z   [ok] dv-004 accepts MORE than the minimum (6px gap)
2026-09-27T20:30:01.8722068Z   [ok] dv-004 stroke mechanism still passes with a 0px gap
2026-09-27T20:30:01.8722472Z   [ok] dv-004 unmeasurable geometry fails SAFE (no x/y/height, no stroke)
2026-09-27T20:30:01.8722979Z   [ok] ★ dv-vocab FIRES on a dtype the gate has never heard of
2026-09-27T20:30:01.8723387Z   [ok] dv-vocab silent on the three values that were blind (scatter)
2026-09-27T20:30:01.8723881Z   [ok] dtype synonym normalises — grouped-column reaches dv-bar-009
2026-09-27T20:30:01.8724243Z   [ok] dv-line-011 curved series path
2026-09-27T20:30:01.8724541Z   [ok] vibration advisory fires on a shimmer pair
2026-09-27T20:30:01.8725125Z   [ok] ★ s260-D3 driven receipt: fresh + all 8 combos >=2px PASSES (and says so)
2026-09-27T20:30:01.8725741Z   [ok] ★ s260-D3 driven receipt: ONE combo at 1.9px is BLOCKING, quoting combo + px
2026-09-27T20:30:01.8726283Z   [ok] ★ s260-D3 driven receipt: STALE source hash is BLOCKING and names the file
2026-09-27T20:30:01.8726801Z   [ok] ★ s260-D3 driven receipt: NO receipt at all is BLOCKING, never a skip
2026-09-27T20:30:01.8727289Z   [ok] ★ s260-D3 driven receipt: an UNMAPPED engine snippet is BLOCKING
2026-09-27T20:30:01.8727830Z   [ok] ★ s260-D3 control: a STATIC donut with a >=2px stroke still passes the STATIC route
2026-09-27T20:30:01.8728411Z   [ok] ★ #260 recorded dv-004 figure BELOW 2px is BLOCKING outside donut/pie/stacked
2026-09-27T20:30:01.8729180Z   [ok] ★ #260 recorded dv-004 figure at 2.200px PASSES and says so
2026-09-27T20:30:01.8729655Z   [ok] ★ #260 a receipt that measures NOTHING (dv004_px null) invents no rule
2026-09-27T20:30:01.8730216Z   [ok] ★ #260 a FRESH receipt with no measured dv-004 figure still passes (no rule invented)
2026-09-27T20:30:01.8730908Z   [ok] ★ #260 the SAME receipt with one source hash changed is BLOCKING STALE
2026-09-27T20:30:01.8731442Z   [ok] ★ #260 a mapped engine page with NO receipt at all is BLOCKING, never a skip
2026-09-27T20:30:01.8731730Z 
2026-09-27T20:30:01.8731846Z ✅ selftest
2026-09-27T20:30:02.0491659Z property-resolves gate (C2): 149 file(s), 0 failure(s)
2026-09-27T20:30:02.1047729Z   [PASS] green control — the shipping file passes (0 failure(s))
2026-09-27T20:30:02.1048779Z   [PASS] bite 1 — ds-018 reintroduced (--border-disabled/--text-disabled): 2 failure(s), expected 2
2026-09-27T20:30:02.1049697Z   [PASS] bite 2 — --muted reintroduced: 1 failure(s), expected 1
2026-09-27T20:30:02.1050535Z   [PASS] bite 3 — var() WITH a fallback is intent, not a defect: 0 failure(s), expected 0
2026-09-27T20:30:02.1051420Z   [PASS] bite 4 — 404 stylesheet is caught, not swallowed: 1 failure(s), expected ≥1
2026-09-27T20:30:02.1052571Z   [PASS] bite-the-bite — a blinded detector reports 0 on a known-bad file (0), so the bites above are measuring something
2026-09-27T20:30:02.1053676Z   ✅ C2 selftest: all failure classes bite; green control passes
2026-09-27T20:30:02.6590944Z dataviz var-resolution gate — 9 file(s) with colour presentation attributes, 380 reference(s), 4 theme(s): mono, legacy, console, supercharge
2026-09-27T20:30:02.6592182Z ✅ every colour presentation attribute resolves in at least one theme
2026-09-27T20:30:03.9941867Z   [1] green control (real Chart-bar, 58 refs) -> 0 dead : PASS
2026-09-27T20:30:03.9942699Z   [2] plant undeclared --gate-selftest-ghost -> 1 dead ['--gate-selftest-ghost'] : PASS
2026-09-27T20:30:03.9943382Z   [3] same name, now DECLARED -> 0 dead : PASS
2026-09-27T20:30:03.9943962Z   [4] alias chain --ghost -> --void (undeclared) -> 1 dead : PASS
2026-09-27T20:30:03.9944908Z   [5] declared in console block only -> partial=[('--gate-selftest-ghost', ['console'])] : PASS
2026-09-27T20:30:03.9945592Z   [6] var(--void, #ccc) fallback -> 0 dead : PASS
2026-09-27T20:30:03.9946687Z   [7] empty population -> GateError: EMPTY POPULATION — globs ['knowledge/snippets/*.reference.ht : PASS
2026-09-27T20:30:03.9947695Z   [8] missing canon.css -> GateError: MISSING TARGET canon.css at /tmp/dvvars-kbyulxa3/knowledge/c : PASS
2026-09-27T20:30:03.9948257Z 
2026-09-27T20:30:03.9948607Z ✅ selftest PASS — the gate can fail, and fails on the right shapes
2026-09-27T20:30:04.5358698Z minted-token consumption inventory (ADVISORY) — canon.css declares 1024 custom properties (base tier 1021 · theme tier 419)
2026-09-27T20:30:04.5359690Z   consumed by a var() in the glob ......... 656
2026-09-27T20:30:04.5360156Z   unconsumed .............................. 368
2026-09-27T20:30:04.5360726Z     ├─ ALIAS-TARGET (mint-time $alias) ..... 83
2026-09-27T20:30:04.5361229Z     ├─ ALIAS-SHADOW (alias expansion) ..... 23
2026-09-27T20:30:04.5361847Z     └─ ORPHAN       (declared, never read) 262   [6 of them minted per-theme]
2026-09-27T20:30:04.5362256Z 
2026-09-27T20:30:04.5363658Z ⚠ ADVISORY: an unconsumed mint is not a defect on its face — a forgotten wire and a reserved slot wear the same shape, and no presence test can tell them apart. Promotion to blocking needs a $consumer/$reserved declaration on the token, and is Dave's word.
2026-09-27T20:30:08.0315782Z   [1] green control: real canon.css parses and classifies            PASS  — declared=1024 consumed=656 orphan=262
2026-09-27T20:30:08.0316912Z   [2] a heavily-consumed var (--border-radius-default) is not flagged PASS  — (absent)
2026-09-27T20:30:08.0317836Z   [3] plant --gate-selftest-orphan in a console block -> ORPHAN      PASS  — ORPHAN
2026-09-27T20:30:08.0318692Z   [4] same name, now var()-ed by a file in the glob -> not flagged   PASS  — (absent)
2026-09-27T20:30:08.0319925Z   [5] consumer moved to reviews/ (excluded) -> ORPHAN again          PASS  — ORPHAN
2026-09-27T20:30:08.0320824Z   [6] $alias target --color-neutral-15 classed ALIAS-TARGET, not ORPHAN PASS  — ALIAS-TARGET
2026-09-27T20:30:08.0321771Z   [7] MUTANT subtract_alias_targets=False -> --color-neutral-15 goes ORPHAN PASS  — ORPHAN
2026-09-27T20:30:08.0323037Z   [8] --tooltip-background ALIAS-SHADOW, and ORPHAN under the mutant PASS  — ALIAS-SHADOW / mutant ORPHAN
2026-09-27T20:30:08.0324219Z   [9] missing canon.css -> GateError                                 PASS  — MISSING TARGET canon.css at /tmp/mintcons-xirmrsl2/k
2026-09-27T20:30:08.0325769Z   [10] empty consumer population -> GateError                         PASS  — EMPTY CONSUMER POPULATION — no scannable file under 
2026-09-27T20:30:08.0326480Z 
2026-09-27T20:30:08.0327271Z ✅ selftest PASS — the inventory can flag, can stop flagging, and both false-positive subtractions are mutation-proved (10 bites)
2026-09-27T20:30:10.6251567Z [hidden]-vs-author-display sweep — ADVISORY, non-gating (#218 W3 F1 class, s218-D5 clause 3)
2026-09-27T20:30:10.6252780Z 137 snippet(s) scanned, 17 with signals · 3 STATIC · 0 DYNAMIC · 3 STATIC? · 6 DYNAMIC? · 21 UNRESOLVED
2026-09-27T20:30:10.6253343Z 
2026-09-27T20:30:10.6253604Z ## Avatar-group.reference.html — 1 signal(s)
2026-09-27T20:30:10.6255752Z   [UNRESOLVED] Avatar-group.reference.html: line 348 sets `hidden` — `p.pop.hidden = !open;` — but this reader cannot resolve the receiver to a selector, so the element is UNCHECKED, which is a gap in this instrument's reach, NOT evidence the file is clean
2026-09-27T20:30:10.6257014Z 
2026-09-27T20:30:10.6257249Z ## Cascader.reference.html — 2 signal(s)
2026-09-27T20:30:10.6258966Z   [UNRESOLVED] Cascader.reference.html: line 538 sets `hidden` — `if(!node){ col.hidden = true; return; }` — but this reader cannot resolve the receiver to a selector, so the element is UNCHECKED, which is a gap in this instrument's reach, NOT evidence the file is clean
2026-09-27T20:30:10.6261679Z   [UNRESOLVED] Cascader.reference.html: line 539 sets `hidden` — `col.hidden = false;` — but this reader cannot resolve the receiver to a selector, so the element is UNCHECKED, which is a gap in this instrument's reach, NOT evidence the file is clean
2026-09-27T20:30:10.6262945Z 
2026-09-27T20:30:10.6263228Z ## Chart-butterfly-h.reference.html — 1 signal(s)
2026-09-27T20:30:10.6266047Z   [STATIC] Chart-butterfly-h.reference.html: STATIC hidden-bearing <div> (class=dv-empty-frame) at line 296 is painted by `.dv-empty-frame{display:flex}` (line 219, specificity (0, 1, 0)); the file has NO matching `[hidden]{display:none}` remedy — the UA `[hidden]{display:none}` is (0,1,0) and loses, so the element renders while `hidden` tells AT it is gone (#218 W3 F1 class, s218-D5 clause 3)
2026-09-27T20:30:10.6268085Z 
2026-09-27T20:30:10.6268383Z ## Chart-butterfly-v.reference.html — 1 signal(s)
2026-09-27T20:30:10.6271062Z   [STATIC] Chart-butterfly-v.reference.html: STATIC hidden-bearing <div> (class=dv-empty-frame) at line 301 is painted by `.dv-empty-frame{display:flex}` (line 224, specificity (0, 1, 0)); the file has NO matching `[hidden]{display:none}` remedy — the UA `[hidden]{display:none}` is (0,1,0) and loses, so the element renders while `hidden` tells AT it is gone (#218 W3 F1 class, s218-D5 clause 3)
2026-09-27T20:30:10.6273159Z 
2026-09-27T20:30:10.6273450Z ## Chart-histogram.reference.html — 1 signal(s)
2026-09-27T20:30:10.6276130Z   [STATIC] Chart-histogram.reference.html: STATIC hidden-bearing <div> (class=dv-empty-frame) at line 246 is painted by `.dv-empty-frame{display:flex}` (line 182, specificity (0, 1, 0)); the file has NO matching `[hidden]{display:none}` remedy — the UA `[hidden]{display:none}` is (0,1,0) and loses, so the element renders while `hidden` tells AT it is gone (#218 W3 F1 class, s218-D5 clause 3)
2026-09-27T20:30:10.6278139Z 
2026-09-27T20:30:10.6278424Z ## Command-palette.reference.html — 4 signal(s)
2026-09-27T20:30:10.6282468Z   [STATIC?] Command-palette.reference.html: STATIC? hidden-bearing <span> (id=cp1-title) at line 153 is painted by `.cp-stage-mock span{display:block}` (line 54, specificity (0, 0, 1)); the file has NO matching `[hidden]{display:none}` remedy ⚠ POSSIBLE ONLY: `.cp-stage-mock span` states an ancestor/sibling condition this reader does not check, so the pair may never meet in the real DOM — the UA `[hidden]{display:none}` is (0,1,0) and loses, so the element renders while `hidden` tells AT it is gone (#218 W3 F1 class, s218-D5 clause 3)
2026-09-27T20:30:10.6288806Z   [STATIC?] Command-palette.reference.html: STATIC? hidden-bearing <span> (tag=span) at line 202 is painted by `.cp-stage-mock span{display:block}` (line 54, specificity (0, 0, 1)); the file has NO matching `[hidden]{display:none}` remedy ⚠ POSSIBLE ONLY: `.cp-stage-mock span` states an ancestor/sibling condition this reader does not check, so the pair may never meet in the real DOM — the UA `[hidden]{display:none}` is (0,1,0) and loses, so the element renders while `hidden` tells AT it is gone (#218 W3 F1 class, s218-D5 clause 3)
2026-09-27T20:30:10.6294575Z   [STATIC?] Command-palette.reference.html: STATIC? hidden-bearing <span> (id=cp2-title) at line 215 is painted by `.cp-stage-mock span{display:block}` (line 54, specificity (0, 0, 1)); the file has NO matching `[hidden]{display:none}` remedy ⚠ POSSIBLE ONLY: `.cp-stage-mock span` states an ancestor/sibling condition this reader does not check, so the pair may never meet in the real DOM — the UA `[hidden]{display:none}` is (0,1,0) and loses, so the element renders while `hidden` tells AT it is gone (#218 W3 F1 class, s218-D5 clause 3)
2026-09-27T20:30:10.6298708Z   [UNRESOLVED] Command-palette.reference.html: line 334 sets `hidden` — `el.hidden = !on;` — but this reader cannot resolve the receiver to a selector, so the element is UNCHECKED, which is a gap in this instrument's reach, NOT evidence the file is clean
2026-09-27T20:30:10.6299911Z 
2026-09-27T20:30:10.6300159Z ## Data-grid.reference.html — 1 signal(s)
2026-09-27T20:30:10.6303203Z   [DYNAMIC?] Data-grid.reference.html: DYNAMIC? hidden-bearing <*> (id=fbar) at line 1012 is painted by `.sort .ic svg{display:block}` (line 232, specificity (0, 0, 1)); the file has NO matching `[hidden]{display:none}` remedy ⚠ POSSIBLE ONLY: `.sort .ic svg` states an ancestor/sibling condition this reader does not check, so the pair may never meet in the real DOM — the UA `[hidden]{display:none}` is (0,1,0) and loses, so the element renders while `hidden` tells AT it is gone (#218 W3 F1 class, s218-D5 clause 3)
2026-09-27T20:30:10.6305892Z 
2026-09-27T20:30:10.6306195Z ## Filter-toolbar-bar.reference.html — 6 signal(s)
2026-09-27T20:30:10.6308735Z   [UNRESOLVED] Filter-toolbar-bar.reference.html: line 939 sets `hidden` — `state.filters.forEach((f,i)=>{ const n=chipNode(f); if(!expanded && i>=MAXCHIPS) n.hidden=true; chipRow.appendChild(n); ` — but this reader cannot resolve the receiver to a selector, so the element is UNCHECKED, which is a gap in this instrument's reach, NOT evidence the file is clean
2026-09-27T20:30:10.6311283Z   [UNRESOLVED] Filter-toolbar-bar.reference.html: line 1073 sets `hidden` — `table.hidden = s.view!=='table'; cards.hidden = s.view==='cards' ? false : true;` — but this reader cannot resolve the receiver to a selector, so the element is UNCHECKED, which is a gap in this instrument's reach, NOT evidence the file is clean
2026-09-27T20:30:10.6313425Z   [UNRESOLVED] Filter-toolbar-bar.reference.html: line 1073 sets `hidden` — `table.hidden = s.view!=='table'; cards.hidden = s.view==='cards' ? false : true;` — but this reader cannot resolve the receiver to a selector, so the element is UNCHECKED, which is a gap in this instrument's reach, NOT evidence the file is clean
2026-09-27T20:30:10.6315824Z   [UNRESOLVED] Filter-toolbar-bar.reference.html: line 1076 sets `hidden` — `emptyEl.hidden = st!=='empty'; errEl.hidden = true; results.hidden = st==='empty';` — but this reader cannot resolve the receiver to a selector, so the element is UNCHECKED, which is a gap in this instrument's reach, NOT evidence the file is clean
2026-09-27T20:30:10.6318156Z   [UNRESOLVED] Filter-toolbar-bar.reference.html: line 1076 sets `hidden` — `emptyEl.hidden = st!=='empty'; errEl.hidden = true; results.hidden = st==='empty';` — but this reader cannot resolve the receiver to a selector, so the element is UNCHECKED, which is a gap in this instrument's reach, NOT evidence the file is clean
2026-09-27T20:30:10.6320348Z   [UNRESOLVED] Filter-toolbar-bar.reference.html: line 1076 sets `hidden` — `emptyEl.hidden = st!=='empty'; errEl.hidden = true; results.hidden = st==='empty';` — but this reader cannot resolve the receiver to a selector, so the element is UNCHECKED, which is a gap in this instrument's reach, NOT evidence the file is clean
2026-09-27T20:30:10.6321321Z 
2026-09-27T20:30:10.6321516Z ## Page-header-lockup.reference.html — 2 signal(s)
2026-09-27T20:30:10.6323518Z   [DYNAMIC?] Page-header-lockup.reference.html: DYNAMIC? hidden-bearing <*> (tag=*) at line 430 is painted by `nav ol{display:flex}` (line 130, specificity (0, 0, 1)); the file has NO matching `[hidden]{display:none}` remedy ⚠ POSSIBLE ONLY: `nav ol` states an ancestor/sibling condition this reader does not check, so the pair may never meet in the real DOM — the UA `[hidden]{display:none}` is (0,1,0) and loses, so the element renders while `hidden` tells AT it is gone (#218 W3 F1 class, s218-D5 clause 3)
2026-09-27T20:30:10.6326983Z   [DYNAMIC?] Page-header-lockup.reference.html: DYNAMIC? hidden-bearing <*> (tag=*) at line 437 is painted by `nav ol{display:flex}` (line 130, specificity (0, 0, 1)); the file has NO matching `[hidden]{display:none}` remedy ⚠ POSSIBLE ONLY: `nav ol` states an ancestor/sibling condition this reader does not check, so the pair may never meet in the real DOM — the UA `[hidden]{display:none}` is (0,1,0) and loses, so the element renders while `hidden` tells AT it is gone (#218 W3 F1 class, s218-D5 clause 3)
2026-09-27T20:30:10.6328454Z 
2026-09-27T20:30:10.6328623Z ## Secure-entry.reference.html — 2 signal(s)
2026-09-27T20:30:10.6329977Z   [UNRESOLVED] Secure-entry.reference.html: line 387 sets `hidden` — `if (left <= 0){ clearInterval(tick); tick = null; btn.disabled = false; wait.hidden = true; }` — but this reader cannot resolve the receiver to a selector, so the element is UNCHECKED, which is a gap in this instrument's reach, NOT evidence the file is clean
2026-09-27T20:30:10.6332017Z   [UNRESOLVED] Secure-entry.reference.html: line 394 sets `hidden` — `btn.disabled = true; wait.hidden = false; left = 30; n.textContent = left;` — but this reader cannot resolve the receiver to a selector, so the element is UNCHECKED, which is a gap in this instrument's reach, NOT evidence the file is clean
2026-09-27T20:30:10.6332957Z 
2026-09-27T20:30:10.6333111Z ## Sidebar-nav.reference.html — 4 signal(s)
2026-09-27T20:30:10.6335367Z   [DYNAMIC?] Sidebar-nav.reference.html: DYNAMIC? hidden-bearing <*> (tag=*) at line 617 is painted by `.sn-canvas > span{display:block}` (line 148, specificity (0, 0, 1)); the file has NO matching `[hidden]{display:none}` remedy ⚠ POSSIBLE ONLY: `.sn-canvas > span` states an ancestor/sibling condition this reader does not check, so the pair may never meet in the real DOM — the UA `[hidden]{display:none}` is (0,1,0) and loses, so the element renders while `hidden` tells AT it is gone (#218 W3 F1 class, s218-D5 clause 3)
2026-09-27T20:30:10.6337885Z   [UNRESOLVED] Sidebar-nav.reference.html: line 631 sets `hidden` — `if (sub) sub.hidden = open;` — but this reader cannot resolve the receiver to a selector, so the element is UNCHECKED, which is a gap in this instrument's reach, NOT evidence the file is clean
2026-09-27T20:30:10.6339548Z   [UNRESOLVED] Sidebar-nav.reference.html: line 656 sets `hidden` — `if (sub) sub.hidden = true;` — but this reader cannot resolve the receiver to a selector, so the element is UNCHECKED, which is a gap in this instrument's reach, NOT evidence the file is clean
2026-09-27T20:30:10.6341186Z   [UNRESOLVED] Sidebar-nav.reference.html: line 660 sets `hidden` — `if (sub) sub.hidden = !back;` — but this reader cannot resolve the receiver to a selector, so the element is UNCHECKED, which is a gap in this instrument's reach, NOT evidence the file is clean
2026-09-27T20:30:10.6342151Z 
2026-09-27T20:30:10.6342374Z ## Standing-order-mandate-row.reference.html — 1 signal(s)
2026-09-27T20:30:10.6343693Z   [UNRESOLVED] Standing-order-mandate-row.reference.html: line 677 sets `hidden` — `panel.hidden = !open;` — but this reader cannot resolve the receiver to a selector, so the element is UNCHECKED, which is a gap in this instrument's reach, NOT evidence the file is clean
2026-09-27T20:30:10.6344545Z 
2026-09-27T20:30:10.6344841Z ## Stepper.reference.html — 1 signal(s)
2026-09-27T20:30:10.6346124Z   [UNRESOLVED] Stepper.reference.html: line 443 sets `hidden` — `STEPS.forEach((s, i) => { document.getElementById('p-' + (i + 1)).hidden = (i + 1) !== current; });` — but this reader cannot resolve the receiver to a selector, so the element is UNCHECKED, which is a gap in this instrument's reach, NOT evidence the file is clean
2026-09-27T20:30:10.6347087Z 
2026-09-27T20:30:10.6347234Z ## Tabs.reference.html — 1 signal(s)
2026-09-27T20:30:10.6348588Z   [UNRESOLVED] Tabs.reference.html: line 226 sets `hidden` — `allTabs.forEach(x => { const on = x === t; x.setAttribute('aria-selected', on); x.tabIndex = on ? 0 : -1; panelOf(x).hid` — but this reader cannot resolve the receiver to a selector, so the element is UNCHECKED, which is a gap in this instrument's reach, NOT evidence the file is clean
2026-09-27T20:30:10.6349604Z 
2026-09-27T20:30:10.6349768Z ## Template-auth.reference.html — 2 signal(s)
2026-09-27T20:30:10.6351045Z   [UNRESOLVED] Template-auth.reference.html: line 815 sets `hidden` — `if (left <= 0){ clearInterval(tick); btn.disabled = false; wait.hidden = true; }` — but this reader cannot resolve the receiver to a selector, so the element is UNCHECKED, which is a gap in this instrument's reach, NOT evidence the file is clean
2026-09-27T20:30:10.6353028Z   [UNRESOLVED] Template-auth.reference.html: line 818 sets `hidden` — `btn.disabled = true; wait.hidden = false; left = 30; n.textContent = left;` — but this reader cannot resolve the receiver to a selector, so the element is UNCHECKED, which is a gap in this instrument's reach, NOT evidence the file is clean
2026-09-27T20:30:10.6353960Z 
2026-09-27T20:30:10.6354156Z ## Template-create-edit.reference.html — 1 signal(s)
2026-09-27T20:30:10.6356600Z   [DYNAMIC?] Template-create-edit.reference.html: DYNAMIC? hidden-bearing <*> (id=ef-dirty) at line 816 is painted by `.content-header button{display:inline-flex}` (line 220, specificity (0, 0, 1)); the file has NO matching `[hidden]{display:none}` remedy ⚠ POSSIBLE ONLY: `.content-header button` states an ancestor/sibling condition this reader does not check, so the pair may never meet in the real DOM — the UA `[hidden]{display:none}` is (0,1,0) and loses, so the element renders while `hidden` tells AT it is gone (#218 W3 F1 class, s218-D5 clause 3)
2026-09-27T20:30:10.6358264Z 
2026-09-27T20:30:10.6358455Z ## Template-wizard.reference.html — 2 signal(s)
2026-09-27T20:30:10.6360546Z   [DYNAMIC?] Template-wizard.reference.html: DYNAMIC? hidden-bearing <*> (id=wiz-bar) at line 782 is painted by `.content-header button{display:inline-flex}` (line 229, specificity (0, 0, 1)); the file has NO matching `[hidden]{display:none}` remedy ⚠ POSSIBLE ONLY: `.content-header button` states an ancestor/sibling condition this reader does not check, so the pair may never meet in the real DOM — the UA `[hidden]{display:none}` is (0,1,0) and loses, so the element renders while `hidden` tells AT it is gone (#218 W3 F1 class, s218-D5 clause 3)
2026-09-27T20:30:10.6363287Z   [UNRESOLVED] Template-wizard.reference.html: line 779 sets `hidden` — `STEPS.forEach((s, i) => { document.getElementById('wp-' + (i + 1)).hidden = (i + 1) !== current; });` — but this reader cannot resolve the receiver to a selector, so the element is UNCHECKED, which is a gap in this instrument's reach, NOT evidence the file is clean
2026-09-27T20:30:10.6364431Z 
2026-09-27T20:30:10.6365457Z ⚠ TRIAGE INPUT, NOT A REPAIR LIST. CERTAIN tiers (STATIC/DYNAMIC) name a painter with no ancestor condition. `?` tiers are combinator-blind and may never meet in the real DOM. UNRESOLVED is this instrument's own blind spot, not a clean bill.
2026-09-27T20:30:10.7190142Z   ✓ STATIC defect is CAUGHT and names the class, the painting rule and the missing remedy
2026-09-27T20:30:10.7192158Z       quoted: F.reference.html: STATIC hidden-bearing <div> (class=x) at line 1 is painted by `.x{display:flex}` (line 1, specificity (0, 1, 0)); the file has NO matching `[hidden]{display:none}` remedy — the UA `[hidden]{display:none}` is (0,1,0) and loses, so the element renders while `hidden` tells AT it is gone (#218 W3 F1 class, s218-D5 clause 3)
2026-09-27T20:30:10.7193631Z   ✓ the RULED remedy `.x[hidden]{display:none}` clears the finding (no false positive on the s218-D5 fix shape)
2026-09-27T20:30:10.7194368Z   ✓ a LOWER-specificity [hidden] remedy is still caught, and the message quotes both specificities
2026-09-27T20:30:10.7196301Z       quoted: F.reference.html: STATIC hidden-bearing <div> (class=a.b) at line 1 is painted by `.a.b{display:flex}` (line 1, specificity (0, 2, 0)); the file's only matching [hidden] remedy `[hidden]` (line 1) is WEAKER at (0, 1, 0) — the UA `[hidden]{display:none}` is (0,1,0) and loses, so the element renders while `hidden` tells AT it is gone (#218 W3 F1 class, s218-D5 clause 3)
2026-09-27T20:30:10.7197639Z   ✓ a painting rule inside a CSS comment is NOT counted (comment-masked)
2026-09-27T20:30:10.7198209Z   ✓ a hidden-bearing element inside an HTML comment is NOT counted (shared _htmlmask)
2026-09-27T20:30:10.7198798Z   ✓ a script-set `hidden` on a querySelector-bound element is RESOLVED and caught
2026-09-27T20:30:10.7200252Z       quoted: F.reference.html: DYNAMIC hidden-bearing <*> (class=y) at line 1 is painted by `.y{display:grid}` (line 1, specificity (0, 1, 0)); the file has NO matching `[hidden]{display:none}` remedy — the UA `[hidden]{display:none}` is (0,1,0) and loses, so the element renders while `hidden` tells AT it is gone (#218 W3 F1 class, s218-D5 clause 3)
2026-09-27T20:30:10.7201532Z   ✓ the forEach iteration variable inherits its list's binding (querySelectorAll)
2026-09-27T20:30:10.7202098Z   ✓ an unresolvable script target is DECLARED as UNCHECKED, not silently dropped
2026-09-27T20:30:10.7203258Z       quoted: F.reference.html: line 1 sets `hidden` — `pick(whatever()).hidden = true;` — but this reader cannot resolve the receiver to a selector, so the element is UNCHECKED, which is a gap in this instrument's reach, NOT evidence the file is clean
2026-09-27T20:30:10.7204356Z   ✓ a painter whose own selector carries [hidden] is read as a deliberate override, not the defect
2026-09-27T20:30:10.7205275Z   ✓ REAL #218 case: Command-palette carries NO CERTAIN finding with the ruled fix in place (the check can go green on Dave's own remedy)
2026-09-27T20:30:10.7206194Z   ✓ REAL #218 case MUTANT: delete the ruled one-line remedy and the ORIGINAL phantom option is named again, by file, class and rule
2026-09-27T20:30:10.7207963Z       quoted: Command-palette.reference.html: STATIC hidden-bearing <div> (class=cp-opt) at line 230 is painted by `.cp-opt{display:flex}` (line 93, specificity (0, 1, 0)); the file has NO matching `[hidden]{display:none}` remedy — the UA `[hidden]{display:none}` is (0,1,0) and loses, so the element renders while `hidden` tells AT it is gone (#218 W3 F1 class, s218-D5 clause 3)
2026-09-27T20:30:10.7209568Z   ✓ REAL #218 case MUTANT is CERTAIN-tier, not a hedged POSSIBLE — the one measured instance of this class must land in the tier that means it
2026-09-27T20:30:10.7210341Z   ✓ line numbers are FILE-relative, not block-relative (painter line 6, element line 10)
2026-09-27T20:30:10.7211829Z       quoted: F.reference.html: STATIC hidden-bearing <div> (class=x) at line 10 is painted by `.x{display:flex}` (line 6, specificity (0, 1, 0)); the file has NO matching `[hidden]{display:none}` remedy — the UA `[hidden]{display:none}` is (0,1,0) and loses, so the element renders while `hidden` tells AT it is gone (#218 W3 F1 class, s218-D5 clause 3)
2026-09-27T20:30:10.7213377Z   ✓ a `hidden` write inside a JS comment is NOT counted (prose about the defect is not the defect)
2026-09-27T20:30:10.7213985Z   ✓ an ANCESTOR-conditioned painter lands in the POSSIBLE tier and says why
2026-09-27T20:30:10.7216246Z       quoted: F.reference.html: STATIC? hidden-bearing <span> (class=q) at line 1 is painted by `.wrap span{display:block}` (line 1, specificity (0, 0, 1)); the file has NO matching `[hidden]{display:none}` remedy ⚠ POSSIBLE ONLY: `.wrap span` states an ancestor/sibling condition this reader does not check, so the pair may never meet in the real DOM — the UA `[hidden]{display:none}` is (0,1,0) and loses, so the element renders while `hidden` tells AT it is gone (#218 W3 F1 class, s218-D5 clause 3)
2026-09-27T20:30:10.7218132Z   ✓ when BOTH a certain and a possible painter match, the element reports the CERTAIN one (strongest signal wins, not sheet order)
2026-09-27T20:30:10.7218788Z ✅ _validate_hidden_display selftest: all bites pass
2026-09-27T20:30:11.0397291Z selftest OK — sat ceiling 0.72 · pure-black substitution · weight floor 500@12-19 / 300@20+ / none <12 · dark-on-light ignored.
2026-09-27T20:30:11.0398330Z   ~ EDGE-WEIGHT  12px @ weight 400 — floor is 500 at this size  [:where(.cn-input-fields) .help-btn .tip]  (knowledge/canon/canon.css)
2026-09-27T20:30:11.0399415Z   ~ EDGE-BLACK  pure black ground carrying reverse text — use surface/digital-black #1A1A1A  [.action-bar .btn.secondary]  (knowledge/snippets/Action-bar.reference.html)
2026-09-27T20:30:11.0400328Z   ~ EDGE-CHROMA  ground #DB0011 sat 1.00 > 0.72 ceiling  [.hero .cta]  (knowledge/snippets/Hero-variants.reference.html)
2026-09-27T20:30:11.0401017Z   ~ EDGE-CHROMA  ground #DB0011 sat 1.00 > 0.72 ceiling  [.hero .cta]  (knowledge/snippets/Hero.reference.html)
2026-09-27T20:30:11.0401831Z   ~ EDGE-WEIGHT  12px @ weight 400 — floor is 500 at this size  [.help-btn .tip]  (knowledge/snippets/Input-fields.reference.html)
2026-09-27T20:30:11.0402831Z   ~ EDGE-BLACK  pure black ground carrying reverse text — use surface/digital-black #1A1A1A  [.nv-count]  (knowledge/snippets/Navigations.reference.html)
2026-09-27T20:30:11.0403889Z   ~ EDGE-BLACK  pure black ground carrying reverse text — use surface/digital-black #1A1A1A  [.nv-avatar]  (knowledge/snippets/Navigations.reference.html)
2026-09-27T20:30:11.0405435Z   ~ EDGE-BLACK  pure black ground carrying reverse text — use surface/digital-black #1A1A1A  [.chip[aria-pressed="true"],.chip[aria-checked="true"]]  (knowledge/snippets/Selection-controls.reference.html)
2026-09-27T20:30:11.0406641Z   ~ EDGE-BLACK  pure black ground carrying reverse text — use surface/digital-black #1A1A1A  [.nv-count]  (knowledge/snippets/Sidebar-nav.reference.html)
2026-09-27T20:30:11.0407683Z   ~ EDGE-BLACK  pure black ground carrying reverse text — use surface/digital-black #1A1A1A  [.sn-avatar]  (knowledge/snippets/Sidebar-nav.reference.html)
2026-09-27T20:30:11.0408793Z   ~ EDGE-BLACK  pure black ground carrying reverse text — use surface/digital-black #1A1A1A  [.sn.is-rail .nv-label]  (knowledge/snippets/Sidebar-nav.reference.html)
2026-09-27T20:30:11.0409841Z   ~ EDGE-BLACK  pure black ground carrying reverse text — use surface/digital-black #1A1A1A  [.nv-count]  (knowledge/snippets/Tab-bar.reference.html)
2026-09-27T20:30:11.0410938Z   ~ EDGE-BLACK  pure black ground carrying reverse text — use surface/digital-black #1A1A1A  [.menu-fab[aria-expanded="true"]]  (knowledge/snippets/Tab-bar.reference.html)
2026-09-27T20:30:11.0412042Z   ~ EDGE-BLACK  pure black ground carrying reverse text — use surface/digital-black #1A1A1A  [.bar]  (knowledge/snippets/Video-player.reference.html)
2026-09-27T20:30:11.0412876Z   ~ EDGE-CHROMA  ground #DB0011 sat 1.00 > 0.72 ceiling  [.iconbtn.primary]  (knowledge/_proforma/Icon-button.reference.html)
2026-09-27T20:30:11.0413896Z   ~ EDGE-BLACK  pure black ground carrying reverse text — use surface/digital-black #1A1A1A  [.iconbtn.primary.is-pressed]  (knowledge/_proforma/Icon-button.reference.html)
2026-09-27T20:30:11.0415589Z   ~ EDGE-BLACK  pure black ground carrying reverse text — use surface/digital-black #1A1A1A  [.iconbtn.secondary]  (knowledge/_proforma/Icon-button.reference.html)
2026-09-27T20:30:11.0416991Z   ~ EDGE-WEIGHT  12px @ weight 400 — floor is 500 at this size  [.ib.f-tip::after]  (knowledge/_proforma/Tranche-6-interactive.html)
2026-09-27T20:30:11.0417426Z 
2026-09-27T20:30:11.0417820Z EDGE-EXTREMITY (advisory, {#col26-020}) — 18 finding(s): EDGE-BLACK ×12 · EDGE-CHROMA ×3 · EDGE-WEIGHT ×3
2026-09-27T20:30:11.0418495Z   advisory only — perceptual rule, blocking status after triage (dv-019 precedent)
2026-09-27T20:30:11.0987928Z verification edges: 4/38 SCs verified (0 failing), 34 applies_to-only
2026-09-27T20:30:11.0989293Z   ✅ 1.4.11: pass (component) [65/67 applies_to components have a bound audited token or a gated snippet contrastPair]
2026-09-27T20:30:11.0990049Z   ✅ 1.4.3: pass (component) [41/42 applies_to components have a bound audited token]
2026-09-27T20:30:11.0990542Z   ✅ 2.3.3: pass (component)
2026-09-27T20:30:11.0990822Z   ✅ 2.5.8: pass (component)
2026-09-27T20:30:11.1399094Z external-automatable-refs: 18/38 SCs have axe-core coverage (16 easy-win, 2 already wired, 20 uncovered)
2026-09-27T20:30:11.2720824Z consult index built: 773 records -> knowledge/_consult-index.json
2026-09-27T20:30:11.2723512Z   adr          17
2026-09-27T20:30:11.2723824Z   assertion    8
2026-09-27T20:30:11.2724114Z   defect       54
2026-09-27T20:30:11.2724394Z   gate         51
2026-09-27T20:30:11.2724850Z   open-item    105
2026-09-27T20:30:11.2725130Z   rule         475
2026-09-27T20:30:11.2725397Z   ruling       63
2026-09-27T20:30:11.4244948Z [OK] "amber glyph contrast white" — expected ['R-D3', 'avd-001'], missing none
2026-09-27T20:30:11.4245665Z [OK] "inline fonts portability" — expected ['T-D9'], missing none
2026-09-27T20:30:11.4246219Z [OK] "univers sandbox render" — expected ['ASSERT-002', 'ASSERT-006'], missing none
2026-09-27T20:30:11.4246732Z [OK] --fetch R-D3 returns the full record (stage 2 hit)
2026-09-27T20:30:11.4247077Z [OK] --fetch unknown id REFUSES (fail-loud)
2026-09-27T20:30:11.4247418Z [OK] edge attach: record with no mention gets no attachment
2026-09-27T20:30:11.4247836Z [OK] edge attach: injected fabricated edge appears via direct id match
2026-09-27T20:30:11.4248348Z [OK] step 3 mark: target-of-supersedes record gets the ⛔ line
2026-09-27T20:30:11.4248850Z selftest OK — all regression queries surfaced their known-answer record(s).
2026-09-27T20:30:11.4596716Z [OK] stem: 'fonts' finds the font-size record
2026-09-27T20:30:11.4597107Z [OK] miss: unrelated query returns zero buckets
2026-09-27T20:30:11.4597441Z [OK] cap bites at 3, total honest at 7
2026-09-27T20:30:11.4597729Z [OK] header quotes total when capped
2026-09-27T20:30:11.4598020Z [OK] header quotes plain count when complete
2026-09-27T20:30:11.4598317Z [OK] fetch hit returns the record
2026-09-27T20:30:11.4598572Z [OK] fetch miss REFUSES
2026-09-27T20:30:11.4599093Z [OK] fetch miss lists a near-miss
2026-09-27T20:30:11.4599574Z [OK] receipt: query→ids form passes
2026-09-27T20:30:11.4599860Z [OK] receipt: honest negative passes
2026-09-27T20:30:11.4600129Z [OK] receipt: bare none REFUSED
2026-09-27T20:30:11.4600395Z [OK] receipt: missing arrow REFUSED
2026-09-27T20:30:11.4600662Z [OK] receipt: empty ids REFUSED
2026-09-27T20:30:11.4600943Z [OK] empty/missing index REFUSES
2026-09-27T20:30:11.4601258Z [OK] builder name is DERIVED from the index name (memento door)
2026-09-27T20:30:11.4601660Z [OK] builder name is DERIVED from the index name (consult door)
2026-09-27T20:30:11.4602007Z [OK] missing index names the builder BESIDE it
2026-09-27T20:30:11.4602344Z [OK] the named builder is the DERIVED one, not a fallback
2026-09-27T20:30:11.4602728Z [OK] no builder on disk ⇒ names NO command
2026-09-27T20:30:11.4603048Z [OK] no builder on disk ⇒ still REFUSES
2026-09-27T20:30:11.4603515Z selftest OK — engine, fetch refusal, honest denominators and receipt form all bite.
2026-09-27T20:30:11.7779098Z ⚠ DUPLICATE HEADING: gm-archive:2b-wave-1-rulings-1-7-unchanged-rule-with-the-above at _GM-ARCHIVE.md:5579 and _GM-ARCHIVE.md:6659
2026-09-27T20:30:11.7781084Z ⚠ DUPLICATE HEADING: gm-archive:3-the-standing-eyeball-set-non-blocking-your-foundations-fir at _GM-ARCHIVE.md:5601 and _GM-ARCHIVE.md:6682
2026-09-27T20:30:11.7783469Z ⚠ DUPLICATE HEADING: gm-archive:4b-queued-button-states-finesse-pass-dave-2026-07-22-not-now at _GM-ARCHIVE.md:5563 and _GM-ARCHIVE.md:6756
2026-09-27T20:30:11.7785201Z ⚠ DUPLICATE HEADING: gm-archive:5-parked-unchanged at _GM-ARCHIVE.md:5574 and _GM-ARCHIVE.md:6767
2026-09-27T20:30:11.7786927Z ⚠ DUPLICATE HEADING: ls-archive:prior-delta-2026-07-26-sun-evening-opus-solo-self-conducting at _LIVE-STATE-ARCHIVE.md:5441 and _LIVE-STATE-ARCHIVE.md:5456
2026-09-27T20:30:11.7788873Z ⚠ DUPLICATE HEADING: component:icon-button at knowledge/_proforma/icon-button.meta.json:1 and knowledge/components/icon-button.meta.json:1
2026-09-27T20:30:12.2967636Z memento index: 2338 records → knowledge/_memento-index.json (brief:206, carries-section:82, component-meta:139, context-node:222, dream:14, gauge-block:286, gm-archive-section:274, gm-section:20, lane:4, ledger-section:86, ls-archive-section:557, ls-section:11, pattern-node:380, runbook-section:57)
2026-09-27T20:30:12.6248041Z ⚠ DUPLICATE HEADING: gm-archive:2b-wave-1-rulings-1-7-unchanged-rule-with-the-above at _GM-ARCHIVE.md:5579 and _GM-ARCHIVE.md:6659
2026-09-27T20:30:12.6250103Z ⚠ DUPLICATE HEADING: gm-archive:3-the-standing-eyeball-set-non-blocking-your-foundations-fir at _GM-ARCHIVE.md:5601 and _GM-ARCHIVE.md:6682
2026-09-27T20:30:12.6252025Z ⚠ DUPLICATE HEADING: gm-archive:4b-queued-button-states-finesse-pass-dave-2026-07-22-not-now at _GM-ARCHIVE.md:5563 and _GM-ARCHIVE.md:6756
2026-09-27T20:30:12.6253578Z ⚠ DUPLICATE HEADING: gm-archive:5-parked-unchanged at _GM-ARCHIVE.md:5574 and _GM-ARCHIVE.md:6767
2026-09-27T20:30:12.6255434Z ⚠ DUPLICATE HEADING: ls-archive:prior-delta-2026-07-26-sun-evening-opus-solo-self-conducting at _LIVE-STATE-ARCHIVE.md:5441 and _LIVE-STATE-ARCHIVE.md:5456
2026-09-27T20:30:12.6257404Z ⚠ DUPLICATE HEADING: component:icon-button at knowledge/_proforma/icon-button.meta.json:1 and knowledge/components/icon-button.meta.json:1
2026-09-27T20:30:13.1245589Z memento index --check: current (2338 records)
2026-09-27T20:30:13.4479916Z ⚠ DUPLICATE HEADING: gm-archive:2b-wave-1-rulings-1-7-unchanged-rule-with-the-above at _GM-ARCHIVE.md:5579 and _GM-ARCHIVE.md:6659
2026-09-27T20:30:13.4481891Z ⚠ DUPLICATE HEADING: gm-archive:3-the-standing-eyeball-set-non-blocking-your-foundations-fir at _GM-ARCHIVE.md:5601 and _GM-ARCHIVE.md:6682
2026-09-27T20:30:13.4483833Z ⚠ DUPLICATE HEADING: gm-archive:4b-queued-button-states-finesse-pass-dave-2026-07-22-not-now at _GM-ARCHIVE.md:5563 and _GM-ARCHIVE.md:6756
2026-09-27T20:30:13.4485622Z ⚠ DUPLICATE HEADING: gm-archive:5-parked-unchanged at _GM-ARCHIVE.md:5574 and _GM-ARCHIVE.md:6767
2026-09-27T20:30:13.4487315Z ⚠ DUPLICATE HEADING: ls-archive:prior-delta-2026-07-26-sun-evening-opus-solo-self-conducting at _LIVE-STATE-ARCHIVE.md:5441 and _LIVE-STATE-ARCHIVE.md:5456
2026-09-27T20:30:13.4489780Z ⚠ DUPLICATE HEADING: component:icon-button at knowledge/_proforma/icon-button.meta.json:1 and knowledge/components/icon-button.meta.json:1
2026-09-27T20:30:13.6867010Z ⚠ DUPLICATE HEADING: gm-archive:2b-wave-1-rulings-1-7-unchanged-rule-with-the-above at _GM-ARCHIVE.md:5579 and _GM-ARCHIVE.md:6659
2026-09-27T20:30:13.6868970Z ⚠ DUPLICATE HEADING: gm-archive:3-the-standing-eyeball-set-non-blocking-your-foundations-fir at _GM-ARCHIVE.md:5601 and _GM-ARCHIVE.md:6682
2026-09-27T20:30:13.6870913Z ⚠ DUPLICATE HEADING: gm-archive:4b-queued-button-states-finesse-pass-dave-2026-07-22-not-now at _GM-ARCHIVE.md:5563 and _GM-ARCHIVE.md:6756
2026-09-27T20:30:13.6872449Z ⚠ DUPLICATE HEADING: gm-archive:5-parked-unchanged at _GM-ARCHIVE.md:5574 and _GM-ARCHIVE.md:6767
2026-09-27T20:30:13.6874198Z ⚠ DUPLICATE HEADING: ls-archive:prior-delta-2026-07-26-sun-evening-opus-solo-self-conducting at _LIVE-STATE-ARCHIVE.md:5441 and _LIVE-STATE-ARCHIVE.md:5456
2026-09-27T20:30:13.6876528Z ⚠ DUPLICATE HEADING: component:icon-button at knowledge/_proforma/icon-button.meta.json:1 and knowledge/components/icon-button.meta.json:1
2026-09-27T20:30:14.5690513Z [OK] gauge: malformed `#### ` REFUSES
2026-09-27T20:30:14.5691022Z [OK] gauge: zero blocks REFUSES
2026-09-27T20:30:14.5692235Z [OK] gauge: META block ACCEPTED — no refusal
2026-09-27T20:30:14.5692725Z [OK] gauge: META block INDEXED under gauge:meta:*
2026-09-27T20:30:14.5693229Z [OK] gauge: META terminates the session body above it
2026-09-27T20:30:14.5693717Z [OK] gauge: near-miss META spelling STILL REFUSES
2026-09-27T20:30:14.5694181Z [OK] gauge: META-only file REFUSES (no sessions)
2026-09-27T20:30:14.5695184Z [OK] archive: open split — moved `## ` headings become records, no refusal
2026-09-27T20:30:14.5695747Z [OK] missing declared source REFUSES
2026-09-27T20:30:14.5696145Z [OK] collision suffixing deterministic
2026-09-27T20:30:14.5696597Z [OK] collision DECLARES one warning per extra copy
2026-09-27T20:30:14.5697069Z [OK] collision warning names the id and BOTH sites
2026-09-27T20:30:14.5697710Z [OK] no collision ⇒ SILENT (a warner that always fires says nothing)
2026-09-27T20:30:14.5698380Z [OK] collision warning carries file:line for both copies
2026-09-27T20:30:14.5698888Z [OK] slug stable
2026-09-27T20:30:14.5699243Z [OK] real corpus builds clean
2026-09-27T20:30:14.5699817Z [OK] §A: every registered subsection is its own record
2026-09-27T20:30:14.5700591Z [OK] §A: `gm:A` still resolves — no dangling id (retrieval regression guard)
2026-09-27T20:30:14.5701419Z [OK] §A: `gm:A` is a ROUTER, not the payload — it names its children and is small
2026-09-27T20:30:14.5702241Z [OK] §A: the LARGEST child is a fraction of the old whole (2945 B vs 15,817 B)
2026-09-27T20:30:14.5703086Z [OK] §A: children carry honest file:line provenance, ascending through the file
2026-09-27T20:30:14.5704015Z [OK] §A: unregistered subsection REFUSES the build (never indexes around a hole)
2026-09-27T20:30:14.5704901Z [OK] determinism: two builds render identically
2026-09-27T20:30:14.5705383Z [OK] real corpus: every source class present
2026-09-27T20:30:14.5706202Z selftest OK — closed contracts refuse, open contracts split, build deterministic.
2026-09-27T20:30:15.5129630Z [OK] "band table amber threshold remaining budget" — expected ['runbook:context-gauge:the-floor-is-measured-never-assumed-gm-d9'], missing none
2026-09-27T20:30:15.5130975Z [OK] "lane routing check blocking records" — expected ['lane:lane-1-memento'], missing none
2026-09-27T20:30:15.5132322Z [OK] "retirement receipts proxy promoted blocking" — expected ['ledger:23-section-usage-instrumentation-enacted-lane-1-step-2-2026'], missing none
2026-09-27T20:30:15.5133635Z [OK] "dream pass weekly sunday unattended fire" — expected ['lane:lane-dream-pass'], missing none
2026-09-27T20:30:15.5134416Z [OK] --fetch lane:lane-1-memento returns the record verbatim
2026-09-27T20:30:15.5135747Z [OK] --fetch unknown id REFUSES with near-misses
2026-09-27T20:30:15.5136285Z [OK] edge attach: record with no mention gets no attachment
2026-09-27T20:30:15.5136933Z [OK] edge attach: injected fabricated edge appears for a mentioning record
2026-09-27T20:30:15.5137736Z [OK] step 3 mark: target-of-supersedes record gets the ⛔ line
2026-09-27T20:30:15.5138297Z [OK] step 3 mark: non-mentioning record gets no mark
2026-09-27T20:30:15.5139151Z selftest OK — the memento corpus answers its known questions, and fetch refuses the unknown.
2026-09-27T20:30:18.4078251Z graph mention map: 102 of 102 node(s) mentioned, 1969 record hit(s) total -> _graph-mention-map.json
2026-09-27T20:30:21.3062153Z graph mention map --check: current (102 of 102 node(s) mentioned)
2026-09-27T20:30:21.3522995Z [OK] synthetic hit: ADR-0005 mentioned in gm:X is found
2026-09-27T20:30:21.3523709Z [OK] synthetic miss: unmentioned node id has no key
2026-09-27T20:30:21.3524236Z [OK] case-insensitive match
2026-09-27T20:30:21.3524651Z [OK] missing graph input REFUSES
2026-09-27T20:30:21.3525398Z [OK] missing memento index input REFUSES
2026-09-27T20:30:21.3525859Z [OK] empty memento index REFUSES
2026-09-27T20:30:21.3526799Z selftest OK — hit, miss, case-insensitivity and both input refusals all bite.
2026-09-27T20:30:22.0702864Z   ✅ _CHAIN.md: 7,737 tiktoken cl100k_base · GM header+LATEST 5235 tk · LS LATEST delta only (of 36 delta lines) 1654 tk · FILE 7,737 tiktoken cl100k_base = slice 6,889 + wrapper 848 · fixed point in 2 pass(es)
2026-09-27T20:30:22.8228276Z   ✅ _CHAIN.md is FRESH — byte-matches the live chain · GM header+LATEST 5235 tk · LS LATEST delta only (of 36 delta lines) 1654 tk · FILE 7,737 tiktoken cl100k_base = slice 6,889 + wrapper 848 · fixed point in 2 pass(es)
2026-09-27T20:30:30.7742812Z     ✓ generates against the live repo (no refusal on a healthy tree)
2026-09-27T20:30:30.7743675Z     ✓ carries the GM header+LATEST term VERBATIM (not a summary of it)
2026-09-27T20:30:30.7744349Z     ✓ carries the LS ⏱ LATEST delta VERBATIM
2026-09-27T20:30:30.7745752Z     ✓ is materially smaller than GOOD-MORNING.md (7,737 vs 34,481 tape (cl100k ESTIMATE), 22.4% of it, floor <40%; tier measured, not assumed: tiktoken cl100k_base)
2026-09-27T20:30:30.7747143Z     ✓ BOTH SIDES OF THE RATIO ARE ON ONE MEASURER — chain `tiktoken cl100k_base` vs GOOD-MORNING `tiktoken cl100k_base`, so the percentage above has a unit
2026-09-27T20:30:30.7747944Z     ✓ STAMP IS EXACT — the published figure equals this file's own measured size
2026-09-27T20:30:30.7748529Z     ✓ published figure is the FILE, not the slice — the two differ and the file is bigger
2026-09-27T20:30:30.7749085Z     ✓ footer NAMES THE UNIT — a bare token count is a defect (ds-021)
2026-09-27T20:30:30.7749572Z     ✓ says GENERATED / DO-NOT-HAND-EDIT at the very top (line 1)
2026-09-27T20:30:30.7750011Z     ✓ tells the reader NOT to open GOOD-MORNING.md to check
2026-09-27T20:30:30.7750409Z     ✓ names retrieval as the door for everything else
2026-09-27T20:30:30.7750847Z     ✓ the {{BUILD_VERDICT}} marker NEVER leaks into the chain unrendered
2026-09-27T20:30:30.7751405Z     ✓ BUILD-STEP FIGURE IS RE-DERIVED AND MATCHES DISK (154 steps, measured now)
2026-09-27T20:30:30.7752007Z     ✓ the plant planted — a verdict figure was moved off disk (else the next bite is vacuous)
2026-09-27T20:30:30.7752605Z     ✓ a WRONG verdict figure is CAUGHT even with the true count elsewhere in the file
2026-09-27T20:30:30.7753083Z     ✓ step labels are 1:1 with rows (no duplicates)
2026-09-27T20:30:30.7753509Z     ✓ with NO run record the line says the green count is NOT DERIVABLE
2026-09-27T20:30:30.7754007Z     ✓ …and it names the remedy instead of a number (`_build_survey.py`)
2026-09-27T20:30:30.7754519Z     ✓ …and it re-stamps NOTHING — the old pinned 75-of-N form cannot reappear
2026-09-27T20:30:30.7755190Z     ✓ …and it names BOTH rulings, so the next session cannot 'helpfully' type it
2026-09-27T20:30:30.7755718Z     ✓ with a record the GREEN COUNT IS THE RUN'S, not len(STEPS) at a pinned sha
2026-09-27T20:30:30.7756540Z     ✓ a run of the SAME-sized build declares no size difference (no false alarm)
2026-09-27T20:30:30.7757078Z     ✓ a run of a SMALLER build: the total is STILL disk's, never the run's
2026-09-27T20:30:30.7757578Z     ✓ …and the size difference is DECLARED, naming both counts
2026-09-27T20:30:30.7758062Z     ✓ …and the steps the run never saw are counted in NO record, never green
2026-09-27T20:30:30.7758614Z     ✓ a run of a LARGER build: total is disk's and the vanished steps are DECLARED
2026-09-27T20:30:30.7759218Z     ✓ the run's sha and date are published beside it (an unattributed verdict is not a verdict)
2026-09-27T20:30:30.7759818Z     ✓ a stale record DECLARES itself against HEAD rather than passing as current
2026-09-27T20:30:30.7760322Z     ✓ steps in NO record are called out — never asked is never green
2026-09-27T20:30:30.7760808Z     ✓ the #62 clause SURVIVES as its own fact, generated from its own AST
2026-09-27T20:30:30.7761299Z     ✓ an absent STEPS assignment REFUSES BY NAME (never returns a count)
2026-09-27T20:30:30.7761803Z     ✓ a NON-LITERAL STEPS refuses rather than counting something else
2026-09-27T20:30:30.7762327Z     ✓ TITLE BLOCK IS FIRST — above the verbatim GM slice (position was the defect)
2026-09-27T20:30:30.7762858Z     ✓ DETERMINISTIC — two builds of an unchanged tree are byte-identical
2026-09-27T20:30:30.7764046Z   ✅ _CHAIN.md: 7,677 tiktoken cl100k_base · GM header+LATEST 5175 tk · LS LATEST delta only (of 36 delta lines) 1654 tk · FILE 7,677 tiktoken cl100k_base = slice 6,829 + wrapper 848 · fixed point in 2 pass(es)
2026-09-27T20:30:30.7765755Z   ✅ _CHAIN.md is FRESH — byte-matches the live chain · GM header+LATEST 5175 tk · LS LATEST delta only (of 36 delta lines) 1654 tk · FILE 7,677 tiktoken cl100k_base = slice 6,829 + wrapper 848 · fixed point in 2 pass(es)
2026-09-27T20:30:30.7766620Z     ✓ --check PASSES on a freshly generated file
2026-09-27T20:30:30.7767507Z   ✅ _CHAIN.md: 7,800 tiktoken cl100k_base · GM header+LATEST 5298 tk · LS LATEST delta only (of 36 delta lines) 1654 tk · FILE 7,800 tiktoken cl100k_base = slice 6,952 + wrapper 848 · fixed point in 2 pass(es)
2026-09-27T20:30:30.7768550Z     ✓ the fixture really was generated at another sha (a plant that did not plant would make every bite below vacuous)
2026-09-27T20:30:30.7769429Z     ✓ the fixture DIFFERS from a fresh render — i.e. the old byte comparison WOULD have called this stale, which is the defect being fixed
2026-09-27T20:30:30.7770279Z     ✓ --check is GREEN on a HEAD-ONLY advance — the chain's own content still matches GOOD-MORNING.md / _LIVE-STATE.md
2026-09-27T20:30:30.7771070Z     ✓ and it SAYS SO, naming BOTH shas — the honest comparison stays visible rather than being normalised into silence
2026-09-27T20:30:30.7771956Z     ✓ a HEAD-only advance is NEVER called FRESH without the qualifier (a bare FRESH would claim the file matches a fresh render, which it does not)
2026-09-27T20:30:30.7772820Z     ✓ REAL content staleness is STILL RED even when HEAD has also advanced — the re-ask does not launder drift
2026-09-27T20:30:30.7773472Z     ✓ and it is called STALE, not could-not-ask — real drift is a content verdict
2026-09-27T20:30:30.7774001Z     ✓ a PRE-SET head pin makes --check REFUSE (could-not-ask), never pass
2026-09-27T20:30:30.7774655Z     ✓ the environment refusal does NOT call it STALE either — it is a measurement refusal, not a content verdict
2026-09-27T20:30:30.7775884Z   ✅ _CHAIN.md: 7,800 tiktoken cl100k_base · GM header+LATEST 5298 tk · LS LATEST delta only (of 36 delta lines) 1654 tk · FILE 7,800 tiktoken cl100k_base = slice 6,952 + wrapper 848 · fixed point in 2 pass(es)
2026-09-27T20:30:30.7777243Z   ✅ _CHAIN.md is FRESH — byte-matches the live chain · GM header+LATEST 5298 tk · LS LATEST delta only (of 36 delta lines) 1654 tk · FILE 7,800 tiktoken cl100k_base = slice 6,952 + wrapper 848 · fixed point in 2 pass(es)
2026-09-27T20:30:30.7778194Z     ✓ tree restored — the SAME fresh tree reports FRESH again, unharmed by the arms above
2026-09-27T20:30:30.7778802Z     ✓ --check on a degraded instrument still exits non-zero (refuses, not a silent pass)
2026-09-27T20:30:30.7779808Z     ✓ --check's message does NOT call it STALE — that misnames a measurement problem as a content problem (the #58 defect, reproduced here)
2026-09-27T20:30:30.7780525Z     ✓ --check's message names the DEGRADED INSTRUMENT so the cause is legible
2026-09-27T20:30:30.7781551Z   ✅ _CHAIN.md is FRESH — byte-matches the live chain · GM header+LATEST 5298 tk · LS LATEST delta only (of 36 delta lines) 1654 tk · FILE 7,800 tiktoken cl100k_base = slice 6,952 + wrapper 848 · fixed point in 2 pass(es)
2026-09-27T20:30:30.7782461Z     ✓ instrument restored — the SAME fresh tree reports FRESH again, unharmed
2026-09-27T20:30:30.7783269Z     ✓ the freshly written chain carries a READABLE unit stamp (the clause has something to compare — an unreadable stamp would make the arm below vacuous)
2026-09-27T20:30:30.7784180Z     ✓ the stamp mutation actually changed the file (a plant that did not plant would make every bite below an assertion)
2026-09-27T20:30:30.7784922Z     ✓ stamped_tier() reads the MUTATED stamp back as the other tier
2026-09-27T20:30:30.7785444Z     ✓ --check on a tier divergence exits non-zero (refuses, never a silent pass)
2026-09-27T20:30:30.7785952Z     ✓ --check exits the COULD-NOT-ASK code (77), not the failure code
2026-09-27T20:30:30.7786362Z     ✓ --check calls it COULD-NOT-ASK
2026-09-27T20:30:30.7786922Z     ✓ the refusal's first marked line is machine-readable by `cna.reason_in`
2026-09-27T20:30:30.7787694Z     ✓ --check does NOT call it STALE — a tier divergence is a measurement problem and naming it staleness is the #173 defect, reproduced here
2026-09-27T20:30:30.7788570Z     ✓ the refusal NAMES BOTH TIERS, so a reader can see which two instruments disagreed rather than being handed a shrug
2026-09-27T20:30:30.7789201Z     ✓ --check on an UNREADABLE stamp refuses with the convention's code
2026-09-27T20:30:30.7789676Z     ✓ --check calls an unreadable stamp COULD-NOT-ASK, not STALE
2026-09-27T20:30:30.7790674Z   ✅ _CHAIN.md is FRESH — byte-matches the live chain · GM header+LATEST 5298 tk · LS LATEST delta only (of 36 delta lines) 1654 tk · FILE 7,800 tiktoken cl100k_base = slice 6,952 + wrapper 848 · fixed point in 2 pass(es)
2026-09-27T20:30:30.7791733Z     ✓ stamp restored — the SAME tree reports FRESH again, so the clause does not false-fire on an agreeing stamp
2026-09-27T20:30:30.7792924Z   ✗ _CHAIN.md is STALE — it does not match GOOD-MORNING.md / _LIVE-STATE.md as they now stand, so a cold session would read a PREVIOUS session's record as if it were current. Run `python3 knowledge/_gen_chain.py` and stage the result.
2026-09-27T20:30:30.7793879Z     ✓ --check FAILS on a hand-edited file (the stale-record class)
2026-09-27T20:30:30.7794662Z     ✓ and that failure is a FAILURE, not a refusal — a real staleness on the reachable tier still exits 1, so the COULD-NOT-ASK path did not swallow the gate
2026-09-27T20:30:30.7795573Z   ✗ _CHAIN.md is MISSING — run `python3 knowledge/_gen_chain.py` and stage it
2026-09-27T20:30:30.7796044Z     ✓ --check FAILS when the file is missing entirely
2026-09-27T20:30:30.7796519Z     ✓ REFUSES a STALE title (title #N == ★ LATEST #N, the skipped-mint state)
2026-09-27T20:30:30.7797050Z     ✓ REFUSES (with a reason) when GM has no ★ LATEST banner — no cheerful blank
2026-09-27T20:30:30.7797473Z   ✅ _gen_chain selftest: all bites pass
2026-09-27T20:30:31.1177445Z ✅ CORPUS: stamped 93,315 · measured 94,309 tape · drift 1.05% (tolerance 10%, `_capture_gate.SIZE_TOLERANCE`)
2026-09-27T20:30:31.1178282Z ✅     GM: stamped 34,010 · measured 34,481 tape · drift 1.37% (tolerance 10%, `_capture_gate.SIZE_TOLERANCE`)
2026-09-27T20:30:31.1178996Z ✅     LS: stamped 59,305 · measured 59,828 tape · drift 0.87% (tolerance 10%, `_capture_gate.SIZE_TOLERANCE`)
2026-09-27T20:30:31.4015691Z _gen_size_stamp selftest: 23 bites, all GREEN
2026-09-27T20:30:35.4647902Z   ✅ reviews/MEMENTO-SCHEMATIC-2026-08-07-v2.html: 30,550 bytes · 0 declared gap(s) rendered
2026-09-27T20:30:39.5362635Z   ✅ reviews/MEMENTO-SCHEMATIC-2026-08-07-v2.html is FRESH — byte-matches a render against the live tree
2026-09-27T20:30:57.7360854Z     ✓ renders against the live repo without refusing wholesale
2026-09-27T20:30:57.7361625Z     ✓ two consecutive renders are byte-identical (determinism)
2026-09-27T20:30:57.7362311Z     ✓ no unexpected date-shaped string in the output (found [])
2026-09-27T20:30:57.7363025Z     ✓ step count agrees with _gen_chain._steps_in (154 vs 154)
2026-09-27T20:30:57.7363646Z     ✓ no step RENDERED on the page carries an UNROUTED badge
2026-09-27T20:30:57.7364443Z     ✓ and the STEPS ↔ ROUTE_ROWS join is TOTAL over all 154 steps, rendered or not (0 unrouted)
2026-09-27T20:30:57.7365531Z     ✓ rechecks_for finds real steps for a wired script (_gen_chain.py)
2026-09-27T20:30:57.7366319Z     ✓ rechecks_for returns EMPTY for a script with no step (the red arm can fire)
2026-09-27T20:30:57.7367178Z   ✅ /tmp/tmpi_oex1h7/out.html is FRESH — byte-matches a render against the live tree
2026-09-27T20:30:57.7367847Z     ✓ check() PASSES on a faithful copy
2026-09-27T20:30:57.7368934Z   ✗ /tmp/tmpi_oex1h7/out.html is STALE — a figure in it no longer matches disk, so the page is asserting something that has gone false. Regenerate and stage it.
2026-09-27T20:30:57.7369882Z       --- committed
2026-09-27T20:30:57.7370153Z       +++ fresh
2026-09-27T20:30:57.7370435Z       @@ -277 +277 @@
2026-09-27T20:30:57.7371456Z       -<p>27 blocking validators</p></body>
2026-09-27T20:30:57.7371886Z       +</body>
2026-09-27T20:30:57.7372320Z     ✓ check() FAILS on a hand-patched copy (mutation)
2026-09-27T20:30:57.7373236Z     ✓ and that failure is a FAILURE, not a refusal — the tier clause does not swallow a real staleness on the reachable tier
2026-09-27T20:30:57.7374445Z     ✓ the unit-word mutation actually changed the file (a plant that did not plant would make the arms below assertions)
2026-09-27T20:30:57.7375539Z     ✓ stamped_tiers() reads the MUTATED page back as the other tier
2026-09-27T20:30:57.7376315Z     ✓ check() REFUSES (exit 77) when the committed page's unit is unreachable here
2026-09-27T20:30:57.7377403Z     ✓ and it does NOT call it STALE — a tier divergence is a measurement problem, and naming it staleness is the #173 defect reproduced
2026-09-27T20:30:57.7378426Z     ✓ the refusal NAMES BOTH instruments, so a reader can see which two disagreed
2026-09-27T20:30:57.7379264Z   ✗ /tmp/tmpi_oex1h7/out.html is MISSING — run `python3 knowledge/_gen_schematic.py`
2026-09-27T20:30:57.7379927Z     ✓ check() FAILS when the artefact is missing
2026-09-27T20:30:57.7380534Z     ✓ a missing store never raises — every fact is a str or an Unmeasured
2026-09-27T20:30:57.7381248Z     ✓ file-backed facts flip to Unmeasured on an empty tree (6 of 7)
2026-09-27T20:30:57.7382002Z     ✓ every refusal NAMES its cause (exception type + message, not a bare 'error')
2026-09-27T20:30:57.7382852Z     ✓ the ONLY fact that survives an empty tree is the code constant (['the inherited debt'])
2026-09-27T20:30:57.7383647Z     ✓ and it returns the SAME value in both trees (it is not repo-derived)
2026-09-27T20:30:57.7384381Z     ✓ an Unmeasured renders as a visible ⛔ cell, never as a number
2026-09-27T20:30:57.7385208Z     ✓ every map caption fits its box at CAP_CHARS=32 (worst: (32, 'marks'))
2026-09-27T20:30:57.7385982Z     ✓ every box label declares the inside edge of its own box (16 labels, 16 attributes)
2026-09-27T20:30:57.7386848Z     ✓ the page reports its OWN re-check status (red while unwired, computed either way)
2026-09-27T20:30:57.7387681Z     ✓ the figure tally names its own scope (it excludes this panel, and says so)
2026-09-27T20:30:57.7388296Z   ✅ _gen_schematic selftest: all bites pass
2026-09-27T20:30:58.6005296Z 
2026-09-27T20:30:58.6006599Z PARKED DUE — 4 parked item(s) are due at memento-cut — python3 knowledge/_parked.py --due memento-cut
2026-09-27T20:30:58.6007420Z memento-package delta-audit: 0 failure(s)
2026-09-27T20:30:58.6008688Z   ✅ VERBATIM SET byte-identical (both copies) · shim provenance clean (both chains) · copies identical to each other · no unknown files
2026-09-27T20:31:01.9723637Z     ✓ real repo: clean (0 findings; got 0: [])
2026-09-27T20:31:01.9724631Z     ✓ ARM1 mutation: doctored machinery/_gen_chain.py is caught, names the file + copy + a line count
2026-09-27T20:31:01.9726749Z       quoted: VERBATIM SET: memento-package/machinery/_gen_chain.py DIFFERS from knowledge/_gen_chain.py (copy=machinery/ file=_gen_chain.py) — 2 line(s) differ (sha256 61c0dd8b280a vs source 5fa12d24bbd2)
2026-09-27T20:31:01.9728009Z     ✓ ARM1 mutation: a MISSING verbatim file (not just a diff) is caught and named
2026-09-27T20:31:01.9728760Z     ✓ ARM3 mutation: copies diverge on a non-verbatim-set file (the manifest) — caught, names the file and 'DIFFERS between'
2026-09-27T20:31:01.9729841Z       quoted: CROSS-COPY: _MACHINERY-MANIFEST.md DIFFERS between memento-package/machinery/ and memento-package/claude-plugin/memento/machinery/ — 2 line(s) differ
2026-09-27T20:31:01.9730891Z     ✓ ARM3 mutation: a known file missing from BOTH copies (pairwise-invisible) is still caught by the completeness sub-check
2026-09-27T20:31:01.9731614Z       quoted: CROSS-COPY: both copies are missing known file(s): ['_consult-lexicon.json']
2026-09-27T20:31:01.9732178Z     ✓ ARM4 mutation: a rogue file is caught, named with its exact path
2026-09-27T20:31:01.9733523Z     ✓ ARM4 control: __pycache__ present in the SAME fixture is excluded BY NAME and never itself reported (proves the exclusion is narrow, not a silent blanket ignore)
2026-09-27T20:31:01.9735390Z       quoted: UNKNOWN FILE: memento-package/machinery/_ROGUE.py (machinery/) is not on the known-files list ['_MACHINERY-MANIFEST.md', '_capture_gate.py', '_consult-lexicon.json', '_gen_chain.py', '_graph_edges.py', '_memento_search.py', '_search_core.py'] — fail loud rather than silently ignored (scope-blindness rule)
2026-09-27T20:31:01.9736910Z     ✓ ARM2(a) mutation: measure_tokens body changed since port commit 91d7528 — caught, names the function and 'CHANGED since the port'
2026-09-27T20:31:01.9738460Z       quoted: SHIM PROVENANCE chain(a): 'measure_tokens' in knowledge/_capture_gate.py has CHANGED since the port commit ba2c9f5 — 1 line(s) differ. memento-package/machinery/_capture_gate.py may now be stale against its declared source; re-review and re-port, or update the docstring.
2026-09-27T20:31:01.9739843Z     ✓ ARM2(b) mutation: measurement_degraded deleted from current source — caught, names the function and 'GONE from current'
2026-09-27T20:31:01.9741038Z       quoted: SHIM PROVENANCE chain(a): 'measurement_degraded' is GONE from current knowledge/_capture_gate.py (present at the port commit ba2c9f5) — the shim's ported source no longer exists to compare against
2026-09-27T20:31:01.9742124Z     ✓ ARM2(c) mutation: GM_VOCAB changed since port commit ace3ed3 — caught, names GM_VOCAB and 'CHANGED since the port'
2026-09-27T20:31:01.9743499Z       quoted: SHIM PROVENANCE chain(b): 'GM_VOCAB' in knowledge/_gm_usage.py has CHANGED since the port commit ace3ed3 — 1 line(s) differ. memento-package/machinery/_capture_gate.py may now be stale against its declared source; re-review and re-port, or update the docstring.
2026-09-27T20:31:01.9744874Z     ✓ ARM2(d) mutation: shim docstring's claimed commit no longer matches the gate's expectation — caught, names both hashes
2026-09-27T20:31:01.9746252Z       quoted: SHIM PROVENANCE: memento-package/machinery/_capture_gate.py's docstring now claims it was ported from knowledge/_capture_gate.py @ deadbee, but this gate is built against ba2c9f5 — the shim was re-ported and the gate was not updated to match.
2026-09-27T20:31:01.9747620Z     ✓ ARM2(e) mutation: BOTH packed shim copies edited IDENTICALLY (invisible to the cross-copy arm) — caught, names the drifted body and both copies
2026-09-27T20:31:01.9748634Z     ✓ ARM2(e) control: the same fixture's CROSS-COPY arm stays silent, proving arm 2b is what saw it (the copies really are still identical to each other)
2026-09-27T20:31:01.9749813Z       quoted: SHIM BODIES: 'measure_tokens' in memento-package/machinery/_capture_gate.py (machinery/) has DRIFTED from knowledge/_capture_gate.py @ ba2c9f5 — 1 line(s) differ BEYOND the declare
2026-09-27T20:31:01.9751209Z     ✓ ARM2(f) mutation: an edit INSIDE the one declared-difference region still FAILS — the allowance tolerates its exact quoted text and nothing adjacent to it
2026-09-27T20:31:01.9752347Z     ✓ ARM2(g) mutation: a DECLARED-DIFFERENCE rule that no longer matches fails LOUD and named, rather than widening into a silent pass
2026-09-27T20:31:01.9753536Z       quoted: SHIM BODIES: a DECLARED-DIFFERENCE rule no longer applies for 'read_chain_tk' — selftest: a rule whose source text does not exist — its source text was expected 1x, found 0x. The a
2026-09-27T20:31:01.9754789Z     ✓ ARM2(h) control: with the real table restored, the real pack is GREEN — the three declared allowances are load-bearing, and a correct pack is not red
2026-09-27T20:31:01.9755501Z   ✅ _validate_package_delta selftest: all bites pass
2026-09-27T20:31:02.1798810Z enactment register: 84 rulings -> PROVEN 9 · CLAIMED 21 · UNPROVEN 54 · NOT-GATEABLE 0  (knowledge/_ENACTMENT-REGISTER.md)
2026-09-27T20:31:57.1691085Z   ✓ bite1a: icon-005 (44x44 target) requires RENDER
2026-09-27T20:31:57.1691767Z   ✓ bite1b: icon-005 is UNGATED — no check names it
2026-09-27T20:31:57.1692510Z   ✓ bite1c: aid-009 is cited by a gate AND present in the rules index (not dangling)
2026-09-27T20:31:57.1693375Z   ✓ bite1d: the untagged-anchor population is reported, not silently zero
2026-09-27T20:31:57.1694091Z   ✓ bite2: 'chrome' as a WORD does not promote a gate to RENDER
2026-09-27T20:31:57.1694946Z   ✓ bite3: a real Playwright gate IS detected as RENDER
2026-09-27T20:31:57.1695509Z   ✓ bite4: unclassifiable rule -> UNKNOWN, not I0
2026-09-27T20:31:57.1696115Z   ✓ bite5: a literal-text rule + a static gate is FIT, not flagged
2026-09-27T20:31:57.1696683Z   ✓ bite6: unknown instrument code raises
2026-09-27T20:31:57.1697148Z   ✓ bite7: mixed rule takes the HIGHER rung
2026-09-27T20:31:57.1697711Z   ✓ bite8: this script never counts itself as a gate
2026-09-27T20:31:57.1698037Z 
2026-09-27T20:31:57.1698196Z selftest: 11 bites, 0 failed
2026-09-27T20:32:52.0481577Z instrument fit: 475 rules -> UNDER-INSTRUMENTED 17 · UNGATED 163 · UNTAGGED 283 · EYE-ONLY 5 · FIT 7  (knowledge/_INSTRUMENT-FIT.md)
2026-09-27T20:32:52.0483132Z   ⚠ 1 rule IDs cited by gates are ABSENT from the index (260 untagged anchors of 703 declared): axs-003
2026-09-27T20:32:52.1676940Z /home/runner/work/UX-design/UX-design/knowledge/_build_integrity.py:71: DeprecationWarning: jsonschema.RefResolver is deprecated as of v4.18.0, in favor of the https://github.com/python-jsonschema/referencing library, which provides more compliant referencing behavior as well as more flexible APIs for customization. A future release will remove RefResolver. Please file a feature request (on referencing) if you are missing an API for the kind of customization you need.
2026-09-27T20:32:52.1680583Z   _resolver = jsonschema.RefResolver(base_uri="", referrer=schema)
2026-09-27T20:32:52.3874912Z integrity: PASS — 0 errors, 25 warnings
2026-09-27T20:32:52.3875402Z schema valid: 137/137
2026-09-27T20:32:52.4148045Z     ✓ refuse() returns the convention's exit code
2026-09-27T20:32:52.4148995Z     ✓ EXIT is not 0/1/2 — it cannot be confused with pass, fail, or bad-arguments
2026-09-27T20:32:52.4149827Z     ✓ refuse() prints a line that STARTS with the marker
2026-09-27T20:32:52.4150566Z     ✓ the printed line carries the gate's own reason, not a summary
2026-09-27T20:32:52.4151296Z     ✓ is_refusal() is true for EXIT and false for a real failure
2026-09-27T20:32:52.4152031Z     ✓ reason_in() finds the marker line in captured output
2026-09-27T20:32:52.4152949Z     ✓ reason_in() finds it when the gate prefixed the line (✗ / indentation)
2026-09-27T20:32:52.4154078Z     ✓ reason_in() returns None — never a manufactured reason — when the marker is absent
2026-09-27T20:32:52.4155405Z   ✅ _could_not_ask selftest: all bites pass
2026-09-27T20:32:52.9898650Z 
2026-09-27T20:32:52.9900656Z === P-1 · component meta-schema sweep [sandbox]
2026-09-27T20:32:52.9901772Z   ⚪ EXEMPT (declared, never hidden) EXAMPLE-button.meta.json [<root>] 'tokenValidation' is a required property
2026-09-27T20:32:52.9903352Z P-1 meta-schema sweep: 138 meta(s) checked · 0 finding(s) · 1 exempt failure(s) (EXAMPLE-button.meta.json)
2026-09-27T20:32:52.9904483Z PROBE P-1 — findings=0
2026-09-27T20:32:52.9906061Z --- rc=0 findings=0 · /home/runner/work/UX-design/UX-design/knowledge/_probe_registry/probe_meta_schema.py --check
2026-09-27T20:32:52.9906863Z 
2026-09-27T20:32:52.9907240Z === P-2 · duplicate-ID/IDREF scan [sandbox]
2026-09-27T20:32:52.9908106Z   OK  reviews/REVIEW-168-eye-owed-v1.html                        ids= 10 DUP=0 unresolved_idref=0 frag_miss=0
2026-09-27T20:32:52.9920366Z   OK  reviews/REVIEW-168-graphic-amber-blue-picker-v1.html       ids=  2 DUP=0 unresolved_idref=0 frag_miss=0
2026-09-27T20:32:52.9921584Z   OK  reviews/REVIEW-168-rag-glyph-tier-v1.html                  ids=  1 DUP=0 unresolved_idref=0 frag_miss=0
2026-09-27T20:32:52.9922592Z   OK  reviews/REVIEW-168-rag-glyph-tier-v2.html                  ids=  0 DUP=0 unresolved_idref=0 frag_miss=0
2026-09-27T20:32:52.9923645Z   OK  reviews/REVIEW-170-links-ratification-controller-v1.html   ids=  5 DUP=0 unresolved_idref=0 frag_miss=0
2026-09-27T20:32:52.9925136Z   OK  reviews/REVIEW-174-progress-bar-four-themes-v1.html        ids= 24 DUP=0 unresolved_idref=0 frag_miss=0
2026-09-27T20:32:52.9926249Z   OK  reviews/REVIEW-2026-07-02-critical-regroup.html            ids=  1 DUP=0 unresolved_idref=0 frag_miss=0
2026-09-27T20:32:52.9927332Z   OK  reviews/REVIEW-2026-07-10-deep-analysis.html               ids= 22 DUP=0 unresolved_idref=0 frag_miss=0
2026-09-27T20:32:52.9928388Z   OK  reviews/REVIEW-2026-07-10-deep-analysis_rev2.html          ids= 22 DUP=0 unresolved_idref=0 frag_miss=0
2026-09-27T20:32:52.9929465Z   OK  reviews/REVIEW-203-INDEX-2026-08-19-v1.html                ids=  0 DUP=0 unresolved_idref=0 frag_miss=0
2026-09-27T20:32:52.9930554Z   OK  reviews/REVIEW-203-alert-four-themes-v1.html               ids= 21 DUP=0 unresolved_idref=0 frag_miss=0
2026-09-27T20:32:52.9931693Z   OK  reviews/REVIEW-203-amount-display-four-themes-v1.html      ids=  0 DUP=0 unresolved_idref=0 frag_miss=0
2026-09-27T20:32:52.9932869Z   OK  reviews/REVIEW-203-amount-input-four-themes-v1.html        ids= 58 DUP=0 unresolved_idref=0 frag_miss=0
2026-09-27T20:32:52.9934036Z   OK  reviews/REVIEW-203-anchor-nav-four-themes-v1.html          ids=136 DUP=0 unresolved_idref=0 frag_miss=0
2026-09-27T20:32:52.9935345Z   OK  reviews/REVIEW-203-avatar-group-four-themes-v1.html        ids=  8 DUP=0 unresolved_idref=0 frag_miss=0
2026-09-27T20:32:52.9936530Z   OK  reviews/REVIEW-203-canon-dark-repair-before-after-v1.html  ids=449 DUP=0 unresolved_idref=0 frag_miss=0
2026-09-27T20:32:52.9937691Z   OK  reviews/REVIEW-203-combobox-four-themes-v1.html            ids=218 DUP=0 unresolved_idref=0 frag_miss=0
2026-09-27T20:32:52.9938836Z   OK  reviews/REVIEW-203-command-palette-four-themes-v1.html     ids=102 DUP=0 unresolved_idref=0 frag_miss=0
2026-09-27T20:32:52.9939980Z   OK  reviews/REVIEW-203-data-grid-four-themes-v1.html           ids=  0 DUP=0 unresolved_idref=0 frag_miss=0
2026-09-27T20:32:52.9941126Z   OK  reviews/REVIEW-203-date-picker-four-themes-v1.html         ids=160 DUP=0 unresolved_idref=0 frag_miss=0
2026-09-27T20:32:52.9942299Z   OK  reviews/REVIEW-203-date-range-picker-four-themes-v1.html   ids=231 DUP=0 unresolved_idref=0 frag_miss=0
2026-09-27T20:32:52.9943441Z   OK  reviews/REVIEW-203-drawer-four-themes-v1.html              ids=  8 DUP=0 unresolved_idref=0 frag_miss=0
2026-09-27T20:32:52.9944540Z   OK  reviews/REVIEW-203-empty-state-four-themes-v1.html         ids= 26 DUP=0 unresolved_idref=0 frag_miss=0
2026-09-27T20:32:52.9945961Z   OK  reviews/REVIEW-203-file-upload-four-themes-v1.html         ids= 76 DUP=0 unresolved_idref=0 frag_miss=0
2026-09-27T20:32:52.9947112Z   OK  reviews/REVIEW-203-form-layout-four-themes-v1.html         ids=251 DUP=0 unresolved_idref=0 frag_miss=0
2026-09-27T20:32:52.9948493Z   OK  reviews/REVIEW-203-kpi-tile-four-themes-v1.html            ids= 24 DUP=0 unresolved_idref=0 frag_miss=0
2026-09-27T20:32:52.9949614Z   OK  reviews/REVIEW-203-multi-select-four-themes-v1.html        ids=203 DUP=0 unresolved_idref=0 frag_miss=0
2026-09-27T20:32:52.9950973Z   OK  reviews/REVIEW-203-popover-four-themes-v1.html             ids= 33 DUP=0 unresolved_idref=0 frag_miss=0
2026-09-27T20:32:52.9952141Z   OK  reviews/REVIEW-203-secure-entry-four-themes-v1.html        ids= 75 DUP=0 unresolved_idref=0 frag_miss=0
2026-09-27T20:32:52.9953272Z   OK  reviews/REVIEW-203-sidebar-nav-four-themes-v1.html         ids= 65 DUP=0 unresolved_idref=0 frag_miss=0
2026-09-27T20:32:52.9954434Z   OK  reviews/REVIEW-203-skeleton-loader-four-themes-v1.html     ids= 20 DUP=0 unresolved_idref=0 frag_miss=0
2026-09-27T20:32:52.9955785Z   OK  reviews/REVIEW-203-stat-card-four-themes-v1.html           ids=  2 DUP=0 unresolved_idref=0 frag_miss=0
2026-09-27T20:32:52.9956916Z   OK  reviews/REVIEW-203-stepper-four-themes-v1.html             ids=322 DUP=0 unresolved_idref=0 frag_miss=0
2026-09-27T20:32:52.9958032Z   OK  reviews/REVIEW-203-tags-input-four-themes-v1.html          ids=154 DUP=0 unresolved_idref=0 frag_miss=0
2026-09-27T20:32:52.9959148Z   OK  reviews/REVIEW-203-textarea-four-themes-v1.html            ids= 89 DUP=0 unresolved_idref=0 frag_miss=0
2026-09-27T20:32:52.9960309Z   OK  reviews/REVIEW-203-time-picker-four-themes-v1.html         ids= 92 DUP=0 unresolved_idref=0 frag_miss=0
2026-09-27T20:32:52.9961413Z   OK  reviews/REVIEW-203-timeline-four-themes-v1.html            ids= 24 DUP=0 unresolved_idref=0 frag_miss=0
2026-09-27T20:32:52.9962481Z   OK  reviews/REVIEW-203-toast-four-themes-v1.html               ids=  9 DUP=0 unresolved_idref=0 frag_miss=0
2026-09-27T20:32:52.9963592Z   OK  reviews/REVIEW-204-document-row-four-themes-v1.html        ids= 32 DUP=0 unresolved_idref=0 frag_miss=48
2026-09-27T20:32:52.9965056Z   OK  reviews/REVIEW-204-footer-four-themes-v1.html              ids= 40 DUP=0 unresolved_idref=0 frag_miss=8
2026-09-27T20:32:52.9966349Z   OK  reviews/REVIEW-204-layout-utilities-four-themes-v1.html    ids=  0 DUP=0 unresolved_idref=0 frag_miss=0
2026-09-27T20:32:52.9967557Z   OK  reviews/REVIEW-204-payment-card-visual-four-themes-v1.html ids= 56 DUP=0 unresolved_idref=0 frag_miss=0
2026-09-27T20:32:52.9968756Z   OK  reviews/REVIEW-204-popconfirm-four-themes-v1.html          ids= 96 DUP=0 unresolved_idref=0 frag_miss=0
2026-09-27T20:32:52.9969903Z   OK  reviews/REVIEW-204-runway-bar-four-themes-v1.html          ids= 40 DUP=0 unresolved_idref=0 frag_miss=0
2026-09-27T20:32:52.9971022Z   OK  reviews/REVIEW-209-grid-snap-before-after-v1.html          ids=  3 DUP=0 unresolved_idref=0 frag_miss=0
2026-09-27T20:32:52.9972151Z   OK  reviews/REVIEW-209-input-trim-before-after-v1.html         ids=  1 DUP=0 unresolved_idref=0 frag_miss=0
2026-09-27T20:32:52.9973272Z   OK  reviews/REVIEW-210-existence-side-by-side-v1.html          ids=  6 DUP=0 unresolved_idref=0 frag_miss=0
2026-09-27T20:32:52.9974387Z   OK  reviews/REVIEW-210-meter-unification-v1.html               ids=  7 DUP=0 unresolved_idref=0 frag_miss=0
2026-09-27T20:32:52.9975640Z   OK  reviews/REVIEW-210-spacing-fixes-v1.html                   ids=  0 DUP=0 unresolved_idref=0 frag_miss=0
2026-09-27T20:32:52.9976714Z   OK  reviews/REVIEW-212-boot-and-desk-triage-v1.html            ids=  6 DUP=0 unresolved_idref=0 frag_miss=0
2026-09-27T20:32:52.9977721Z   OK  reviews/REVIEW-212-dials-v1.html                           ids=  1 DUP=0 unresolved_idref=0 frag_miss=0
2026-09-27T20:32:52.9978686Z   OK  reviews/REVIEW-212-rule-now-v1.html                        ids=  1 DUP=0 unresolved_idref=0 frag_miss=0
2026-09-27T20:32:52.9979755Z   OK  reviews/REVIEW-213-wave-components-four-theme-v1.html      ids= 60 DUP=0 unresolved_idref=0 frag_miss=0
2026-09-27T20:32:52.9980864Z   OK  reviews/REVIEW-262-nav-supercharge-dark-v1.html            ids=  0 DUP=0 unresolved_idref=0 frag_miss=0
2026-09-27T20:32:52.9981933Z   OK  reviews/REVIEW-tooltip-tip-s162.html                       ids=  4 DUP=0 unresolved_idref=0 frag_miss=0
2026-09-27T20:32:52.9983998Z   ⚠ reviews/REVIEW-204-document-row-four-themes-v1.html:283 href='#doc-jun' targets no id (WARN tier — #204 declared placeholder demo links a design question, not this class)
2026-09-27T20:32:52.9986518Z   ⚠ reviews/REVIEW-204-document-row-four-themes-v1.html:296 href='#doc-may' targets no id (WARN tier — #204 declared placeholder demo links a design question, not this class)
2026-09-27T20:32:52.9988608Z   ⚠ reviews/REVIEW-204-document-row-four-themes-v1.html:308 href='#doc-tax' targets no id (WARN tier — #204 declared placeholder demo links a design question, not this class)
2026-09-27T20:32:52.9990677Z   ⚠ reviews/REVIEW-204-document-row-four-themes-v1.html:321 href='#doc-long' targets no id (WARN tier — #204 declared placeholder demo links a design question, not this class)
2026-09-27T20:32:52.9992735Z   ⚠ reviews/REVIEW-204-document-row-four-themes-v1.html:348 href='#dl-jun' targets no id (WARN tier — #204 declared placeholder demo links a design question, not this class)
2026-09-27T20:32:52.9994955Z   ⚠ reviews/REVIEW-204-document-row-four-themes-v1.html:356 href='#dl-may' targets no id (WARN tier — #204 declared placeholder demo links a design question, not this class)
2026-09-27T20:32:52.9997039Z   ⚠ reviews/REVIEW-204-document-row-four-themes-v1.html:386 href='#doc-jun' targets no id (WARN tier — #204 declared placeholder demo links a design question, not this class)
2026-09-27T20:32:52.9999091Z   ⚠ reviews/REVIEW-204-document-row-four-themes-v1.html:399 href='#doc-may' targets no id (WARN tier — #204 declared placeholder demo links a design question, not this class)
2026-09-27T20:32:53.0001154Z   ⚠ reviews/REVIEW-204-document-row-four-themes-v1.html:411 href='#doc-tax' targets no id (WARN tier — #204 declared placeholder demo links a design question, not this class)
2026-09-27T20:32:53.0003205Z   ⚠ reviews/REVIEW-204-document-row-four-themes-v1.html:424 href='#doc-long' targets no id (WARN tier — #204 declared placeholder demo links a design question, not this class)
2026-09-27T20:32:53.0005545Z   ⚠ reviews/REVIEW-204-document-row-four-themes-v1.html:451 href='#dl-jun' targets no id (WARN tier — #204 declared placeholder demo links a design question, not this class)
2026-09-27T20:32:53.0007601Z   ⚠ reviews/REVIEW-204-document-row-four-themes-v1.html:459 href='#dl-may' targets no id (WARN tier — #204 declared placeholder demo links a design question, not this class)
2026-09-27T20:32:53.0008895Z   ⚠ … 44 more WARN-tier fragment misses (not findings)
2026-09-27T20:32:53.0009952Z P-2 duplicate-ID/IDREF scan: 55 file(s) over ['reviews/REVIEW-*.html'] · 0 finding(s) · 56 WARN-tier fragment miss(es)
2026-09-27T20:32:53.1696052Z PROBE P-2 — findings=0
2026-09-27T20:32:53.1697063Z --- rc=0 findings=0 · /home/runner/work/UX-design/UX-design/knowledge/_probe_registry/probe_dup_ids.py --check
2026-09-27T20:32:53.1697733Z 
2026-09-27T20:32:53.1698107Z === P-3 · dangling-var PIXEL test (render + cascade + pixel) [sandbox-render]
2026-09-27T20:32:53.1699753Z COULD-NOT-ASK: P-3 dangling-var PIXEL test — NOT-IN-THIS-ENVIRONMENT: playwright is not importable. Stage it per knowledge/_RUNBOOK-render-verify.md (PYTHONPATH=/var/tmp/pylibs). REFUSED — not a pass.
2026-09-27T20:32:53.1701371Z PROBE P-3 — findings=UNKNOWN (environment refused, exit 77)
2026-09-27T20:32:53.1702524Z --- rc=77 findings=UNKNOWN · /home/runner/work/UX-design/UX-design/knowledge/_probe_registry/probe_dangling_var_pixel.py --check
2026-09-27T20:32:53.1703253Z 
2026-09-27T20:32:53.1703505Z === P-4 · premise-vs-store diff [sandbox]
2026-09-27T20:32:53.1704963Z   ⛔ STATE-CONTRADICTION  notes/_briefs/2026-08-20-209-w46-gen-brief-demo-lane-2-apollo-charts-v1.md:85 asserts W-05 open; the store says state=done
2026-09-27T20:32:53.1706773Z   ⛔ STATE-CONTRADICTION  notes/_briefs/2026-08-20-209-w46-gen-brief-demo-lane-2-apollo-charts-v1.md:86 asserts W-06 open; the store says state=parked
2026-09-27T20:32:53.1708548Z   ⛔ STATE-CONTRADICTION  notes/_briefs/2026-08-20-209-w46-gen-brief-demo-lane-2-apollo-charts-v1.md:87 asserts W-07 open; the store says state=done
2026-09-27T20:32:53.1710713Z   ⛔ STATE-CONTRADICTION  notes/_briefs/2026-08-20-209-w46-gen-brief-demo-lane-2-apollo-charts-v1.md:88 asserts W-08 open; the store says state=done
2026-09-27T20:32:53.1712637Z   ⛔ STATE-CONTRADICTION  notes/_briefs/2026-08-20-209-w46-gen-brief-demo-lane-2-apollo-charts-v1.md:89 asserts W-09 open; the store says state=done
2026-09-27T20:32:53.1714418Z   ⛔ STATE-CONTRADICTION  notes/_briefs/2026-08-20-209-w46-gen-brief-demo-lane-2-apollo-charts-v1.md:93 asserts W-10 open; the store says state=done
2026-09-27T20:32:53.1716470Z   ⛔ STATE-CONTRADICTION  notes/_briefs/2026-08-20-209-w46-gen-brief-demo-lane-2-apollo-charts-v1.md:95 asserts W-12 open; the store says state=dropped
2026-09-27T20:32:53.1718211Z   ⛔ STATE-CONTRADICTION  notes/_briefs/2026-08-20-209-w46-gen-brief-demo-lane-2-apollo-charts-v1.md:97 asserts W-14 open; the store says state=done
2026-09-27T20:32:53.1719909Z   ⛔ STATE-CONTRADICTION  notes/_briefs/2026-08-20-209-w46-gen-brief-demo-lane-2-apollo-charts-v1.md:98 asserts W-15 open; the store says state=done
2026-09-27T20:32:53.1721634Z   ⛔ STATE-CONTRADICTION  notes/_briefs/2026-08-20-209-w46-gen-brief-demo-lane-2-apollo-charts-v1.md:99 asserts W-16 open; the store says state=done
2026-09-27T20:32:53.1723436Z   ⛔ STATE-CONTRADICTION  notes/_briefs/2026-08-20-209-w46-gen-brief-demo-lane-2-apollo-charts-v1.md:104 asserts W-41 open; the store says state=done
2026-09-27T20:32:53.1725466Z   ⛔ STATE-CONTRADICTION  notes/_briefs/2026-08-20-209-w46-gen-brief-demo-lane-2-apollo-charts-v1.md:106 asserts W-43 open; the store says state=done
2026-09-27T20:32:53.1727307Z   ⛔ STATE-CONTRADICTION  notes/_briefs/2026-08-20-209-w46-gen-brief-demo-lane-2-apollo-charts-v1.md:110 asserts W-47 open; the store says state=done
2026-09-27T20:32:53.1729156Z   ⛔ STATE-CONTRADICTION  notes/_briefs/2026-08-20-209-w46-gen-brief-demo-lane-2-apollo-charts-v1.md:114 asserts W-51 open; the store says state=parked
2026-09-27T20:32:53.1731013Z   ⛔ STATE-CONTRADICTION  notes/_briefs/2026-08-20-209-w46-gen-brief-demo-lane-2-apollo-charts-v1.md:117 asserts W-54 open; the store says state=done
2026-09-27T20:32:53.1732786Z   ⛔ STATE-CONTRADICTION  notes/_briefs/2026-08-20-209-w46-gen-brief-demo-lane-2-apollo-charts-v1.md:160 asserts W-51 open; the store says state=parked
2026-09-27T20:32:53.1734448Z   ⛔ STATE-CONTRADICTION  notes/_briefs/2026-08-20-209-wave3-fanout-brief-v1.md:113 asserts W-05 open; the store says state=done
2026-09-27T20:32:53.1736175Z   ⛔ STATE-CONTRADICTION  notes/_briefs/2026-08-20-209-wave3-fanout-brief-v1.md:114 asserts W-06 open; the store says state=parked
2026-09-27T20:32:53.1737687Z   ⛔ STATE-CONTRADICTION  notes/_briefs/2026-08-20-209-wave3-fanout-brief-v1.md:115 asserts W-07 open; the store says state=done
2026-09-27T20:32:53.1739172Z   ⛔ STATE-CONTRADICTION  notes/_briefs/2026-08-20-209-wave3-fanout-brief-v1.md:116 asserts W-08 open; the store says state=done
2026-09-27T20:32:53.1740654Z   ⛔ STATE-CONTRADICTION  notes/_briefs/2026-08-20-209-wave3-fanout-brief-v1.md:117 asserts W-09 open; the store says state=done
2026-09-27T20:32:53.1742119Z   ⛔ STATE-CONTRADICTION  notes/_briefs/2026-08-20-209-wave3-fanout-brief-v1.md:121 asserts W-10 open; the store says state=done
2026-09-27T20:32:53.1743609Z   ⛔ STATE-CONTRADICTION  notes/_briefs/2026-08-20-209-wave3-fanout-brief-v1.md:123 asserts W-12 open; the store says state=dropped
2026-09-27T20:32:53.1745261Z   ⛔ STATE-CONTRADICTION  notes/_briefs/2026-08-20-209-wave3-fanout-brief-v1.md:125 asserts W-14 open; the store says state=done
2026-09-27T20:32:53.1746831Z   ⛔ STATE-CONTRADICTION  notes/_briefs/2026-08-20-209-wave3-fanout-brief-v1.md:126 asserts W-15 open; the store says state=done
2026-09-27T20:32:53.1748308Z   ⛔ STATE-CONTRADICTION  notes/_briefs/2026-08-20-209-wave3-fanout-brief-v1.md:127 asserts W-16 open; the store says state=done
2026-09-27T20:32:53.1749793Z   ⛔ STATE-CONTRADICTION  notes/_briefs/2026-08-20-209-wave3-fanout-brief-v1.md:132 asserts W-41 open; the store says state=done
2026-09-27T20:32:53.1751522Z   ⛔ STATE-CONTRADICTION  notes/_briefs/2026-08-20-209-wave3-fanout-brief-v1.md:134 asserts W-43 open; the store says state=done
2026-09-27T20:32:53.1752995Z   ⛔ STATE-CONTRADICTION  notes/_briefs/2026-08-20-209-wave3-fanout-brief-v1.md:138 asserts W-47 open; the store says state=done
2026-09-27T20:32:53.1754896Z   ⛔ STATE-CONTRADICTION  notes/_briefs/2026-08-20-209-wave3-fanout-brief-v1.md:142 asserts W-51 open; the store says state=parked
2026-09-27T20:32:53.1756438Z   ⛔ STATE-CONTRADICTION  notes/_briefs/2026-08-20-209-wave3-fanout-brief-v1.md:145 asserts W-54 open; the store says state=done
2026-09-27T20:32:53.1757887Z   ⛔ STATE-CONTRADICTION  notes/_briefs/2026-08-20-209-wave3-fanout-brief-v1.md:151 asserts W-60 open; the store says state=done
2026-09-27T20:32:53.1759342Z   ⛔ STATE-CONTRADICTION  notes/_briefs/2026-08-20-209-wave3-fanout-brief-v1.md:152 asserts W-61 open; the store says state=done
2026-09-27T20:32:53.1760890Z   ⛔ STATE-CONTRADICTION  notes/_briefs/2026-08-20-209-wave3-fanout-brief-v1.md:192 asserts W-51 open; the store says state=parked
2026-09-27T20:32:53.1762496Z   ⛔ STATE-CONTRADICTION  notes/_briefs/2026-08-20-210-wave4-heavy7-fanout-brief-v1.md:87 asserts W-05 open; the store says state=done
2026-09-27T20:32:53.1764178Z   ⛔ STATE-CONTRADICTION  notes/_briefs/2026-08-20-210-wave4-heavy7-fanout-brief-v1.md:88 asserts W-06 open; the store says state=parked
2026-09-27T20:32:53.1766011Z   ⛔ STATE-CONTRADICTION  notes/_briefs/2026-08-20-210-wave4-heavy7-fanout-brief-v1.md:89 asserts W-07 open; the store says state=done
2026-09-27T20:32:53.1767582Z   ⛔ STATE-CONTRADICTION  notes/_briefs/2026-08-20-210-wave4-heavy7-fanout-brief-v1.md:90 asserts W-08 open; the store says state=done
2026-09-27T20:32:53.1769190Z   ⛔ STATE-CONTRADICTION  notes/_briefs/2026-08-20-210-wave4-heavy7-fanout-brief-v1.md:91 asserts W-09 open; the store says state=done
2026-09-27T20:32:53.1770770Z   ⛔ STATE-CONTRADICTION  notes/_briefs/2026-08-20-210-wave4-heavy7-fanout-brief-v1.md:95 asserts W-10 open; the store says state=done
2026-09-27T20:32:53.1772479Z   ⛔ STATE-CONTRADICTION  notes/_briefs/2026-08-20-210-wave4-heavy7-fanout-brief-v1.md:97 asserts W-12 open; the store says state=dropped
2026-09-27T20:32:53.1774115Z   ⛔ STATE-CONTRADICTION  notes/_briefs/2026-08-20-210-wave4-heavy7-fanout-brief-v1.md:99 asserts W-14 open; the store says state=done
2026-09-27T20:32:53.1775979Z   ⛔ STATE-CONTRADICTION  notes/_briefs/2026-08-20-210-wave4-heavy7-fanout-brief-v1.md:100 asserts W-15 open; the store says state=done
2026-09-27T20:32:53.1777604Z   ⛔ STATE-CONTRADICTION  notes/_briefs/2026-08-20-210-wave4-heavy7-fanout-brief-v1.md:101 asserts W-16 open; the store says state=done
2026-09-27T20:32:53.1779178Z   ⛔ STATE-CONTRADICTION  notes/_briefs/2026-08-20-210-wave4-heavy7-fanout-brief-v1.md:106 asserts W-41 open; the store says state=done
2026-09-27T20:32:53.1780775Z   ⛔ STATE-CONTRADICTION  notes/_briefs/2026-08-20-210-wave4-heavy7-fanout-brief-v1.md:108 asserts W-43 open; the store says state=done
2026-09-27T20:32:53.1782383Z   ⛔ STATE-CONTRADICTION  notes/_briefs/2026-08-20-210-wave4-heavy7-fanout-brief-v1.md:112 asserts W-47 open; the store says state=done
2026-09-27T20:32:53.1784016Z   ⛔ STATE-CONTRADICTION  notes/_briefs/2026-08-20-210-wave4-heavy7-fanout-brief-v1.md:116 asserts W-51 open; the store says state=parked
2026-09-27T20:32:53.1785851Z   ⛔ STATE-CONTRADICTION  notes/_briefs/2026-08-20-210-wave4-heavy7-fanout-brief-v1.md:119 asserts W-54 open; the store says state=done
2026-09-27T20:32:53.1787511Z   ⛔ STATE-CONTRADICTION  notes/_briefs/2026-08-20-210-wave4-heavy7-fanout-brief-v1.md:125 asserts W-62 open; the store says state=parked
2026-09-27T20:32:53.1789117Z   ⛔ STATE-CONTRADICTION  notes/_briefs/2026-08-20-210-wave4-heavy7-fanout-brief-v1.md:126 asserts W-63 open; the store says state=parked
2026-09-27T20:32:53.1790723Z   ⛔ STATE-CONTRADICTION  notes/_briefs/2026-08-20-210-wave4-heavy7-fanout-brief-v1.md:127 asserts W-64 open; the store says state=done
2026-09-27T20:32:53.1792567Z   ⛔ STATE-CONTRADICTION  notes/_briefs/2026-08-20-210-wave4-heavy7-fanout-brief-v1.md:129 asserts W-66 open; the store says state=parked
2026-09-27T20:32:53.1794184Z   ⛔ STATE-CONTRADICTION  notes/_briefs/2026-08-20-210-wave4-heavy7-fanout-brief-v1.md:171 asserts W-51 open; the store says state=parked
2026-09-27T20:32:53.1796302Z   ⛔ STATE-CONTRADICTION  notes/_briefs/2026-08-20-210-wave5-layer2-p2-fanout-brief-v1.md:88 asserts W-05 open; the store says state=done
2026-09-27T20:32:53.1797988Z   ⛔ STATE-CONTRADICTION  notes/_briefs/2026-08-20-210-wave5-layer2-p2-fanout-brief-v1.md:89 asserts W-06 open; the store says state=parked
2026-09-27T20:32:53.1799666Z   ⛔ STATE-CONTRADICTION  notes/_briefs/2026-08-20-210-wave5-layer2-p2-fanout-brief-v1.md:90 asserts W-07 open; the store says state=done
2026-09-27T20:32:53.1801302Z   ⛔ STATE-CONTRADICTION  notes/_briefs/2026-08-20-210-wave5-layer2-p2-fanout-brief-v1.md:91 asserts W-08 open; the store says state=done
2026-09-27T20:32:53.1802951Z   ⛔ STATE-CONTRADICTION  notes/_briefs/2026-08-20-210-wave5-layer2-p2-fanout-brief-v1.md:92 asserts W-09 open; the store says state=done
2026-09-27T20:32:53.1804584Z   ⛔ STATE-CONTRADICTION  notes/_briefs/2026-08-20-210-wave5-layer2-p2-fanout-brief-v1.md:96 asserts W-10 open; the store says state=done
2026-09-27T20:32:53.1806565Z   ⛔ STATE-CONTRADICTION  notes/_briefs/2026-08-20-210-wave5-layer2-p2-fanout-brief-v1.md:98 asserts W-12 open; the store says state=dropped
2026-09-27T20:32:53.1808288Z   ⛔ STATE-CONTRADICTION  notes/_briefs/2026-08-20-210-wave5-layer2-p2-fanout-brief-v1.md:100 asserts W-14 open; the store says state=done
2026-09-27T20:32:53.1809960Z   ⛔ STATE-CONTRADICTION  notes/_briefs/2026-08-20-210-wave5-layer2-p2-fanout-brief-v1.md:101 asserts W-15 open; the store says state=done
2026-09-27T20:32:53.1811645Z   ⛔ STATE-CONTRADICTION  notes/_briefs/2026-08-20-210-wave5-layer2-p2-fanout-brief-v1.md:102 asserts W-16 open; the store says state=done
2026-09-27T20:32:53.1813312Z   ⛔ STATE-CONTRADICTION  notes/_briefs/2026-08-20-210-wave5-layer2-p2-fanout-brief-v1.md:107 asserts W-41 open; the store says state=done
2026-09-27T20:32:53.1815163Z   ⛔ STATE-CONTRADICTION  notes/_briefs/2026-08-20-210-wave5-layer2-p2-fanout-brief-v1.md:109 asserts W-43 open; the store says state=done
2026-09-27T20:32:53.1816830Z   ⛔ STATE-CONTRADICTION  notes/_briefs/2026-08-20-210-wave5-layer2-p2-fanout-brief-v1.md:113 asserts W-47 open; the store says state=done
2026-09-27T20:32:53.1818522Z   ⛔ STATE-CONTRADICTION  notes/_briefs/2026-08-20-210-wave5-layer2-p2-fanout-brief-v1.md:117 asserts W-51 open; the store says state=parked
2026-09-27T20:32:53.1820172Z   ⛔ STATE-CONTRADICTION  notes/_briefs/2026-08-20-210-wave5-layer2-p2-fanout-brief-v1.md:120 asserts W-54 open; the store says state=done
2026-09-27T20:32:53.1821819Z   ⛔ STATE-CONTRADICTION  notes/_briefs/2026-08-20-210-wave5-layer2-p2-fanout-brief-v1.md:126 asserts W-62 open; the store says state=parked
2026-09-27T20:32:53.1823491Z   ⛔ STATE-CONTRADICTION  notes/_briefs/2026-08-20-210-wave5-layer2-p2-fanout-brief-v1.md:127 asserts W-63 open; the store says state=parked
2026-09-27T20:32:53.1825368Z   ⛔ STATE-CONTRADICTION  notes/_briefs/2026-08-20-210-wave5-layer2-p2-fanout-brief-v1.md:128 asserts W-64 open; the store says state=done
2026-09-27T20:32:53.1827073Z   ⛔ STATE-CONTRADICTION  notes/_briefs/2026-08-20-210-wave5-layer2-p2-fanout-brief-v1.md:130 asserts W-66 open; the store says state=parked
2026-09-27T20:32:53.1828749Z   ⛔ STATE-CONTRADICTION  notes/_briefs/2026-08-20-210-wave5-layer2-p2-fanout-brief-v1.md:133 asserts W-71 open; the store says state=parked
2026-09-27T20:32:53.1830361Z   ⛔ STATE-CONTRADICTION  notes/_briefs/2026-08-20-210-wave5-layer2-p2-fanout-brief-v1.md:134 asserts W-72 open; the store says state=parked
2026-09-27T20:32:53.1831970Z   ⛔ STATE-CONTRADICTION  notes/_briefs/2026-08-20-210-wave5-layer2-p2-fanout-brief-v1.md:135 asserts W-73 open; the store says state=parked
2026-09-27T20:32:53.1833579Z   ⛔ STATE-CONTRADICTION  notes/_briefs/2026-08-20-210-wave5-layer2-p2-fanout-brief-v1.md:136 asserts W-74 open; the store says state=parked
2026-09-27T20:32:53.1835659Z   ⛔ STATE-CONTRADICTION  notes/_briefs/2026-08-20-210-wave5-layer2-p2-fanout-brief-v1.md:176 asserts W-51 open; the store says state=parked
2026-09-27T20:32:53.1837478Z   ⛔ STATE-CONTRADICTION  notes/_briefs/2026-08-20-210-wave5-layer2-p2-fanout-brief-v1.md:183 asserts W-72 open; the store says state=parked
2026-09-27T20:32:53.1839085Z   ⛔ STATE-CONTRADICTION  notes/_briefs/2026-08-20-210-wave5-layer2-p2-fanout-brief-v1.md:184 asserts W-73 open; the store says state=parked
2026-09-27T20:32:53.1840724Z   ⛔ STATE-CONTRADICTION  notes/_briefs/2026-08-20-210-wave6-layer2-p3-fanout-brief-v1.md:95 asserts W-05 open; the store says state=done
2026-09-27T20:32:53.1842370Z   ⛔ STATE-CONTRADICTION  notes/_briefs/2026-08-20-210-wave6-layer2-p3-fanout-brief-v1.md:96 asserts W-06 open; the store says state=parked
2026-09-27T20:32:53.1843996Z   ⛔ STATE-CONTRADICTION  notes/_briefs/2026-08-20-210-wave6-layer2-p3-fanout-brief-v1.md:97 asserts W-07 open; the store says state=done
2026-09-27T20:32:53.1845787Z   ⛔ STATE-CONTRADICTION  notes/_briefs/2026-08-20-210-wave6-layer2-p3-fanout-brief-v1.md:98 asserts W-08 open; the store says state=done
2026-09-27T20:32:53.1847387Z   ⛔ STATE-CONTRADICTION  notes/_briefs/2026-08-20-210-wave6-layer2-p3-fanout-brief-v1.md:99 asserts W-09 open; the store says state=done
2026-09-27T20:32:53.1848995Z   ⛔ STATE-CONTRADICTION  notes/_briefs/2026-08-20-210-wave6-layer2-p3-fanout-brief-v1.md:103 asserts W-10 open; the store says state=done
2026-09-27T20:32:53.1850638Z   ⛔ STATE-CONTRADICTION  notes/_briefs/2026-08-20-210-wave6-layer2-p3-fanout-brief-v1.md:105 asserts W-12 open; the store says state=dropped
2026-09-27T20:32:53.1852268Z   ⛔ STATE-CONTRADICTION  notes/_briefs/2026-08-20-210-wave6-layer2-p3-fanout-brief-v1.md:107 asserts W-14 open; the store says state=done
2026-09-27T20:32:53.1853868Z   ⛔ STATE-CONTRADICTION  notes/_briefs/2026-08-20-210-wave6-layer2-p3-fanout-brief-v1.md:108 asserts W-15 open; the store says state=done
2026-09-27T20:32:53.1855687Z   ⛔ STATE-CONTRADICTION  notes/_briefs/2026-08-20-210-wave6-layer2-p3-fanout-brief-v1.md:109 asserts W-16 open; the store says state=done
2026-09-27T20:32:53.1857308Z   ⛔ STATE-CONTRADICTION  notes/_briefs/2026-08-20-210-wave6-layer2-p3-fanout-brief-v1.md:114 asserts W-41 open; the store says state=done
2026-09-27T20:32:53.1858917Z   ⛔ STATE-CONTRADICTION  notes/_briefs/2026-08-20-210-wave6-layer2-p3-fanout-brief-v1.md:116 asserts W-43 open; the store says state=done
2026-09-27T20:32:53.1860530Z   ⛔ STATE-CONTRADICTION  notes/_briefs/2026-08-20-210-wave6-layer2-p3-fanout-brief-v1.md:120 asserts W-47 open; the store says state=done
2026-09-27T20:32:53.1862187Z   ⛔ STATE-CONTRADICTION  notes/_briefs/2026-08-20-210-wave6-layer2-p3-fanout-brief-v1.md:124 asserts W-51 open; the store says state=parked
2026-09-27T20:32:53.1863864Z   ⛔ STATE-CONTRADICTION  notes/_briefs/2026-08-20-210-wave6-layer2-p3-fanout-brief-v1.md:127 asserts W-54 open; the store says state=done
2026-09-27T20:32:53.1865693Z   ⛔ STATE-CONTRADICTION  notes/_briefs/2026-08-20-210-wave6-layer2-p3-fanout-brief-v1.md:133 asserts W-62 open; the store says state=parked
2026-09-27T20:32:53.1867365Z   ⛔ STATE-CONTRADICTION  notes/_briefs/2026-08-20-210-wave6-layer2-p3-fanout-brief-v1.md:134 asserts W-63 open; the store says state=parked
2026-09-27T20:32:53.1869061Z   ⛔ STATE-CONTRADICTION  notes/_briefs/2026-08-20-210-wave6-layer2-p3-fanout-brief-v1.md:135 asserts W-64 open; the store says state=done
2026-09-27T20:32:53.1870745Z   ⛔ STATE-CONTRADICTION  notes/_briefs/2026-08-20-210-wave6-layer2-p3-fanout-brief-v1.md:137 asserts W-66 open; the store says state=parked
2026-09-27T20:32:53.1872490Z   ⛔ STATE-CONTRADICTION  notes/_briefs/2026-08-20-210-wave6-layer2-p3-fanout-brief-v1.md:140 asserts W-71 open; the store says state=parked
2026-09-27T20:32:53.1874167Z   ⛔ STATE-CONTRADICTION  notes/_briefs/2026-08-20-210-wave6-layer2-p3-fanout-brief-v1.md:141 asserts W-72 open; the store says state=parked
2026-09-27T20:32:53.1876279Z   ⛔ STATE-CONTRADICTION  notes/_briefs/2026-08-20-210-wave6-layer2-p3-fanout-brief-v1.md:142 asserts W-73 open; the store says state=parked
2026-09-27T20:32:53.1877920Z   ⛔ STATE-CONTRADICTION  notes/_briefs/2026-08-20-210-wave6-layer2-p3-fanout-brief-v1.md:143 asserts W-74 open; the store says state=parked
2026-09-27T20:32:53.1879770Z   ⛔ STATE-CONTRADICTION  notes/_briefs/2026-08-20-210-wave6-layer2-p3-fanout-brief-v1.md:144 asserts W-75 open; the store says state=parked
2026-09-27T20:32:53.1881420Z   ⛔ STATE-CONTRADICTION  notes/_briefs/2026-08-20-210-wave6-layer2-p3-fanout-brief-v1.md:145 asserts W-76 open; the store says state=parked
2026-09-27T20:32:53.1883031Z   ⛔ STATE-CONTRADICTION  notes/_briefs/2026-08-20-210-wave6-layer2-p3-fanout-brief-v1.md:146 asserts W-77 open; the store says state=parked
2026-09-27T20:32:53.1884657Z   ⛔ STATE-CONTRADICTION  notes/_briefs/2026-08-20-210-wave6-layer2-p3-fanout-brief-v1.md:147 asserts W-78 open; the store says state=parked
2026-09-27T20:32:53.1886558Z   ⛔ STATE-CONTRADICTION  notes/_briefs/2026-08-20-210-wave6-layer2-p3-fanout-brief-v1.md:148 asserts W-79 open; the store says state=parked
2026-09-27T20:32:53.1888211Z   ⛔ STATE-CONTRADICTION  notes/_briefs/2026-08-20-210-wave6-layer2-p3-fanout-brief-v1.md:188 asserts W-51 open; the store says state=parked
2026-09-27T20:32:53.1889855Z   ⛔ STATE-CONTRADICTION  notes/_briefs/2026-08-20-210-wave6-layer2-p3-fanout-brief-v1.md:195 asserts W-72 open; the store says state=parked
2026-09-27T20:32:53.1891507Z   ⛔ STATE-CONTRADICTION  notes/_briefs/2026-08-20-210-wave6-layer2-p3-fanout-brief-v1.md:196 asserts W-73 open; the store says state=parked
2026-09-27T20:32:53.1893135Z   ⛔ STATE-CONTRADICTION  notes/_briefs/2026-08-21-211-findings-repair-wave1-v1.md:113 asserts W-05 open; the store says state=done
2026-09-27T20:32:53.1894888Z   ⛔ STATE-CONTRADICTION  notes/_briefs/2026-08-21-211-findings-repair-wave1-v1.md:114 asserts W-06 open; the store says state=parked
2026-09-27T20:32:53.1896510Z   ⛔ STATE-CONTRADICTION  notes/_briefs/2026-08-21-211-findings-repair-wave1-v1.md:115 asserts W-07 open; the store says state=done
2026-09-27T20:32:53.1897525Z   ⛔ STATE-CONTRADICTION  notes/_briefs/2026-08-21-211-findings-repair-wave1-v1.md:116 asserts W-08 open; the store says state=done
2026-09-27T20:32:53.1898459Z   ⛔ STATE-CONTRADICTION  notes/_briefs/2026-08-21-211-findings-repair-wave1-v1.md:117 asserts W-09 open; the store says state=done
2026-09-27T20:32:53.1899351Z   ⛔ STATE-CONTRADICTION  notes/_briefs/2026-08-21-211-findings-repair-wave1-v1.md:121 asserts W-10 open; the store says state=done
2026-09-27T20:32:53.1900262Z   ⛔ STATE-CONTRADICTION  notes/_briefs/2026-08-21-211-findings-repair-wave1-v1.md:123 asserts W-12 open; the store says state=dropped
2026-09-27T20:32:53.1901168Z   ⛔ STATE-CONTRADICTION  notes/_briefs/2026-08-21-211-findings-repair-wave1-v1.md:125 asserts W-14 open; the store says state=done
2026-09-27T20:32:53.1902050Z   ⛔ STATE-CONTRADICTION  notes/_briefs/2026-08-21-211-findings-repair-wave1-v1.md:126 asserts W-15 open; the store says state=done
2026-09-27T20:32:53.1902954Z   ⛔ STATE-CONTRADICTION  notes/_briefs/2026-08-21-211-findings-repair-wave1-v1.md:127 asserts W-16 open; the store says state=done
2026-09-27T20:32:53.1903854Z   ⛔ STATE-CONTRADICTION  notes/_briefs/2026-08-21-211-findings-repair-wave1-v1.md:132 asserts W-41 open; the store says state=done
2026-09-27T20:32:53.1905066Z   ⛔ STATE-CONTRADICTION  notes/_briefs/2026-08-21-211-findings-repair-wave1-v1.md:134 asserts W-43 open; the store says state=done
2026-09-27T20:32:53.1906152Z   ⛔ STATE-CONTRADICTION  notes/_briefs/2026-08-21-211-findings-repair-wave1-v1.md:138 asserts W-47 open; the store says state=done
2026-09-27T20:32:53.1907078Z   ⛔ STATE-CONTRADICTION  notes/_briefs/2026-08-21-211-findings-repair-wave1-v1.md:142 asserts W-51 open; the store says state=parked
2026-09-27T20:32:53.1907989Z   ⛔ STATE-CONTRADICTION  notes/_briefs/2026-08-21-211-findings-repair-wave1-v1.md:145 asserts W-54 open; the store says state=done
2026-09-27T20:32:53.1909125Z   ⛔ STATE-CONTRADICTION  notes/_briefs/2026-08-21-211-findings-repair-wave1-v1.md:151 asserts W-62 open; the store says state=parked
2026-09-27T20:32:53.1910033Z   ⛔ STATE-CONTRADICTION  notes/_briefs/2026-08-21-211-findings-repair-wave1-v1.md:152 asserts W-63 open; the store says state=parked
2026-09-27T20:32:53.1911091Z   ⛔ STATE-CONTRADICTION  notes/_briefs/2026-08-21-211-findings-repair-wave1-v1.md:154 asserts W-66 open; the store says state=parked
2026-09-27T20:32:53.1911993Z   ⛔ STATE-CONTRADICTION  notes/_briefs/2026-08-21-211-findings-repair-wave1-v1.md:157 asserts W-71 open; the store says state=parked
2026-09-27T20:32:53.1912891Z   ⛔ STATE-CONTRADICTION  notes/_briefs/2026-08-21-211-findings-repair-wave1-v1.md:158 asserts W-72 open; the store says state=parked
2026-09-27T20:32:53.1913779Z   ⛔ STATE-CONTRADICTION  notes/_briefs/2026-08-21-211-findings-repair-wave1-v1.md:159 asserts W-73 open; the store says state=parked
2026-09-27T20:32:53.1914908Z   ⛔ STATE-CONTRADICTION  notes/_briefs/2026-08-21-211-findings-repair-wave1-v1.md:160 asserts W-74 open; the store says state=parked
2026-09-27T20:32:53.1915874Z   ⛔ STATE-CONTRADICTION  notes/_briefs/2026-08-21-211-findings-repair-wave1-v1.md:161 asserts W-75 open; the store says state=parked
2026-09-27T20:32:53.1916786Z   ⛔ STATE-CONTRADICTION  notes/_briefs/2026-08-21-211-findings-repair-wave1-v1.md:162 asserts W-76 open; the store says state=parked
2026-09-27T20:32:53.1917684Z   ⛔ STATE-CONTRADICTION  notes/_briefs/2026-08-21-211-findings-repair-wave1-v1.md:163 asserts W-77 open; the store says state=parked
2026-09-27T20:32:53.1918580Z   ⛔ STATE-CONTRADICTION  notes/_briefs/2026-08-21-211-findings-repair-wave1-v1.md:164 asserts W-78 open; the store says state=parked
2026-09-27T20:32:53.1919476Z   ⛔ STATE-CONTRADICTION  notes/_briefs/2026-08-21-211-findings-repair-wave1-v1.md:165 asserts W-79 open; the store says state=parked
2026-09-27T20:32:53.1920366Z   ⛔ STATE-CONTRADICTION  notes/_briefs/2026-08-21-211-findings-repair-wave1-v1.md:166 asserts W-80 open; the store says state=parked
2026-09-27T20:32:53.1921280Z   ⛔ STATE-CONTRADICTION  notes/_briefs/2026-08-21-211-findings-repair-wave1-v1.md:167 asserts W-81 open; the store says state=parked
2026-09-27T20:32:53.1922179Z   ⛔ STATE-CONTRADICTION  notes/_briefs/2026-08-21-211-findings-repair-wave1-v1.md:168 asserts W-82 open; the store says state=parked
2026-09-27T20:32:53.1923072Z   ⛔ STATE-CONTRADICTION  notes/_briefs/2026-08-21-211-findings-repair-wave1-v1.md:169 asserts W-83 open; the store says state=parked
2026-09-27T20:32:53.1923970Z   ⛔ STATE-CONTRADICTION  notes/_briefs/2026-08-21-211-findings-repair-wave1-v1.md:170 asserts W-84 open; the store says state=parked
2026-09-27T20:32:53.1925055Z   ⛔ STATE-CONTRADICTION  notes/_briefs/2026-08-21-211-findings-repair-wave1-v1.md:211 asserts W-51 open; the store says state=parked
2026-09-27T20:32:53.1925957Z   ⛔ STATE-CONTRADICTION  notes/_briefs/2026-08-21-211-findings-repair-wave1-v1.md:217 asserts W-72 open; the store says state=parked
2026-09-27T20:32:53.1926861Z   ⛔ STATE-CONTRADICTION  notes/_briefs/2026-08-21-211-findings-repair-wave1-v1.md:218 asserts W-73 open; the store says state=parked
2026-09-27T20:32:53.1927737Z   ⛔ STATE-CONTRADICTION  notes/_briefs/2026-08-21-212-wrap-brief.md:6 asserts W-95 closed/done; the store says state=open
2026-09-27T20:32:53.1928562Z   ⛔ STATE-CONTRADICTION  notes/_briefs/2026-08-21-212-wrap-brief.md:6 asserts W-97 closed/done; the store says state=open
2026-09-27T20:32:53.1929377Z   ⛔ STATE-CONTRADICTION  notes/_briefs/2026-08-21-212-wrap-brief.md:6 asserts W-99 closed/done; the store says state=open
2026-09-27T20:32:53.1930169Z   ⛔ STATE-CONTRADICTION  notes/_briefs/2026-08-21-212-wrap-brief.md:6 asserts W-98 closed/done; the store says state=open
2026-09-27T20:32:53.1930957Z   ⛔ STATE-CONTRADICTION  notes/_briefs/2026-08-21-212-wrap-brief.md:6 asserts W-96 closed/done; the store says state=open
2026-09-27T20:32:53.1931815Z   ⛔ STATE-CONTRADICTION  notes/_briefs/2026-08-21-213-c1-residual-survey-v1.md:25 asserts W-71 open; the store says state=parked
2026-09-27T20:32:53.1932879Z   ⛔ STATE-CONTRADICTION  notes/_briefs/2026-08-21-213-c1-residual-survey-v1.md:25 asserts W-75 open; the store says state=parked
2026-09-27T20:32:53.1933878Z   ⛔ STATE-CONTRADICTION  notes/_briefs/2026-08-21-213-c1-residual-survey-v1.md:25 asserts W-84 open; the store says state=parked
2026-09-27T20:32:53.1934950Z   ⛔ STATE-CONTRADICTION  notes/_briefs/2026-08-21-213-c1-residual-survey-v1.md:25 asserts W-63 open; the store says state=parked
2026-09-27T20:32:53.1935835Z   ⛔ STATE-CONTRADICTION  notes/_briefs/2026-08-21-213-c1-residual-survey-v1.md:25 asserts W-74 open; the store says state=parked
2026-09-27T20:32:53.1936695Z   ⛔ STATE-CONTRADICTION  notes/_briefs/2026-08-21-213-c1-residual-survey-v1.md:64 asserts W-62 open; the store says state=parked
2026-09-27T20:32:53.1937556Z   ⛔ STATE-CONTRADICTION  notes/_briefs/2026-08-21-213-c1-residual-survey-v1.md:65 asserts W-63 open; the store says state=parked
2026-09-27T20:32:53.1938424Z   ⛔ STATE-CONTRADICTION  notes/_briefs/2026-08-21-213-c1-residual-survey-v1.md:66 asserts W-74 open; the store says state=parked
2026-09-27T20:32:53.1939282Z   ⛔ STATE-CONTRADICTION  notes/_briefs/2026-08-21-213-c1-residual-survey-v1.md:66 asserts W-73 open; the store says state=parked
2026-09-27T20:32:53.1940167Z   ⛔ STATE-CONTRADICTION  notes/_briefs/2026-08-21-213-c1-residual-survey-v1.md:66 asserts W-72 open; the store says state=parked
2026-09-27T20:32:53.1941038Z   ⛔ STATE-CONTRADICTION  notes/_briefs/2026-08-21-213-c1-residual-survey-v1.md:66 asserts W-71 open; the store says state=parked
2026-09-27T20:32:53.1941909Z   ⛔ STATE-CONTRADICTION  notes/_briefs/2026-08-21-213-c1-residual-survey-v1.md:92 asserts W-75 open; the store says state=parked
2026-09-27T20:32:53.1942768Z   ⛔ STATE-CONTRADICTION  notes/_briefs/2026-08-21-213-c1-residual-survey-v1.md:92 asserts W-84 open; the store says state=parked
2026-09-27T20:32:53.1943658Z   ⛔ STATE-CONTRADICTION  notes/_briefs/2026-08-21-213-c1-residual-survey-v1.md:169 asserts W-75 open; the store says state=parked
2026-09-27T20:32:53.1944570Z   ⛔ STATE-CONTRADICTION  notes/_briefs/2026-08-21-213-c1-residual-survey-v1.md:169 asserts W-08 open; the store says state=done
2026-09-27T20:32:53.1945636Z   ⛔ STATE-CONTRADICTION  notes/_briefs/2026-08-21-213-c1-residual-survey-v1.md:169 asserts W-84 open; the store says state=parked
2026-09-27T20:32:53.1946880Z   ⛔ UNROWED-DOC          notes/_briefs/2026-08-22-215-taxonomy-research-v2.md is named by no store row's `home` — the #185 forgotten-document class; the repair is one `_state.add()` row and it is the conductor's, not this probe's
2026-09-27T20:32:53.1948022Z   ⛔ STATE-CONTRADICTION  notes/_briefs/2026-08-26-219-wrap-brief.md:33 asserts W-196 open; the store says state=done
2026-09-27T20:32:53.1948835Z   ⛔ UNKNOWN-RULING       notes/_briefs/2026-08-28-221-wrap-brief.md:6 cites s221-D1 — no such ruling in _rulings.json
2026-09-27T20:32:53.1949619Z   ⛔ UNKNOWN-RULING       notes/_briefs/2026-08-28-221-wrap-brief.md:16 cites s221-D1 — no such ruling in _rulings.json
2026-09-27T20:32:53.1950454Z   ⛔ STATE-CONTRADICTION  notes/_briefs/2026-08-31-228-repair-lane-brief.md:10 asserts W-298 open; the store says state=done
2026-09-27T20:32:53.1951384Z   ⛔ STATE-CONTRADICTION  notes/_briefs/2026-08-31-230-seg-snippets-eye-brief.md:38 asserts W-307 closed/done; the store says state=open
2026-09-27T20:32:53.1952305Z   ⛔ STATE-CONTRADICTION  notes/_briefs/2026-09-01-233-delegated-wrap-brief.md:100 asserts W-308 open; the store says state=done
2026-09-27T20:32:53.1953217Z   ⛔ UNKNOWN-RULING       notes/_briefs/2026-09-02-234-quality-bar-research-brief.md:15 cites s63-D1 — no such ruling in _rulings.json
2026-09-27T20:32:53.1954184Z   ⛔ STATE-CONTRADICTION  notes/_briefs/2026-09-02-235-delegated-wrap-brief.md:14 asserts W-340 closed/done; the store says state=open
2026-09-27T20:32:53.1955302Z   ⛔ STATE-CONTRADICTION  notes/_briefs/2026-09-02-235-delegated-wrap-brief.md:14 asserts W-342 closed/done; the store says state=open
2026-09-27T20:32:53.1956486Z   ⛔ STATE-CONTRADICTION  notes/_briefs/2026-09-02-236-delegated-wrap-brief.md:27 asserts W-340 closed/done; the store says state=open
2026-09-27T20:32:53.1957414Z   ⛔ STATE-CONTRADICTION  notes/_briefs/2026-09-02-236-delegated-wrap-brief.md:27 asserts W-342 closed/done; the store says state=open
2026-09-27T20:32:53.1958427Z   ⛔ STATE-CONTRADICTION  notes/_briefs/2026-09-02-236-delegated-wrap-brief.md:31 asserts W-347 open; the store says state=done
2026-09-27T20:32:53.1959322Z   ⛔ STATE-CONTRADICTION  notes/_briefs/2026-09-02-236-delegated-wrap-brief.md:31 asserts W-343 open; the store says state=done
2026-09-27T20:32:53.1960197Z   ⛔ STATE-CONTRADICTION  notes/_briefs/2026-09-02-236-delegated-wrap-brief.md:31 asserts W-344 open; the store says state=done
2026-09-27T20:32:53.1961052Z   ⛔ STATE-CONTRADICTION  notes/_briefs/2026-09-02-236-delegated-wrap-brief.md:31 asserts W-348 open; the store says state=done
2026-09-27T20:32:53.1961939Z   ⛔ STATE-CONTRADICTION  notes/_briefs/2026-09-02-236-delegated-wrap-brief.md:31 asserts W-349 open; the store says state=parked
2026-09-27T20:32:53.1962851Z   ⛔ STATE-CONTRADICTION  notes/_briefs/2026-09-02-240-delegated-wrap-brief.md:11 asserts W-384 closed/done; the store says state=open
2026-09-27T20:32:53.1963766Z   ⛔ STATE-CONTRADICTION  notes/_briefs/2026-09-03-242-delegated-wrap-brief.md:16 asserts W-374 closed/done; the store says state=open
2026-09-27T20:32:53.1964657Z P-4 premise-vs-store diff: 206 doc(s) over ['notes/_briefs/*.md'] vs 925 store item(s) / 695 ruling(s) · 186 finding(s)
2026-09-27T20:32:54.4709637Z PROBE P-4 — findings=186
2026-09-27T20:32:54.4710703Z --- rc=1 findings=186 · /home/runner/work/UX-design/UX-design/knowledge/_probe_registry/probe_premise_store.py --check
2026-09-27T20:32:54.4711402Z 
2026-09-27T20:32:54.4711609Z === P-5 · stale-figure grep [sandbox]
2026-09-27T20:32:54.4712015Z   live R1 snippets               = 137
2026-09-27T20:32:54.4712401Z   live R2 component metas        = 138
2026-09-27T20:32:54.4712825Z   live R3 showroom pages         = 138
2026-09-27T20:32:54.4713210Z   live R4 type-composite debt    = 1089
2026-09-27T20:32:54.4713601Z   live R5 open store items       = 494
2026-09-27T20:32:54.4715129Z P-5 stale-figure grep: 4 living doc(s) over ['knowledge/_LIVE-STATE.md', 'GOOD-MORNING.md', 'AGENTS.md', 'README.md', 'knowledge/README.md'] · 5 rule(s) live · 0 REFUSED · 0 finding(s)
2026-09-27T20:32:54.4716183Z PROBE P-5 — findings=0
2026-09-27T20:32:54.4716970Z --- rc=0 findings=0 · /home/runner/work/UX-design/UX-design/knowledge/_probe_registry/probe_stale_figure.py --check
2026-09-27T20:32:54.4717588Z 
2026-09-27T20:32:54.4717891Z === P-6 · input leading-trim enactment CANARY [sandbox-render]
2026-09-27T20:32:54.4719394Z COULD-NOT-ASK: P-6 text-box-trim enactment canary — NOT-IN-THIS-ENVIRONMENT: playwright is not importable. Stage it per knowledge/_RUNBOOK-render-verify.md (PYTHONPATH=/var/tmp/pylibs-<n>). REFUSED — not a pass.
2026-09-27T20:32:54.4721536Z PROBE P-6 — findings=UNKNOWN (environment refused, exit 77)
2026-09-27T20:32:54.4722726Z --- rc=77 findings=UNKNOWN · /home/runner/work/UX-design/UX-design/knowledge/_probe_registry/probe_input_trim_enactment.py --check
2026-09-27T20:32:54.4723518Z 
2026-09-27T20:32:54.4723765Z === P-7 · container self-query scan [sandbox]
2026-09-27T20:32:54.4724586Z   OK  knowledge/snippets/Action-bar.reference.html         containers=1  @container-targets=5   FAIL=0 WARN=0
2026-09-27T20:32:54.4725861Z   OK  knowledge/snippets/App-shell-doormat.reference.html  containers=2  @container-targets=10  FAIL=0 WARN=0
2026-09-27T20:32:54.4727040Z   OK  knowledge/snippets/App-shell-focused.reference.html  containers=1  @container-targets=12  FAIL=0 WARN=0
2026-09-27T20:32:54.4728269Z   OK  ledge/snippets/App-shell-multi-column.reference.html containers=1  @container-targets=8   FAIL=0 WARN=0
2026-09-27T20:32:54.4729514Z   OK  knowledge/snippets/App-shell-nav-rail.reference.html containers=1  @container-targets=20  FAIL=0 WARN=0
2026-09-27T20:32:54.4730751Z   OK  knowledge/snippets/App-shell-side-nav.reference.html containers=1  @container-targets=18  FAIL=0 WARN=0
2026-09-27T20:32:54.4731944Z   OK  knowledge/snippets/App-shell-split.reference.html    containers=1  @container-targets=19  FAIL=0 WARN=0
2026-09-27T20:32:54.4733165Z   OK  knowledge/snippets/App-shell-top-nav.reference.html  containers=1  @container-targets=18  FAIL=0 WARN=0
2026-09-27T20:32:54.4734442Z   OK  knowledge/snippets/Banner.reference.html             containers=1  @container-targets=2   FAIL=0 WARN=0
2026-09-27T20:32:54.4735683Z   OK  knowledge/snippets/Button.reference.html             containers=1  @container-targets=4   FAIL=0 WARN=0
2026-09-27T20:32:54.4736810Z   OK  knowledge/snippets/CTA-lockup.reference.html         containers=1  @container-targets=4   FAIL=0 WARN=0
2026-09-27T20:32:54.4737851Z   OK  knowledge/snippets/Card-header-lockup.reference.html containers=1  @container-targets=2   FAIL=0 WARN=0
2026-09-27T20:32:54.4738948Z   OK  knowledge/snippets/Cards.reference.html              containers=1  @container-targets=2   FAIL=0 WARN=0
2026-09-27T20:32:54.4740007Z   OK  knowledge/snippets/Cascader.reference.html           containers=1  @container-targets=4   FAIL=0 WARN=0
2026-09-27T20:32:54.4741086Z   OK  knowledge/snippets/Document-row.reference.html       containers=1  @container-targets=2   FAIL=0 WARN=0
2026-09-27T20:32:54.4742215Z   OK  nowledge/snippets/Feature-grid-lockup.reference.html containers=2  @container-targets=3   FAIL=0 WARN=0
2026-09-27T20:32:54.4743338Z   OK  knowledge/snippets/Filter-toolbar-bar.reference.html containers=2  @container-targets=14  FAIL=0 WARN=0
2026-09-27T20:32:54.4744502Z   OK  wledge/snippets/Footer-doormat-lockup.reference.html containers=2  @container-targets=3   FAIL=0 WARN=0
2026-09-27T20:32:54.4745816Z   OK  knowledge/snippets/Footer.reference.html             containers=1  @container-targets=6   FAIL=0 WARN=0
2026-09-27T20:32:54.4746932Z   OK  knowledge/snippets/Hero-variants.reference.html      containers=1  @container-targets=2   FAIL=0 WARN=0
2026-09-27T20:32:54.4748083Z   OK  knowledge/snippets/Layout-utilities.reference.html   containers=1  @container-targets=1   FAIL=0 WARN=0
2026-09-27T20:32:54.4749226Z   OK  knowledge/snippets/Links.reference.html              containers=1  @container-targets=2   FAIL=0 WARN=0
2026-09-27T20:32:54.4750349Z   OK  knowledge/snippets/List-items.reference.html         containers=1  @container-targets=0   FAIL=0 WARN=0
2026-09-27T20:32:54.4751442Z   OK  knowledge/snippets/Notifications.reference.html      containers=1  @container-targets=2   FAIL=0 WARN=0
2026-09-27T20:32:54.4752600Z   OK  knowledge/snippets/Page-header-lockup.reference.html containers=1  @container-targets=2   FAIL=0 WARN=0
2026-09-27T20:32:54.4753773Z   OK  knowledge/snippets/Progress-tracker.reference.html   containers=1  @container-targets=4   FAIL=0 WARN=0
2026-09-27T20:32:54.4755136Z   OK  knowledge/snippets/Selection-controls.reference.html containers=1  @container-targets=4   FAIL=0 WARN=0
2026-09-27T20:32:54.4756616Z   OK  e/snippets/Standing-order-mandate-row.reference.html containers=1  @container-targets=4   FAIL=0 WARN=0
2026-09-27T20:32:54.4757795Z   OK  knowledge/snippets/Status-indicator.reference.html   containers=1  @container-targets=2   FAIL=0 WARN=0
2026-09-27T20:32:54.4758868Z   OK  knowledge/snippets/Stepper.reference.html            containers=1  @container-targets=4   FAIL=0 WARN=0
2026-09-27T20:32:54.4759922Z   OK  knowledge/snippets/Table.reference.html              containers=1  @container-targets=20  FAIL=0 WARN=0
2026-09-27T20:32:54.4760978Z   OK  knowledge/snippets/Tags.reference.html               containers=1  @container-targets=2   FAIL=0 WARN=0
2026-09-27T20:32:54.4762063Z   OK  knowledge/snippets/Template-auth.reference.html      containers=1  @container-targets=4   FAIL=0 WARN=0
2026-09-27T20:32:54.4763195Z   OK  wledge/snippets/Template-confirmation.reference.html containers=1  @container-targets=1   FAIL=0 WARN=0
2026-09-27T20:32:54.4764388Z   OK  owledge/snippets/Template-create-edit.reference.html containers=1  @container-targets=7   FAIL=0 WARN=0
2026-09-27T20:32:54.4765747Z   OK  dge/snippets/Template-dashboard-bento.reference.html containers=2  @container-targets=10  FAIL=0 WARN=0
2026-09-27T20:32:54.4766937Z   OK  knowledge/snippets/Template-dashboard.reference.html containers=1  @container-targets=1   FAIL=0 WARN=0
2026-09-27T20:32:54.4768152Z   OK  knowledge/snippets/Template-detail.reference.html    containers=2  @container-targets=6   FAIL=0 WARN=0
2026-09-27T20:32:54.4769294Z   OK  knowledge/snippets/Template-empty.reference.html     containers=1  @container-targets=1   FAIL=0 WARN=0
2026-09-27T20:32:54.4770288Z   OK  knowledge/snippets/Template-error.reference.html     containers=1  @container-targets=1   FAIL=0 WARN=0
2026-09-27T20:32:54.4771297Z   OK  nowledge/snippets/Template-list-index.reference.html containers=1  @container-targets=3   FAIL=0 WARN=0
2026-09-27T20:32:54.4772316Z   OK  knowledge/snippets/Template-report.reference.html    containers=1  @container-targets=1   FAIL=0 WARN=0
2026-09-27T20:32:54.4773399Z   OK  knowledge/snippets/Template-settings.reference.html  containers=2  @container-targets=3   FAIL=0 WARN=0
2026-09-27T20:32:54.4774439Z   OK  knowledge/snippets/Template-wizard.reference.html    containers=1  @container-targets=11  FAIL=0 WARN=0
2026-09-27T20:32:54.4775629Z   OK  knowledge/snippets/Timeline.reference.html           containers=1  @container-targets=0   FAIL=0 WARN=0
2026-09-27T20:32:54.4776634Z   OK  knowledge/snippets/Transaction-row.reference.html    containers=1  @container-targets=6   FAIL=0 WARN=0
2026-09-27T20:32:54.4777710Z   OK  knowledge/snippets/Transfer-list.reference.html      containers=1  @container-targets=2   FAIL=0 WARN=0
2026-09-27T20:32:54.4779131Z P-7 container self-query scan: 137 file(s) over ['knowledge/snippets/*.reference.html'] · 0 finding(s) · 0 WARN-tier
2026-09-27T20:32:54.4780004Z PROBE P-7 — findings=0
2026-09-27T20:32:54.4780917Z --- rc=0 findings=0 · /home/runner/work/UX-design/UX-design/knowledge/_probe_registry/probe_container_self_query.py --check
2026-09-27T20:32:54.4781685Z 
2026-09-27T20:32:54.4781979Z === P-8 · dangling-var TEXT scan (no browser) [sandbox]
2026-09-27T20:32:54.4783041Z P-8 dangling-var TEXT scan: 137 file(s) over ['knowledge/snippets/*.reference.html'] · 0 finding(s) in 0 file(s) · by kind {}
2026-09-27T20:32:54.4783867Z PROBE P-8 — findings=0
2026-09-27T20:32:54.4784470Z --- rc=0 findings=0 · /home/runner/work/UX-design/UX-design/knowledge/_probe_registry/probe_dangling_var_text.py --check
2026-09-27T20:32:54.4785154Z 
2026-09-27T20:32:54.4785292Z ==============================================================================
2026-09-27T20:32:54.4785613Z REGISTRY RUN SUMMARY (8 probe(s))
2026-09-27T20:32:54.4785888Z id     env             rc    findings  class
2026-09-27T20:32:54.4786233Z P-1    sandbox         0     0         meta vs meta.schema.json drift
2026-09-27T20:32:54.4786660Z P-2    sandbox         0     0         duplicate id + unresolved IDREF in review pages
2026-09-27T20:32:54.4787336Z P-3    sandbox-render  77    REFUSED   dangling var renders silent black (dataviz)
2026-09-27T20:32:54.4787825Z P-4    sandbox         1     186       premise vs store disagreement (stale carried state)
2026-09-27T20:32:54.4788290Z P-5    sandbox         0     0         stale carried figure vs live measurement
2026-09-27T20:32:54.4788940Z P-6    sandbox-render  77    REFUSED   browser begins ENACTING text-box-trim inside form controls (library-wide field shift, no commit)
2026-09-27T20:32:54.4789646Z P-7    sandbox         0     0         @container rule aimed at its own container (the rule can never fire)
2026-09-27T20:32:54.4790379Z P-8    sandbox         0     0         dangling var(--x) — the property is declared nowhere reachable in the file (TEXT tier)
2026-09-27T20:32:54.4791015Z ⚠ 1 probe(s) reported findings, an UNKNOWN count, or a non-zero rc.
2026-09-27T20:32:54.4791286Z 
2026-09-27T20:32:54.4791603Z ⛔ COULD-NOT-ASK (2) — these probes did NOT run, and this run says NOTHING about their class.
2026-09-27T20:32:54.4792165Z    They do not fail this run; they also do not pass. Each line is the probe's OWN reason:
2026-09-27T20:32:54.4792605Z    [P-3] dangling var renders silent black (dataviz)
2026-09-27T20:32:54.4793743Z        COULD-NOT-ASK: P-3 dangling-var PIXEL test — NOT-IN-THIS-ENVIRONMENT: playwright is not importable. Stage it per knowledge/_RUNBOOK-render-verify.md (PYTHONPATH=/var/tmp/pylibs). REFUSED — not a pass.
2026-09-27T20:32:54.4794927Z    [P-6] browser begins ENACTING text-box-trim inside form controls (library-wide field shift, no commit)
2026-09-27T20:32:54.4796102Z        COULD-NOT-ASK: P-6 text-box-trim enactment canary — NOT-IN-THIS-ENVIRONMENT: playwright is not importable. Stage it per knowledge/_RUNBOOK-render-verify.md (PYTHONPATH=/var/tmp/pylibs-<n>). REFUSED — not a pass.
2026-09-27T20:32:54.4797524Z ⛔ A green registry run proves THE PROBES RAN, not that the tree is clean. Each probe's `blind` field says what it cannot see; the verifier brief keeps free hunting mandatory for exactly that reason.
2026-09-27T20:33:26.3016205Z evidence linter: 336 row(s) from 10 file(s) · 297 mechanical
2026-09-27T20:33:26.3018376Z   ⛔ L1-1 — DEAD POINTER: evidence names `tokens/_blast-radius.json`, which does not exist on disk — a dead pointer reads as evidence. If the ABSENCE is the claim, write `absent:tokens/_blast-radius.json`; if the file lives outside the repo, use the ruled s191-D2 marker `(NON-REPO: <where>)`
2026-09-27T20:33:26.3020984Z   ⛔ L1-4 — s182-D1: MECHANICAL row (tag=PROVEN verdict=None) carries NO probeable token — no command, no existing path, no figure. Evidence: "The verbatim gate line in L1-3. ⛔ Do not quote the brief's numbers"
2026-09-27T20:33:26.3023450Z   ⛔ L1-1 — DEAD POINTER: evidence names `tokens/_blast-radius.json`, which does not exist on disk — a dead pointer reads as evidence. If the ABSENCE is the claim, write `absent:tokens/_blast-radius.json`; if the file lives outside the repo, use the ruled s191-D2 marker `(NON-REPO: <where>)`
2026-09-27T20:33:26.3026293Z   ⛔ C-2 — s182-D1: MECHANICAL row (tag=None verdict=CONFIRMED) carries NO probeable token — no command, no existing path, no figure. Evidence: 'The claim table only counted `PROPOSED` in the snippets. The brief (step 3) requires it in'
2026-09-27T20:33:26.3028988Z   ⛔ H-5 — s182-D1: MECHANICAL row (tag=None verdict=CONFIRMED) carries NO probeable token — no command, no existing path, no figure. Evidence: 'C-6 + L1-10: the six are absent from canon, the generators exist, the reconciliation is av'
2026-09-27T20:33:26.3031829Z   ⛔ W2-13 — DEAD POINTER (truncated): evidence names `notes/x.md…`, and NO path on disk starts with it — the trailing ellipsis does not make a dead pointer legal (#208 laundering hole). Write the full path, or `absent:notes/x.md` if the ABSENCE is the claim, or add the ruled `(NON-REPO: <where>)` marker
2026-09-27T20:33:26.3033649Z ── s182-D1 LINT: 6 failure(s)
2026-09-27T20:33:26.3035645Z ── SAMPLER · seed=205 · pool=230 row(s) with a command · 15 with a declared observation (always drawn) · drawn=20: G-c, W1-5, W2-3, W2-3, W46-11, WIRE-10, WIRE-11, WIRE-13, WIRE-14, WIRE-15, WIRE-18, WIRE-19, WIRE-20, WIRE-21, WIRE-3, WIRE-4, WIRE-5, WIRE-6, WIRE-8, WIRE-9
2026-09-27T20:33:26.3038174Z   ⛔ REFUSED [UNSAFE] G-c — `python3 -c "import _gate_doc_rows as g; g.unrowed(store, pop + [('2026-08-19','notes/_briefs/2026-08`
2026-09-27T20:33:26.3039320Z       `python3 -c` runs arbitrary code — cannot be judged read-only
2026-09-27T20:33:26.3040334Z   ⛔ REFUSED [DOES-NOT-TERMINATE] W1-5 — `python3 knowledge/_capture_gate.py --selftest` did not exit within 30s
2026-09-27T20:33:26.3041250Z   ⛔ REFUSED [SIDE-EFFECTS] W2-3 — `python3 knowledge/_state.py`
2026-09-27T20:33:26.3042324Z       a bare `python3` REWRITES its tracked audit output; #204 declared this exact stop. Only --check/--selftest/--dry-run forms are sampled
2026-09-27T20:33:26.3043429Z   ⛔ REFUSED [SIDE-EFFECTS] W2-3 — `python3 knowledge/_state.py`
2026-09-27T20:33:26.3044363Z       a bare `python3` REWRITES its tracked audit output; #204 declared this exact stop. Only --check/--selftest/--dry-run forms are sampled
2026-09-27T20:33:26.3045959Z   ⛔ REFUSED [SIDE-EFFECTS] W46-11 — `python3 knowledge/_memento_search.py "brief generator mint open items fences"`
2026-09-27T20:33:26.3047203Z       a bare `python3` REWRITES its tracked audit output; #204 declared this exact stop. Only --check/--selftest/--dry-run forms are sampled
2026-09-27T20:33:26.3048548Z   ⛔ REFUSED [UNSAFE] WIRE-10 — `bash knowledge/_git_commit.sh --selftest`
2026-09-27T20:33:26.3049173Z       head verb 'bash' is not on the read-only allowlist
2026-09-27T20:33:26.3050094Z   ✅ RAN WIRE-11 — `grep -c 'pat.match(s)' knowledge/_git_commit.sh` → rc=0 (matches declared + OBSERVATION)
2026-09-27T20:33:26.3051201Z   ✅ RAN WIRE-13 — `grep -c PREFIX_ACK knowledge/_git_commit.sh` → rc=0 (matches declared + OBSERVATION)
2026-09-27T20:33:26.3052207Z   ⛔ OBSERVATION MISMATCH WIRE-14 — `python3 knowledge/_build_all.py --selftest`
2026-09-27T20:33:26.3054184Z       stdout does NOT contain 'exact-ID failure routing over 127 steps' (declared expect_stdout_contains). First 120 chars of stdout: '  selftest (a): 154 registered step ID(s), each resolves to exactly one route ✓\n  selftest (b): unknown step ID refuses,'
2026-09-27T20:33:26.3056545Z   ✅ RAN WIRE-15 — `python3 knowledge/_probe_registry/_registry.py --run --probe P-3` → rc=77 (matches declared + OBSERVATION)
2026-09-27T20:33:26.3057850Z   ⛔ REFUSED [SIDE-EFFECTS] WIRE-18 — `python3 knowledge/_validate_evidence.py notes/_claims`
2026-09-27T20:33:26.3058963Z       a bare `python3` REWRITES its tracked audit output; #204 declared this exact stop. Only --check/--selftest/--dry-run forms are sampled
2026-09-27T20:33:26.3060541Z   ⛔ REFUSED [SIDE-EFFECTS] WIRE-19 — `python3 knowledge/_join_claim_tables.py notes/_claims/208-wave1-claims.jsonl notes/_claims/208-wave2`
2026-09-27T20:33:26.3061944Z       a bare `python3` REWRITES its tracked audit output; #204 declared this exact stop. Only --check/--selftest/--dry-run forms are sampled
2026-09-27T20:33:26.3063189Z   ⛔ RC MISMATCH WIRE-20 — `python3 knowledge/_governs.py --selftest` → rc=77, row declares rc=0
2026-09-27T20:33:26.3064287Z   ⛔ OBSERVATION MISMATCH WIRE-21 — `grep -c 'fetch-depth: 0' .github/workflows/gates.yml`
2026-09-27T20:33:26.3065174Z       expect_count=3 declared, command observed 4
2026-09-27T20:33:26.3066230Z   ✅ RAN WIRE-3 — `grep -c expect_stdout_contains knowledge/_claimtable.py` → rc=0 (matches declared + OBSERVATION)
2026-09-27T20:33:26.3067485Z   ✅ RAN WIRE-4 — `python3 knowledge/_validate_evidence.py --selftest` → rc=0 (matches declared + OBSERVATION)
2026-09-27T20:33:26.3068674Z   ✅ RAN WIRE-5 — `python3 knowledge/_validate_evidence.py --selftest` → rc=0 (matches declared + OBSERVATION)
2026-09-27T20:33:26.3069868Z   ✅ RAN WIRE-6 — `python3 knowledge/_validate_evidence.py --selftest` → rc=0 (matches declared + OBSERVATION)
2026-09-27T20:33:26.3071098Z   ✅ RAN WIRE-8 — `python3 knowledge/_validate_evidence.py --selftest` → rc=0 (matches declared + OBSERVATION)
2026-09-27T20:33:26.3072779Z   ⛔ REFUSED [SIDE-EFFECTS] WIRE-9 — `python3 knowledge/_validate_evidence.py notes/_claims/208-wave1-claims.jsonl notes/_claims/208-wave2`
2026-09-27T20:33:26.3074209Z       a bare `python3` REWRITES its tracked audit output; #204 declared this exact stop. Only --check/--selftest/--dry-run forms are sampled
2026-09-27T20:33:26.3075851Z ── DECLARED GAP: 9 of 20 sampled row(s) were NOT run. Refusal is the honest answer; none of them is counted as a pass.
2026-09-27T20:33:26.3076857Z ⛔ EVIDENCE GATE FAIL — 6 lint · 0 unparsed · 3 rc/observation mismatch
2026-09-27T20:33:27.5534227Z _governs: ⬛ DECLARED (#208) — ruling s202-D3 governs the BARE token `knowledge`, which is a real DIRECTORY. Before #208 it matched every path carrying a `knowledge` segment (the too-loose arm, and the reason the negative control and [13] were red); it now governs NOTHING. REACH LOST HERE. Remedy: name the files/symbols it really governs, via `_inscribe_ruling.py` — the only legal writer of _rulings.json. ⛔ That scope is Dave's call, not this gate's.
2026-09-27T20:33:27.5538157Z _governs: ⬛ DECLARED (#208) — ruling s217-D5 governs the BARE token `showroom`, which is a real DIRECTORY. Before #208 it matched every path carrying a `showroom` segment (the too-loose arm, and the reason the negative control and [13] were red); it now governs NOTHING. REACH LOST HERE. Remedy: name the files/symbols it really governs, via `_inscribe_ruling.py` — the only legal writer of _rulings.json. ⛔ That scope is Dave's call, not this gate's.
2026-09-27T20:33:27.5541182Z _governs: ⬛ DECLARED (#208) — ruling s237-D9 governs the BARE token `apollo-spider`, which is a real DIRECTORY. Before #208 it matched every path carrying a `apollo-spider` segment (the too-loose arm, and the reason the negative control and [13] were red); it now governs NOTHING. REACH LOST HERE. Remedy: name the files/symbols it really governs, via `_inscribe_ruling.py` — the only legal writer of _rulings.json. ⛔ That scope is Dave's call, not this gate's.
2026-09-27T20:33:27.5544129Z _governs: ⬛ DECLARED (#208) — ruling s238-D5 governs the BARE token `apollo-spider`, which is a real DIRECTORY. Before #208 it matched every path carrying a `apollo-spider` segment (the too-loose arm, and the reason the negative control and [13] were red); it now governs NOTHING. REACH LOST HERE. Remedy: name the files/symbols it really governs, via `_inscribe_ruling.py` — the only legal writer of _rulings.json. ⛔ That scope is Dave's call, not this gate's.
2026-09-27T20:33:27.5556638Z _governs: ⬛ DECLARED (#208) — 89 `governs` entr(ies) name a DIRECTORY with a path separator; they governed no file BEFORE #208 and govern none after (unchanged, pre-existing under-specification, not a #208 narrowing): dv-2px-separation→knowledge/snippets, opacity-primitives→knowledge/canon, opacity-primitives→knowledge/snippets, showroom-one-bar-chrome→knowledge/snippets/, showroom-one-bar-chrome→showroom/, snippets-pure-canon→knowledge/snippets/, opacity-primitives-4pct→knowledge/, ds-028→knowledge/snippets/, ds-030→knowledge/snippets/, ds-034→knowledge/snippets/, ds-035→knowledge/tokens/themes/, s114-D4→designer-skills-v1/, s114-D4→designer-skills-v2/, s114-D7→memento-package/, s135-D3→knowledge/components/, s193-D1→memento-package/, s198-D1→knowledge/tokens, s198-D2→knowledge/tokens, s199-D1→knowledge/tokens, s199-D2→knowledge/tokens, s199-D3→knowledge/tokens, s200-D1→knowledge/tokens, s200-D2→knowledge/tokens, s200-D3→knowledge/tokens, s200-D4→knowledge/tokens, s201-D1→knowledge/tokens, s201-D2→knowledge/tokens, s201-D3→knowledge/tokens, s201-D4→knowledge/tokens, s201-D5→knowledge/tokens, s202-D1→knowledge/tokens, s202-D2→knowledge/tokens, s216-D1→knowledge/tokens/themes, s217-D2→knowledge/canon, s217-D2→knowledge/tokens/themes, s217-D3→knowledge/canon, s217-D5→knowledge/canon, s219-D4→designer-skills-v1/, s219-D4→designer-skills-v2/, s219-D4→memento-package/, s219-D5→knowledge/_release/, s219-D6→knowledge/_release/, s219-D7→knowledge/_release/, s219-D7→memento-package/, s219-D8→knowledge/_release/, s219-D9→knowledge/_release/, s219-D9→apollo-spider/, s219-D10→knowledge/_release/, s219-D10→apollo-spider/, s237-D7→notes/_briefs, s245-D1→knowledge/components/, s245-D3→knowledge/components/, s245-D4→knowledge/components/, s245-D5→knowledge/components/, s245-D10→knowledge/tokens, s251-D3→knowledge/components/, s251-D4→knowledge/components/, s251-D5→knowledge/components/, s251-D6→knowledge/components/, s251-D7→knowledge/components/, s251-D8→knowledge/components/, s251-D9→knowledge/components/, s251-D10→knowledge/components/, s251-D11→knowledge/components/, s251-D12→knowledge/components/, s260-D3→knowledge/_tests/chart-engine/, s261-D1→knowledge/snippets/, s261-D1→apollo-spider/, s261-D8→showroom/, s261-D8→reviews/, s268-D1→apollo-spider/dist/, s268-D2→apollo-spider/dist/, s268-D3→apollo-spider/dist/, s268-D4→apollo-spider/dist/, s268-D6→knowledge/components/, s273-D1→knowledge/components, s273-D2→knowledge/components, s276-D1→knowledge/compliance/rules, s276-D2→knowledge/compliance/rules, s277-D4→knowledge/assets/logos/, s277-D5→knowledge/components/, s277-D7→knowledge/assets/logos/, s277-D9→knowledge/guidelines/, s277-D10→designer-skills-v2/, s277-D12→knowledge/tokens/, s278-D1→designer-skills-v2/, s279-D1→designer-skills-v2/, s279-D1→knowledge/_release/, s282-D4→knowledge/assets/logos/
2026-09-27T20:33:27.5567349Z _governs: COULD-NOT-ASK — ruling ds-034's evidence `outputs/_FINDING-canon-pri-hover-brand-mono-fork-2026-08-06-v1.md` is excluded by this repo's own .gitignore — no checkout can hold it, so whether it has rotted is UNASKABLE here; the machine that wrote it is where that question has an answer
2026-09-27T20:33:27.5569311Z _governs: COULD-NOT-ASK — ruling ds-034's evidence `outputs/_PARTITION-button-primary-2026-08-06-v1.md` is excluded by this repo's own .gitignore — no checkout can hold it, so whether it has rotted is UNASKABLE here; the machine that wrote it is where that question has an answer
2026-09-27T20:33:27.5571223Z _governs: COULD-NOT-ASK — ruling ds-035's evidence `outputs/_FINDING-canon-pri-hover-brand-mono-fork-2026-08-06-v1.md` is excluded by this repo's own .gitignore — no checkout can hold it, so whether it has rotted is UNASKABLE here; the machine that wrote it is where that question has an answer
2026-09-27T20:33:27.5572567Z _governs: SKIPPED anchor on superseded ruling s129-D1 (superseded_by s171-D1): `knowledge/_gauge_tokens.py#BOOT_FIRSTTURN_TK = 54_859`
2026-09-27T20:33:27.5573431Z _governs: SKIPPED anchor on superseded ruling s129-D1 (superseded_by s171-D1): `knowledge/_gauge_tokens.py#RE-BASED #129, 2026-08-08`
2026-09-27T20:33:27.5574289Z _governs: SKIPPED anchor on superseded ruling s129-D1 (superseded_by s171-D1): `knowledge/_capture_gate.py#if "boot" not in ln.lower():`
2026-09-27T20:33:27.5575284Z _governs: SKIPPED anchor on superseded ruling s129-D1 (superseded_by s171-D1): `notes/_GAUGE-LOG.md##### 2026-08-08 #129`
2026-09-27T20:33:27.5576110Z _governs: SKIPPED anchor on superseded ruling s129-D1 (superseded_by s171-D1): `notes/_MEMENTO-DECISIONS.md#THE BOOT FLOOR IS RE-BASED: 75,899`
2026-09-27T20:33:27.5577581Z _governs: COULD-NOT-ASK — ruling s245-D6's evidence `knowledge/_tmp/l3-245/rename-plan.json` is excluded by this repo's own .gitignore — no checkout can hold it, so whether it has rotted is UNASKABLE here; the machine that wrote it is where that question has an answer
2026-09-27T20:33:27.5578640Z   _governs.py selftest: all bites green (4 pointer(s) UNASKABLE in this checkout)
2026-09-27T20:33:27.5583047Z COULD-NOT-ASK: _governs.py --selftest — 4 evidence pointer(s) name paths this checkout cannot hold: ruling ds-034's evidence `outputs/_FINDING-canon-pri-hover-brand-mono-fork-2026-08-06-v1.md` is excluded by this repo's own .gitignore — no checkout can hold it, so whether it has rotted is UNASKABLE here; the machine that wrote it is where that question has an answer · ruling ds-034's evidence `outputs/_PARTITION-button-primary-2026-08-06-v1.md` is excluded by this repo's own .gitignore — no checkout can hold it, so whether it has rotted is UNASKABLE here; the machine that wrote it is where that question has an answer · ruling ds-035's evidence `outputs/_FINDING-canon-pri-hover-brand-mono-fork-2026-08-06-v1.md` is excluded by this repo's own .gitignore — no checkout can hold it, so whether it has rotted is UNASKABLE here; the machine that wrote it is where that question has an answer · ruling s245-D6's evidence `knowledge/_tmp/l3-245/rename-plan.json` is excluded by this repo's own .gitignore — no checkout can hold it, so whether it has rotted is UNASKABLE here; the machine that wrote it is where that question has an answer
2026-09-27T20:33:27.5601821Z 
2026-09-27T20:33:27.5601830Z 
2026-09-27T20:33:27.5602585Z === [75/154] type-composites ratchet — tier (b), debt 1101 shrink-only (Dave #119) — _validate_type_composites.py ===
2026-09-27T20:33:27.5603244Z 
2026-09-27T20:33:27.5603619Z === [76/154] type-composites selftest — _validate_type_composites.py ===
2026-09-27T20:33:27.5604078Z 
2026-09-27T20:33:27.5604346Z === [77/154] coverage gate — _validate_coverage.py ===
2026-09-27T20:33:27.5604632Z 
2026-09-27T20:33:27.5605220Z === [78/154] pro-forma universal gate — _validate_proforma.py ===
2026-09-27T20:33:27.5605599Z 
2026-09-27T20:33:27.5606069Z === [79/154] pro-forma CSS-governed motion gate (DEF-003) — _validate_css_governed.py ===
2026-09-27T20:33:27.5606580Z 
2026-09-27T20:33:27.5607032Z === [80/154] pro-forma no-hardcode styling gate (DEF-004) — _validate_no_hardcode.py ===
2026-09-27T20:33:27.5607747Z 
2026-09-27T20:33:27.5607965Z === [81/154] 4px-grid gate (DEF-005) — _validate_grid.py ===
2026-09-27T20:33:27.5608195Z 
2026-09-27T20:33:27.5608541Z === [82/154] type-binding blast-radius gate (canon/type.css) — _validate_type_blast_radius.py ===
2026-09-27T20:33:27.5608890Z 
2026-09-27T20:33:27.5609301Z === [83/154] descender-clip gate (ds-005) — truncating labels stay descender-safe — _validate_descender_clip.py ===
2026-09-27T20:33:27.5609717Z 
2026-09-27T20:33:27.5610017Z === [84/154] KG edge parse-gate + s135-D4 resolutions-consumed check — _validate_kg.py ===
2026-09-27T20:33:27.5610346Z 
2026-09-27T20:33:27.5610553Z === [85/154] KG edge gate selftest (6 bites) — _validate_kg.py ===
2026-09-27T20:33:27.5610792Z 
2026-09-27T20:33:27.5611244Z === [86/154] KG token-group generator drift check — _token_nodes.json vs the metas (s277-D12, wired #304 W5c) — gen_kg_tokens.py ===
2026-09-27T20:33:27.5611680Z 
2026-09-27T20:33:27.5611984Z === [87/154] KG token-group generator selftest — 8 bites (s277-D12) — gen_kg_tokens.py ===
2026-09-27T20:33:27.5612292Z 
2026-09-27T20:33:27.5612685Z === [88/154] KG node-title generator drift check — _node_titles.json vs the records (#304 W5c) — gen_kg_titles.py ===
2026-09-27T20:33:27.5613076Z 
2026-09-27T20:33:27.5613410Z === [89/154] KG node-title generator selftest — 15 bites (#304 W5c; +3 #305 B2) — gen_kg_titles.py ===
2026-09-27T20:33:27.5613749Z 
2026-09-27T20:33:27.5614023Z === [90/154] KG sources generator in sync — s305-D26 step 5 — gen_kg_sources.py ===
2026-09-27T20:33:27.5614314Z 
2026-09-27T20:33:27.5614592Z === [91/154] KG sources generator selftest — 9 bites (s305-D26) — gen_kg_sources.py ===
2026-09-27T20:33:27.5615220Z 
2026-09-27T20:33:27.5615616Z === [92/154] Token fork-ban gate — undeclared same-scope forks (s136-D1 lane, #139) — _validate_token_forks.py ===
2026-09-27T20:33:27.5616000Z 
2026-09-27T20:33:27.5616268Z === [93/154] Token fork-ban selftest (2-direction) — _validate_token_forks.py ===
2026-09-27T20:33:27.5616552Z 
2026-09-27T20:33:27.5616934Z === [94/154] binds shrink-only ratchet (s136-D1 axis A; built #141, wired #146) — _validate_binds_ratchet.py ===
2026-09-27T20:33:27.5617311Z 
2026-09-27T20:33:27.5617655Z === [95/154] DTCG spine conformance gate (s141-D1 axis A; built #141, wired #146) — _validate_dtcg.py ===
2026-09-27T20:33:27.5618007Z 
2026-09-27T20:33:27.5618444Z === [96/154] binds-resolve gate — manifest presence + address→store resolution (#146) — _validate_binds_resolve.py ===
2026-09-27T20:33:27.5618867Z 
2026-09-27T20:33:27.5619234Z === [97/154] binds-resolve selftest — 5 bites incl. any-store clause (#146) — _validate_binds_resolve.py ===
2026-09-27T20:33:27.5619798Z 
2026-09-27T20:33:27.5620272Z === [98/154] chart-intent resolve gate — meta intent address → chart-intents.json (BLOCKING s195-D1) — _validate_intent_resolve.py ===
2026-09-27T20:33:27.5620732Z 
2026-09-27T20:33:27.5621156Z === [99/154] chart-intent resolve selftest — 4 bites incl. list case + absent store (s195-D1) — _validate_intent_resolve.py ===
2026-09-27T20:33:27.5621713Z 
2026-09-27T20:33:27.5622269Z === [100/154] roles/answers resolve gate — meta provides/answers/not-with address → roles.json + chart-intents.json (#253) — _validate_roles_resolve.py ===
2026-09-27T20:33:27.5622798Z 
2026-09-27T20:33:27.5623423Z === [101/154] roles/answers resolve selftest — 15 bites incl. in-role priority ties, absent store, shape-known and when-fields-known (#253/#254) — _validate_roles_resolve.py ===
2026-09-27T20:33:27.5624003Z 
2026-09-27T20:33:27.5624323Z === [102/154] DataViz chart gate (semantic SVG + tokens + table spine) — _validate_dataviz.py ===
2026-09-27T20:33:27.5624868Z 
2026-09-27T20:33:27.5625280Z === [103/154] DataViz gate selftest — bite-tests dv-004 + the dtype vocabulary (ds-014) — _validate_dataviz.py ===
2026-09-27T20:33:27.5625668Z 
2026-09-27T20:33:27.5626147Z === [104/154] property-resolves gate C2 — silent-lookup class (BLOCKING, ds-018, promoted s121-D1) — _validate_property_resolves.py ===
2026-09-27T20:33:27.5626604Z 
2026-09-27T20:33:27.5626997Z === [105/154] property-resolves gate C2 selftest — 4 bites + a bite-the-bite — _validate_property_resolves.py ===
2026-09-27T20:33:27.5627388Z 
2026-09-27T20:33:27.5627874Z === [106/154] dataviz var-resolution gate — markup fill/stroke var() per theme (BLOCKING s191-D3, ds-0NN #184) — _gate_dataviz_vars.py ===
2026-09-27T20:33:27.5628341Z 
2026-09-27T20:33:27.5628784Z === [107/154] dataviz var-resolution gate selftest — 8 arms incl. alias chain + missing target (ds-0NN) — _gate_dataviz_vars.py ===
2026-09-27T20:33:27.5629224Z 
2026-09-27T20:33:27.5629683Z === [108/154] minted-token consumption inventory — declared-but-never-read (ADVISORY, built #219) — _gate_minted_consumption.py ===
2026-09-27T20:33:27.5630144Z 
2026-09-27T20:33:27.5630584Z === [109/154] minted-consumption selftest — 10 arms incl. both false-positive mutants (#219) — _gate_minted_consumption.py ===
2026-09-27T20:33:27.5631016Z 
2026-09-27T20:33:27.5631468Z === [110/154] hidden-attr vs author-display sweep — painted while hidden (ADVISORY, built #219) — _validate_hidden_display.py ===
2026-09-27T20:33:27.5631899Z 
2026-09-27T20:33:27.5632300Z === [111/154] hidden-attr display selftest — 16 bites incl. the real #218 mutant (#219) — _validate_hidden_display.py ===
2026-09-27T20:33:27.5632699Z 
2026-09-27T20:33:27.5633059Z === [112/154] reverse-text edge-extremity check {#col26-020} (advisory) — _validate_edge_extremity.py ===
2026-09-27T20:33:27.5633428Z 
2026-09-27T20:33:27.5633867Z === [113/154] compliance verification edges — applies_to vs verified_by (advisory) — compliance/_build_verification_edges.py ===
2026-09-27T20:33:27.5634305Z 
2026-09-27T20:33:27.5634861Z === [114/154] external automatable-check refs — axe-core import (advisory) — compliance/_import_axe_rules.py ===
2026-09-27T20:33:27.5635256Z 
2026-09-27T20:33:27.5635553Z === [115/154] consult index — problem-domain query surface — _build_consult_index.py ===
2026-09-27T20:33:27.5635865Z 
2026-09-27T20:33:27.5636075Z === [116/154] consult tool selftest (advisory) — _consult.py ===
2026-09-27T20:33:27.5636328Z 
2026-09-27T20:33:27.5636668Z === [117/154] search core selftest — two-stage engine + receipt format (O2′ #25) — _search_core.py ===
2026-09-27T20:33:27.5637022Z 
2026-09-27T20:33:27.5637330Z === [118/154] memento index — the Memento door's corpus (O2′ #25) — _build_memento_index.py ===
2026-09-27T20:33:27.5637661Z 
2026-09-27T20:33:27.5637941Z === [119/154] memento index determinism check (O2′ #25) — _build_memento_index.py ===
2026-09-27T20:33:27.5638239Z 
2026-09-27T20:33:27.5638607Z === [120/154] memento index selftest — contract refusals + determinism (O2′ #25) — _build_memento_index.py ===
2026-09-27T20:33:27.5639144Z 
2026-09-27T20:33:27.5639539Z === [121/154] memento search selftest — known-answer retrieval + fetch refusal (O2′ #25) — _memento_search.py ===
2026-09-27T20:33:27.5639934Z 
2026-09-27T20:33:27.5640345Z === [122/154] graph mention map — the decision-graph/memento-index join (#115 step 0) — _build_graph_mention_map.py ===
2026-09-27T20:33:27.5640754Z 
2026-09-27T20:33:27.5641204Z === [123/154] graph mention map determinism check (#115 step 0) — _build_graph_mention_map.py ===
2026-09-27T20:33:27.5641547Z 
2026-09-27T20:33:27.5641923Z === [124/154] graph mention map selftest — hit/miss/refusal bites (#115 step 0) — _build_graph_mention_map.py ===
2026-09-27T20:33:27.5642300Z 
2026-09-27T20:33:27.5642587Z === [125/154] read chain file — _CHAIN.md, the cold-start door (#41) — _gen_chain.py ===
2026-09-27T20:33:27.5642884Z 
2026-09-27T20:33:27.5643289Z === [126/154] read chain determinism check — stale _CHAIN.md serves a PREVIOUS session's record (#41) — _gen_chain.py ===
2026-09-27T20:33:27.5643708Z 
2026-09-27T20:33:27.5644061Z === [127/154] read chain selftest — verbatim terms + the CUT + refusal on a blank GM (#41) — _gen_chain.py ===
2026-09-27T20:33:27.5644420Z 
2026-09-27T20:33:27.5645104Z === [128/154] GM size stamp check — a TYPED `size:` figure / drift past the gate's tolerance (s294-D8) — _gen_size_stamp.py ===
2026-09-27T20:33:27.5645523Z 
2026-09-27T20:33:27.5646195Z === [129/154] GM size stamp selftest — the fixed point, the 2-cycle refusal, the ESTIMATE-tier refusal and the gate's own regex parsing what this writes (s294-D8) — _gen_size_stamp.py ===
2026-09-27T20:33:27.5646797Z 
2026-09-27T20:33:27.5647205Z === [130/154] memento schematic — the six subsystems, generated from the file inventory (#127) — _gen_schematic.py ===
2026-09-27T20:33:27.5647607Z 
2026-09-27T20:33:27.5648033Z === [131/154] memento schematic determinism check — a stale diagram publishes a PREVIOUS tree (#127) — _gen_schematic.py ===
2026-09-27T20:33:27.5648458Z 
2026-09-27T20:33:27.5648889Z === [132/154] memento schematic selftest — figure provenance, caption geometry, self-recheck (#127) — _gen_schematic.py ===
2026-09-27T20:33:27.5649311Z 
2026-09-27T20:33:27.5649675Z === [133/154] memento-package delta-audit — #64 boundary enforcement (#79) — _validate_package_delta.py ===
2026-09-27T20:33:27.5650050Z 
2026-09-27T20:33:27.5650473Z === [134/154] memento-package delta-audit selftest — mutation-tested, all 4 arms (#79) — _validate_package_delta.py ===
2026-09-27T20:33:27.5650880Z 
2026-09-27T20:33:27.5651264Z === [135/154] enactment register — is each ruling IN FORCE? (advisory, ADR-0016) — _build_enactment_register.py ===
2026-09-27T20:33:27.5651646Z 
2026-09-27T20:33:27.5651932Z === [136/154] instrument-fit selftest (advisory, ds-015) — _build_instrument_fit.py ===
2026-09-27T20:33:27.5652238Z 
2026-09-27T20:33:27.5652591Z === [137/154] instrument fit — can the gate SEE the property? (advisory, ds-015) — _build_instrument_fit.py ===
2026-09-27T20:33:27.5652962Z 
2026-09-27T20:33:27.5653171Z === [138/154] integrity lint (gate) — _build_integrity.py ===
2026-09-27T20:33:27.5653406Z 
2026-09-27T20:33:27.5653794Z === [139/154] could-not-ask convention selftest (#193 — the third verdict's exit code + marker) — _could_not_ask.py ===
2026-09-27T20:33:27.5654183Z 
2026-09-27T20:33:27.5654651Z === [140/154] probe registry — every historically-found defect class, re-driven (W-45, advisory) — _probe_registry/_registry.py ===
2026-09-27T20:33:27.5655351Z 
2026-09-27T20:33:27.5655880Z ⚠ advisory step 'probe registry — every historically-found defect class, re-driven (W-45, advisory)' reported findings (exit 1) — non-gating
2026-09-27T20:33:27.5656395Z 
2026-09-27T20:33:27.5656845Z === [141/154] claim-table evidence linter — s182-D1 tokens + expected observations (W-44, advisory) — _validate_evidence.py ===
2026-09-27T20:33:27.5657284Z 
2026-09-27T20:33:27.5657788Z ⚠ advisory step 'claim-table evidence linter — s182-D1 tokens + expected observations (W-44, advisory)' reported findings (exit 1) — non-gating
2026-09-27T20:33:27.5658439Z 
2026-09-27T20:33:27.5658826Z === [142/154] governs matcher selftest — the [12]/[13] trigger-index arm, named (#208 legibility) — _governs.py ===
2026-09-27T20:33:27.5659203Z 
2026-09-27T20:33:27.6413761Z ⊘ step 'governs matcher selftest — the [12]/[13] trigger-index arm, named (#208 legibility)' COULD-NOT-ASK (exit 77) — declared refusal, build continuesfrozen-release gate — 3 release(s) at fd607c74b999
2026-09-27T20:33:27.6415362Z   designer-skills-v1   version v1          6 file(s)  b83d048483b7
2026-09-27T20:33:27.6415969Z   designer-skills-v2   version v2.1     1102 file(s)  ae920995c32e
2026-09-27T20:33:27.6416405Z   apollo-spider        version v1.0.14    14 file(s)  444c58d22a68
2026-09-27T20:33:27.6416673Z 
2026-09-27T20:33:27.6416872Z PASS — 3 arm(s) asked, no frozen surface moved.
2026-09-27T20:33:28.6251562Z selftest: 17 bites, 0 fail(s)
2026-09-27T20:33:29.8679000Z PASS — the manifest at knowledge/_release/_pack_manifest.json is byte-identical to a fresh generation at 0ef307460dcf (1781 files, sha256 a5b00c1450dc83c8)
2026-09-27T20:33:29.8679988Z 
2026-09-27T20:33:29.8680583Z PARKED DUE — 7 parked item(s) are due at release-cut — python3 knowledge/_parked.py --due release-cut
2026-09-27T20:33:31.2455621Z SKIPPED — apollo-spider/dist/Apollo-Spider-v1.0.0.zip is FROZEN HISTORY (not the manifest's v1.0.14); its integrity is _gate_frozen_release.py's jurisdiction, not this arm's
2026-09-27T20:33:31.2456934Z SKIPPED — apollo-spider/dist/Apollo-Spider-v1.0.1.zip is FROZEN HISTORY (not the manifest's v1.0.14); its integrity is _gate_frozen_release.py's jurisdiction, not this arm's
2026-09-27T20:33:31.2458119Z SKIPPED — apollo-spider/dist/Apollo-Spider-v1.0.10.zip is FROZEN HISTORY (not the manifest's v1.0.14); its integrity is _gate_frozen_release.py's jurisdiction, not this arm's
2026-09-27T20:33:31.2459254Z SKIPPED — apollo-spider/dist/Apollo-Spider-v1.0.11.zip is FROZEN HISTORY (not the manifest's v1.0.14); its integrity is _gate_frozen_release.py's jurisdiction, not this arm's
2026-09-27T20:33:31.2460402Z SKIPPED — apollo-spider/dist/Apollo-Spider-v1.0.12.zip is FROZEN HISTORY (not the manifest's v1.0.14); its integrity is _gate_frozen_release.py's jurisdiction, not this arm's
2026-09-27T20:33:31.2461514Z SKIPPED — apollo-spider/dist/Apollo-Spider-v1.0.13.zip is FROZEN HISTORY (not the manifest's v1.0.14); its integrity is _gate_frozen_release.py's jurisdiction, not this arm's
2026-09-27T20:33:31.2462821Z PASS — apollo-spider/dist/Apollo-Spider-v1.0.14.zip matches the manifest at 0ef307460dcf
2026-09-27T20:33:31.2464103Z SKIPPED — apollo-spider/dist/Apollo-Spider-v1.0.2.zip is FROZEN HISTORY (not the manifest's v1.0.14); its integrity is _gate_frozen_release.py's jurisdiction, not this arm's
2026-09-27T20:33:31.2465645Z SKIPPED — apollo-spider/dist/Apollo-Spider-v1.0.3.zip is FROZEN HISTORY (not the manifest's v1.0.14); its integrity is _gate_frozen_release.py's jurisdiction, not this arm's
2026-09-27T20:33:31.2467055Z SKIPPED — apollo-spider/dist/Apollo-Spider-v1.0.4.zip is FROZEN HISTORY (not the manifest's v1.0.14); its integrity is _gate_frozen_release.py's jurisdiction, not this arm's
2026-09-27T20:33:31.2468450Z SKIPPED — apollo-spider/dist/Apollo-Spider-v1.0.6.zip is FROZEN HISTORY (not the manifest's v1.0.14); its integrity is _gate_frozen_release.py's jurisdiction, not this arm's
2026-09-27T20:33:31.2469897Z SKIPPED — apollo-spider/dist/Apollo-Spider-v1.0.7.zip is FROZEN HISTORY (not the manifest's v1.0.14); its integrity is _gate_frozen_release.py's jurisdiction, not this arm's
2026-09-27T20:33:31.2471346Z SKIPPED — apollo-spider/dist/Apollo-Spider-v1.0.8.zip is FROZEN HISTORY (not the manifest's v1.0.14); its integrity is _gate_frozen_release.py's jurisdiction, not this arm's
2026-09-27T20:33:31.2472728Z SKIPPED — apollo-spider/dist/Apollo-Spider-v1.0.9.zip is FROZEN HISTORY (not the manifest's v1.0.14); its integrity is _gate_frozen_release.py's jurisdiction, not this arm's
2026-09-27T20:33:31.2475979Z ❌ the manifest reads version 'v1.0.14' and NO zip in dist/ carries it (zips present: Apollo-Spider-v1.0.0.zip, Apollo-Spider-v1.0.1.zip, Apollo-Spider-v1.0.10.zip, Apollo-Spider-v1.0.11.zip, Apollo-Spider-v1.0.12.zip, Apollo-Spider-v1.0.13.zip, Apollo-Spider-v1.0.2.zip, Apollo-Spider-v1.0.3.zip, Apollo-Spider-v1.0.4.zip, Apollo-Spider-v1.0.6.zip, Apollo-Spider-v1.0.7.zip, Apollo-Spider-v1.0.8.zip, Apollo-Spider-v1.0.9.zip) — the manifest names a release nobody baked.
2026-09-27T20:33:31.2478788Z ADVISORY — the manifest was generated at 0ef307460dcf; HEAD is fd607c74b999, 8 commit(s) later.
2026-09-27T20:33:31.2479516Z   A pack cut now would ship the tree as it stood at 0ef307460dcf. That may be exactly right.
2026-09-27T20:33:31.2480257Z   ⬛ WHETHER TO RE-CUT IS DAVE'S (s219-D4(2)): a release is explicit, versioned, his word.
2026-09-27T20:33:31.2481223Z   If he says re-cut: python3 knowledge/_release/_gen_pack_manifest.py --probe --commit <sha> && python3 knowledge/_release/_gen_pack_manifest.py --manifest --commit <sha>
2026-09-27T20:33:31.2482028Z selftest: 10 bites, 0 fail(s)
2026-09-27T20:33:31.2994551Z COULD-NOT-ASK: apollo-spider/ci-template/gates.yml — PyYAML is not importable in this environment, and this gate parses the template in YAML rather than guessing at it with string matching. Install it (pip install pyyaml) — the release job in .github/workflows/gates.yml does exactly that
2026-09-27T20:33:31.3466482Z COULD-NOT-ASK: the ci-template selftest — PyYAML is not importable, and every arm below parses YAML. Install it (pip install pyyaml).
2026-09-27T20:33:31.7725562Z SKIPPED — apollo-spider/dist/Apollo-Spider-v1.0.0.zip is FROZEN HISTORY (not the manifest's v1.0.14); its integrity is _gate_frozen_release.py's jurisdiction, not this arm's
2026-09-27T20:33:31.7727591Z SKIPPED — apollo-spider/dist/Apollo-Spider-v1.0.1.zip is FROZEN HISTORY (not the manifest's v1.0.14); its integrity is _gate_frozen_release.py's jurisdiction, not this arm's
2026-09-27T20:33:31.7729427Z SKIPPED — apollo-spider/dist/Apollo-Spider-v1.0.10.zip is FROZEN HISTORY (not the manifest's v1.0.14); its integrity is _gate_frozen_release.py's jurisdiction, not this arm's
2026-09-27T20:33:31.7731218Z SKIPPED — apollo-spider/dist/Apollo-Spider-v1.0.11.zip is FROZEN HISTORY (not the manifest's v1.0.14); its integrity is _gate_frozen_release.py's jurisdiction, not this arm's
2026-09-27T20:33:31.7732964Z SKIPPED — apollo-spider/dist/Apollo-Spider-v1.0.12.zip is FROZEN HISTORY (not the manifest's v1.0.14); its integrity is _gate_frozen_release.py's jurisdiction, not this arm's
2026-09-27T20:33:31.7734846Z SKIPPED — apollo-spider/dist/Apollo-Spider-v1.0.13.zip is FROZEN HISTORY (not the manifest's v1.0.14); its integrity is _gate_frozen_release.py's jurisdiction, not this arm's
2026-09-27T20:33:31.7736184Z PASS — apollo-spider/dist/Apollo-Spider-v1.0.14.zip matches the manifest at 0ef307460dcf
2026-09-27T20:33:31.7737571Z SKIPPED — apollo-spider/dist/Apollo-Spider-v1.0.2.zip is FROZEN HISTORY (not the manifest's v1.0.14); its integrity is _gate_frozen_release.py's jurisdiction, not this arm's
2026-09-27T20:33:31.7739418Z SKIPPED — apollo-spider/dist/Apollo-Spider-v1.0.3.zip is FROZEN HISTORY (not the manifest's v1.0.14); its integrity is _gate_frozen_release.py's jurisdiction, not this arm's
2026-09-27T20:33:31.7741376Z SKIPPED — apollo-spider/dist/Apollo-Spider-v1.0.4.zip is FROZEN HISTORY (not the manifest's v1.0.14); its integrity is _gate_frozen_release.py's jurisdiction, not this arm's
2026-09-27T20:33:31.7743373Z SKIPPED — apollo-spider/dist/Apollo-Spider-v1.0.6.zip is FROZEN HISTORY (not the manifest's v1.0.14); its integrity is _gate_frozen_release.py's jurisdiction, not this arm's
2026-09-27T20:33:31.7745499Z SKIPPED — apollo-spider/dist/Apollo-Spider-v1.0.7.zip is FROZEN HISTORY (not the manifest's v1.0.14); its integrity is _gate_frozen_release.py's jurisdiction, not this arm's
2026-09-27T20:33:31.7747399Z SKIPPED — apollo-spider/dist/Apollo-Spider-v1.0.8.zip is FROZEN HISTORY (not the manifest's v1.0.14); its integrity is _gate_frozen_release.py's jurisdiction, not this arm's
2026-09-27T20:33:31.7749703Z SKIPPED — apollo-spider/dist/Apollo-Spider-v1.0.9.zip is FROZEN HISTORY (not the manifest's v1.0.14); its integrity is _gate_frozen_release.py's jurisdiction, not this arm's
2026-09-27T20:33:31.8429351Z ADVISORY — the manifest was generated at 0ef307460dcf; HEAD is fd607c74b999, 8 commit(s) later.
2026-09-27T20:33:31.8430881Z   A pack cut now would ship the tree as it stood at 0ef307460dcf. That may be exactly right.
2026-09-27T20:33:31.8431918Z   ⬛ WHETHER TO RE-CUT IS DAVE'S (s219-D4(2)): a release is explicit, versioned, his word.
2026-09-27T20:33:31.8432920Z   If he says re-cut: python3 knowledge/_release/_gen_pack_manifest.py --probe --commit <sha> && python3 knowledge/_release/_gen_pack_manifest.py --manifest --commit <sha>
2026-09-27T20:33:31.9889293Z polarity gate (s238-D7): home knowledge/brain · rows 30 (live 30 · retired 0) · parties 68 (principle 45 · obligation 6 · ruling 2 · stub 15) · stubs declared 15 · links 21 by type challengedBy=4 explainedBy=1 resolvedBy=7 touches=9 · refusals asked: R1 R2 R3 R4 R5 — none fired
2026-09-27T20:33:31.9892351Z   quotes 21: verbatim against their source rows in notes/_subreports/assets/2026-09-02-236-R1-principles-survey/tensions.json — 21 verified (an unverifiable quote is refused, never declared — Q3 #239) · schema pinned c2c165ac126d… + 54 floors · receipt $migration verified
2026-09-27T20:33:31.9894234Z   receipts (s240-D3): ONE pointer per node — R1 register row 30 · $seed ruling id 0 · retiredBy 0
2026-09-27T20:33:31.9895859Z   RULE R-OBLIGATION: >=1 party resolves to a principles.json row whose grade is L (= OBLIGATION, s237-D1; a node type no principle can outrank, s237-D2) -> settled-by-obligation. Applied FIRST.
2026-09-27T20:33:31.9897673Z   RULE R-RESOLVED: >=1 link typed resolvedBy whose ref is a live ruling in knowledge/_rulings.json -> resolved. (237-T's R-RESOLVED read how_it_resolves prose for an id; the typed link IS that citation, migrated.)
2026-09-27T20:33:31.9898869Z   RULE R-OPEN: the complement.
2026-09-27T20:33:31.9901151Z   RULE RULE-K/RULE-D: knowable_how / disposition / ask_when / factory_default are COPIED per open row from 237-T's open-tensions.json, FLOATED — the four ask-whens are Dave's (s238-D3); this file rules nothing. `factory_default` is the GRILL's sense of default (value used because nothing was asked), not s219-D3's shipped option.
2026-09-27T20:33:31.9903522Z   status derived: settled-by-obligation 6 · resolved 4 · open 20   (237-T at its clock: 6 · 3 · 21)
2026-09-27T20:33:31.9906516Z   RULE EDGES: for each polarity, for each unordered pair of parties on DIFFERENT sides whose refs both resolve to principles.json rows (principle or obligation) -> one edge carrying the polarity id and its mediating variable. Same-side pairs produce NO edge (237-T finding 4: tn-19's three persuasion principles are one side). Stubs and rulings produce NO edge (237-T finding 3: an edge needs a register node at both ends). This is a VIEW: the node is the home (s238-D1).
2026-09-27T20:33:31.9909168Z   edges derived: 22
2026-09-27T20:33:31.9910714Z   D-DECLARE (s238-D5): a polarity's factory default is DECLARED iff it BENT AWAY FROM THE CONSERVATIVE SIDE — not all of them, not on demand.  open 20 · declared 0 · UNPROVEN 20 (conservative side not carried as data)
2026-09-27T20:33:31.9912538Z   ✓ _generated/polarity-status.json fresh (generated_at 2026-09-02T15:18:55Z, content byte-identical)
2026-09-27T20:33:31.9913784Z   ✓ _generated/polarity-edges.json fresh (generated_at 2026-09-02T15:18:55Z, content byte-identical)
2026-09-27T20:33:31.9915228Z   ✓ _generated/defaults-declaration.txt fresh (generated_at 2026-09-02T15:18:55Z, content byte-identical)
2026-09-27T20:33:31.9916312Z ✓ polarity gate GREEN — five refusals asked and none fired; generated files content-fresh
2026-09-27T20:33:41.7295734Z ====================================================================================================
2026-09-27T20:33:41.7296957Z _validate_polarities.py --selftest — every arm drives gate() on a copy of the REAL rows
2026-09-27T20:33:41.7297743Z ====================================================================================================
2026-09-27T20:33:41.7298762Z   #  result  expect    rc  named  arm
2026-09-27T20:33:41.7299269Z   1  PASS    green      0  -      CONTROL: the real 30 rows, untouched
2026-09-27T20:33:41.7299927Z   2  PASS    red        1  yes    R1 dangling PARTY ref (pr-does-not-exist)
2026-09-27T20:33:41.7300774Z   3  PASS    red        1  yes    R1 dangling LINK ref (s999-D9)
2026-09-27T20:33:41.7301419Z   4  PASS    red        1  yes    R1 link to a SUPERSEDED ruling (s129-D1, real store)
2026-09-27T20:33:41.7302133Z   5  PASS    red        1  yes    R1 PARTY that is a superseded ruling (s129-D1)
2026-09-27T20:33:41.7302986Z   6  PASS    red        1  yes    V30 R1 resolvedBy a ruling superseded in the store's PROSE only (s200-D2) (#239 Q1)
2026-09-27T20:33:41.7304110Z   7  PASS    red        1  yes    V31 R1 resolvedBy a ruling whose status says OPEN/PARKED/DEFERRED/FORKED (gauge-band) (#239 Q1)
2026-09-27T20:33:41.7305654Z   8  PASS    green      0  -      V31-control: the SAME ruling as `touches` is fine — only a resolvedBy closes (#239 Q1)
2026-09-27T20:33:41.7306439Z   9  PASS    red        1  yes    R1 SELF-PARTY (pl-01 lists itself)
2026-09-27T20:33:41.7307244Z  10  PASS    red        1  yes    R1 CIRCULAR polarity→polarity LINK (pl-01 → pl-02)
2026-09-27T20:33:41.7308045Z  11  PASS    red        1  yes    R1 CIRCULAR polarity as a PARTY of another (pl-02 on pl-01)
2026-09-27T20:33:41.7308813Z  12  PASS    red        1  yes    R1 link to a PRINCIPLE id (wrong register)
2026-09-27T20:33:41.7309437Z  13  PASS    red        1  yes    R1 undeclared STUB (st-not-declared)
2026-09-27T20:33:41.7310165Z  14  PASS    red        1  yes    R1 a declared stub REMOVED from stubs.json (pl-05's party dangles)
2026-09-27T20:33:41.7311180Z  15  PASS    red        1  yes    R1 homoglyph ref (Cyrillic а in pr-jakobs-law) — non-ASCII id
2026-09-27T20:33:41.7311872Z  16  PASS    red        1  yes    R2 UNTYPED link (type key absent)
2026-09-27T20:33:41.7312715Z  17  PASS    red        1  yes    V200 R2 UNTYPED link that is a bare string (#239 misnamed→named)
2026-09-27T20:33:41.7313586Z  18  PASS    red        1  yes    V201 R2 UNTYPED link with type null (#239 misnamed→named)
2026-09-27T20:33:41.7314413Z  19  PASS    red        1  yes    V202 R2 link type is a LIST — named, no crash (#239 Q7)
2026-09-27T20:33:41.7315269Z  20  PASS    red        1  yes    R2 UNKNOWN (fifth) link type `relatedTo`
2026-09-27T20:33:41.7315841Z  21  PASS    red        1  yes    R2 link type wrong case `ResolvedBy`
2026-09-27T20:33:41.7316370Z  22  PASS    red        1  yes    R2 link type empty string
2026-09-27T20:33:41.7316930Z  23  PASS    red        1  yes    R3 judgement field `how_it_resolves` on a node
2026-09-27T20:33:41.7317550Z  24  PASS    red        1  yes    R3 judgement field of ANOTHER name (`verdict`)
2026-09-27T20:33:41.7318193Z  25  PASS    red        1  yes    R3 judgement smuggled into a link `quote` (16 words)
2026-09-27T20:33:41.7318858Z  26  PASS    red        1  yes    R3 judgement smuggled into a party `note` (16 words)
2026-09-27T20:33:41.7319515Z  27  PASS    red        1  yes    R3 judgement field inside a PARTY object (`why`)
2026-09-27T20:33:41.7320119Z  28  PASS    red        1  yes    R3 stub with a third key (`rationale`)
2026-09-27T20:33:41.7320787Z  29  PASS    red        1  yes    R3 link quote PARAPHRASED (not verbatim in the source row)
2026-09-27T20:33:41.7321626Z  30  PASS    red        1  yes    V230 R3 party note that is a 14-word verdict, not verbatim in the source row (#239 Q5)
2026-09-27T20:33:41.7322776Z  31  PASS    red        1  yes    V231 R3 note of 44 visible words joined by U+200B — counted AND the character refused (#239 Q5)
2026-09-27T20:33:41.7323742Z  32  PASS    red        1  yes    V232 R3 mediating_variable of 300 words (#239 Q5: maxWords 25 FLOATED + verbatim)
2026-09-27T20:33:41.7324927Z  33  PASS    red        1  yes    V232b R3 mediating_variable rewritten (short, not verbatim in the source row) (#239 Q5)
2026-09-27T20:33:41.7326123Z  34  PASS    red        1  yes    V233 R3 sources[0].id that is a 300-word verdict (#239 Q5: patterned + maxWords 1)
2026-09-27T20:33:41.7327338Z  35  PASS    red        1  yes    V234 R3 stub phrase that is a 15-word verdict — not verbatim in the register (#239 Q5)
2026-09-27T20:33:41.7328324Z  36  PASS    red        1  yes    V22 R3/S stub whose phrase is one U+200B (visually empty) (#239 Q5)
2026-09-27T20:33:41.7329445Z  37  PASS    red        1  yes    V82 R3 $migration gains a nested `verdicts` map (#239 Q5: shape-fixed)
2026-09-27T20:33:41.7330442Z  38  PASS    red        1  yes    V83 R3 $description replaced by 500 words of verdict (#239 Q5: maxWords FLOATED)
2026-09-27T20:33:41.7331594Z  39  PASS    red        1  yes    V246 S-RECEIPT $migration.sha256 = 64 zeros — the receipt is verified (#239 Q5)
2026-09-27T20:33:41.7332553Z  40  PASS    red        1  yes    V247 S-RECEIPT $migration.from = a path that does not exist (#239 Q5)
2026-09-27T20:33:41.7333490Z  41  PASS    red        1  yes    V220 R3 sources repointed at _rulings.json + 13 words OF THE RULING as the quote (#239 Q3)
2026-09-27T20:33:41.7334585Z  42  PASS    red        1  yes    V300 R3 sources repointed at polarities.json itself + its own words as the quote (#239 Q3)
2026-09-27T20:33:41.7336048Z  43  PASS    red        1  yes    V222 R3 paraphrase + source pointer broken (path → nowhere): UNVERIFIABLE is refused (#239 Q3)
2026-09-27T20:33:41.7337508Z  44  PASS    red        1  yes    V93 S-ID sources[0].id with a fullwidth digit (tn-0１) — the pointer cannot be laundered (#239 Q3)
2026-09-27T20:33:41.7350138Z  45  PASS    red        1  yes    V223 R3 resolvedBy with quote "" (#239 Q3)
2026-09-27T20:33:41.7351044Z  46  PASS    red        1  yes    V224 R3 resolvedBy with the one-word quote "the" (#239 Q3: minWords 3 FLOATED)
2026-09-27T20:33:41.7352247Z  47  PASS    red        1  yes    V400 R3 resolvedBy with NO quote at all — a resolvedBy needs a receipt (#239 Q3)
2026-09-27T20:33:41.7353177Z  48  PASS    green      0  -      V400-control: a `touches` with no quote stays legal (#239 Q3)
2026-09-27T20:33:41.7354216Z  49  PASS    red        1  yes    V401 S-SOURCE pl-04's source id swapped to tn-02 — one row, one node (#239 Q3)
2026-09-27T20:33:41.7355507Z  50  PASS    red        1  yes    V402 S-SOURCE pl-01's body duplicated under pl-31 — the row is claimed twice (#239 Q3)
2026-09-27T20:33:41.7356664Z  51  PASS    red        1  yes    V244 S-SOURCE all 30 rows deleted — 30 frozen rows claimed by no node (#239 Q3)
2026-09-27T20:33:41.7357647Z  52  PASS    red        1  yes    V225 S-SOURCE a source path outside the repo (/etc/hostname) (#239 Q3)
2026-09-27T20:33:41.7358510Z  53  PASS    red        1  yes    S-FORMAT-CHAR a soft hyphen (U+00AD) inside a party ref (#239 Q5)
2026-09-27T20:33:41.7359378Z  54  PASS    red        1  yes    S-FORMAT-CHAR a right-to-left override (U+202E) in $description (#239 Q5)
2026-09-27T20:33:41.7360209Z  55  PASS    red        1  yes    S-FORMAT-CHAR a NUL (U+0000) in a stub phrase (#239 Q5)
2026-09-27T20:33:41.7360935Z  56  PASS    red        1  yes    R4 AUTHORED file at the generated path (no header)
2026-09-27T20:33:41.7361713Z  57  PASS    red        1  yes    R4 generated file HAND-EDITED under its header (self-sha breaks)
2026-09-27T20:33:41.7362603Z  58  PASS    red        1  yes    R4 AUTHORED edge file beside the homes (knowledge/brain/edges.json)
2026-09-27T20:33:41.7363475Z  59  PASS    red        1  yes    R4 STRAY second shape beside the homes (polarities-v2.json)
2026-09-27T20:33:41.7364300Z  60  PASS    red        1  yes    R4 AUTHORED file INSIDE _generated/ beside the derived three
2026-09-27T20:33:41.7365343Z  61  PASS    red        1  yes    R4 defaults-declaration.txt HAND-EDITED (a default declared by hand)
2026-09-27T20:33:41.7366444Z  62  PASS    red        1  yes    V210 R4 dotfile `.edges.json` at the brain top — dotfiles are LISTED (#239 Q6)
2026-09-27T20:33:41.7367297Z  63  PASS    red        1  yes    V211 R4 dotfile inside _generated/ (#239 Q6)
2026-09-27T20:33:41.7368544Z  64  PASS    red        1  yes    V212 R4 a half-written `.polarity-edges.json.tmp` inside _generated/ (#239 Q6)
2026-09-27T20:33:41.7369688Z  65  PASS    red        1  yes    V213 R4 an authored edge list under schema/ — schema/ is LISTED (#239 Q6)
2026-09-27T20:33:41.7370708Z  66  PASS    red        1  yes    V214 R4 a second schema under schema/ — exactly one schema (#239 Q6)
2026-09-27T20:33:41.7371669Z  67  PASS    red        1  yes    V216 R4 __pycache__/ under the home (#239 Q6)
2026-09-27T20:33:41.7372546Z  68  PASS    red        1  yes    V403 R4 polarities.json replaced by a SYMLINK to a file outside the home (#239 Q6)
2026-09-27T20:33:41.7373579Z  69  PASS    red        1  yes    V217 R4 _generated is a FILE — named at --check (#239 Q6/Q7)
2026-09-27T20:33:41.7374945Z  70  PASS    red        1  yes    V217w R4 _generated is a FILE — --write refuses by name, no crash, nothing written (#239 Q7)
2026-09-27T20:33:41.7376069Z  71  PASS    green      0  -      Q6 `.DS_Store` with Finder's magic bytes is IGNORED, declared (#239 Q6)
2026-09-27T20:33:41.7377037Z  72  PASS    red        1  yes    Q6 a JSON edge list wearing the name `.DS_Store` is refused (#239 Q6)
2026-09-27T20:33:41.7377758Z  73  PASS    red        1  yes    R5 typed `status` on a node
2026-09-27T20:33:41.7378440Z  74  PASS    red        1  yes    R5 typed status under another spelling (`derivedStatus`)
2026-09-27T20:33:41.7379074Z  75  PASS    red        1  yes    S 1 party (minItems 2)
2026-09-27T20:33:41.7379661Z  76  PASS    red        1  yes    S DUPLICATE party (same ref twice on pl-01)
2026-09-27T20:33:41.7380261Z  77  PASS    red        1  yes    S DUPLICATE polarity id
2026-09-27T20:33:41.7380850Z  78  PASS    red        1  yes    S unicode polarity id (fullwidth digit)
2026-09-27T20:33:41.7381486Z  79  PASS    red        1  yes    S party role outside the enum (`side_d`)
2026-09-27T20:33:41.7382359Z  80  PASS    red        1  yes    V42 S party role null — named S-ROLE (#239 misnamed→named)
2026-09-27T20:33:41.7383257Z  81  PASS    red        1  yes    V44 S party role is an OBJECT — named, no crash (#239 Q7)
2026-09-27T20:33:41.7384123Z  82  PASS    red        1  yes    V203 S party ref is a LIST — named, no crash (#239 Q7)
2026-09-27T20:33:41.7385129Z  83  PASS    red        1  yes    V204 S stub id is a LIST — named, no crash (#239 Q7)
2026-09-27T20:33:41.7386160Z  84  PASS    red        1  yes    V250 S sources item without `path` on a node with a quote — named, no crash (#239 Q7)
2026-09-27T20:33:41.7387186Z  85  PASS    red        1  yes    V251 S sources[0].path is an int — named, no crash (#239 Q7)
2026-09-27T20:33:41.7387847Z  86  PASS    red        1  yes    S ONE-SIDED: every party on side_a (no pull)
2026-09-27T20:33:41.7388404Z  87  PASS    red        1  yes    S mediating_variable empty
2026-09-27T20:33:41.7389318Z  88  PASS    red        1  yes    S sources missing — no receipt at all (s240-D3 re-cut of the #239 S-SCHEMA arm)
2026-09-27T20:33:41.7390075Z  89  PASS    red        1  yes    S polarities.json does not parse
2026-09-27T20:33:41.7391051Z  90  PASS    red        1  yes    V252 S polarities.json carries one non-UTF-8 byte — S-PARSE, no traceback (#239 Q7)
2026-09-27T20:33:41.7392385Z  91  PASS    red        1  yes    V110 SCHEMA parties.minItems 2→1 + a one-party row: LOOSENED named, S-MIN-PARTIES still fires (#239 Q2)
2026-09-27T20:33:41.7393390Z  92  PASS    red        1  yes    V111 SCHEMA enum widened with a fifth type + a relatedTo link (#239 Q2)
2026-09-27T20:33:41.7394384Z  93  PASS    red        1  yes    V112 SCHEMA parties.items.additionalProperties true + a `why` on a party (#239 Q2)
2026-09-27T20:33:41.7395645Z  94  PASS    red        1  yes    V310 SCHEMA sources.items.additionalProperties true + a `judgement` on a source (V's TOTAL escape) (#239 Q2)
2026-09-27T20:33:41.7396714Z  95  PASS    red        1  yes    V311 SCHEMA sources.minItems 0 + sources [] + a paraphrased quote (#239 Q2/Q3)
2026-09-27T20:33:41.7397491Z  96  PASS    red        1  yes    V312 SCHEMA note.maxWords 500 + a 64-word note (#239 Q2)
2026-09-27T20:33:41.7398535Z  97  PASS    red        1  yes    V113 SCHEMA root additionalProperties true + a `verdict` on a node (#239 Q2)
2026-09-27T20:33:41.7399693Z  98  PASS    red        1  yes    SCHEMA a new property `verdict` ADDED to the schema + used on a node — the key set is pinned (#239 Q2)
2026-09-27T20:33:41.7400914Z  99  PASS    red        1  yes    SCHEMA description-only edit — the sha PIN alone fires (#239 Q2 (b))
2026-09-27T20:33:41.7401875Z 100  PASS    red        1  yes    V256 SCHEMA `properties` is a list — named S-SCHEMA, no crash (#239 Q7)
2026-09-27T20:33:41.7402867Z 101  PASS    red        1  yes    V257 SCHEMA id.pattern is an invalid regex — named S-SCHEMA, no crash (#239 Q7)
2026-09-27T20:33:41.7403834Z 102  PASS    red        1  yes    SCHEMA: a keyword this gate does not implement (maxItems) is REFUSED, never silently ignored
2026-09-27T20:33:41.7405730Z 103  PASS    red        1  yes    BITE-THE-BITE (#239 re-cut): schema TIGHTENED to minItems 3 with the pin moved — the real 2-party rows are refused S-MIN-PARTIES: the schema still drives; only loosening is refused
2026-09-27T20:33:41.7407820Z 104  PASS    green      0  -      s240-D3 GREEN CONTROL: a NEW polarity born after R1 carries `$seed` = a real ruling id and NO `sources` — the legal form #239-F RULING-SHAPED 4 was missing (#242 lane P)
2026-09-27T20:33:41.7409158Z 105  PASS    red        1  yes    s240-D3 BREAK ARM: `$seed` names s999-D9, absent from knowledge/_rulings.json (#242)
2026-09-27T20:33:41.7410527Z 106  PASS    red        1  yes    s240-D3 BREAK ARM: BOTH receipts on one node — its R1 `sources` AND a `$seed` (the receipt is ONE POINTER PER NODE) (#242)
2026-09-27T20:33:41.7411804Z 107  PASS    red        1  yes    s240-D3 BREAK ARM: NEITHER receipt — a node with no `sources` and no `$seed` (#242)
2026-09-27T20:33:41.7413099Z 108  PASS    green      0  -      s240-D3 GREEN CONTROL: a node RETIRED by a real ruling id — it KEEPS its row and the derivation is re-run without it (#242)
2026-09-27T20:33:41.7414884Z 109  PASS    red        1  yes    s240-D3 BREAK ARM: a RETIRED node whose id still appears under _generated/ — R4-RETIRED-GENERATED by name, not just STALE (#242)
2026-09-27T20:33:41.7416209Z 110  PASS    red        1  yes    s240-D3 BREAK ARM: `retiredBy` names s999-D9, absent from knowledge/_rulings.json (#242)
2026-09-27T20:33:41.7417864Z 111  PASS    red        1  yes    s240-D3 BREAK ARM: `$seed` removed from the SCHEMA's properties — the key set is pinned, so the receipt cannot be legislated away by a schema edit (#242 Q2)
2026-09-27T20:33:41.7420784Z 112  PASS    red        1  yes    s240-D3 LEAK ARM (#242 lane P2, V2 finding 3): pl-02 retired → --write and its id is gone from every BYTE of all three generated files; replanted in the derivation's PROSE ONLY (self-consistent sha, invisible to the ROW check) → R4-RETIRED-GENERATED BY NAME. A retired id anywhere under _generated/ is a leak
2026-09-27T20:33:41.7424368Z 113  PASS    red        1  yes    s240-D3 FLOOR ARM (#242 lane P2, V2 finding 4): `sources` put BACK into the schema's `required` with the pin moved honestly — SCHEMA-LOOSENED by name (a schema may tighten a REFUSAL, never a PERMISSION), and the floor is APPLIED REGARDLESS, so the legal `$seed` node beside it is NOT S-SCHEMA
2026-09-27T20:33:41.7427559Z 114  PASS    green      0  yes    s240-D3 DROP-OUT PROOF (#242): pl-30 retired → --check names R4-RETIRED-GENERATED · --write regenerates · the node KEEPS its row in polarities.json and appears in NONE of the three generated files
2026-09-27T20:33:41.7429989Z 115  PASS    green      0  yes    s240-D3 ADD-POLARITY (#242): a BRAND-NEW polarity with a `$seed` receipt is accepted by the writer (dry-run then --write), 31 rows, gate green after — #239-F green control (e), which had no legal form
2026-09-27T20:33:41.7432404Z 116  PASS    red        1  yes    100 LITERAL (#243 s243-D1): V's 31st row (pr-fitts/pr-hick) cites a FICTIONAL R1 path notes/nowhere.json — the node names its own oracle; S-SOURCE at --write, nothing written — #239 Q3 stands
2026-09-27T20:33:41.7433916Z 117  PASS    green      0  -      100 LEGAL (#243 s243-D1): the SAME 31st row with `$seed` = s240-D3 in place of `sources` — --write green
2026-09-27T20:33:41.7435310Z 118  PASS    red        1  yes    225 LITERAL (#243 s243-D1): a NEW node pl-33 whose ONLY receipt is the foreign path /etc/hostname (V225's receipt, verbatim) — S-ID + S-SOURCE (allow-list) at --write, nothing written
2026-09-27T20:33:41.7436763Z 119  PASS    red        1  yes    225 TWO RECEIPTS (#243 s243-D1): the SAME pl-33 carrying the foreign `sources` AND `$seed` = s240-D3 — S-SOURCE (BOTH receipts: ONE POINTER PER NODE), nothing written
2026-09-27T20:33:41.7437904Z 120  PASS    green      0  -      225 LEGAL (#243 s243-D1): the SAME pl-33 reduced to ONE legal receipt — the foreign `sources` gone, `$seed` = s240-D3 — --write green
2026-09-27T20:33:41.7438971Z 121  PASS    red        1  yes    235 LITERAL (#243 s243-D1): an orphan stub whose phrase is INVENTED ('an orphan phrase') — not verbatim in the R1 register; R3-JUDGEMENT-FIELD
2026-09-27T20:33:41.7440301Z 122  PASS    green      0  -      235 LEGAL (#243 s243-D1), lane F's #239 form (a): an orphan stub — declared, never used — whose phrase is VERBATIM from ONE field of the first R1 row, read from the R1 FILE ('Familiarity says converge on') — green
2026-09-27T20:33:41.7441559Z 123  PASS    red        1  yes    248 LITERAL (#243 s243-D1): a node whose BOTH parties are declared stubs cites source path 'x' — S-SOURCE at --write, nothing written
2026-09-27T20:33:41.7442428Z 124  PASS    green      0  -      248 LEGAL (#243 s243-D1): the SAME all-stub node with `$seed` = s240-D3 — --write green
2026-09-27T20:33:41.7443374Z 125  PASS    red        1  yes    321 LITERAL (#243 s243-D1): all 30 rows DELETED, then the writer appends a `$seed` node — 30 frozen rows claimed by no node; S-SOURCE, file untouched
2026-09-27T20:33:41.7444882Z 126  PASS    green      0  -      321 LEGAL (#243 s243-D1): all 30 rows RETIRED (`retiredBy` = s240-D3) and --write green, then the writer appends the `$seed` node — 31 rows KEPT in polarities.json, no retired id in any row or byte under _generated/
2026-09-27T20:33:41.7446224Z 127  PASS    red        1  yes    326 LITERAL (#243 s243-D1): polarities.json re-indented to 2 spaces, the writer's entry cites 'selftest' as its source — S-SOURCE, file untouched
2026-09-27T20:33:41.7447290Z 128  PASS    green      0  -      326 LEGAL (#243 s243-D1): the SAME 2-space file, the SAME entry with `$seed` = s240-D3 — writer green, 31 rows, gate green after
2026-09-27T20:33:41.7448166Z 129  PASS    red        1  yes    V70 R4 generated_at in 2099 on all three derived files — a future clock is a hand edit (#239 Q4)
2026-09-27T20:33:41.7448715Z 130  PASS    red        1  yes    V71 R4 generated_at "banana" (#239 Q4)
2026-09-27T20:33:41.7449172Z 131  PASS    red        1  yes    Q4 R4 generated_at before the R1 asset's date (1999) (#239 Q4)
2026-09-27T20:33:41.7449808Z 132  PASS    red        1  yes    Q4 R4 one file's clock moved one second — the three clocks must agree (#239 Q4)
2026-09-27T20:33:41.7450456Z 133  PASS    red        1  yes    FRESHNESS: home edited, generated files not re-derived → STALE
2026-09-27T20:33:41.7451001Z 134  PASS    red        1  yes    FRESHNESS: a generated file deleted → MISSING
2026-09-27T20:33:41.7451722Z 135  PASS    red        1  yes    Q7 (#239): a check that RAISES inside gate() is NAMED S-SHAPE with its exception class — a crash is not a fail
2026-09-27T20:33:41.7452366Z 136  PASS    red        1  yes    WRITE: --write on a refused home writes NOTHING (hashes equal)
2026-09-27T20:33:41.7452952Z 137  PASS    green      0  yes    WRITE: stale → --write → fresh (rc 1 → 0 → 0)
2026-09-27T20:33:41.7453488Z 138  PASS    green      0  yes    WRITE: determinism — two writes differ only in generated_at
2026-09-27T20:33:41.7454457Z 139  PASS    green      0  yes    ADD-POLARITY: pl-30 dropped then re-added as pl-31 — dry-run leaves bytes; --write = original + one span; 30 rows; gate green after (#239: every frozen row is claimed)
2026-09-27T20:33:41.7456169Z 140  PASS    red        1  yes    ADD-POLARITY: an entry with a typed status is REFUSED by name, nothing written
2026-09-27T20:33:41.7457424Z 141  PASS    red        1  yes    V324 ADD-POLARITY: an entry whose quote has no reachable source is REFUSED (S-SOURCE + R3-QUOTE-NOT-VERBATIM), nothing written (#239 Q3)
2026-09-27T20:33:41.7458591Z 142  PASS    green      0  yes    ADD-STUB: a verbatim phrase appended textually; 3-key stub REFUSED (S-STUB-SHAPE); V328 the U+200B phrase REFUSED (S-FORMAT-CHAR), nothing written
2026-09-27T20:33:41.7459514Z 143  PASS    green      0  yes    CLI: `--check` rc 0 on the real home, rc 1 + R2-UNTYPED on the mutant (via --brain AND via POLARITY_BRAIN_DIR)
2026-09-27T20:33:41.7460181Z 144  PASS    red        2  yes    CLI: bare and unknown argv refuse with rc 2 (argv contract, #208 class)
2026-09-27T20:33:41.7460902Z 145  PASS    red        2  yes    V-A1/A2 CLI: `--dry-run --write`, `--check --write`, `--check --selftest` refuse rc 2 and write nothing (#239 argv contract)
2026-09-27T20:33:41.7461885Z 146  PASS    red        1  yes    V-D1 (#239 Q8): home ABSENT in the SOURCE repo (the store is here) → rc 1 S-SHAPE, never 77 — the build and the seam both stop
2026-09-27T20:33:41.7462874Z 147  PASS    77        77  yes    COULD-NOT-ASK: home absent AND no store (a shipped pack) → rc 77 + marker naming the path (pack classifier reads it as REPO-BOUND)
2026-09-27T20:33:41.7463925Z 148  PASS    77        77  yes    COULD-NOT-ASK: declaration source absent → 77 on a clean home, but a real refusal is STILL rc 1 first (the refusal path is not swallowed)
2026-09-27T20:33:41.7464876Z 149  PASS    red        1  yes    SELFTEST on an absent home refuses by name, no traceback (#239, V finding 16)
2026-09-27T20:33:41.7465900Z 150  PASS    green      0  yes    WIRING: STEPS has --check + --selftest rows; _git_commit.sh invokes --check on a live line, DECLARES a POLARITY_BRAIN_DIR redirect and gates the tree's own home (V-D2, #239); the seam harness stubs it
2026-09-27T20:33:41.7466839Z ----------------------------------------------------------------------------------------------------
2026-09-27T20:33:41.7467813Z arms 150 · red arms 128 (went red by name 128/128) · green arms 20 · no-fire/77 arms 2 · new #239 arms 72 · new #242 (s240-D3 receipt) arms 12 · new #243 (s243-D1 six controls) arms 13 · failures 0
2026-09-27T20:33:41.7468713Z ✓ selftest OK — control green; every refusal arm red by its name; nothing written on refusal
2026-09-27T20:33:41.7868110Z COULD-NOT-ASK: GEOMETRY: HARNESS UNAVAILABLE — playwright not importable (No module named 'playwright'). Install it with `pip install playwright && playwright install chromium`; at the seat, source knowledge/_render/seat_env.sh. This is NOT a pass.
2026-09-27T20:33:41.8423885Z COULD-NOT-ASK: OWN-SIZE: HARNESS UNAVAILABLE — playwright not importable (No module named 'playwright'). Install it with `pip install playwright && playwright install chromium`; at the seat, source knowledge/_render/seat_env.sh. This is NOT a pass.
2026-09-27T20:33:41.8476576Z 
2026-09-27T20:33:41.8477364Z 
2026-09-27T20:33:41.8478678Z === [143/154] frozen-release gate — v1/v2 and any baked Spider surface may not move without a version bump (BLOCKING, s114-D4, built #219) — _release/_gate_frozen_release.py ===
2026-09-27T20:33:41.8479316Z 
2026-09-27T20:33:41.8479869Z === [144/154] frozen-release selftest — 11 bites on a fixture repo incl. the laundering mutant (#219) — _release/_gate_frozen_release.py ===
2026-09-27T20:33:41.8480380Z 
2026-09-27T20:33:41.8480993Z === [145/154] pack ship-list audit — the manifest is byte-identical to a fresh generation at its own commit (BLOCKING, built #219) — _release/_gate_release_audit.py ===
2026-09-27T20:33:41.8481573Z 
2026-09-27T20:33:41.8482044Z === [146/154] release-audit selftest — manifest compare + the pack arm's resting refusal (#219) — _release/_gate_release_audit.py ===
2026-09-27T20:33:41.8482500Z 
2026-09-27T20:33:41.8482976Z === [147/154] pack-side CI template — parses, ships what it calls, hides nothing (BLOCKING, built #219) — _release/_gate_ci_template.py ===
2026-09-27T20:33:41.8483461Z 
2026-09-27T20:33:41.8484033Z ⊘ step 'pack-side CI template — parses, ships what it calls, hides nothing (BLOCKING, built #219)' COULD-NOT-ASK (exit 77) — declared refusal, build continues
2026-09-27T20:33:41.8484587Z 
2026-09-27T20:33:41.8485583Z === [148/154] pack-side CI template selftest — 10 mutants incl. a smuggled continue-on-error (#219) — _release/_gate_ci_template.py ===
2026-09-27T20:33:41.8486057Z 
2026-09-27T20:33:41.8486605Z ⊘ step 'pack-side CI template selftest — 10 mutants incl. a smuggled continue-on-error (#219)' COULD-NOT-ASK (exit 77) — declared refusal, build continues
2026-09-27T20:33:41.8487111Z 
2026-09-27T20:33:41.8487724Z === [149/154] baked-pack audit — a zip in apollo-spider/dist/ must match the manifest (BLOCKING; refuses while nothing is baked) (#219) — _release/_gate_release_audit.py ===
2026-09-27T20:33:41.8488293Z 
2026-09-27T20:33:41.8488828Z === [150/154] pack ship-list drift — how far behind HEAD the manifest is (ADVISORY, ⬛ re-cutting is Dave's) (#219) — _release/_gate_release_audit.py ===
2026-09-27T20:33:41.8489356Z 
2026-09-27T20:33:41.8489912Z ⚠ advisory step 'pack ship-list drift — how far behind HEAD the manifest is (ADVISORY, ⬛ re-cutting is Dave's) (#219)' reported findings (exit 1) — non-gating
2026-09-27T20:33:41.8490435Z 
2026-09-27T20:33:41.8491007Z === [151/154] polarity gate — five refusals + content-fresh derived status/edges/declaration (BLOCKING, s238-D7, built #238) — _validate_polarities.py ===
2026-09-27T20:33:41.8491533Z 
2026-09-27T20:33:41.8491987Z === [152/154] polarity gate selftest — control + every refusal arm on a copy of the real rows (s238-D7) — _validate_polarities.py ===
2026-09-27T20:33:41.8492461Z 
2026-09-27T20:33:41.8493125Z === [153/154] geometry gate — alignment, gutters, edges, bar width, dead space, overlap, clipped text, overflow, stretch on generated pages (ADVISORY, built #304) — _validate_geometry.py ===
2026-09-27T20:33:41.8493743Z 
2026-09-27T20:33:41.8494526Z ⊘ step 'geometry gate — alignment, gutters, edges, bar width, dead space, overlap, clipped text, overflow, stretch on generated pages (ADVISORY, built #304)' COULD-NOT-ASK (exit 77) — declared refusal, build continues
2026-09-27T20:33:41.8495406Z 
2026-09-27T20:33:41.8495879Z === [154/154] own-size gate — every part at its reference size on generated pages (ADVISORY, built #304) — _validate_own_size.py ===
2026-09-27T20:33:41.8496325Z 
2026-09-27T20:33:41.8496868Z ⊘ step 'own-size gate — every part at its reference size on generated pages (ADVISORY, built #304)' COULD-NOT-ASK (exit 77) — declared refusal, build continues
2026-09-27T20:33:41.8497396Z 
2026-09-27T20:33:41.8497626Z ✅ all generators ran and the integrity + contrast gates passed.
2026-09-27T20:33:41.8562304Z ##[group]Run python3 knowledge/_tests/test_gates.py
2026-09-27T20:33:41.8562702Z [36;1mpython3 knowledge/_tests/test_gates.py[0m
2026-09-27T20:33:41.8631336Z shell: /usr/bin/bash -e {0}
2026-09-27T20:33:41.8631600Z env:
2026-09-27T20:33:41.8632091Z   pythonLocation: /opt/hostedtoolcache/Python/3.12.14/x64
2026-09-27T20:33:41.8632537Z   PKG_CONFIG_PATH: /opt/hostedtoolcache/Python/3.12.14/x64/lib/pkgconfig
2026-09-27T20:33:41.8632961Z   Python_ROOT_DIR: /opt/hostedtoolcache/Python/3.12.14/x64
2026-09-27T20:33:41.8633337Z   Python2_ROOT_DIR: /opt/hostedtoolcache/Python/3.12.14/x64
2026-09-27T20:33:41.8633700Z   Python3_ROOT_DIR: /opt/hostedtoolcache/Python/3.12.14/x64
2026-09-27T20:33:41.8634064Z   LD_LIBRARY_PATH: /opt/hostedtoolcache/Python/3.12.14/x64/lib
2026-09-27T20:33:41.8634390Z ##[endgroup]
2026-09-27T20:34:05.9570760Z gate self-test: does every gate BITE what it was built to catch?
2026-09-27T20:34:05.9571083Z 
2026-09-27T20:34:05.9571357Z   PASS  control: pristine copy passes all 6 static gates
2026-09-27T20:34:05.9571741Z   PASS  write-gate bites a bare no-args invocation
2026-09-27T20:34:05.9572089Z   PASS  write-gate control: --write proceeds
2026-09-27T20:34:05.9572499Z   PASS  radius gate's own bites run (8 longhand mutants + token controls, #221)
2026-09-27T20:34:05.9572992Z   PASS  no-hardcode gate's own bites run (8 planted + 8 clean, #221)
2026-09-27T20:34:05.9573471Z   PASS  theme-provenance report order is DERIVED, not filesystem order (#221)
2026-09-27T20:34:05.9574017Z   PASS  wiring gate's own bites run (13, incl. the widened glob + the anti-laundering arm, #221)
2026-09-27T20:34:05.9574560Z   PASS  s263-D10 rulings-page wrap check bites a stale page (4 arms, #265-B)
2026-09-27T20:34:05.9575316Z   PASS  snippet gate bites on token drift
2026-09-27T20:34:05.9575635Z   PASS  snippet gate bites on failing contrast
2026-09-27T20:34:05.9575969Z   PASS  snippet gate bites on icon 4.5 dead-zone
2026-09-27T20:34:05.9576292Z   PASS  snippet gate bites on missing focus
2026-09-27T20:34:05.9576599Z   PASS  snippet gate bites on uppercase CSS
2026-09-27T20:34:05.9576906Z   PASS  snippet gate bites on ALL-CAPS text run
2026-09-27T20:34:05.9577214Z   PASS  snippet gate bites on italics
2026-09-27T20:34:05.9577502Z   PASS  snippet gate bites on text-shadow
2026-09-27T20:34:05.9577806Z   PASS  snippet gate bites on raw red text
2026-09-27T20:34:05.9578111Z   PASS  snippet gate bites on possessive HSBC's
2026-09-27T20:34:05.9578426Z   PASS  snippet gate bites on element-type alt
2026-09-27T20:34:05.9578766Z   PASS  snippet gate bites on bare link text
2026-09-27T20:34:05.9579078Z   PASS  a11y gate bites on missing reduced-motion
2026-09-27T20:34:05.9579391Z   PASS  a11y gate bites on sub-24 target floor
2026-09-27T20:34:05.9579681Z   PASS  icon gate bites on invented path
2026-09-27T20:34:05.9579966Z   PASS  icon gate bites on shape-only icon
2026-09-27T20:34:05.9580263Z   PASS  icon gate bites on mis-twinned fill glyph
2026-09-27T20:34:05.9580599Z   PASS  coverage gate bites on orphan snippet
2026-09-27T20:34:05.9580903Z   PASS  coverage gate bites on meta w/o snippet
2026-09-27T20:34:05.9581210Z   PASS  dark-surface gate bites on flat white
2026-09-27T20:34:05.9581518Z   PASS  compose gate bites on rogue hex
2026-09-27T20:34:05.9581816Z   PASS  compose gate bites on undefined class
2026-09-27T20:34:05.9582123Z   PASS  compose gate bites on class redefinition
2026-09-27T20:34:05.9582432Z   PASS  compose gate bites on duplicate title
2026-09-27T20:34:05.9582622Z 
2026-09-27T20:34:05.9582718Z 32 test(s), 0 failure(s)
2026-09-27T20:34:05.9583098Z skipped by design: state-contrast / screen --render (need a browser; see docstring)
2026-09-27T20:34:05.9673507Z ##[group]Run python3 knowledge/_tests/test_advisory.py
2026-09-27T20:34:05.9673910Z [36;1mpython3 knowledge/_tests/test_advisory.py[0m
2026-09-27T20:34:05.9740880Z shell: /usr/bin/bash -e {0}
2026-09-27T20:34:05.9741145Z env:
2026-09-27T20:34:05.9741421Z   pythonLocation: /opt/hostedtoolcache/Python/3.12.14/x64
2026-09-27T20:34:05.9741871Z   PKG_CONFIG_PATH: /opt/hostedtoolcache/Python/3.12.14/x64/lib/pkgconfig
2026-09-27T20:34:05.9742297Z   Python_ROOT_DIR: /opt/hostedtoolcache/Python/3.12.14/x64
2026-09-27T20:34:05.9742680Z   Python2_ROOT_DIR: /opt/hostedtoolcache/Python/3.12.14/x64
2026-09-27T20:34:05.9743306Z   Python3_ROOT_DIR: /opt/hostedtoolcache/Python/3.12.14/x64
2026-09-27T20:34:05.9743685Z   LD_LIBRARY_PATH: /opt/hostedtoolcache/Python/3.12.14/x64/lib
2026-09-27T20:34:05.9744019Z ##[endgroup]
2026-09-27T20:34:06.5373892Z advisory bite-tests: 19 case(s), all bite ✅ (and none block — exit 0 throughout)
2026-09-27T20:34:06.5468025Z ##[group]Run bash knowledge/_git_commit.sh --selftest
2026-09-27T20:34:06.5468434Z [36;1mbash knowledge/_git_commit.sh --selftest[0m
2026-09-27T20:34:06.5535828Z shell: /usr/bin/bash -e {0}
2026-09-27T20:34:06.5536091Z env:
2026-09-27T20:34:06.5536374Z   pythonLocation: /opt/hostedtoolcache/Python/3.12.14/x64
2026-09-27T20:34:06.5536821Z   PKG_CONFIG_PATH: /opt/hostedtoolcache/Python/3.12.14/x64/lib/pkgconfig
2026-09-27T20:34:06.5537249Z   Python_ROOT_DIR: /opt/hostedtoolcache/Python/3.12.14/x64
2026-09-27T20:34:06.5537623Z   Python2_ROOT_DIR: /opt/hostedtoolcache/Python/3.12.14/x64
2026-09-27T20:34:06.5537988Z   Python3_ROOT_DIR: /opt/hostedtoolcache/Python/3.12.14/x64
2026-09-27T20:34:06.5538380Z   LD_LIBRARY_PATH: /opt/hostedtoolcache/Python/3.12.14/x64/lib
2026-09-27T20:34:06.5538704Z ##[endgroup]
2026-09-27T20:34:06.5817773Z — #208 msgfile-prefix gate selftest
2026-09-27T20:34:06.6042584Z   [OK]   non-wrap prefix (the #170 shape) is seen (expected 1)
2026-09-27T20:34:06.6262444Z   [OK]   WRAP prefix (the shape #170 MISSED) is seen (expected 1)
2026-09-27T20:34:06.6472728Z   [OK]   doubled non-wrap prefix counts 2 (expected 2)
2026-09-27T20:34:06.6689413Z   [OK]   wrap-into-non-wrap stack counts 2 (the hole) (expected 2)
2026-09-27T20:34:06.6901646Z   [OK]   tripled counts 3 (expected 3)
2026-09-27T20:34:06.7116684Z   [OK]   a fresh subject carries no prefix (expected 0)
2026-09-27T20:34:06.7331554Z   [OK]   session ref with no date is not a prefix (expected 0)
2026-09-27T20:34:06.7548805Z   [OK]   date with no session ref is not a prefix (expected 0)
2026-09-27T20:34:06.7766079Z   [OK]   hyphen is not the em-dash separator (expected 0)
2026-09-27T20:34:06.7991395Z   [OK]   prose mentioning a session mid-line (expected 0)
2026-09-27T20:34:06.8223086Z   [OK]   honest subject QUOTING a prior prefix mid-line (expected 1)
2026-09-27T20:34:06.8448756Z   [OK]   a quoted prefix with no prefix of its own (expected 0)
2026-09-27T20:34:06.8682404Z   [OK]   a prefix after a leading word is not a stack (expected 0)
2026-09-27T20:34:06.8700391Z   [OK]   PREFIX_ACK hatch present (declared passes, silent fails)
2026-09-27T20:34:06.8701212Z — s294-D5 push-credential expiry gate selftest (fake clock: APOLLO_FAKE_TODAY)
2026-09-27T20:34:06.8730049Z   [OK]   the stamped expiry is READ from the ledger, one place, one date (expected 2026-11-06)
2026-09-27T20:34:06.8808665Z   [OK]   far out (2026-01-01) ⇒ OK (expected OK)
2026-09-27T20:34:06.8886133Z   [OK]   15 days out (2026-10-22) ⇒ OK — the boundary is NOT off by one (expected OK)
2026-09-27T20:34:06.8962636Z   [OK]   14 days out (2026-10-23) ⇒ WARN (expected WARN)
2026-09-27T20:34:06.9039882Z   [OK]   1 day out (2026-11-05) ⇒ WARN (expected WARN)
2026-09-27T20:34:06.9117164Z   [OK]   the day itself (2026-11-06) ⇒ WARN, not yet expired (expected WARN)
2026-09-27T20:34:06.9195153Z   [OK]   one day past (2026-11-07) ⇒ EXPIRED (expected EXPIRED)
2026-09-27T20:34:06.9271865Z   [OK]   long past (2027-03-01) ⇒ EXPIRED (expected EXPIRED)
2026-09-27T20:34:06.9351005Z   [OK]   days-remaining is COMPUTED, not narrated (2026-10-30 ⇒ 7) (expected 7)
2026-09-27T20:34:06.9380051Z   [OK]   an unreadable stamp ⇒ UNREADABLE (a refusal, never a pass) (expected UNREADABLE)
2026-09-27T20:34:06.9403929Z   [OK]   with no fake clock the gate reads the REAL date (YYYY-MM-DD shape) (expected 1)
2026-09-27T20:34:06.9426637Z   [OK]   no refusal instructs pasting a credential into chat (s294-D5) (expected 0)
2026-09-27T20:34:06.9458038Z   [OK]   the credential is only TESTED, never printed (no unpiped git config remote.origin.url) (expected 0)
2026-09-27T20:34:06.9532408Z   [OK]   the expiry gate sits AFTER the credential check and BEFORE the push (expected 1)
2026-09-27T20:34:06.9533927Z — s305-D30 push-credential check selftest (fixture repos, no real credential)
2026-09-27T20:34:06.9774215Z   [OK]   clean URL, no helper ⇒ NO credential (the refusal's condition) (expected 0)
2026-09-27T20:34:06.9856707Z   [OK]   clean URL + the repo-local helper ⇒ credential PRESENT (s305-D30) (expected 1)
2026-09-27T20:34:06.9883119Z   [OK]   token-in-URL form still accepted (a pre-#305 seat) (expected 1)
2026-09-27T20:34:06.9967777Z   [OK]   the helper's answer is only TESTED, never printed (expected 0)
2026-09-27T20:34:07.0004275Z ✓ selftest OK — 32 bites: 6 fire, 7 stay silent, 1 hatch present, 14 on the s294-D5 expiry gate, 4 on the s305-D30 credential check
2026-09-27T20:34:07.0039658Z ##[group]Run python3 knowledge/_validate_evidence.py notes/_claims
2026-09-27T20:34:07.0040154Z [36;1mpython3 knowledge/_validate_evidence.py notes/_claims[0m
2026-09-27T20:34:07.0107671Z shell: /usr/bin/bash -e {0}
2026-09-27T20:34:07.0107939Z env:
2026-09-27T20:34:07.0108249Z   pythonLocation: /opt/hostedtoolcache/Python/3.12.14/x64
2026-09-27T20:34:07.0108699Z   PKG_CONFIG_PATH: /opt/hostedtoolcache/Python/3.12.14/x64/lib/pkgconfig
2026-09-27T20:34:07.0109127Z   Python_ROOT_DIR: /opt/hostedtoolcache/Python/3.12.14/x64
2026-09-27T20:34:07.0109500Z   Python2_ROOT_DIR: /opt/hostedtoolcache/Python/3.12.14/x64
2026-09-27T20:34:07.0109868Z   Python3_ROOT_DIR: /opt/hostedtoolcache/Python/3.12.14/x64
2026-09-27T20:34:07.0110239Z   LD_LIBRARY_PATH: /opt/hostedtoolcache/Python/3.12.14/x64/lib
2026-09-27T20:34:07.0110565Z ##[endgroup]
2026-09-27T20:34:38.8391987Z evidence linter: 336 row(s) from 10 file(s) · 297 mechanical
2026-09-27T20:34:38.8394151Z   ⛔ L1-1 — DEAD POINTER: evidence names `tokens/_blast-radius.json`, which does not exist on disk — a dead pointer reads as evidence. If the ABSENCE is the claim, write `absent:tokens/_blast-radius.json`; if the file lives outside the repo, use the ruled s191-D2 marker `(NON-REPO: <where>)`
2026-09-27T20:34:38.8396940Z   ⛔ L1-4 — s182-D1: MECHANICAL row (tag=PROVEN verdict=None) carries NO probeable token — no command, no existing path, no figure. Evidence: "The verbatim gate line in L1-3. ⛔ Do not quote the brief's numbers"
2026-09-27T20:34:38.8399487Z   ⛔ L1-1 — DEAD POINTER: evidence names `tokens/_blast-radius.json`, which does not exist on disk — a dead pointer reads as evidence. If the ABSENCE is the claim, write `absent:tokens/_blast-radius.json`; if the file lives outside the repo, use the ruled s191-D2 marker `(NON-REPO: <where>)`
2026-09-27T20:34:38.8402469Z   ⛔ C-2 — s182-D1: MECHANICAL row (tag=None verdict=CONFIRMED) carries NO probeable token — no command, no existing path, no figure. Evidence: 'The claim table only counted `PROPOSED` in the snippets. The brief (step 3) requires it in'
2026-09-27T20:34:38.8405250Z   ⛔ H-5 — s182-D1: MECHANICAL row (tag=None verdict=CONFIRMED) carries NO probeable token — no command, no existing path, no figure. Evidence: 'C-6 + L1-10: the six are absent from canon, the generators exist, the reconciliation is av'
2026-09-27T20:34:38.8408223Z   ⛔ W2-13 — DEAD POINTER (truncated): evidence names `notes/x.md…`, and NO path on disk starts with it — the trailing ellipsis does not make a dead pointer legal (#208 laundering hole). Write the full path, or `absent:notes/x.md` if the ABSENCE is the claim, or add the ruled `(NON-REPO: <where>)` marker
2026-09-27T20:34:38.8410147Z ── s182-D1 LINT: 6 failure(s)
2026-09-27T20:34:38.8411981Z ── SAMPLER · seed=205 · pool=230 row(s) with a command · 15 with a declared observation (always drawn) · drawn=20: G-c, W1-5, W2-3, W2-3, W46-11, WIRE-10, WIRE-11, WIRE-13, WIRE-14, WIRE-15, WIRE-18, WIRE-19, WIRE-20, WIRE-21, WIRE-3, WIRE-4, WIRE-5, WIRE-6, WIRE-8, WIRE-9
2026-09-27T20:34:38.8414090Z   ⛔ REFUSED [UNSAFE] G-c — `python3 -c "import _gate_doc_rows as g; g.unrowed(store, pop + [('2026-08-19','notes/_briefs/2026-08`
2026-09-27T20:34:38.8415241Z       `python3 -c` runs arbitrary code — cannot be judged read-only
2026-09-27T20:34:38.8416325Z   ⛔ REFUSED [DOES-NOT-TERMINATE] W1-5 — `python3 knowledge/_capture_gate.py --selftest` did not exit within 30s
2026-09-27T20:34:38.8417723Z   ⛔ REFUSED [SIDE-EFFECTS] W2-3 — `python3 knowledge/_state.py`
2026-09-27T20:34:38.8418708Z       a bare `python3` REWRITES its tracked audit output; #204 declared this exact stop. Only --check/--selftest/--dry-run forms are sampled
2026-09-27T20:34:38.8419790Z   ⛔ REFUSED [SIDE-EFFECTS] W2-3 — `python3 knowledge/_state.py`
2026-09-27T20:34:38.8420781Z       a bare `python3` REWRITES its tracked audit output; #204 declared this exact stop. Only --check/--selftest/--dry-run forms are sampled
2026-09-27T20:34:38.8422435Z   ⛔ REFUSED [SIDE-EFFECTS] W46-11 — `python3 knowledge/_memento_search.py "brief generator mint open items fences"`
2026-09-27T20:34:38.8423728Z       a bare `python3` REWRITES its tracked audit output; #204 declared this exact stop. Only --check/--selftest/--dry-run forms are sampled
2026-09-27T20:34:38.8425050Z   ⛔ REFUSED [UNSAFE] WIRE-10 — `bash knowledge/_git_commit.sh --selftest`
2026-09-27T20:34:38.8425726Z       head verb 'bash' is not on the read-only allowlist
2026-09-27T20:34:38.8426684Z   ✅ RAN WIRE-11 — `grep -c 'pat.match(s)' knowledge/_git_commit.sh` → rc=0 (matches declared + OBSERVATION)
2026-09-27T20:34:38.8427845Z   ✅ RAN WIRE-13 — `grep -c PREFIX_ACK knowledge/_git_commit.sh` → rc=0 (matches declared + OBSERVATION)
2026-09-27T20:34:38.8428916Z   ⛔ OBSERVATION MISMATCH WIRE-14 — `python3 knowledge/_build_all.py --selftest`
2026-09-27T20:34:38.8431032Z       stdout does NOT contain 'exact-ID failure routing over 127 steps' (declared expect_stdout_contains). First 120 chars of stdout: '  selftest (a): 154 registered step ID(s), each resolves to exactly one route ✓\n  selftest (b): unknown step ID refuses,'
2026-09-27T20:34:38.8433065Z   ✅ RAN WIRE-15 — `python3 knowledge/_probe_registry/_registry.py --run --probe P-3` → rc=77 (matches declared + OBSERVATION)
2026-09-27T20:34:38.8434293Z   ⛔ REFUSED [SIDE-EFFECTS] WIRE-18 — `python3 knowledge/_validate_evidence.py notes/_claims`
2026-09-27T20:34:38.8435713Z       a bare `python3` REWRITES its tracked audit output; #204 declared this exact stop. Only --check/--selftest/--dry-run forms are sampled
2026-09-27T20:34:38.8437369Z   ⛔ REFUSED [SIDE-EFFECTS] WIRE-19 — `python3 knowledge/_join_claim_tables.py notes/_claims/208-wave1-claims.jsonl notes/_claims/208-wave2`
2026-09-27T20:34:38.8438790Z       a bare `python3` REWRITES its tracked audit output; #204 declared this exact stop. Only --check/--selftest/--dry-run forms are sampled
2026-09-27T20:34:38.8440053Z   ⛔ RC MISMATCH WIRE-20 — `python3 knowledge/_governs.py --selftest` → rc=77, row declares rc=0
2026-09-27T20:34:38.8441136Z   ⛔ OBSERVATION MISMATCH WIRE-21 — `grep -c 'fetch-depth: 0' .github/workflows/gates.yml`
2026-09-27T20:34:38.8441870Z       expect_count=3 declared, command observed 4
2026-09-27T20:34:38.8442842Z   ✅ RAN WIRE-3 — `grep -c expect_stdout_contains knowledge/_claimtable.py` → rc=0 (matches declared + OBSERVATION)
2026-09-27T20:34:38.8444104Z   ✅ RAN WIRE-4 — `python3 knowledge/_validate_evidence.py --selftest` → rc=0 (matches declared + OBSERVATION)
2026-09-27T20:34:38.8445608Z   ✅ RAN WIRE-5 — `python3 knowledge/_validate_evidence.py --selftest` → rc=0 (matches declared + OBSERVATION)
2026-09-27T20:34:38.8446896Z   ✅ RAN WIRE-6 — `python3 knowledge/_validate_evidence.py --selftest` → rc=0 (matches declared + OBSERVATION)
2026-09-27T20:34:38.8448023Z   ✅ RAN WIRE-8 — `python3 knowledge/_validate_evidence.py --selftest` → rc=0 (matches declared + OBSERVATION)
2026-09-27T20:34:38.8449402Z   ⛔ REFUSED [SIDE-EFFECTS] WIRE-9 — `python3 knowledge/_validate_evidence.py notes/_claims/208-wave1-claims.jsonl notes/_claims/208-wave2`
2026-09-27T20:34:38.8450746Z       a bare `python3` REWRITES its tracked audit output; #204 declared this exact stop. Only --check/--selftest/--dry-run forms are sampled
2026-09-27T20:34:38.8452028Z ── DECLARED GAP: 9 of 20 sampled row(s) were NOT run. Refusal is the honest answer; none of them is counted as a pass.
2026-09-27T20:34:38.8453198Z ⛔ EVIDENCE GATE FAIL — 6 lint · 0 unparsed · 3 rc/observation mismatch
2026-09-27T20:34:38.8481171Z ##[error]Process completed with exit code 1.
2026-09-27T20:34:38.8532348Z ##[group]Run python3 knowledge/_gate_artefact_fresh.py --check
2026-09-27T20:34:38.8532814Z [36;1mpython3 knowledge/_gate_artefact_fresh.py --check[0m
2026-09-27T20:34:38.8599968Z shell: /usr/bin/bash -e {0}
2026-09-27T20:34:38.8600231Z env:
2026-09-27T20:34:38.8600506Z   pythonLocation: /opt/hostedtoolcache/Python/3.12.14/x64
2026-09-27T20:34:38.8600947Z   PKG_CONFIG_PATH: /opt/hostedtoolcache/Python/3.12.14/x64/lib/pkgconfig
2026-09-27T20:34:38.8601370Z   Python_ROOT_DIR: /opt/hostedtoolcache/Python/3.12.14/x64
2026-09-27T20:34:38.8601743Z   Python2_ROOT_DIR: /opt/hostedtoolcache/Python/3.12.14/x64
2026-09-27T20:34:38.8602124Z   Python3_ROOT_DIR: /opt/hostedtoolcache/Python/3.12.14/x64
2026-09-27T20:34:38.8602504Z   LD_LIBRARY_PATH: /opt/hostedtoolcache/Python/3.12.14/x64/lib
2026-09-27T20:34:38.8602834Z ##[endgroup]
2026-09-27T20:35:36.4899291Z artefact-freshness comparer (⬛ ADVISORY at birth, #221) — 7 declared row(s)
2026-09-27T20:35:36.4900059Z   method: snapshot -> run the writer -> compare -> RESTORE. The tree is byte-identical
2026-09-27T20:35:36.4900584Z   either side; the md5 line below is the receipt, not a promise.
2026-09-27T20:35:36.4901127Z   ✅ _validate_a11y.py                  FRESH          byte-identical (1 artefact(s))
2026-09-27T20:35:36.4901682Z   ✅ _validate_advisory.py              FRESH          byte-identical (1 artefact(s))
2026-09-27T20:35:36.4902252Z   ✅ _validate_theme_provenance.py      FRESH          byte-identical (1 artefact(s))
2026-09-27T20:35:36.4902797Z   ✅ _build_integrity.py                FRESH          byte-identical (1 artefact(s))
2026-09-27T20:35:36.4903320Z   ✅ _build_instrument_fit.py           FRESH          byte-identical (2 artefact(s))
2026-09-27T20:35:36.4903835Z   ✅ _validate_radius.py                FRESH          byte-identical (1 artefact(s))
2026-09-27T20:35:36.4904341Z   ✅ _validate_no_hardcode.py           FRESH          byte-identical (1 artefact(s))
2026-09-27T20:35:36.4905010Z   tally: 7 FRESH · 0 STALE · 0 COULD-NOT-ASK
2026-09-27T20:35:36.4905591Z   ⬛ ADVISORY: exit 0 regardless of drift. Promotion to blocking is DAVE'S (#220-L1 ruling-shaped Q3).
2026-09-27T20:35:36.4993217Z ##[group]Run python3 knowledge/_gate_inline_style_parse.py --check
2026-09-27T20:35:36.4993822Z [36;1mpython3 knowledge/_gate_inline_style_parse.py --check[0m
2026-09-27T20:35:36.5063329Z shell: /usr/bin/bash -e {0}
2026-09-27T20:35:36.5063601Z env:
2026-09-27T20:35:36.5063880Z   pythonLocation: /opt/hostedtoolcache/Python/3.12.14/x64
2026-09-27T20:35:36.5064312Z   PKG_CONFIG_PATH: /opt/hostedtoolcache/Python/3.12.14/x64/lib/pkgconfig
2026-09-27T20:35:36.5064964Z   Python_ROOT_DIR: /opt/hostedtoolcache/Python/3.12.14/x64
2026-09-27T20:35:36.5065372Z   Python2_ROOT_DIR: /opt/hostedtoolcache/Python/3.12.14/x64
2026-09-27T20:35:36.5065739Z   Python3_ROOT_DIR: /opt/hostedtoolcache/Python/3.12.14/x64
2026-09-27T20:35:36.5066128Z   LD_LIBRARY_PATH: /opt/hostedtoolcache/Python/3.12.14/x64/lib
2026-09-27T20:35:36.5066448Z ##[endgroup]
2026-09-27T20:35:36.6573055Z inline-style parse gate (⬛ ADVISORY at birth, #221 — the #122 seed)
2026-09-27T20:35:36.6573900Z   reader: html.parser (stdlib) · population: 11 file(s) · scope: DEF-004's own property families
2026-09-27T20:35:36.6575113Z   259 style attribute(s) parsed · 0 hardcode finding(s) · 0 PARSER-ONLY (the regex is blind) · 1 REGEX-ONLY (the regex hallucinates)
2026-09-27T20:35:36.6576498Z   ⬛ REGEX-ONLY: Tranche-1-interactive.html — the tree's pattern reads this as a live style attribute; a parse of the static document does NOT. It is in a comment, a <script> string, or a text node: 'margin-top:var(--space-8)'
2026-09-27T20:35:36.6577545Z      ⚠ READ THIS CAREFULLY BEFORE ACTING ON IT — a REGEX-ONLY hit is not
2026-09-27T20:35:36.6578043Z        automatically the regex being wrong. The one on this tree today is inside a
2026-09-27T20:35:36.6578634Z        `card.innerHTML='…'` string, so the static parse is right about the DOCUMENT
2026-09-27T20:35:36.6579591Z        and the value is nonetheless real at RUNTIME. The honest conclusion is that
2026-09-27T20:35:36.6580108Z        NEITHER reader is authoritative over injected markup, and this gate reports
2026-09-27T20:35:36.6580646Z        the disagreement rather than picking a winner. [[measure-dont-convert-units]]
2026-09-27T20:35:36.6581442Z   ✅ every style attribute in the population parses, and every declaration in one is either untouched by DEF-004 or already a token.
2026-09-27T20:35:36.6582472Z   ⬛ ADVISORY: exit 0 regardless. This is ONE parser over the NARROWEST population where a parser would have caught a proved false green (#220-L1 finding 12).
2026-09-27T20:35:36.6583481Z   ⬛ Widening it to the other seven regex gates is PRICED, not built, and whether a non-stdlib CSS parser may enter the gate set is DAVE'S.
2026-09-27T20:35:36.6718329Z Post job cleanup.
2026-09-27T20:35:36.8244333Z Post job cleanup.
2026-09-27T20:35:36.9179947Z [command]/usr/bin/git version
2026-09-27T20:35:36.9225905Z git version 2.55.0
2026-09-27T20:35:36.9266924Z Temporarily overriding HOME='/home/runner/work/_temp/004d5161-7d6e-4276-87c7-d189754f6d03' before making global git config changes
2026-09-27T20:35:36.9268353Z Adding repository directory to the temporary git global config as a safe directory
2026-09-27T20:35:36.9272974Z [command]/usr/bin/git config --global --add safe.directory /home/runner/work/UX-design/UX-design
2026-09-27T20:35:36.9312681Z Removing SSH command configuration
2026-09-27T20:35:36.9320544Z [command]/usr/bin/git config --local --name-only --get-regexp core\.sshCommand
2026-09-27T20:35:36.9362141Z [command]/usr/bin/git submodule foreach --recursive sh -c "git config --local --name-only --get-regexp 'core\.sshCommand' && git config --local --unset-all 'core.sshCommand' || :"
2026-09-27T20:35:36.9655213Z Removing HTTP extra header
2026-09-27T20:35:36.9661237Z [command]/usr/bin/git config --local --name-only --get-regexp http\.https\:\/\/github\.com\/\.extraheader
2026-09-27T20:35:36.9728163Z [command]/usr/bin/git submodule foreach --recursive sh -c "git config --local --name-only --get-regexp 'http\.https\:\/\/github\.com\/\.extraheader' && git config --local --unset-all 'http.https://github.com/.extraheader' || :"
2026-09-27T20:35:37.0034307Z Removing includeIf entries pointing to credentials config files
2026-09-27T20:35:37.0044057Z [command]/usr/bin/git config --local --name-only --get-regexp ^includeIf\.gitdir:
2026-09-27T20:35:37.0080656Z includeif.gitdir:/home/runner/work/UX-design/UX-design/.git.path
2026-09-27T20:35:37.0081359Z includeif.gitdir:/home/runner/work/UX-design/UX-design/.git/worktrees/*.path
2026-09-27T20:35:37.0081907Z includeif.gitdir:/github/workspace/.git.path
2026-09-27T20:35:37.0082370Z includeif.gitdir:/github/workspace/.git/worktrees/*.path
2026-09-27T20:35:37.0094105Z [command]/usr/bin/git config --local --get-all includeif.gitdir:/home/runner/work/UX-design/UX-design/.git.path
2026-09-27T20:35:37.0130575Z /home/runner/work/_temp/git-credentials-504c10e1-bc0c-435a-be02-37158d010967.config
2026-09-27T20:35:37.0146015Z [command]/usr/bin/git config --local --unset includeif.gitdir:/home/runner/work/UX-design/UX-design/.git.path /home/runner/work/_temp/git-credentials-504c10e1-bc0c-435a-be02-37158d010967.config
2026-09-27T20:35:37.0196641Z [command]/usr/bin/git config --local --get-all includeif.gitdir:/home/runner/work/UX-design/UX-design/.git/worktrees/*.path
2026-09-27T20:35:37.0245190Z /home/runner/work/_temp/git-credentials-504c10e1-bc0c-435a-be02-37158d010967.config
2026-09-27T20:35:37.0260246Z [command]/usr/bin/git config --local --unset includeif.gitdir:/home/runner/work/UX-design/UX-design/.git/worktrees/*.path /home/runner/work/_temp/git-credentials-504c10e1-bc0c-435a-be02-37158d010967.config
2026-09-27T20:35:37.0308541Z [command]/usr/bin/git config --local --get-all includeif.gitdir:/github/workspace/.git.path
2026-09-27T20:35:37.0338907Z /github/runner_temp/git-credentials-504c10e1-bc0c-435a-be02-37158d010967.config
2026-09-27T20:35:37.0348983Z [command]/usr/bin/git config --local --unset includeif.gitdir:/github/workspace/.git.path /github/runner_temp/git-credentials-504c10e1-bc0c-435a-be02-37158d010967.config
2026-09-27T20:35:37.0390603Z [command]/usr/bin/git config --local --get-all includeif.gitdir:/github/workspace/.git/worktrees/*.path
2026-09-27T20:35:37.0419299Z /github/runner_temp/git-credentials-504c10e1-bc0c-435a-be02-37158d010967.config
2026-09-27T20:35:37.0428902Z [command]/usr/bin/git config --local --unset includeif.gitdir:/github/workspace/.git/worktrees/*.path /github/runner_temp/git-credentials-504c10e1-bc0c-435a-be02-37158d010967.config
2026-09-27T20:35:37.0480713Z [command]/usr/bin/git submodule foreach --recursive git config --local --show-origin --name-only --get-regexp remote.origin.url
2026-09-27T20:35:37.0751037Z Removing credentials config '/home/runner/work/_temp/git-credentials-504c10e1-bc0c-435a-be02-37158d010967.config'
2026-09-27T20:35:37.0916737Z Cleaning up orphan processes
