2026-09-27T11:41:38.3494166Z Current runner version: '2.337.0'
2026-09-27T11:41:38.3561995Z ##[group]Runner Image Provisioner
2026-09-27T11:41:38.3563621Z Hosted Compute Agent
2026-09-27T11:41:38.3564763Z Version: 20260828.587
2026-09-27T11:41:38.3565828Z Commit: abac92662cab4cc7352de4f9f9d2e2419aad9c29
2026-09-27T11:41:38.3567521Z Build Date: 2026-08-28T16:44:25Z
2026-09-27T11:41:38.3568832Z Worker ID: {7e2d2b60-d13f-4e5f-956e-0fc86da45a0e}
2026-09-27T11:41:38.3570030Z Azure Region: eastus
2026-09-27T11:41:38.3571199Z ##[endgroup]
2026-09-27T11:41:38.3573795Z ##[group]Operating System
2026-09-27T11:41:38.3574961Z Ubuntu
2026-09-27T11:41:38.3575964Z 24.04.5
2026-09-27T11:41:38.3576847Z LTS
2026-09-27T11:41:38.3577774Z ##[endgroup]
2026-09-27T11:41:38.3578673Z ##[group]Runner Image
2026-09-27T11:41:38.3579795Z Image: ubuntu-24.04
2026-09-27T11:41:38.3580805Z Version: 20260920.314.1
2026-09-27T11:41:38.3583247Z Included Software: https://github.com/actions/runner-images/blob/ubuntu24/20260920.314/images/ubuntu/Ubuntu2404-Readme.md
2026-09-27T11:41:38.3585953Z Image Release: https://github.com/actions/runner-images/releases/tag/ubuntu24%2F20260920.314
2026-09-27T11:41:38.3587746Z ##[endgroup]
2026-09-27T11:41:38.3589789Z ##[group]GITHUB_TOKEN Permissions
2026-09-27T11:41:38.3592982Z Contents: read
2026-09-27T11:41:38.3594016Z Metadata: read
2026-09-27T11:41:38.3595018Z Packages: read
2026-09-27T11:41:38.3595972Z ##[endgroup]
2026-09-27T11:41:38.3599288Z Secret source: Actions
2026-09-27T11:41:38.3600921Z Cache mode: write
2026-09-27T11:41:38.3602326Z Prepare workflow directory
2026-09-27T11:41:38.4085550Z Prepare all required actions
2026-09-27T11:41:38.4157216Z Getting action download info
2026-09-27T11:41:38.6391360Z Download action repository 'actions/checkout@v6' (SHA:d23441a48e516b6c34aea4fa41551a30e30af803)
2026-09-27T11:41:38.7731384Z Download action repository 'actions/setup-python@v6' (SHA:ece7cb06caefa5fff74198d8649806c4678c61a1)
2026-09-27T11:41:38.9500150Z Complete job name: gates
2026-09-27T11:41:39.0352277Z ##[group]Run actions/checkout@v6
2026-09-27T11:41:39.0353427Z with:
2026-09-27T11:41:39.0353864Z   fetch-depth: 0
2026-09-27T11:41:39.0354327Z   repository: daveasewen/UX-design
2026-09-27T11:41:39.0358256Z   token: ***
2026-09-27T11:41:39.0358805Z   ssh-strict: true
2026-09-27T11:41:39.0359236Z   ssh-user: git
2026-09-27T11:41:39.0359684Z   persist-credentials: true
2026-09-27T11:41:39.0360173Z   clean: true
2026-09-27T11:41:39.0360620Z   sparse-checkout-cone-mode: true
2026-09-27T11:41:39.0361132Z   fetch-tags: false
2026-09-27T11:41:39.0361568Z   show-progress: true
2026-09-27T11:41:39.0362008Z   lfs: false
2026-09-27T11:41:39.0362568Z   submodules: false
2026-09-27T11:41:39.0363019Z   set-safe-directory: true
2026-09-27T11:41:39.0363509Z   allow-unsafe-pr-checkout: false
2026-09-27T11:41:39.0364275Z ##[endgroup]
2026-09-27T11:41:39.1384059Z Syncing repository: daveasewen/UX-design
2026-09-27T11:41:39.1385870Z ##[group]Getting Git version info
2026-09-27T11:41:39.1386682Z Working directory is '/home/runner/work/UX-design/UX-design'
2026-09-27T11:41:39.1387709Z [command]/usr/bin/git version
2026-09-27T11:41:39.1445504Z git version 2.55.0
2026-09-27T11:41:39.1470205Z ##[endgroup]
2026-09-27T11:41:39.1487580Z Temporarily overriding HOME='/home/runner/work/_temp/fe0b2f1f-76eb-47ba-a518-7711ac817b70' before making global git config changes
2026-09-27T11:41:39.1490132Z Adding repository directory to the temporary git global config as a safe directory
2026-09-27T11:41:39.1495338Z [command]/usr/bin/git config --global --add safe.directory /home/runner/work/UX-design/UX-design
2026-09-27T11:41:39.1550011Z Deleting the contents of '/home/runner/work/UX-design/UX-design'
2026-09-27T11:41:39.1554726Z ##[group]Determining repository object format
2026-09-27T11:41:39.1557567Z ##[endgroup]
2026-09-27T11:41:39.1558878Z ##[group]Initializing the repository
2026-09-27T11:41:39.1565746Z [command]/usr/bin/git init /home/runner/work/UX-design/UX-design
2026-09-27T11:41:39.1691371Z hint: Using 'master' as the name for the initial branch. This default branch name
2026-09-27T11:41:39.1693999Z hint: will change to "main" in Git 3.0. To configure the initial branch name
2026-09-27T11:41:39.1695907Z hint: to use in all of your new repositories, which will suppress this warning,
2026-09-27T11:41:39.1697635Z hint: call:
2026-09-27T11:41:39.1698706Z hint:
2026-09-27T11:41:39.1700060Z hint: 	git config --global init.defaultBranch <name>
2026-09-27T11:41:39.1701513Z hint:
2026-09-27T11:41:39.1703185Z hint: Names commonly chosen instead of 'master' are 'main', 'trunk' and
2026-09-27T11:41:39.1705178Z hint: 'development'. The just-created branch can be renamed via this command:
2026-09-27T11:41:39.1706697Z hint:
2026-09-27T11:41:39.1707720Z hint: 	git branch -m <name>
2026-09-27T11:41:39.1708904Z hint:
2026-09-27T11:41:39.1710493Z hint: Disable this message with "git config set advice.defaultBranchName false"
2026-09-27T11:41:39.1713084Z Initialized empty Git repository in /home/runner/work/UX-design/UX-design/.git/
2026-09-27T11:41:39.1716562Z [command]/usr/bin/git remote add origin https://github.com/daveasewen/UX-design
2026-09-27T11:41:39.1769621Z ##[endgroup]
2026-09-27T11:41:39.1770925Z ##[group]Disabling automatic garbage collection
2026-09-27T11:41:39.1772214Z [command]/usr/bin/git config --local gc.auto 0
2026-09-27T11:41:39.1805230Z ##[endgroup]
2026-09-27T11:41:39.1806790Z ##[group]Setting up auth
2026-09-27T11:41:39.1807697Z Removing SSH command configuration
2026-09-27T11:41:39.1814000Z [command]/usr/bin/git config --local --name-only --get-regexp core\.sshCommand
2026-09-27T11:41:39.1851078Z [command]/usr/bin/git submodule foreach --recursive sh -c "git config --local --name-only --get-regexp 'core\.sshCommand' && git config --local --unset-all 'core.sshCommand' || :"
2026-09-27T11:41:39.2218408Z Removing HTTP extra header
2026-09-27T11:41:39.2228071Z [command]/usr/bin/git config --local --name-only --get-regexp http\.https\:\/\/github\.com\/\.extraheader
2026-09-27T11:41:39.2268987Z [command]/usr/bin/git submodule foreach --recursive sh -c "git config --local --name-only --get-regexp 'http\.https\:\/\/github\.com\/\.extraheader' && git config --local --unset-all 'http.https://github.com/.extraheader' || :"
2026-09-27T11:41:39.2503548Z Removing includeIf entries pointing to credentials config files
2026-09-27T11:41:39.2510118Z [command]/usr/bin/git config --local --name-only --get-regexp ^includeIf\.gitdir:
2026-09-27T11:41:39.2547617Z [command]/usr/bin/git submodule foreach --recursive git config --local --show-origin --name-only --get-regexp remote.origin.url
2026-09-27T11:41:39.2778437Z [command]/usr/bin/git config --file /home/runner/work/_temp/git-credentials-cc5eedf7-4a0e-4090-a1f1-1cba48400e57.config http.https://github.com/.extraheader AUTHORIZATION: basic ***
2026-09-27T11:41:39.2819079Z [command]/usr/bin/git config --local includeIf.gitdir:/home/runner/work/UX-design/UX-design/.git.path /home/runner/work/_temp/git-credentials-cc5eedf7-4a0e-4090-a1f1-1cba48400e57.config
2026-09-27T11:41:39.2853800Z [command]/usr/bin/git config --local includeIf.gitdir:/home/runner/work/UX-design/UX-design/.git/worktrees/*.path /home/runner/work/_temp/git-credentials-cc5eedf7-4a0e-4090-a1f1-1cba48400e57.config
2026-09-27T11:41:39.2890960Z [command]/usr/bin/git config --local includeIf.gitdir:/github/workspace/.git.path /github/runner_temp/git-credentials-cc5eedf7-4a0e-4090-a1f1-1cba48400e57.config
2026-09-27T11:41:39.2950949Z [command]/usr/bin/git config --local includeIf.gitdir:/github/workspace/.git/worktrees/*.path /github/runner_temp/git-credentials-cc5eedf7-4a0e-4090-a1f1-1cba48400e57.config
2026-09-27T11:41:39.2982978Z ##[endgroup]
2026-09-27T11:41:39.2984361Z ##[group]Fetching the repository
2026-09-27T11:41:39.2992848Z [command]/usr/bin/git -c protocol.version=2 fetch --no-tags --prune --no-recurse-submodules origin +refs/heads/*:refs/remotes/origin/* +refs/tags/*:refs/tags/*
2026-09-27T11:42:09.7497671Z From https://github.com/daveasewen/UX-design
2026-09-27T11:42:09.7498395Z  * [new branch]        master     -> origin/master
2026-09-27T11:42:09.7509737Z [command]/usr/bin/git branch --list --remote origin/master
2026-09-27T11:42:09.7539242Z   origin/master
2026-09-27T11:42:09.7549516Z [command]/usr/bin/git rev-parse refs/remotes/origin/master
2026-09-27T11:42:09.7575740Z 9f9ff879aa509557ed4c5c7eb7cb2c05e97a94e4
2026-09-27T11:42:09.7579863Z ##[endgroup]
2026-09-27T11:42:09.7580676Z ##[group]Determining the checkout info
2026-09-27T11:42:09.7586525Z ##[endgroup]
2026-09-27T11:42:09.7594450Z [command]/usr/bin/git sparse-checkout disable
2026-09-27T11:42:09.7640686Z [command]/usr/bin/git config --local --unset-all extensions.worktreeConfig
2026-09-27T11:42:09.7675662Z ##[group]Checking out the ref
2026-09-27T11:42:09.7676268Z [command]/usr/bin/git checkout --progress --force -B master refs/remotes/origin/master
2026-09-27T11:42:10.7857844Z Updating files:  20% (2457/12228)
2026-09-27T11:42:10.7914553Z Updating files:  21% (2568/12228)
2026-09-27T11:42:10.7973771Z Updating files:  22% (2691/12228)
2026-09-27T11:42:10.8022848Z Updating files:  23% (2813/12228)
2026-09-27T11:42:10.8073298Z Updating files:  24% (2935/12228)
2026-09-27T11:42:10.8599980Z Updating files:  25% (3057/12228)
2026-09-27T11:42:10.9340873Z Updating files:  26% (3180/12228)
2026-09-27T11:42:10.9761735Z Updating files:  27% (3302/12228)
2026-09-27T11:42:10.9852059Z Updating files:  28% (3424/12228)
2026-09-27T11:42:10.9972269Z Updating files:  29% (3547/12228)
2026-09-27T11:42:11.0098103Z Updating files:  30% (3669/12228)
2026-09-27T11:42:11.0263303Z Updating files:  31% (3791/12228)
2026-09-27T11:42:11.0819535Z Updating files:  32% (3913/12228)
2026-09-27T11:42:11.0909684Z Updating files:  33% (4036/12228)
2026-09-27T11:42:11.1253162Z Updating files:  34% (4158/12228)
2026-09-27T11:42:11.1777982Z Updating files:  35% (4280/12228)
2026-09-27T11:42:11.2051701Z Updating files:  36% (4403/12228)
2026-09-27T11:42:11.2224514Z Updating files:  37% (4525/12228)
2026-09-27T11:42:11.2305207Z Updating files:  38% (4647/12228)
2026-09-27T11:42:11.4166055Z Updating files:  39% (4769/12228)
2026-09-27T11:42:11.4904918Z Updating files:  40% (4892/12228)
2026-09-27T11:42:11.5341175Z Updating files:  41% (5014/12228)
2026-09-27T11:42:11.7085661Z Updating files:  42% (5136/12228)
2026-09-27T11:42:11.7456898Z Updating files:  43% (5259/12228)
2026-09-27T11:42:11.7823639Z Updating files:  44% (5381/12228)
2026-09-27T11:42:11.8036380Z Updating files:  44% (5462/12228)
2026-09-27T11:42:11.8500265Z Updating files:  45% (5503/12228)
2026-09-27T11:42:11.8963320Z Updating files:  46% (5625/12228)
2026-09-27T11:42:11.9032240Z Updating files:  47% (5748/12228)
2026-09-27T11:42:11.9159200Z Updating files:  48% (5870/12228)
2026-09-27T11:42:11.9389448Z Updating files:  49% (5992/12228)
2026-09-27T11:42:11.9637352Z Updating files:  50% (6114/12228)
2026-09-27T11:42:12.0405780Z Updating files:  51% (6237/12228)
2026-09-27T11:42:12.3090647Z Updating files:  52% (6359/12228)
2026-09-27T11:42:12.3895787Z Updating files:  53% (6481/12228)
2026-09-27T11:42:12.4779104Z Updating files:  54% (6604/12228)
2026-09-27T11:42:12.5583900Z Updating files:  55% (6726/12228)
2026-09-27T11:42:12.5865011Z Updating files:  56% (6848/12228)
2026-09-27T11:42:12.6109546Z Updating files:  57% (6970/12228)
2026-09-27T11:42:12.6291760Z Updating files:  58% (7093/12228)
2026-09-27T11:42:12.7090655Z Updating files:  59% (7215/12228)
2026-09-27T11:42:12.7818676Z Updating files:  60% (7337/12228)
2026-09-27T11:42:12.8105185Z Updating files:  60% (7415/12228)
2026-09-27T11:42:12.8593321Z Updating files:  61% (7460/12228)
2026-09-27T11:42:12.8821633Z Updating files:  62% (7582/12228)
2026-09-27T11:42:12.8997587Z Updating files:  63% (7704/12228)
2026-09-27T11:42:12.9148423Z Updating files:  64% (7826/12228)
2026-09-27T11:42:12.9393583Z Updating files:  65% (7949/12228)
2026-09-27T11:42:12.9622224Z Updating files:  66% (8071/12228)
2026-09-27T11:42:12.9902635Z Updating files:  67% (8193/12228)
2026-09-27T11:42:13.0917548Z Updating files:  68% (8316/12228)
2026-09-27T11:42:13.1236909Z Updating files:  69% (8438/12228)
2026-09-27T11:42:13.2177411Z Updating files:  70% (8560/12228)
2026-09-27T11:42:13.2982139Z Updating files:  71% (8682/12228)
2026-09-27T11:42:13.3269186Z Updating files:  72% (8805/12228)
2026-09-27T11:42:13.3505183Z Updating files:  73% (8927/12228)
2026-09-27T11:42:13.3837921Z Updating files:  74% (9049/12228)
2026-09-27T11:42:13.4135717Z Updating files:  75% (9171/12228)
2026-09-27T11:42:13.4302478Z Updating files:  76% (9294/12228)
2026-09-27T11:42:13.4445532Z Updating files:  77% (9416/12228)
2026-09-27T11:42:13.4867227Z Updating files:  78% (9538/12228)
2026-09-27T11:42:13.4999037Z Updating files:  79% (9661/12228)
2026-09-27T11:42:13.5184688Z Updating files:  80% (9783/12228)
2026-09-27T11:42:13.5336581Z Updating files:  81% (9905/12228)
2026-09-27T11:42:13.5454400Z Updating files:  82% (10027/12228)
2026-09-27T11:42:13.5596408Z Updating files:  83% (10150/12228)
2026-09-27T11:42:13.5957940Z Updating files:  84% (10272/12228)
2026-09-27T11:42:13.6685516Z Updating files:  85% (10394/12228)
2026-09-27T11:42:13.6822170Z Updating files:  86% (10517/12228)
2026-09-27T11:42:13.6878025Z Updating files:  87% (10639/12228)
2026-09-27T11:42:13.7118060Z Updating files:  88% (10761/12228)
2026-09-27T11:42:13.7439292Z Updating files:  89% (10883/12228)
2026-09-27T11:42:13.7850589Z Updating files:  90% (11006/12228)
2026-09-27T11:42:13.7995669Z Updating files:  90% (11102/12228)
2026-09-27T11:42:13.9081013Z Updating files:  91% (11128/12228)
2026-09-27T11:42:13.9667305Z Updating files:  92% (11250/12228)
2026-09-27T11:42:13.9892369Z Updating files:  93% (11373/12228)
2026-09-27T11:42:14.0094900Z Updating files:  94% (11495/12228)
2026-09-27T11:42:14.0624776Z Updating files:  95% (11617/12228)
2026-09-27T11:42:14.0823104Z Updating files:  96% (11739/12228)
2026-09-27T11:42:14.0935699Z Updating files:  97% (11862/12228)
2026-09-27T11:42:14.1136456Z Updating files:  98% (11984/12228)
2026-09-27T11:42:14.1600102Z Updating files:  99% (12106/12228)
2026-09-27T11:42:14.1600999Z Updating files: 100% (12228/12228)
2026-09-27T11:42:14.1601788Z Updating files: 100% (12228/12228), done.
2026-09-27T11:42:14.1728118Z Reset branch 'master'
2026-09-27T11:42:14.1734018Z branch 'master' set up to track 'origin/master'.
2026-09-27T11:42:14.1835808Z ##[endgroup]
2026-09-27T11:42:14.1888889Z [command]/usr/bin/git log -1 --format=%H
2026-09-27T11:42:14.1920297Z 9f9ff879aa509557ed4c5c7eb7cb2c05e97a94e4
2026-09-27T11:42:14.2202908Z ##[group]Run actions/setup-python@v6
2026-09-27T11:42:14.2203223Z with:
2026-09-27T11:42:14.2203430Z   python-version: 3.12
2026-09-27T11:42:14.2203676Z   check-latest: false
2026-09-27T11:42:14.2206312Z   token: ***
2026-09-27T11:42:14.2206536Z   update-environment: true
2026-09-27T11:42:14.2206788Z   allow-prereleases: false
2026-09-27T11:42:14.2207020Z   freethreaded: false
2026-09-27T11:42:14.2207239Z ##[endgroup]
2026-09-27T11:42:14.3473861Z ##[group]Installed versions
2026-09-27T11:42:14.3573059Z Successfully set up CPython (3.12.14)
2026-09-27T11:42:14.3573936Z ##[endgroup]
2026-09-27T11:42:14.3738218Z ##[group]Run pip install tiktoken jsonschema
2026-09-27T11:42:14.3738860Z [36;1mpip install tiktoken jsonschema[0m
2026-09-27T11:42:14.4089759Z shell: /usr/bin/bash -e {0}
2026-09-27T11:42:14.4090043Z env:
2026-09-27T11:42:14.4090335Z   pythonLocation: /opt/hostedtoolcache/Python/3.12.14/x64
2026-09-27T11:42:14.4090810Z   PKG_CONFIG_PATH: /opt/hostedtoolcache/Python/3.12.14/x64/lib/pkgconfig
2026-09-27T11:42:14.4091275Z   Python_ROOT_DIR: /opt/hostedtoolcache/Python/3.12.14/x64
2026-09-27T11:42:14.4091681Z   Python2_ROOT_DIR: /opt/hostedtoolcache/Python/3.12.14/x64
2026-09-27T11:42:14.4092093Z   Python3_ROOT_DIR: /opt/hostedtoolcache/Python/3.12.14/x64
2026-09-27T11:42:14.4092835Z   LD_LIBRARY_PATH: /opt/hostedtoolcache/Python/3.12.14/x64/lib
2026-09-27T11:42:14.4093188Z ##[endgroup]
2026-09-27T11:42:15.2807175Z Collecting tiktoken
2026-09-27T11:42:15.3307006Z   Downloading tiktoken-0.14.0-cp312-cp312-manylinux_2_28_x86_64.whl.metadata (6.7 kB)
2026-09-27T11:42:15.3531018Z Collecting jsonschema
2026-09-27T11:42:15.3567853Z   Downloading jsonschema-4.26.0-py3-none-any.whl.metadata (7.6 kB)
2026-09-27T11:42:15.7315026Z Collecting regex (from tiktoken)
2026-09-27T11:42:15.7358208Z   Downloading regex-2026.9.10-cp312-cp312-manylinux2014_x86_64.manylinux_2_17_x86_64.manylinux_2_28_x86_64.whl.metadata (40 kB)
2026-09-27T11:42:15.7680991Z Collecting requests (from tiktoken)
2026-09-27T11:42:15.7719252Z   Downloading requests-2.34.2-py3-none-any.whl.metadata (4.8 kB)
2026-09-27T11:42:15.7868794Z Collecting attrs>=22.2.0 (from jsonschema)
2026-09-27T11:42:15.7907293Z   Downloading attrs-26.1.0-py3-none-any.whl.metadata (8.8 kB)
2026-09-27T11:42:15.8042907Z Collecting jsonschema-specifications>=2023.03.6 (from jsonschema)
2026-09-27T11:42:15.8079580Z   Downloading jsonschema_specifications-2025.9.1-py3-none-any.whl.metadata (2.9 kB)
2026-09-27T11:42:15.8282655Z Collecting referencing>=0.28.4 (from jsonschema)
2026-09-27T11:42:15.8323063Z   Downloading referencing-0.37.0-py3-none-any.whl.metadata (2.8 kB)
2026-09-27T11:42:16.0754719Z Collecting rpds-py>=0.25.0 (from jsonschema)
2026-09-27T11:42:16.0796995Z   Downloading rpds_py-2026.6.3-cp312-cp312-manylinux_2_17_x86_64.manylinux2014_x86_64.whl.metadata (4.1 kB)
2026-09-27T11:42:16.0992216Z Collecting typing-extensions>=4.4.0 (from referencing>=0.28.4->jsonschema)
2026-09-27T11:42:16.1030941Z   Downloading typing_extensions-4.16.0-py3-none-any.whl.metadata (3.3 kB)
2026-09-27T11:42:16.2291346Z Collecting charset_normalizer<4,>=2 (from requests->tiktoken)
2026-09-27T11:42:16.2334044Z   Downloading charset_normalizer-3.5.1-cp312-cp312-manylinux2014_x86_64.manylinux_2_17_x86_64.manylinux_2_28_x86_64.whl.metadata (45 kB)
2026-09-27T11:42:16.2497419Z Collecting idna<4,>=2.5 (from requests->tiktoken)
2026-09-27T11:42:16.2532985Z   Downloading idna-3.20-py3-none-any.whl.metadata (7.2 kB)
2026-09-27T11:42:16.2756713Z Collecting urllib3<3,>=1.26 (from requests->tiktoken)
2026-09-27T11:42:16.2791812Z   Downloading urllib3-2.8.0-py3-none-any.whl.metadata (7.4 kB)
2026-09-27T11:42:16.2959610Z Collecting certifi>=2023.5.7 (from requests->tiktoken)
2026-09-27T11:42:16.2994897Z   Downloading certifi-2026.7.22-py3-none-any.whl.metadata (2.5 kB)
2026-09-27T11:42:16.3078812Z Downloading tiktoken-0.14.0-cp312-cp312-manylinux_2_28_x86_64.whl (1.2 MB)
2026-09-27T11:42:16.3226178Z    ━━━━━━━━━━━━━━━━━━━━━━━━━━━━━━━━━━━━━━━━ 1.2/1.2 MB 109.0 MB/s  0:00:00
2026-09-27T11:42:16.3261599Z Downloading jsonschema-4.26.0-py3-none-any.whl (90 kB)
2026-09-27T11:42:16.3318641Z Downloading attrs-26.1.0-py3-none-any.whl (67 kB)
2026-09-27T11:42:16.3374824Z Downloading jsonschema_specifications-2025.9.1-py3-none-any.whl (18 kB)
2026-09-27T11:42:16.3428330Z Downloading referencing-0.37.0-py3-none-any.whl (26 kB)
2026-09-27T11:42:16.3487723Z Downloading rpds_py-2026.6.3-cp312-cp312-manylinux_2_17_x86_64.manylinux2014_x86_64.whl (366 kB)
2026-09-27T11:42:16.3549861Z Downloading typing_extensions-4.16.0-py3-none-any.whl (45 kB)
2026-09-27T11:42:16.3607459Z Downloading regex-2026.9.10-cp312-cp312-manylinux2014_x86_64.manylinux_2_17_x86_64.manylinux_2_28_x86_64.whl (804 kB)
2026-09-27T11:42:16.3672921Z    ━━━━━━━━━━━━━━━━━━━━━━━━━━━━━━━━━━━━━━━━ 804.6/804.6 kB 128.2 MB/s  0:00:00
2026-09-27T11:42:16.3706217Z Downloading requests-2.34.2-py3-none-any.whl (73 kB)
2026-09-27T11:42:16.3774421Z Downloading charset_normalizer-3.5.1-cp312-cp312-manylinux2014_x86_64.manylinux_2_17_x86_64.manylinux_2_28_x86_64.whl (248 kB)
2026-09-27T11:42:16.3831430Z Downloading idna-3.20-py3-none-any.whl (69 kB)
2026-09-27T11:42:16.3885508Z Downloading urllib3-2.8.0-py3-none-any.whl (135 kB)
2026-09-27T11:42:16.3940504Z Downloading certifi-2026.7.22-py3-none-any.whl (136 kB)
2026-09-27T11:42:16.4807316Z Installing collected packages: urllib3, typing-extensions, rpds-py, regex, idna, charset_normalizer, certifi, attrs, requests, referencing, tiktoken, jsonschema-specifications, jsonschema
2026-09-27T11:42:17.0227952Z 
2026-09-27T11:42:17.0246312Z Successfully installed attrs-26.1.0 certifi-2026.7.22 charset_normalizer-3.5.1 idna-3.20 jsonschema-4.26.0 jsonschema-specifications-2025.9.1 referencing-0.37.0 regex-2026.9.10 requests-2.34.2 rpds-py-2026.6.3 tiktoken-0.14.0 typing-extensions-4.16.0 urllib3-2.8.0
2026-09-27T11:42:17.0931982Z ##[group]Run python3 knowledge/_build_survey.py --timeout 60
2026-09-27T11:42:17.0932764Z [36;1mpython3 knowledge/_build_survey.py --timeout 60[0m
2026-09-27T11:42:17.0998463Z shell: /usr/bin/bash -e {0}
2026-09-27T11:42:17.0998718Z env:
2026-09-27T11:42:17.0998987Z   pythonLocation: /opt/hostedtoolcache/Python/3.12.14/x64
2026-09-27T11:42:17.0999436Z   PKG_CONFIG_PATH: /opt/hostedtoolcache/Python/3.12.14/x64/lib/pkgconfig
2026-09-27T11:42:17.0999874Z   Python_ROOT_DIR: /opt/hostedtoolcache/Python/3.12.14/x64
2026-09-27T11:42:17.1000268Z   Python2_ROOT_DIR: /opt/hostedtoolcache/Python/3.12.14/x64
2026-09-27T11:42:17.1000656Z   Python3_ROOT_DIR: /opt/hostedtoolcache/Python/3.12.14/x64
2026-09-27T11:42:17.1001055Z   LD_LIBRARY_PATH: /opt/hostedtoolcache/Python/3.12.14/x64/lib
2026-09-27T11:42:17.1001382Z ##[endgroup]
2026-09-27T11:45:53.4745262Z — 152 steps read from _build_all.STEPS by ast (never imported) · per-step timeout 60s · non-mutating steps only
2026-09-27T11:45:53.4748189Z 
2026-09-27T11:45:53.4748807Z   ✅ [ 3] token blast-radius + graph report — determinism/staleness chec
2026-09-27T11:45:53.4749730Z   ✅ [ 4] token blast-radius + graph report selftest (#79 P6)
2026-09-27T11:45:53.4750576Z   ✅ [ 9] help-gate selftest — 5 mutation bites (#158 class gate)
2026-09-27T11:45:53.4751120Z   ✅ [11] assertion veracity selftest — verbs bite + registry well-forme
2026-09-27T11:45:53.4751651Z   ⊘ [13] capture/provenance selftest (Memento §4.1)  COULD-NOT-ASK
2026-09-27T11:45:53.4752170Z   ✅ [14] gauge-tokens selftest -- counting path + cache + degraded-meas
2026-09-27T11:45:53.4752915Z   ✅ [15] roll-state measurer selftest (#77 T1)
2026-09-27T11:45:53.4753359Z   ✅ [16] commit-seam harness — _git_commit.sh fixture-repo arms (#78-D1
2026-09-27T11:45:53.4753840Z   ✅ [17] GM/LS mover selftest — hardened move mechanics (M5)
2026-09-27T11:45:53.4754245Z   ✅ [18] section-usage instrumentation selftest (#23)
2026-09-27T11:45:53.4754815Z   ✅ [20] lane records determinism check (O1′ #24)
2026-09-27T11:45:53.4755262Z   ✅ [21] lane records selftest — schema refusals + routing contract (O1
2026-09-27T11:45:53.4755757Z   ✅ [26] worklist store selftest — schema presence gates incl. priority
2026-09-27T11:45:53.4756242Z   ✅ [28] decision-graph selftest — conflict gate bites on unresolved/op
2026-09-27T11:45:53.4756770Z   ✅ [29] spine-writer selftest — splice invariants + no-half-writes (#7
2026-09-27T11:45:53.4757306Z   ✅ [38] component-partials sync — AUTO-PARTIAL injection + contracts (
2026-09-27T11:45:53.4757759Z   ✅ [39] component-partials selftest (ADR-0013)
2026-09-27T11:45:53.4758195Z   ✅ [40] token-set distribution sync — AUTO-TOKENS injection (s121-D1)
2026-09-27T11:45:53.4758618Z   ✅ [41] token-set distribution selftest (s121-D1)
2026-09-27T11:45:53.4758976Z   ✅ [43] Behaviour contract selftest (ADR-0015)
2026-09-27T11:45:53.4759372Z   ✅ [45] canon components determinism check (ADR-0013 ruling 4)
2026-09-27T11:45:53.4759816Z   ✅ [47] partial-ratchet selftest (ADR-0013)
2026-09-27T11:45:53.4760227Z   ✅ [50] theme cascade sync — [data-apollo-theme] layer (ADR-0011)
2026-09-27T11:45:53.4760617Z   ✅ [51] theme cascade selftest (ADR-0014)
2026-09-27T11:45:53.4760937Z   ✅ [53] state-snap selftest (ADR-0014)
2026-09-27T11:45:53.4761340Z   ✅ [55] stale-queue selftest — 13 bites incl. both mutation directions
2026-09-27T11:45:53.4761799Z   ✅ [57] palette-tier selftest — 10 mutation bites (s157-D2)
2026-09-27T11:45:53.4762254Z   ✅ [59] showroom sync — generated component library (RULED 2026-07-21)
2026-09-27T11:45:53.4763024Z   ✅ [60] showroom URL-rebase selftest — the srcdoc base-URL trap (2026-
2026-09-27T11:45:53.4763576Z   ⊘ [61] dashboard sync — generated progress dashboard (RULED #164, bui  COULD-NOT-ASK
2026-09-27T11:45:53.4764061Z   ✅ [67] a11y target-measurement selftest (s114-D5)
2026-09-27T11:45:53.4764401Z   ✅ [70] wiring gate selftest — 4 bites
2026-09-27T11:45:53.4764851Z   ⊘ [74] state-contrast gate selftest — paint stack, report arithmetic,  COULD-NOT-ASK
2026-09-27T11:45:53.4768379Z   ✅ [76] type-composites selftest
2026-09-27T11:45:53.4768963Z   ✅ [85] KG edge gate selftest (6 bites)
2026-09-27T11:45:53.4769773Z   ✅ [86] KG token-group generator drift check — _token_nodes.json vs th
2026-09-27T11:45:53.4770671Z   ✅ [87] KG token-group generator selftest — 8 bites (s277-D12)
2026-09-27T11:45:53.4771531Z   ✅ [88] KG node-title generator drift check — _node_titles.json vs the
2026-09-27T11:45:53.4772333Z   ✅ [89] KG node-title generator selftest — 12 bites (#304 W5c)
2026-09-27T11:45:53.4773218Z   ✅ [91] Token fork-ban selftest (2-direction)
2026-09-27T11:45:53.4773938Z   ✅ [95] binds-resolve selftest — 5 bites incl. any-store clause (#146)
2026-09-27T11:45:53.4774786Z   ✅ [97] chart-intent resolve selftest — 4 bites incl. list case + abse
2026-09-27T11:45:53.4775633Z   ✅ [99] roles/answers resolve selftest — 15 bites incl. in-role priori
2026-09-27T11:45:53.4776477Z   ✅ [101] DataViz gate selftest — bite-tests dv-004 + the dtype vocabula
2026-09-27T11:45:53.4777369Z   ✅ [103] property-resolves gate C2 selftest — 4 bites + a bite-the-bite
2026-09-27T11:45:53.4778245Z   ✅ [105] dataviz var-resolution gate selftest — 8 arms incl. alias chai
2026-09-27T11:45:53.4779133Z   ✅ [107] minted-consumption selftest — 10 arms incl. both false-positiv
2026-09-27T11:45:53.4779999Z   ✅ [109] hidden-attr display selftest — 16 bites incl. the real #218 mu
2026-09-27T11:45:53.4780538Z   ✅ [114] consult tool selftest (advisory)
2026-09-27T11:45:53.4780985Z   ✅ [115] search core selftest — two-stage engine + receipt format (O2′ 
2026-09-27T11:45:53.4781445Z   ✅ [117] memento index determinism check (O2′ #25)
2026-09-27T11:45:53.4781886Z   ✅ [118] memento index selftest — contract refusals + determinism (O2′ 
2026-09-27T11:45:53.4782621Z   ✅ [119] memento search selftest — known-answer retrieval + fetch refus
2026-09-27T11:45:53.4783136Z   ✅ [121] graph mention map determinism check (#115 step 0)
2026-09-27T11:45:53.4783592Z   ✅ [122] graph mention map selftest — hit/miss/refusal bites (#115 step
2026-09-27T11:45:53.4784128Z   ✅ [124] read chain determinism check — stale _CHAIN.md serves a PREVIO
2026-09-27T11:45:53.4784621Z   ✅ [125] read chain selftest — verbatim terms + the CUT + refusal on a 
2026-09-27T11:45:53.4785110Z   ✅ [126] GM size stamp check — a TYPED `size:` figure / drift past the 
2026-09-27T11:45:53.4785592Z   ✅ [127] GM size stamp selftest — the fixed point, the 2-cycle refusal,
2026-09-27T11:45:53.4786081Z   ✅ [129] memento schematic determinism check — a stale diagram publishe
2026-09-27T11:45:53.4786583Z   ✅ [130] memento schematic selftest — figure provenance, caption geomet
2026-09-27T11:45:53.4787123Z   ❌ [132] memento-package delta-audit selftest — mutation-tested, all 4   exit 1
2026-09-27T11:45:53.4787596Z   ✅ [134] instrument-fit selftest (advisory, ds-015)
2026-09-27T11:45:53.4788040Z   ✅ [137] could-not-ask convention selftest (#193 — the third verdict's 
2026-09-27T11:45:53.4788596Z   ⊘ [140] governs matcher selftest — the [12]/[13] trigger-index arm, na  COULD-NOT-ASK
2026-09-27T11:45:53.4789253Z   ✅ [141] frozen-release gate — v1/v2 and any baked Spider surface may n
2026-09-27T11:45:53.4789787Z   ✅ [142] frozen-release selftest — 11 bites on a fixture repo incl. the
2026-09-27T11:45:53.4790272Z   ✅ [143] pack ship-list audit — the manifest is byte-identical to a fre
2026-09-27T11:45:53.4790760Z   ✅ [144] release-audit selftest — manifest compare + the pack arm's res
2026-09-27T11:45:53.4791312Z   ⊘ [145] pack-side CI template — parses, ships what it calls, hides not  COULD-NOT-ASK
2026-09-27T11:45:53.4791901Z   ⊘ [146] pack-side CI template selftest — 10 mutants incl. a smuggled c  COULD-NOT-ASK
2026-09-27T11:45:53.4792694Z   ✅ [149] polarity gate — five refusals + content-fresh derived status/e
2026-09-27T11:45:53.4793219Z   ✅ [150] polarity gate selftest — control + every refusal arm on a copy
2026-09-27T11:45:53.4793492Z 
2026-09-27T11:45:53.4793616Z ==============================================================================
2026-09-27T11:45:53.4794659Z SURVEY: 66 pass · 1 FAIL · 6 COULD-NOT-ASK (self-declared refusals) · 0 unaskable (missing/timed out) · 79 not asked (mutating)
2026-09-27T11:45:53.4795398Z ⚠ 'not asked' is NOT 'passing' — it is excluded from the exit code, deliberately.
2026-09-27T11:45:53.4796016Z ⚠ 'COULD-NOT-ASK' is NOT 'passing' either. It is a step that named the input it could
2026-09-27T11:45:53.4796577Z   not reach, so the job does not go red for an ENVIRONMENT fact dressed as an artefact
2026-09-27T11:45:53.4797100Z   verdict (#173/#183, generalised #193). Every one is printed in full below. A step
2026-09-27T11:45:53.4797628Z   that timed out or is MISSING is a different thing and still fails: nobody asked it
2026-09-27T11:45:53.4798022Z   and it never said why.
2026-09-27T11:45:53.4798168Z 
2026-09-27T11:45:53.4798456Z THE FULL FAILURE SET (1) — this is the number no single `_build_all.py` run can tell you:
2026-09-27T11:45:53.4798786Z 
2026-09-27T11:45:53.4799067Z   [132] memento-package delta-audit selftest — mutation-tested, all 4 arms (#79)
2026-09-27T11:45:53.4799589Z       python3 knowledge/_validate_package_delta.py --selftest   (exit 1)
2026-09-27T11:45:53.4800427Z       ✗ real repo: clean (0 findings; got 4: ['VERBATIM SET: memento-package/machinery/_gen_chain.py DIFFERS from knowledge/_gen_chain.py (copy=machinery/ f
2026-09-27T11:45:53.4800977Z 
2026-09-27T11:45:53.4801245Z COULD-NOT-ASK (6) — each step's OWN words about the input it could not reach.
2026-09-27T11:45:53.4801771Z These do NOT fail the survey; they also do not pass. If one of them is here because the
2026-09-27T11:45:53.4802612Z environment is wrong rather than because the input is genuinely unreachable, FIX THE ENVIRONMENT:
2026-09-27T11:45:53.4803005Z 
2026-09-27T11:45:53.4803184Z   [13] capture/provenance selftest (Memento §4.1)
2026-09-27T11:45:53.4803555Z       python3 knowledge/_capture_gate.py --selftest   (exit 77)
2026-09-27T11:45:53.4809067Z       COULD-NOT-ASK: _capture_gate.py --selftest — 4 arm(s) read an input this checkout cannot hold — trigger index: ruling ds-034's evidence `outputs/_FINDING-canon-pri-hover-brand-mono-fork-2026-08-06-v1.md` is excluded by this repo's own .gitignore — no checkout can hold it, so whether it has rotted is UNASKABLE here; the machine that wrote it is where that question has an answer · trigger index: ruling ds-034's evidence `outputs/_PARTITION-button-primary-2026-08-06-v1.md` is excluded by this repo's own .gitignore — no checkout can hold it, so whether it has rotted is UNASKABLE here; the machine that wrote it is where that question has an answer · trigger index: ruling ds-035's evidence `outputs/_FINDING-canon-pri-hover-brand-mono-fork-2026-08-06-v1.md` is excluded by this repo's own .gitignore — no checkout can hold it, so whether it has rotted is UNASKABLE here; the machine that wrote it is where that question has an answer · trigger index: ruling s245-D6's evidence `knowledge/_tmp/l3-245/rename-plan.json` is excluded by this repo's own .gitignore — no checkout can hold it, so whether it has rotted is UNASKABLE here; the machine that wrote it is where that question has an answer ⇒ THIS IS NOT A SKIP: every other arm passed here, and these arms have their proof of record on a tree that carries the ignored artefacts (a working session's own repo), never on a bare clone.
2026-09-27T11:45:53.4814178Z 
2026-09-27T11:45:53.4814459Z   [61] dashboard sync — generated progress dashboard (RULED #164, built #165)
2026-09-27T11:45:53.5154432Z       python3 knowledge/gen_dashboard.py --check   (exit 77)
2026-09-27T11:45:53.5160104Z       COULD-NOT-ASK: dashboard/index.html — the page differs, but a live gate baked into it is reading INPUTS OUTSIDE THE COMMITTED TREE, so its verdict — and therefore this page — cannot be reproduced here: provenance names `knowledge/_tmp/l3-245/rename-plan.json`; provenance names `outputs/_FINDING-canon-pri-hover-brand-mono-fork-2026-08-06-v1.md`; provenance names `outputs/_PARTITION-button-primary-2026-08-06-v1.md`. Every one of those paths is untracked, so an environment that has them and one that does not will render different prose from the SAME commit. This is a REFUSAL, not a staleness verdict in either direction: the page's agreement with the stores is UNKNOWN here and is reported as unknown. Ask it where those inputs are present (a working tree that holds them), or commit them.
2026-09-27T11:45:53.5163628Z 
2026-09-27T11:45:53.5163978Z   [74] state-contrast gate selftest — paint stack, report arithmetic, named args
2026-09-27T11:45:53.5164532Z       python3 knowledge/_validate_state_contrast.py --selftest   (exit 77)
2026-09-27T11:45:53.5166861Z       COULD-NOT-ASK: _validate_state_contrast.py — the 'playwright' module is not installed (ModuleNotFoundError("No module named 'playwright'")) — this gate cannot be proven without it; run `pip install playwright && playwright install chromium` ⇒ THIS IS NOT A SKIP: these arms (including the s152-D1 mutation control) run BLOCKING in the `render` job of .github/workflows/gates.yml, which installs chromium — that job is where this gate's proof of record lives. Nothing here is claimed green; the question was unaskable on this box.
2026-09-27T11:45:53.5168661Z 
2026-09-27T11:45:53.5168973Z   [140] governs matcher selftest — the [12]/[13] trigger-index arm, named (#208 legibility)
2026-09-27T11:45:53.5169456Z       python3 knowledge/_governs.py --selftest   (exit 77)
2026-09-27T11:45:53.5174174Z       COULD-NOT-ASK: _governs.py --selftest — 4 evidence pointer(s) name paths this checkout cannot hold: ruling ds-034's evidence `outputs/_FINDING-canon-pri-hover-brand-mono-fork-2026-08-06-v1.md` is excluded by this repo's own .gitignore — no checkout can hold it, so whether it has rotted is UNASKABLE here; the machine that wrote it is where that question has an answer · ruling ds-034's evidence `outputs/_PARTITION-button-primary-2026-08-06-v1.md` is excluded by this repo's own .gitignore — no checkout can hold it, so whether it has rotted is UNASKABLE here; the machine that wrote it is where that question has an answer · ruling ds-035's evidence `outputs/_FINDING-canon-pri-hover-brand-mono-fork-2026-08-06-v1.md` is excluded by this repo's own .gitignore — no checkout can hold it, so whether it has rotted is UNASKABLE here; the machine that wrote it is where that question has an answer · ruling s245-D6's evidence `knowledge/_tmp/l3-245/rename-plan.json` is excluded by this repo's own .gitignore — no checkout can hold it, so whether it has rotted is UNASKABLE here; the machine that wrote it is where that question has an answer
2026-09-27T11:45:53.5178097Z 
2026-09-27T11:45:53.5178443Z   [145] pack-side CI template — parses, ships what it calls, hides nothing (BLOCKING, built #219)
2026-09-27T11:45:53.5179000Z       python3 knowledge/_release/_gate_ci_template.py --check   (exit 77)
2026-09-27T11:45:53.5180378Z       COULD-NOT-ASK: apollo-spider/ci-template/gates.yml — PyYAML is not importable in this environment, and this gate parses the template in YAML rather than guessing at it with string matching. Install it (pip install pyyaml) — the release job in .github/workflows/gates.yml does exactly that
2026-09-27T11:45:53.5181397Z 
2026-09-27T11:45:53.5181720Z   [146] pack-side CI template selftest — 10 mutants incl. a smuggled continue-on-error (#219)
2026-09-27T11:45:53.5182270Z       python3 knowledge/_release/_gate_ci_template.py --selftest   (exit 77)
2026-09-27T11:45:53.5183190Z       COULD-NOT-ASK: the ci-template selftest — PyYAML is not importable, and every arm below parses YAML. Install it (pip install pyyaml).
2026-09-27T11:45:53.5183692Z 
2026-09-27T11:45:53.5184000Z NOT ASKED (79 mutating steps) — run --include-mutating on a clean tree to include them:
2026-09-27T11:45:53.5184432Z   [1] compliance knowledge graph
2026-09-27T11:45:53.5184696Z   [2] token blast-radius + graph report
2026-09-27T11:45:53.5184977Z   [5] guideline rules index (gate)
2026-09-27T11:45:53.5185232Z   [6] runbook index (generated)
2026-09-27T11:45:53.5185501Z   [7] standing-instructions reachability gate
2026-09-27T11:45:53.5185935Z   [8] help-gate — no entry point may write before it reads argv (#158 cl
2026-09-27T11:45:53.5186707Z   [10] assertion veracity gate — claims that can rot
2026-09-27T11:45:53.5187179Z   [12] capture/provenance gate — status+provenance on new notes+dossiers 
2026-09-27T11:45:53.5187579Z   … and 71 more
2026-09-27T11:45:53.5187696Z 
2026-09-27T11:45:53.5187992Z — recorded → /home/runner/work/UX-design/UX-design/notes/_BUILD-VERDICT-LOG.jsonl
2026-09-27T11:45:53.5223684Z ##[error]Process completed with exit code 1.
2026-09-27T11:45:53.5277004Z ##[group]Run python3 knowledge/_build_all.py
2026-09-27T11:45:53.5277385Z [36;1mpython3 knowledge/_build_all.py[0m
2026-09-27T11:45:53.5341070Z shell: /usr/bin/bash -e {0}
2026-09-27T11:45:53.5341327Z env:
2026-09-27T11:45:53.5341602Z   pythonLocation: /opt/hostedtoolcache/Python/3.12.14/x64
2026-09-27T11:45:53.5342051Z   PKG_CONFIG_PATH: /opt/hostedtoolcache/Python/3.12.14/x64/lib/pkgconfig
2026-09-27T11:45:53.5342703Z   Python_ROOT_DIR: /opt/hostedtoolcache/Python/3.12.14/x64
2026-09-27T11:45:53.5343130Z   Python2_ROOT_DIR: /opt/hostedtoolcache/Python/3.12.14/x64
2026-09-27T11:45:53.5343515Z   Python3_ROOT_DIR: /opt/hostedtoolcache/Python/3.12.14/x64
2026-09-27T11:45:53.5343906Z   LD_LIBRARY_PATH: /opt/hostedtoolcache/Python/3.12.14/x64/lib
2026-09-27T11:45:53.5344241Z ##[endgroup]
2026-09-27T11:45:53.6277766Z Wrote 38 rule files to compliance/rules/
2026-09-27T11:45:53.6278343Z Index: 38 SCs x 135 components
2026-09-27T11:45:53.6278784Z Validation errors: none
2026-09-27T11:45:53.6279280Z Levels: {'AA': 17, 'A': 18, 'AAA': 3} | Severities: {'serious': 29, 'critical': 3, 'minor': 6}
2026-09-27T11:45:53.6279801Z AAA (beyond AA bar): ['2.3.3', '2.4.8', '2.5.5']
2026-09-27T11:46:08.1549714Z 
2026-09-27T11:46:08.1551067Z PARKED DUE — 5 parked item(s) are due at token-report — python3 knowledge/_parked.py --due token-report
2026-09-27T11:46:08.1551822Z wrote tokens/_blast-radius.json and _GRAPH-REPORT.md
2026-09-27T11:46:08.1552287Z tokens defined=1043 referenced=140 components=137
2026-09-27T11:46:08.1553789Z top god-nodes: [('text/default', 109), ('background/default', 74), ('tertiary/background/default', 51), ('icon/default', 46), ('border-radius/surface', 43), ('focus/ring', 40), ('border/subtle', 39), ('text/secondary', 37)]
2026-09-27T11:46:08.1554824Z depricate-still-bound components: 19
2026-09-27T11:46:08.1555155Z orphans: 903
2026-09-27T11:46:22.6573912Z 
2026-09-27T11:46:22.6575081Z PARKED DUE — 5 parked item(s) are due at token-report — python3 knowledge/_parked.py --due token-report
2026-09-27T11:46:22.6576625Z ✓ _build_blast_radius --check PASS — tokens/_blast-radius.json and _GRAPH-REPORT.md match a fresh compute() (content, not mtime)
2026-09-27T11:46:51.4784263Z 
2026-09-27T11:46:51.4785421Z PARKED DUE — 5 parked item(s) are due at token-report — python3 knowledge/_parked.py --due token-report
2026-09-27T11:46:51.4786167Z   selftest (a): compute() is deterministic across two calls ✓
2026-09-27T11:46:51.4786657Z   selftest (b1): identical fixture pair reports zero drift ✓
2026-09-27T11:46:51.4787244Z   selftest (b2): a doctored fixture pair is flagged on BOTH files, each named ✓
2026-09-27T11:46:51.4787873Z   selftest (b3): a missing on-disk file is flagged, never silently treated as a match ✓
2026-09-27T11:46:51.4788774Z selftest PASS — compute() deterministic; --check bites on drift, quiet on a match, never silently passes a missing file (#79 P6)
2026-09-27T11:46:51.5351425Z rules index: 474 rules from 35 engine-era files — {'ADVISORY': 322, 'BLOCKING': 62, 'REVIEW': 34, 'TASTE': 56}
2026-09-27T11:46:51.5615629Z runbook index: 17 runbooks -> _RUNBOOKS.md
2026-09-27T11:46:52.0384736Z selftest OK — discovers 28 standing docs by glob + STANDING: self-declaration.
2026-09-27T11:46:52.0385723Z STANDING-INSTRUCTIONS GATE PASS — 28 standing doc(s) reachable from the spine; GOOD-MORNING structure intact.
2026-09-27T11:46:52.0386682Z   NOTE: memory files live outside the repo and CANNOT be checked here — capture-ritual step 3 is still a human step.
2026-09-27T11:46:53.9815011Z help-gate OK — 268 script(s) scanned; every entry point answers --help before it can write.
2026-09-27T11:46:54.0113599Z   ✓ guard first -> GREEN                             -> GREEN
2026-09-27T11:46:54.0114975Z   ✓ write before guard -> RED                        -> RED  [knowledge/_mutant.py: help gate at statement 4 is TOO LATE — Expr on line 4 runs first]
2026-09-27T11:46:54.0116389Z   ✓ no guard at all -> RED                           -> RED  [knowledge/_mutant.py: NO HELP GATE — add]
2026-09-27T11:46:54.0117811Z   ✓ library module -> GREEN (not an entry point)     -> GREEN
2026-09-27T11:46:54.0118655Z   ✓ argparse owns --help -> GREEN                    -> GREEN
2026-09-27T11:46:54.0119930Z _validate_help_gate --selftest OK — 5 bites (guard-first · write-before-guard RED · missing-guard RED · library · argparse).
2026-09-27T11:46:54.0454119Z selftest OK — 5 verbs bite-tested, 0 native check(s), 8 assertion(s) well-formed, 3 mutation(s) killed.
2026-09-27T11:46:54.0455405Z   [✓] ASSERT-001 blocker      0 matches in root=repo
2026-09-27T11:46:54.0455971Z       ⚠ last verified 39d ago, window is 30d
2026-09-27T11:46:54.0456445Z   [✓] ASSERT-002 environment  1 match(es) in root=repo
2026-09-27T11:46:54.0456979Z   [✓] ASSERT-004 regression   needle='text-transform:uppercase' in root=repo
2026-09-27T11:46:54.0457809Z   [✓] ASSERT-005 environment  needle='knowledge/assets/fonts/' in root=repo
2026-09-27T11:46:54.0458703Z   [✓] ASSERT-006 environment  1 match(es) in root=repo
2026-09-27T11:46:54.0460703Z   [⊘] ASSERT-007 blocker      ROOT UNRESOLVED — root 'mount' unreachable HERE: no '<session>/mnt' ancestor of ROOT=/home/runner/work/UX-design/UX-design (running outside the sandbox mount) — an environment fact, not a registry defect
2026-09-27T11:46:54.0462833Z       ⚠ last verified 52d ago, window is 30d
2026-09-27T11:46:54.0463548Z   [✓] ASSERT-008 environment  1 match(es) in root=repo
2026-09-27T11:46:54.0464327Z   [✓] ASSERT-009 environment  count=138 (want eq 138) in root=repo
2026-09-27T11:46:54.0464786Z 
2026-09-27T11:46:54.0465203Z   ⚠ 2 blocker(s) past their recheck window — re-test deliberately:
2026-09-27T11:46:54.0465875Z       ASSERT-001: last verified 39d ago, window is 30d
2026-09-27T11:46:54.0467560Z         clears when: The Latin webfont files (WOFF + WOFF2) physically land in knowledge/assets/fonts/. Watch for Ultralight in the pack — a sixth weight below Thin = a TYPE RULING, not an asset drop.
2026-09-27T11:46:54.0468967Z       ASSERT-007: last verified 52d ago, window is 30d
2026-09-27T11:46:54.0470080Z         clears when: The mount layout changes and .auto-memory/ is no longer reachable from the shell — at which point the zero-fill route is genuinely gone and every doc telling a session to check disk first is wrong.
2026-09-27T11:46:54.0470829Z 
2026-09-27T11:46:54.0471964Z COULD-NOT-ASK: assertion gate — 1 of 8 claim(s) untestable in this environment, 0 false — ASSERT-007: ROOT UNRESOLVED — root 'mount' unreachable HERE: no '<session>/mnt' ancestor of ROOT=/home/runner/work/UX-design/UX-design (running outside the sandbox mount) — an environment fact, not a registry defect
2026-09-27T11:46:54.0738414Z selftest OK — 5 verbs bite-tested, 0 native check(s), 8 assertion(s) well-formed, 3 mutation(s) killed.
2026-09-27T11:46:54.6552744Z   ⚠️  WARN ds-021 (C) DECLARED GAP — `knowledge/_boot_decompose.py` counts in cl100k and cannot name a REAL tier. BUILT #242 lane F (the boot DECOMPOSITION `_boot_remeasure.py`'s two hard-coded paths could not give), REGISTERED AT THE WRAP THAT SHIPPED IT — ds-021 (C) caught it unregistered on its first gate run, which is the birth-catch the bite exists for. WHY 'estimate-only': every component figure it prints is a cl100k TAPE count over the DISK-RESIDENT boot inputs; a REAL boot figure comes only from `message.usage`, which this file never sees — it takes the real total as `--real N` from the caller and prints the harness remainder as `<real> − Σ(ours, tape)` labelled ESTIMATED-BY-SUBTRACTION, because that subtraction mixes units BY CONSTRUCTION. ⛔ Its tape figures are never summed with, scaled to, or compared against a `real` measurement [[measure-dont-convert-units]].
2026-09-27T11:46:54.6560012Z   ⚠️  WARN ds-021 (C) DECLARED GAP — `knowledge/_boot_remeasure.py` counts in cl100k and cannot name a REAL tier. BUILT #214 under `s214-D5` half 2 (per-session boot re-measure over the mounted disk-resident boot inputs), and REGISTERED HERE AT THE WRAP THAT SHIPPED IT — the ds-021 (C) bite caught it unregistered on its first gate run, which is the birth-catch the bite exists for. It counts in tiktoken cl100k ONLY and can name NO real tier: its output is a TAPE PROXY kept for SHAPE and DELTA across sessions, and the row that owns it (`W-99za`) already declares exactly that — this entry MIRRORS that declaration, it does not make a new one. ⛔ Its figures are NEVER summed with, scaled to, or compared against a `real` measurement [[measure-dont-convert-units]]; the consumer is the boot-band re-base sitting, which is DAVE'S.
2026-09-27T11:46:54.6568454Z   ⚠️  WARN ds-021 (C) DECLARED GAP — `knowledge/_compose_slice.py` counts in cl100k and cannot name a REAL tier. BORN #270 (lane 2, the compose-time door). It encodes with tiktoken cl100k ONLY to report the SIZE of a context slice against the metas it replaces (the ~6x / ~25x figures on notes/_PROPOSAL-compose-time-door-2026-09-14-v1.html) - a RATIO between two texts it measures the SAME way, never a budget figure and never a FILL claim. It cannot name a REAL tier: it does not call _gauge_tokens.count() and has no API path, so estimate-only is the honest label rather than a tier it would have to borrow. REGISTERED AT THE #270 WRAP AS A DECLARATION, NOT A RULING - ds-021 (C) asks a counting site to declare what it can name, and leaving it unregistered is the 27-sessions-of-silence failure this registry exists to stop. Whether the door is WIRED at all is Dave's, and is untouched by this entry.
2026-09-27T11:46:54.6573254Z   ⚠️  WARN ds-021 (C) DECLARED GAP — `knowledge/_context_gauge.py` counts in cl100k and cannot name a REAL tier. REFUSES without tiktoken unless --estimate labels the output (#74). Honest about estimate-vs-nothing; still blind to cl100k-vs-real.
2026-09-27T11:46:54.6578032Z   ⚠️  WARN ds-021 (C) DECLARED GAP — `knowledge/_memory_cap_check.py` counts in cl100k and cannot name a REAL tier. BUILT #244 lane C (the mechanised `MEMORY.md` cap), REGISTERED AT #244 lane V — ds-021 (C) caught it unregistered on its first gate run, which is the birth-catch the bite exists for. WHY 'estimate-only': cl100k tape of a non-repo file; never a real-token claim. The file it grades is the Cowork auto-memory index resolved through the `/sessions/*/mnt` glob, so it is OUTSIDE the repo and no `message.usage` figure can ever be taken over it — the only reading available is a tiktoken cl100k TAPE count, kept for SHAPE and DELTA (the `s243-D1` stub measured 1,502 tape against a MEMORY_CAP_TAPE of 1,802). ⛔ Its tape figures are never summed with, scaled to, or compared against a `real` measurement [[measure-dont-convert-units]]; the arm it feeds (`memory_cap_check`) is ADVISORY (`MEMORY_CAP_BLOCKING = False`) precisely because the graded file does not exist on a non-Cowork tree [[gate-cannot-pass-in-one-environment]].
2026-09-27T11:46:54.6591016Z   ⚠️  WARN ds-021 (C) DECLARED GAP — `knowledge/_seam.py` counts in cl100k and cannot name a REAL tier. BORN #283 (the lane-seam check, `s283-D1`); the FIRST COUNTING SITE was added at #285 by lane SC with the fourth STANDING block (Dave: "yes to the seam re-quoting the standing constraints"), the SECOND at #286 by lane T with the INSEAT block (#285's move 2: "`_seam.py` measures the conductor's own tool-output tokens since the last seam and warns above a threshold"). BOTH are estimate-only for the SAME reason, and the second is declared here rather than left to ride on the first entry's coat-tails — a registry entry that names one site while the file has two is the stale pin this gate exists to catch. `inseat_tokens()` encodes the CONDUCTOR'S OWN `tool_result` text out of the live transcript (non-sidechain records, lane returns split out) with tiktoken cl100k ONLY, to size what was spent in the seat since the last seam; the threshold it is judged against (`INSEAT_WARN_TK` = 10,000) is PICKED, NOT RULED, and says so on the line it prints on. ⚠ It is NEVER a FILL claim: the seam's FILL line is `_checkin.py`'s REAL reading, and this number measures a DIFFERENT OBJECT (tool output landing in the window, not the window) — they are never converted into one another [[measure-dont-convert-units]]. Unavailable tiktoken makes the line read `?` and the verdict read UNMEASURED; it is never read as 0, and the seam's selftest holds that arm. `standing_tokens()` encodes the printed constraint block with tiktoken cl100k ONLY, to size the tail it prints — it never calls `_gauge_tokens.count()`, has no API path, and the figure is never a FILL claim or a budget figure; the seam's FILL line is `_checkin.py`'s REAL reading, imported, not re-derived here. So estimate-only is the honest label rather than a tier it would have to borrow, and the unit is NAMED on the line it prints on (`STANDING <n> lines · <tokens> cl100k`). ⚠ Unavailable tiktoken prints `?`, never a guessed number, and the seam's selftest FAILS on `?` rather than passing a blind arm. REGISTERED AT THE #285 WRAP AS A DECLARATION, NOT A RULING — the `_compose_slice.py` precedent (#270 wrap) exactly: ds-021 (C) asks a counting site to declare what it can name, this site was born unregistered in this session's own commit `b99d092c`, and it is THIS SEAT'S fail to close rather than an inherited one. Whether `_standing.md` itself is ever inscribed is Dave's and is untouched by this entry.
2026-09-27T11:46:54.6599507Z capture gate [build]: 242 in scope · 0 fail · 6 warn
2026-09-27T11:46:55.2150879Z ⚠ DUPLICATE HEADING: gm-archive:2b-wave-1-rulings-1-7-unchanged-rule-with-the-above at _GM-ARCHIVE.md:5579 and _GM-ARCHIVE.md:6659
2026-09-27T11:46:55.2153198Z ⚠ DUPLICATE HEADING: gm-archive:3-the-standing-eyeball-set-non-blocking-your-foundations-fir at _GM-ARCHIVE.md:5601 and _GM-ARCHIVE.md:6682
2026-09-27T11:46:55.2154717Z ⚠ DUPLICATE HEADING: gm-archive:4b-queued-button-states-finesse-pass-dave-2026-07-22-not-now at _GM-ARCHIVE.md:5563 and _GM-ARCHIVE.md:6756
2026-09-27T11:46:55.2156217Z ⚠ DUPLICATE HEADING: gm-archive:5-parked-unchanged at _GM-ARCHIVE.md:5574 and _GM-ARCHIVE.md:6767
2026-09-27T11:46:55.2157527Z ⚠ DUPLICATE HEADING: ls-archive:prior-delta-2026-07-26-sun-evening-opus-solo-self-conducting at _LIVE-STATE-ARCHIVE.md:5441 and _LIVE-STATE-ARCHIVE.md:5456
2026-09-27T11:46:55.2158974Z ⚠ DUPLICATE HEADING: component:icon-button at knowledge/_proforma/icon-button.meta.json:1 and knowledge/components/icon-button.meta.json:1
2026-09-27T11:46:55.9994527Z ⚠ DUPLICATE HEADING: gm-archive:2b-wave-1-rulings-1-7-unchanged-rule-with-the-above at _GM-ARCHIVE.md:5579 and _GM-ARCHIVE.md:6659
2026-09-27T11:46:55.9996628Z ⚠ DUPLICATE HEADING: gm-archive:3-the-standing-eyeball-set-non-blocking-your-foundations-fir at _GM-ARCHIVE.md:5601 and _GM-ARCHIVE.md:6682
2026-09-27T11:46:55.9998726Z ⚠ DUPLICATE HEADING: gm-archive:4b-queued-button-states-finesse-pass-dave-2026-07-22-not-now at _GM-ARCHIVE.md:5563 and _GM-ARCHIVE.md:6756
2026-09-27T11:46:56.0000436Z ⚠ DUPLICATE HEADING: gm-archive:5-parked-unchanged at _GM-ARCHIVE.md:5574 and _GM-ARCHIVE.md:6767
2026-09-27T11:46:56.0002278Z ⚠ DUPLICATE HEADING: ls-archive:prior-delta-2026-07-26-sun-evening-opus-solo-self-conducting at _LIVE-STATE-ARCHIVE.md:5441 and _LIVE-STATE-ARCHIVE.md:5456
2026-09-27T11:46:56.0004651Z ⚠ DUPLICATE HEADING: component:icon-button at knowledge/_proforma/icon-button.meta.json:1 and knowledge/components/icon-button.meta.json:1
2026-09-27T11:47:03.8604825Z   ❌ FAIL GOOD-MORNING.md: no `pre-flight:` stamp — the handoff must carry the estimate the session was priced with (runbook § ★ Half 0b). Form (Dave #56, REAL TOKENS): `pre-flight: boot N (disk N measured · harness ~N est ±N) + job N est + wrap N est = N of 256,000 — BAND`
2026-09-27T11:47:03.8606551Z   ❌ FAIL GOOD-MORNING.md: section marker(s) not found (DO-FIRST, §A, §C) — ritual step 2
2026-09-27T11:47:03.8608520Z   ❌ FAIL boot-drift: notes/_GAUGE-LOG.md is MISSING — the boot band is DERIVED from that file (`s240-D1`), so with it absent there is no band and nothing to check. This is the #109 condition (a rule with no consumer), not a clean pass.
2026-09-27T11:47:03.8610478Z   ❌ FAIL lane-routing: GM §C·1 eager ROUTING line MISSING (⛔ ROUTING) — externalised records without the eager pointer is the cold-session-defaults-onto-Apollo failure
2026-09-27T11:47:03.8612874Z   ❌ FAIL TITLE GENERATION: no `knowledge/_gen_titles_receipt.json` found — `python3 knowledge/_gen_titles.py --session <N>` was not run this wrap. RENAME and NEXT-TITLE must be MECHANISED (#120 residual ⓪), never hand-authored prose.
2026-09-27T11:47:03.8614368Z   ❌ FAIL _LIVE-STATE.md: "Last refreshed" zone does not carry today (2026-07-27) — refresh it (ritual steps 1 / 2) before closing
2026-09-27T11:47:03.8615378Z   ❌ FAIL GOOD-MORNING.md: header date zone does not carry today (2026-07-27) — refresh it (ritual steps 1 / 2) before closing
2026-09-27T11:47:03.8616501Z   ⚠️  WARN B2 PLAN BLOCK check SKIPPED — no `_CHAIN.md` under /tmp/tmpnq1uj4kl, so this is not a state tree. NOT a pass: the seam was not graded here.
2026-09-27T11:47:03.8617805Z   ⚠️  WARN ⛔ INSTRUMENT-STRAY GATE DID NOT RUN for `knowledge/assets` (git exit 128: fatal: not a git repository (or any of the parent directories): .git) — UNKNOWN, not clean.
2026-09-27T11:47:03.8619107Z   ⚠️  WARN SHARED HELPER: the dedup comparer DID NOT RUN — `git ls-files` could not answer under /tmp/tmpnq1uj4kl. UNKNOWN, not a single implementation.
2026-09-27T11:47:03.8620276Z   ▫️  s263-D10 RULINGS PAGE check SKIPPED — no `knowledge/_rulings.json` under /tmp/tmpnq1uj4kl, so this is not a state tree. NOT a pass.
2026-09-27T11:47:03.8621331Z   ▫️  REGISTER↔STORE JOIN SKIPPED — register not present under /tmp/tmpnq1uj4kl. NOT a pass: the join was not made here.
2026-09-27T11:47:03.8624683Z   ▫️  REGEN SERIAL SKIPPED — the serial's own home is unreadable (no `knowledge/_build_all.py` under this tree). NOT a pass: the ordered set was never read, so nothing was compared.
2026-09-27T11:47:03.8625878Z   ▫️  FILED SUB-REPORTS: no `notes/_subreports/` under /tmp/tmpnq1uj4kl — nothing filed here, so nothing to cite. NOT a pass: the check did not run.
2026-09-27T11:47:03.8626894Z   ▫️  FILED SUB-REPORT LINES: no `notes/_subreports/` under /tmp/tmpnq1uj4kl — nothing filed here. NOT a pass: the check did not run.
2026-09-27T11:47:03.8627611Z   ▫️  · no `_to_delete/` in this tree — nothing held, nothing to age.
2026-09-27T11:47:03.8628943Z   ▫️  memory-cap: DID NOT RUN — no Cowork mount matched /sessions/*/mnt and no --path was given — the auto-memory index lives OUTSIDE this repo, so on a non-Cowork tree there is genuinely nothing to grade. This is UNKNOWN, not a pass: the auto-memory index is a Cowork surface outside this repo.
2026-09-27T11:47:03.8630205Z   ▫️  section-usage: strata marker absent — probe skipped (honest skip, not a pass)
2026-09-27T11:47:03.8630770Z   ▫️  usage-history: no testimony found — UNMEASURED, not assumed clean.
2026-09-27T11:47:03.8631360Z   ▫️  consult-receipts: strata marker absent — probe skipped (honest skip, not a pass)
2026-09-27T11:47:03.8632104Z   ▫️  retrieval index: FRESH — 2338 records byte-match the live corpus, so retrieval-first quotes this session's truth.
2026-09-27T11:47:03.8633320Z   ▫️  s295-D2 ENACTED-SHA check SKIPPED — no `knowledge/_rulings.json` in this tree. A fixture tree is not a state the rule has an opinion about.
2026-09-27T11:47:03.8635353Z   ▫️  hook re-check (`s271-D4`): DECLARED SKIP — no Cowork mount matched /sessions/*/mnt and no --path was given — the auto-memory index lives OUTSIDE this repo, so on a non-Cowork tree there is genuinely nothing to grade. The memory store lives OUTSIDE this repo (a Cowork surface); on a tree without it there is genuinely nothing to re-read. This is UNKNOWN, never a pass. Pass an explicit hook path to drive it.
2026-09-27T11:47:03.8637021Z   ▫️  ds-022 continuity: no _GAUGE-LOG.md or no GOOD-MORNING.md — UNMEASURED, not assumed clean.
2026-09-27T11:47:03.8637790Z   ▫️  subs-line: no notes/_GAUGE-LOG.md — UNMEASURED, not assumed clean.
2026-09-27T11:47:03.8638348Z   ▫️  stop-line: knowledge/_RUNBOOK-context-gauge.md absent — UNMEASURED, not passed.
2026-09-27T11:47:03.8638956Z   ▫️  stop-line: knowledge/_RUNBOOK-capture-ritual.md absent — UNMEASURED, not passed.
2026-09-27T11:47:03.8639655Z   ▫️  ds-023 stop line: STATED in all 2 trigger homes (reconciled #54 — the runbook used to contradict itself).
2026-09-27T11:47:03.8640655Z   ▫️  ds-022 (d) unkeyed: no notes/_GAUGE-LOG.md — UNMEASURED, not assumed clean. (An absent file is not a clean file; the M10 refusal pattern.)
2026-09-27T11:47:03.8641674Z   ▫️  roll-claim check: no ★ LATEST banner found — UNMEASURED (a different check already fails the wrap for this state; not re-raised here).
2026-09-27T11:47:03.8643185Z   ▫️  stale-top-item fence: `knowledge/_rulings.json` UNREADABLE (knowledge/_rulings.json does not exist) — the fence is UNMEASURED this wrap. That is NOT the same as 'no owed claim is contradicted'.
2026-09-27T11:47:03.8644554Z   ▫️  2c carry gate: no ★ LATEST + ★ PRIOR pair found — UNMEASURED. ⛔ Not a pass: with one banner there is nothing to carry FROM, and the banner structure itself is graded by other checks.
2026-09-27T11:47:03.8646434Z   ▫️  PRE-FLIGHT stamp: graded in REAL TOKENS (Dave #56 — amber 160,000 · working 256,000 · hard 300,000); the % band's enforcement was RETIRED #74-D3 (history: ledger § #36, runbook ds-023). Whether the fill figure is HONEST is still not observable here — and the wrap term is RING-FENCED at any mid-session re-price (#74-D2, runbook § Half 0b (a′)).
2026-09-27T11:47:03.8648352Z   ▫️  PRE-FLIGHT stamp: FORM checked only. Whether the fill figure is honest, and whether a mid-job re-price actually happened, are NOT observable here — discipline, not enforcement (_RUNBOOK-context-gauge.md § ★ Half 0b).
2026-09-27T11:47:03.8649825Z   ▫️  HONEST SKIP — memory-store checks (MEMORY.md pointers, memory-file fields): outside the repo, invisible to this gate. Session checks them by hand at ritual step 3 (D1a — unenforced by design).
2026-09-27T11:47:03.8651157Z   ▫️  #119 sweep re-checker (s186-D2, pass 6 P1): 21 frozen 'UNPROVEN by this sweep' status string(s) in `_rulings.json` — unchanged. Counted, never rewritten; refuses only on growth.
2026-09-27T11:47:03.8651934Z capture gate [wrap]: 0 in scope · 7 fail · 3 warn
2026-09-27T11:47:03.8653416Z   ⛔ STRUCTURAL GOOD-MORNING.md: no `pre-flight:` stamp — the handoff must carry the estimate the session was priced with (runbook § ★ Half 0b). Form (Dave #56, REAL TOKENS): `pre-flight: boot N (disk N measured · harness ~N est ±N) + job N est + wrap N est = N of 256,000 — BAND`
2026-09-27T11:47:03.8654662Z   ⛔ STRUCTURAL GOOD-MORNING.md: section marker(s) not found (DO-FIRST, §A, §C) — ritual step 2
2026-09-27T11:47:03.8655851Z   ⛔ STRUCTURAL boot-drift: notes/_GAUGE-LOG.md is MISSING — the boot band is DERIVED from that file (`s240-D1`), so with it absent there is no band and nothing to check. This is the #109 condition (a rule with no consumer), not a clean pass.
2026-09-27T11:47:03.8657284Z   ⛔ STRUCTURAL lane-routing: GM §C·1 eager ROUTING line MISSING (⛔ ROUTING) — externalised records without the eager pointer is the cold-session-defaults-onto-Apollo failure
2026-09-27T11:47:03.8658770Z   ⛔ STRUCTURAL TITLE GENERATION: no `knowledge/_gen_titles_receipt.json` found — `python3 knowledge/_gen_titles.py --session <N>` was not run this wrap. RENAME and NEXT-TITLE must be MECHANISED (#120 residual ⓪), never hand-authored prose.
2026-09-27T11:47:03.8660076Z   ▫️  heals-at-wrap: _LIVE-STATE.md: "Last refreshed" zone does not carry today (2026-07-27) — refresh it (ritual steps 1
2026-09-27T11:47:03.8660909Z   ▫️  heals-at-wrap: GOOD-MORNING.md: header date zone does not carry today (2026-07-27) — refresh it (ritual steps 1 / 2
2026-09-27T11:47:03.8662075Z rehearsal [wrap-gate, early]: 5 STRUCTURAL fail(s) — fix NOW, cheap · 2 heals-at-wrap (ritual steps 1/2) · 3 warn(s) (was 3 at the last logged run) (run --wrap for bodies) · logged → notes/_REHEARSAL-LOG.jsonl
2026-09-27T11:47:03.8663467Z capture gate [build]: 0 in scope · 0 fail · 0 warn
2026-09-27T11:47:03.8664055Z   ▫️  #82-D1 real tier UNSUPPRESSED for one probe: observed 'cl100k' (offline/absent — legal, and declared)
2026-09-27T11:47:17.3760983Z _governs: ⬛ DECLARED (#208) — ruling s202-D3 governs the BARE token `knowledge`, which is a real DIRECTORY. Before #208 it matched every path carrying a `knowledge` segment (the too-loose arm, and the reason the negative control and [13] were red); it now governs NOTHING. REACH LOST HERE. Remedy: name the files/symbols it really governs, via `_inscribe_ruling.py` — the only legal writer of _rulings.json. ⛔ That scope is Dave's call, not this gate's.
2026-09-27T11:47:17.3767174Z _governs: ⬛ DECLARED (#208) — ruling s217-D5 governs the BARE token `showroom`, which is a real DIRECTORY. Before #208 it matched every path carrying a `showroom` segment (the too-loose arm, and the reason the negative control and [13] were red); it now governs NOTHING. REACH LOST HERE. Remedy: name the files/symbols it really governs, via `_inscribe_ruling.py` — the only legal writer of _rulings.json. ⛔ That scope is Dave's call, not this gate's.
2026-09-27T11:47:17.3773113Z _governs: ⬛ DECLARED (#208) — ruling s237-D9 governs the BARE token `apollo-spider`, which is a real DIRECTORY. Before #208 it matched every path carrying a `apollo-spider` segment (the too-loose arm, and the reason the negative control and [13] were red); it now governs NOTHING. REACH LOST HERE. Remedy: name the files/symbols it really governs, via `_inscribe_ruling.py` — the only legal writer of _rulings.json. ⛔ That scope is Dave's call, not this gate's.
2026-09-27T11:47:17.3778916Z _governs: ⬛ DECLARED (#208) — ruling s238-D5 governs the BARE token `apollo-spider`, which is a real DIRECTORY. Before #208 it matched every path carrying a `apollo-spider` segment (the too-loose arm, and the reason the negative control and [13] were red); it now governs NOTHING. REACH LOST HERE. Remedy: name the files/symbols it really governs, via `_inscribe_ruling.py` — the only legal writer of _rulings.json. ⛔ That scope is Dave's call, not this gate's.
2026-09-27T11:47:17.3805078Z _governs: ⬛ DECLARED (#208) — 89 `governs` entr(ies) name a DIRECTORY with a path separator; they governed no file BEFORE #208 and govern none after (unchanged, pre-existing under-specification, not a #208 narrowing): dv-2px-separation→knowledge/snippets, opacity-primitives→knowledge/canon, opacity-primitives→knowledge/snippets, showroom-one-bar-chrome→knowledge/snippets/, showroom-one-bar-chrome→showroom/, snippets-pure-canon→knowledge/snippets/, opacity-primitives-4pct→knowledge/, ds-028→knowledge/snippets/, ds-030→knowledge/snippets/, ds-034→knowledge/snippets/, ds-035→knowledge/tokens/themes/, s114-D4→designer-skills-v1/, s114-D4→designer-skills-v2/, s114-D7→memento-package/, s135-D3→knowledge/components/, s193-D1→memento-package/, s198-D1→knowledge/tokens, s198-D2→knowledge/tokens, s199-D1→knowledge/tokens, s199-D2→knowledge/tokens, s199-D3→knowledge/tokens, s200-D1→knowledge/tokens, s200-D2→knowledge/tokens, s200-D3→knowledge/tokens, s200-D4→knowledge/tokens, s201-D1→knowledge/tokens, s201-D2→knowledge/tokens, s201-D3→knowledge/tokens, s201-D4→knowledge/tokens, s201-D5→knowledge/tokens, s202-D1→knowledge/tokens, s202-D2→knowledge/tokens, s216-D1→knowledge/tokens/themes, s217-D2→knowledge/canon, s217-D2→knowledge/tokens/themes, s217-D3→knowledge/canon, s217-D5→knowledge/canon, s219-D4→designer-skills-v1/, s219-D4→designer-skills-v2/, s219-D4→memento-package/, s219-D5→knowledge/_release/, s219-D6→knowledge/_release/, s219-D7→knowledge/_release/, s219-D7→memento-package/, s219-D8→knowledge/_release/, s219-D9→knowledge/_release/, s219-D9→apollo-spider/, s219-D10→knowledge/_release/, s219-D10→apollo-spider/, s237-D7→notes/_briefs, s245-D1→knowledge/components/, s245-D3→knowledge/components/, s245-D4→knowledge/components/, s245-D5→knowledge/components/, s245-D10→knowledge/tokens, s251-D3→knowledge/components/, s251-D4→knowledge/components/, s251-D5→knowledge/components/, s251-D6→knowledge/components/, s251-D7→knowledge/components/, s251-D8→knowledge/components/, s251-D9→knowledge/components/, s251-D10→knowledge/components/, s251-D11→knowledge/components/, s251-D12→knowledge/components/, s260-D3→knowledge/_tests/chart-engine/, s261-D1→knowledge/snippets/, s261-D1→apollo-spider/, s261-D8→showroom/, s261-D8→reviews/, s268-D1→apollo-spider/dist/, s268-D2→apollo-spider/dist/, s268-D3→apollo-spider/dist/, s268-D4→apollo-spider/dist/, s268-D6→knowledge/components/, s273-D1→knowledge/components, s273-D2→knowledge/components, s276-D1→knowledge/compliance/rules, s276-D2→knowledge/compliance/rules, s277-D4→knowledge/assets/logos/, s277-D5→knowledge/components/, s277-D7→knowledge/assets/logos/, s277-D9→knowledge/guidelines/, s277-D10→designer-skills-v2/, s277-D12→knowledge/tokens/, s278-D1→designer-skills-v2/, s279-D1→designer-skills-v2/, s279-D1→knowledge/_release/, s282-D4→knowledge/assets/logos/
2026-09-27T11:47:17.3825901Z _governs: COULD-NOT-ASK — ruling ds-034's evidence `outputs/_FINDING-canon-pri-hover-brand-mono-fork-2026-08-06-v1.md` is excluded by this repo's own .gitignore — no checkout can hold it, so whether it has rotted is UNASKABLE here; the machine that wrote it is where that question has an answer
2026-09-27T11:47:17.3829647Z _governs: COULD-NOT-ASK — ruling ds-034's evidence `outputs/_PARTITION-button-primary-2026-08-06-v1.md` is excluded by this repo's own .gitignore — no checkout can hold it, so whether it has rotted is UNASKABLE here; the machine that wrote it is where that question has an answer
2026-09-27T11:47:17.3833593Z _governs: COULD-NOT-ASK — ruling ds-035's evidence `outputs/_FINDING-canon-pri-hover-brand-mono-fork-2026-08-06-v1.md` is excluded by this repo's own .gitignore — no checkout can hold it, so whether it has rotted is UNASKABLE here; the machine that wrote it is where that question has an answer
2026-09-27T11:47:17.3836109Z _governs: SKIPPED anchor on superseded ruling s129-D1 (superseded_by s171-D1): `knowledge/_gauge_tokens.py#BOOT_FIRSTTURN_TK = 54_859`
2026-09-27T11:47:17.3837661Z _governs: SKIPPED anchor on superseded ruling s129-D1 (superseded_by s171-D1): `knowledge/_gauge_tokens.py#RE-BASED #129, 2026-08-08`
2026-09-27T11:47:17.3839190Z _governs: SKIPPED anchor on superseded ruling s129-D1 (superseded_by s171-D1): `knowledge/_capture_gate.py#if "boot" not in ln.lower():`
2026-09-27T11:47:17.3840671Z _governs: SKIPPED anchor on superseded ruling s129-D1 (superseded_by s171-D1): `notes/_GAUGE-LOG.md##### 2026-08-08 #129`
2026-09-27T11:47:17.3842216Z _governs: SKIPPED anchor on superseded ruling s129-D1 (superseded_by s171-D1): `notes/_MEMENTO-DECISIONS.md#THE BOOT FLOOR IS RE-BASED: 75,899`
2026-09-27T11:47:17.3845147Z _governs: COULD-NOT-ASK — ruling s245-D6's evidence `knowledge/_tmp/l3-245/rename-plan.json` is excluded by this repo's own .gitignore — no checkout can hold it, so whether it has rotted is UNASKABLE here; the machine that wrote it is where that question has an answer
2026-09-27T11:47:17.3847008Z 
2026-09-27T11:47:17.3847182Z -- index freshness (#32) --
2026-09-27T11:47:17.3847914Z [OK] index-freshness: FRESH index passes and reports it (the detectable-when-present half)
2026-09-27T11:47:17.3848927Z [OK] index-freshness: STALE index fails — the #32 defect itself
2026-09-27T11:47:17.3849540Z [OK] index-freshness: ABSENT index fails
2026-09-27T11:47:17.3850270Z [OK] index-freshness: corpus REFUSAL fails and names the offending source (the #30 case)
2026-09-27T11:47:17.3850877Z 
2026-09-27T11:47:17.3851059Z -- rulings page freshness (s263-D10) --
2026-09-27T11:47:17.3851899Z [OK] rulings-freshness: no _rulings.json ⇒ SKIPPED out loud and declared NOT a pass
2026-09-27T11:47:17.3852934Z [OK] rulings-freshness: a never-generated _RULINGS.html FAILS
2026-09-27T11:47:17.3853844Z [OK] rulings-freshness: a FRESH page passes AND reports FRESH (the detectable-when-present half)
2026-09-27T11:47:17.3854974Z [OK] rulings-freshness: a page STALE against the store FAILS, and the failure names the fix command
2026-09-27T11:47:17.3855653Z 
2026-09-27T11:47:17.3855838Z -- stale-top-item fence (s161-D4, #161) --
2026-09-27T11:47:17.3857255Z [OK] stale-top: STALE_TOP_BLOCKING pin is True (BLOCKING at birth, s161-D4 — a flip must land WITH its ruled demotion and edit this pin in the same edit; the M10 pattern)
2026-09-27T11:47:17.3858538Z [OK] stale-top: the REAL #160 claim FAILS (the defect itself)
2026-09-27T11:47:17.3859188Z [OK] stale-top: the fail quotes the CLAIMING LINE verbatim
2026-09-27T11:47:17.3859992Z [OK] stale-top: the fail quotes the STORE's status verbatim
2026-09-27T11:47:17.3860825Z [OK] stale-top: it fires once per surface — GM and the chain both scanned
2026-09-27T11:47:17.3861711Z [OK] stale-top: the note reports the measurement (lines scanned + window), never a remedy
2026-09-27T11:47:17.3863479Z [OK] stale-top: MUTATION: with the owed vocabulary emptied the RED fixture PASSES — the bite above is THIS check's, not some other check's
2026-09-27T11:47:17.3864717Z [OK] stale-top: GREEN: an owed claim on a ruling the store calls NOT ENACTED passes
2026-09-27T11:47:17.3865676Z [OK] stale-top: USE vs MENTION: an owed-shaped clause that cites its own enactment is EXEMPT
2026-09-27T11:47:17.3866718Z [OK] stale-top: SCOPE: the identical sentence in a narrative line is NOT scanned (#77's lesson)
2026-09-27T11:47:17.3867849Z [OK] stale-top: an absent store is UNMEASURED and SAYS SO — never silently green
2026-09-27T11:47:17.3868793Z     ✓ generates against the live repo (no refusal on a healthy tree)
2026-09-27T11:47:17.3869656Z     ✓ carries the GM header+LATEST term VERBATIM (not a summary of it)
2026-09-27T11:47:24.2486947Z ⚠ DUPLICATE HEADING: gm-archive:2b-wave-1-rulings-1-7-unchanged-rule-with-the-above at _GM-ARCHIVE.md:5579 and _GM-ARCHIVE.md:6659
2026-09-27T11:47:24.2489337Z ⚠ DUPLICATE HEADING: gm-archive:3-the-standing-eyeball-set-non-blocking-your-foundations-fir at _GM-ARCHIVE.md:5601 and _GM-ARCHIVE.md:6682
2026-09-27T11:47:24.2490988Z ⚠ DUPLICATE HEADING: gm-archive:4b-queued-button-states-finesse-pass-dave-2026-07-22-not-now at _GM-ARCHIVE.md:5563 and _GM-ARCHIVE.md:6756
2026-09-27T11:47:24.2492744Z ⚠ DUPLICATE HEADING: gm-archive:5-parked-unchanged at _GM-ARCHIVE.md:5574 and _GM-ARCHIVE.md:6767
2026-09-27T11:47:24.2494450Z ⚠ DUPLICATE HEADING: ls-archive:prior-delta-2026-07-26-sun-evening-opus-solo-self-conducting at _LIVE-STATE-ARCHIVE.md:5441 and _LIVE-STATE-ARCHIVE.md:5456
2026-09-27T11:47:24.2496109Z ⚠ DUPLICATE HEADING: component:icon-button at knowledge/_proforma/icon-button.meta.json:1 and knowledge/components/icon-button.meta.json:1
2026-09-27T11:47:24.7096436Z     ✓ carries the LS ⏱ LATEST delta VERBATIM
2026-09-27T11:47:24.7097896Z     ✓ is materially smaller than GOOD-MORNING.md (7,215 vs 34,481 tape (cl100k ESTIMATE), 20.9% of it, floor <40%; tier measured, not assumed: tiktoken cl100k_base)
2026-09-27T11:47:24.7099731Z     ✓ BOTH SIDES OF THE RATIO ARE ON ONE MEASURER — chain `tiktoken cl100k_base` vs GOOD-MORNING `tiktoken cl100k_base`, so the percentage above has a unit
2026-09-27T11:47:24.7100873Z     ✓ STAMP IS EXACT — the published figure equals this file's own measured size
2026-09-27T11:47:24.7101496Z     ✓ published figure is the FILE, not the slice — the two differ and the file is bigger
2026-09-27T11:47:24.7102066Z     ✓ footer NAMES THE UNIT — a bare token count is a defect (ds-021)
2026-09-27T11:47:24.7102822Z     ✓ says GENERATED / DO-NOT-HAND-EDIT at the very top (line 1)
2026-09-27T11:47:24.7103293Z     ✓ tells the reader NOT to open GOOD-MORNING.md to check
2026-09-27T11:47:24.7103695Z     ✓ names retrieval as the door for everything else
2026-09-27T11:47:24.7104136Z     ✓ the {{BUILD_VERDICT}} marker NEVER leaks into the chain unrendered
2026-09-27T11:47:24.7104664Z     ✓ BUILD-STEP FIGURE IS RE-DERIVED AND MATCHES DISK (152 steps, measured now)
2026-09-27T11:47:24.7105278Z     ✓ the plant planted — a verdict figure was moved off disk (else the next bite is vacuous)
2026-09-27T11:47:24.7105900Z     ✓ a WRONG verdict figure is CAUGHT even with the true count elsewhere in the file
2026-09-27T11:47:24.7106397Z     ✓ step labels are 1:1 with rows (no duplicates)
2026-09-27T11:47:24.7106834Z     ✓ with NO run record the line says the green count is NOT DERIVABLE
2026-09-27T11:47:24.7107347Z     ✓ …and it names the remedy instead of a number (`_build_survey.py`)
2026-09-27T11:47:24.7107861Z     ✓ …and it re-stamps NOTHING — the old pinned 75-of-N form cannot reappear
2026-09-27T11:47:24.7108580Z     ✓ …and it names BOTH rulings, so the next session cannot 'helpfully' type it
2026-09-27T11:47:24.7109136Z     ✓ with a record the GREEN COUNT IS THE RUN'S, not len(STEPS) at a pinned sha
2026-09-27T11:47:24.7109673Z     ✓ a run of the SAME-sized build declares no size difference (no false alarm)
2026-09-27T11:47:24.7110191Z     ✓ a run of a SMALLER build: the total is STILL disk's, never the run's
2026-09-27T11:47:24.7110653Z     ✓ …and the size difference is DECLARED, naming both counts
2026-09-27T11:47:24.7111124Z     ✓ …and the steps the run never saw are counted in NO record, never green
2026-09-27T11:47:24.7111665Z     ✓ a run of a LARGER build: total is disk's and the vanished steps are DECLARED
2026-09-27T11:47:24.7112261Z     ✓ the run's sha and date are published beside it (an unattributed verdict is not a verdict)
2026-09-27T11:47:24.7113170Z     ✓ a stale record DECLARES itself against HEAD rather than passing as current
2026-09-27T11:47:24.7113683Z     ✓ steps in NO record are called out — never asked is never green
2026-09-27T11:47:24.7114183Z     ✓ the #62 clause SURVIVES as its own fact, generated from its own AST
2026-09-27T11:47:24.7114679Z     ✓ an absent STEPS assignment REFUSES BY NAME (never returns a count)
2026-09-27T11:47:24.7115176Z     ✓ a NON-LITERAL STEPS refuses rather than counting something else
2026-09-27T11:47:24.7115712Z     ✓ TITLE BLOCK IS FIRST — above the verbatim GM slice (position was the defect)
2026-09-27T11:47:24.7116248Z     ✓ DETERMINISTIC — two builds of an unchanged tree are byte-identical
2026-09-27T11:47:24.7117297Z   ✅ _CHAIN.md: 7,153 tiktoken cl100k_base · GM header+LATEST 5174 tk · LS LATEST delta only (of 36 delta lines) 1131 tk · FILE 7,153 tiktoken cl100k_base = slice 6,305 + wrapper 848 · fixed point in 2 pass(es)
2026-09-27T11:47:24.7118764Z   ✅ _CHAIN.md is FRESH — byte-matches the live chain · GM header+LATEST 5174 tk · LS LATEST delta only (of 36 delta lines) 1131 tk · FILE 7,153 tiktoken cl100k_base = slice 6,305 + wrapper 848 · fixed point in 2 pass(es)
2026-09-27T11:47:24.7119658Z     ✓ --check PASSES on a freshly generated file
2026-09-27T11:47:24.7120580Z   ✅ _CHAIN.md: 7,279 tiktoken cl100k_base · GM header+LATEST 5300 tk · LS LATEST delta only (of 36 delta lines) 1131 tk · FILE 7,279 tiktoken cl100k_base = slice 6,431 + wrapper 848 · fixed point in 2 pass(es)
2026-09-27T11:47:24.7121648Z     ✓ the fixture really was generated at another sha (a plant that did not plant would make every bite below vacuous)
2026-09-27T11:47:24.7122758Z     ✓ the fixture DIFFERS from a fresh render — i.e. the old byte comparison WOULD have called this stale, which is the defect being fixed
2026-09-27T11:47:24.7123825Z     ✓ --check is GREEN on a HEAD-ONLY advance — the chain's own content still matches GOOD-MORNING.md / _LIVE-STATE.md
2026-09-27T11:47:24.7124629Z     ✓ and it SAYS SO, naming BOTH shas — the honest comparison stays visible rather than being normalised into silence
2026-09-27T11:47:24.7125568Z     ✓ a HEAD-only advance is NEVER called FRESH without the qualifier (a bare FRESH would claim the file matches a fresh render, which it does not)
2026-09-27T11:47:24.7127792Z     ✓ REAL content staleness is STILL RED even when HEAD has also advanced — the re-ask does not launder drift
2026-09-27T11:47:24.7128960Z     ✓ and it is called STALE, not could-not-ask — real drift is a content verdict
2026-09-27T11:47:24.7129875Z     ✓ a PRE-SET head pin makes --check REFUSE (could-not-ask), never pass
2026-09-27T11:47:24.7130998Z     ✓ the environment refusal does NOT call it STALE either — it is a measurement refusal, not a content verdict
2026-09-27T11:47:24.7133264Z   ✅ _CHAIN.md: 7,279 tiktoken cl100k_base · GM header+LATEST 5300 tk · LS LATEST delta only (of 36 delta lines) 1131 tk · FILE 7,279 tiktoken cl100k_base = slice 6,431 + wrapper 848 · fixed point in 2 pass(es)
2026-09-27T11:47:24.7135788Z   ✅ _CHAIN.md is FRESH — byte-matches the live chain · GM header+LATEST 5300 tk · LS LATEST delta only (of 36 delta lines) 1131 tk · FILE 7,279 tiktoken cl100k_base = slice 6,431 + wrapper 848 · fixed point in 2 pass(es)
2026-09-27T11:47:24.7137840Z     ✓ tree restored — the SAME fresh tree reports FRESH again, unharmed by the arms above
2026-09-27T11:47:24.7138924Z     ✓ --check on a degraded instrument still exits non-zero (refuses, not a silent pass)
2026-09-27T11:47:24.7140329Z     ✓ --check's message does NOT call it STALE — that misnames a measurement problem as a content problem (the #58 defect, reproduced here)
2026-09-27T11:47:24.7141603Z     ✓ --check's message names the DEGRADED INSTRUMENT so the cause is legible
2026-09-27T11:47:24.7143664Z   ✅ _CHAIN.md is FRESH — byte-matches the live chain · GM header+LATEST 5300 tk · LS LATEST delta only (of 36 delta lines) 1131 tk · FILE 7,279 tiktoken cl100k_base = slice 6,431 + wrapper 848 · fixed point in 2 pass(es)
2026-09-27T11:47:24.7145346Z     ✓ instrument restored — the SAME fresh tree reports FRESH again, unharmed
2026-09-27T11:47:24.7146816Z     ✓ the freshly written chain carries a READABLE unit stamp (the clause has something to compare — an unreadable stamp would make the arm below vacuous)
2026-09-27T11:47:24.7148455Z     ✓ the stamp mutation actually changed the file (a plant that did not plant would make every bite below an assertion)
2026-09-27T11:47:24.7149562Z     ✓ stamped_tier() reads the MUTATED stamp back as the other tier
2026-09-27T11:47:24.7150449Z     ✓ --check on a tier divergence exits non-zero (refuses, never a silent pass)
2026-09-27T11:47:24.7151325Z     ✓ --check exits the COULD-NOT-ASK code (77), not the failure code
2026-09-27T11:47:24.7152001Z     ✓ --check calls it COULD-NOT-ASK
2026-09-27T11:47:24.7168383Z     ✓ the refusal's first marked line is machine-readable by `cna.reason_in`
2026-09-27T11:47:24.7169757Z     ✓ --check does NOT call it STALE — a tier divergence is a measurement problem and naming it staleness is the #173 defect, reproduced here
2026-09-27T11:47:24.7171314Z     ✓ the refusal NAMES BOTH TIERS, so a reader can see which two instruments disagreed rather than being handed a shrug
2026-09-27T11:47:24.7172644Z     ✓ --check on an UNREADABLE stamp refuses with the convention's code
2026-09-27T11:47:24.7173484Z     ✓ --check calls an unreadable stamp COULD-NOT-ASK, not STALE
2026-09-27T11:47:24.7175257Z   ✅ _CHAIN.md is FRESH — byte-matches the live chain · GM header+LATEST 5300 tk · LS LATEST delta only (of 36 delta lines) 1131 tk · FILE 7,279 tiktoken cl100k_base = slice 6,431 + wrapper 848 · fixed point in 2 pass(es)
2026-09-27T11:47:24.7177159Z     ✓ stamp restored — the SAME tree reports FRESH again, so the clause does not false-fire on an agreeing stamp
2026-09-27T11:47:24.7179507Z   ✗ _CHAIN.md is STALE — it does not match GOOD-MORNING.md / _LIVE-STATE.md as they now stand, so a cold session would read a PREVIOUS session's record as if it were current. Run `python3 knowledge/_gen_chain.py` and stage the result.
2026-09-27T11:47:24.7181223Z     ✓ --check FAILS on a hand-edited file (the stale-record class)
2026-09-27T11:47:24.7182844Z     ✓ and that failure is a FAILURE, not a refusal — a real staleness on the reachable tier still exits 1, so the COULD-NOT-ASK path did not swallow the gate
2026-09-27T11:47:24.7184254Z   ✗ _CHAIN.md is MISSING — run `python3 knowledge/_gen_chain.py` and stage it
2026-09-27T11:47:24.7185041Z     ✓ --check FAILS when the file is missing entirely
2026-09-27T11:47:24.7185830Z     ✓ REFUSES a STALE title (title #N == ★ LATEST #N, the skipped-mint state)
2026-09-27T11:47:24.7186760Z     ✓ REFUSES (with a reason) when GM has no ★ LATEST banner — no cheerful blank
2026-09-27T11:47:24.7187491Z   ✅ _gen_chain selftest: all bites pass
2026-09-27T11:47:24.7189566Z   ⛔ STRUCTURAL GOOD-MORNING.md: no `pre-flight:` stamp — the handoff must carry the estimate the session was priced with (runbook § ★ Half 0b). Form (Dave #56, REAL TOKENS): `pre-flight: boot N (disk N measured · harness ~N est ±N) + job N est + wrap N est = N of 256,000 — BAND`
2026-09-27T11:47:24.7191730Z   ⛔ STRUCTURAL GOOD-MORNING.md: section marker(s) not found (DO-FIRST, §A, §C) — ritual step 2
2026-09-27T11:47:24.9891557Z ⚠ DUPLICATE HEADING: gm-archive:2b-wave-1-rulings-1-7-unchanged-rule-with-the-above at _GM-ARCHIVE.md:5579 and _GM-ARCHIVE.md:6659
2026-09-27T11:47:24.9894036Z ⚠ DUPLICATE HEADING: gm-archive:3-the-standing-eyeball-set-non-blocking-your-foundations-fir at _GM-ARCHIVE.md:5601 and _GM-ARCHIVE.md:6682
2026-09-27T11:47:24.9895880Z ⚠ DUPLICATE HEADING: gm-archive:4b-queued-button-states-finesse-pass-dave-2026-07-22-not-now at _GM-ARCHIVE.md:5563 and _GM-ARCHIVE.md:6756
2026-09-27T11:47:24.9897551Z ⚠ DUPLICATE HEADING: gm-archive:5-parked-unchanged at _GM-ARCHIVE.md:5574 and _GM-ARCHIVE.md:6767
2026-09-27T11:47:24.9899032Z ⚠ DUPLICATE HEADING: ls-archive:prior-delta-2026-07-26-sun-evening-opus-solo-self-conducting at _LIVE-STATE-ARCHIVE.md:5441 and _LIVE-STATE-ARCHIVE.md:5456
2026-09-27T11:47:24.9900670Z ⚠ DUPLICATE HEADING: component:icon-button at knowledge/_proforma/icon-button.meta.json:1 and knowledge/components/icon-button.meta.json:1
2026-09-27T11:47:25.7356444Z ⚠ DUPLICATE HEADING: gm-archive:2b-wave-1-rulings-1-7-unchanged-rule-with-the-above at _GM-ARCHIVE.md:5579 and _GM-ARCHIVE.md:6659
2026-09-27T11:47:25.7358544Z ⚠ DUPLICATE HEADING: gm-archive:3-the-standing-eyeball-set-non-blocking-your-foundations-fir at _GM-ARCHIVE.md:5601 and _GM-ARCHIVE.md:6682
2026-09-27T11:47:25.7360601Z ⚠ DUPLICATE HEADING: gm-archive:4b-queued-button-states-finesse-pass-dave-2026-07-22-not-now at _GM-ARCHIVE.md:5563 and _GM-ARCHIVE.md:6756
2026-09-27T11:47:25.7362277Z ⚠ DUPLICATE HEADING: gm-archive:5-parked-unchanged at _GM-ARCHIVE.md:5574 and _GM-ARCHIVE.md:6767
2026-09-27T11:47:25.7364468Z ⚠ DUPLICATE HEADING: ls-archive:prior-delta-2026-07-26-sun-evening-opus-solo-self-conducting at _LIVE-STATE-ARCHIVE.md:5441 and _LIVE-STATE-ARCHIVE.md:5456
2026-09-27T11:47:25.7366577Z ⚠ DUPLICATE HEADING: component:icon-button at knowledge/_proforma/icon-button.meta.json:1 and knowledge/components/icon-button.meta.json:1
2026-09-27T11:47:26.2695154Z   ⛔ STRUCTURAL boot-drift: notes/_GAUGE-LOG.md is MISSING — the boot band is DERIVED from that file (`s240-D1`), so with it absent there is no band and nothing to check. This is the #109 condition (a rule with no consumer), not a clean pass.
2026-09-27T11:47:26.2697931Z   ⛔ STRUCTURAL lane-routing: GM §C·1 eager ROUTING line MISSING (⛔ ROUTING) — externalised records without the eager pointer is the cold-session-defaults-onto-Apollo failure
2026-09-27T11:47:26.2700521Z   ⛔ STRUCTURAL TITLE GENERATION: no `knowledge/_gen_titles_receipt.json` found — `python3 knowledge/_gen_titles.py --session <N>` was not run this wrap. RENAME and NEXT-TITLE must be MECHANISED (#120 residual ⓪), never hand-authored prose.
2026-09-27T11:47:26.2703300Z   ▫️  heals-at-wrap: _LIVE-STATE.md: "Last refreshed" zone does not carry today (2026-07-27) — refresh it (ritual steps 1
2026-09-27T11:47:26.2704735Z   ▫️  heals-at-wrap: GOOD-MORNING.md: header date zone does not carry today (2026-07-27) — refresh it (ritual steps 1 / 2
2026-09-27T11:47:26.2706712Z rehearsal [wrap-gate, early]: 5 STRUCTURAL fail(s) — fix NOW, cheap · 2 heals-at-wrap (ritual steps 1/2) · 3 warn(s) (run --wrap for bodies) · logged → notes/_REHEARSAL-LOG.jsonl
2026-09-27T11:47:26.2709382Z   ❌ FAIL GOOD-MORNING.md: no `pre-flight:` stamp — the handoff must carry the estimate the session was priced with (runbook § ★ Half 0b). Form (Dave #56, REAL TOKENS): `pre-flight: boot N (disk N measured · harness ~N est ±N) + job N est + wrap N est = N of 256,000 — BAND`
2026-09-27T11:47:26.2711386Z   ❌ FAIL GOOD-MORNING.md: section marker(s) not found (DO-FIRST, §A, §C) — ritual step 2
2026-09-27T11:47:26.2713607Z   ❌ FAIL boot-drift: notes/_GAUGE-LOG.md is MISSING — the boot band is DERIVED from that file (`s240-D1`), so with it absent there is no band and nothing to check. This is the #109 condition (a rule with no consumer), not a clean pass.
2026-09-27T11:47:26.2716092Z   ❌ FAIL lane-routing: GM §C·1 eager ROUTING line MISSING (⛔ ROUTING) — externalised records without the eager pointer is the cold-session-defaults-onto-Apollo failure
2026-09-27T11:47:26.2718460Z   ❌ FAIL TITLE GENERATION: no `knowledge/_gen_titles_receipt.json` found — `python3 knowledge/_gen_titles.py --session <N>` was not run this wrap. RENAME and NEXT-TITLE must be MECHANISED (#120 residual ⓪), never hand-authored prose.
2026-09-27T11:47:26.2720403Z   ❌ FAIL _LIVE-STATE.md: "Last refreshed" zone does not carry today (2026-07-27) — refresh it (ritual steps 1 / 2) before closing
2026-09-27T11:47:26.2721745Z   ❌ FAIL GOOD-MORNING.md: header date zone does not carry today (2026-07-27) — refresh it (ritual steps 1 / 2) before closing
2026-09-27T11:47:26.2724890Z   ⚠️  WARNS 3 UNCHANGED warn(s) since the rehearse record of 2026-07-27 — NAMED, bodies suppressed (`s241-D2`); run `python3 knowledge/_capture_gate.py --wrap --warns-full` for the bodies: B2 PLAN BLOCK check SKIPPED — no `_CHAIN.md` under /tmp/ · ⛔ INSTRUMENT-STRAY GATE DID NOT RUN for `knowledge/asset · SHARED HELPER: the dedup comparer DID NOT RUN — `git ls-
2026-09-27T11:47:26.2727547Z   ▫️  s263-D10 RULINGS PAGE check SKIPPED — no `knowledge/_rulings.json` under /tmp/tmptsb829lj, so this is not a state tree. NOT a pass.
2026-09-27T11:47:26.2728994Z   ▫️  REGISTER↔STORE JOIN SKIPPED — register not present under /tmp/tmptsb829lj. NOT a pass: the join was not made here.
2026-09-27T11:47:26.2730659Z   ▫️  REGEN SERIAL SKIPPED — the serial's own home is unreadable (no `knowledge/_build_all.py` under this tree). NOT a pass: the ordered set was never read, so nothing was compared.
2026-09-27T11:47:26.2732632Z   ▫️  FILED SUB-REPORTS: no `notes/_subreports/` under /tmp/tmptsb829lj — nothing filed here, so nothing to cite. NOT a pass: the check did not run.
2026-09-27T11:47:26.2734193Z   ▫️  FILED SUB-REPORT LINES: no `notes/_subreports/` under /tmp/tmptsb829lj — nothing filed here. NOT a pass: the check did not run.
2026-09-27T11:47:26.2735272Z   ▫️  · no `_to_delete/` in this tree — nothing held, nothing to age.
2026-09-27T11:47:26.2737280Z   ▫️  memory-cap: DID NOT RUN — no Cowork mount matched /sessions/*/mnt and no --path was given — the auto-memory index lives OUTSIDE this repo, so on a non-Cowork tree there is genuinely nothing to grade. This is UNKNOWN, not a pass: the auto-memory index is a Cowork surface outside this repo.
2026-09-27T11:47:26.2739241Z   ▫️  section-usage: strata marker absent — probe skipped (honest skip, not a pass)
2026-09-27T11:47:26.2740102Z   ▫️  usage-history: no testimony found — UNMEASURED, not assumed clean.
2026-09-27T11:47:26.2740989Z   ▫️  consult-receipts: strata marker absent — probe skipped (honest skip, not a pass)
2026-09-27T11:47:26.2742304Z   ▫️  retrieval index: FRESH — 2338 records byte-match the live corpus, so retrieval-first quotes this session's truth.
2026-09-27T11:47:26.2744434Z   ▫️  s295-D2 ENACTED-SHA check SKIPPED — no `knowledge/_rulings.json` in this tree. A fixture tree is not a state the rule has an opinion about.
2026-09-27T11:47:26.2748195Z   ▫️  hook re-check (`s271-D4`): DECLARED SKIP — no Cowork mount matched /sessions/*/mnt and no --path was given — the auto-memory index lives OUTSIDE this repo, so on a non-Cowork tree there is genuinely nothing to grade. The memory store lives OUTSIDE this repo (a Cowork surface); on a tree without it there is genuinely nothing to re-read. This is UNKNOWN, never a pass. Pass an explicit hook path to drive it.
2026-09-27T11:47:26.2751175Z   ▫️  ds-022 continuity: no _GAUGE-LOG.md or no GOOD-MORNING.md — UNMEASURED, not assumed clean.
2026-09-27T11:47:26.2752164Z   ▫️  subs-line: no notes/_GAUGE-LOG.md — UNMEASURED, not assumed clean.
2026-09-27T11:47:26.2753340Z   ▫️  stop-line: knowledge/_RUNBOOK-context-gauge.md absent — UNMEASURED, not passed.
2026-09-27T11:47:26.2754430Z   ▫️  stop-line: knowledge/_RUNBOOK-capture-ritual.md absent — UNMEASURED, not passed.
2026-09-27T11:47:26.2755578Z   ▫️  ds-023 stop line: STATED in all 2 trigger homes (reconciled #54 — the runbook used to contradict itself).
2026-09-27T11:47:26.2756859Z   ▫️  ds-022 (d) unkeyed: no notes/_GAUGE-LOG.md — UNMEASURED, not assumed clean. (An absent file is not a clean file; the M10 refusal pattern.)
2026-09-27T11:47:26.2758417Z   ▫️  roll-claim check: no ★ LATEST banner found — UNMEASURED (a different check already fails the wrap for this state; not re-raised here).
2026-09-27T11:47:26.2760575Z   ▫️  stale-top-item fence: `knowledge/_rulings.json` UNREADABLE (knowledge/_rulings.json does not exist) — the fence is UNMEASURED this wrap. That is NOT the same as 'no owed claim is contradicted'.
2026-09-27T11:47:26.2763053Z   ▫️  2c carry gate: no ★ LATEST + ★ PRIOR pair found — UNMEASURED. ⛔ Not a pass: with one banner there is nothing to carry FROM, and the banner structure itself is graded by other checks.
2026-09-27T11:47:26.2766500Z   ▫️  PRE-FLIGHT stamp: graded in REAL TOKENS (Dave #56 — amber 160,000 · working 256,000 · hard 300,000); the % band's enforcement was RETIRED #74-D3 (history: ledger § #36, runbook ds-023). Whether the fill figure is HONEST is still not observable here — and the wrap term is RING-FENCED at any mid-session re-price (#74-D2, runbook § Half 0b (a′)).
2026-09-27T11:47:26.2770021Z   ▫️  PRE-FLIGHT stamp: FORM checked only. Whether the fill figure is honest, and whether a mid-job re-price actually happened, are NOT observable here — discipline, not enforcement (_RUNBOOK-context-gauge.md § ★ Half 0b).
2026-09-27T11:47:26.2772919Z   ▫️  HONEST SKIP — memory-store checks (MEMORY.md pointers, memory-file fields): outside the repo, invisible to this gate. Session checks them by hand at ritual step 3 (D1a — unenforced by design).
2026-09-27T11:47:26.2775214Z   ▫️  #119 sweep re-checker (s186-D2, pass 6 P1): 21 frozen 'UNPROVEN by this sweep' status string(s) in `_rulings.json` — unchanged. Counted, never rewritten; refuses only on growth.
2026-09-27T11:47:26.2776649Z capture gate [wrap]: 0 in scope · 7 fail · 3 warn
2026-09-27T11:47:26.2777914Z   ❌ FAIL notes/2026-07-26-bad-date.md: `provenance:` carries no parseable YYYY-MM-DD date (take it from `date`, never from belief — T-D12)
2026-09-27T11:47:26.2779569Z   ❌ FAIL notes/2026-07-26-missing-status.md: missing `status:` line (vocab: floated | inferred | observed | ruled | standing)
2026-09-27T11:47:26.2781206Z   ❌ FAIL notes/2026-07-26-ruled-no-pointer.md: `status: ruled` names no ledger — promotion is Dave's alone and must point at its ledger/ADR entry
2026-09-27T11:47:26.2782867Z   ❌ FAIL notes/2026-07-26-unknown-status.md: unknown status `vibes` (vocab: floated | inferred | observed | ruled | standing)
2026-09-27T11:47:26.2783833Z capture gate [build]: 5 in scope · 4 fail · 0 warn
2026-09-27T11:47:26.2785070Z   ❌ FAIL notes/2026-07-26-bad-date.md: `provenance:` carries no parseable YYYY-MM-DD date (take it from `date`, never from belief — T-D12)
2026-09-27T11:47:26.2786895Z   ❌ FAIL notes/2026-07-26-missing-status.md: missing `status:` line (vocab: floated | inferred | observed | ruled | standing)
2026-09-27T11:47:26.2788617Z   ❌ FAIL notes/2026-07-26-ruled-no-pointer.md: `status: ruled` names no ledger — promotion is Dave's alone and must point at its ledger/ADR entry
2026-09-27T11:47:26.2790528Z   ❌ FAIL notes/2026-07-26-unknown-status.md: unknown status `vibes` (vocab: floated | inferred | observed | ruled | standing)
2026-09-27T11:47:26.2792149Z   ⚠️  WARN B2 PLAN BLOCK check SKIPPED — no `_CHAIN.md` under /tmp/tmp3ztuvahr, so this is not a state tree. NOT a pass: the seam was not graded here.
2026-09-27T11:47:26.2794084Z   ⚠️  WARN ⛔ INSTRUMENT-STRAY GATE DID NOT RUN for `knowledge/assets` (git exit 128: fatal: not a git repository (or any of the parent directories): .git) — UNKNOWN, not clean.
2026-09-27T11:47:26.2795888Z   ⚠️  WARN SHARED HELPER: the dedup comparer DID NOT RUN — `git ls-files` could not answer under /tmp/tmp3ztuvahr. UNKNOWN, not a single implementation.
2026-09-27T11:47:26.2797545Z   ▫️  s263-D10 RULINGS PAGE check SKIPPED — no `knowledge/_rulings.json` under /tmp/tmp3ztuvahr, so this is not a state tree. NOT a pass.
2026-09-27T11:47:26.2799004Z   ▫️  REGISTER↔STORE JOIN SKIPPED — register not present under /tmp/tmp3ztuvahr. NOT a pass: the join was not made here.
2026-09-27T11:47:26.2800851Z   ▫️  REGEN SERIAL SKIPPED — the serial's own home is unreadable (no `knowledge/_build_all.py` under this tree). NOT a pass: the ordered set was never read, so nothing was compared.
2026-09-27T11:47:26.2803021Z   ▫️  FILED SUB-REPORTS: no `notes/_subreports/` under /tmp/tmp3ztuvahr — nothing filed here, so nothing to cite. NOT a pass: the check did not run.
2026-09-27T11:47:26.2804706Z   ▫️  FILED SUB-REPORT LINES: no `notes/_subreports/` under /tmp/tmp3ztuvahr — nothing filed here. NOT a pass: the check did not run.
2026-09-27T11:47:26.2805903Z   ▫️  · no `_to_delete/` in this tree — nothing held, nothing to age.
2026-09-27T11:47:26.2808159Z   ▫️  memory-cap: DID NOT RUN — no Cowork mount matched /sessions/*/mnt and no --path was given — the auto-memory index lives OUTSIDE this repo, so on a non-Cowork tree there is genuinely nothing to grade. This is UNKNOWN, not a pass: the auto-memory index is a Cowork surface outside this repo.
2026-09-27T11:47:26.2810985Z   ▫️  LANE WRAP (--lane, S-D2): GOOD-MORNING header check SKIPPED — lane sessions are ruled outside the GM queue; _LIVE-STATE §🔀 is their record and its check still bites.
2026-09-27T11:47:26.2813033Z   ▫️  LANE WRAP: pre-flight-stamp check SKIPPED too — the stamp lives in GOOD-MORNING.md, which lane sessions do not write.
2026-09-27T11:47:26.2815638Z   ▫️  LANE WRAP: section growth contracts (2e/2f), the banner/§A/chain budgets, the retirement-receipts proxy, the section-usage probe, the consult-receipt probe and the lane-routing check are all SKIPPED — same reason. A lane session cannot be charged for a file it is ruled out of writing.
2026-09-27T11:47:26.2818594Z   ▫️  LANE WRAP: the #32 retrieval-index freshness check is SKIPPED — a lane session does not write GM/LS, so it cannot stale the index. ⚠ If lanes ever gain a write path into either file, this exemption must go with it.
2026-09-27T11:47:26.2820697Z   ▫️  LANE WRAP: the roll-claim check (T2, #77) is SKIPPED too — same reason, the residual it grades lives in GOOD-MORNING.md.
2026-09-27T11:47:26.2823504Z   ▫️  LANE WRAP: the stale-top-item fence (s161-D4, #161) is SKIPPED — its scope is the `residual → #N` home in the GOOD-MORNING/_CHAIN ★ LATEST banners, which lane sessions do not write. ⚠ If lanes ever gain a hand-off line of their own, this exemption must go with it.
2026-09-27T11:47:26.2826416Z   ▫️  HONEST SKIP — memory-store checks (MEMORY.md pointers, memory-file fields): outside the repo, invisible to this gate. Session checks them by hand at ritual step 3 (D1a — unenforced by design).
2026-09-27T11:47:26.2828827Z   ▫️  #119 sweep re-checker (s186-D2, pass 6 P1): 21 frozen 'UNPROVEN by this sweep' status string(s) in `_rulings.json` — unchanged. Counted, never rewritten; refuses only on growth.
2026-09-27T11:47:26.2830468Z capture gate [wrap]: 5 in scope · 4 fail · 3 warn
2026-09-27T11:47:26.2831463Z   ⊘ capture-gate selftest: every reachable arm passed; 4 arm(s) could not be asked in this checkout
2026-09-27T11:47:26.2842231Z COULD-NOT-ASK: _capture_gate.py --selftest — 4 arm(s) read an input this checkout cannot hold — trigger index: ruling ds-034's evidence `outputs/_FINDING-canon-pri-hover-brand-mono-fork-2026-08-06-v1.md` is excluded by this repo's own .gitignore — no checkout can hold it, so whether it has rotted is UNASKABLE here; the machine that wrote it is where that question has an answer · trigger index: ruling ds-034's evidence `outputs/_PARTITION-button-primary-2026-08-06-v1.md` is excluded by this repo's own .gitignore — no checkout can hold it, so whether it has rotted is UNASKABLE here; the machine that wrote it is where that question has an answer · trigger index: ruling ds-035's evidence `outputs/_FINDING-canon-pri-hover-brand-mono-fork-2026-08-06-v1.md` is excluded by this repo's own .gitignore — no checkout can hold it, so whether it has rotted is UNASKABLE here; the machine that wrote it is where that question has an answer · trigger index: ruling s245-D6's evidence `knowledge/_tmp/l3-245/rename-plan.json` is excluded by this repo's own .gitignore — no checkout can hold it, so whether it has rotted is UNASKABLE here; the machine that wrote it is where that question has an answer ⇒ THIS IS NOT A SKIP: every other arm passed here, and these arms have their proof of record on a tree that carries the ignored artefacts (a working session's own repo), never on a bare clone.
2026-09-27T11:47:26.6153837Z _gauge_tokens.py selftest OK -- counting path exact on 5 fixtures; cache hit fidelity + content-hash keying + corrupt-file robustness all bite; degraded-measurement honesty holds; band/floor guard logic verified relative to the live constants.
2026-09-27T11:47:26.7378732Z   ✅ _roll_state.py selftest: green control renders exactly; every corrupted surface refuses named; every OVER state bites
2026-09-27T11:47:38.7761529Z == _test_git_commit.py selftest — real script: /home/runner/work/UX-design/UX-design/knowledge/_git_commit.sh (77943 bytes) ==
2026-09-27T11:47:38.7762169Z   PASS  happy_path_commit_lands
2026-09-27T11:47:38.7762704Z   PASS  nonwrap_headline_after_prefix_78D3
2026-09-27T11:47:38.7763041Z   PASS  wrap_headline_no_prefix
2026-09-27T11:47:38.7763309Z   PASS  cap_120_applied_after_prefix
2026-09-27T11:47:38.7763597Z   PASS  warn_split_red_gate_plain_commit_lands
2026-09-27T11:47:38.7763902Z   PASS  warn_split_red_gate_wrap_blocks
2026-09-27T11:47:38.7764184Z   PASS  spine_consumer_warn_plain_78D2
2026-09-27T11:47:38.7764454Z   PASS  spine_consumer_wrap_blocks_78D2
2026-09-27T11:47:38.7764727Z   PASS  gen_chain_check_refusal_pre_stage
2026-09-27T11:47:38.7765001Z   PASS  missing_msgfile_refused
2026-09-27T11:47:38.7765248Z   PASS  empty_msgfile_refused
2026-09-27T11:47:38.7765541Z   PASS  no_args_refused
2026-09-27T11:47:38.7765768Z   PASS  not_reconciled_refused
2026-09-27T11:47:38.7766018Z   PASS  stale_index_lock_moved_aside
2026-09-27T11:47:38.7766284Z   PASS  banner_fallback_note_printed
2026-09-27T11:47:38.7766543Z   PASS  missing_banner_fails_loud
2026-09-27T11:47:38.7766810Z   PASS  wrap_undeclared_session_blocks_120
2026-09-27T11:47:38.7767113Z   PASS  wrap_session_witness_refusal_blocks_120
2026-09-27T11:47:38.7767429Z   PASS  subject_fold_blank_line_inserted_124
2026-09-27T11:47:38.7767966Z   PASS  MUTATION_blank_insert_removed_bites_124 — went RED as required: exit 1; out tail: }
2026-09-27T11:47:38.7768405Z  1 file changed, 1 insertion(+)
2026-09-27T11:47:38.7768644Z  create mode 100644 work.txt
2026-09-27T11:47:38.7769261Z — committed: 52ac269 after #77 2026-09-27 — PLACEHOLDER-HEADLINE {"date":"x","fails":0,"kind":"rehearse"} {"date":"x","fails":0,"ki
2026-09-27T11:47:38.7770458Z ✗ commit subject is 292 chars (cap 200) — the 0eacf2d subject-fold class: no blank line after the headline, so git folded the body into %s. The commit LANDED; fix the msgfile and amend BEFORE Dave pushes.
2026-09-27T11:47:38.7771447Z 
2026-09-27T11:47:38.7772026Z   PASS  MUTATION_prefix_stripped_bites — went RED as required: exit 1; out tail: = 0 (must be exactly 1) — the doubled-subject class (#208, 8 documented instances).
2026-09-27T11:47:38.7772985Z     git %s : PLACEHOLDER-HEADLINE-to-be-replaced-by-T3
2026-09-27T11:47:38.7773636Z   0 means T3's prefix never reached the subject (check --cleanup=verbatim survived);
2026-09-27T11:47:38.7774197Z   2+ means a msgfile was reused and the prefix stacked. The commit LANDED: fix the
2026-09-27T11:47:38.7774757Z   msgfile (FRESH file, fresh printf) and 'git commit --amend -F <fresh>' BEFORE Dave pushes.
2026-09-27T11:47:38.7775107Z 
2026-09-27T11:47:38.7775594Z   PASS  MUTATION_lockclear_removed_bites — went RED as required: pre-existing index.lock blocked the run (exit 1); out tail: 0
2026-09-27T11:47:38.7776208Z — session witness agrees (#77)
2026-09-27T11:47:38.7776485Z STUB _capture_gate.py args=['--wrap'] exit=0
2026-09-27T11:47:38.7776885Z — wrap gate green (mid-session commit, DECLARED not-a-wrap)
2026-09-27T11:47:38.7777266Z STUB _build_live_state.py args=['--selftest'] exit=0
2026-09-27T11:47:38.7777733Z — spine-writer selftest green (mid-session commit, DECLARED not-a-wrap)
2026-09-27T11:47:38.7778302Z — T3 headline: after #77 2026-09-27 — PLACEHOLDER-HEADLINE-to-be-replaced-by-T3
2026-09-27T11:47:38.7778807Z ✗ lock survived the mv-aside — do NOT stage; investigate
2026-09-27T11:47:38.7779039Z 
2026-09-27T11:47:38.7779160Z   PASS  declare_dirt_names_instrumentation_W22
2026-09-27T11:47:38.7779501Z   PASS  declare_dirt_silent_without_instrumentation_W22
2026-09-27T11:47:38.7780301Z   PASS  MUTATION_declare_dirt_call_removed_bites_W22 — went RED as required: DECLARED block missing though instrumentation dirt was planted: — dirty paths:
2026-09-27T11:47:38.7780958Z  M notes/_REHEARSAL-LOG.jsonl
2026-09-27T11:47:38.7781207Z ?? msg.txt
2026-09-27T11:47:38.7781386Z ?? work.txt
2026-09-27T11:47:38.7781487Z 
2026-09-27T11:47:38.7782205Z   PASS  MUTATION_declare_dirt_match_widened_bites_W22 — went RED as required: DECLARED block fired with no instrumentation path dirty: uded — its POLICY is ⬛ DAVE'S, unruled (dream pass 6 P2)
2026-09-27T11:47:38.7783347Z     notes/_dream/_GRADE-DECISIONS.jsonl
2026-09-27T11:47:38.7783734Z       written by: _checkin.py B3 grade alerts / _gardener.py --grade-decision
2026-09-27T11:47:38.7784319Z       status:     NOT excluded — its POLICY is ⬛ DAVE'S, unruled (dream pass 6 P2)
2026-09-27T11:47:38.7785120Z   ⇒ this dirt is machine-written, not an uncommitted draft. ⛔ The POLICY (exclude / commit / relocate) is DAVE'S; this line only DECLARES it.
2026-09-27T11:47:38.7785634Z 
2026-09-27T11:47:38.7785743Z   PASS  doc_row_gate_refusal_and_ack_W20
2026-09-27T11:47:38.7786036Z   PASS  showroom_gate_refusal_and_ack_s191D1
2026-09-27T11:47:38.7786359Z   PASS  mention_map_stale_regenerates_and_refuses_208
2026-09-27T11:47:38.7786858Z   PASS  mention_map_regenerated_not_staged_208
2026-09-27T11:47:38.7787188Z   PASS  schematic_stale_regenerates_and_refuses_304R1
2026-09-27T11:47:38.7787510Z   PASS  schematic_regenerated_not_staged_304R1
2026-09-27T11:47:38.7788162Z   PASS  MUTATION_schematic_gate_removed_bites_304R1 — went RED as required: staged despite the schematic refusal — P5 violated
2026-09-27T11:47:38.7789114Z   PASS  MUTATION_schematic_second_half_removed_bites_304R1 — went RED as required: an unstaged regenerated schematic did NOT block the commit
2026-09-27T11:47:38.7789730Z   PASS  scratch_hygiene_advisory_on_wrap_228
2026-09-27T11:47:38.7790018Z   PASS  harness_stub_coverage_W33
2026-09-27T11:47:38.7790666Z   PASS  MUTATION_harness_stub_detector_bites_W33 — went RED on the planted gate and GREEN on the clean tree: ['_gate_totally_unstubbed.py']
2026-09-27T11:47:38.7791265Z   PASS  polarity_gate_refusal_and_ack_s238D7
2026-09-27T11:47:38.7792026Z   PASS  MUTATION_polarity_gate_block_removed_bites_s238D7 — went RED as required: the gate was not invoked with --check on the happy path; out tail: placed-by-T3
2026-09-27T11:47:38.7793021Z  1 file changed, 1 insertion(+)
2026-09-27T11:47:38.7793269Z  create mode 100644 work.txt
2026-09-27T11:47:38.7793734Z — committed: 8ca18f0 after #77 2026-09-27 — PLACEHOLDER-HEADLINE-to-be-replaced-by-T3
2026-09-27T11:47:38.7794454Z — subject asserted identical to the headline T3 generated (in memory, not re-read from the msgfile — #171)
2026-09-27T11:47:38.7795234Z — subject carries exactly ONE T3 prefix (#208 doubled-subject assert)
2026-09-27T11:47:38.7795722Z ✓ done — locks clear, safe for Dave to push via GitHub Desktop
2026-09-27T11:47:38.7795968Z 
2026-09-27T11:47:38.7796136Z   PASS  w355_deadlock_reproduced_on_unfixed_script_CONTROL
2026-09-27T11:47:38.7796490Z   PASS  w355_declared_form_lands_from_wrapped_seat
2026-09-27T11:47:38.7796810Z   PASS  w355_declared_form_lands_from_next_seat
2026-09-27T11:47:38.7797108Z   PASS  w355_r3_still_refuses_without_ack
2026-09-27T11:47:38.7797420Z   PASS  w355_declared_form_does_not_bypass_T3_wrap
2026-09-27T11:47:38.7797731Z   PASS  w355_wrap_with_next_handoff_lands
2026-09-27T11:47:38.7798006Z   PASS  w355_ordinary_commit_unaffected
2026-09-27T11:47:38.7798495Z   PASS  MUTATION_w355_declared_form_removed_bites — went RED as required: exit 1; tail: ve.
2026-09-27T11:47:38.7798850Z 
2026-09-27T11:47:38.7799057Z    Legal forms: fix the cause, or state a REAL gap with --acknowledge "<why>".
2026-09-27T11:47:38.7799574Z ✗ _session.py REFUSED for declared session #238 — its named wi
2026-09-27T11:47:38.7800167Z   PASS  MUTATION_w355_restore_removed_bites — went RED at T3 as required (SESSION_N never restored)
2026-09-27T11:47:38.7800614Z --
2026-09-27T11:47:38.7800871Z ALL GREEN — 48 arms (incl. 11 mutation controls)
2026-09-27T11:47:39.0525286Z   ✅ gm-move selftest: every refusal fires · green controls pass · receipts + warn≠block + all-or-nothing proven
2026-09-27T11:47:39.4328255Z [_gm_usage selftest] OK — 78 bites, all fired or held as contracted (sizes method: tiktoken cl100k_base)
2026-09-27T11:47:39.4918002Z ✓ lanes view already current (no write)
2026-09-27T11:47:39.5174584Z ✓ lanes view in sync with records
2026-09-27T11:47:39.5447875Z [_gen_lanes selftest] OK — 21 bites, every refusal fired, green controls held
2026-09-27T11:47:39.5945664Z wrote _XREF-INDEX.json + _XREF-INDEX.md for 137 components
2026-09-27T11:47:39.5946140Z with deprecated bindings: 19
2026-09-27T11:47:39.5950411Z god-nodes (blast>=7): ['background/default', 'border-radius/control', 'border-radius/indicator', 'border-radius/surface', 'border/subtle', 'color/primary', 'data/series/1', 'divider/border/section', 'divider/border/subsection', 'elevation/border', 'elevation/functional', 'focus/ring', 'form/background/default', 'form/background/hover', 'form/background/pressed', 'form/border/active', 'form/border/default', 'icon/default', 'icon/default-reverse', 'icon/disabled', 'overlay/version1', 'primary/background/default', 'primary/border/default', 'rag/error', 'rag/error-ink', 'rag/error-tint', 'rag/information', 'rag/success', 'rag/success-ink', 'rag/success-tint', 'rag/warning', 'rag/warning-tint', 'scale', 'secondary/background/default', 'surface/subtle', 'target/min', 'tertiary/background/default', 'tertiary/background/hover', 'tertiary/background/pressed', 'tertiary/border/default', 'text/default', 'text/disabled', 'text/on-inverse', 'text/reverse', 'text/secondary', 'typography/font-family/default']
2026-09-27T11:47:39.5957665Z topical guideline reach: {'icons.md': 9, 'typography-usage.md': 7, 'elevation.md': 6, 'calls-to-action.md': 6, 'platform-web.md': 5, 'tone-of-voice.md': 5, 'time-based-indicators.md': 5, 'forms.md': 5, 'imagery.md': 4, 'hexagon-masks.md': 3, 'contextual-help.md': 2, 'platform-app.md': 2, 'horizontal-scroll.md': 2, 'view-controls-sort.md': 2, 'logos.md': 1, 'cookie-notifications.md': 1}
2026-09-27T11:47:39.6688772Z sutherland fixtures: 137 component contract(s) -> tokens/_manifests/sutherland-fixtures.json
2026-09-27T11:47:39.8691008Z states probe: 45/51 applicable states demonstrated, 6 advisory gap(s) — wrote _STATES-COMPLETENESS.md + states-probe.json (non-gating)
2026-09-27T11:47:40.0196486Z items 899 · live 729 · conditioned 885 · UNCONDITIONED 14
2026-09-27T11:47:40.0197327Z   by state: {'open': 729, 'blocked': 0, 'ruled': 0, 'done': 150, 'dropped': 0, 'parked': 20}
2026-09-27T11:47:40.0198057Z   live by owner: {'dave': 457, 'claude': 272}
2026-09-27T11:47:40.0200348Z   ⚠ DECLARED DEBT: 14 item(s) carry no close condition (W-0b, W-01, W-02, W-03, W-04, W-05, W-06, W-07, W-08, W-09, W-10, W-11, W-12, W-13). Frozen set size 19 — this number may only fall. Each needs Dave's word, not an agent's guess.
2026-09-27T11:47:40.0203425Z   ⚠ real-input coverage: 1 item(s) carry a deadline, 0 carry an effort; on those items the dashboard's PROXY is REPLACED. The rest of the 729 live item(s) are still scored by prose scan / body length.
2026-09-27T11:47:40.0206137Z   ⚠ project split: apollo 728 · memento 171 (of 899 items). The values written at #172 are DEFAULTS proposed for Dave's eye, not his ruling on each item.
2026-09-27T11:47:40.0208623Z   ⚠ home pointers: 881 resolve by ANCHOR (rot-proof), 18 are still `path:line` (UNVERIFIABLE by content — the #168 rot class), 0 UNRESOLVABLE. Blocking = True (Dave's dial).
2026-09-27T11:47:40.0213570Z   ⚠ REGROWTH (advisory, #304): 76 live row(s) close only on opener/wrap events at sessions that have already wrapped (rows opened up to #304) — each is MET (close it by addition, with its receipt) or STALE (restate it): W-41 (#203), W-49 (#206), W-56 (#208), W-99f (#213), W-99w (#213), W-107 (#215), W-164 (#218), W-165 (#219), W-171 (#219), W-177 (#219), W-182 (#219), W-185 (#219), W-186 (#219), W-187 (#219), W-201 (#220) …(+61 more). REGROWTH_BLOCKING is Dave's dial.
2026-09-27T11:47:40.0661308Z _state selftest: 72 bites, all GREEN
2026-09-27T11:47:40.1108223Z decision graph: 102 nodes, 172 edges -> knowledge/_DECISION-GRAPH.md
2026-09-27T11:47:40.1109008Z   states: AMENDED 9 · DEAD 8 · LIVE 84 · OPEN 1
2026-09-27T11:47:40.1405971Z   selftest unresolved: fires ✓
2026-09-27T11:47:40.1406410Z   selftest open: fires ✓
2026-09-27T11:47:40.1406778Z   selftest orphan: fires ✓
2026-09-27T11:47:40.1407117Z   selftest queued+diverge: green ✓
2026-09-27T11:47:40.1407599Z   selftest unknown-edge-type: fires `unknown-edge-type` (only) ✓
2026-09-27T11:47:40.1408174Z   selftest malformed-target: fires `malformed-target` (only) ✓
2026-09-27T11:47:40.1408688Z   selftest self-loop: fires `self-loop` (only) ✓
2026-09-27T11:47:40.1409597Z selftest PASS — gate bites on unresolved/open/orphan/unknown-edge-type/malformed-target/self-loop; queued + diverges-from stay green
2026-09-27T11:47:40.1879125Z   ✓ happy-path: splice lands on a fixture copy, invariants hold
2026-09-27T11:47:40.1879650Z   ✓ idempotency: second run is a no-op
2026-09-27T11:47:40.1880113Z   ✓ refusal: marker-less spine refused loud+named, untouched
2026-09-27T11:47:40.1880765Z   ✓ refusal never half-writes: every failure path leaves the target byte-identical
2026-09-27T11:47:40.1881690Z   ✓ mutation controls: every green above provably able to fail
2026-09-27T11:47:40.1882276Z   ✓ spine-safety: real _LIVE-STATE.md untouched (sha256 identical)
2026-09-27T11:47:40.1882953Z _build_live_state --selftest: all arms green
2026-09-27T11:47:40.8618511Z   [gen] lifecycle block up to date (no change).
2026-09-27T11:47:40.8619250Z _LIVE-STATE check: 0 warning(s), 2 note(s) -> knowledge/_LIVE-STATE-CHECK.md
2026-09-27T11:47:40.8620383Z   i [reference] DEAD artifact _NEXT-SESSION.md is mentioned (no nearby tombstone) in: knowledge/_RUNBOOK-gated-component.md, k
2026-09-27T11:47:40.8622027Z   i [orphan-edge] DEAD The "stale-reading pattern" spine note (07-18) → superseded-by "the **consult mechanism**" — target not r
2026-09-27T11:47:41.8502171Z advisory signals: 144 file(s), 135 signal(s) — see _ADVISORY-SIGNALS.md (non-gating)
2026-09-27T11:47:41.9763194Z wrote _REVIEW-QUEUE.json + .md — 233 items
2026-09-27T11:47:41.9763762Z by tier: {'review': 190, 'inferred': 43}
2026-09-27T11:47:41.9764446Z by category: {'other': 105, 'accessibility': 34, 'anti-pattern': 65, 'token-rebind': 29}
2026-09-27T11:47:41.9765131Z review token-rebinds (migration-gating): 25
2026-09-27T11:47:41.9765910Z top components: [('Confirmation', 10), ('Account card', 9), ('Action bar', 8), ('Button', 7), ('Tab-bar', 7), ('Tags', 7)]
2026-09-27T11:47:42.0208960Z dark-mode audit: 124/131 clean, 7 leaking
2026-09-27T11:47:42.0210228Z leaks by primitive: {'color/primary': 7, 'color/grey/transparent/white-75': 1, 'color/black': 1, 'color/white': 1}
2026-09-27T11:47:42.0211409Z leaking components: ['Badge', 'Cards', 'Hero', 'Links', 'List items', 'Navigations', 'Tabs']
2026-09-27T11:47:42.0636452Z text/icon contrast audit: 17 OK, 5 allowed, 1 MINOR(warn), 0 GATING FAIL, 5 skipped(light-only)
2026-09-27T11:47:42.0637969Z   ⚠ minor (ruled s194-D1) [apollo-mono] rag/text/on-dark: 3.14:1 on #F6604C (rag/error-background) — non-gating
2026-09-27T11:47:42.0639210Z per-theme palette grounds (4 themes declared): 9 regraded, 0 GATING FAIL, 0 MINOR(warn), 0 R-D24 exempted
2026-09-27T11:47:42.0927707Z indicator/accent contrast audit: 46 OK, 0 allowed, 0 GATING FAIL, 5 skipped(light-only)
2026-09-27T11:47:42.1439751Z icon contrast delta: 0 declared dead-zone, 49 exhaustive (upper bound), 5 roundel fail(s), 3 mark fail(s) — see _ICON-CONTRAST-DELTA.md (advisory)
2026-09-27T11:47:42.1682334Z dark-surface gate: 0 flat-white failure(s), 9 annotated exception(s)
2026-09-27T11:47:43.5630420Z gen_component_partials --check OK — all AUTO-PARTIAL blocks in sync, contracts hold.
2026-09-27T11:47:44.7177124Z gen_component_partials selftest OK
2026-09-27T11:47:45.0676534Z gen_token_ramp: 0 file(s) DRIFTED (0 with block, 0 block-removed), 149 already in sync.
2026-09-27T11:47:45.1053486Z gen_token_ramp selftest: 6 bites GREEN + 4 comment bites (#211) GREEN
2026-09-27T11:47:45.2214824Z   [ledger] ledger in sync (not written — the gate does not grade its own record)
2026-09-27T11:47:45.2216080Z   [PASS] dataviz/dv-behaviour — 13590 code-only bytes (13.3 KB of 16) · 24505 raw, 10915 comment/blank · 16 member(s)
2026-09-27T11:47:45.2217317Z   [PASS] dataviz/dv-legend — 7760 code-only bytes (7.6 KB of 16) · 15255 raw, 7495 comment/blank · 16 member(s)
2026-09-27T11:47:45.2218495Z   [PASS] dataviz/dv-donut-sweep — 3889 code-only bytes (3.8 KB of 16) · 5511 raw, 1622 comment/blank · 16 member(s)
2026-09-27T11:47:45.2219755Z   [PASS] dataviz/dp08-anchor — 1821 code-only bytes (1.8 KB of 16) · 3884 raw, 2063 comment/blank · 16 member(s)
2026-09-27T11:47:45.2221126Z   [PASS] dataviz/dv-render — 9783 code-only bytes (9.6 KB of 16) · 21791 raw, 12008 comment/blank · 16 member(s)
2026-09-27T11:47:45.2222785Z   [PASS] dataviz/dv-render-bar — 4613 code-only bytes (4.5 KB of 16) · 9262 raw, 4649 comment/blank · 16 member(s)
2026-09-27T11:47:45.2224071Z   [PASS] dataviz/dv-render-line — 3616 code-only bytes (3.5 KB of 16) · 9187 raw, 5571 comment/blank · 16 member(s)
2026-09-27T11:47:45.2225516Z   [PASS] dataviz/dv-render-stacked-area — 4248 code-only bytes (4.1 KB of 16) · 10285 raw, 6037 comment/blank · 16 member(s)
2026-09-27T11:47:45.2227434Z   [PASS] dataviz/dv-render-donut — 4087 code-only bytes (4.0 KB of 16) · 11466 raw, 7379 comment/blank · 16 member(s)
2026-09-27T11:47:45.2228918Z   [PASS] dataviz/dv-render-sparkline — 3235 code-only bytes (3.2 KB of 16) · 9852 raw, 6617 comment/blank · 16 member(s)
2026-09-27T11:47:45.2230297Z   [PASS] dataviz/dv-render-combo — 5198 code-only bytes (5.1 KB of 16) · 11625 raw, 6427 comment/blank · 16 member(s)
2026-09-27T11:47:45.2231739Z   [PASS] dataviz/dv-render-scatter — 4148 code-only bytes (4.1 KB of 16) · 10020 raw, 5872 comment/blank · 16 member(s)
2026-09-27T11:47:45.2233360Z   [PASS] dataviz/dv-render-histogram — 2218 code-only bytes (2.2 KB of 16) · 6670 raw, 4452 comment/blank · 16 member(s)
2026-09-27T11:47:45.2234821Z   [PASS] dataviz/dv-render-boxplot — 4336 code-only bytes (4.2 KB of 16) · 9882 raw, 5546 comment/blank · 16 member(s)
2026-09-27T11:47:45.2236229Z   [PASS] dataviz/dv-render-bullet — 4443 code-only bytes (4.3 KB of 16) · 10582 raw, 6139 comment/blank · 16 member(s)
2026-09-27T11:47:45.2237700Z   [PASS] dataviz/dv-render-candlestick — 4872 code-only bytes (4.8 KB of 16) · 10765 raw, 5893 comment/blank · 16 member(s)
2026-09-27T11:47:45.2239193Z   [PASS] dataviz/dv-render-butterfly — 4711 code-only bytes (4.6 KB of 16) · 10795 raw, 6084 comment/blank · 16 member(s)
2026-09-27T11:47:45.2240787Z   [PASS] dataviz page budget — worst member 34777 code-only bytes (34.0 KB of 34) across 17 source(s)
2026-09-27T11:47:45.2241856Z          shared, priced ONCE PER PAGE (s260-D1): dv-render — 9783 bytes
2026-09-27T11:47:45.2243209Z          Chart-combo                   34777  consumes dv-behaviour, dv-legend, dv-render, dv-render-bar, dv-render-line, dv-render-combo
2026-09-27T11:47:45.2244535Z          Chart-donut                   29326  consumes dv-behaviour, dv-legend, dv-donut-sweep, dv-render, dv-render-donut
2026-09-27T11:47:45.2245712Z          Chart-butterfly-h             26061  consumes dv-behaviour, dv-legend, dv-render, dv-render-butterfly
2026-09-27T11:47:45.2246828Z          Chart-butterfly-v             26061  consumes dv-behaviour, dv-legend, dv-render, dv-render-butterfly
2026-09-27T11:47:45.2247849Z          Chart-bar                     25963  consumes dv-behaviour, dv-legend, dv-render, dv-render-bar
2026-09-27T11:47:45.2248922Z          Chart-stacked-area            25598  consumes dv-behaviour, dv-legend, dv-render, dv-render-stacked-area
2026-09-27T11:47:45.2250073Z          Chart-scatter                 25498  consumes dv-behaviour, dv-legend, dv-render, dv-render-scatter
2026-09-27T11:47:45.2250980Z          Chart-pie                     25437  consumes dv-behaviour, dv-legend, dv-render, dv-render-donut
2026-09-27T11:47:45.2251948Z          Chart-line                    24966  consumes dv-behaviour, dv-legend, dv-render, dv-render-line
2026-09-27T11:47:45.2253125Z          Chart-candlestick             18462  consumes dv-behaviour, dv-render, dv-render-candlestick
2026-09-27T11:47:45.2254017Z          Chart-bullet                  18033  consumes dv-behaviour, dv-render, dv-render-bullet
2026-09-27T11:47:45.2254877Z          Chart-boxplot                 17926  consumes dv-behaviour, dv-render, dv-render-boxplot
2026-09-27T11:47:45.2255789Z          Chart-sparkline               16825  consumes dv-behaviour, dv-render, dv-render-sparkline
2026-09-27T11:47:45.2256693Z          Chart-histogram               15808  consumes dv-behaviour, dv-render, dv-render-histogram
2026-09-27T11:47:45.2257566Z          Template-dashboard-bento      15411  consumes dv-behaviour, dp08-anchor
2026-09-27T11:47:45.2258282Z          Legend                         7760  consumes dv-legend
2026-09-27T11:47:45.2259057Z Behaviour-contract gate OK — see knowledge/_BEHAVIOUR-GATE.md
2026-09-27T11:47:45.4371006Z _validate_behaviour selftest OK
2026-09-27T11:47:46.0681066Z gen_canon_components: no change (137 components in sync).
2026-09-27T11:47:46.7515693Z gen_canon_components --check OK — 137 components in sync.
2026-09-27T11:47:46.8306622Z _validate_partials: 0 strict fail(s), 67 census rule(s) -> _PARTIALS-GATE.md
2026-09-27T11:47:46.8557845Z _validate_partials selftest OK
2026-09-27T11:47:55.4679971Z 
2026-09-27T11:47:55.4680999Z gen_snippet_tokens: 5117 manifest bindings across 137 snippets + 9 tranches; 0 value(s) would change; 0 canon.css literal(s) would change.
2026-09-27T11:47:55.4684838Z OK — snippets + tranches + canon.css in sync with tokens.
2026-09-27T11:47:56.2417146Z snippet gate: 137 snippet(s), 0 failure(s)
2026-09-27T11:47:56.3142697Z gen_theme_cascade --check OK — 230 override path(s), 397 component projection(s) in sync.
2026-09-27T11:47:56.5005490Z gen_theme_cascade selftest OK
2026-09-27T11:47:56.5378486Z state-snap gate: OK — 7 opacity-state check(s) snapped to their theme ramps.
2026-09-27T11:47:56.5650706Z state-snap selftest OK
2026-09-27T11:47:56.5987785Z queue freshness — §C·1 items measured: 7 (severity: blocking)
2026-09-27T11:47:56.5988920Z RESULT: PASS — no §C·1 item's stated state is contradicted by disk or git. This proves no claim is STALE; it does not prove the queue is RIGHT.
2026-09-27T11:47:56.6382987Z selftest — _validate_queue_fresh.py
2026-09-27T11:47:56.6383753Z   PASS control: landed + open + partial green   -> green  | (4 items, green)
2026-09-27T11:47:56.6385565Z   PASS open item whose artefact EXISTS refuses  -> fail   | FAIL — §C·1 item (a) (GOOD-MORNING.md:4) states state=open and expects knowledge/snippets/Chart-pie.reference.html to be
2026-09-27T11:47:56.6388224Z   PASS landed with unresolvable receipt refuses -> fail   | FAIL — §C·1 item (a) (GOOD-MORNING.md:4) claims state=landed receipt=0000000, but git cannot resolve that sha to a commi
2026-09-27T11:47:56.6390413Z   PASS item with NO tail refuses (presence rule) -> fail   | FAIL — §C·1 item (b) at GOOD-MORNING.md:5 carries NO qprobe tail. An unannotated item is invisible to this gate forever.
2026-09-27T11:47:56.6391915Z   PASS partial WITH declared passes, absent paths unchecked -> green  | (1 items, green)
2026-09-27T11:47:56.6393999Z   PASS partial without declared refuses         -> fail   | FAIL — §C·1 item (a) (GOOD-MORNING.md:4) is state=partial with no declared="…". partial is the LEGAL FORM for an honest 
2026-09-27T11:47:56.6396290Z   PASS empty expects-absent WITHOUT declared refuses -> fail   | FAIL — §C·1 item (a) (GOOD-MORNING.md:4) is state=open with an EMPTY expects-absent and no declared="…". A DECLARED gap 
2026-09-27T11:47:56.6397846Z   PASS empty expects-absent WITH declared passes -> green  | (1 items, green)
2026-09-27T11:47:56.6399225Z   PASS malformed tail is a REFUSAL, not a skip  -> refuse | UNPARSEABLE — GOOD-MORNING.md:4 — qprobe state='whatever' is not one of open/landed/partial
2026-09-27T11:47:56.6401299Z   PASS unknown key is a REFUSAL                 -> refuse | UNPARSEABLE — GOOD-MORNING.md:4 — qprobe carries unknown key 'sha'; legal keys: state, expects-absent, receipt, declared
2026-09-27T11:47:56.6402951Z   PASS non-item prose lines do NOT trigger      -> green  | (1 items, green)
2026-09-27T11:47:56.6403831Z   PASS STRUCK step clause is not a live item    -> green  | (1 items, green)
2026-09-27T11:47:56.6404823Z   PASS §2 items are out of scope (section bound) -> green  | (1 items, green)
2026-09-27T11:47:56.6405488Z RESULT: PASS
2026-09-27T11:47:56.7050697Z palette-tier gate: 4 theme(s), 3 palette(s), 42 declared key(s), 137 component meta(s), 137 snippet manifest(s)
2026-09-27T11:47:56.7052877Z OK — every theme declares a palette per family; every declaration resolves; no theme hand-carries a divergent palette-owned value; no undeclared duplication.
2026-09-27T11:47:56.7783853Z palette-tier selftest OK — 10 bites, all red when mutated
2026-09-27T11:47:57.0091603Z _validate_radius: 0 strict fail(s), 0 advisory file(s) pending migration, 4 physical corner longhand(s) DECLARED ADVISORY (#221) -> _RADIUS-GATE.md
2026-09-27T11:47:57.0093806Z   ⬛ DECLARED (not counted, not a verdict): canon/canon.css: border-top-left-radius:0
2026-09-27T11:47:57.0094968Z   ⬛ DECLARED (not counted, not a verdict): canon/canon.css: border-bottom-left-radius:0
2026-09-27T11:47:57.0096535Z   ⬛ DECLARED (not counted, not a verdict): snippets/Split-button.reference.html: border-top-left-radius:0
2026-09-27T11:47:57.0097943Z   ⬛ DECLARED (not counted, not a verdict): snippets/Split-button.reference.html: border-bottom-left-radius:0
2026-09-27T11:47:57.0099134Z      ⬛ promoting this arm to STRICT is DAVE'S — see notes/_subreports/2026-08-27-221-laneA.md
2026-09-27T11:47:57.5613018Z gen_showroom --check OK — 137 page(s) + index in sync (index owned by knowledge/_render/gen_library_214.py).
2026-09-27T11:47:57.5998339Z gen_showroom GATE — payload URL does not resolve in _selftest.reference.html:
2026-09-27T11:47:57.5999356Z    ../knowledge/canon/type.css              -> /home/runner/work/UX-design/UX-design/knowledge/knowledge/canon/type.css (MISSING)
2026-09-27T11:47:57.6000192Z    A relative URL in a snippet must point at a real file: the showroom
2026-09-27T11:47:57.6000925Z    pane re-resolves it against showroom/ (srcdoc inherits the parent base URL).
2026-09-27T11:47:57.6001739Z gen_showroom GATE — payload URL does not resolve in _selftest.reference.html:
2026-09-27T11:47:57.6011218Z    ../canon/does-not-exist.css              -> /home/runner/work/UX-design/UX-design/knowledge/canon/does-not-exist.css (MISSING)
2026-09-27T11:47:57.6012213Z    A relative URL in a snippet must point at a real file: the showroom
2026-09-27T11:47:57.6013326Z    pane re-resolves it against showroom/ (srcdoc inherits the parent base URL).
2026-09-27T11:47:57.6014528Z gen_showroom --selftest OK — 16 bites (rebase · fragments · absolutes · double-rebase fails loud · missing-target gate · query suffix · #98-D1 one-bar contract ×4 · embed mode ×5).
2026-09-27T11:47:59.1844315Z COULD-NOT-ASK: dashboard/index.html — the page differs, but a live gate baked into it is reading INPUTS OUTSIDE THE COMMITTED TREE, so its verdict — and therefore this page — cannot be reproduced here: provenance names `knowledge/_tmp/l3-245/rename-plan.json`; provenance names `outputs/_FINDING-canon-pri-hover-brand-mono-fork-2026-08-06-v1.md`; provenance names `outputs/_PARTITION-button-primary-2026-08-06-v1.md`. Every one of those paths is untracked, so an environment that has them and one that does not will render different prose from the SAME commit. This is a REFUSAL, not a staleness verdict in either direction: the page's agreement with the stores is UNKNOWN here and is reported as unknown. Ask it where those inputs are present (a working tree that holds them), or commit them.
2026-09-27T11:47:59.2372846Z legacy-leak gate: 0 unwaived leak(s), 0 waived.
2026-09-27T11:47:59.3326604Z theme-provenance gate (ADVISORY): 50 hardcoded foreign-theme hex(es) in 166 Mono files. See _THEME-PROVENANCE-GATE.md
2026-09-27T11:47:59.3586328Z token-tier gate: 0 strict failure(s), 1 advisory.
2026-09-27T11:47:59.5294330Z icon-source audit → _ICON-SOURCE-AUDIT.md
2026-09-27T11:47:59.5294866Z 0 UNKNOWN, 102 bespoke, across 137 snippet(s); 758 library glyphs.
2026-09-27T11:48:00.3507039Z a11y gate: 137 snippet(s), 0 failure(s), 204 warning(s), 732 note(s) · 1458 controls + 68 marks measured · 24 mark(s) below 24
2026-09-27T11:48:00.4088150Z a11y target selftest: 25 clause(s) green, 0 failing
2026-09-27T11:48:00.4430212Z COULD-NOT-ASK: HIT-AREA: HARNESS UNAVAILABLE — playwright not importable (No module named 'playwright'). Install it with `pip install playwright && playwright install chromium`. (Inside this repo's sandbox, stage it per knowledge/_RUNBOOK-render-verify.md instead.) This is NOT a pass.
2026-09-27T11:48:00.4431799Z Hit-area sweep — 137 file(s) × 1180/480 px, min 44px
2026-09-27T11:48:00.5230346Z wiring gate: 59 gate script(s) on disk (51 _validate_* · 8 _gate_*, #221 widened) · 55 wired · 4 exempt by name · 0 failure(s)
2026-09-27T11:48:00.5232057Z   wired by surface: _build_all.STEPS 48 · _git_commit.sh 2 · gates.yml 2 · arm-of-a-wired-script 3
2026-09-27T11:48:00.5233523Z   ⬛ ARM (declared + verified): _gate_harness_stubs.py is run by _test_git_commit.py [2026-08-27]
2026-09-27T11:48:00.5235033Z   ⬛ ARM (declared + verified): _validate_composition.py is run by _validate_screen.py [2026-09-03]
2026-09-27T11:48:00.5236182Z   ⬛ ARM (declared + verified): _validate_receipt.py is run by _validate_screen.py [2026-09-03]
2026-09-27T11:48:00.5237864Z   ⬛ EXEMPT (declared, not counted as wired): _gate_pack_imports.py [2026-08-27] — Built #219 and WIRED NOWHERE — not in _build_all.STEPS, not in gates.yml, not at the commit seam (#220-L1 find…
2026-09-27T11:48:00.5239796Z   ⬛ EXEMPT (declared, not counted as wired): _validate_demo_page.py [2026-09-21] — unwired since #268 (08e315dc); wire-or-retire is Dave's, review page #293…
2026-09-27T11:48:00.5241615Z   ⬛ EXEMPT (declared, not counted as wired): _validate_descender_computed.py [2026-08-22] — G2 render leg (#215, row W-101): drives real pages in headless chromium and reads getComputedStyle — needs a S…
2026-09-27T11:48:00.5243800Z   ⬛ EXEMPT (declared, not counted as wired): _validate_fit_physics.py [2026-09-07] — FIT physics gate (s248-D2/D3, s249-D4; #249 FIT lane): drives the composed page in headless chromium via playw…
2026-09-27T11:48:00.7806689Z wiring selftest: 17 bites · 0 failure(s)
2026-09-27T11:48:00.9257501Z # Composition gate audit
2026-09-27T11:48:00.9258157Z 
2026-09-27T11:48:00.9258556Z ## canon.css
2026-09-27T11:48:00.9258888Z - defs 1021, var() refs 623
2026-09-27T11:48:00.9259569Z - ✅ vars resolve, braces balanced, spine markers present
2026-09-27T11:48:00.9260636Z - ℹ️ canon.css: 1 var(s) resolved via inline-scope (set in snippet markup, not CSS): ['--sc']
2026-09-27T11:48:00.9261105Z 
2026-09-27T11:48:00.9261229Z ## composed screens (7)
2026-09-27T11:48:00.9261783Z - ✅ canon-gallery.canon.html — 76 canon classes, 0 rogue hex, 0 redefines, all resolve
2026-09-27T11:48:00.9263167Z - ✅ nio-dash-console-v1.canon.html — 28 canon classes, 0 rogue hex, 0 redefines, all resolve
2026-09-27T11:48:00.9264083Z - ✅ nio-dash-console-v2.canon.html — 28 canon classes, 0 rogue hex, 0 redefines, all resolve
2026-09-27T11:48:00.9264962Z - ✅ payments-journey.canon.html — 22 canon classes, 0 rogue hex, 0 redefines, all resolve
2026-09-27T11:48:00.9265814Z - ✅ sme-payments-desktop.canon.html — 8 canon classes, 0 rogue hex, 0 redefines, all resolve
2026-09-27T11:48:00.9266684Z - ✅ sme-payments-swiss.canon.html — 3 canon classes, 0 rogue hex, 0 redefines, all resolve
2026-09-27T11:48:00.9267463Z - ✅ sme-payments.canon.html — 10 canon classes, 0 rogue hex, 0 redefines, all resolve
2026-09-27T11:48:00.9267867Z 
2026-09-27T11:48:00.9267997Z ## screen titles (aca-003)
2026-09-27T11:48:00.9268384Z - ✅ 7 screen(s), every <title> present + unique
2026-09-27T11:48:00.9268639Z 
2026-09-27T11:48:00.9268739Z RESULT: PASS ✅
2026-09-27T11:48:02.2450358Z # Composed-screen gate — full pipeline on *.canon.html
2026-09-27T11:48:02.2450855Z 
2026-09-27T11:48:02.2451029Z ## canon-gallery.canon.html
2026-09-27T11:48:02.2453170Z - receipt: UNPROVEN:NO-RECEIPT — this page carries no #provenance-receipt, so nothing about its provenance was measured. Mint one with `python3 knowledge/gen_provenance_receipt.py --mint <path>`; run with --receipt-strict to make this block.
2026-09-27T11:48:02.2454915Z - compose: ✅
2026-09-27T11:48:02.2455384Z - composition: n/a — no .c-bento on this page
2026-09-27T11:48:02.2455991Z - icon-source: ✅ all paths library-matched
2026-09-27T11:48:02.2525732Z - a11y: ✅  (warn: DATA MARK `rect.dv-series` — 219.2x20.2 — under the 24 dense-case minimum (rect w/h attrs) (s116-D1: marks carry the 24 floor, not the 44 target); DATA MARK `rect.dv-series` — 94.0x20.2 — under the 24 dense-case minimum (rect w/h attrs) (s116-D1: marks carry the 24 floor, not the 44 target); DATA MARK `rect.dv-series` — 495.9x20.2 — under the 24 dense-case minimum (rect w/h attrs) (s116-D1: marks carry the 24 floor, not the 44 target); DATA MARK `rect.dv-series` — 135.7x20.2 — under the 24 dense-case minimum (rect w/h attrs) (s116-D1: marks carry the 24 floor, not the 44 target); DATA MARK `rect.dv-series` — 109.6x20.2 — under the 24 dense-case minimum (rect w/h attrs) (s116-D1: marks carry the 24 floor, not the 44 target); DATA MARK `rect.dv-series` — 156.6x20.2 — under the 24 dense-case minimum (rect w/h attrs) (s116-D1: marks carry the 24 floor, not the 44 target); DATA MARK `rect.dv-series` — 133.2x20.0 — under the 24 dense-case minimum (rect w/h attrs) (s116-D1: marks carry the 24 floor, not the 44 target); DATA MARK `rect.dv-series` — 162.8x20.0 — under the 24 dense-case minimum (rect w/h attrs) (s116-D1: marks carry the 24 floor, not the 44 target); DATA MARK `rect.dv-series` — 83.2x20.0 — under the 24 dense-case minimum (rect w/h attrs) (s116-D1: marks carry the 24 floor, not the 44 target); DATA MARK `rect.dv-series` — 112.8x20.0 — under the 24 dense-case minimum (rect w/h attrs) (s116-D1: marks carry the 24 floor, not the 44 target); DATA MARK `rect.dv-series` — 55.5x20.0 — under the 24 dense-case minimum (rect w/h attrs) (s116-D1: marks carry the 24 floor, not the 44 target); DATA MARK `rect.dv-series` — 46.2x20.0 — under the 24 dense-case minimum (rect w/h attrs) (s116-D1: marks carry the 24 floor, not the 44 target); DATA MARK `rect.dv-series` — 166.5x20.0 — under the 24 dense-case minimum (rect w/h attrs) (s116-D1: marks carry the 24 floor, not the 44 target); DATA MARK `rect.dv-series` — 175.8x20.0 — under the 24 dense-case minimum (rect w/h attrs) (s116-D1: marks carry the 24 floor, not the 44 target); DATA MARK `rect.dv-series` — 107.3x20.0 — under the 24 dense-case minimum (rect w/h attrs) (s116-D1: marks carry the 24 floor, not the 44 target); DATA MARK `rect.dv-series` — 74.0x20.0 — under the 24 dense-case minimum (rect w/h attrs) (s116-D1: marks carry the 24 floor, not the 44 target); DATA MARK `rect.dv-series` — 37.0x20.0 — under the 24 dense-case minimum (rect w/h attrs) (s116-D1: marks carry the 24 floor, not the 44 target); DATA MARK `rect.dv-series` — 61.0x20.0 — under the 24 dense-case minimum (rect w/h attrs) (s116-D1: marks carry the 24 floor, not the 44 target); DATA MARK `rect.dv-series` — 48.7x16.2 — under the 24 dense-case minimum (rect w/h attrs) (s116-D1: marks carry the 24 floor, not the 44 target); DATA MARK `rect.dv-series` — 48.7x21.6 — under the 24 dense-case minimum (rect w/h attrs) (s116-D1: marks carry the 24 floor, not the 44 target); DATA MARK `rect.dv-series` — 48.7x23.4 — under the 24 dense-case minimum (rect w/h attrs) (s116-D1: marks carry the 24 floor, not the 44 target); DATA MARK `rect.dv-series` — 48.7x18.9 — under the 24 dense-case minimum (rect w/h attrs) (s116-D1: marks carry the 24 floor, not the 44 target); DATA MARK `rect.dv-series` — 48.7x17.1 — under the 24 dense-case minimum (rect w/h attrs) (s116-D1: marks carry the 24 floor, not the 44 target); DATA MARK `g.dv-marker` — 11.0x11.0 — under the 24 dense-case minimum (<g> wrapper measured from its circle child (circle diameter 2r)) (s116-D1: marks carry the 24 floor, not the 44 target); DATA MARK `g.dv-marker` — 11.0x11.0 — under the 24 dense-case minimum (<g> wrapper measured from its circle child (circle diameter 2r)) (s116-D1: marks carry the 24 floor, not the 44 target); DATA MARK `g.dv-marker` — 11.0x11.0 — under the 24 dense-case minimum (<g> wrapper measured from its circle child (circle diameter 2r)) (s116-D1: marks carry the 24 floor, not the 44 target); DATA MARK `g.dv-marker` — 11.0x11.0 — under the 24 dense-case minimum (<g> wrapper measured from its circle child (circle diameter 2r)) (s116-D1: marks carry the 24 floor, not the 44 target); DATA MARK `g.dv-marker` — 11.0x11.0 — under the 24 dense-case minimum (<g> wrapper measured from its circle child (circle diameter 2r)) (s116-D1: marks carry the 24 floor, not the 44 target); DATA MARK `g.dv-marker` — 11.0x11.0 — under the 24 dense-case minimum (<g> wrapper measured from its circle child (circle diameter 2r)) (s116-D1: marks carry the 24 floor, not the 44 target); DATA MARK `g.dv-marker` — 11.0x11.0 — under the 24 dense-case minimum (<g> wrapper measured from its circle child (circle diameter 2r)) (s116-D1: marks carry the 24 floor, not the 44 target); DATA MARK `g.dv-marker` — 11.0x11.0 — under the 24 dense-case minimum (<g> wrapper measured from its circle child (circle diameter 2r)) (s116-D1: marks carry the 24 floor, not the 44 target); DATA MARK `g.dv-marker` — 11.0x11.0 — under the 24 dense-case minimum (<g> wrapper measured from its circle child (circle diameter 2r)) (s116-D1: marks carry the 24 floor, not the 44 target); DATA MARK `g.dv-marker` — 11.0x11.0 — under the 24 dense-case minimum (<g> wrapper measured from its circle child (circle diameter 2r)) (s116-D1: marks carry the 24 floor, not the 44 target); DATA MARK `g.dv-marker` — 11.0x11.0 — under the 24 dense-case minimum (<g> wrapper measured from its circle child (circle diameter 2r)) (s116-D1: marks carry the 24 floor, not the 44 target); DATA MARK `g.dv-marker` — 11.0x11.0 — under the 24 dense-case minimum (<g> wrapper measured from its circle child (circle diameter 2r)) (s116-D1: marks carry the 24 floor, not the 44 target); DATA MARK `g.dv-marker` — 11.0x11.0 — under the 24 dense-case minimum (<g> wrapper measured from its circle child (circle diameter 2r)) (s116-D1: marks carry the 24 floor, not the 44 target); DATA MARK `g.dv-marker` — 11.0x11.0 — under the 24 dense-case minimum (<g> wrapper measured from its circle child (circle diameter 2r)) (s116-D1: marks carry the 24 floor, not the 44 target); DATA MARK `g.dv-marker` — 11.0x11.0 — under the 24 dense-case minimum (<g> wrapper measured from its circle child (circle diameter 2r)) (s116-D1: marks carry the 24 floor, not the 44 target); DATA MARK `g.dv-marker` — 11.0x11.0 — under the 24 dense-case minimum (<g> wrapper measured from its circle child (circle diameter 2r)) (s116-D1: marks carry the 24 floor, not the 44 target); DATA MARK `g.dv-marker` — 11.0x11.0 — under the 24 dense-case minimum (<g> wrapper measured from its circle child (circle diameter 2r)) (s116-D1: marks carry the 24 floor, not the 44 target); DATA MARK `g.dv-marker` — 11.0x11.0 — under the 24 dense-case minimum (<g> wrapper measured from its circle child (circle diameter 2r)) (s116-D1: marks carry the 24 floor, not the 44 target); DATA MARK `g.dv-marker` — 11.0x11.0 — under the 24 dense-case minimum (<g> wrapper measured from its circle child (circle diameter 2r)) (s116-D1: marks carry the 24 floor, not the 44 target); DATA MARK `g.dv-marker` — 11.0x11.0 — under the 24 dense-case minimum (<g> wrapper measured from its circle child (circle diameter 2r)) (s116-D1: marks carry the 24 floor, not the 44 target); DATA MARK `g.dv-marker` — 11.0x11.0 — under the 24 dense-case minimum (<g> wrapper measured from its circle child (circle diameter 2r)) (s116-D1: marks carry the 24 floor, not the 44 target); DATA MARK `g.dv-marker` — 11.0x11.0 — under the 24 dense-case minimum (<g> wrapper measured from its circle child (circle diameter 2r)) (s116-D1: marks carry the 24 floor, not the 44 target); DATA MARK `g.dv-marker` — 11.0x11.0 — under the 24 dense-case minimum (<g> wrapper measured from its circle child (circle diameter 2r)) (s116-D1: marks carry the 24 floor, not the 44 target); DATA MARK `g.dv-marker` — 11.0x11.0 — under the 24 dense-case minimum (<g> wrapper measured from its circle child (circle diameter 2r)) (s116-D1: marks carry the 24 floor, not the 44 target); DATA MARK `g.dv-marker` — 11.0x11.0 — under the 24 dense-case minimum (<g> wrapper measured from its circle child (circle diameter 2r)) (s116-D1: marks carry the 24 floor, not the 44 target); DATA MARK `g.dv-marker` — 11.0x11.0 — under the 24 dense-case minimum (<g> wrapper measured from its circle child (circle diameter 2r)) (s116-D1: marks carry the 24 floor, not the 44 target); DATA MARK `g.dv-marker` — 11.0x11.0 — under the 24 dense-case minimum (<g> wrapper measured from its circle child (circle diameter 2r)) (s116-D1: marks carry the 24 floor, not the 44 target); DATA MARK `g.dv-marker` — 11.0x11.0 — under the 24 dense-case minimum (<g> wrapper measured from its circle child (circle diameter 2r)) (s116-D1: marks carry the 24 floor, not the 44 target); DATA MARK `g.dv-marker` — 11.0x11.0 — under the 24 dense-case minimum (<g> wrapper measured from its circle child (circle diameter 2r)) (s116-D1: marks carry the 24 floor, not the 44 target); DATA MARK `g.dv-marker` — 11.0x11.0 — under the 24 dense-case minimum (<g> wrapper measured from its circle child (circle diameter 2r)) (s116-D1: marks carry the 24 floor, not the 44 target); DATA MARK `g.dv-marker` — 11.0x11.0 — under the 24 dense-case minimum (<g> wrapper measured from its circle child (circle diameter 2r)) (s116-D1: marks carry the 24 floor, not the 44 target); DATA MARK `g.dv-marker` — 11.0x11.0 — under the 24 dense-case minimum (<g> wrapper measured from its circle child (circle diameter 2r)) (s116-D1: marks carry the 24 floor, not the 44 target); DATA MARK `g.dv-marker` — 11.0x11.0 — under the 24 dense-case minimum (<g> wrapper measured from its circle child (circle diameter 2r)) (s116-D1: marks carry the 24 floor, not the 44 target); DATA MARK `g.dv-marker` — 11.0x11.0 — under the 24 dense-case minimum (<g> wrapper measured from its circle child (circle diameter 2r)) (s116-D1: marks carry the 24 floor, not the 44 target); DATA MARK `g.dv-marker` — 11.0x11.0 — under the 24 dense-case minimum (<g> wrapper measured from its circle child (circle diameter 2r)) (s116-D1: marks carry the 24 floor, not the 44 target); DATA MARK `g.dv-marker` — 11.0x11.0 — under the 24 dense-case minimum (<g> wrapper measured from its circle child (circle diameter 2r)) (s116-D1: marks carry the 24 floor, not the 44 target); DATA MARK `g.dv-marker` — 11.0x11.0 — under the 24 dense-case minimum (<g> wrapper measured from its circle child (circle diameter 2r)) (s116-D1: marks carry the 24 floor, not the 44 target); DATA MARK `g.dv-marker` — 11.0x11.0 — under the 24 dense-case minimum (<g> wrapper measured from its circle child (circle diameter 2r)) (s116-D1: marks carry the 24 floor, not the 44 target); DATA MARK `g.dv-marker` — 11.0x11.0 — under the 24 dense-case minimum (<g> wrapper measured from its circle child (circle diameter 2r)) (s116-D1: marks carry the 24 floor, not the 44 target); DATA MARK `g.dv-marker` — 11.0x11.0 — under the 24 dense-case minimum (<g> wrapper measured from its circle child (circle diameter 2r)) (s116-D1: marks carry the 24 floor, not the 44 target); DATA MARK `g.dv-marker` — 11.0x11.0 — under the 24 dense-case minimum (<g> wrapper measured from its circle child (circle diameter 2r)) (s116-D1: marks carry the 24 floor, not the 44 target); DATA MARK `g.dv-marker` — 11.0x11.0 — under the 24 dense-case minimum (<g> wrapper measured from its circle child (circle diameter 2r)) (s116-D1: marks carry the 24 floor, not the 44 target); DATA MARK `g.dv-marker` — 11.0x11.0 — under the 24 dense-case minimum (<g> wrapper measured from its circle child (circle diameter 2r)) (s116-D1: marks carry the 24 floor, not the 44 target); DATA MARK `g.dv-marker` — 11.0x11.0 — under the 24 dense-case minimum (<g> wrapper measured from its circle child (circle diameter 2r)) (s116-D1: marks carry the 24 floor, not the 44 target); DATA MARK `g.dv-marker` — 11.0x11.0 — under the 24 dense-case minimum (<g> wrapper measured from its circle child (circle diameter 2r)) (s116-D1: marks carry the 24 floor, not the 44 target); DATA MARK `g.dv-marker` — 11.0x11.0 — under the 24 dense-case minimum (<g> wrapper measured from its circle child (circle diameter 2r)) (s116-D1: marks carry the 24 floor, not the 44 target); DATA MARK `g.dv-marker` — 11.0x11.0 — under the 24 dense-case minimum (<g> wrapper measured from its circle child (circle diameter 2r)) (s116-D1: marks carry the 24 floor, not the 44 target); DATA MARK `g.dv-marker` — 11.0x11.0 — under the 24 dense-case minimum (<g> wrapper measured from its circle child (circle diameter 2r)) (s116-D1: marks carry the 24 floor, not the 44 target); DATA MARK `g.dv-marker` — 11.0x11.0 — under the 24 dense-case minimum (<g> wrapper measured from its rect child (rect w/h attrs)) (s116-D1: marks carry the 24 floor, not the 44 target); DATA MARK `g.dv-marker` — 11.0x11.0 — under the 24 dense-case minimum (<g> wrapper measured from its rect child (rect w/h attrs)) (s116-D1: marks carry the 24 floor, not the 44 target); DATA MARK `g.dv-marker` — 11.0x11.0 — under the 24 dense-case minimum (<g> wrapper measured from its rect child (rect w/h attrs)) (s116-D1: marks carry the 24 floor, not the 44 target); DATA MARK `g.dv-marker` — 11.0x11.0 — under the 24 dense-case minimum (<g> wrapper measured from its rect child (rect w/h attrs)) (s116-D1: marks carry the 24 floor, not the 44 target); DATA MARK `g.dv-marker` — 11.0x11.0 — under the 24 dense-case minimum (<g> wrapper measured from its rect child (rect w/h attrs)) (s116-D1: marks carry the 24 floor, not the 44 target); DATA MARK `g.dv-marker` — 11.0x11.0 — under the 24 dense-case minimum (<g> wrapper measured from its rect child (rect w/h attrs)) (s116-D1: marks carry the 24 floor, not the 44 target); DATA MARK `g.dv-marker` — 11.0x11.0 — under the 24 dense-case minimum (<g> wrapper measured from its rect child (rect w/h attrs)) (s116-D1: marks carry the 24 floor, not the 44 target); DATA MARK `g.dv-marker` — 11.0x11.0 — under the 24 dense-case minimum (<g> wrapper measured from its rect child (rect w/h attrs)) (s116-D1: marks carry the 24 floor, not the 44 target); DATA MARK `g.dv-marker` — 11.0x11.0 — under the 24 dense-case minimum (<g> wrapper measured from its rect child (rect w/h attrs)) (s116-D1: marks carry the 24 floor, not the 44 target); DATA MARK `g.dv-marker` — 11.0x11.0 — under the 24 dense-case minimum (<g> wrapper measured from its rect child (rect w/h attrs)) (s116-D1: marks carry the 24 floor, not the 44 target); DATA MARK `g.dv-marker` — 11.0x11.0 — under the 24 dense-case minimum (<g> wrapper measured from its rect child (rect w/h attrs)) (s116-D1: marks carry the 24 floor, not the 44 target); DATA MARK `g.dv-marker` — 11.0x11.0 — under the 24 dense-case minimum (<g> wrapper measured from its rect child (rect w/h attrs)) (s116-D1: marks carry the 24 floor, not the 44 target); DATA MARK `g.dv-marker` — 13.0x13.0 — under the 24 dense-case minimum (<g> wrapper measured from its polygon child (polygon bbox)) (s116-D1: marks carry the 24 floor, not the 44 target); DATA MARK `g.dv-marker` — 13.0x13.0 — under the 24 dense-case minimum (<g> wrapper measured from its polygon child (polygon bbox)) (s116-D1: marks carry the 24 floor, not the 44 target); DATA MARK `g.dv-marker` — 13.0x13.0 — under the 24 dense-case minimum (<g> wrapper measured from its polygon child (polygon bbox)) (s116-D1: marks carry the 24 floor, not the 44 target); DATA MARK `g.dv-marker` — 13.0x13.0 — under the 24 dense-case minimum (<g> wrapper measured from its polygon child (polygon bbox)) (s116-D1: marks carry the 24 floor, not the 44 target); DATA MARK `g.dv-marker` — 13.0x13.0 — under the 24 dense-case minimum (<g> wrapper measured from its polygon child (polygon bbox)) (s116-D1: marks carry the 24 floor, not the 44 target); DATA MARK `g.dv-marker` — 13.0x13.0 — under the 24 dense-case minimum (<g> wrapper measured from its polygon child (polygon bbox)) (s116-D1: marks carry the 24 floor, not the 44 target); DATA MARK `g.dv-marker` — 13.0x13.0 — under the 24 dense-case minimum (<g> wrapper measured from its polygon child (polygon bbox)) (s116-D1: marks carry the 24 floor, not the 44 target); DATA MARK `g.dv-marker` — 13.0x13.0 — under the 24 dense-case minimum (<g> wrapper measured from its polygon child (polygon bbox)) (s116-D1: marks carry the 24 floor, not the 44 target); DATA MARK `g.dv-marker` — 13.0x13.0 — under the 24 dense-case minimum (<g> wrapper measured from its polygon child (polygon bbox)) (s116-D1: marks carry the 24 floor, not the 44 target); DATA MARK `g.dv-marker` — 13.0x13.0 — under the 24 dense-case minimum (<g> wrapper measured from its polygon child (polygon bbox)) (s116-D1: marks carry the 24 floor, not the 44 target); DATA MARK `g.dv-marker` — 13.0x13.0 — under the 24 dense-case minimum (<g> wrapper measured from its polygon child (polygon bbox)) (s116-D1: marks carry the 24 floor, not the 44 target); DATA MARK `g.dv-marker` — 13.0x13.0 — under the 24 dense-case minimum (<g> wrapper measured from its polygon child (polygon bbox)) (s116-D1: marks carry the 24 floor, not the 44 target); DATA MARK `g.dv-marker` — 8.4x8.4 — under the 24 dense-case minimum (<g> wrapper measured from its circle child (circle diameter 2r)) (s116-D1: marks carry the 24 floor, not the 44 target); DATA MARK `g.dv-marker` — 8.4x8.4 — under the 24 dense-case minimum (<g> wrapper measured from its circle child (circle diameter 2r)) (s116-D1: marks carry the 24 floor, not the 44 target); DATA MARK `g.dv-marker` — 8.4x8.4 — under the 24 dense-case minimum (<g> wrapper measured from its circle child (circle diameter 2r)) (s116-D1: marks carry the 24 floor, not the 44 target); DATA MARK `g.dv-marker` — 8.4x8.4 — under the 24 dense-case minimum (<g> wrapper measured from its circle child (circle diameter 2r)) (s116-D1: marks carry the 24 floor, not the 44 target); DATA MARK `g.dv-marker` — 8.4x8.4 — under the 24 dense-case minimum (<g> wrapper measured from its circle child (circle diameter 2r)) (s116-D1: marks carry the 24 floor, not the 44 target); DATA MARK `g.dv-marker` — 8.4x8.4 — under the 24 dense-case minimum (<g> wrapper measured from its circle child (circle diameter 2r)) (s116-D1: marks carry the 24 floor, not the 44 target); DATA MARK `g.dv-marker` — 8.4x8.4 — under the 24 dense-case minimum (<g> wrapper measured from its circle child (circle diameter 2r)) (s116-D1: marks carry the 24 floor, not the 44 target); DATA MARK `g.dv-marker` — 8.4x8.4 — under the 24 dense-case minimum (<g> wrapper measured from its circle child (circle diameter 2r)) (s116-D1: marks carry the 24 floor, not the 44 target); DATA MARK `g.dv-marker` — 8.4x8.4 — under the 24 dense-case minimum (<g> wrapper measured from its circle child (circle diameter 2r)) (s116-D1: marks carry the 24 floor, not the 44 target); DATA MARK `g.dv-marker` — 8.4x8.4 — under the 24 dense-case minimum (<g> wrapper measured from its circle child (circle diameter 2r)) (s116-D1: marks carry the 24 floor, not the 44 target); DATA MARK `g.dv-marker` — 8.4x8.4 — under the 24 dense-case minimum (<g> wrapper measured from its circle child (circle diameter 2r)) (s116-D1: marks carry the 24 floor, not the 44 target); DATA MARK `g.dv-marker` — 8.4x8.4 — under the 24 dense-case minimum (<g> wrapper measured from its circle child (circle diameter 2r)) (s116-D1: marks carry the 24 floor, not the 44 target))
2026-09-27T11:48:02.2584838Z ## nio-dash-console-v1.canon.html
2026-09-27T11:48:02.2586091Z - receipt: UNPROVEN:NO-RECEIPT — this page carries no #provenance-receipt, so nothing about its provenance was measured. Mint one with `python3 knowledge/gen_provenance_receipt.py --mint <path>`; run with --receipt-strict to make this block.
2026-09-27T11:48:02.2587045Z - compose: ✅
2026-09-27T11:48:02.2587315Z - composition: n/a — no .c-bento on this page
2026-09-27T11:48:02.2587666Z - icon-source: ✅ all paths library-matched
2026-09-27T11:48:02.2652224Z - a11y: ✅  (warn: DATA MARK `rect.dv-series` — 14.0x97.2 — under the 24 dense-case minimum (rect w/h attrs) (s116-D1: marks carry the 24 floor, not the 44 target); DATA MARK `rect.dv-series` — 14.0x64.8 — under the 24 dense-case minimum (rect w/h attrs) (s116-D1: marks carry the 24 floor, not the 44 target); DATA MARK `rect.dv-series` — 14.0x133.9 — under the 24 dense-case minimum (rect w/h attrs) (s116-D1: marks carry the 24 floor, not the 44 target); DATA MARK `rect.dv-series` — 14.0x216.0 — under the 24 dense-case minimum (rect w/h attrs) (s116-D1: marks carry the 24 floor, not the 44 target); DATA MARK `rect.dv-series` — 14.0x38.9 — under the 24 dense-case minimum (rect w/h attrs) (s116-D1: marks carry the 24 floor, not the 44 target); DATA MARK `rect.dv-series` — 14.0x47.5 — under the 24 dense-case minimum (rect w/h attrs) (s116-D1: marks carry the 24 floor, not the 44 target); DATA MARK `rect.dv-series` — 14.0x118.8 — under the 24 dense-case minimum (rect w/h attrs) (s116-D1: marks carry the 24 floor, not the 44 target); DATA MARK `rect.dv-series` — 14.0x129.6 — under the 24 dense-case minimum (rect w/h attrs) (s116-D1: marks carry the 24 floor, not the 44 target); DATA MARK `rect.dv-series` — 14.0x183.6 — under the 24 dense-case minimum (rect w/h attrs) (s116-D1: marks carry the 24 floor, not the 44 target); DATA MARK `rect.dv-series` — 14.0x86.4 — under the 24 dense-case minimum (rect w/h attrs) (s116-D1: marks carry the 24 floor, not the 44 target); DATA MARK `rect.dv-series` — 14.0x90.7 — under the 24 dense-case minimum (rect w/h attrs) (s116-D1: marks carry the 24 floor, not the 44 target); DATA MARK `rect.dv-series` — 14.0x64.8 — under the 24 dense-case minimum (rect w/h attrs) (s116-D1: marks carry the 24 floor, not the 44 target); DATA MARK `rect.dv-series` — 14.0x125.3 — under the 24 dense-case minimum (rect w/h attrs) (s116-D1: marks carry the 24 floor, not the 44 target); DATA MARK `rect.dv-series` — 14.0x99.4 — under the 24 dense-case minimum (rect w/h attrs) (s116-D1: marks carry the 24 floor, not the 44 target); DATA MARK `rect.dv-series` — 14.0x108.0 — under the 24 dense-case minimum (rect w/h attrs) (s116-D1: marks carry the 24 floor, not the 44 target); DATA MARK `rect.dv-series` — 14.0x129.6 — under the 24 dense-case minimum (rect w/h attrs) (s116-D1: marks carry the 24 floor, not the 44 target); DATA MARK `rect.dv-series` — 14.0x205.2 — under the 24 dense-case minimum (rect w/h attrs) (s116-D1: marks carry the 24 floor, not the 44 target); DATA MARK `rect.dv-series` — 14.0x155.5 — under the 24 dense-case minimum (rect w/h attrs) (s116-D1: marks carry the 24 floor, not the 44 target); DATA MARK `rect.dv-series` — 14.0x86.4 — under the 24 dense-case minimum (rect w/h attrs) (s116-D1: marks carry the 24 floor, not the 44 target); DATA MARK `rect.dv-series` — 14.0x140.4 — under the 24 dense-case minimum (rect w/h attrs) (s116-D1: marks carry the 24 floor, not the 44 target); DATA MARK `rect.dv-series` — 14.0x64.8 — under the 24 dense-case minimum (rect w/h attrs) (s116-D1: marks carry the 24 floor, not the 44 target); DATA MARK `rect.dv-series` — 14.0x47.5 — under the 24 dense-case minimum (rect w/h attrs) (s116-D1: marks carry the 24 floor, not the 44 target); DATA MARK `rect.dv-series` — 14.0x43.2 — under the 24 dense-case minimum (rect w/h attrs) (s116-D1: marks carry the 24 floor, not the 44 target); DATA MARK `rect.dv-series` — 14.0x54.0 — under the 24 dense-case minimum (rect w/h attrs) (s116-D1: marks carry the 24 floor, not the 44 target); DATA MARK `path.dv-donut-seg.dv-marker.dv-series` — 40.0x11.5 — under the 24 dense-case minimum (arc segment: radial thickness 40.0, mid-radius arc length 11.5) (s116-D1: marks carry the 24 floor, not the 44 target); DATA MARK `path.dv-donut-seg.dv-marker.dv-series` — 40.0x21.2 — under the 24 dense-case minimum (arc segment: radial thickness 40.0, mid-radius arc length 21.2) (s116-D1: marks carry the 24 floor, not the 44 target); DATA MARK `g.dv-marker` — 11.0x11.0 — under the 24 dense-case minimum (<g> wrapper measured from its circle child (circle diameter 2r)) (s116-D1: marks carry the 24 floor, not the 44 target); DATA MARK `g.dv-marker` — 11.0x11.0 — under the 24 dense-case minimum (<g> wrapper measured from its circle child (circle diameter 2r)) (s116-D1: marks carry the 24 floor, not the 44 target); DATA MARK `g.dv-marker` — 11.0x11.0 — under the 24 dense-case minimum (<g> wrapper measured from its circle child (circle diameter 2r)) (s116-D1: marks carry the 24 floor, not the 44 target); DATA MARK `g.dv-marker` — 11.0x11.0 — under the 24 dense-case minimum (<g> wrapper measured from its circle child (circle diameter 2r)) (s116-D1: marks carry the 24 floor, not the 44 target); DATA MARK `g.dv-marker` — 11.0x11.0 — under the 24 dense-case minimum (<g> wrapper measured from its circle child (circle diameter 2r)) (s116-D1: marks carry the 24 floor, not the 44 target); DATA MARK `g.dv-marker` — 11.0x11.0 — under the 24 dense-case minimum (<g> wrapper measured from its circle child (circle diameter 2r)) (s116-D1: marks carry the 24 floor, not the 44 target); DATA MARK `g.dv-marker` — 11.0x11.0 — under the 24 dense-case minimum (<g> wrapper measured from its circle child (circle diameter 2r)) (s116-D1: marks carry the 24 floor, not the 44 target); DATA MARK `g.dv-marker` — 11.0x11.0 — under the 24 dense-case minimum (<g> wrapper measured from its circle child (circle diameter 2r)) (s116-D1: marks carry the 24 floor, not the 44 target); DATA MARK `g.dv-marker` — 11.0x11.0 — under the 24 dense-case minimum (<g> wrapper measured from its circle child (circle diameter 2r)) (s116-D1: marks carry the 24 floor, not the 44 target); DATA MARK `g.dv-marker` — 11.0x11.0 — under the 24 dense-case minimum (<g> wrapper measured from its circle child (circle diameter 2r)) (s116-D1: marks carry the 24 floor, not the 44 target); DATA MARK `g.dv-marker` — 11.0x11.0 — under the 24 dense-case minimum (<g> wrapper measured from its circle child (circle diameter 2r)) (s116-D1: marks carry the 24 floor, not the 44 target); DATA MARK `g.dv-marker` — 11.0x11.0 — under the 24 dense-case minimum (<g> wrapper measured from its circle child (circle diameter 2r)) (s116-D1: marks carry the 24 floor, not the 44 target); DATA MARK `g.dv-marker` — 11.0x11.0 — under the 24 dense-case minimum (<g> wrapper measured from its circle child (circle diameter 2r)) (s116-D1: marks carry the 24 floor, not the 44 target); DATA MARK `g.dv-marker` — 11.0x11.0 — under the 24 dense-case minimum (<g> wrapper measured from its circle child (circle diameter 2r)) (s116-D1: marks carry the 24 floor, not the 44 target); DATA MARK `g.dv-marker` — 11.0x11.0 — under the 24 dense-case minimum (<g> wrapper measured from its circle child (circle diameter 2r)) (s116-D1: marks carry the 24 floor, not the 44 target); DATA MARK `g.dv-marker` — 11.0x11.0 — under the 24 dense-case minimum (<g> wrapper measured from its circle child (circle diameter 2r)) (s116-D1: marks carry the 24 floor, not the 44 target); DATA MARK `g.dv-marker` — 11.0x11.0 — under the 24 dense-case minimum (<g> wrapper measured from its circle child (circle diameter 2r)) (s116-D1: marks carry the 24 floor, not the 44 target); DATA MARK `g.dv-marker` — 11.0x11.0 — under the 24 dense-case minimum (<g> wrapper measured from its circle child (circle diameter 2r)) (s116-D1: marks carry the 24 floor, not the 44 target); DATA MARK `g.dv-marker` — 11.0x11.0 — under the 24 dense-case minimum (<g> wrapper measured from its circle child (circle diameter 2r)) (s116-D1: marks carry the 24 floor, not the 44 target); DATA MARK `g.dv-marker` — 11.0x11.0 — under the 24 dense-case minimum (<g> wrapper measured from its circle child (circle diameter 2r)) (s116-D1: marks carry the 24 floor, not the 44 target); DATA MARK `g.dv-marker` — 11.0x11.0 — under the 24 dense-case minimum (<g> wrapper measured from its circle child (circle diameter 2r)) (s116-D1: marks carry the 24 floor, not the 44 target); DATA MARK `g.dv-marker` — 11.0x11.0 — under the 24 dense-case minimum (<g> wrapper measured from its circle child (circle diameter 2r)) (s116-D1: marks carry the 24 floor, not the 44 target); DATA MARK `g.dv-marker` — 11.0x11.0 — under the 24 dense-case minimum (<g> wrapper measured from its circle child (circle diameter 2r)) (s116-D1: marks carry the 24 floor, not the 44 target); DATA MARK `g.dv-marker` — 11.0x11.0 — under the 24 dense-case minimum (<g> wrapper measured from its circle child (circle diameter 2r)) (s116-D1: marks carry the 24 floor, not the 44 target); DATA MARK `g.dv-marker` — 11.0x11.0 — under the 24 dense-case minimum (<g> wrapper measured from its rect child (rect w/h attrs)) (s116-D1: marks carry the 24 floor, not the 44 target); DATA MARK `g.dv-marker` — 11.0x11.0 — under the 24 dense-case minimum (<g> wrapper measured from its rect child (rect w/h attrs)) (s116-D1: marks carry the 24 floor, not the 44 target); DATA MARK `g.dv-marker` — 11.0x11.0 — under the 24 dense-case minimum (<g> wrapper measured from its rect child (rect w/h attrs)) (s116-D1: marks carry the 24 floor, not the 44 target); DATA MARK `g.dv-marker` — 11.0x11.0 — under the 24 dense-case minimum (<g> wrapper measured from its rect child (rect w/h attrs)) (s116-D1: marks carry the 24 floor, not the 44 target); DATA MARK `g.dv-marker` — 11.0x11.0 — under the 24 dense-case minimum (<g> wrapper measured from its rect child (rect w/h attrs)) (s116-D1: marks carry the 24 floor, not the 44 target); DATA MARK `g.dv-marker` — 11.0x11.0 — under the 24 dense-case minimum (<g> wrapper measured from its rect child (rect w/h attrs)) (s116-D1: marks carry the 24 floor, not the 44 target); DATA MARK `g.dv-marker` — 11.0x11.0 — under the 24 dense-case minimum (<g> wrapper measured from its rect child (rect w/h attrs)) (s116-D1: marks carry the 24 floor, not the 44 target); DATA MARK `g.dv-marker` — 11.0x11.0 — under the 24 dense-case minimum (<g> wrapper measured from its rect child (rect w/h attrs)) (s116-D1: marks carry the 24 floor, not the 44 target); DATA MARK `g.dv-marker` — 11.0x11.0 — under the 24 dense-case minimum (<g> wrapper measured from its rect child (rect w/h attrs)) (s116-D1: marks carry the 24 floor, not the 44 target); DATA MARK `g.dv-marker` — 11.0x11.0 — under the 24 dense-case minimum (<g> wrapper measured from its rect child (rect w/h attrs)) (s116-D1: marks carry the 24 floor, not the 44 target); DATA MARK `g.dv-marker` — 11.0x11.0 — under the 24 dense-case minimum (<g> wrapper measured from its rect child (rect w/h attrs)) (s116-D1: marks carry the 24 floor, not the 44 target); DATA MARK `g.dv-marker` — 11.0x11.0 — under the 24 dense-case minimum (<g> wrapper measured from its rect child (rect w/h attrs)) (s116-D1: marks carry the 24 floor, not the 44 target); DATA MARK `g.dv-marker` — 13.0x13.0 — under the 24 dense-case minimum (<g> wrapper measured from its polygon child (polygon bbox)) (s116-D1: marks carry the 24 floor, not the 44 target); DATA MARK `g.dv-marker` — 13.0x13.0 — under the 24 dense-case minimum (<g> wrapper measured from its polygon child (polygon bbox)) (s116-D1: marks carry the 24 floor, not the 44 target); DATA MARK `g.dv-marker` — 13.0x13.0 — under the 24 dense-case minimum (<g> wrapper measured from its polygon child (polygon bbox)) (s116-D1: marks carry the 24 floor, not the 44 target); DATA MARK `g.dv-marker` — 13.0x13.0 — under the 24 dense-case minimum (<g> wrapper measured from its polygon child (polygon bbox)) (s116-D1: marks carry the 24 floor, not the 44 target); DATA MARK `g.dv-marker` — 13.0x13.0 — under the 24 dense-case minimum (<g> wrapper measured from its polygon child (polygon bbox)) (s116-D1: marks carry the 24 floor, not the 44 target); DATA MARK `g.dv-marker` — 13.0x13.0 — under the 24 dense-case minimum (<g> wrapper measured from its polygon child (polygon bbox)) (s116-D1: marks carry the 24 floor, not the 44 target); DATA MARK `g.dv-marker` — 13.0x13.0 — under the 24 dense-case minimum (<g> wrapper measured from its polygon child (polygon bbox)) (s116-D1: marks carry the 24 floor, not the 44 target); DATA MARK `g.dv-marker` — 13.0x13.0 — under the 24 dense-case minimum (<g> wrapper measured from its polygon child (polygon bbox)) (s116-D1: marks carry the 24 floor, not the 44 target); DATA MARK `g.dv-marker` — 13.0x13.0 — under the 24 dense-case minimum (<g> wrapper measured from its polygon child (polygon bbox)) (s116-D1: marks carry the 24 floor, not the 44 target); DATA MARK `g.dv-marker` — 13.0x13.0 — under the 24 dense-case minimum (<g> wrapper measured from its polygon child (polygon bbox)) (s116-D1: marks carry the 24 floor, not the 44 target); DATA MARK `g.dv-marker` — 13.0x13.0 — under the 24 dense-case minimum (<g> wrapper measured from its polygon child (polygon bbox)) (s116-D1: marks carry the 24 floor, not the 44 target); DATA MARK `g.dv-marker` — 13.0x13.0 — under the 24 dense-case minimum (<g> wrapper measured from its polygon child (polygon bbox)) (s116-D1: marks carry the 24 floor, not the 44 target); DATA MARK `g.dv-marker` — 11.0x11.0 — under the 24 dense-case minimum (<g> wrapper measured from its rect child (rect w/h attrs)) (s116-D1: marks carry the 24 floor, not the 44 target); DATA MARK `g.dv-marker` — 11.0x11.0 — under the 24 dense-case minimum (<g> wrapper measured from its rect child (rect w/h attrs)) (s116-D1: marks carry the 24 floor, not the 44 target); DATA MARK `g.dv-marker` — 11.0x11.0 — under the 24 dense-case minimum (<g> wrapper measured from its rect child (rect w/h attrs)) (s116-D1: marks carry the 24 floor, not the 44 target); DATA MARK `g.dv-marker` — 11.0x11.0 — under the 24 dense-case minimum (<g> wrapper measured from its rect child (rect w/h attrs)) (s116-D1: marks carry the 24 floor, not the 44 target); DATA MARK `g.dv-marker` — 11.0x11.0 — under the 24 dense-case minimum (<g> wrapper measured from its rect child (rect w/h attrs)) (s116-D1: marks carry the 24 floor, not the 44 target); DATA MARK `g.dv-marker` — 11.0x11.0 — under the 24 dense-case minimum (<g> wrapper measured from its rect child (rect w/h attrs)) (s116-D1: marks carry the 24 floor, not the 44 target); DATA MARK `g.dv-marker` — 11.0x11.0 — under the 24 dense-case minimum (<g> wrapper measured from its rect child (rect w/h attrs)) (s116-D1: marks carry the 24 floor, not the 44 target); DATA MARK `g.dv-marker` — 11.0x11.0 — under the 24 dense-case minimum (<g> wrapper measured from its rect child (rect w/h attrs)) (s116-D1: marks carry the 24 floor, not the 44 target); DATA MARK `g.dv-marker` — 11.0x11.0 — under the 24 dense-case minimum (<g> wrapper measured from its rect child (rect w/h attrs)) (s116-D1: marks carry the 24 floor, not the 44 target); DATA MARK `g.dv-marker` — 11.0x11.0 — under the 24 dense-case minimum (<g> wrapper measured from its rect child (rect w/h attrs)) (s116-D1: marks carry the 24 floor, not the 44 target); DATA MARK `g.dv-marker` — 11.0x11.0 — under the 24 dense-case minimum (<g> wrapper measured from its rect child (rect w/h attrs)) (s116-D1: marks carry the 24 floor, not the 44 target); DATA MARK `g.dv-marker` — 11.0x11.0 — under the 24 dense-case minimum (<g> wrapper measured from its rect child (rect w/h attrs)) (s116-D1: marks carry the 24 floor, not the 44 target); DATA MARK `rect.dv-series` — 20.0x64.8 — under the 24 dense-case minimum (rect w/h attrs) (s116-D1: marks carry the 24 floor, not the 44 target); DATA MARK `rect.dv-series` — 20.0x118.8 — under the 24 dense-case minimum (rect w/h attrs) (s116-D1: marks carry the 24 floor, not the 44 target); DATA MARK `rect.dv-series` — 20.0x95.0 — under the 24 dense-case minimum (rect w/h attrs) (s116-D1: marks carry the 24 floor, not the 44 target); DATA MARK `rect.dv-series` — 20.0x108.0 — under the 24 dense-case minimum (rect w/h attrs) (s116-D1: marks carry the 24 floor, not the 44 target); DATA MARK `rect.dv-series` — 20.0x146.9 — under the 24 dense-case minimum (rect w/h attrs) (s116-D1: marks carry the 24 floor, not the 44 target); DATA MARK `rect.dv-series` — 20.0x177.1 — under the 24 dense-case minimum (rect w/h attrs) (s116-D1: marks carry the 24 floor, not the 44 target); DATA MARK `rect.dv-series` — 20.0x38.9 — under the 24 dense-case minimum (rect w/h attrs) (s116-D1: marks carry the 24 floor, not the 44 target); DATA MARK `rect.dv-series` — 20.0x51.8 — under the 24 dense-case minimum (rect w/h attrs) (s116-D1: marks carry the 24 floor, not the 44 target); DATA MARK `rect.dv-series` — 20.0x30.2 — under the 24 dense-case minimum (rect w/h attrs) (s116-D1: marks carry the 24 floor, not the 44 target); DATA MARK `rect.dv-series` — 20.0x86.4 — under the 24 dense-case minimum (rect w/h attrs) (s116-D1: marks carry the 24 floor, not the 44 target); DATA MARK `rect.dv-series` — 20.0x112.3 — under the 24 dense-case minimum (rect w/h attrs) (s116-D1: marks carry the 24 floor, not the 44 target); DATA MARK `rect.dv-series` — 20.0x99.4 — under the 24 dense-case minimum (rect w/h attrs) (s116-D1: marks carry the 24 floor, not the 44 target); DATA MARK `rect.dv-series` — 20.0x198.7 — under the 24 dense-case minimum (rect w/h attrs) (s116-D1: marks carry the 24 floor, not the 44 target); DATA MARK `rect.dv-series` — 20.0x151.2 — under the 24 dense-case minimum (rect w/h attrs) (s116-D1: marks carry the 24 floor, not the 44 target); DATA MARK `rect.dv-series` — 20.0x129.6 — under the 24 dense-case minimum (rect w/h attrs) (s116-D1: marks carry the 24 floor, not the 44 target); DATA MARK `rect.dv-series` — 20.0x47.5 — under the 24 dense-case minimum (rect w/h attrs) (s116-D1: marks carry the 24 floor, not the 44 target); DATA MARK `rect.dv-series` — 20.0x99.4 — under the 24 dense-case minimum (rect w/h attrs) (s116-D1: marks carry the 24 floor, not the 44 target); DATA MARK `rect.dv-series` — 20.0x82.1 — under the 24 dense-case minimum (rect w/h attrs) (s116-D1: marks carry the 24 floor, not the 44 target))
2026-09-27T11:48:02.2707617Z ## nio-dash-console-v2.canon.html
2026-09-27T11:48:02.2709141Z - receipt: UNPROVEN:NO-RECEIPT — this page carries no #provenance-receipt, so nothing about its provenance was measured. Mint one with `python3 knowledge/gen_provenance_receipt.py --mint <path>`; run with --receipt-strict to make this block.
2026-09-27T11:48:02.2710125Z - compose: ✅
2026-09-27T11:48:02.2710402Z - composition: n/a — no .c-bento on this page
2026-09-27T11:48:02.2710753Z - icon-source: ✅ all paths library-matched
2026-09-27T11:48:02.2775406Z - a11y: ✅  (warn: DATA MARK `rect.dv-series` — 14.0x97.2 — under the 24 dense-case minimum (rect w/h attrs) (s116-D1: marks carry the 24 floor, not the 44 target); DATA MARK `rect.dv-series` — 14.0x64.8 — under the 24 dense-case minimum (rect w/h attrs) (s116-D1: marks carry the 24 floor, not the 44 target); DATA MARK `rect.dv-series` — 14.0x133.9 — under the 24 dense-case minimum (rect w/h attrs) (s116-D1: marks carry the 24 floor, not the 44 target); DATA MARK `rect.dv-series` — 14.0x216.0 — under the 24 dense-case minimum (rect w/h attrs) (s116-D1: marks carry the 24 floor, not the 44 target); DATA MARK `rect.dv-series` — 14.0x38.9 — under the 24 dense-case minimum (rect w/h attrs) (s116-D1: marks carry the 24 floor, not the 44 target); DATA MARK `rect.dv-series` — 14.0x47.5 — under the 24 dense-case minimum (rect w/h attrs) (s116-D1: marks carry the 24 floor, not the 44 target); DATA MARK `rect.dv-series` — 14.0x118.8 — under the 24 dense-case minimum (rect w/h attrs) (s116-D1: marks carry the 24 floor, not the 44 target); DATA MARK `rect.dv-series` — 14.0x129.6 — under the 24 dense-case minimum (rect w/h attrs) (s116-D1: marks carry the 24 floor, not the 44 target); DATA MARK `rect.dv-series` — 14.0x183.6 — under the 24 dense-case minimum (rect w/h attrs) (s116-D1: marks carry the 24 floor, not the 44 target); DATA MARK `rect.dv-series` — 14.0x86.4 — under the 24 dense-case minimum (rect w/h attrs) (s116-D1: marks carry the 24 floor, not the 44 target); DATA MARK `rect.dv-series` — 14.0x90.7 — under the 24 dense-case minimum (rect w/h attrs) (s116-D1: marks carry the 24 floor, not the 44 target); DATA MARK `rect.dv-series` — 14.0x64.8 — under the 24 dense-case minimum (rect w/h attrs) (s116-D1: marks carry the 24 floor, not the 44 target); DATA MARK `rect.dv-series` — 14.0x125.3 — under the 24 dense-case minimum (rect w/h attrs) (s116-D1: marks carry the 24 floor, not the 44 target); DATA MARK `rect.dv-series` — 14.0x99.4 — under the 24 dense-case minimum (rect w/h attrs) (s116-D1: marks carry the 24 floor, not the 44 target); DATA MARK `rect.dv-series` — 14.0x108.0 — under the 24 dense-case minimum (rect w/h attrs) (s116-D1: marks carry the 24 floor, not the 44 target); DATA MARK `rect.dv-series` — 14.0x129.6 — under the 24 dense-case minimum (rect w/h attrs) (s116-D1: marks carry the 24 floor, not the 44 target); DATA MARK `rect.dv-series` — 14.0x205.2 — under the 24 dense-case minimum (rect w/h attrs) (s116-D1: marks carry the 24 floor, not the 44 target); DATA MARK `rect.dv-series` — 14.0x155.5 — under the 24 dense-case minimum (rect w/h attrs) (s116-D1: marks carry the 24 floor, not the 44 target); DATA MARK `rect.dv-series` — 14.0x86.4 — under the 24 dense-case minimum (rect w/h attrs) (s116-D1: marks carry the 24 floor, not the 44 target); DATA MARK `rect.dv-series` — 14.0x140.4 — under the 24 dense-case minimum (rect w/h attrs) (s116-D1: marks carry the 24 floor, not the 44 target); DATA MARK `rect.dv-series` — 14.0x64.8 — under the 24 dense-case minimum (rect w/h attrs) (s116-D1: marks carry the 24 floor, not the 44 target); DATA MARK `rect.dv-series` — 14.0x47.5 — under the 24 dense-case minimum (rect w/h attrs) (s116-D1: marks carry the 24 floor, not the 44 target); DATA MARK `rect.dv-series` — 14.0x43.2 — under the 24 dense-case minimum (rect w/h attrs) (s116-D1: marks carry the 24 floor, not the 44 target); DATA MARK `rect.dv-series` — 14.0x54.0 — under the 24 dense-case minimum (rect w/h attrs) (s116-D1: marks carry the 24 floor, not the 44 target); DATA MARK `path.dv-donut-seg.dv-marker.dv-series` — 40.0x11.5 — under the 24 dense-case minimum (arc segment: radial thickness 40.0, mid-radius arc length 11.5) (s116-D1: marks carry the 24 floor, not the 44 target); DATA MARK `path.dv-donut-seg.dv-marker.dv-series` — 40.0x21.2 — under the 24 dense-case minimum (arc segment: radial thickness 40.0, mid-radius arc length 21.2) (s116-D1: marks carry the 24 floor, not the 44 target); DATA MARK `g.dv-marker` — 11.0x11.0 — under the 24 dense-case minimum (<g> wrapper measured from its circle child (circle diameter 2r)) (s116-D1: marks carry the 24 floor, not the 44 target); DATA MARK `g.dv-marker` — 11.0x11.0 — under the 24 dense-case minimum (<g> wrapper measured from its circle child (circle diameter 2r)) (s116-D1: marks carry the 24 floor, not the 44 target); DATA MARK `g.dv-marker` — 11.0x11.0 — under the 24 dense-case minimum (<g> wrapper measured from its circle child (circle diameter 2r)) (s116-D1: marks carry the 24 floor, not the 44 target); DATA MARK `g.dv-marker` — 11.0x11.0 — under the 24 dense-case minimum (<g> wrapper measured from its circle child (circle diameter 2r)) (s116-D1: marks carry the 24 floor, not the 44 target); DATA MARK `g.dv-marker` — 11.0x11.0 — under the 24 dense-case minimum (<g> wrapper measured from its circle child (circle diameter 2r)) (s116-D1: marks carry the 24 floor, not the 44 target); DATA MARK `g.dv-marker` — 11.0x11.0 — under the 24 dense-case minimum (<g> wrapper measured from its circle child (circle diameter 2r)) (s116-D1: marks carry the 24 floor, not the 44 target); DATA MARK `g.dv-marker` — 11.0x11.0 — under the 24 dense-case minimum (<g> wrapper measured from its circle child (circle diameter 2r)) (s116-D1: marks carry the 24 floor, not the 44 target); DATA MARK `g.dv-marker` — 11.0x11.0 — under the 24 dense-case minimum (<g> wrapper measured from its circle child (circle diameter 2r)) (s116-D1: marks carry the 24 floor, not the 44 target); DATA MARK `g.dv-marker` — 11.0x11.0 — under the 24 dense-case minimum (<g> wrapper measured from its circle child (circle diameter 2r)) (s116-D1: marks carry the 24 floor, not the 44 target); DATA MARK `g.dv-marker` — 11.0x11.0 — under the 24 dense-case minimum (<g> wrapper measured from its circle child (circle diameter 2r)) (s116-D1: marks carry the 24 floor, not the 44 target); DATA MARK `g.dv-marker` — 11.0x11.0 — under the 24 dense-case minimum (<g> wrapper measured from its circle child (circle diameter 2r)) (s116-D1: marks carry the 24 floor, not the 44 target); DATA MARK `g.dv-marker` — 11.0x11.0 — under the 24 dense-case minimum (<g> wrapper measured from its circle child (circle diameter 2r)) (s116-D1: marks carry the 24 floor, not the 44 target); DATA MARK `g.dv-marker` — 11.0x11.0 — under the 24 dense-case minimum (<g> wrapper measured from its circle child (circle diameter 2r)) (s116-D1: marks carry the 24 floor, not the 44 target); DATA MARK `g.dv-marker` — 11.0x11.0 — under the 24 dense-case minimum (<g> wrapper measured from its circle child (circle diameter 2r)) (s116-D1: marks carry the 24 floor, not the 44 target); DATA MARK `g.dv-marker` — 11.0x11.0 — under the 24 dense-case minimum (<g> wrapper measured from its circle child (circle diameter 2r)) (s116-D1: marks carry the 24 floor, not the 44 target); DATA MARK `g.dv-marker` — 11.0x11.0 — under the 24 dense-case minimum (<g> wrapper measured from its circle child (circle diameter 2r)) (s116-D1: marks carry the 24 floor, not the 44 target); DATA MARK `g.dv-marker` — 11.0x11.0 — under the 24 dense-case minimum (<g> wrapper measured from its circle child (circle diameter 2r)) (s116-D1: marks carry the 24 floor, not the 44 target); DATA MARK `g.dv-marker` — 11.0x11.0 — under the 24 dense-case minimum (<g> wrapper measured from its circle child (circle diameter 2r)) (s116-D1: marks carry the 24 floor, not the 44 target); DATA MARK `g.dv-marker` — 11.0x11.0 — under the 24 dense-case minimum (<g> wrapper measured from its circle child (circle diameter 2r)) (s116-D1: marks carry the 24 floor, not the 44 target); DATA MARK `g.dv-marker` — 11.0x11.0 — under the 24 dense-case minimum (<g> wrapper measured from its circle child (circle diameter 2r)) (s116-D1: marks carry the 24 floor, not the 44 target); DATA MARK `g.dv-marker` — 11.0x11.0 — under the 24 dense-case minimum (<g> wrapper measured from its circle child (circle diameter 2r)) (s116-D1: marks carry the 24 floor, not the 44 target); DATA MARK `g.dv-marker` — 11.0x11.0 — under the 24 dense-case minimum (<g> wrapper measured from its circle child (circle diameter 2r)) (s116-D1: marks carry the 24 floor, not the 44 target); DATA MARK `g.dv-marker` — 11.0x11.0 — under the 24 dense-case minimum (<g> wrapper measured from its circle child (circle diameter 2r)) (s116-D1: marks carry the 24 floor, not the 44 target); DATA MARK `g.dv-marker` — 11.0x11.0 — under the 24 dense-case minimum (<g> wrapper measured from its circle child (circle diameter 2r)) (s116-D1: marks carry the 24 floor, not the 44 target); DATA MARK `g.dv-marker` — 11.0x11.0 — under the 24 dense-case minimum (<g> wrapper measured from its rect child (rect w/h attrs)) (s116-D1: marks carry the 24 floor, not the 44 target); DATA MARK `g.dv-marker` — 11.0x11.0 — under the 24 dense-case minimum (<g> wrapper measured from its rect child (rect w/h attrs)) (s116-D1: marks carry the 24 floor, not the 44 target); DATA MARK `g.dv-marker` — 11.0x11.0 — under the 24 dense-case minimum (<g> wrapper measured from its rect child (rect w/h attrs)) (s116-D1: marks carry the 24 floor, not the 44 target); DATA MARK `g.dv-marker` — 11.0x11.0 — under the 24 dense-case minimum (<g> wrapper measured from its rect child (rect w/h attrs)) (s116-D1: marks carry the 24 floor, not the 44 target); DATA MARK `g.dv-marker` — 11.0x11.0 — under the 24 dense-case minimum (<g> wrapper measured from its rect child (rect w/h attrs)) (s116-D1: marks carry the 24 floor, not the 44 target); DATA MARK `g.dv-marker` — 11.0x11.0 — under the 24 dense-case minimum (<g> wrapper measured from its rect child (rect w/h attrs)) (s116-D1: marks carry the 24 floor, not the 44 target); DATA MARK `g.dv-marker` — 11.0x11.0 — under the 24 dense-case minimum (<g> wrapper measured from its rect child (rect w/h attrs)) (s116-D1: marks carry the 24 floor, not the 44 target); DATA MARK `g.dv-marker` — 11.0x11.0 — under the 24 dense-case minimum (<g> wrapper measured from its rect child (rect w/h attrs)) (s116-D1: marks carry the 24 floor, not the 44 target); DATA MARK `g.dv-marker` — 11.0x11.0 — under the 24 dense-case minimum (<g> wrapper measured from its rect child (rect w/h attrs)) (s116-D1: marks carry the 24 floor, not the 44 target); DATA MARK `g.dv-marker` — 11.0x11.0 — under the 24 dense-case minimum (<g> wrapper measured from its rect child (rect w/h attrs)) (s116-D1: marks carry the 24 floor, not the 44 target); DATA MARK `g.dv-marker` — 11.0x11.0 — under the 24 dense-case minimum (<g> wrapper measured from its rect child (rect w/h attrs)) (s116-D1: marks carry the 24 floor, not the 44 target); DATA MARK `g.dv-marker` — 11.0x11.0 — under the 24 dense-case minimum (<g> wrapper measured from its rect child (rect w/h attrs)) (s116-D1: marks carry the 24 floor, not the 44 target); DATA MARK `g.dv-marker` — 13.0x13.0 — under the 24 dense-case minimum (<g> wrapper measured from its polygon child (polygon bbox)) (s116-D1: marks carry the 24 floor, not the 44 target); DATA MARK `g.dv-marker` — 13.0x13.0 — under the 24 dense-case minimum (<g> wrapper measured from its polygon child (polygon bbox)) (s116-D1: marks carry the 24 floor, not the 44 target); DATA MARK `g.dv-marker` — 13.0x13.0 — under the 24 dense-case minimum (<g> wrapper measured from its polygon child (polygon bbox)) (s116-D1: marks carry the 24 floor, not the 44 target); DATA MARK `g.dv-marker` — 13.0x13.0 — under the 24 dense-case minimum (<g> wrapper measured from its polygon child (polygon bbox)) (s116-D1: marks carry the 24 floor, not the 44 target); DATA MARK `g.dv-marker` — 13.0x13.0 — under the 24 dense-case minimum (<g> wrapper measured from its polygon child (polygon bbox)) (s116-D1: marks carry the 24 floor, not the 44 target); DATA MARK `g.dv-marker` — 13.0x13.0 — under the 24 dense-case minimum (<g> wrapper measured from its polygon child (polygon bbox)) (s116-D1: marks carry the 24 floor, not the 44 target); DATA MARK `g.dv-marker` — 13.0x13.0 — under the 24 dense-case minimum (<g> wrapper measured from its polygon child (polygon bbox)) (s116-D1: marks carry the 24 floor, not the 44 target); DATA MARK `g.dv-marker` — 13.0x13.0 — under the 24 dense-case minimum (<g> wrapper measured from its polygon child (polygon bbox)) (s116-D1: marks carry the 24 floor, not the 44 target); DATA MARK `g.dv-marker` — 13.0x13.0 — under the 24 dense-case minimum (<g> wrapper measured from its polygon child (polygon bbox)) (s116-D1: marks carry the 24 floor, not the 44 target); DATA MARK `g.dv-marker` — 13.0x13.0 — under the 24 dense-case minimum (<g> wrapper measured from its polygon child (polygon bbox)) (s116-D1: marks carry the 24 floor, not the 44 target); DATA MARK `g.dv-marker` — 13.0x13.0 — under the 24 dense-case minimum (<g> wrapper measured from its polygon child (polygon bbox)) (s116-D1: marks carry the 24 floor, not the 44 target); DATA MARK `g.dv-marker` — 13.0x13.0 — under the 24 dense-case minimum (<g> wrapper measured from its polygon child (polygon bbox)) (s116-D1: marks carry the 24 floor, not the 44 target); DATA MARK `g.dv-marker` — 11.0x11.0 — under the 24 dense-case minimum (<g> wrapper measured from its rect child (rect w/h attrs)) (s116-D1: marks carry the 24 floor, not the 44 target); DATA MARK `g.dv-marker` — 11.0x11.0 — under the 24 dense-case minimum (<g> wrapper measured from its rect child (rect w/h attrs)) (s116-D1: marks carry the 24 floor, not the 44 target); DATA MARK `g.dv-marker` — 11.0x11.0 — under the 24 dense-case minimum (<g> wrapper measured from its rect child (rect w/h attrs)) (s116-D1: marks carry the 24 floor, not the 44 target); DATA MARK `g.dv-marker` — 11.0x11.0 — under the 24 dense-case minimum (<g> wrapper measured from its rect child (rect w/h attrs)) (s116-D1: marks carry the 24 floor, not the 44 target); DATA MARK `g.dv-marker` — 11.0x11.0 — under the 24 dense-case minimum (<g> wrapper measured from its rect child (rect w/h attrs)) (s116-D1: marks carry the 24 floor, not the 44 target); DATA MARK `g.dv-marker` — 11.0x11.0 — under the 24 dense-case minimum (<g> wrapper measured from its rect child (rect w/h attrs)) (s116-D1: marks carry the 24 floor, not the 44 target); DATA MARK `g.dv-marker` — 11.0x11.0 — under the 24 dense-case minimum (<g> wrapper measured from its rect child (rect w/h attrs)) (s116-D1: marks carry the 24 floor, not the 44 target); DATA MARK `g.dv-marker` — 11.0x11.0 — under the 24 dense-case minimum (<g> wrapper measured from its rect child (rect w/h attrs)) (s116-D1: marks carry the 24 floor, not the 44 target); DATA MARK `g.dv-marker` — 11.0x11.0 — under the 24 dense-case minimum (<g> wrapper measured from its rect child (rect w/h attrs)) (s116-D1: marks carry the 24 floor, not the 44 target); DATA MARK `g.dv-marker` — 11.0x11.0 — under the 24 dense-case minimum (<g> wrapper measured from its rect child (rect w/h attrs)) (s116-D1: marks carry the 24 floor, not the 44 target); DATA MARK `g.dv-marker` — 11.0x11.0 — under the 24 dense-case minimum (<g> wrapper measured from its rect child (rect w/h attrs)) (s116-D1: marks carry the 24 floor, not the 44 target); DATA MARK `g.dv-marker` — 11.0x11.0 — under the 24 dense-case minimum (<g> wrapper measured from its rect child (rect w/h attrs)) (s116-D1: marks carry the 24 floor, not the 44 target); DATA MARK `rect.dv-series` — 20.0x64.8 — under the 24 dense-case minimum (rect w/h attrs) (s116-D1: marks carry the 24 floor, not the 44 target); DATA MARK `rect.dv-series` — 20.0x118.8 — under the 24 dense-case minimum (rect w/h attrs) (s116-D1: marks carry the 24 floor, not the 44 target); DATA MARK `rect.dv-series` — 20.0x95.0 — under the 24 dense-case minimum (rect w/h attrs) (s116-D1: marks carry the 24 floor, not the 44 target); DATA MARK `rect.dv-series` — 20.0x108.0 — under the 24 dense-case minimum (rect w/h attrs) (s116-D1: marks carry the 24 floor, not the 44 target); DATA MARK `rect.dv-series` — 20.0x146.9 — under the 24 dense-case minimum (rect w/h attrs) (s116-D1: marks carry the 24 floor, not the 44 target); DATA MARK `rect.dv-series` — 20.0x177.1 — under the 24 dense-case minimum (rect w/h attrs) (s116-D1: marks carry the 24 floor, not the 44 target); DATA MARK `rect.dv-series` — 20.0x38.9 — under the 24 dense-case minimum (rect w/h attrs) (s116-D1: marks carry the 24 floor, not the 44 target); DATA MARK `rect.dv-series` — 20.0x51.8 — under the 24 dense-case minimum (rect w/h attrs) (s116-D1: marks carry the 24 floor, not the 44 target); DATA MARK `rect.dv-series` — 20.0x30.2 — under the 24 dense-case minimum (rect w/h attrs) (s116-D1: marks carry the 24 floor, not the 44 target); DATA MARK `rect.dv-series` — 20.0x86.4 — under the 24 dense-case minimum (rect w/h attrs) (s116-D1: marks carry the 24 floor, not the 44 target); DATA MARK `rect.dv-series` — 20.0x112.3 — under the 24 dense-case minimum (rect w/h attrs) (s116-D1: marks carry the 24 floor, not the 44 target); DATA MARK `rect.dv-series` — 20.0x99.4 — under the 24 dense-case minimum (rect w/h attrs) (s116-D1: marks carry the 24 floor, not the 44 target); DATA MARK `rect.dv-series` — 20.0x198.7 — under the 24 dense-case minimum (rect w/h attrs) (s116-D1: marks carry the 24 floor, not the 44 target); DATA MARK `rect.dv-series` — 20.0x151.2 — under the 24 dense-case minimum (rect w/h attrs) (s116-D1: marks carry the 24 floor, not the 44 target); DATA MARK `rect.dv-series` — 20.0x129.6 — under the 24 dense-case minimum (rect w/h attrs) (s116-D1: marks carry the 24 floor, not the 44 target); DATA MARK `rect.dv-series` — 20.0x47.5 — under the 24 dense-case minimum (rect w/h attrs) (s116-D1: marks carry the 24 floor, not the 44 target); DATA MARK `rect.dv-series` — 20.0x99.4 — under the 24 dense-case minimum (rect w/h attrs) (s116-D1: marks carry the 24 floor, not the 44 target); DATA MARK `rect.dv-series` — 20.0x82.1 — under the 24 dense-case minimum (rect w/h attrs) (s116-D1: marks carry the 24 floor, not the 44 target))
2026-09-27T11:48:02.2829309Z ## payments-journey.canon.html
2026-09-27T11:48:02.2830479Z - receipt: UNPROVEN:NO-RECEIPT — this page carries no #provenance-receipt, so nothing about its provenance was measured. Mint one with `python3 knowledge/gen_provenance_receipt.py --mint <path>`; run with --receipt-strict to make this block.
2026-09-27T11:48:02.2831437Z - compose: ✅
2026-09-27T11:48:02.2831706Z - composition: n/a — no .c-bento on this page
2026-09-27T11:48:02.2832054Z - icon-source: ✅ all paths library-matched
2026-09-27T11:48:02.2832457Z - a11y: ✅
2026-09-27T11:48:02.2832749Z ## sme-payments-desktop.canon.html
2026-09-27T11:48:02.2833930Z - receipt: UNPROVEN:NO-RECEIPT — this page carries no #provenance-receipt, so nothing about its provenance was measured. Mint one with `python3 knowledge/gen_provenance_receipt.py --mint <path>`; run with --receipt-strict to make this block.
2026-09-27T11:48:02.2835069Z - compose: ✅
2026-09-27T11:48:02.2835329Z - composition: n/a — no .c-bento on this page
2026-09-27T11:48:02.2835670Z - icon-source: ✅ all paths library-matched
2026-09-27T11:48:02.2835941Z - a11y: ✅
2026-09-27T11:48:02.2836142Z ## sme-payments-swiss.canon.html
2026-09-27T11:48:02.2837328Z - receipt: UNPROVEN:NO-RECEIPT — this page carries no #provenance-receipt, so nothing about its provenance was measured. Mint one with `python3 knowledge/gen_provenance_receipt.py --mint <path>`; run with --receipt-strict to make this block.
2026-09-27T11:48:02.2838262Z - compose: ✅
2026-09-27T11:48:02.2838526Z - composition: n/a — no .c-bento on this page
2026-09-27T11:48:02.2838865Z - icon-source: ✅ all paths library-matched
2026-09-27T11:48:02.2839133Z - a11y: ✅
2026-09-27T11:48:02.2839324Z ## sme-payments.canon.html
2026-09-27T11:48:02.2840370Z - receipt: UNPROVEN:NO-RECEIPT — this page carries no #provenance-receipt, so nothing about its provenance was measured. Mint one with `python3 knowledge/gen_provenance_receipt.py --mint <path>`; run with --receipt-strict to make this block.
2026-09-27T11:48:02.2841295Z - compose: ✅
2026-09-27T11:48:02.2841548Z - composition: n/a — no .c-bento on this page
2026-09-27T11:48:02.2841880Z - icon-source: ✅ all paths library-matched
2026-09-27T11:48:02.2842149Z - a11y: ✅
2026-09-27T11:48:02.2842266Z 
2026-09-27T11:48:02.2842574Z RESULT: PASS ✅
2026-09-27T11:48:02.3043602Z COULD-NOT-ASK: _validate_state_contrast.py — the 'playwright' module is not installed (ModuleNotFoundError("No module named 'playwright'")) — this gate cannot be proven without it; run `pip install playwright && playwright install chromium` ⇒ THIS IS NOT A SKIP: these arms (including the s152-D1 mutation control) run BLOCKING in the `render` job of .github/workflows/gates.yml, which installs chromium — that job is where this gate's proof of record lives. Nothing here is claimed green; the question was unaskable on this box.
2026-09-27T11:48:02.3434363Z COULD-NOT-ASK: _validate_state_contrast.py — the 'playwright' module is not installed (ModuleNotFoundError("No module named 'playwright'")) — this gate cannot be proven without it; run `pip install playwright && playwright install chromium` ⇒ THIS IS NOT A SKIP: these arms (including the s152-D1 mutation control) run BLOCKING in the `render` job of .github/workflows/gates.yml, which installs chromium — that job is where this gate's proof of record lives. Nothing here is claimed green; the question was unaskable on this box.
2026-09-27T11:48:02.3473143Z 
2026-09-27T11:48:02.3473970Z === [1/152] compliance knowledge graph — compliance/_build_compliance_kg.py ===
2026-09-27T11:48:02.3474521Z 
2026-09-27T11:48:02.3474989Z === [2/152] token blast-radius + graph report — tokens/_build_blast_radius.py ===
2026-09-27T11:48:02.3475436Z 
2026-09-27T11:48:02.3476203Z === [3/152] token blast-radius + graph report — determinism/staleness check (#79 P6) — tokens/_build_blast_radius.py ===
2026-09-27T11:48:02.3477084Z 
2026-09-27T11:48:02.3477901Z === [4/152] token blast-radius + graph report selftest (#79 P6) — tokens/_build_blast_radius.py ===
2026-09-27T11:48:02.3478604Z 
2026-09-27T11:48:02.3479109Z === [5/152] guideline rules index (gate) — guidelines/gen_rules_index.py ===
2026-09-27T11:48:02.3479678Z 
2026-09-27T11:48:02.3480112Z === [6/152] runbook index (generated) — gen_runbook_index.py ===
2026-09-27T11:48:02.3480591Z 
2026-09-27T11:48:02.3481223Z === [7/152] standing-instructions reachability gate — _validate_standing_instructions.py ===
2026-09-27T11:48:02.3481915Z 
2026-09-27T11:48:02.3482943Z === [8/152] help-gate — no entry point may write before it reads argv (#158 class gate) — _validate_help_gate.py ===
2026-09-27T11:48:02.3483799Z 
2026-09-27T11:48:02.3484457Z === [9/152] help-gate selftest — 5 mutation bites (#158 class gate) — _validate_help_gate.py ===
2026-09-27T11:48:02.3485543Z 
2026-09-27T11:48:02.3486101Z === [10/152] assertion veracity gate — claims that can rot — _validate_assertions.py ===
2026-09-27T11:48:02.3486700Z 
2026-09-27T11:48:02.3487444Z ⊘ step 'assertion veracity gate — claims that can rot' COULD-NOT-ASK (exit 77) — declared refusal, build continues
2026-09-27T11:48:02.3488200Z 
2026-09-27T11:48:02.3488990Z === [11/152] assertion veracity selftest — verbs bite + registry well-formed (#77 periphery) — _validate_assertions.py ===
2026-09-27T11:48:02.3489792Z 
2026-09-27T11:48:02.3490746Z === [12/152] capture/provenance gate — status+provenance on new notes+dossiers (Memento §4.1) — _capture_gate.py ===
2026-09-27T11:48:02.3491521Z 
2026-09-27T11:48:02.3491995Z === [13/152] capture/provenance selftest (Memento §4.1) — _capture_gate.py ===
2026-09-27T11:48:02.3492713Z 
2026-09-27T11:48:02.3493517Z ⊘ step 'capture/provenance selftest (Memento §4.1)' COULD-NOT-ASK (exit 77) — declared refusal, build continues
2026-09-27T11:48:02.3494257Z 
2026-09-27T11:48:02.3495053Z === [14/152] gauge-tokens selftest -- counting path + cache + degraded-measurement honesty (#79 P5) — _gauge_tokens.py ===
2026-09-27T11:48:02.3495882Z 
2026-09-27T11:48:02.3496317Z === [15/152] roll-state measurer selftest (#77 T1) — _roll_state.py ===
2026-09-27T11:48:02.3496800Z 
2026-09-27T11:48:02.3497461Z === [16/152] commit-seam harness — _git_commit.sh fixture-repo arms (#78-D1 P1) — _test_git_commit.py ===
2026-09-27T11:48:02.3498138Z 
2026-09-27T11:48:02.3498652Z === [17/152] GM/LS mover selftest — hardened move mechanics (M5) — _gm_move.py ===
2026-09-27T11:48:02.3499195Z 
2026-09-27T11:48:02.3499678Z === [18/152] section-usage instrumentation selftest (#23) — _gm_usage.py ===
2026-09-27T11:48:02.3500192Z 
2026-09-27T11:48:02.3500671Z === [19/152] lane records — regenerate LS §🛤 view (O1′ #24) — _gen_lanes.py ===
2026-09-27T11:48:02.3501195Z 
2026-09-27T11:48:02.3501610Z === [20/152] lane records determinism check (O1′ #24) — _gen_lanes.py ===
2026-09-27T11:48:02.3502093Z 
2026-09-27T11:48:02.3502994Z === [21/152] lane records selftest — schema refusals + routing contract (O1′ #24) — _gen_lanes.py ===
2026-09-27T11:48:02.3503661Z 
2026-09-27T11:48:02.3504035Z === [22/152] cross-reference index — _build_xref_index.py ===
2026-09-27T11:48:02.3504458Z 
2026-09-27T11:48:02.3504930Z === [23/152] sutherland acceptance fixtures — _build_sutherland_fixtures.py ===
2026-09-27T11:48:02.3505478Z 
2026-09-27T11:48:02.3505949Z === [24/152] states-completeness probe (advisory) — _build_states_probe.py ===
2026-09-27T11:48:02.3506501Z 
2026-09-27T11:48:02.3507462Z === [25/152] worklist store gate — open items state what would close them; optional priority_override is Dave's (#88 store, wired #165) — _state.py ===
2026-09-27T11:48:02.3508415Z 
2026-09-27T11:48:02.3509353Z === [26/152] worklist store selftest — schema presence gates incl. priority_override / deadline / effort (#165, extended #166) — _state.py ===
2026-09-27T11:48:02.3510262Z 
2026-09-27T11:48:02.3510966Z === [27/152] decision-graph — typed edges + conflict gate (advisory, ADR-0012) — _build_decision_graph.py ===
2026-09-27T11:48:02.3511706Z 
2026-09-27T11:48:02.3512838Z === [28/152] decision-graph selftest — conflict gate bites on unresolved/open/orphan (ADR-0012, #77 periphery) — _build_decision_graph.py ===
2026-09-27T11:48:02.3513786Z 
2026-09-27T11:48:02.3514492Z === [29/152] spine-writer selftest — splice invariants + no-half-writes (#78-D2) — _build_live_state.py ===
2026-09-27T11:48:02.3515213Z 
2026-09-27T11:48:02.3516001Z === [30/152] _LIVE-STATE staleness gate + lifecycle-block generation (advisory, ADR-0007) — _build_live_state.py ===
2026-09-27T11:48:02.3516765Z 
2026-09-27T11:48:02.3517266Z === [31/152] advisory signals — prose rules (advisory) — _validate_advisory.py ===
2026-09-27T11:48:02.3517816Z 
2026-09-27T11:48:02.3518139Z === [32/152] review queue — _build_review_queue.py ===
2026-09-27T11:48:02.3518522Z 
2026-09-27T11:48:02.3518926Z === [33/152] dark-mode coverage audit — _build_dark_mode_audit.py ===
2026-09-27T11:48:02.3519400Z 
2026-09-27T11:48:02.3520118Z === [34/152] text/icon contrast audit — _build_surface_contrast_audit.py ===
2026-09-27T11:48:02.3520641Z 
2026-09-27T11:48:02.3521185Z === [35/152] indicator/accent contrast audit — _build_indicator_contrast_audit.py ===
2026-09-27T11:48:02.3521766Z 
2026-09-27T11:48:02.3522343Z === [36/152] icon contrast delta — brand 4.5 vs 3 (advisory) — _build_icon_contrast_delta.py ===
2026-09-27T11:48:02.3523220Z 
2026-09-27T11:48:02.3523898Z === [37/152] dark-surface flatness gate — _validate_dark_surfaces.py ===
2026-09-27T11:48:02.3524415Z 
2026-09-27T11:48:02.3525213Z === [38/152] component-partials sync — AUTO-PARTIAL injection + contracts (ADR-0013) — gen_component_partials.py ===
2026-09-27T11:48:02.3526025Z 
2026-09-27T11:48:02.3526572Z === [39/152] component-partials selftest (ADR-0013) — gen_component_partials.py ===
2026-09-27T11:48:02.3527177Z 
2026-09-27T11:48:02.3527822Z === [40/152] token-set distribution sync — AUTO-TOKENS injection (s121-D1) — gen_token_ramp.py ===
2026-09-27T11:48:02.3528510Z 
2026-09-27T11:48:02.3528998Z === [41/152] token-set distribution selftest (s121-D1) — gen_token_ramp.py ===
2026-09-27T11:48:02.3529526Z 
2026-09-27T11:48:02.3530255Z === [42/152] Behaviour contract gate — dv-behaviour size + banned patterns (ADR-0015) — _validate_behaviour.py ===
2026-09-27T11:48:02.3531003Z 
2026-09-27T11:48:02.3531505Z === [43/152] Behaviour contract selftest (ADR-0015) — _validate_behaviour.py ===
2026-09-27T11:48:02.3532053Z 
2026-09-27T11:48:02.3533071Z === [44/152] canon components — regenerate from snippets (ADR-0013 ruling 4) — canon/gen_canon_components.py ===
2026-09-27T11:48:02.3533879Z 
2026-09-27T11:48:02.3534576Z === [45/152] canon components determinism check (ADR-0013 ruling 4) — canon/gen_canon_components.py ===
2026-09-27T11:48:02.3535282Z 
2026-09-27T11:48:02.3535822Z === [46/152] partial re-implementation ratchet (ADR-0013) — _validate_partials.py ===
2026-09-27T11:48:02.3536411Z 
2026-09-27T11:48:02.3536924Z === [47/152] partial-ratchet selftest (ADR-0013) — _validate_partials.py ===
2026-09-27T11:48:02.3537493Z 
2026-09-27T11:48:02.3538284Z === [48/152] token projection sync — snippets/tranches/canon literals (gen_snippet_tokens) — gen_snippet_tokens.py ===
2026-09-27T11:48:02.3539084Z 
2026-09-27T11:48:02.3539398Z === [49/152] snippet gate — _validate_snippets.py ===
2026-09-27T11:48:02.3539785Z 
2026-09-27T11:48:02.3540427Z === [50/152] theme cascade sync — [data-apollo-theme] layer (ADR-0011) — canon/gen_theme_cascade.py ===
2026-09-27T11:48:02.3541221Z 
2026-09-27T11:48:02.3541738Z === [51/152] theme cascade selftest (ADR-0014) — canon/gen_theme_cascade.py ===
2026-09-27T11:48:02.3542295Z 
2026-09-27T11:48:02.3543333Z === [52/152] state-snap gate — opacity states snap to the active theme's ramp (ADR-0014) — _validate_state_snap.py ===
2026-09-27T11:48:02.3544102Z 
2026-09-27T11:48:02.3544585Z === [53/152] state-snap selftest (ADR-0014) — _validate_state_snap.py ===
2026-09-27T11:48:02.3545109Z 
2026-09-27T11:48:02.3545950Z === [54/152] stale-queue gate — §C·1 qprobe claims re-measured vs disk + git (BLOCKING, #198) — _validate_queue_fresh.py ===
2026-09-27T11:48:02.3546794Z 
2026-09-27T11:48:02.3547618Z === [55/152] stale-queue selftest — 13 bites incl. both mutation directions + scope (#196) — _validate_queue_fresh.py ===
2026-09-27T11:48:02.3548435Z 
2026-09-27T11:48:02.3549350Z === [56/152] palette-tier gate — every theme names a palette per family, no divergent hand-carry (s157-D2) — _validate_palette_tier.py ===
2026-09-27T11:48:02.3550255Z 
2026-09-27T11:48:02.3550856Z === [57/152] palette-tier selftest — 10 mutation bites (s157-D2) — _validate_palette_tier.py ===
2026-09-27T11:48:02.3551489Z 
2026-09-27T11:48:02.3552271Z === [58/152] radius gate — no hardcoded border-radius; shape is a theme flex slot (ADR-0010) — _validate_radius.py ===
2026-09-27T11:48:02.3553332Z 
2026-09-27T11:48:02.3553978Z === [59/152] showroom sync — generated component library (RULED 2026-07-21) — gen_showroom.py ===
2026-09-27T11:48:02.3554657Z 
2026-09-27T11:48:02.3555634Z === [60/152] showroom URL-rebase selftest — the srcdoc base-URL trap (2026-07-27) — gen_showroom.py ===
2026-09-27T11:48:02.3556347Z 
2026-09-27T11:48:02.3557050Z === [61/152] dashboard sync — generated progress dashboard (RULED #164, built #165) — gen_dashboard.py ===
2026-09-27T11:48:02.3557790Z 
2026-09-27T11:48:02.3558769Z ⊘ step 'dashboard sync — generated progress dashboard (RULED #164, built #165)' COULD-NOT-ASK (exit 77) — declared refusal, build continues
2026-09-27T11:48:02.3559691Z 
2026-09-27T11:48:02.3560690Z === [62/152] Legacy-colour leakage gate (Mono) — no Legacy-only colour in a Mono surface — _validate_legacy_leak.py ===
2026-09-27T11:48:02.3561515Z 
2026-09-27T11:48:02.3562735Z === [63/152] theme-provenance gate (ADR-0011/R-D19) — no foreign-theme hex in a Mono surface (advisory) — _validate_theme_provenance.py ===
2026-09-27T11:48:02.3563651Z 
2026-09-27T11:48:02.3564147Z === [64/152] token-tier gate (_STANDARDS.md §1) — _validate_token_tiers.py ===
2026-09-27T11:48:02.3564673Z 
2026-09-27T11:48:02.3565035Z === [65/152] icon-source gate — _validate_icons.py ===
2026-09-27T11:48:02.3565440Z 
2026-09-27T11:48:02.3565750Z === [66/152] a11y gate — _validate_a11y.py ===
2026-09-27T11:48:02.3566118Z 
2026-09-27T11:48:02.3566632Z === [67/152] a11y target-measurement selftest (s114-D5) — _validate_a11y.py ===
2026-09-27T11:48:02.3567200Z 
2026-09-27T11:48:02.3568011Z === [68/152] hit-area gate — 44px minimum, rendered geometry (ADVISORY, built #203, wired #209) — _validate_hit_area.py ===
2026-09-27T11:48:02.3568866Z 
2026-09-27T11:48:02.3569879Z ⊘ step 'hit-area gate — 44px minimum, rendered geometry (ADVISORY, built #203, wired #209)' COULD-NOT-ASK (exit 77) — declared refusal, build continues
2026-09-27T11:48:02.3570900Z 
2026-09-27T11:48:02.3571457Z === [69/152] wiring gate — no orphaned validators (#118 seam) — _validate_wiring.py ===
2026-09-27T11:48:02.3572063Z 
2026-09-27T11:48:02.3572767Z === [70/152] wiring gate selftest — 4 bites — _validate_wiring.py ===
2026-09-27T11:48:02.3573269Z 
2026-09-27T11:48:02.3573760Z === [71/152] compose gate (orphan wired #119) — _validate_compose.py ===
2026-09-27T11:48:02.3574251Z 
2026-09-27T11:48:02.3574986Z === [72/152] screen gate — compose+icons+a11y over fitness fixtures (re-wired #120) — _validate_screen.py ===
2026-09-27T11:48:02.3575756Z 
2026-09-27T11:48:02.3576589Z === [73/152] state-contrast gate — driven hover/pressed, light+dark (un-exempted #125) — _validate_state_contrast.py ===
2026-09-27T11:48:02.3577423Z 
2026-09-27T11:48:02.3578454Z ⊘ step 'state-contrast gate — driven hover/pressed, light+dark (un-exempted #125)' COULD-NOT-ASK (exit 77) — declared refusal, build continues
2026-09-27T11:48:02.3579435Z 
2026-09-27T11:48:02.3580249Z === [74/152] state-contrast gate selftest — paint stack, report arithmetic, named args — _validate_state_contrast.py ===
2026-09-27T11:48:02.3581048Z 
2026-09-27T11:48:02.6077486Z ⊘ step 'state-contrast gate selftest — paint stack, report arithmetic, named args' COULD-NOT-ASK (exit 77) — declared refusal, build continuesTYPE RATCHET PASS — debt shrank 1091 -> 1089; baseline ratcheted down.
2026-09-27T11:48:02.6344975Z selftest OK — ramp from type.css: sizes [12.0, 14.0, 16.0, 20.0, 24.0, 28.0, 32.0, 40.0, 52.0] weights [250, 300, 350, 400, 500, 700]; catches raw decls + off-ramp; exempts chrome/vars/inherit/sentinel block.
2026-09-27T11:48:02.6897109Z coverage gate: 137 meta(s) / 137 snippet(s), 0 failure(s)
2026-09-27T11:48:02.7498580Z   [PASS] _proforma/DataViz-interactive.html  ({'hardcode_leaks': 0, 'real_icons': 0, 'provisional': [], 'refs': '0/0', 'asset_paths': '0/0 real', 'allcaps': 0})
2026-09-27T11:48:02.7500615Z   [PASS] _proforma/Masthead-interactive.html  ({'hardcode_leaks': 0, 'real_icons': 45, 'provisional': ['i-brand-apollo'], 'refs': '14/14', 'asset_paths': '45/45 real', 'allcaps': 0})
2026-09-27T11:48:02.7502870Z   [PASS] _proforma/Tranche-1-interactive.html  ({'hardcode_leaks': 0, 'real_icons': 11, 'provisional': [], 'refs': '10/10', 'asset_paths': '11/11 real', 'allcaps': 0})
2026-09-27T11:48:02.7505251Z   [PASS] _proforma/Tranche-2-interactive.html  ({'hardcode_leaks': 0, 'real_icons': 39, 'provisional': [], 'refs': '11/11', 'asset_paths': '39/39 real', 'allcaps': 0})
2026-09-27T11:48:02.7507208Z   [PASS] _proforma/Tranche-3-interactive.html  ({'hardcode_leaks': 0, 'real_icons': 39, 'provisional': [], 'refs': '3/3', 'asset_paths': '39/39 real', 'allcaps': 0})
2026-09-27T11:48:02.7509458Z   [PASS] _proforma/Tranche-4-interactive.html  ({'hardcode_leaks': 0, 'real_icons': 39, 'provisional': [], 'refs': '7/7', 'asset_paths': '39/39 real', 'allcaps': 0})
2026-09-27T11:48:02.7511518Z   [PASS] _proforma/Tranche-5-interactive.html  ({'hardcode_leaks': 0, 'real_icons': 39, 'provisional': [], 'refs': '14/14', 'asset_paths': '39/39 real', 'allcaps': 0})
2026-09-27T11:48:02.7513676Z   [PASS] _proforma/Tranche-6-interactive.html  ({'hardcode_leaks': 0, 'real_icons': 40, 'provisional': [], 'refs': '7/7', 'asset_paths': '40/40 real', 'allcaps': 0})
2026-09-27T11:48:02.7515618Z   [PASS] _proforma/Tranche-7-interactive.html  ({'hardcode_leaks': 0, 'real_icons': 44, 'provisional': [], 'refs': '14/14', 'asset_paths': '44/44 real', 'allcaps': 0})
2026-09-27T11:48:02.7517650Z   [PASS] _proforma/Tranche-8-interactive.html  ({'hardcode_leaks': 0, 'real_icons': 57, 'provisional': [], 'refs': '23/23', 'asset_paths': '57/57 real', 'allcaps': 0})
2026-09-27T11:48:02.7519637Z   [PASS] _proforma/Tranche-9-interactive.html  ({'hardcode_leaks': 0, 'real_icons': 10, 'provisional': [], 'refs': '6/6', 'asset_paths': '10/10 real', 'allcaps': 0})
2026-09-27T11:48:02.7520796Z 
2026-09-27T11:48:02.7521536Z ✅ pro-forma universal gate passed (11 tranche file(s)).
2026-09-27T11:48:02.7807853Z   [PASS] _proforma/DataViz-interactive.html
2026-09-27T11:48:02.7808268Z   [PASS] _proforma/Masthead-interactive.html
2026-09-27T11:48:02.7808649Z   [PASS] _proforma/Tranche-1-interactive.html
2026-09-27T11:48:02.7809010Z   [PASS] _proforma/Tranche-2-interactive.html
2026-09-27T11:48:02.7809360Z   [PASS] _proforma/Tranche-3-interactive.html
2026-09-27T11:48:02.7809727Z   [PASS] _proforma/Tranche-4-interactive.html
2026-09-27T11:48:02.7810067Z   [PASS] _proforma/Tranche-5-interactive.html
2026-09-27T11:48:02.7810401Z   [PASS] _proforma/Tranche-6-interactive.html
2026-09-27T11:48:02.7810736Z   [PASS] _proforma/Tranche-7-interactive.html
2026-09-27T11:48:02.7811068Z   [PASS] _proforma/Tranche-8-interactive.html
2026-09-27T11:48:02.7811402Z   [PASS] _proforma/Tranche-9-interactive.html
2026-09-27T11:48:02.7811627Z 
2026-09-27T11:48:02.7812007Z ✅ CSS-governed gate passed (11 tranche file(s)).
2026-09-27T11:48:02.8365624Z   [PASS] _proforma/DataViz-interactive.html
2026-09-27T11:48:02.8366215Z   [PASS] _proforma/Masthead-interactive.html
2026-09-27T11:48:02.8366705Z   [PASS] _proforma/Tranche-1-interactive.html
2026-09-27T11:48:02.8367175Z   [PASS] _proforma/Tranche-2-interactive.html
2026-09-27T11:48:02.8367634Z   [PASS] _proforma/Tranche-3-interactive.html
2026-09-27T11:48:02.8368087Z   [PASS] _proforma/Tranche-4-interactive.html
2026-09-27T11:48:02.8368538Z   [PASS] _proforma/Tranche-5-interactive.html
2026-09-27T11:48:02.8369020Z   [PASS] _proforma/Tranche-6-interactive.html
2026-09-27T11:48:02.8369469Z   [PASS] _proforma/Tranche-7-interactive.html
2026-09-27T11:48:02.8369915Z   [PASS] _proforma/Tranche-8-interactive.html
2026-09-27T11:48:02.8370361Z   [PASS] _proforma/Tranche-9-interactive.html
2026-09-27T11:48:02.8370657Z 
2026-09-27T11:48:02.8371055Z ✅ No-hardcode gate passed (11 tranche file(s)).
2026-09-27T11:48:03.1196452Z selftest OK — exempts font-size/letter/radius + hairline(1/3)/negative/square; catches off-grid height/padding.
2026-09-27T11:48:03.1198016Z   ✗ off-grid: padding: 7px  (knowledge/canon/canon.css) — not a 4px multiple
2026-09-27T11:48:03.1199177Z   ✗ off-grid: padding: 7px  (knowledge/canon/canon.css) — not a 4px multiple
2026-09-27T11:48:03.1200145Z   ✗ off-grid: padding: 7px  (knowledge/canon/canon.css) — not a 4px multiple
2026-09-27T11:48:03.1200908Z   ✗ off-grid: padding: 7px  (knowledge/snippets/Navigations.reference.html) — not a 4px multiple
2026-09-27T11:48:03.1202164Z   ✗ off-grid: padding: 7px  (knowledge/snippets/Sidebar-nav.reference.html) — not a 4px multiple
2026-09-27T11:48:03.1203618Z   ✗ off-grid: padding: 7px  (knowledge/snippets/Tab-bar.reference.html) — not a 4px multiple
2026-09-27T11:48:03.1204061Z 
2026-09-27T11:48:03.1204247Z GRID GATE FAIL — 6 off-grid layout value(s).
2026-09-27T11:48:03.1843633Z   [PASS] class         .btn (26)
2026-09-27T11:48:03.1844236Z   [PASS] scoped-element .seg button (14)
2026-09-27T11:48:03.1845092Z   [PASS] class         .stateLabel (12)
2026-09-27T11:48:03.1845601Z   [PASS] class         .status (12)
2026-09-27T11:48:03.1846086Z   [PASS] class         .chip (9)
2026-09-27T11:48:03.1846559Z   [PASS] scoped-element .seg.sm button (6)
2026-09-27T11:48:03.1847073Z   [PASS] class         .spec-h (5)
2026-09-27T11:48:03.1847535Z   [PASS] class         .label (4)
2026-09-27T11:48:03.1847855Z   [PASS] scoped-element .search input (4)
2026-09-27T11:48:03.1848177Z   [PASS] class         .badge (3)
2026-09-27T11:48:03.1848492Z   [PASS] class         .confirm .btn (3)
2026-09-27T11:48:03.1848805Z   [PASS] class         .eyebrow (3)
2026-09-27T11:48:03.1849107Z   [PASS] class         .avatar (2)
2026-09-27T11:48:03.1849405Z   [PASS] class         .hero .cta (2)
2026-09-27T11:48:03.1849722Z   [PASS] class         .pg .ctrl (2)
2026-09-27T11:48:03.1850043Z   [PASS] class         .qbtn (2)
2026-09-27T11:48:03.1850352Z   [PASS] scoped-element .pg a (2)
2026-09-27T11:48:03.1850689Z   [PASS] scoped-element .seg.l button (2)
2026-09-27T11:48:03.1851040Z   [PASS] scoped-element .seg.md button (2)
2026-09-27T11:48:03.1851390Z   [PASS] class         .action-bar .btn (1)
2026-09-27T11:48:03.1851721Z   [PASS] class         .loader (1)
2026-09-27T11:48:03.1852008Z   [PASS] class         .sim (1)
2026-09-27T11:48:03.1852285Z   [PASS] class         .time (1)
2026-09-27T11:48:03.1852757Z   [PASS] scoped-element .nav button (1)
2026-09-27T11:48:03.1853122Z   [PASS] scoped-element .note.global .actions button (1)
2026-09-27T11:48:03.1853504Z   [PASS] scoped-element .seg.lg button (1)
2026-09-27T11:48:03.1853826Z   [PASS] scoped-element nav.main a (1)
2026-09-27T11:48:03.1854151Z   [PASS] class         .tabbar .tabbar__item (0)
2026-09-27T11:48:03.1854382Z 
2026-09-27T11:48:03.1854915Z ✅ type-binding blast-radius gate passed (28 appended selector(s), corpus 151 files).
2026-09-27T11:48:04.6621719Z selftest OK — flags un-overridden ellipsis labels; accepts text-text / overflow-visible / same-rule / comma-group overrides; ignores containers + sr-only.
2026-09-27T11:48:04.6624133Z selftest OK (specificity leg) — :is()/:not()/:has()/:where() resolved; cascade-dead single-class override caught where leg 1 is blind; two-class form accepted.
2026-09-27T11:48:04.6624984Z 
2026-09-27T11:48:04.6626018Z ✓ SPECIFICITY RATCHET AT ZERO — canon/canon.css: no cascade-dead descender override. The scope classes are specificity-neutral (`:where()`); every ds-005 override wins its cascade. Any regression here is now a RED build, not a report.
2026-09-27T11:48:04.6628028Z DESCENDER-CLIP GATE PASS — every truncating label is descender-safe AND every descender-safe override wins its cascade (153 file(s)).
2026-09-27T11:48:05.0557517Z == _validate_kg.py — KG edge parse-gate (s131-D2 / s133-D1 / s135-D4) ==
2026-09-27T11:48:05.0558364Z metas checked: 139
2026-09-27T11:48:05.0558958Z ref:null + $note (declared, awaiting Dave's-eye migration): 90
2026-09-27T11:48:05.0560586Z resolutions consumed (s135-D4, KG-REVIEW-VERDICTS-2026-08-08-s135-v1.json): 82 ruled verdicts asserted present (MERGE 5 / PROMOTE 52 / ATTACH 25)
2026-09-27T11:48:05.0561580Z 
2026-09-27T11:48:05.0563008Z _validate_kg.py: OK — every ref parses+resolves, every null carries a note, every meta has provenance, edges match schema, gen_kg_edges.py is idempotent-clean, and the s135-D4 resolutions input was consumed.
2026-09-27T11:48:05.1105908Z [OK] selftest corpus is isolated (3 metas seen, none from the live tree)
2026-09-27T11:48:05.1107095Z [OK] arm 1 — deliberately broken ref FAILS
2026-09-27T11:48:05.1108113Z [OK] arm 2 — legal ref:null + $note on meta A does not fail, and is counted
2026-09-27T11:48:05.1109435Z [OK] arm 2b — every OTHER legal ref on meta A resolves clean (renderedBy/commonPattern/governedBy)
2026-09-27T11:48:05.1110342Z [OK] arm 3 — meta missing `provenance` FAILS
2026-09-27T11:48:05.1110742Z [OK] selftest never touched the live corpus
2026-09-27T11:48:05.1111015Z 
2026-09-27T11:48:05.1111116Z selftest OK.
2026-09-27T11:48:05.2415918Z gen_kg_tokens --check OK — 43 token: groups (36 bound) · 835 bindsToken · in sync
2026-09-27T11:48:05.9629775Z   OK   bite 1 — every node is token:<group> at group grain — no leaf id carries a '/'
2026-09-27T11:48:05.9630451Z   OK   bite 2 — every node's tier is one of D-5(a)'s four
2026-09-27T11:48:05.9631073Z   OK   bite 3 — every bindsToken runs component: -> a token: node that exists
2026-09-27T11:48:05.9631630Z   OK   bite 4 — no (component, group) pair twice
2026-09-27T11:48:05.9632284Z   OK   bite 5 — MUTATION: planting alpha/… in Chart-boxplot mints ONE bindsToken to token:alpha
2026-09-27T11:48:05.9633461Z   OK   bite 6 — MUTATION: an unknown group 'zzplanted' adds no node and no edge, and IS counted unresolved
2026-09-27T11:48:05.9634353Z   OK   bite 7 — MUTATION: --land REFUSES with no id, a malformed id and an absent id, and writes no file
2026-09-27T11:48:05.9635136Z gen_kg_tokens --check OK — 43 token: groups (36 bound) · 835 bindsToken · in sync
2026-09-27T11:48:05.9636158Z gen_kg_tokens --check: STALE — _token_nodes.json differs from a fresh compute. Run: python3 knowledge/gen_kg_tokens.py --land --ratified s277-D12
2026-09-27T11:48:05.9637156Z   OK   bite 8 — MUTATION: --check is 0 on a fresh landing and 1 after a meta moves under it
2026-09-27T11:48:05.9637684Z gen_kg_tokens selftest: 8 bite(s), 0 fail(s)
2026-09-27T11:48:06.3483971Z gen_kg_titles --check OK — {'rule': 473, 'ruling': 638, 'session': 92} titled · 0 untitled · in sync
2026-09-27T11:48:08.1346695Z   OK   bite 1 — SHOUTING is lowered to corpus casing; an acronym the corpus never lowers (SC) keeps its caps: 'The SC badge is fine'
2026-09-27T11:48:08.1347837Z   OK   bite 2 — ruling/session ids and id-bearing parentheticals are removed: 'The ceiling has its value'
2026-09-27T11:48:08.1348696Z   OK   bite 3 — a long clause is capped at 60 characters on a word boundary with an ellipsis
2026-09-27T11:48:08.1349527Z   OK   bite 4 — a text that is ONLY ids yields no title (the node keeps its code, never an empty label)
2026-09-27T11:48:08.1350309Z   OK   bite 5 — a rule's internal code (`CA-7 —`) is dropped and the first clause kept
2026-09-27T11:48:08.1351211Z   OK   bite 6 — `ruled` that is only a session or record reference (`#167`, `GM-D7-am / #33`) falls back to `says`; a headline is used
2026-09-27T11:48:08.1352167Z   OK   bite 7 — deterministic: two computes are byte-identical, and the rulings store is not written
2026-09-27T11:48:08.1354753Z   OK   bite 8 — every ruling, every rule with text and every minted session is titled or listed untitled
2026-09-27T11:48:08.1355921Z   OK   bite 9 — every label starts with its own code and every title is at most 60 characters
2026-09-27T11:48:08.1356753Z gen_kg_titles --check OK — {'rule': 473, 'ruling': 638, 'session': 92} titled · 0 untitled · in sync
2026-09-27T11:48:08.1357734Z gen_kg_titles --check: STALE — _node_titles.json differs from a fresh compute. Run: python3 knowledge/gen_kg_titles.py --write
2026-09-27T11:48:08.1358657Z   OK   bite 10 — MUTATION: --check is 0 when fresh and 1 after a ruling's text moves under it
2026-09-27T11:48:08.1359458Z   OK   bite 11 — apply_titles replaces a bare-code label only, never a label someone already wrote
2026-09-27T11:48:08.1360696Z   OK   bite 12 — a session counts the rulings the explorer lists for it (ruled starts #n with no digit after — #n, #n-Dk, '#n (…)' — OR id s<n>-), dates as a range; #7 never counts #77's
2026-09-27T11:48:08.1361565Z gen_kg_titles selftest: 12 bite(s), 0 fail(s)
2026-09-27T11:48:08.6325478Z _validate_token_forks.py - FORK-BAN GATE (s136-D1 clause D)
2026-09-27T11:48:08.6326394Z   glob      : knowledge/canon/*.css  (2 file(s))
2026-09-27T11:48:08.6326933Z   parsed    : 12636 declarations, 18336 (theme,mode,scope) contexts
2026-09-27T11:48:08.6327382Z   names     : 1022
2026-09-27T11:48:08.6327657Z     BENIGN_MODE_AXIS             53
2026-09-27T11:48:08.6327988Z     BENIGN_THEME_AND_MODE_AXIS   335
2026-09-27T11:48:08.6328326Z     BENIGN_THEME_AXIS            34
2026-09-27T11:48:08.6328645Z     FORK                         50
2026-09-27T11:48:08.6329381Z     UNIFORM                      550
2026-09-27T11:48:08.6329842Z   ledger    : knowledge/_TOKEN-FORK-LEDGER.json (51 declared fork(s))
2026-09-27T11:48:08.6330311Z   mode      : baseline
2026-09-27T11:48:08.6330482Z 
2026-09-27T11:48:08.6330619Z FORK  --cell-py  theme=mono mode=any
2026-09-27T11:48:08.6330989Z    knowledge/canon/canon.css:2887  .cn-table
2026-09-27T11:48:08.6331364Z       --cell-py: 10px   ->  10px
2026-09-27T11:48:08.6331875Z    knowledge/canon/canon.css:10696  :where(.cn-data-grid) .dg[data-density="compact"]
2026-09-27T11:48:08.6332761Z       --cell-py: 4px   ->  4px
2026-09-27T11:48:08.6332985Z 
2026-09-27T11:48:08.6333141Z FORK  --status-negative  theme=mono mode=any
2026-09-27T11:48:08.6333554Z    knowledge/canon/canon.css:7440  .cn-chart-bar
2026-09-27T11:48:08.6334020Z       --status-negative: var(--rag-error-graphic)   ->  #f3543e
2026-09-27T11:48:08.6334473Z    knowledge/canon/canon.css:9848  .cn-chart-sparkline
2026-09-27T11:48:08.6334850Z       --status-negative: var(--rag-error-ink)   ->  #da1a00
2026-09-27T11:48:08.6335091Z 
2026-09-27T11:48:08.6335201Z FORK  --status-neutral  theme=mono mode=any
2026-09-27T11:48:08.6335520Z    knowledge/canon/canon.css:7443  .cn-chart-bar
2026-09-27T11:48:08.6335908Z       --status-neutral: var(--rag-information-graphic)   ->  #6893d3
2026-09-27T11:48:08.6336324Z    knowledge/canon/canon.css:9850  .cn-chart-sparkline
2026-09-27T11:48:08.6336692Z       --status-neutral: var(--text-default)   ->  #1a1a1a
2026-09-27T11:48:08.6336922Z 
2026-09-27T11:48:08.6337047Z FORK  --status-positive  theme=mono mode=any
2026-09-27T11:48:08.6337368Z    knowledge/canon/canon.css:7442  .cn-chart-bar
2026-09-27T11:48:08.6337743Z       --status-positive: var(--rag-success-graphic)   ->  #57a369
2026-09-27T11:48:08.6338140Z    knowledge/canon/canon.css:9849  .cn-chart-sparkline
2026-09-27T11:48:08.6338513Z       --status-positive: var(--rag-success-ink)   ->  #137f3c
2026-09-27T11:48:08.6338773Z 
2026-09-27T11:48:08.6338876Z GATE RED: 4 fork(s) not in the ledger
2026-09-27T11:48:08.6704154Z   selftest keyfrm --dvf1 declarations parsed -> 0  want 0  OK
2026-09-27T11:48:08.6704860Z   selftest keyfrm --dvf1 -> None               want (no verdict)       OK
2026-09-27T11:48:08.6705449Z   selftest media  --pri-hover -> FORK               want FORK               OK
2026-09-27T11:48:08.6706053Z   selftest clean  --pri-hover -> BENIGN_THEME_AXIS  want BENIGN_THEME_AXIS  OK
2026-09-27T11:48:08.6706642Z   selftest forked --pri-hover -> FORK               want FORK               OK
2026-09-27T11:48:08.6707421Z      quoted: #db0011 vs #626262
2026-09-27T11:48:08.6707704Z selftest PASS
2026-09-27T11:48:08.7143951Z BINDS RATCHET — s136-D1 axis A (staged by s140-D1 D3)
2026-09-27T11:48:08.7144447Z   metas carrying >=1 props[].binds : 38 of 137
2026-09-27T11:48:08.7144802Z   floor (2026-08-10)                       : 33
2026-09-27T11:48:08.7146878Z   carrying: accordion, account-card, account-selector, action-bar, alert, amount-display, amount-input, avatar, back-to-top, badge, banner, button, chart-line, chart-sparkline, chart-stacked-area, countdown-timer, divider, empty-state, fab, hero, icon-button, input-fields, kpi-tile, links, list-items, loading-indicator, modals, navigations, popconfirm, segmented-control, selection-controls, skeleton-loader, slider, stat-card, status-indicator, tags, timeline, toast
2026-09-27T11:48:08.7149038Z PASS
2026-09-27T11:48:08.7547831Z DTCG GATE — s136-D1 axis A wire format
2026-09-27T11:48:08.7550418Z   note: corpus: 10 files gated, 11 excluded (EXAMPLE-tokens.json, _blast-radius.json, _icon-scale-hsbc-general.json, _spacing-hsbc-general.json, _typography-hsbc-general.json, elevation-pre-s141.json, icon-scale-pre-s141.json, layout-pre-s141.json, spacing-pre-s141.json, typography-composites-pre-s141.json, typography-pre-s141.json)
2026-09-27T11:48:08.7552672Z   note: spine: 936 tokens, 382 groups
2026-09-27T11:48:08.7554036Z   DEFERRED DEF-FIGMA-MODES          layout.json :: layout.web.margin :: mode-keyed node (scale-1,scale-2,scale-3) — Figma variable modes, no DTCG equivalent
2026-09-27T11:48:08.7555393Z   DEFERRED DEF-FIGMA-MODES          layout.json :: layout.web.gutter :: mode-keyed node (scale-1,scale-2,scale-3) — Figma variable modes, no DTCG equivalent
2026-09-27T11:48:08.7556514Z   DEFERRED DEF-COLOR-MISTYPE        semantic-colour.json :: blur.overlay.light :: color $value is not a hex string or alias: 12
2026-09-27T11:48:08.7557442Z   DEFERRED DEF-COLOR-MISTYPE        semantic-colour.json :: blur.overlay.dark :: color $value is not a hex string or alias: 0
2026-09-27T11:48:08.7558368Z   DEFERRED DEF-COLOR-MISTYPE        semantic-colour.json :: blur.background-surface.light :: color $value is not a hex string or alias: 12
2026-09-27T11:48:08.7559361Z   DEFERRED DEF-COLOR-MISTYPE        semantic-colour.json :: blur.background-surface.dark :: color $value is not a hex string or alias: 0
2026-09-27T11:48:08.7560579Z   DEFERRED DEF-COLOR-MISTYPE        semantic-colour.json :: image.opacity.default.light :: color $value is not a hex string or alias: 100
2026-09-27T11:48:08.7561573Z   DEFERRED DEF-COLOR-MISTYPE        semantic-colour.json :: image.opacity.default.dark :: color $value is not a hex string or alias: 100
2026-09-27T11:48:08.7562669Z   DEFERRED DEF-COLOR-MISTYPE        semantic-colour.json :: image.opacity.disabled.light :: color $value is not a hex string or alias: 20
2026-09-27T11:48:08.7563632Z   DEFERRED DEF-COLOR-MISTYPE        semantic-colour.json :: image.opacity.disabled.dark :: color $value is not a hex string or alias: 20
2026-09-27T11:48:08.7564850Z   DEFERRED DEF-FIGMA-MODES          spacing.json :: gap.responsive.content.xsmall :: mode-keyed node (scale-1,scale-2,scale-3) — Figma variable modes, no DTCG equivalent
2026-09-27T11:48:08.7566146Z   DEFERRED DEF-FIGMA-MODES          spacing.json :: gap.responsive.content.small :: mode-keyed node (scale-1,scale-2,scale-3) — Figma variable modes, no DTCG equivalent
2026-09-27T11:48:08.7567391Z   DEFERRED DEF-FIGMA-MODES          spacing.json :: gap.responsive.content.medium :: mode-keyed node (scale-1,scale-2,scale-3) — Figma variable modes, no DTCG equivalent
2026-09-27T11:48:08.7568582Z   DEFERRED DEF-FIGMA-MODES          spacing.json :: gap.responsive.content.large :: mode-keyed node (scale-1,scale-2,scale-3) — Figma variable modes, no DTCG equivalent
2026-09-27T11:48:08.7569755Z   DEFERRED DEF-FIGMA-MODES          spacing.json :: gap.responsive.content.xlarge :: mode-keyed node (scale-1,scale-2,scale-3) — Figma variable modes, no DTCG equivalent
2026-09-27T11:48:08.7570940Z   DEFERRED DEF-FIGMA-MODES          spacing.json :: gap.responsive.content.xxlarge :: mode-keyed node (scale-1,scale-2,scale-3) — Figma variable modes, no DTCG equivalent
2026-09-27T11:48:08.7573298Z   DEFERRED DEF-FIGMA-MODES          spacing.json :: gap.responsive.subsection.xsmall :: mode-keyed node (scale-1,scale-2,scale-3) — Figma variable modes, no DTCG equivalent
2026-09-27T11:48:08.7575499Z   DEFERRED DEF-FIGMA-MODES          spacing.json :: gap.responsive.subsection.small :: mode-keyed node (scale-1,scale-2,scale-3) — Figma variable modes, no DTCG equivalent
2026-09-27T11:48:08.7577741Z   DEFERRED DEF-FIGMA-MODES          spacing.json :: gap.responsive.subsection.medium :: mode-keyed node (scale-1,scale-2,scale-3) — Figma variable modes, no DTCG equivalent
2026-09-27T11:48:08.7579923Z   DEFERRED DEF-FIGMA-MODES          spacing.json :: gap.responsive.subsection.large :: mode-keyed node (scale-1,scale-2,scale-3) — Figma variable modes, no DTCG equivalent
2026-09-27T11:48:08.7582103Z   DEFERRED DEF-FIGMA-MODES          spacing.json :: gap.responsive.section.xsmall :: mode-keyed node (scale-1,scale-2,scale-3) — Figma variable modes, no DTCG equivalent
2026-09-27T11:48:08.7584386Z   DEFERRED DEF-FIGMA-MODES          spacing.json :: gap.responsive.section.small :: mode-keyed node (scale-1,scale-2,scale-3) — Figma variable modes, no DTCG equivalent
2026-09-27T11:48:08.7585813Z   DEFERRED DEF-FIGMA-MODES          spacing.json :: gap.responsive.section.medium :: mode-keyed node (scale-1,scale-2,scale-3) — Figma variable modes, no DTCG equivalent
2026-09-27T11:48:08.7587013Z   DEFERRED DEF-FIGMA-MODES          spacing.json :: gap.responsive.section.large :: mode-keyed node (scale-1,scale-2,scale-3) — Figma variable modes, no DTCG equivalent
2026-09-27T11:48:08.7588192Z   DEFERRED DEF-FIGMA-MODES          spacing.json :: gap.responsive.section.xlarge :: mode-keyed node (scale-1,scale-2,scale-3) — Figma variable modes, no DTCG equivalent
2026-09-27T11:48:08.7589389Z   DEFERRED DEF-FIGMA-MODES          spacing.json :: padding.responsive.xxxsmall :: mode-keyed node (scale-1,scale-2,scale-3) — Figma variable modes, no DTCG equivalent
2026-09-27T11:48:08.7590592Z   DEFERRED DEF-FIGMA-MODES          spacing.json :: padding.responsive.xxsmall :: mode-keyed node (scale-1,scale-2,scale-3) — Figma variable modes, no DTCG equivalent
2026-09-27T11:48:08.7592723Z   DEFERRED DEF-FIGMA-MODES          spacing.json :: padding.responsive.xsmall :: mode-keyed node (scale-1,scale-2,scale-3) — Figma variable modes, no DTCG equivalent
2026-09-27T11:48:08.7594992Z   DEFERRED DEF-FIGMA-MODES          spacing.json :: padding.responsive.small :: mode-keyed node (scale-1,scale-2,scale-3) — Figma variable modes, no DTCG equivalent
2026-09-27T11:48:08.7597303Z   DEFERRED DEF-FIGMA-MODES          spacing.json :: padding.responsive.medium :: mode-keyed node (scale-1,scale-2,scale-3) — Figma variable modes, no DTCG equivalent
2026-09-27T11:48:08.7599497Z   DEFERRED DEF-FIGMA-MODES          spacing.json :: padding.responsive.large :: mode-keyed node (scale-1,scale-2,scale-3) — Figma variable modes, no DTCG equivalent
2026-09-27T11:48:08.7601738Z   DEFERRED DEF-FIGMA-MODES          spacing.json :: padding.responsive.xlarge :: mode-keyed node (scale-1,scale-2,scale-3) — Figma variable modes, no DTCG equivalent
2026-09-27T11:48:08.7604282Z   DEFERRED DEF-COMPONENT-LINEHEIGHT typography-composites.json :: component.figure-1 :: typography $value omits lineHeight — supplying one is a design decision
2026-09-27T11:48:08.7606578Z   DEFERRED DEF-COMPONENT-LINEHEIGHT typography-composites.json :: component.figure-2 :: typography $value omits lineHeight — supplying one is a design decision
2026-09-27T11:48:08.7608874Z   DEFERRED DEF-COMPONENT-LINEHEIGHT typography-composites.json :: component.heading :: typography $value omits lineHeight — supplying one is a design decision
2026-09-27T11:48:08.7611109Z   DEFERRED DEF-COMPONENT-LINEHEIGHT typography-composites.json :: component.section-label :: typography $value omits lineHeight — supplying one is a design decision
2026-09-27T11:48:08.7613645Z   DEFERRED DEF-COMPONENT-LINEHEIGHT typography-composites.json :: component.label :: typography $value omits lineHeight — supplying one is a design decision
2026-09-27T11:48:08.7616208Z   DEFERRED DEF-COMPONENT-LINEHEIGHT typography-composites.json :: component.button :: typography $value omits lineHeight — supplying one is a design decision
2026-09-27T11:48:08.7618445Z   DEFERRED DEF-COMPONENT-LINEHEIGHT typography-composites.json :: component.input :: typography $value omits lineHeight — supplying one is a design decision
2026-09-27T11:48:08.7620669Z   DEFERRED DEF-COMPONENT-LINEHEIGHT typography-composites.json :: component.link :: typography $value omits lineHeight — supplying one is a design decision
2026-09-27T11:48:08.7623221Z   DEFERRED DEF-COMPONENT-LINEHEIGHT typography-composites.json :: component.caption :: typography $value omits lineHeight — supplying one is a design decision
2026-09-27T11:48:08.7625540Z   DEFERRED DEF-COMPONENT-LINEHEIGHT typography-composites.json :: component.tooltip :: typography $value omits lineHeight — supplying one is a design decision
2026-09-27T11:48:08.7627828Z   DEFERRED DEF-COMPONENT-LINEHEIGHT typography-composites.json :: component.legal :: typography $value omits lineHeight — supplying one is a design decision
2026-09-27T11:48:08.7630184Z   DEFERRED DEF-FIGMA-MODES          typography.json :: typography.font-size.font-00 :: mode-keyed node (scale-1,scale-1-200,scale-2,scale-3) — Figma variable modes, no DTCG equivalent
2026-09-27T11:48:08.7633218Z   DEFERRED DEF-FIGMA-MODES          typography.json :: typography.font-size.font-0 :: mode-keyed node (scale-1,scale-1-200,scale-2,scale-3) — Figma variable modes, no DTCG equivalent
2026-09-27T11:48:08.7635710Z   DEFERRED DEF-FIGMA-MODES          typography.json :: typography.font-size.font-1 :: mode-keyed node (scale-1,scale-1-200,scale-2,scale-3) — Figma variable modes, no DTCG equivalent
2026-09-27T11:48:08.7638156Z   DEFERRED DEF-FIGMA-MODES          typography.json :: typography.font-size.font-2 :: mode-keyed node (scale-1,scale-1-200,scale-2,scale-3) — Figma variable modes, no DTCG equivalent
2026-09-27T11:48:08.7640614Z   DEFERRED DEF-FIGMA-MODES          typography.json :: typography.font-size.font-3 :: mode-keyed node (scale-1,scale-1-200,scale-2,scale-3) — Figma variable modes, no DTCG equivalent
2026-09-27T11:48:08.7643361Z   DEFERRED DEF-FIGMA-MODES          typography.json :: typography.font-size.font-4 :: mode-keyed node (scale-1,scale-1-200,scale-2,scale-3) — Figma variable modes, no DTCG equivalent
2026-09-27T11:48:08.7645878Z   DEFERRED DEF-FIGMA-MODES          typography.json :: typography.font-size.font-5 :: mode-keyed node (scale-1,scale-1-200,scale-2,scale-3) — Figma variable modes, no DTCG equivalent
2026-09-27T11:48:08.7648421Z   DEFERRED DEF-FIGMA-MODES          typography.json :: typography.font-size.font-6 :: mode-keyed node (scale-1,scale-1-200,scale-2,scale-3) — Figma variable modes, no DTCG equivalent
2026-09-27T11:48:08.7650911Z   DEFERRED DEF-FIGMA-MODES          typography.json :: typography.font-size.font-7 :: mode-keyed node (scale-1,scale-1-200,scale-2,scale-3) — Figma variable modes, no DTCG equivalent
2026-09-27T11:48:08.7653764Z   DEFERRED DEF-FIGMA-MODES          typography.json :: typography.line-height.font-00 :: mode-keyed node (scale-1,scale-1-200,scale-2,scale-3) — Figma variable modes, no DTCG equivalent
2026-09-27T11:48:08.7656270Z   DEFERRED DEF-FIGMA-MODES          typography.json :: typography.line-height.font-0 :: mode-keyed node (scale-1,scale-1-200,scale-2,scale-3) — Figma variable modes, no DTCG equivalent
2026-09-27T11:48:08.7657697Z   DEFERRED DEF-FIGMA-MODES          typography.json :: typography.line-height.font-1 :: mode-keyed node (scale-1,scale-1-200,scale-2,scale-3) — Figma variable modes, no DTCG equivalent
2026-09-27T11:48:08.7659043Z   DEFERRED DEF-FIGMA-MODES          typography.json :: typography.line-height.font-2 :: mode-keyed node (scale-1,scale-1-200,scale-2,scale-3) — Figma variable modes, no DTCG equivalent
2026-09-27T11:48:08.7660356Z   DEFERRED DEF-FIGMA-MODES          typography.json :: typography.line-height.font-3 :: mode-keyed node (scale-1,scale-1-200,scale-2,scale-3) — Figma variable modes, no DTCG equivalent
2026-09-27T11:48:08.7662236Z   DEFERRED DEF-FIGMA-MODES          typography.json :: typography.line-height.font-4 :: mode-keyed node (scale-1,scale-1-200,scale-2,scale-3) — Figma variable modes, no DTCG equivalent
2026-09-27T11:48:08.7663776Z   DEFERRED DEF-FIGMA-MODES          typography.json :: typography.line-height.font-5 :: mode-keyed node (scale-1,scale-1-200,scale-2,scale-3) — Figma variable modes, no DTCG equivalent
2026-09-27T11:48:08.7665088Z   DEFERRED DEF-FIGMA-MODES          typography.json :: typography.line-height.font-6 :: mode-keyed node (scale-1,scale-1-200,scale-2,scale-3) — Figma variable modes, no DTCG equivalent
2026-09-27T11:48:08.7666387Z   DEFERRED DEF-FIGMA-MODES          typography.json :: typography.line-height.font-7 :: mode-keyed node (scale-1,scale-1-200,scale-2,scale-3) — Figma variable modes, no DTCG equivalent
2026-09-27T11:48:08.7667198Z PASS — 0 failure(s), 61 declared deferral(s)
2026-09-27T11:48:08.9263118Z binds-resolve gate: 137 snippets (137 with manifests, 2321 vars) · 137 metas (116 binds addresses) · 137/137 canon blocks · 0 failure(s)
2026-09-27T11:48:08.9539877Z binds-resolve selftest: 6 bites PASS
2026-09-27T11:48:08.9909179Z intent resolve — metas carrying `intent`: 15, addresses resolved: 16
2026-09-27T11:48:08.9910971Z RESULT: PASS — every intent address resolves into chart-intents.json. This proves no address DANGLES; it does not prove any assignment is RIGHT.
2026-09-27T11:48:09.0252185Z selftest — _validate_intent_resolve.py
2026-09-27T11:48:09.0253073Z   PASS known word resolves                -> green | (green)
2026-09-27T11:48:09.0254475Z   PASS unknown word refuses               -> FAIL | Bad.meta.json: FAIL — UNKNOWN INTENT 'corelation' — not a key of `chart-intent` in ../../../../../tmp/tmpki9kh
2026-09-27T11:48:09.0256458Z   PASS unknown word inside a list refuses -> FAIL | Bad2.meta.json: FAIL — UNKNOWN INTENT 'flow' — not a key of `chart-intent` in ../../../../../tmp/tmp1nsl9npl/c
2026-09-27T11:48:09.0258384Z   PASS absent store fails LOUD            -> FAIL | FAIL — intent store MISSING: /tmp/tmpcja4r_uw/chart-intents.json (an absent instrument is not a pass)
2026-09-27T11:48:09.0259442Z RESULT: PASS
2026-09-27T11:48:09.0922151Z roles resolve — metas: 137 · carrying an interchangeability term: 114 · addresses resolved: 173
2026-09-27T11:48:09.0924029Z   field population: provides 108 · answers 26 · shape 26 · span 26 · priority 25 · when 39 · with 3 · not-with 8
2026-09-27T11:48:09.0930745Z   `shape` values in use (23 of the 23 in knowledge/shapes.json — CLOSED store, s254-D2 item 1): ancestor-path × links (1) · bins × frequency (1) · categories × five-number-summary (1) · categories × series (1) · categories × two-series-mirrored (2) · destination-set × links (1) · no-data × arbitrary-blocks (1) · no-data × control (2) · no-data × page-regions (1) · no-data × title-and-optional-action (1) · one-measure × committed-vs-balance-split (1) · one-measure × value-and-delta (1) · one-measure × value-delta-and-series (1) · one-state × dot-and-label (1) · parts-of-whole (2) · periods × ohlc (1) · points × two-measures (1) · rows × measure-target-bands (1) · rows × name-value-pairs (1) · shared-x × two-measures-different-units (1) · time-series × 1–5-series (1) · time-series × parts-of-whole (1) · time-series × single-series-no-axes (1)
2026-09-27T11:48:09.0937074Z   `when` FIELD COUNTS (39 of the 39 in knowledge/when-fields.json — SCRIPT OUTPUT, quote these on a review page rather than counting by eye; this is what closes V-B's M2):
2026-09-27T11:48:09.0939486Z     answers        15  Chart-boxplot, Chart-bullet, Chart-butterfly-h, Chart-butterfly-v, Chart-candlestick, Chart-histogram, Chart-scatter, chart-bar, chart-combo, chart-donut, chart-line, chart-pie, chart-sparkline, chart-stacked-area, runway-bar
2026-09-27T11:48:09.0941648Z     shape           8  Chart-candlestick, breadcrumbs, kpi-tile, navigations, runway-bar, stat-card, status-indicator, summary
2026-09-27T11:48:09.0943628Z     series          7  Chart-butterfly-h, Chart-butterfly-v, chart-combo, chart-sparkline, kpi-tile, legend, stat-card
2026-09-27T11:48:09.0944877Z     span.cols       6  Chart-boxplot, Chart-butterfly-v, chart-line, chart-sparkline, status-indicator, summary
2026-09-27T11:48:09.0945787Z     axes            2  chart-line, chart-sparkline
2026-09-27T11:48:09.0946331Z     categories      2  Chart-boxplot, Chart-butterfly-h
2026-09-27T11:48:09.0946853Z     entry           2  input-fields, textarea
2026-09-27T11:48:09.0947305Z     label           2  button, legend
2026-09-27T11:48:09.0947727Z     records         2  list-items, timeline
2026-09-27T11:48:09.0948207Z     surface         2  layout-utilities, list-items
2026-09-27T11:48:09.0948695Z     total           2  chart-donut, chart-pie
2026-09-27T11:48:09.0949131Z     axis.x          1  chart-bar
2026-09-27T11:48:09.0949513Z     baseline        1  Chart-histogram
2026-09-27T11:48:09.0949919Z     bins            1  Chart-histogram
2026-09-27T11:48:09.0950331Z     breadcrumbs     1  app-shell-focused
2026-09-27T11:48:09.0950743Z     cause           1  template-error
2026-09-27T11:48:09.0951135Z     content         1  layout-utilities
2026-09-27T11:48:09.0951522Z     delta           1  stat-card
2026-09-27T11:48:09.0951893Z     depth           1  breadcrumbs
2026-09-27T11:48:09.0952291Z     destinations    1  app-shell-top-nav
2026-09-27T11:48:09.0952936Z     emphasis        1  button
2026-09-27T11:48:09.0953578Z     exits           1  app-shell-focused
2026-09-27T11:48:09.0954015Z     full            1  limits-meter
2026-09-27T11:48:09.0954427Z     job.count       1  app-shell-focused
2026-09-27T11:48:09.0954843Z     level           1  headers
2026-09-27T11:48:09.0955204Z     lockup          1  headers
2026-09-27T11:48:09.0955584Z     nav.levels      1  app-shell-top-nav
2026-09-27T11:48:09.0956028Z     order           1  template-confirmation
2026-09-27T11:48:09.0956465Z     parts           1  chart-pie
2026-09-27T11:48:09.0956862Z     platform        1  headers
2026-09-27T11:48:09.0957286Z     position        1  template-confirmation
2026-09-27T11:48:09.0957801Z     primaryNavigation  1  app-shell-focused
2026-09-27T11:48:09.0958268Z     rows            1  summary
2026-09-27T11:48:09.0958613Z     scope           1  navigations
2026-09-27T11:48:09.0959046Z     search          1  app-shell-focused
2026-09-27T11:48:09.0959531Z     steps           1  template-wizard
2026-09-27T11:48:09.0959978Z     units           1  chart-combo
2026-09-27T11:48:09.0960420Z     variables       1  Chart-histogram
2026-09-27T11:48:09.0960885Z     verdict         1  runway-bar
2026-09-27T11:48:09.0961904Z     gate clauses carrying NO operator (prose inside the gate — not parsed, not judged, V-B's M2 method): 46
2026-09-27T11:48:09.0963013Z   `when` predicates as authored:
2026-09-27T11:48:09.0965614Z     Chart-boxplot                answers = distribution AND categories >= 2 AND each category carries a five-number summary AND span.cols <= 8 — roles.json when: "distribution per category"; beats Chart-histogram (roles.json: "distribution, one variable") whenever the spread must be read PER CATEGORY; yields to it when variables = 1 and the bin shape is the claim.
2026-09-27T11:48:09.0970156Z     Chart-bullet                 answers=comparison AND the reading is one measure against a target plus qualitative performance bands AND span.cols 4–6 — beats stat-card (60, "default — label · value · delta · period, no series") and kpi-tile (50, "a series exists to show") when the BENCHMARK, not the delta and not a series, is the point; yields to both when no target exists.
2026-09-27T11:48:09.0974844Z     Chart-butterfly-h            answers=comparison AND series=2 mirrored outward from a shared centre gutter AND categories ≥ 6 — beats chart-bar (grouped) when the two series must read as OPPOSED directions rather than adjacent columns; yields to Chart-butterfly-v (36, "as above, wide panel") when the category axis is ordered left-to-right and span.cols ≥ 8.
2026-09-27T11:48:09.0979962Z     Chart-butterfly-v            answers=comparison AND series=2 mirrored above/below ONE horizontal baseline AND the category axis is ordered left-to-right (time, rank) AND span.cols ≥ 8 — yields to Chart-butterfly-h (40, "exactly two series mirrored, categories ≥ 6") whenever the categories are unordered or the panel is narrower than 8 cols; both yield to chart-bar for an ordinary grouped comparison.
2026-09-27T11:48:09.0984728Z     Chart-candlestick            answers = change-over-time AND shape = periods × OHLC (open · high · low · close per session) — roles.json when: "OHLC per period"; beats chart-line (roles.json: "change-over-time") only when all four price points per period are the claim; yields to chart-line whenever one measure's path is enough.
2026-09-27T11:48:09.0989745Z     Chart-histogram              answers = distribution AND variables = 1 AND bins = contiguous (no inter-bar gap) AND baseline = 0 — roles.json when: "distribution, one variable"; beats Chart-boxplot (roles.json: "distribution per category") when the frequency shape of ONE variable is the claim; yields to Chart-boxplot when categories >= 2; the no-gap rule is not cosmetic — the FT gives the same reason: "keep the gaps between columns small to highlight the 'shape' of the data".
2026-09-27T11:48:09.0995429Z     Chart-scatter                answers=relationship AND both axes carry quantitative measures — the ONLY provider of relationship in the role, so it beats every sibling on the answers gate alone and needs no further test; yields to chart-combo (56) when the two measures share one x axis in different units instead of being plotted against each other. span.cols max 8 because a runtime fit is not baked (this meta's own responsive rule).
2026-09-27T11:48:09.1003817Z     alert                        the message is IN FLOW (inside the page or form it refers to) AND it persists until resolved or dismissed AND it carries a status glyph and a title, never colour alone AND an error alert never auto-dismisses — CANON-ADJACENT — our own purpose already states the three-way rule: "Use Toast for transient confirmations and Banner for page-level persistent messages; use inline field validation (Input-fields) for single-control errors"; beats toast (proposed "transient, no answer required") whenever the reader must act; beats banner (proposed "the condition governs the whole page or session") whenever the message belongs to one form or section — Atlassian draws the identical line: "For messages with information affecting the whole site, use a banner"; yields to inline field validation for a single control.
2026-09-27T11:48:09.1008273Z     app-shell-focused            primaryNavigation = absent AND breadcrumbs = absent AND search = absent AND exits = 1 AND job.count = 1 — the only frame defined by removal; beats every other shell (roles.json: all six carry navigation) whenever abandoning the task is the failure mode — authentication, a wizard, a passcode; yields to app-shell-top-nav the moment the user must be able to go somewhere else.
2026-09-27T11:48:09.1012089Z     app-shell-top-nav            destinations <= 7 AND nav.levels <= 2 — the default for dashboards — the bento template composes it; beats app-shell-side-nav (roles.json when: "> 7 destinations or two nav levels") below those bounds and app-shell-nav-rail (when: "dense app, content cannot spare 248px") when the content can spare the column; yields to app-shell-multi-column (when: "list-and-detail job") and to app-shell-focused (when: "one job, no navigation (auth, wizard)") when the job has no navigation. Co-providers of page-frame are mutually exclusive by construction (roles.json §05: one-at-a-time facility), so no not-with is authored.
2026-09-27T11:48:09.1016199Z     breadcrumbs                  shape = ancestor-path × links AND depth >= 2 — beats anchor-nav (roles.json when: "in-page, long document") when the trail is ancestry rather than in-page position; yields to navigations (when: "global — masthead / main-nav family") for global movement and to tabs (when: "local — peer views in one context") for peer views — it answers where-am-i, they answer where-can-i-go, so it complements rather than replaces them.
2026-09-27T11:48:09.1019506Z     button                       emphasis in (primary, secondary, tertiary, quaternary) AND label = text — the default of the role; yields to icon-button (roles.json when: "space is tight and the glyph is universal") when label = glyph, to split-button (when: "one main action plus a menu of related ones") when a menu hangs off the action, and to links (when: "the action is navigation inside running text") when the action is navigation in prose.
2026-09-27T11:48:09.1022851Z     chart-bar                    answers = comparison AND axis.x = categorical — beats chart-line (roles.json when: "change-over-time") when the x-dimension is categorical rather than a time continuum, and beats chart-pie (when: "composition, no centre figure, ≤ 5 parts") when the parts do not sum to a whole; the stacked variant takes composition across categories, where it yields to chart-stacked-area (when: "composition over time") if the axis is time.
2026-09-27T11:48:09.1025902Z     chart-combo                  answers=change-over-time AND series=2 AND units=different AND both read against ONE shared x (dv-line-006) — beats chart-line (88, "change-over-time") on the different-units test and on nothing else; yields to chart-line (multi-series) or chart-bar (grouped) for a same-unit pair, which this meta's own antiPattern forbids drawing as a combo.
2026-09-27T11:48:09.1028305Z     chart-donut                  answers=composition AND parts sum to a whole AND total=printed as a centre figure — beats chart-pie (48, "composition, no centre figure, ≤ 5 parts") whenever the total is worth printing, and beats it on nothing else; yields to chart-stacked-area (64, "composition over time") when the split MOVES.
2026-09-27T11:48:09.1031201Z     chart-line                   answers=change-over-time AND series 1–5 on ONE continuous time axis AND axes=present AND span.cols ≥ 6 — the role's default at this intent, and it beats every sibling whose own `when` adds a further condition; yields to chart-combo (56, "two measures in different units over one axis") when units differ, to Chart-candlestick (44, "OHLC per period") when all four price points per period are the claim, and to chart-sparkline (30, "inline scale, no axes") when span.cols < 6.
2026-09-27T11:48:09.1034189Z     chart-pie                    answers=composition AND parts ≤ 5 AND total=not printed — yields to chart-donut (80, "composition, a centre total is meaningful") whenever a centre total is wanted, which is the only thing separating the two; yields to chart-stacked-area (64) when the split moves over time.
2026-09-27T11:48:09.1036392Z     chart-sparkline              answers=change-over-time AND series=1 AND axes=absent AND span.cols ≤ 4 (inline, or a trend cell in a table) — yields to chart-line (88, "change-over-time") whenever the panel can carry axes, and is normally a complement of headline-metric rather than a chart-panel in its own right (ROLES-REVIEW §03).
2026-09-27T11:48:09.1038793Z     chart-stacked-area           answers spans change-over-time AND composition AND cumulative bands share ONE total across the time axis — beats chart-donut (80, "composition, a centre total is meaningful") and chart-pie (48) when the split MOVES rather than being a snapshot; yields to chart-line (88, "change-over-time") when the total is not meaningful.
2026-09-27T11:48:09.1041856Z     headers                      level in (page, screen, section) AND platform = app AND lockup = none — yields to page-header-lockup (roles.json when: "page level, with actions or tabs") whenever actions or tabs ride the band; beats section-heading-lockup (when: "section level, above one board / table / panel") because the Header Section Titles type covers the section level app-side, and beats eyebrow (when: "a kicker alone is enough (rare; normally a part of the above)") whenever a title, not a kicker, is wanted.
2026-09-27T11:48:09.1046386Z     icon-button                  the control performs an action AND space is tight OR the glyph is universal AND an accessible name is supplied AND the hit target is at least 44x44 AND a tooltip carries the label — CANON on the first half (roles.json: "space is tight and the glyph is universal"); beats button only where the glyph is unambiguous — our own meta: "Use a labelled Button when the action is not unambiguous from a glyph alone"; the tooltip is not optional company: Atlassian ("Use tooltips with icon buttons to display the button label") and Polaris ("Be provided for icon-only buttons") both make it a requirement, which our meta states only as an antiPattern.
2026-09-27T11:48:09.1050785Z     input-fields                 entry = free text AND expected answer fits ONE line AND no fixed option list exists AND the value is not money, a date, a time or a secret — the default text-entry field; beats textarea (proposed "the answer may span multiple lines") whenever the answer is a name, a reference or a phone number; yields to amount-input when the value is money, to date-picker / time-picker when it is a date or time, to secure-entry when it is a one-time code or PIN, and to dropdown or combobox whenever the answer must come from a list at all (Carbon: free text there "is likely to result in an error").
2026-09-27T11:48:09.1054764Z     kpi-tile                     shape = one-measure × value-delta-and-series AND series != none — beats stat-card (roles.json when: "default — label · value · delta · period, no series") whenever a series exists to show; yields to Chart-bullet (when: "a target or performance band is the point, not the delta") when target != none, and to runway-bar (when: "the number is 'money vs what is already scheduled'") when the measure is money-vs-scheduled.
2026-09-27T11:48:09.1057724Z     layout-utilities             content = arbitrary-blocks AND surface = none — the default of the role; beats cards (roles.json when: "a bordered surface per item") whenever the arrangement must paint nothing, and beats stats-band-lockup (when: "3–6 headline-metrics in a labelled row") whenever the blocks are not headline-metrics; yields to divider (when: "a rule alone") when a rule alone is the whole need.
2026-09-27T11:48:09.1060534Z     legend                       series ≥ 2 AND label = text — a key is needed only where more than one series is drawn; a single-series chart names its series in the title (chart-sparkline's rule). Placed on its own only when the charts it keys are more than one (small multiples, a comparison row); a lone chart carries its legend inside its own figure, which is what every registered chart type already does.
2026-09-27T11:48:09.1063492Z     limits-meter                 INHERITS meter's gate, variant = allowance: the value is a cap being spent against AND full = BLOCKED, not done — a thin category alias of meter.meta.json (s210-D5); carries no independent when because writing spec into the alias is an explicit antiPattern on the parent — the reading is "how much of my limit is left", which is what roles.json already names.
2026-09-27T11:48:09.1068573Z     list-items                   records >= 2 AND the records are the same kind, each read ACROSS its own row AND surface in (none, bordered-per-record) — surface ALONE decides the container (s274-D1): unbordered ⇒ simple-list (one line per record) or structured-list (aligned fields); a bordered surface drawn around EACH record ⇒ card-list. Actions are a ROW property, allowed in any of the three, so they decide nothing. No field count, row count or column count gates this (s274-D4): the comparison test decides — if a field must be read DOWN a column across records, it is a table, not a list. A list-level heading is OPTIONAL on all three containers (s274-D5); a per-card title is a ROW field, distinct from the list heading. Beats table (roles.json when: "default, read-mostly") and data-grid (when: "sort / filter / select / edit-in-place is required") whenever each record is read across its own row; yields to timeline (when: "time is the structure, records have happened") and to tree (when: "records nest").
2026-09-27T11:48:09.1074238Z     navigations                  shape = destination-set × links AND scope = global — the default of the role; beats breadcrumbs (roles.json when: "ancestry, depth ≥ 2") and tabs (when: "local — peer views in one context") because those are ancestry and local peers, not the global set; yields to sidebar-nav (when: "global, desktop, persistent column (pairs with app-shell-side-nav)") when the page-frame is app-shell-side-nav, and to tab-bar (when: "mobile bottom, 3–5 destinations") on mobile.
2026-09-27T11:48:09.1078657Z     popover                      the content is STRUCTURED and FOCUSABLE AND it opens on CLICK from a labelled trigger AND it does not scroll AND it is non-modal (no focus trap, no aria-modal) AND only one is open — CANON-ADJACENT — our purpose already carries the three-way rule: "If the user can act inside it, it is a Popover; if it is a sentence of help text, it is a Tooltip; if it must interrupt, it is a Modal"; Atlassian states both halves independently ("For interactive overlays, use the modal dialog component" / "For non-essential, non-interactive messages, use the tooltip component"); yields to drawer or modals once the content scrolls (our antiPatterns[2], Atlassian: "Don't make popups that scroll", Carbon: past four columns wide use a modal).
2026-09-27T11:48:09.1083688Z     runway-bar                   answers = one-number AND shape = one-measure × committed-vs-balance-split AND verdict != none — beats stat-card (60, "default — label · value · delta · period, no series") and kpi-tile (50, "a series exists to show") when the reading is "money vs what is already scheduled" and the takeaway is a VERDICT WITH A DATE rather than a delta or a trend; yields to stat-card when there is nothing committed to net off, to kpi-tile when a series is the claim, and to Chart-bullet (40, "a target or performance band is the point, not the delta") when a target band, not a coverage date, is the benchmark.
2026-09-27T11:48:09.1087137Z     stat-card                    shape = one-measure × value-and-delta AND series = none AND delta != none — the default of the role; beats kpi-tile (roles.json when: "a series exists to show (s247-D3 / DP-08: no series ⇒ not a KPI tile)") exactly when no series exists, and beats Chart-bullet (when: "a target or performance band is the point, not the delta") when the delta, not a band, is the claim.
2026-09-27T11:48:09.1089703Z     status-indicator             shape = one-state × dot-and-label AND span.cols <= 4 — the default of the role; beats summary (roles.json when: "n × count as a key/value list, 6–12 cols") whenever exactly one state is read; yields to badge (when: "inline, attached to another element, count only") when the dot is attached to another element rather than standing alone.
2026-09-27T11:48:09.1092642Z     summary                      shape = rows × name-value-pairs AND rows >= 2 AND span.cols >= 6 — beats status-indicator (roles.json when: "one state, one dot + label, 2–4 cols") whenever more than one row must be read at once; yields to meter (when: "the threshold is a cap being spent against (limits-meter reading)") when threshold = cap-spent-against, and to badge (when: "inline, attached to another element, count only") when the reading is inline.
2026-09-27T11:48:09.1095533Z     template-confirmation        position = end of an instruction AND order = message, then FACTS, then actions, then what-happens-next AND a reference is shown if one exists — beats the Confirmation component (roles.json feedback role) because a confirmation PAGE is also the RECEIPT — that reordering is the template's whole contribution; ends a flow that template-wizard began.
2026-09-27T11:48:09.1098114Z     template-error               cause in (404, 500) AND RAG colour = unbound AND no support semantics invented AND one page serves ALL unexpected failures — beats template-empty (proposed "the query succeeded and returned nothing") because here the page could not be produced at all; beats an inline Alert (slice A) because the failure is the PAGE, not a field.
2026-09-27T11:48:09.1100724Z     template-wizard              steps >= 2 AND order is enforced AND next is gated AND a review step precedes the end AND the end is a receipt — beats template-create-edit (proposed "one page, no enforced order") on order; composes app-shell-focused (roles.json when: "one job, no navigation (auth, wizard)") and borrows the step mechanism whole from Stepper.
2026-09-27T11:48:09.1104408Z     textarea                     entry = free text AND the answer may run to more than one line AND there is no fixed option list AND a length limit is shown only where a real limit exists — beats input-fields (proposed "the answer fits one line") the moment a sentence is expected rather than a value — notes to approvers, a reason for payment, a secure message body; yields to input-fields for anything shorter (GOV.UK, verbatim: "enter shorter answers no longer than a single line, such as a phone number"); the counter is added only when a limit genuinely exists (GOV.UK: "Only use the character count component when there is a good reason for limiting").
2026-09-27T11:48:09.1108444Z     timeline                     records >= 2 AND time IS the structure AND every record has ALREADY HAPPENED AND entries are not buttons AND order is newest-first with date headings — roles.json when: "time is the structure, records have happened"; beats list-items when the date rail is the reading rather than a sort order; yields to list-items inside a date group the moment entries must open (our AP1), and never borrows Progress-tracker's aria-current because there is no current step (our AP0).
2026-09-27T11:48:09.1111471Z     view-options                 NEVER — superseded 2026-07-24; the view switch is Segmented-control — carries no selection criterion because it is not a choice any composer should make: filter-toolbar-bar's AP1 already says "Consuming View-options instead of Segmented-control for the view switch — View-options was superseded"; the honest `when` here is a redirect, not a predicate.
2026-09-27T11:48:09.1113098Z DERIVED (printed, NEVER written into a meta — s251-D6, ISO 25964):
2026-09-27T11:48:09.1113671Z     preferred:  role action           PREFERRED TERM button (priority 60) — 7 co-provider(s)
2026-09-27T11:48:09.1114354Z     preferred:  role arrangement      PREFERRED TERM layout-utilities (priority 60) — 7 co-provider(s)
2026-09-27T11:48:09.1115065Z     preferred:  role chart-panel      PREFERRED TERM chart-bar (priority 92) — 11 co-provider(s)
2026-09-27T11:48:09.1115718Z     preferred:  role feedback         PREFERRED TERM alert (priority None) — 10 co-provider(s)
2026-09-27T11:48:09.1116378Z     preferred:  role headline-metric  PREFERRED TERM stat-card (priority 60) — 3 co-provider(s)
2026-09-27T11:48:09.1117076Z     preferred:  role input            PREFERRED TERM account-selector (priority None) — 26 co-provider(s)
2026-09-27T11:48:09.1117775Z     preferred:  role overlay          PREFERRED TERM command-palette (priority None) — 6 co-provider(s)
2026-09-27T11:48:09.1118490Z     preferred:  role page-frame       PREFERRED TERM app-shell-top-nav (priority 60) — 6 co-provider(s)
2026-09-27T11:48:09.1119153Z     preferred:  role page-title       PREFERRED TERM headers (priority 50) — 3 co-provider(s)
2026-09-27T11:48:09.1119797Z     preferred:  role record-list      PREFERRED TERM list-items (priority 60) — 7 co-provider(s)
2026-09-27T11:48:09.1120518Z     preferred:  role status-surface   PREFERRED TERM status-indicator (priority 60) — 3 co-provider(s)
2026-09-27T11:48:09.1121219Z     preferred:  role wayfinding       PREFERRED TERM navigations (priority 60) — 7 co-provider(s)
2026-09-27T11:48:09.1121882Z     instead-of: action-bar                   instead-of button                       [distant] role=action shape=differs span=unknown
2026-09-27T11:48:09.1122713Z     instead-of: cta-lockup                   instead-of button                       [distant] role=action shape=differs span=unknown
2026-09-27T11:48:09.1123573Z     instead-of: fab                          instead-of button                       [distant] role=action shape=differs span=unknown
2026-09-27T11:48:09.1124282Z     instead-of: icon-button                  instead-of button                       [distant] role=action shape=differs span=unknown
2026-09-27T11:48:09.1124961Z     instead-of: links                        instead-of button                       [distant] role=action shape=differs span=unknown
2026-09-27T11:48:09.1125759Z     instead-of: quick-actions                instead-of button                       [distant] role=action shape=differs span=unknown
2026-09-27T11:48:09.1126467Z     instead-of: split-button                 instead-of button                       [distant] role=action shape=differs span=unknown
2026-09-27T11:48:09.1127213Z     instead-of: accordion                    instead-of layout-utilities             [distant] role=arrangement shape=differs span=unknown
2026-09-27T11:48:09.1127975Z     instead-of: cards                        instead-of layout-utilities             [distant] role=arrangement shape=differs span=unknown
2026-09-27T11:48:09.1128738Z     instead-of: carousel                     instead-of layout-utilities             [distant] role=arrangement shape=differs span=unknown
2026-09-27T11:48:09.1129491Z     instead-of: divider                      instead-of layout-utilities             [distant] role=arrangement shape=differs span=unknown
2026-09-27T11:48:09.1130283Z     instead-of: feature-grid-lockup          instead-of layout-utilities             [distant] role=arrangement shape=differs span=unknown
2026-09-27T11:48:09.1131075Z     instead-of: splitter                     instead-of layout-utilities             [distant] role=arrangement shape=differs span=unknown
2026-09-27T11:48:09.1131872Z     instead-of: stats-band-lockup            instead-of layout-utilities             [distant] role=arrangement shape=differs span=unknown
2026-09-27T11:48:09.1132799Z     instead-of: chart-line                   instead-of chart-bar                    [near] role=chart-panel shape=differs span=overlaps
2026-09-27T11:48:09.1133532Z     instead-of: chart-donut                  instead-of chart-bar                    [near] role=chart-panel shape=differs span=overlaps
2026-09-27T11:48:09.1134267Z     instead-of: Chart-histogram              instead-of chart-bar                    [near] role=chart-panel shape=differs span=overlaps
2026-09-27T11:48:09.1135012Z     instead-of: Chart-scatter                instead-of chart-bar                    [near] role=chart-panel shape=differs span=overlaps
2026-09-27T11:48:09.1135758Z     instead-of: chart-stacked-area           instead-of chart-bar                    [near] role=chart-panel shape=differs span=overlaps
2026-09-27T11:48:09.1136504Z     instead-of: Chart-boxplot                instead-of chart-bar                    [near] role=chart-panel shape=differs span=overlaps
2026-09-27T11:48:09.1137233Z     instead-of: chart-combo                  instead-of chart-bar                    [near] role=chart-panel shape=differs span=overlaps
2026-09-27T11:48:09.1137952Z     instead-of: chart-pie                    instead-of chart-bar                    [near] role=chart-panel shape=differs span=overlaps
2026-09-27T11:48:09.1138689Z     instead-of: Chart-candlestick            instead-of chart-bar                    [near] role=chart-panel shape=differs span=overlaps
2026-09-27T11:48:09.1139450Z     instead-of: Chart-butterfly-h            instead-of chart-bar                    [near] role=chart-panel shape=differs span=overlaps
2026-09-27T11:48:09.1140198Z     instead-of: Chart-butterfly-v            instead-of chart-bar                    [near] role=chart-panel shape=differs span=overlaps
2026-09-27T11:48:09.1140923Z     instead-of: banner                       instead-of alert                        [distant] role=feedback shape=differs span=unknown
2026-09-27T11:48:09.1141652Z     instead-of: confirmation                 instead-of alert                        [distant] role=feedback shape=differs span=unknown
2026-09-27T11:48:09.1142637Z     instead-of: countdown-timer              instead-of alert                        [distant] role=feedback shape=differs span=unknown
2026-09-27T11:48:09.1143347Z     instead-of: empty-state                  instead-of alert                        [distant] role=feedback shape=differs span=unknown
2026-09-27T11:48:09.1144181Z     instead-of: loading-indicator            instead-of alert                        [distant] role=feedback shape=differs span=unknown
2026-09-27T11:48:09.1144905Z     instead-of: notifications                instead-of alert                        [distant] role=feedback shape=differs span=unknown
2026-09-27T11:48:09.1145610Z     instead-of: progress-bar                 instead-of alert                        [distant] role=feedback shape=differs span=unknown
2026-09-27T11:48:09.1146322Z     instead-of: progress-tracker             instead-of alert                        [distant] role=feedback shape=differs span=unknown
2026-09-27T11:48:09.1147050Z     instead-of: skeleton-loader              instead-of alert                        [distant] role=feedback shape=differs span=unknown
2026-09-27T11:48:09.1147738Z     instead-of: toast                        instead-of alert                        [distant] role=feedback shape=differs span=unknown
2026-09-27T11:48:09.1148446Z     instead-of: kpi-tile                     instead-of stat-card                    [near] role=headline-metric shape=differs span=overlaps
2026-09-27T11:48:09.1149201Z     instead-of: Chart-bullet                 instead-of stat-card                    [near] role=headline-metric shape=differs span=overlaps
2026-09-27T11:48:09.1149952Z     instead-of: runway-bar                   instead-of stat-card                    [near] role=headline-metric shape=differs span=overlaps
2026-09-27T11:48:09.1150711Z     instead-of: amount-display               instead-of account-selector             [distant] role=input shape=differs span=unknown
2026-09-27T11:48:09.1151483Z     instead-of: amount-input                 instead-of account-selector             [distant] role=input shape=differs span=unknown
2026-09-27T11:48:09.1152224Z     instead-of: calendar                     instead-of account-selector             [distant] role=input shape=differs span=unknown
2026-09-27T11:48:09.1153087Z     instead-of: cascader                     instead-of account-selector             [distant] role=input shape=differs span=unknown
2026-09-27T11:48:09.1153815Z     instead-of: combobox                     instead-of account-selector             [distant] role=input shape=differs span=unknown
2026-09-27T11:48:09.1154548Z     instead-of: date-picker                  instead-of account-selector             [distant] role=input shape=differs span=unknown
2026-09-27T11:48:09.1155304Z     instead-of: date-range-picker            instead-of account-selector             [distant] role=input shape=differs span=unknown
2026-09-27T11:48:09.1156060Z     instead-of: dropdown                     instead-of account-selector             [distant] role=input shape=differs span=unknown
2026-09-27T11:48:09.1156797Z     instead-of: file-upload                  instead-of account-selector             [distant] role=input shape=differs span=unknown
2026-09-27T11:48:09.1157538Z     instead-of: form-layout                  instead-of account-selector             [distant] role=input shape=differs span=unknown
2026-09-27T11:48:09.1158283Z     instead-of: input-fields                 instead-of account-selector             [distant] role=input shape=differs span=unknown
2026-09-27T11:48:09.1159029Z     instead-of: multi-select                 instead-of account-selector             [distant] role=input shape=differs span=unknown
2026-09-27T11:48:09.1159775Z     instead-of: range-slider                 instead-of account-selector             [distant] role=input shape=differs span=unknown
2026-09-27T11:48:09.1160511Z     instead-of: rating                       instead-of account-selector             [distant] role=input shape=differs span=unknown
2026-09-27T11:48:09.1161354Z     instead-of: reorder                      instead-of account-selector             [distant] role=input shape=differs span=unknown
2026-09-27T11:48:09.1162083Z     instead-of: search-field                 instead-of account-selector             [distant] role=input shape=differs span=unknown
2026-09-27T11:48:09.1163080Z     instead-of: secure-entry                 instead-of account-selector             [distant] role=input shape=differs span=unknown
2026-09-27T11:48:09.1163845Z     instead-of: segmented-control            instead-of account-selector             [distant] role=input shape=differs span=unknown
2026-09-27T11:48:09.1164622Z     instead-of: selection-controls           instead-of account-selector             [distant] role=input shape=differs span=unknown
2026-09-27T11:48:09.1165378Z     instead-of: slider                       instead-of account-selector             [distant] role=input shape=differs span=unknown
2026-09-27T11:48:09.1166098Z     instead-of: stepper                      instead-of account-selector             [distant] role=input shape=differs span=unknown
2026-09-27T11:48:09.1166826Z     instead-of: tags-input                   instead-of account-selector             [distant] role=input shape=differs span=unknown
2026-09-27T11:48:09.1167554Z     instead-of: textarea                     instead-of account-selector             [distant] role=input shape=differs span=unknown
2026-09-27T11:48:09.1168291Z     instead-of: time-picker                  instead-of account-selector             [distant] role=input shape=differs span=unknown
2026-09-27T11:48:09.1169068Z     instead-of: transfer-list                instead-of account-selector             [distant] role=input shape=differs span=unknown
2026-09-27T11:48:09.1169820Z     instead-of: view-options                 instead-of account-selector             [distant] role=input shape=differs span=unknown
2026-09-27T11:48:09.1170562Z     instead-of: drawer                       instead-of command-palette              [distant] role=overlay shape=differs span=unknown
2026-09-27T11:48:09.1171319Z     instead-of: modal-lightbox               instead-of command-palette              [distant] role=overlay shape=differs span=unknown
2026-09-27T11:48:09.1172067Z     instead-of: modals                       instead-of command-palette              [distant] role=overlay shape=differs span=unknown
2026-09-27T11:48:09.1172978Z     instead-of: popconfirm                   instead-of command-palette              [distant] role=overlay shape=differs span=unknown
2026-09-27T11:48:09.1173728Z     instead-of: popover                      instead-of command-palette              [distant] role=overlay shape=differs span=unknown
2026-09-27T11:48:09.1174461Z     instead-of: tooltip                      instead-of command-palette              [distant] role=overlay shape=differs span=unknown
2026-09-27T11:48:09.1175242Z     instead-of: app-shell-doormat            instead-of app-shell-top-nav            [distant] role=page-frame shape=differs span=unknown
2026-09-27T11:48:09.1176063Z     instead-of: app-shell-focused            instead-of app-shell-top-nav            [distant] role=page-frame shape=differs span=unknown
2026-09-27T11:48:09.1176883Z     instead-of: app-shell-multi-column       instead-of app-shell-top-nav            [distant] role=page-frame shape=differs span=unknown
2026-09-27T11:48:09.1177714Z     instead-of: app-shell-nav-rail           instead-of app-shell-top-nav            [distant] role=page-frame shape=differs span=unknown
2026-09-27T11:48:09.1178521Z     instead-of: app-shell-side-nav           instead-of app-shell-top-nav            [distant] role=page-frame shape=differs span=unknown
2026-09-27T11:48:09.1179321Z     instead-of: app-shell-split              instead-of app-shell-top-nav            [distant] role=page-frame shape=differs span=unknown
2026-09-27T11:48:09.1180062Z     instead-of: eyebrow                      instead-of headers                      [distant] role=page-title shape=differs span=unknown
2026-09-27T11:48:09.1190610Z     instead-of: page-header-lockup           instead-of headers                      [distant] role=page-title shape=differs span=unknown
2026-09-27T11:48:09.1191497Z     instead-of: section-heading-lockup       instead-of headers                      [distant] role=page-title shape=differs span=unknown
2026-09-27T11:48:09.1192678Z     instead-of: data-grid                    instead-of list-items                   [distant] role=record-list shape=differs span=unknown
2026-09-27T11:48:09.1193486Z     instead-of: document-row                 instead-of list-items                   [distant] role=record-list shape=differs span=unknown
2026-09-27T11:48:09.1194288Z     instead-of: standing-order-mandate-row   instead-of list-items                   [distant] role=record-list shape=differs span=unknown
2026-09-27T11:48:09.1195065Z     instead-of: table                        instead-of list-items                   [distant] role=record-list shape=differs span=unknown
2026-09-27T11:48:09.1195795Z     instead-of: timeline                     instead-of list-items                   [distant] role=record-list shape=differs span=unknown
2026-09-27T11:48:09.1196544Z     instead-of: transaction-row              instead-of list-items                   [distant] role=record-list shape=differs span=unknown
2026-09-27T11:48:09.1197309Z     instead-of: tree                         instead-of list-items                   [distant] role=record-list shape=differs span=unknown
2026-09-27T11:48:09.1198070Z     instead-of: summary                      instead-of status-indicator             [distant] role=status-surface shape=differs span=disjoint
2026-09-27T11:48:09.1198861Z     instead-of: badge                        instead-of status-indicator             [distant] role=status-surface shape=differs span=unknown
2026-09-27T11:48:09.1199635Z     instead-of: meter                        instead-of status-indicator             [distant] role=status-surface shape=differs span=unknown
2026-09-27T11:48:09.1200407Z     instead-of: breadcrumbs                  instead-of navigations                  [near] role=wayfinding shape=differs span=overlaps
2026-09-27T11:48:09.1201163Z     instead-of: anchor-nav                   instead-of navigations                  [distant] role=wayfinding shape=differs span=unknown
2026-09-27T11:48:09.1201921Z     instead-of: back-to-top                  instead-of navigations                  [distant] role=wayfinding shape=differs span=unknown
2026-09-27T11:48:09.1202817Z     instead-of: pagination                   instead-of navigations                  [distant] role=wayfinding shape=differs span=unknown
2026-09-27T11:48:09.1203558Z     instead-of: sidebar-nav                  instead-of navigations                  [distant] role=wayfinding shape=differs span=unknown
2026-09-27T11:48:09.1204281Z     instead-of: tab-bar                      instead-of navigations                  [distant] role=wayfinding shape=differs span=unknown
2026-09-27T11:48:09.1204997Z     instead-of: tabs                         instead-of navigations                  [distant] role=wayfinding shape=differs span=unknown
2026-09-27T11:48:09.1205659Z     not-with:   stat-card                    not-with Chart-butterfly-h            -> DERIVED (symmetric)
2026-09-27T11:48:09.1206246Z     not-with:   stat-card                    not-with Chart-butterfly-v            -> DERIVED (symmetric)
2026-09-27T11:48:09.1206820Z     not-with:   chart-bar                    not-with Chart-histogram              -> DERIVED (symmetric)
2026-09-27T11:48:09.1207384Z     not-with:   stat-card                    not-with Chart-histogram              -> DERIVED (symmetric)
2026-09-27T11:48:09.1207953Z     not-with:   chart-donut                  not-with chart-pie                    -> DERIVED (symmetric)
2026-09-27T11:48:09.1208522Z     not-with:   chart-line                   not-with chart-sparkline              -> DERIVED (symmetric)
2026-09-27T11:48:09.1209089Z     not-with:   chart-bar                    not-with chart-stacked-area           -> DERIVED (symmetric)
2026-09-27T11:48:09.1209919Z     not-with:   status-surface               not-with kpi-tile                     -> reciprocal NOT DERIVABLE (target is a ROLE, not a meta)
2026-09-27T11:48:09.1210599Z     not-with:   chart-sparkline              not-with legend                       -> DERIVED (symmetric)
2026-09-27T11:48:09.1211726Z     with:       chart-sparkline              with kpi-tile                     -> DERIVED suggests (from recommends; NOT asserted — a complement is one-way until Dave says otherwise)
2026-09-27T11:48:09.1212806Z     with:       chart-panel                  with legend                       -> reciprocal NOT DERIVABLE (target is a ROLE, not a meta)
2026-09-27T11:48:09.1213510Z CROSS-CHECK roles.json <-> metas (REPORT ONLY, never a fail — s252-D1):
2026-09-27T11:48:09.1214081Z     roles.json membership and the metas' `provides` AGREE for every meta that carries the field (108).
2026-09-27T11:48:09.1215258Z data-grid: FAIL [with-resolves] — every `with` entry needs a `slug` string (s251-D6: the slug is REQUIRED, no ref:null seat), got 'selection-controls (the checkbox — CONSUMED byte-identically, not restated; #261 G3)'
2026-09-27T11:48:09.1216532Z data-grid: FAIL [with-resolves] — every `with` entry needs a `slug` string (s251-D6: the slug is REQUIRED, no ref:null seat), got 'filter-toolbar-bar'
2026-09-27T11:48:09.1217927Z data-grid: FAIL [with-resolves] — every `with` entry needs a `slug` string (s251-D6: the slug is REQUIRED, no ref:null seat), got 'pagination'
2026-09-27T11:48:09.1219665Z data-grid: FAIL [with-resolves] — every `with` entry needs a `slug` string (s251-D6: the slug is REQUIRED, no ref:null seat), got 'search-field'
2026-09-27T11:48:09.1221464Z data-grid: FAIL [with-resolves] — every `with` entry needs a `slug` string (s251-D6: the slug is REQUIRED, no ref:null seat), got 'tags'
2026-09-27T11:48:09.1223400Z data-grid: FAIL [with-resolves] — every `with` entry needs a `slug` string (s251-D6: the slug is REQUIRED, no ref:null seat), got 'skeleton-loader'
2026-09-27T11:48:09.1224131Z RESULT: FAIL (6)
2026-09-27T11:48:09.1486333Z selftest — _validate_roles_resolve.py
2026-09-27T11:48:09.1487132Z   PASS a fully-tagged meta resolves           -> green | (green)
2026-09-27T11:48:09.1488416Z   PASS unknown role refuses                   -> FAIL | Bad: FAIL [provides-resolves] — UNKNOWN ROLE 'chart-pane' — not a key of `roles` in knowledge/roles.json. Lega
2026-09-27T11:48:09.1490077Z   PASS unknown answer refuses                 -> FAIL | Bad2: FAIL [answers-resolves] — UNKNOWN ANSWER 'count-vs-threshold' — not a key of `chart-intent` in knowledge
2026-09-27T11:48:09.1491773Z   PASS not-with slug resolving to nothing refuses -> FAIL | Bad3: FAIL [notwith-resolves] — UNKNOWN SLUG 'ghost-card' in `not-with` — resolves to neither a meta stem unde
2026-09-27T11:48:09.1493794Z   PASS duplicate priority inside one role refuses -> FAIL | A: FAIL [priority-unique] — priority 60 is claimed by 2 providers of role 'chart-panel': A, B. Priority is the
2026-09-27T11:48:09.1494695Z   PASS same priority in DIFFERENT roles is legal -> green | (green)
2026-09-27T11:48:09.1495665Z   PASS priority with no provides refuses      -> FAIL | Bad6: FAIL [priority-in-role] — `priority` 60 with no resolving `provides`. Priority is compared ONLY within o
2026-09-27T11:48:09.1496969Z   PASS intent != answers refuses              -> FAIL | Bad4: FAIL [intent-equals-answers] — `intent` 'comparison' and `answers` 'distribution' DISAGREE. `answers` is
2026-09-27T11:48:09.1498199Z   PASS span min > max refuses                 -> FAIL | Bad5: FAIL [span-ordered] — `span.cols.min` 9 > `max` 4. The 1..12 bounds are the schema's; draft-07 cannot co
2026-09-27T11:48:09.1499366Z   PASS absent roles store fails LOUD          -> FAIL | FAIL — roles store MISSING: /tmp/tmpa8a7pvsx/roles.json (an absent instrument is not a pass)
2026-09-27T11:48:09.1500563Z   PASS unknown shape refuses                  -> FAIL | Bad7: FAIL [shape-known] — UNKNOWN SHAPE 'bins × frequency' — not a key of `shapes` in knowledge/shapes.json. 
2026-09-27T11:48:09.1501574Z   PASS a shape IN the store resolves          -> green | (green)
2026-09-27T11:48:09.1502638Z   PASS unknown `when` field refuses           -> FAIL | Bad8: FAIL [when-fields-known] — UNKNOWN `when` FIELD 'prominence' in clause 'prominence >= 2' — not a key of 
2026-09-27T11:48:09.1503477Z   PASS prose in the gate is NOT a field claim -> green | (green)
2026-09-27T11:48:09.1504123Z   PASS a field named only AFTER the em-dash is not parsed -> green | (green)
2026-09-27T11:48:09.1504546Z RESULT: PASS
2026-09-27T11:48:09.2711950Z   [PASS] _proforma/DataViz-interactive.html  (16 charts, 0 blocking, 16 advisory)
2026-09-27T11:48:09.2713472Z   [PASS] snippets/Chart-bar.reference.html  (5 charts, 0 blocking, 48 advisory)
2026-09-27T11:48:09.2714338Z   [PASS] snippets/Chart-boxplot.reference.html  (1 charts, 0 blocking, 2 advisory)
2026-09-27T11:48:09.2715202Z   [PASS] snippets/Chart-bullet.reference.html  (1 charts, 0 blocking, 2 advisory)
2026-09-27T11:48:09.2716094Z   [PASS] snippets/Chart-butterfly-h.reference.html  (1 charts, 0 blocking, 2 advisory)
2026-09-27T11:48:09.2716796Z   [PASS] snippets/Chart-butterfly-v.reference.html  (1 charts, 0 blocking, 3 advisory)
2026-09-27T11:48:09.2717498Z   [PASS] snippets/Chart-candlestick.reference.html  (1 charts, 0 blocking, 2 advisory)
2026-09-27T11:48:09.2718188Z   [PASS] snippets/Chart-combo.reference.html  (1 charts, 0 blocking, 10 advisory)
2026-09-27T11:48:09.2718857Z   [PASS] snippets/Chart-donut.reference.html  (2 charts, 0 blocking, 3 advisory)
2026-09-27T11:48:09.2719516Z   [PASS] snippets/Chart-histogram.reference.html  (1 charts, 0 blocking, 2 advisory)
2026-09-27T11:48:09.2720168Z   [PASS] snippets/Chart-line.reference.html  (2 charts, 0 blocking, 19 advisory)
2026-09-27T11:48:09.2720792Z   [PASS] snippets/Chart-pie.reference.html  (2 charts, 0 blocking, 3 advisory)
2026-09-27T11:48:09.2721429Z   [PASS] snippets/Chart-scatter.reference.html  (2 charts, 0 blocking, 19 advisory)
2026-09-27T11:48:09.2722106Z   [PASS] snippets/Chart-sparkline.reference.html  (3 charts, 0 blocking, 4 advisory)
2026-09-27T11:48:09.2723081Z   [PASS] snippets/Chart-stacked-area.reference.html  (1 charts, 0 blocking, 10 advisory)
2026-09-27T11:48:09.2723517Z 
2026-09-27T11:48:09.2723918Z ✅ DataViz gate passed (15 chart surface file(s)).
2026-09-27T11:48:09.3367841Z   [ok] ★ #260 ENGINE_TEST_PAGE maps every engine-drawn member to a test page that EXISTS
2026-09-27T11:48:09.3368461Z   [ok] GOOD column passes blocking
2026-09-27T11:48:09.3368776Z   [ok] dv-009 gradient
2026-09-27T11:48:09.3369171Z   [ok] ★ DV-D02-A fires when a cartesian plot LOSES dv-fit
2026-09-27T11:48:09.3369754Z   [ok] ★ DV-D02-A fires the OTHER way — an excluded donut that CARRIES dv-fit
2026-09-27T11:48:09.3370357Z   [ok] DV-D02-A silent on an excluded chart with no dv-fit (donut, the normal case)
2026-09-27T11:48:09.3371128Z   [ok] ★ scatter is BLOCKING since the #72 discharge — no waiver left to demote it
2026-09-27T11:48:09.3371811Z   [ok] ★ scatter WITH dv-fit is silent — the green control for the discharge
2026-09-27T11:48:09.3372745Z   [ok] ★ h-bar is IN scope after DV-D02-A — the rot the amendment corrected
2026-09-27T11:48:09.3373212Z   [ok] dv-009 two patterns
2026-09-27T11:48:09.3373492Z   [ok] dv-017 raw hex fill
2026-09-27T11:48:09.3373771Z   [ok] dv-016 low-contrast series
2026-09-27T11:48:09.3374081Z   [ok] dv-bar-009 missing baseline
2026-09-27T11:48:09.3374395Z   [ok] dv-bar-009 NEVER fires on a line
2026-09-27T11:48:09.3374746Z   [ok] dv-bar-007 negative horizontal bar
2026-09-27T11:48:09.3375073Z   [ok] dv-pie-009 >6 slices
2026-09-27T11:48:09.3375370Z   [ok] dv-pie-010 sum!=total
2026-09-27T11:48:09.3375685Z   [ok] dv-004 donut without separating stroke
2026-09-27T11:48:09.3376239Z   [ok] ★ dv-004 FIRES on the ds-014 figure — stacked-column, 0.0px gap, no stroke
2026-09-27T11:48:09.3376899Z   [ok] ★ dv-004 PASSES on 2px of REAL GEOMETRY (Dave's ruling, no stroke needed)
2026-09-27T11:48:09.3377445Z   [ok] dv-004 boundary — 1.9px gap is still a failure
2026-09-27T11:48:09.3378072Z   [ok] dv-004 accepts MORE than the minimum (6px gap)
2026-09-27T11:48:09.3378425Z   [ok] dv-004 stroke mechanism still passes with a 0px gap
2026-09-27T11:48:09.3378849Z   [ok] dv-004 unmeasurable geometry fails SAFE (no x/y/height, no stroke)
2026-09-27T11:48:09.3379358Z   [ok] ★ dv-vocab FIRES on a dtype the gate has never heard of
2026-09-27T11:48:09.3379775Z   [ok] dv-vocab silent on the three values that were blind (scatter)
2026-09-27T11:48:09.3380432Z   [ok] dtype synonym normalises — grouped-column reaches dv-bar-009
2026-09-27T11:48:09.3380822Z   [ok] dv-line-011 curved series path
2026-09-27T11:48:09.3381124Z   [ok] vibration advisory fires on a shimmer pair
2026-09-27T11:48:09.3381628Z   [ok] ★ s260-D3 driven receipt: fresh + all 8 combos >=2px PASSES (and says so)
2026-09-27T11:48:09.3382208Z   [ok] ★ s260-D3 driven receipt: ONE combo at 1.9px is BLOCKING, quoting combo + px
2026-09-27T11:48:09.3382949Z   [ok] ★ s260-D3 driven receipt: STALE source hash is BLOCKING and names the file
2026-09-27T11:48:09.3383512Z   [ok] ★ s260-D3 driven receipt: NO receipt at all is BLOCKING, never a skip
2026-09-27T11:48:09.3384025Z   [ok] ★ s260-D3 driven receipt: an UNMAPPED engine snippet is BLOCKING
2026-09-27T11:48:09.3384587Z   [ok] ★ s260-D3 control: a STATIC donut with a >=2px stroke still passes the STATIC route
2026-09-27T11:48:09.3385197Z   [ok] ★ #260 recorded dv-004 figure BELOW 2px is BLOCKING outside donut/pie/stacked
2026-09-27T11:48:09.3385727Z   [ok] ★ #260 recorded dv-004 figure at 2.200px PASSES and says so
2026-09-27T11:48:09.3386217Z   [ok] ★ #260 a receipt that measures NOTHING (dv004_px null) invents no rule
2026-09-27T11:48:09.3386794Z   [ok] ★ #260 a FRESH receipt with no measured dv-004 figure still passes (no rule invented)
2026-09-27T11:48:09.3387375Z   [ok] ★ #260 the SAME receipt with one source hash changed is BLOCKING STALE
2026-09-27T11:48:09.3387918Z   [ok] ★ #260 a mapped engine page with NO receipt at all is BLOCKING, never a skip
2026-09-27T11:48:09.3388230Z 
2026-09-27T11:48:09.3388330Z ✅ selftest
2026-09-27T11:48:09.5026486Z property-resolves gate (C2): 149 file(s), 0 failure(s)
2026-09-27T11:48:09.5531724Z   [PASS] green control — the shipping file passes (0 failure(s))
2026-09-27T11:48:09.5533039Z   [PASS] bite 1 — ds-018 reintroduced (--border-disabled/--text-disabled): 2 failure(s), expected 2
2026-09-27T11:48:09.5533880Z   [PASS] bite 2 — --muted reintroduced: 1 failure(s), expected 1
2026-09-27T11:48:09.5534649Z   [PASS] bite 3 — var() WITH a fallback is intent, not a defect: 0 failure(s), expected 0
2026-09-27T11:48:09.5535448Z   [PASS] bite 4 — 404 stylesheet is caught, not swallowed: 1 failure(s), expected ≥1
2026-09-27T11:48:09.5536432Z   [PASS] bite-the-bite — a blinded detector reports 0 on a known-bad file (0), so the bites above are measuring something
2026-09-27T11:48:09.5537289Z   ✅ C2 selftest: all failure classes bite; green control passes
2026-09-27T11:48:10.0946317Z dataviz var-resolution gate — 9 file(s) with colour presentation attributes, 380 reference(s), 4 theme(s): mono, legacy, console, supercharge
2026-09-27T11:48:10.0948186Z ✅ every colour presentation attribute resolves in at least one theme
2026-09-27T11:48:11.4434882Z   [1] green control (real Chart-bar, 58 refs) -> 0 dead : PASS
2026-09-27T11:48:11.4435783Z   [2] plant undeclared --gate-selftest-ghost -> 1 dead ['--gate-selftest-ghost'] : PASS
2026-09-27T11:48:11.4436529Z   [3] same name, now DECLARED -> 0 dead : PASS
2026-09-27T11:48:11.4437134Z   [4] alias chain --ghost -> --void (undeclared) -> 1 dead : PASS
2026-09-27T11:48:11.4437909Z   [5] declared in console block only -> partial=[('--gate-selftest-ghost', ['console'])] : PASS
2026-09-27T11:48:11.4438614Z   [6] var(--void, #ccc) fallback -> 0 dead : PASS
2026-09-27T11:48:11.4439728Z   [7] empty population -> GateError: EMPTY POPULATION — globs ['knowledge/snippets/*.reference.ht : PASS
2026-09-27T11:48:11.4440779Z   [8] missing canon.css -> GateError: MISSING TARGET canon.css at /tmp/dvvars-106dymqq/knowledge/c : PASS
2026-09-27T11:48:11.4441826Z 
2026-09-27T11:48:11.4442253Z ✅ selftest PASS — the gate can fail, and fails on the right shapes
2026-09-27T11:48:11.9793736Z minted-token consumption inventory (ADVISORY) — canon.css declares 1021 custom properties (base tier 1018 · theme tier 416)
2026-09-27T11:48:11.9794734Z   consumed by a var() in the glob ......... 653
2026-09-27T11:48:11.9795223Z   unconsumed .............................. 368
2026-09-27T11:48:11.9796181Z     ├─ ALIAS-TARGET (mint-time $alias) ..... 83
2026-09-27T11:48:11.9796749Z     ├─ ALIAS-SHADOW (alias expansion) ..... 23
2026-09-27T11:48:11.9797537Z     └─ ORPHAN       (declared, never read) 262   [6 of them minted per-theme]
2026-09-27T11:48:11.9797964Z 
2026-09-27T11:48:11.9799489Z ⚠ ADVISORY: an unconsumed mint is not a defect on its face — a forgotten wire and a reserved slot wear the same shape, and no presence test can tell them apart. Promotion to blocking needs a $consumer/$reserved declaration on the token, and is Dave's word.
2026-09-27T11:48:15.4601746Z   [1] green control: real canon.css parses and classifies            PASS  — declared=1021 consumed=653 orphan=262
2026-09-27T11:48:15.4603232Z   [2] a heavily-consumed var (--border-radius-default) is not flagged PASS  — (absent)
2026-09-27T11:48:15.4604227Z   [3] plant --gate-selftest-orphan in a console block -> ORPHAN      PASS  — ORPHAN
2026-09-27T11:48:15.4605169Z   [4] same name, now var()-ed by a file in the glob -> not flagged   PASS  — (absent)
2026-09-27T11:48:15.4606032Z   [5] consumer moved to reviews/ (excluded) -> ORPHAN again          PASS  — ORPHAN
2026-09-27T11:48:15.4606984Z   [6] $alias target --color-neutral-15 classed ALIAS-TARGET, not ORPHAN PASS  — ALIAS-TARGET
2026-09-27T11:48:15.4607983Z   [7] MUTANT subtract_alias_targets=False -> --color-neutral-15 goes ORPHAN PASS  — ORPHAN
2026-09-27T11:48:15.4609078Z   [8] --tooltip-background ALIAS-SHADOW, and ORPHAN under the mutant PASS  — ALIAS-SHADOW / mutant ORPHAN
2026-09-27T11:48:15.4610579Z   [9] missing canon.css -> GateError                                 PASS  — MISSING TARGET canon.css at /tmp/mintcons-ymte_zrj/k
2026-09-27T11:48:15.4612137Z   [10] empty consumer population -> GateError                         PASS  — EMPTY CONSUMER POPULATION — no scannable file under 
2026-09-27T11:48:15.4613126Z 
2026-09-27T11:48:15.4613929Z ✅ selftest PASS — the inventory can flag, can stop flagging, and both false-positive subtractions are mutation-proved (10 bites)
2026-09-27T11:48:17.9167490Z [hidden]-vs-author-display sweep — ADVISORY, non-gating (#218 W3 F1 class, s218-D5 clause 3)
2026-09-27T11:48:17.9170653Z 137 snippet(s) scanned, 17 with signals · 3 STATIC · 0 DYNAMIC · 3 STATIC? · 6 DYNAMIC? · 21 UNRESOLVED
2026-09-27T11:48:17.9171238Z 
2026-09-27T11:48:17.9171506Z ## Avatar-group.reference.html — 1 signal(s)
2026-09-27T11:48:17.9173930Z   [UNRESOLVED] Avatar-group.reference.html: line 348 sets `hidden` — `p.pop.hidden = !open;` — but this reader cannot resolve the receiver to a selector, so the element is UNCHECKED, which is a gap in this instrument's reach, NOT evidence the file is clean
2026-09-27T11:48:17.9175393Z 
2026-09-27T11:48:17.9175665Z ## Cascader.reference.html — 2 signal(s)
2026-09-27T11:48:17.9177481Z   [UNRESOLVED] Cascader.reference.html: line 538 sets `hidden` — `if(!node){ col.hidden = true; return; }` — but this reader cannot resolve the receiver to a selector, so the element is UNCHECKED, which is a gap in this instrument's reach, NOT evidence the file is clean
2026-09-27T11:48:17.9180408Z   [UNRESOLVED] Cascader.reference.html: line 539 sets `hidden` — `col.hidden = false;` — but this reader cannot resolve the receiver to a selector, so the element is UNCHECKED, which is a gap in this instrument's reach, NOT evidence the file is clean
2026-09-27T11:48:17.9181869Z 
2026-09-27T11:48:17.9182183Z ## Chart-butterfly-h.reference.html — 1 signal(s)
2026-09-27T11:48:17.9185336Z   [STATIC] Chart-butterfly-h.reference.html: STATIC hidden-bearing <div> (class=dv-empty-frame) at line 296 is painted by `.dv-empty-frame{display:flex}` (line 219, specificity (0, 1, 0)); the file has NO matching `[hidden]{display:none}` remedy — the UA `[hidden]{display:none}` is (0,1,0) and loses, so the element renders while `hidden` tells AT it is gone (#218 W3 F1 class, s218-D5 clause 3)
2026-09-27T11:48:17.9187938Z 
2026-09-27T11:48:17.9188256Z ## Chart-butterfly-v.reference.html — 1 signal(s)
2026-09-27T11:48:17.9191307Z   [STATIC] Chart-butterfly-v.reference.html: STATIC hidden-bearing <div> (class=dv-empty-frame) at line 301 is painted by `.dv-empty-frame{display:flex}` (line 224, specificity (0, 1, 0)); the file has NO matching `[hidden]{display:none}` remedy — the UA `[hidden]{display:none}` is (0,1,0) and loses, so the element renders while `hidden` tells AT it is gone (#218 W3 F1 class, s218-D5 clause 3)
2026-09-27T11:48:17.9196970Z 
2026-09-27T11:48:17.9197346Z ## Chart-histogram.reference.html — 1 signal(s)
2026-09-27T11:48:17.9200271Z   [STATIC] Chart-histogram.reference.html: STATIC hidden-bearing <div> (class=dv-empty-frame) at line 246 is painted by `.dv-empty-frame{display:flex}` (line 182, specificity (0, 1, 0)); the file has NO matching `[hidden]{display:none}` remedy — the UA `[hidden]{display:none}` is (0,1,0) and loses, so the element renders while `hidden` tells AT it is gone (#218 W3 F1 class, s218-D5 clause 3)
2026-09-27T11:48:17.9202775Z 
2026-09-27T11:48:17.9203109Z ## Command-palette.reference.html — 4 signal(s)
2026-09-27T11:48:17.9206986Z   [STATIC?] Command-palette.reference.html: STATIC? hidden-bearing <span> (id=cp1-title) at line 153 is painted by `.cp-stage-mock span{display:block}` (line 54, specificity (0, 0, 1)); the file has NO matching `[hidden]{display:none}` remedy ⚠ POSSIBLE ONLY: `.cp-stage-mock span` states an ancestor/sibling condition this reader does not check, so the pair may never meet in the real DOM — the UA `[hidden]{display:none}` is (0,1,0) and loses, so the element renders while `hidden` tells AT it is gone (#218 W3 F1 class, s218-D5 clause 3)
2026-09-27T11:48:17.9213374Z   [STATIC?] Command-palette.reference.html: STATIC? hidden-bearing <span> (tag=span) at line 202 is painted by `.cp-stage-mock span{display:block}` (line 54, specificity (0, 0, 1)); the file has NO matching `[hidden]{display:none}` remedy ⚠ POSSIBLE ONLY: `.cp-stage-mock span` states an ancestor/sibling condition this reader does not check, so the pair may never meet in the real DOM — the UA `[hidden]{display:none}` is (0,1,0) and loses, so the element renders while `hidden` tells AT it is gone (#218 W3 F1 class, s218-D5 clause 3)
2026-09-27T11:48:17.9219586Z   [STATIC?] Command-palette.reference.html: STATIC? hidden-bearing <span> (id=cp2-title) at line 215 is painted by `.cp-stage-mock span{display:block}` (line 54, specificity (0, 0, 1)); the file has NO matching `[hidden]{display:none}` remedy ⚠ POSSIBLE ONLY: `.cp-stage-mock span` states an ancestor/sibling condition this reader does not check, so the pair may never meet in the real DOM — the UA `[hidden]{display:none}` is (0,1,0) and loses, so the element renders while `hidden` tells AT it is gone (#218 W3 F1 class, s218-D5 clause 3)
2026-09-27T11:48:17.9224186Z   [UNRESOLVED] Command-palette.reference.html: line 334 sets `hidden` — `el.hidden = !on;` — but this reader cannot resolve the receiver to a selector, so the element is UNCHECKED, which is a gap in this instrument's reach, NOT evidence the file is clean
2026-09-27T11:48:17.9225095Z 
2026-09-27T11:48:17.9225268Z ## Data-grid.reference.html — 1 signal(s)
2026-09-27T11:48:17.9227344Z   [DYNAMIC?] Data-grid.reference.html: DYNAMIC? hidden-bearing <*> (id=fbar) at line 1012 is painted by `.sort .ic svg{display:block}` (line 232, specificity (0, 0, 1)); the file has NO matching `[hidden]{display:none}` remedy ⚠ POSSIBLE ONLY: `.sort .ic svg` states an ancestor/sibling condition this reader does not check, so the pair may never meet in the real DOM — the UA `[hidden]{display:none}` is (0,1,0) and loses, so the element renders while `hidden` tells AT it is gone (#218 W3 F1 class, s218-D5 clause 3)
2026-09-27T11:48:17.9229240Z 
2026-09-27T11:48:17.9229426Z ## Filter-toolbar-bar.reference.html — 6 signal(s)
2026-09-27T11:48:17.9231132Z   [UNRESOLVED] Filter-toolbar-bar.reference.html: line 939 sets `hidden` — `state.filters.forEach((f,i)=>{ const n=chipNode(f); if(!expanded && i>=MAXCHIPS) n.hidden=true; chipRow.appendChild(n); ` — but this reader cannot resolve the receiver to a selector, so the element is UNCHECKED, which is a gap in this instrument's reach, NOT evidence the file is clean
2026-09-27T11:48:17.9233864Z   [UNRESOLVED] Filter-toolbar-bar.reference.html: line 1073 sets `hidden` — `table.hidden = s.view!=='table'; cards.hidden = s.view==='cards' ? false : true;` — but this reader cannot resolve the receiver to a selector, so the element is UNCHECKED, which is a gap in this instrument's reach, NOT evidence the file is clean
2026-09-27T11:48:17.9236072Z   [UNRESOLVED] Filter-toolbar-bar.reference.html: line 1073 sets `hidden` — `table.hidden = s.view!=='table'; cards.hidden = s.view==='cards' ? false : true;` — but this reader cannot resolve the receiver to a selector, so the element is UNCHECKED, which is a gap in this instrument's reach, NOT evidence the file is clean
2026-09-27T11:48:17.9238287Z   [UNRESOLVED] Filter-toolbar-bar.reference.html: line 1076 sets `hidden` — `emptyEl.hidden = st!=='empty'; errEl.hidden = true; results.hidden = st==='empty';` — but this reader cannot resolve the receiver to a selector, so the element is UNCHECKED, which is a gap in this instrument's reach, NOT evidence the file is clean
2026-09-27T11:48:17.9240542Z   [UNRESOLVED] Filter-toolbar-bar.reference.html: line 1076 sets `hidden` — `emptyEl.hidden = st!=='empty'; errEl.hidden = true; results.hidden = st==='empty';` — but this reader cannot resolve the receiver to a selector, so the element is UNCHECKED, which is a gap in this instrument's reach, NOT evidence the file is clean
2026-09-27T11:48:17.9243018Z   [UNRESOLVED] Filter-toolbar-bar.reference.html: line 1076 sets `hidden` — `emptyEl.hidden = st!=='empty'; errEl.hidden = true; results.hidden = st==='empty';` — but this reader cannot resolve the receiver to a selector, so the element is UNCHECKED, which is a gap in this instrument's reach, NOT evidence the file is clean
2026-09-27T11:48:17.9244120Z 
2026-09-27T11:48:17.9244307Z ## Page-header-lockup.reference.html — 2 signal(s)
2026-09-27T11:48:17.9246376Z   [DYNAMIC?] Page-header-lockup.reference.html: DYNAMIC? hidden-bearing <*> (tag=*) at line 430 is painted by `nav ol{display:flex}` (line 130, specificity (0, 0, 1)); the file has NO matching `[hidden]{display:none}` remedy ⚠ POSSIBLE ONLY: `nav ol` states an ancestor/sibling condition this reader does not check, so the pair may never meet in the real DOM — the UA `[hidden]{display:none}` is (0,1,0) and loses, so the element renders while `hidden` tells AT it is gone (#218 W3 F1 class, s218-D5 clause 3)
2026-09-27T11:48:17.9249775Z   [DYNAMIC?] Page-header-lockup.reference.html: DYNAMIC? hidden-bearing <*> (tag=*) at line 437 is painted by `nav ol{display:flex}` (line 130, specificity (0, 0, 1)); the file has NO matching `[hidden]{display:none}` remedy ⚠ POSSIBLE ONLY: `nav ol` states an ancestor/sibling condition this reader does not check, so the pair may never meet in the real DOM — the UA `[hidden]{display:none}` is (0,1,0) and loses, so the element renders while `hidden` tells AT it is gone (#218 W3 F1 class, s218-D5 clause 3)
2026-09-27T11:48:17.9251377Z 
2026-09-27T11:48:17.9251527Z ## Secure-entry.reference.html — 2 signal(s)
2026-09-27T11:48:17.9253120Z   [UNRESOLVED] Secure-entry.reference.html: line 387 sets `hidden` — `if (left <= 0){ clearInterval(tick); tick = null; btn.disabled = false; wait.hidden = true; }` — but this reader cannot resolve the receiver to a selector, so the element is UNCHECKED, which is a gap in this instrument's reach, NOT evidence the file is clean
2026-09-27T11:48:17.9255312Z   [UNRESOLVED] Secure-entry.reference.html: line 394 sets `hidden` — `btn.disabled = true; wait.hidden = false; left = 30; n.textContent = left;` — but this reader cannot resolve the receiver to a selector, so the element is UNCHECKED, which is a gap in this instrument's reach, NOT evidence the file is clean
2026-09-27T11:48:17.9256614Z 
2026-09-27T11:48:17.9256773Z ## Sidebar-nav.reference.html — 4 signal(s)
2026-09-27T11:48:17.9259001Z   [DYNAMIC?] Sidebar-nav.reference.html: DYNAMIC? hidden-bearing <*> (tag=*) at line 617 is painted by `.sn-canvas > span{display:block}` (line 148, specificity (0, 0, 1)); the file has NO matching `[hidden]{display:none}` remedy ⚠ POSSIBLE ONLY: `.sn-canvas > span` states an ancestor/sibling condition this reader does not check, so the pair may never meet in the real DOM — the UA `[hidden]{display:none}` is (0,1,0) and loses, so the element renders while `hidden` tells AT it is gone (#218 W3 F1 class, s218-D5 clause 3)
2026-09-27T11:48:17.9261606Z   [UNRESOLVED] Sidebar-nav.reference.html: line 631 sets `hidden` — `if (sub) sub.hidden = open;` — but this reader cannot resolve the receiver to a selector, so the element is UNCHECKED, which is a gap in this instrument's reach, NOT evidence the file is clean
2026-09-27T11:48:17.9263655Z   [UNRESOLVED] Sidebar-nav.reference.html: line 656 sets `hidden` — `if (sub) sub.hidden = true;` — but this reader cannot resolve the receiver to a selector, so the element is UNCHECKED, which is a gap in this instrument's reach, NOT evidence the file is clean
2026-09-27T11:48:17.9265464Z   [UNRESOLVED] Sidebar-nav.reference.html: line 660 sets `hidden` — `if (sub) sub.hidden = !back;` — but this reader cannot resolve the receiver to a selector, so the element is UNCHECKED, which is a gap in this instrument's reach, NOT evidence the file is clean
2026-09-27T11:48:17.9266335Z 
2026-09-27T11:48:17.9266548Z ## Standing-order-mandate-row.reference.html — 1 signal(s)
2026-09-27T11:48:17.9267957Z   [UNRESOLVED] Standing-order-mandate-row.reference.html: line 677 sets `hidden` — `panel.hidden = !open;` — but this reader cannot resolve the receiver to a selector, so the element is UNCHECKED, which is a gap in this instrument's reach, NOT evidence the file is clean
2026-09-27T11:48:17.9269039Z 
2026-09-27T11:48:17.9269204Z ## Stepper.reference.html — 1 signal(s)
2026-09-27T11:48:17.9270559Z   [UNRESOLVED] Stepper.reference.html: line 443 sets `hidden` — `STEPS.forEach((s, i) => { document.getElementById('p-' + (i + 1)).hidden = (i + 1) !== current; });` — but this reader cannot resolve the receiver to a selector, so the element is UNCHECKED, which is a gap in this instrument's reach, NOT evidence the file is clean
2026-09-27T11:48:17.9271606Z 
2026-09-27T11:48:17.9271741Z ## Tabs.reference.html — 1 signal(s)
2026-09-27T11:48:17.9273371Z   [UNRESOLVED] Tabs.reference.html: line 226 sets `hidden` — `allTabs.forEach(x => { const on = x === t; x.setAttribute('aria-selected', on); x.tabIndex = on ? 0 : -1; panelOf(x).hid` — but this reader cannot resolve the receiver to a selector, so the element is UNCHECKED, which is a gap in this instrument's reach, NOT evidence the file is clean
2026-09-27T11:48:17.9274486Z 
2026-09-27T11:48:17.9274656Z ## Template-auth.reference.html — 2 signal(s)
2026-09-27T11:48:17.9275983Z   [UNRESOLVED] Template-auth.reference.html: line 815 sets `hidden` — `if (left <= 0){ clearInterval(tick); btn.disabled = false; wait.hidden = true; }` — but this reader cannot resolve the receiver to a selector, so the element is UNCHECKED, which is a gap in this instrument's reach, NOT evidence the file is clean
2026-09-27T11:48:17.9278116Z   [UNRESOLVED] Template-auth.reference.html: line 818 sets `hidden` — `btn.disabled = true; wait.hidden = false; left = 30; n.textContent = left;` — but this reader cannot resolve the receiver to a selector, so the element is UNCHECKED, which is a gap in this instrument's reach, NOT evidence the file is clean
2026-09-27T11:48:17.9279154Z 
2026-09-27T11:48:17.9279345Z ## Template-create-edit.reference.html — 1 signal(s)
2026-09-27T11:48:17.9281626Z   [DYNAMIC?] Template-create-edit.reference.html: DYNAMIC? hidden-bearing <*> (id=ef-dirty) at line 816 is painted by `.content-header button{display:inline-flex}` (line 220, specificity (0, 0, 1)); the file has NO matching `[hidden]{display:none}` remedy ⚠ POSSIBLE ONLY: `.content-header button` states an ancestor/sibling condition this reader does not check, so the pair may never meet in the real DOM — the UA `[hidden]{display:none}` is (0,1,0) and loses, so the element renders while `hidden` tells AT it is gone (#218 W3 F1 class, s218-D5 clause 3)
2026-09-27T11:48:17.9283817Z 
2026-09-27T11:48:17.9284130Z ## Template-wizard.reference.html — 2 signal(s)
2026-09-27T11:48:17.9286352Z   [DYNAMIC?] Template-wizard.reference.html: DYNAMIC? hidden-bearing <*> (id=wiz-bar) at line 782 is painted by `.content-header button{display:inline-flex}` (line 229, specificity (0, 0, 1)); the file has NO matching `[hidden]{display:none}` remedy ⚠ POSSIBLE ONLY: `.content-header button` states an ancestor/sibling condition this reader does not check, so the pair may never meet in the real DOM — the UA `[hidden]{display:none}` is (0,1,0) and loses, so the element renders while `hidden` tells AT it is gone (#218 W3 F1 class, s218-D5 clause 3)
2026-09-27T11:48:17.9289319Z   [UNRESOLVED] Template-wizard.reference.html: line 779 sets `hidden` — `STEPS.forEach((s, i) => { document.getElementById('wp-' + (i + 1)).hidden = (i + 1) !== current; });` — but this reader cannot resolve the receiver to a selector, so the element is UNCHECKED, which is a gap in this instrument's reach, NOT evidence the file is clean
2026-09-27T11:48:17.9290399Z 
2026-09-27T11:48:17.9291289Z ⚠ TRIAGE INPUT, NOT A REPAIR LIST. CERTAIN tiers (STATIC/DYNAMIC) name a painter with no ancestor condition. `?` tiers are combinator-blind and may never meet in the real DOM. UNRESOLVED is this instrument's own blind spot, not a clean bill.
2026-09-27T11:48:18.0055814Z   ✓ STATIC defect is CAUGHT and names the class, the painting rule and the missing remedy
2026-09-27T11:48:18.0059667Z       quoted: F.reference.html: STATIC hidden-bearing <div> (class=x) at line 1 is painted by `.x{display:flex}` (line 1, specificity (0, 1, 0)); the file has NO matching `[hidden]{display:none}` remedy — the UA `[hidden]{display:none}` is (0,1,0) and loses, so the element renders while `hidden` tells AT it is gone (#218 W3 F1 class, s218-D5 clause 3)
2026-09-27T11:48:18.0062871Z   ✓ the RULED remedy `.x[hidden]{display:none}` clears the finding (no false positive on the s218-D5 fix shape)
2026-09-27T11:48:18.0063784Z   ✓ a LOWER-specificity [hidden] remedy is still caught, and the message quotes both specificities
2026-09-27T11:48:18.0065771Z       quoted: F.reference.html: STATIC hidden-bearing <div> (class=a.b) at line 1 is painted by `.a.b{display:flex}` (line 1, specificity (0, 2, 0)); the file's only matching [hidden] remedy `[hidden]` (line 1) is WEAKER at (0, 1, 0) — the UA `[hidden]{display:none}` is (0,1,0) and loses, so the element renders while `hidden` tells AT it is gone (#218 W3 F1 class, s218-D5 clause 3)
2026-09-27T11:48:18.0067434Z   ✓ a painting rule inside a CSS comment is NOT counted (comment-masked)
2026-09-27T11:48:18.0068097Z   ✓ a hidden-bearing element inside an HTML comment is NOT counted (shared _htmlmask)
2026-09-27T11:48:18.0068773Z   ✓ a script-set `hidden` on a querySelector-bound element is RESOLVED and caught
2026-09-27T11:48:18.0070552Z       quoted: F.reference.html: DYNAMIC hidden-bearing <*> (class=y) at line 1 is painted by `.y{display:grid}` (line 1, specificity (0, 1, 0)); the file has NO matching `[hidden]{display:none}` remedy — the UA `[hidden]{display:none}` is (0,1,0) and loses, so the element renders while `hidden` tells AT it is gone (#218 W3 F1 class, s218-D5 clause 3)
2026-09-27T11:48:18.0072109Z   ✓ the forEach iteration variable inherits its list's binding (querySelectorAll)
2026-09-27T11:48:18.0072855Z   ✓ an unresolvable script target is DECLARED as UNCHECKED, not silently dropped
2026-09-27T11:48:18.0074082Z       quoted: F.reference.html: line 1 sets `hidden` — `pick(whatever()).hidden = true;` — but this reader cannot resolve the receiver to a selector, so the element is UNCHECKED, which is a gap in this instrument's reach, NOT evidence the file is clean
2026-09-27T11:48:18.0075635Z   ✓ a painter whose own selector carries [hidden] is read as a deliberate override, not the defect
2026-09-27T11:48:18.0076481Z   ✓ REAL #218 case: Command-palette carries NO CERTAIN finding with the ruled fix in place (the check can go green on Dave's own remedy)
2026-09-27T11:48:18.0077567Z   ✓ REAL #218 case MUTANT: delete the ruled one-line remedy and the ORIGINAL phantom option is named again, by file, class and rule
2026-09-27T11:48:18.0079399Z       quoted: Command-palette.reference.html: STATIC hidden-bearing <div> (class=cp-opt) at line 230 is painted by `.cp-opt{display:flex}` (line 93, specificity (0, 1, 0)); the file has NO matching `[hidden]{display:none}` remedy — the UA `[hidden]{display:none}` is (0,1,0) and loses, so the element renders while `hidden` tells AT it is gone (#218 W3 F1 class, s218-D5 clause 3)
2026-09-27T11:48:18.0081107Z   ✓ REAL #218 case MUTANT is CERTAIN-tier, not a hedged POSSIBLE — the one measured instance of this class must land in the tier that means it
2026-09-27T11:48:18.0081922Z   ✓ line numbers are FILE-relative, not block-relative (painter line 6, element line 10)
2026-09-27T11:48:18.0083648Z       quoted: F.reference.html: STATIC hidden-bearing <div> (class=x) at line 10 is painted by `.x{display:flex}` (line 6, specificity (0, 1, 0)); the file has NO matching `[hidden]{display:none}` remedy — the UA `[hidden]{display:none}` is (0,1,0) and loses, so the element renders while `hidden` tells AT it is gone (#218 W3 F1 class, s218-D5 clause 3)
2026-09-27T11:48:18.0085078Z   ✓ a `hidden` write inside a JS comment is NOT counted (prose about the defect is not the defect)
2026-09-27T11:48:18.0085749Z   ✓ an ANCESTOR-conditioned painter lands in the POSSIBLE tier and says why
2026-09-27T11:48:18.0087854Z       quoted: F.reference.html: STATIC? hidden-bearing <span> (class=q) at line 1 is painted by `.wrap span{display:block}` (line 1, specificity (0, 0, 1)); the file has NO matching `[hidden]{display:none}` remedy ⚠ POSSIBLE ONLY: `.wrap span` states an ancestor/sibling condition this reader does not check, so the pair may never meet in the real DOM — the UA `[hidden]{display:none}` is (0,1,0) and loses, so the element renders while `hidden` tells AT it is gone (#218 W3 F1 class, s218-D5 clause 3)
2026-09-27T11:48:18.0089899Z   ✓ when BOTH a certain and a possible painter match, the element reports the CERTAIN one (strongest signal wins, not sheet order)
2026-09-27T11:48:18.0090544Z ✅ _validate_hidden_display selftest: all bites pass
2026-09-27T11:48:18.3491516Z selftest OK — sat ceiling 0.72 · pure-black substitution · weight floor 500@12-19 / 300@20+ / none <12 · dark-on-light ignored.
2026-09-27T11:48:18.3493286Z   ~ EDGE-WEIGHT  12px @ weight 400 — floor is 500 at this size  [:where(.cn-input-fields) .help-btn .tip]  (knowledge/canon/canon.css)
2026-09-27T11:48:18.3494898Z   ~ EDGE-BLACK  pure black ground carrying reverse text — use surface/digital-black #1A1A1A  [.action-bar .btn.secondary]  (knowledge/snippets/Action-bar.reference.html)
2026-09-27T11:48:18.3496282Z   ~ EDGE-CHROMA  ground #DB0011 sat 1.00 > 0.72 ceiling  [.hero .cta]  (knowledge/snippets/Hero-variants.reference.html)
2026-09-27T11:48:18.3497307Z   ~ EDGE-CHROMA  ground #DB0011 sat 1.00 > 0.72 ceiling  [.hero .cta]  (knowledge/snippets/Hero.reference.html)
2026-09-27T11:48:18.3498412Z   ~ EDGE-WEIGHT  12px @ weight 400 — floor is 500 at this size  [.help-btn .tip]  (knowledge/snippets/Input-fields.reference.html)
2026-09-27T11:48:18.3499650Z   ~ EDGE-BLACK  pure black ground carrying reverse text — use surface/digital-black #1A1A1A  [.nv-count]  (knowledge/snippets/Navigations.reference.html)
2026-09-27T11:48:18.3501012Z   ~ EDGE-BLACK  pure black ground carrying reverse text — use surface/digital-black #1A1A1A  [.nv-avatar]  (knowledge/snippets/Navigations.reference.html)
2026-09-27T11:48:18.3502745Z   ~ EDGE-BLACK  pure black ground carrying reverse text — use surface/digital-black #1A1A1A  [.chip[aria-pressed="true"],.chip[aria-checked="true"]]  (knowledge/snippets/Selection-controls.reference.html)
2026-09-27T11:48:18.3504663Z   ~ EDGE-BLACK  pure black ground carrying reverse text — use surface/digital-black #1A1A1A  [.nv-count]  (knowledge/snippets/Sidebar-nav.reference.html)
2026-09-27T11:48:18.3506017Z   ~ EDGE-BLACK  pure black ground carrying reverse text — use surface/digital-black #1A1A1A  [.sn-avatar]  (knowledge/snippets/Sidebar-nav.reference.html)
2026-09-27T11:48:18.3507570Z   ~ EDGE-BLACK  pure black ground carrying reverse text — use surface/digital-black #1A1A1A  [.sn.is-rail .nv-label]  (knowledge/snippets/Sidebar-nav.reference.html)
2026-09-27T11:48:18.3508807Z   ~ EDGE-BLACK  pure black ground carrying reverse text — use surface/digital-black #1A1A1A  [.nv-count]  (knowledge/snippets/Tab-bar.reference.html)
2026-09-27T11:48:18.3509984Z   ~ EDGE-BLACK  pure black ground carrying reverse text — use surface/digital-black #1A1A1A  [.menu-fab[aria-expanded="true"]]  (knowledge/snippets/Tab-bar.reference.html)
2026-09-27T11:48:18.3511162Z   ~ EDGE-BLACK  pure black ground carrying reverse text — use surface/digital-black #1A1A1A  [.bar]  (knowledge/snippets/Video-player.reference.html)
2026-09-27T11:48:18.3512044Z   ~ EDGE-CHROMA  ground #DB0011 sat 1.00 > 0.72 ceiling  [.iconbtn.primary]  (knowledge/_proforma/Icon-button.reference.html)
2026-09-27T11:48:18.3513277Z   ~ EDGE-BLACK  pure black ground carrying reverse text — use surface/digital-black #1A1A1A  [.iconbtn.primary.is-pressed]  (knowledge/_proforma/Icon-button.reference.html)
2026-09-27T11:48:18.3514486Z   ~ EDGE-BLACK  pure black ground carrying reverse text — use surface/digital-black #1A1A1A  [.iconbtn.secondary]  (knowledge/_proforma/Icon-button.reference.html)
2026-09-27T11:48:18.3515745Z   ~ EDGE-WEIGHT  12px @ weight 400 — floor is 500 at this size  [.ib.f-tip::after]  (knowledge/_proforma/Tranche-6-interactive.html)
2026-09-27T11:48:18.3516201Z 
2026-09-27T11:48:18.3516593Z EDGE-EXTREMITY (advisory, {#col26-020}) — 18 finding(s): EDGE-BLACK ×12 · EDGE-CHROMA ×3 · EDGE-WEIGHT ×3
2026-09-27T11:48:18.3517269Z   advisory only — perceptual rule, blocking status after triage (dv-019 precedent)
2026-09-27T11:48:18.4040563Z verification edges: 4/38 SCs verified (0 failing), 34 applies_to-only
2026-09-27T11:48:18.4041995Z   ✅ 1.4.11: pass (component) [65/67 applies_to components have a bound audited token or a gated snippet contrastPair]
2026-09-27T11:48:18.4043455Z   ✅ 1.4.3: pass (component) [41/42 applies_to components have a bound audited token]
2026-09-27T11:48:18.4044180Z   ✅ 2.3.3: pass (component)
2026-09-27T11:48:18.4044633Z   ✅ 2.5.8: pass (component)
2026-09-27T11:48:18.4443888Z external-automatable-refs: 18/38 SCs have axe-core coverage (16 easy-win, 2 already wired, 20 uncovered)
2026-09-27T11:48:18.5720825Z consult index built: 772 records -> knowledge/_consult-index.json
2026-09-27T11:48:18.5721450Z   adr          17
2026-09-27T11:48:18.5721760Z   assertion    8
2026-09-27T11:48:18.5722067Z   defect       54
2026-09-27T11:48:18.5725330Z   gate         51
2026-09-27T11:48:18.5725653Z   open-item    105
2026-09-27T11:48:18.5725960Z   rule         474
2026-09-27T11:48:18.5726283Z   ruling       63
2026-09-27T11:48:18.7228351Z [OK] "amber glyph contrast white" — expected ['R-D3', 'avd-001'], missing none
2026-09-27T11:48:18.7229158Z [OK] "inline fonts portability" — expected ['T-D9'], missing none
2026-09-27T11:48:18.7229939Z [OK] "univers sandbox render" — expected ['ASSERT-002', 'ASSERT-006'], missing none
2026-09-27T11:48:18.7230579Z [OK] --fetch R-D3 returns the full record (stage 2 hit)
2026-09-27T11:48:18.7231046Z [OK] --fetch unknown id REFUSES (fail-loud)
2026-09-27T11:48:18.7231536Z [OK] edge attach: record with no mention gets no attachment
2026-09-27T11:48:18.7232118Z [OK] edge attach: injected fabricated edge appears via direct id match
2026-09-27T11:48:18.7233286Z [OK] step 3 mark: target-of-supersedes record gets the ⛔ line
2026-09-27T11:48:18.7233999Z selftest OK — all regression queries surfaced their known-answer record(s).
2026-09-27T11:48:18.7558623Z [OK] stem: 'fonts' finds the font-size record
2026-09-27T11:48:18.7559143Z [OK] miss: unrelated query returns zero buckets
2026-09-27T11:48:18.7559517Z [OK] cap bites at 3, total honest at 7
2026-09-27T11:48:18.7559862Z [OK] header quotes total when capped
2026-09-27T11:48:18.7560217Z [OK] header quotes plain count when complete
2026-09-27T11:48:18.7560576Z [OK] fetch hit returns the record
2026-09-27T11:48:18.7560873Z [OK] fetch miss REFUSES
2026-09-27T11:48:18.7561417Z [OK] fetch miss lists a near-miss
2026-09-27T11:48:18.7561959Z [OK] receipt: query→ids form passes
2026-09-27T11:48:18.7562288Z [OK] receipt: honest negative passes
2026-09-27T11:48:18.7562918Z [OK] receipt: bare none REFUSED
2026-09-27T11:48:18.7563218Z [OK] receipt: missing arrow REFUSED
2026-09-27T11:48:18.7563524Z [OK] receipt: empty ids REFUSED
2026-09-27T11:48:18.7563818Z [OK] empty/missing index REFUSES
2026-09-27T11:48:18.7564199Z [OK] builder name is DERIVED from the index name (memento door)
2026-09-27T11:48:18.7564699Z [OK] builder name is DERIVED from the index name (consult door)
2026-09-27T11:48:18.7565125Z [OK] missing index names the builder BESIDE it
2026-09-27T11:48:18.7565525Z [OK] the named builder is the DERIVED one, not a fallback
2026-09-27T11:48:18.7565963Z [OK] no builder on disk ⇒ names NO command
2026-09-27T11:48:18.7566315Z [OK] no builder on disk ⇒ still REFUSES
2026-09-27T11:48:18.7566840Z selftest OK — engine, fetch refusal, honest denominators and receipt form all bite.
2026-09-27T11:48:19.0558655Z ⚠ DUPLICATE HEADING: gm-archive:2b-wave-1-rulings-1-7-unchanged-rule-with-the-above at _GM-ARCHIVE.md:5579 and _GM-ARCHIVE.md:6659
2026-09-27T11:48:19.0560434Z ⚠ DUPLICATE HEADING: gm-archive:3-the-standing-eyeball-set-non-blocking-your-foundations-fir at _GM-ARCHIVE.md:5601 and _GM-ARCHIVE.md:6682
2026-09-27T11:48:19.0561844Z ⚠ DUPLICATE HEADING: gm-archive:4b-queued-button-states-finesse-pass-dave-2026-07-22-not-now at _GM-ARCHIVE.md:5563 and _GM-ARCHIVE.md:6756
2026-09-27T11:48:19.0563306Z ⚠ DUPLICATE HEADING: gm-archive:5-parked-unchanged at _GM-ARCHIVE.md:5574 and _GM-ARCHIVE.md:6767
2026-09-27T11:48:19.0564944Z ⚠ DUPLICATE HEADING: ls-archive:prior-delta-2026-07-26-sun-evening-opus-solo-self-conducting at _LIVE-STATE-ARCHIVE.md:5441 and _LIVE-STATE-ARCHIVE.md:5456
2026-09-27T11:48:19.0566360Z ⚠ DUPLICATE HEADING: component:icon-button at knowledge/_proforma/icon-button.meta.json:1 and knowledge/components/icon-button.meta.json:1
2026-09-27T11:48:19.5250038Z memento index: 2338 records → knowledge/_memento-index.json (brief:206, carries-section:82, component-meta:139, context-node:222, dream:14, gauge-block:286, gm-archive-section:274, gm-section:20, lane:4, ledger-section:86, ls-archive-section:557, ls-section:11, pattern-node:380, runbook-section:57)
2026-09-27T11:48:19.8252305Z ⚠ DUPLICATE HEADING: gm-archive:2b-wave-1-rulings-1-7-unchanged-rule-with-the-above at _GM-ARCHIVE.md:5579 and _GM-ARCHIVE.md:6659
2026-09-27T11:48:19.8255452Z ⚠ DUPLICATE HEADING: gm-archive:3-the-standing-eyeball-set-non-blocking-your-foundations-fir at _GM-ARCHIVE.md:5601 and _GM-ARCHIVE.md:6682
2026-09-27T11:48:19.8257587Z ⚠ DUPLICATE HEADING: gm-archive:4b-queued-button-states-finesse-pass-dave-2026-07-22-not-now at _GM-ARCHIVE.md:5563 and _GM-ARCHIVE.md:6756
2026-09-27T11:48:19.8259292Z ⚠ DUPLICATE HEADING: gm-archive:5-parked-unchanged at _GM-ARCHIVE.md:5574 and _GM-ARCHIVE.md:6767
2026-09-27T11:48:19.8261191Z ⚠ DUPLICATE HEADING: ls-archive:prior-delta-2026-07-26-sun-evening-opus-solo-self-conducting at _LIVE-STATE-ARCHIVE.md:5441 and _LIVE-STATE-ARCHIVE.md:5456
2026-09-27T11:48:19.8263542Z ⚠ DUPLICATE HEADING: component:icon-button at knowledge/_proforma/icon-button.meta.json:1 and knowledge/components/icon-button.meta.json:1
2026-09-27T11:48:20.2840211Z memento index --check: current (2338 records)
2026-09-27T11:48:20.5842277Z ⚠ DUPLICATE HEADING: gm-archive:2b-wave-1-rulings-1-7-unchanged-rule-with-the-above at _GM-ARCHIVE.md:5579 and _GM-ARCHIVE.md:6659
2026-09-27T11:48:20.5845168Z ⚠ DUPLICATE HEADING: gm-archive:3-the-standing-eyeball-set-non-blocking-your-foundations-fir at _GM-ARCHIVE.md:5601 and _GM-ARCHIVE.md:6682
2026-09-27T11:48:20.5847267Z ⚠ DUPLICATE HEADING: gm-archive:4b-queued-button-states-finesse-pass-dave-2026-07-22-not-now at _GM-ARCHIVE.md:5563 and _GM-ARCHIVE.md:6756
2026-09-27T11:48:20.5848964Z ⚠ DUPLICATE HEADING: gm-archive:5-parked-unchanged at _GM-ARCHIVE.md:5574 and _GM-ARCHIVE.md:6767
2026-09-27T11:48:20.5851147Z ⚠ DUPLICATE HEADING: ls-archive:prior-delta-2026-07-26-sun-evening-opus-solo-self-conducting at _LIVE-STATE-ARCHIVE.md:5441 and _LIVE-STATE-ARCHIVE.md:5456
2026-09-27T11:48:20.5853513Z ⚠ DUPLICATE HEADING: component:icon-button at knowledge/_proforma/icon-button.meta.json:1 and knowledge/components/icon-button.meta.json:1
2026-09-27T11:48:20.8120065Z ⚠ DUPLICATE HEADING: gm-archive:2b-wave-1-rulings-1-7-unchanged-rule-with-the-above at _GM-ARCHIVE.md:5579 and _GM-ARCHIVE.md:6659
2026-09-27T11:48:20.8122191Z ⚠ DUPLICATE HEADING: gm-archive:3-the-standing-eyeball-set-non-blocking-your-foundations-fir at _GM-ARCHIVE.md:5601 and _GM-ARCHIVE.md:6682
2026-09-27T11:48:20.8124605Z ⚠ DUPLICATE HEADING: gm-archive:4b-queued-button-states-finesse-pass-dave-2026-07-22-not-now at _GM-ARCHIVE.md:5563 and _GM-ARCHIVE.md:6756
2026-09-27T11:48:20.8126302Z ⚠ DUPLICATE HEADING: gm-archive:5-parked-unchanged at _GM-ARCHIVE.md:5574 and _GM-ARCHIVE.md:6767
2026-09-27T11:48:20.8128197Z ⚠ DUPLICATE HEADING: ls-archive:prior-delta-2026-07-26-sun-evening-opus-solo-self-conducting at _LIVE-STATE-ARCHIVE.md:5441 and _LIVE-STATE-ARCHIVE.md:5456
2026-09-27T11:48:20.8130302Z ⚠ DUPLICATE HEADING: component:icon-button at knowledge/_proforma/icon-button.meta.json:1 and knowledge/components/icon-button.meta.json:1
2026-09-27T11:48:21.6015174Z [OK] gauge: malformed `#### ` REFUSES
2026-09-27T11:48:21.6015692Z [OK] gauge: zero blocks REFUSES
2026-09-27T11:48:21.6016378Z [OK] gauge: META block ACCEPTED — no refusal
2026-09-27T11:48:21.6016914Z [OK] gauge: META block INDEXED under gauge:meta:*
2026-09-27T11:48:21.6017484Z [OK] gauge: META terminates the session body above it
2026-09-27T11:48:21.6018009Z [OK] gauge: near-miss META spelling STILL REFUSES
2026-09-27T11:48:21.6018518Z [OK] gauge: META-only file REFUSES (no sessions)
2026-09-27T11:48:21.6019219Z [OK] archive: open split — moved `## ` headings become records, no refusal
2026-09-27T11:48:21.6019810Z [OK] missing declared source REFUSES
2026-09-27T11:48:21.6020240Z [OK] collision suffixing deterministic
2026-09-27T11:48:21.6020722Z [OK] collision DECLARES one warning per extra copy
2026-09-27T11:48:21.6021238Z [OK] collision warning names the id and BOTH sites
2026-09-27T11:48:21.6021943Z [OK] no collision ⇒ SILENT (a warner that always fires says nothing)
2026-09-27T11:48:21.6023223Z [OK] collision warning carries file:line for both copies
2026-09-27T11:48:21.6023763Z [OK] slug stable
2026-09-27T11:48:21.6024136Z [OK] real corpus builds clean
2026-09-27T11:48:21.6024760Z [OK] §A: every registered subsection is its own record
2026-09-27T11:48:21.6026037Z [OK] §A: `gm:A` still resolves — no dangling id (retrieval regression guard)
2026-09-27T11:48:21.6026914Z [OK] §A: `gm:A` is a ROUTER, not the payload — it names its children and is small
2026-09-27T11:48:21.6027847Z [OK] §A: the LARGEST child is a fraction of the old whole (2945 B vs 15,817 B)
2026-09-27T11:48:21.6028836Z [OK] §A: children carry honest file:line provenance, ascending through the file
2026-09-27T11:48:21.6029891Z [OK] §A: unregistered subsection REFUSES the build (never indexes around a hole)
2026-09-27T11:48:21.6030677Z [OK] determinism: two builds render identically
2026-09-27T11:48:21.6031256Z [OK] real corpus: every source class present
2026-09-27T11:48:21.6032132Z selftest OK — closed contracts refuse, open contracts split, build deterministic.
2026-09-27T11:48:22.5147465Z [OK] "band table amber threshold remaining budget" — expected ['runbook:context-gauge:the-floor-is-measured-never-assumed-gm-d9'], missing none
2026-09-27T11:48:22.5148838Z [OK] "lane routing check blocking records" — expected ['lane:lane-1-memento'], missing none
2026-09-27T11:48:22.5150287Z [OK] "retirement receipts proxy promoted blocking" — expected ['ledger:23-section-usage-instrumentation-enacted-lane-1-step-2-2026'], missing none
2026-09-27T11:48:22.5151681Z [OK] "dream pass weekly sunday unattended fire" — expected ['lane:lane-dream-pass'], missing none
2026-09-27T11:48:22.5152889Z [OK] --fetch lane:lane-1-memento returns the record verbatim
2026-09-27T11:48:22.5154037Z [OK] --fetch unknown id REFUSES with near-misses
2026-09-27T11:48:22.5154675Z [OK] edge attach: record with no mention gets no attachment
2026-09-27T11:48:22.5155425Z [OK] edge attach: injected fabricated edge appears for a mentioning record
2026-09-27T11:48:22.5156287Z [OK] step 3 mark: target-of-supersedes record gets the ⛔ line
2026-09-27T11:48:22.5156831Z [OK] step 3 mark: non-mentioning record gets no mark
2026-09-27T11:48:22.5157709Z selftest OK — the memento corpus answers its known questions, and fetch refuses the unknown.
2026-09-27T11:48:25.2929546Z graph mention map: 102 of 102 node(s) mentioned, 1971 record hit(s) total -> _graph-mention-map.json
2026-09-27T11:48:28.0974779Z graph mention map --check: current (102 of 102 node(s) mentioned)
2026-09-27T11:48:28.1403538Z [OK] synthetic hit: ADR-0005 mentioned in gm:X is found
2026-09-27T11:48:28.1404225Z [OK] synthetic miss: unmentioned node id has no key
2026-09-27T11:48:28.1404800Z [OK] case-insensitive match
2026-09-27T11:48:28.1405275Z [OK] missing graph input REFUSES
2026-09-27T11:48:28.1405755Z [OK] missing memento index input REFUSES
2026-09-27T11:48:28.1406277Z [OK] empty memento index REFUSES
2026-09-27T11:48:28.1407284Z selftest OK — hit, miss, case-insensitivity and both input refusals all bite.
2026-09-27T11:48:28.8285971Z   ✅ _CHAIN.md: 7,215 tiktoken cl100k_base · GM header+LATEST 5236 tk · LS LATEST delta only (of 36 delta lines) 1131 tk · FILE 7,215 tiktoken cl100k_base = slice 6,367 + wrapper 848 · fixed point in 2 pass(es)
2026-09-27T11:48:29.5498909Z   ✅ _CHAIN.md is FRESH — byte-matches the live chain · GM header+LATEST 5236 tk · LS LATEST delta only (of 36 delta lines) 1131 tk · FILE 7,215 tiktoken cl100k_base = slice 6,367 + wrapper 848 · fixed point in 2 pass(es)
2026-09-27T11:48:37.3842971Z     ✓ generates against the live repo (no refusal on a healthy tree)
2026-09-27T11:48:37.3843946Z     ✓ carries the GM header+LATEST term VERBATIM (not a summary of it)
2026-09-27T11:48:37.3844571Z     ✓ carries the LS ⏱ LATEST delta VERBATIM
2026-09-27T11:48:37.3845487Z     ✓ is materially smaller than GOOD-MORNING.md (7,215 vs 34,481 tape (cl100k ESTIMATE), 20.9% of it, floor <40%; tier measured, not assumed: tiktoken cl100k_base)
2026-09-27T11:48:37.3846738Z     ✓ BOTH SIDES OF THE RATIO ARE ON ONE MEASURER — chain `tiktoken cl100k_base` vs GOOD-MORNING `tiktoken cl100k_base`, so the percentage above has a unit
2026-09-27T11:48:37.3847646Z     ✓ STAMP IS EXACT — the published figure equals this file's own measured size
2026-09-27T11:48:37.3848314Z     ✓ published figure is the FILE, not the slice — the two differ and the file is bigger
2026-09-27T11:48:37.3849194Z     ✓ footer NAMES THE UNIT — a bare token count is a defect (ds-021)
2026-09-27T11:48:37.3849715Z     ✓ says GENERATED / DO-NOT-HAND-EDIT at the very top (line 1)
2026-09-27T11:48:37.3850206Z     ✓ tells the reader NOT to open GOOD-MORNING.md to check
2026-09-27T11:48:37.3850652Z     ✓ names retrieval as the door for everything else
2026-09-27T11:48:37.3851149Z     ✓ the {{BUILD_VERDICT}} marker NEVER leaks into the chain unrendered
2026-09-27T11:48:37.3851739Z     ✓ BUILD-STEP FIGURE IS RE-DERIVED AND MATCHES DISK (152 steps, measured now)
2026-09-27T11:48:37.3852745Z     ✓ the plant planted — a verdict figure was moved off disk (else the next bite is vacuous)
2026-09-27T11:48:37.3853476Z     ✓ a WRONG verdict figure is CAUGHT even with the true count elsewhere in the file
2026-09-27T11:48:37.3854017Z     ✓ step labels are 1:1 with rows (no duplicates)
2026-09-27T11:48:37.3854499Z     ✓ with NO run record the line says the green count is NOT DERIVABLE
2026-09-27T11:48:37.3855074Z     ✓ …and it names the remedy instead of a number (`_build_survey.py`)
2026-09-27T11:48:37.3855649Z     ✓ …and it re-stamps NOTHING — the old pinned 75-of-N form cannot reappear
2026-09-27T11:48:37.3856255Z     ✓ …and it names BOTH rulings, so the next session cannot 'helpfully' type it
2026-09-27T11:48:37.3856883Z     ✓ with a record the GREEN COUNT IS THE RUN'S, not len(STEPS) at a pinned sha
2026-09-27T11:48:37.3857636Z     ✓ a run of the SAME-sized build declares no size difference (no false alarm)
2026-09-27T11:48:37.3858192Z     ✓ a run of a SMALLER build: the total is STILL disk's, never the run's
2026-09-27T11:48:37.3858665Z     ✓ …and the size difference is DECLARED, naming both counts
2026-09-27T11:48:37.3859138Z     ✓ …and the steps the run never saw are counted in NO record, never green
2026-09-27T11:48:37.3859668Z     ✓ a run of a LARGER build: total is disk's and the vanished steps are DECLARED
2026-09-27T11:48:37.3860280Z     ✓ the run's sha and date are published beside it (an unattributed verdict is not a verdict)
2026-09-27T11:48:37.3860871Z     ✓ a stale record DECLARES itself against HEAD rather than passing as current
2026-09-27T11:48:37.3861376Z     ✓ steps in NO record are called out — never asked is never green
2026-09-27T11:48:37.3861884Z     ✓ the #62 clause SURVIVES as its own fact, generated from its own AST
2026-09-27T11:48:37.3862643Z     ✓ an absent STEPS assignment REFUSES BY NAME (never returns a count)
2026-09-27T11:48:37.3863161Z     ✓ a NON-LITERAL STEPS refuses rather than counting something else
2026-09-27T11:48:37.3863680Z     ✓ TITLE BLOCK IS FIRST — above the verbatim GM slice (position was the defect)
2026-09-27T11:48:37.3864209Z     ✓ DETERMINISTIC — two builds of an unchanged tree are byte-identical
2026-09-27T11:48:37.3865229Z   ✅ _CHAIN.md: 7,153 tiktoken cl100k_base · GM header+LATEST 5174 tk · LS LATEST delta only (of 36 delta lines) 1131 tk · FILE 7,153 tiktoken cl100k_base = slice 6,305 + wrapper 848 · fixed point in 2 pass(es)
2026-09-27T11:48:37.3866692Z   ✅ _CHAIN.md is FRESH — byte-matches the live chain · GM header+LATEST 5174 tk · LS LATEST delta only (of 36 delta lines) 1131 tk · FILE 7,153 tiktoken cl100k_base = slice 6,305 + wrapper 848 · fixed point in 2 pass(es)
2026-09-27T11:48:37.3867566Z     ✓ --check PASSES on a freshly generated file
2026-09-27T11:48:37.3868488Z   ✅ _CHAIN.md: 7,279 tiktoken cl100k_base · GM header+LATEST 5300 tk · LS LATEST delta only (of 36 delta lines) 1131 tk · FILE 7,279 tiktoken cl100k_base = slice 6,431 + wrapper 848 · fixed point in 2 pass(es)
2026-09-27T11:48:37.3869569Z     ✓ the fixture really was generated at another sha (a plant that did not plant would make every bite below vacuous)
2026-09-27T11:48:37.3870469Z     ✓ the fixture DIFFERS from a fresh render — i.e. the old byte comparison WOULD have called this stale, which is the defect being fixed
2026-09-27T11:48:37.3871349Z     ✓ --check is GREEN on a HEAD-ONLY advance — the chain's own content still matches GOOD-MORNING.md / _LIVE-STATE.md
2026-09-27T11:48:37.3872322Z     ✓ and it SAYS SO, naming BOTH shas — the honest comparison stays visible rather than being normalised into silence
2026-09-27T11:48:37.3873489Z     ✓ a HEAD-only advance is NEVER called FRESH without the qualifier (a bare FRESH would claim the file matches a fresh render, which it does not)
2026-09-27T11:48:37.3874383Z     ✓ REAL content staleness is STILL RED even when HEAD has also advanced — the re-ask does not launder drift
2026-09-27T11:48:37.3875047Z     ✓ and it is called STALE, not could-not-ask — real drift is a content verdict
2026-09-27T11:48:37.3875578Z     ✓ a PRE-SET head pin makes --check REFUSE (could-not-ask), never pass
2026-09-27T11:48:37.3876229Z     ✓ the environment refusal does NOT call it STALE either — it is a measurement refusal, not a content verdict
2026-09-27T11:48:37.3877361Z   ✅ _CHAIN.md: 7,279 tiktoken cl100k_base · GM header+LATEST 5300 tk · LS LATEST delta only (of 36 delta lines) 1131 tk · FILE 7,279 tiktoken cl100k_base = slice 6,431 + wrapper 848 · fixed point in 2 pass(es)
2026-09-27T11:48:37.3878791Z   ✅ _CHAIN.md is FRESH — byte-matches the live chain · GM header+LATEST 5300 tk · LS LATEST delta only (of 36 delta lines) 1131 tk · FILE 7,279 tiktoken cl100k_base = slice 6,431 + wrapper 848 · fixed point in 2 pass(es)
2026-09-27T11:48:37.3879789Z     ✓ tree restored — the SAME fresh tree reports FRESH again, unharmed by the arms above
2026-09-27T11:48:37.3880560Z     ✓ --check on a degraded instrument still exits non-zero (refuses, not a silent pass)
2026-09-27T11:48:37.3881380Z     ✓ --check's message does NOT call it STALE — that misnames a measurement problem as a content problem (the #58 defect, reproduced here)
2026-09-27T11:48:37.3882117Z     ✓ --check's message names the DEGRADED INSTRUMENT so the cause is legible
2026-09-27T11:48:37.3883408Z   ✅ _CHAIN.md is FRESH — byte-matches the live chain · GM header+LATEST 5300 tk · LS LATEST delta only (of 36 delta lines) 1131 tk · FILE 7,279 tiktoken cl100k_base = slice 6,431 + wrapper 848 · fixed point in 2 pass(es)
2026-09-27T11:48:37.3884385Z     ✓ instrument restored — the SAME fresh tree reports FRESH again, unharmed
2026-09-27T11:48:37.3885211Z     ✓ the freshly written chain carries a READABLE unit stamp (the clause has something to compare — an unreadable stamp would make the arm below vacuous)
2026-09-27T11:48:37.3886172Z     ✓ the stamp mutation actually changed the file (a plant that did not plant would make every bite below an assertion)
2026-09-27T11:48:37.3886812Z     ✓ stamped_tier() reads the MUTATED stamp back as the other tier
2026-09-27T11:48:37.3887333Z     ✓ --check on a tier divergence exits non-zero (refuses, never a silent pass)
2026-09-27T11:48:37.3887858Z     ✓ --check exits the COULD-NOT-ASK code (77), not the failure code
2026-09-27T11:48:37.3888255Z     ✓ --check calls it COULD-NOT-ASK
2026-09-27T11:48:37.3888673Z     ✓ the refusal's first marked line is machine-readable by `cna.reason_in`
2026-09-27T11:48:37.3889454Z     ✓ --check does NOT call it STALE — a tier divergence is a measurement problem and naming it staleness is the #173 defect, reproduced here
2026-09-27T11:48:37.3890357Z     ✓ the refusal NAMES BOTH TIERS, so a reader can see which two instruments disagreed rather than being handed a shrug
2026-09-27T11:48:37.3891003Z     ✓ --check on an UNREADABLE stamp refuses with the convention's code
2026-09-27T11:48:37.3891469Z     ✓ --check calls an unreadable stamp COULD-NOT-ASK, not STALE
2026-09-27T11:48:37.3892757Z   ✅ _CHAIN.md is FRESH — byte-matches the live chain · GM header+LATEST 5300 tk · LS LATEST delta only (of 36 delta lines) 1131 tk · FILE 7,279 tiktoken cl100k_base = slice 6,431 + wrapper 848 · fixed point in 2 pass(es)
2026-09-27T11:48:37.3893879Z     ✓ stamp restored — the SAME tree reports FRESH again, so the clause does not false-fire on an agreeing stamp
2026-09-27T11:48:37.3895104Z   ✗ _CHAIN.md is STALE — it does not match GOOD-MORNING.md / _LIVE-STATE.md as they now stand, so a cold session would read a PREVIOUS session's record as if it were current. Run `python3 knowledge/_gen_chain.py` and stage the result.
2026-09-27T11:48:37.3896430Z     ✓ --check FAILS on a hand-edited file (the stale-record class)
2026-09-27T11:48:37.3897231Z     ✓ and that failure is a FAILURE, not a refusal — a real staleness on the reachable tier still exits 1, so the COULD-NOT-ASK path did not swallow the gate
2026-09-27T11:48:37.3898012Z   ✗ _CHAIN.md is MISSING — run `python3 knowledge/_gen_chain.py` and stage it
2026-09-27T11:48:37.3898475Z     ✓ --check FAILS when the file is missing entirely
2026-09-27T11:48:37.3898940Z     ✓ REFUSES a STALE title (title #N == ★ LATEST #N, the skipped-mint state)
2026-09-27T11:48:37.3899473Z     ✓ REFUSES (with a reason) when GM has no ★ LATEST banner — no cheerful blank
2026-09-27T11:48:37.3899899Z   ✅ _gen_chain selftest: all bites pass
2026-09-27T11:48:37.7431966Z ✅ CORPUS: stamped 93,315 · measured 93,786 tape · drift 0.50% (tolerance 10%, `_capture_gate.SIZE_TOLERANCE`)
2026-09-27T11:48:37.7433619Z ✅     GM: stamped 34,010 · measured 34,481 tape · drift 1.37% (tolerance 10%, `_capture_gate.SIZE_TOLERANCE`)
2026-09-27T11:48:37.7434828Z ✅     LS: stamped 59,305 · measured 59,305 tape · drift 0.00% (tolerance 10%, `_capture_gate.SIZE_TOLERANCE`)
2026-09-27T11:48:38.0404551Z _gen_size_stamp selftest: 23 bites, all GREEN
2026-09-27T11:48:42.0702210Z   ✅ reviews/MEMENTO-SCHEMATIC-2026-08-07-v2.html: 30,551 bytes · 0 declared gap(s) rendered
2026-09-27T11:48:46.1247404Z   ✅ reviews/MEMENTO-SCHEMATIC-2026-08-07-v2.html is FRESH — byte-matches a render against the live tree
2026-09-27T11:49:04.2531453Z     ✓ renders against the live repo without refusing wholesale
2026-09-27T11:49:04.2532065Z     ✓ two consecutive renders are byte-identical (determinism)
2026-09-27T11:49:04.2532861Z     ✓ no unexpected date-shaped string in the output (found [])
2026-09-27T11:49:04.2533426Z     ✓ step count agrees with _gen_chain._steps_in (152 vs 152)
2026-09-27T11:49:04.2533962Z     ✓ no step RENDERED on the page carries an UNROUTED badge
2026-09-27T11:49:04.2534660Z     ✓ and the STEPS ↔ ROUTE_ROWS join is TOTAL over all 152 steps, rendered or not (0 unrouted)
2026-09-27T11:49:04.2535351Z     ✓ rechecks_for finds real steps for a wired script (_gen_chain.py)
2026-09-27T11:49:04.2536000Z     ✓ rechecks_for returns EMPTY for a script with no step (the red arm can fire)
2026-09-27T11:49:04.2536722Z   ✅ /tmp/tmpsngeukbh/out.html is FRESH — byte-matches a render against the live tree
2026-09-27T11:49:04.2537290Z     ✓ check() PASSES on a faithful copy
2026-09-27T11:49:04.2538202Z   ✗ /tmp/tmpsngeukbh/out.html is STALE — a figure in it no longer matches disk, so the page is asserting something that has gone false. Regenerate and stage it.
2026-09-27T11:49:04.2539007Z       --- committed
2026-09-27T11:49:04.2539245Z       +++ fresh
2026-09-27T11:49:04.2539504Z       @@ -277 +277 @@
2026-09-27T11:49:04.2539786Z       -<p>27 blocking validators</p></body>
2026-09-27T11:49:04.2540113Z       +</body>
2026-09-27T11:49:04.2540460Z     ✓ check() FAILS on a hand-patched copy (mutation)
2026-09-27T11:49:04.2541246Z     ✓ and that failure is a FAILURE, not a refusal — the tier clause does not swallow a real staleness on the reachable tier
2026-09-27T11:49:04.2542552Z     ✓ the unit-word mutation actually changed the file (a plant that did not plant would make the arms below assertions)
2026-09-27T11:49:04.2543609Z     ✓ stamped_tiers() reads the MUTATED page back as the other tier
2026-09-27T11:49:04.2544265Z     ✓ check() REFUSES (exit 77) when the committed page's unit is unreachable here
2026-09-27T11:49:04.2545083Z     ✓ and it does NOT call it STALE — a tier divergence is a measurement problem, and naming it staleness is the #173 defect reproduced
2026-09-27T11:49:04.2545828Z     ✓ the refusal NAMES BOTH instruments, so a reader can see which two disagreed
2026-09-27T11:49:04.2546408Z   ✗ /tmp/tmpsngeukbh/out.html is MISSING — run `python3 knowledge/_gen_schematic.py`
2026-09-27T11:49:04.2546885Z     ✓ check() FAILS when the artefact is missing
2026-09-27T11:49:04.2547785Z     ✓ a missing store never raises — every fact is a str or an Unmeasured
2026-09-27T11:49:04.2548276Z     ✓ file-backed facts flip to Unmeasured on an empty tree (6 of 7)
2026-09-27T11:49:04.2548797Z     ✓ every refusal NAMES its cause (exception type + message, not a bare 'error')
2026-09-27T11:49:04.2549415Z     ✓ the ONLY fact that survives an empty tree is the code constant (['the inherited debt'])
2026-09-27T11:49:04.2549991Z     ✓ and it returns the SAME value in both trees (it is not repo-derived)
2026-09-27T11:49:04.2550480Z     ✓ an Unmeasured renders as a visible ⛔ cell, never as a number
2026-09-27T11:49:04.2550963Z     ✓ every map caption fits its box at CAP_CHARS=32 (worst: (32, 'marks'))
2026-09-27T11:49:04.2551515Z     ✓ every box label declares the inside edge of its own box (16 labels, 16 attributes)
2026-09-27T11:49:04.2552109Z     ✓ the page reports its OWN re-check status (red while unwired, computed either way)
2026-09-27T11:49:04.2552861Z     ✓ the figure tally names its own scope (it excludes this panel, and says so)
2026-09-27T11:49:04.2553301Z   ✅ _gen_schematic selftest: all bites pass
2026-09-27T11:49:05.1146046Z 
2026-09-27T11:49:05.1147373Z PARKED DUE — 4 parked item(s) are due at memento-cut — python3 knowledge/_parked.py --due memento-cut
2026-09-27T11:49:05.1148468Z memento-package delta-audit: 4 failure(s)
2026-09-27T11:49:05.1150962Z   ✗ VERBATIM SET: memento-package/machinery/_gen_chain.py DIFFERS from knowledge/_gen_chain.py (copy=machinery/ file=_gen_chain.py) — 367 line(s) differ (sha256 42e4887e89ba vs source 5fa12d24bbd2)
2026-09-27T11:49:05.1153896Z   ✗ VERBATIM SET: memento-package/claude-plugin/memento/machinery/_gen_chain.py DIFFERS from knowledge/_gen_chain.py (copy=claude-plugin copy file=_gen_chain.py) — 367 line(s) differ (sha256 42e4887e89ba vs source 5fa12d24bbd2)
2026-09-27T11:49:05.1157691Z   ✗ SHIM BODIES: a DECLARED-DIFFERENCE rule no longer applies for 'measure_tokens' — THE ONE DECLARED OPTIONAL IMPORT (the shim's `measure_tokens` docstring: "the real tier is reached through `_real_gauge()` (optional import) rather than a hard module-level `import _gauge_tokens`, because that module is deliberately not shipped here") — its source text was expected 1x, found 0x. The allowance is stale, so this gate refuses to compare on a rewrite it cannot perform (quoted source text: "try:\n            (n, how) = gauge.count(text)\n            if how == 'real':\n                _TIERS_S").
2026-09-27T11:49:05.1162368Z   ✗ SHIM BODIES: a DECLARED-DIFFERENCE rule no longer applies for 'measure_tokens' — THE ONE DECLARED OPTIONAL IMPORT (the shim's `measure_tokens` docstring: "the real tier is reached through `_real_gauge()` (optional import) rather than a hard module-level `import _gauge_tokens`, because that module is deliberately not shipped here") — its source text was expected 1x, found 0x. The allowance is stale, so this gate refuses to compare on a rewrite it cannot perform (quoted source text: "try:\n            (n, how) = gauge.count(text)\n            if how == 'real':\n                _TIERS_S").
2026-09-27T11:49:05.1164535Z 
2026-09-27T11:49:05.1165197Z ❌ memento-package delta-audit FAILED — 4 finding(s) above. See memento-package/_PACKAGE-SPEC.md:13-14 (Dave's #64 boundary ruling: copies only, every copy delta-audited).
2026-09-27T11:49:08.6914880Z     ✗ real repo: clean (0 findings; got 4: ['VERBATIM SET: memento-package/machinery/_gen_chain.py DIFFERS from knowledge/_gen_chain.py (copy=machinery/ file=_gen_chain.py) — 367 line(s) differ (sha256 42e4887e89ba vs source 5fa12d24bbd2)', 'VERBATIM SET: memento-package/claude-plugin/memento/machinery/_gen_chain.py DIFFERS from knowledge/_gen_chain.py (copy=claude-plugin copy file=_gen_chain.py) — 367 line(s) differ (sha256 42e4887e89ba vs source 5fa12d24bbd2)'])
2026-09-27T11:49:08.6918783Z     ✓ ARM1 mutation: doctored machinery/_gen_chain.py is caught, names the file + copy + a line count
2026-09-27T11:49:08.6920101Z       quoted: VERBATIM SET: memento-package/machinery/_gen_chain.py DIFFERS from knowledge/_gen_chain.py (copy=machinery/ file=_gen_chain.py) — 369 line(s) differ (sha256 bd617d917574 vs source 5fa12d24bbd2)
2026-09-27T11:49:08.6921635Z     ✓ ARM1 mutation: a MISSING verbatim file (not just a diff) is caught and named
2026-09-27T11:49:08.6922644Z     ✓ ARM3 mutation: copies diverge on a non-verbatim-set file (the manifest) — caught, names the file and 'DIFFERS between'
2026-09-27T11:49:08.6923931Z       quoted: CROSS-COPY: _MACHINERY-MANIFEST.md DIFFERS between memento-package/machinery/ and memento-package/claude-plugin/memento/machinery/ — 2 line(s) differ
2026-09-27T11:49:08.6925144Z     ✓ ARM3 mutation: a known file missing from BOTH copies (pairwise-invisible) is still caught by the completeness sub-check
2026-09-27T11:49:08.6925936Z       quoted: CROSS-COPY: both copies are missing known file(s): ['_consult-lexicon.json']
2026-09-27T11:49:08.6926576Z     ✓ ARM4 mutation: a rogue file is caught, named with its exact path
2026-09-27T11:49:08.6927556Z     ✓ ARM4 control: __pycache__ present in the SAME fixture is excluded BY NAME and never itself reported (proves the exclusion is narrow, not a silent blanket ignore)
2026-09-27T11:49:08.6929385Z       quoted: UNKNOWN FILE: memento-package/machinery/_ROGUE.py (machinery/) is not on the known-files list ['_MACHINERY-MANIFEST.md', '_capture_gate.py', '_consult-lexicon.json', '_gen_chain.py', '_graph_edges.py', '_memento_search.py', '_search_core.py'] — fail loud rather than silently ignored (scope-blindness rule)
2026-09-27T11:49:08.6931088Z     ✓ ARM2(a) mutation: measure_tokens body changed since port commit 91d7528 — caught, names the function and 'CHANGED since the port'
2026-09-27T11:49:08.6932969Z       quoted: SHIM PROVENANCE chain(a): 'measure_tokens' in knowledge/_capture_gate.py has CHANGED since the port commit ba2c9f5 — 1 line(s) differ. memento-package/machinery/_capture_gate.py may now be stale against its declared source; re-review and re-port, or update the docstring.
2026-09-27T11:49:08.6934437Z     ✓ ARM2(b) mutation: measurement_degraded deleted from current source — caught, names the function and 'GONE from current'
2026-09-27T11:49:08.6935664Z       quoted: SHIM PROVENANCE chain(a): 'measurement_degraded' is GONE from current knowledge/_capture_gate.py (present at the port commit ba2c9f5) — the shim's ported source no longer exists to compare against
2026-09-27T11:49:08.6936792Z     ✓ ARM2(c) mutation: GM_VOCAB changed since port commit ace3ed3 — caught, names GM_VOCAB and 'CHANGED since the port'
2026-09-27T11:49:08.6938227Z       quoted: SHIM PROVENANCE chain(b): 'GM_VOCAB' in knowledge/_gm_usage.py has CHANGED since the port commit ace3ed3 — 1 line(s) differ. memento-package/machinery/_capture_gate.py may now be stale against its declared source; re-review and re-port, or update the docstring.
2026-09-27T11:49:08.6939665Z     ✓ ARM2(d) mutation: shim docstring's claimed commit no longer matches the gate's expectation — caught, names both hashes
2026-09-27T11:49:08.6941047Z       quoted: SHIM PROVENANCE: memento-package/machinery/_capture_gate.py's docstring now claims it was ported from knowledge/_capture_gate.py @ deadbee, but this gate is built against ba2c9f5 — the shim was re-ported and the gate was not updated to match.
2026-09-27T11:49:08.6942580Z     ✗ ARM2(e) mutation: BOTH packed shim copies edited IDENTICALLY (invisible to the cross-copy arm) — caught, names the drifted body and both copies
2026-09-27T11:49:08.6943651Z     ✓ ARM2(e) control: the same fixture's CROSS-COPY arm stays silent, proving arm 2b is what saw it (the copies really are still identical to each other)
2026-09-27T11:49:08.6944890Z       quoted: SHIM BODIES: a DECLARED-DIFFERENCE rule no longer applies for 'measure_tokens' — THE ONE DECLARED OPTIONAL IMPORT (the shim's `measure_tokens` docstring: "the real tier is reached 
2026-09-27T11:49:08.6946124Z     ✗ ARM2(f) mutation: an edit INSIDE the one declared-difference region still FAILS — the allowance tolerates its exact quoted text and nothing adjacent to it
2026-09-27T11:49:08.6947321Z     ✓ ARM2(g) mutation: a DECLARED-DIFFERENCE rule that no longer matches fails LOUD and named, rather than widening into a silent pass
2026-09-27T11:49:08.6948502Z       quoted: SHIM BODIES: a DECLARED-DIFFERENCE rule no longer applies for 'read_chain_tk' — selftest: a rule whose source text does not exist — its source text was expected 1x, found 0x. The a
2026-09-27T11:49:08.6949803Z     ✗ ARM2(h) control: with the real table restored, the real pack is GREEN — the three declared allowances are load-bearing, and a correct pack is not red
2026-09-27T11:49:08.6950524Z   ✗ _validate_package_delta selftest: 4 bite(s) failed
2026-09-27T11:49:08.7009478Z 
2026-09-27T11:49:08.7009675Z 
2026-09-27T11:49:08.7010594Z === [75/152] type-composites ratchet — tier (b), debt 1101 shrink-only (Dave #119) — _validate_type_composites.py ===
2026-09-27T11:49:08.7011096Z 
2026-09-27T11:49:08.7011384Z === [76/152] type-composites selftest — _validate_type_composites.py ===
2026-09-27T11:49:08.7011691Z 
2026-09-27T11:49:08.7012054Z === [77/152] coverage gate — _validate_coverage.py ===
2026-09-27T11:49:08.7012578Z 
2026-09-27T11:49:08.7012917Z === [78/152] pro-forma universal gate — _validate_proforma.py ===
2026-09-27T11:49:08.7013368Z 
2026-09-27T11:49:08.7013918Z === [79/152] pro-forma CSS-governed motion gate (DEF-003) — _validate_css_governed.py ===
2026-09-27T11:49:08.7014536Z 
2026-09-27T11:49:08.7015131Z === [80/152] pro-forma no-hardcode styling gate (DEF-004) — _validate_no_hardcode.py ===
2026-09-27T11:49:08.7015733Z 
2026-09-27T11:49:08.7016116Z === [81/152] 4px-grid gate (DEF-005) — _validate_grid.py ===
2026-09-27T11:49:08.7016531Z 
2026-09-27T11:49:08.7017162Z ❌ 4px-grid gate (DEF-005) failed (exit 1) — off-grid layout value(s); see _validate_grid.py output
2026-09-27T11:49:08.7017807Z 
2026-09-27T11:49:08.7018404Z === [82/152] type-binding blast-radius gate (canon/type.css) — _validate_type_blast_radius.py ===
2026-09-27T11:49:08.7019039Z 
2026-09-27T11:49:08.7019765Z === [83/152] descender-clip gate (ds-005) — truncating labels stay descender-safe — _validate_descender_clip.py ===
2026-09-27T11:49:08.7020530Z 
2026-09-27T11:49:08.7021062Z === [84/152] KG edge parse-gate + s135-D4 resolutions-consumed check — _validate_kg.py ===
2026-09-27T11:49:08.7021654Z 
2026-09-27T11:49:08.7022028Z === [85/152] KG edge gate selftest (6 bites) — _validate_kg.py ===
2026-09-27T11:49:08.7022717Z 
2026-09-27T11:49:08.7023564Z === [86/152] KG token-group generator drift check — _token_nodes.json vs the metas (s277-D12, wired #304 W5c) — gen_kg_tokens.py ===
2026-09-27T11:49:08.7024375Z 
2026-09-27T11:49:08.7024908Z === [87/152] KG token-group generator selftest — 8 bites (s277-D12) — gen_kg_tokens.py ===
2026-09-27T11:49:08.7025490Z 
2026-09-27T11:49:08.7026200Z === [88/152] KG node-title generator drift check — _node_titles.json vs the records (#304 W5c) — gen_kg_titles.py ===
2026-09-27T11:49:08.7026929Z 
2026-09-27T11:49:08.7027436Z === [89/152] KG node-title generator selftest — 12 bites (#304 W5c) — gen_kg_titles.py ===
2026-09-27T11:49:08.7028025Z 
2026-09-27T11:49:08.7028724Z === [90/152] Token fork-ban gate — undeclared same-scope forks (s136-D1 lane, #139) — _validate_token_forks.py ===
2026-09-27T11:49:08.7029448Z 
2026-09-27T11:49:08.7030465Z ❌ token fork-ban gate failed (exit 1) — an undeclared same-scope fork of a spine token. Declare it or unify. Run: python3 knowledge/_validate_token_forks.py
2026-09-27T11:49:08.7031413Z 
2026-09-27T11:49:08.7031921Z === [91/152] Token fork-ban selftest (2-direction) — _validate_token_forks.py ===
2026-09-27T11:49:08.7032703Z 
2026-09-27T11:49:08.7033397Z === [92/152] binds shrink-only ratchet (s136-D1 axis A; built #141, wired #146) — _validate_binds_ratchet.py ===
2026-09-27T11:49:08.7034096Z 
2026-09-27T11:49:08.7034732Z === [93/152] DTCG spine conformance gate (s141-D1 axis A; built #141, wired #146) — _validate_dtcg.py ===
2026-09-27T11:49:08.7035399Z 
2026-09-27T11:49:08.7036209Z === [94/152] binds-resolve gate — manifest presence + address→store resolution (#146) — _validate_binds_resolve.py ===
2026-09-27T11:49:08.7037293Z 
2026-09-27T11:49:08.7037978Z === [95/152] binds-resolve selftest — 5 bites incl. any-store clause (#146) — _validate_binds_resolve.py ===
2026-09-27T11:49:08.7038670Z 
2026-09-27T11:49:08.7039545Z === [96/152] chart-intent resolve gate — meta intent address → chart-intents.json (BLOCKING s195-D1) — _validate_intent_resolve.py ===
2026-09-27T11:49:08.7040419Z 
2026-09-27T11:49:08.7041409Z === [97/152] chart-intent resolve selftest — 4 bites incl. list case + absent store (s195-D1) — _validate_intent_resolve.py ===
2026-09-27T11:49:08.7042216Z 
2026-09-27T11:49:08.7043448Z === [98/152] roles/answers resolve gate — meta provides/answers/not-with address → roles.json + chart-intents.json (#253) — _validate_roles_resolve.py ===
2026-09-27T11:49:08.7044427Z 
2026-09-27T11:49:08.7049219Z ❌ roles/answers resolve gate failed (exit 1) — a meta's `provides` is not one of the twelve roles in knowledge/roles.json, an `answers` word is not a key of chart-intents.json, a `not-with`/`with` slug resolves to neither a meta nor a role, two providers of one role claim the same `priority`, `intent` and `answers` disagree, a `span.cols` is inverted, a `shape` is not a key of knowledge/shapes.json, or a `when` gate names a field that is not a key of knowledge/when-fields.json (s254-D2 items 1 and 2 closed those two vocabularies). The role and answers vocabularies are ADOPTED (s252-D1 / s251-D11): a new word enters ONLY by Dave's ruling, never silently. Run: python3 knowledge/_validate_roles_resolve.py
2026-09-27T11:49:08.7053696Z 
2026-09-27T11:49:08.7054894Z === [99/152] roles/answers resolve selftest — 15 bites incl. in-role priority ties, absent store, shape-known and when-fields-known (#253/#254) — _validate_roles_resolve.py ===
2026-09-27T11:49:08.7056010Z 
2026-09-27T11:49:08.7056629Z === [100/152] DataViz chart gate (semantic SVG + tokens + table spine) — _validate_dataviz.py ===
2026-09-27T11:49:08.7057260Z 
2026-09-27T11:49:08.7057985Z === [101/152] DataViz gate selftest — bite-tests dv-004 + the dtype vocabulary (ds-014) — _validate_dataviz.py ===
2026-09-27T11:49:08.7058740Z 
2026-09-27T11:49:08.7059630Z === [102/152] property-resolves gate C2 — silent-lookup class (BLOCKING, ds-018, promoted s121-D1) — _validate_property_resolves.py ===
2026-09-27T11:49:08.7060525Z 
2026-09-27T11:49:08.7061256Z === [103/152] property-resolves gate C2 selftest — 4 bites + a bite-the-bite — _validate_property_resolves.py ===
2026-09-27T11:49:08.7062017Z 
2026-09-27T11:49:08.7063243Z === [104/152] dataviz var-resolution gate — markup fill/stroke var() per theme (BLOCKING s191-D3, ds-0NN #184) — _gate_dataviz_vars.py ===
2026-09-27T11:49:08.7064173Z 
2026-09-27T11:49:08.7065072Z === [105/152] dataviz var-resolution gate selftest — 8 arms incl. alias chain + missing target (ds-0NN) — _gate_dataviz_vars.py ===
2026-09-27T11:49:08.7065922Z 
2026-09-27T11:49:08.7066822Z === [106/152] minted-token consumption inventory — declared-but-never-read (ADVISORY, built #219) — _gate_minted_consumption.py ===
2026-09-27T11:49:08.7067728Z 
2026-09-27T11:49:08.7068558Z === [107/152] minted-consumption selftest — 10 arms incl. both false-positive mutants (#219) — _gate_minted_consumption.py ===
2026-09-27T11:49:08.7069408Z 
2026-09-27T11:49:08.7070306Z === [108/152] hidden-attr vs author-display sweep — painted while hidden (ADVISORY, built #219) — _validate_hidden_display.py ===
2026-09-27T11:49:08.7071176Z 
2026-09-27T11:49:08.7071995Z === [109/152] hidden-attr display selftest — 16 bites incl. the real #218 mutant (#219) — _validate_hidden_display.py ===
2026-09-27T11:49:08.7072994Z 
2026-09-27T11:49:08.7073717Z === [110/152] reverse-text edge-extremity check {#col26-020} (advisory) — _validate_edge_extremity.py ===
2026-09-27T11:49:08.7074434Z 
2026-09-27T11:49:08.7075367Z === [111/152] compliance verification edges — applies_to vs verified_by (advisory) — compliance/_build_verification_edges.py ===
2026-09-27T11:49:08.7076218Z 
2026-09-27T11:49:08.7076956Z === [112/152] external automatable-check refs — axe-core import (advisory) — compliance/_import_axe_rules.py ===
2026-09-27T11:49:08.7077973Z 
2026-09-27T11:49:08.7078534Z === [113/152] consult index — problem-domain query surface — _build_consult_index.py ===
2026-09-27T11:49:08.7079141Z 
2026-09-27T11:49:08.7079521Z === [114/152] consult tool selftest (advisory) — _consult.py ===
2026-09-27T11:49:08.7079966Z 
2026-09-27T11:49:08.7080617Z === [115/152] search core selftest — two-stage engine + receipt format (O2′ #25) — _search_core.py ===
2026-09-27T11:49:08.7081547Z 
2026-09-27T11:49:08.7082195Z === [116/152] memento index — the Memento door's corpus (O2′ #25) — _build_memento_index.py ===
2026-09-27T11:49:08.7083100Z 
2026-09-27T11:49:08.7083677Z === [117/152] memento index determinism check (O2′ #25) — _build_memento_index.py ===
2026-09-27T11:49:08.7084276Z 
2026-09-27T11:49:08.7085008Z === [118/152] memento index selftest — contract refusals + determinism (O2′ #25) — _build_memento_index.py ===
2026-09-27T11:49:08.7085726Z 
2026-09-27T11:49:08.7086442Z === [119/152] memento search selftest — known-answer retrieval + fetch refusal (O2′ #25) — _memento_search.py ===
2026-09-27T11:49:08.7087333Z 
2026-09-27T11:49:08.7088190Z === [120/152] graph mention map — the decision-graph/memento-index join (#115 step 0) — _build_graph_mention_map.py ===
2026-09-27T11:49:08.7089040Z 
2026-09-27T11:49:08.7089783Z === [121/152] graph mention map determinism check (#115 step 0) — _build_graph_mention_map.py ===
2026-09-27T11:49:08.7090655Z 
2026-09-27T11:49:08.7091576Z === [122/152] graph mention map selftest — hit/miss/refusal bites (#115 step 0) — _build_graph_mention_map.py ===
2026-09-27T11:49:08.7092698Z 
2026-09-27T11:49:08.7093383Z === [123/152] read chain file — _CHAIN.md, the cold-start door (#41) — _gen_chain.py ===
2026-09-27T11:49:08.7094041Z 
2026-09-27T11:49:08.7094985Z === [124/152] read chain determinism check — stale _CHAIN.md serves a PREVIOUS session's record (#41) — _gen_chain.py ===
2026-09-27T11:49:08.7095948Z 
2026-09-27T11:49:08.7096694Z === [125/152] read chain selftest — verbatim terms + the CUT + refusal on a blank GM (#41) — _gen_chain.py ===
2026-09-27T11:49:08.7097528Z 
2026-09-27T11:49:08.7098425Z === [126/152] GM size stamp check — a TYPED `size:` figure / drift past the gate's tolerance (s294-D8) — _gen_size_stamp.py ===
2026-09-27T11:49:08.7099379Z 
2026-09-27T11:49:08.7100760Z === [127/152] GM size stamp selftest — the fixed point, the 2-cycle refusal, the ESTIMATE-tier refusal and the gate's own regex parsing what this writes (s294-D8) — _gen_size_stamp.py ===
2026-09-27T11:49:08.7102129Z 
2026-09-27T11:49:08.7103274Z === [128/152] memento schematic — the six subsystems, generated from the file inventory (#127) — _gen_schematic.py ===
2026-09-27T11:49:08.7104170Z 
2026-09-27T11:49:08.7105185Z === [129/152] memento schematic determinism check — a stale diagram publishes a PREVIOUS tree (#127) — _gen_schematic.py ===
2026-09-27T11:49:08.7106200Z 
2026-09-27T11:49:08.7107173Z === [130/152] memento schematic selftest — figure provenance, caption geometry, self-recheck (#127) — _gen_schematic.py ===
2026-09-27T11:49:08.7108116Z 
2026-09-27T11:49:08.7108928Z === [131/152] memento-package delta-audit — #64 boundary enforcement (#79) — _validate_package_delta.py ===
2026-09-27T11:49:08.7121423Z 
2026-09-27T11:49:08.7124799Z ❌ memento-package delta-audit failed (exit 1) — a package copy has drifted from its knowledge/ source, the two in-package copies disagree, an unknown file appeared in a machinery/ folder, or a shim-ported function/constant changed since its declared provenance commit. See memento-package/_PACKAGE-SPEC.md:13-14 (Dave's #64 boundary ruling: copies only, every copy delta-audited). Run: python3 knowledge/_validate_package_delta.py
2026-09-27T11:49:08.7127550Z 
2026-09-27T11:49:08.7128435Z === [132/152] memento-package delta-audit selftest — mutation-tested, all 4 arms (#79) — _validate_package_delta.py ===
2026-09-27T11:49:08.7129264Z 
2026-09-27T11:49:08.8924593Z ❌ memento-package delta-audit failed (exit 1) — a package copy has drifted from its knowledge/ source, the two in-package copies disagree, an unknown file appeared in a machinery/ folder, or a shim-ported function/constant changed since its declared provenance commit. See memento-package/_PACKAGE-SPEC.md:13-14 (Dave's #64 boundary ruling: copies only, every copy delta-audited). Run: python3 knowledge/_validate_package_delta.pyenactment register: 84 rulings -> PROVEN 9 · CLAIMED 21 · UNPROVEN 54 · NOT-GATEABLE 0  (knowledge/_ENACTMENT-REGISTER.md)
2026-09-27T11:50:05.8657226Z   ✓ bite1a: icon-005 (44x44 target) requires RENDER
2026-09-27T11:50:05.8657898Z   ✓ bite1b: icon-005 is UNGATED — no check names it
2026-09-27T11:50:05.8658657Z   ✓ bite1c: aid-009 is cited by a gate AND present in the rules index (not dangling)
2026-09-27T11:50:05.8659533Z   ✓ bite1d: the untagged-anchor population is reported, not silently zero
2026-09-27T11:50:05.8660289Z   ✓ bite2: 'chrome' as a WORD does not promote a gate to RENDER
2026-09-27T11:50:05.8660925Z   ✓ bite3: a real Playwright gate IS detected as RENDER
2026-09-27T11:50:05.8661522Z   ✓ bite4: unclassifiable rule -> UNKNOWN, not I0
2026-09-27T11:50:05.8662147Z   ✓ bite5: a literal-text rule + a static gate is FIT, not flagged
2026-09-27T11:50:05.8663171Z   ✓ bite6: unknown instrument code raises
2026-09-27T11:50:05.8663655Z   ✓ bite7: mixed rule takes the HIGHER rung
2026-09-27T11:50:05.8664179Z   ✓ bite8: this script never counts itself as a gate
2026-09-27T11:50:05.8664509Z 
2026-09-27T11:50:05.8664650Z selftest: 11 bites, 0 failed
2026-09-27T11:51:02.5802980Z instrument fit: 474 rules -> UNDER-INSTRUMENTED 17 · UNGATED 163 · UNTAGGED 282 · EYE-ONLY 5 · FIT 7  (knowledge/_INSTRUMENT-FIT.md)
2026-09-27T11:51:02.5804914Z   ⚠ 1 rule IDs cited by gates are ABSENT from the index (260 untagged anchors of 702 declared): axs-003
2026-09-27T11:51:02.6923794Z /home/runner/work/UX-design/UX-design/knowledge/_build_integrity.py:71: DeprecationWarning: jsonschema.RefResolver is deprecated as of v4.18.0, in favor of the https://github.com/python-jsonschema/referencing library, which provides more compliant referencing behavior as well as more flexible APIs for customization. A future release will remove RefResolver. Please file a feature request (on referencing) if you are missing an API for the kind of customization you need.
2026-09-27T11:51:02.6927358Z   _resolver = jsonschema.RefResolver(base_uri="", referrer=schema)
2026-09-27T11:51:02.9308909Z integrity: FAIL — 13 errors, 25 warnings
2026-09-27T11:51:02.9309519Z schema valid: 133/137
2026-09-27T11:51:02.9309850Z first errors:
2026-09-27T11:51:02.9310919Z   [Data grid] schema: relationships: Additional properties are not allowed ('$composes-verbatim', 'composes' were unexpected)
2026-09-27T11:51:02.9313109Z   [Data grid] schema: stateModel: {'$scope': "the COLUMN HEADER (#261); the grid's live/loading/empty modes stay on the `state` prop", 'states': ['rest', 
2026-09-27T11:51:02.9315298Z   [Data grid] schema: with/0: 'selection-controls (the checkbox — CONSUMED byte-identically, not restated; #261 G3)' is not of type 'object'
2026-09-27T11:51:02.9316292Z   [Data grid] schema: with/1: 'filter-toolbar-bar' is not of type 'object'
2026-09-27T11:51:02.9316843Z   [Data grid] schema: with/2: 'pagination' is not of type 'object'
2026-09-27T11:51:02.9317358Z   [Data grid] schema: with/3: 'search-field' is not of type 'object'
2026-09-27T11:51:02.9317845Z   [Data grid] schema: with/4: 'tags' is not of type 'object'
2026-09-27T11:51:02.9318335Z   [Data grid] schema: with/5: 'skeleton-loader' is not of type 'object'
2026-09-27T11:51:02.9319242Z   [Filter-toolbar-bar] schema: stateModel: {'attribute': 'data-ftb-state', 'states': [{'name': 'no-filters', 'shows': 'the total count and a `No filters applied` h
2026-09-27T11:51:02.9320442Z   [KPI tile] schema: stateModel: {'states': ['ready', 'loading', 'empty', 'error', 'stale'], 'loading': 'role=group + aria-busy=true, an sr-only sentence
2026-09-27T11:51:02.9321510Z   [Legend] schema: provenance/source: 'hand-authored' is not one of ['figma', 'code', 'both', 'gap-report', 'proforma-promotion']
2026-09-27T11:51:02.9323153Z   [Legend] schema: stateModel: {'rest': 'every series shown; Reset disabled', 'check': "one or more swatches unchecked; the unchecked series ghost at 1
2026-09-27T11:51:02.9550912Z     ✓ refuse() returns the convention's exit code
2026-09-27T11:51:02.9551741Z     ✓ EXIT is not 0/1/2 — it cannot be confused with pass, fail, or bad-arguments
2026-09-27T11:51:02.9552541Z     ✓ refuse() prints a line that STARTS with the marker
2026-09-27T11:51:02.9553380Z     ✓ the printed line carries the gate's own reason, not a summary
2026-09-27T11:51:02.9553941Z     ✓ is_refusal() is true for EXIT and false for a real failure
2026-09-27T11:51:02.9554445Z     ✓ reason_in() finds the marker line in captured output
2026-09-27T11:51:02.9555005Z     ✓ reason_in() finds it when the gate prefixed the line (✗ / indentation)
2026-09-27T11:51:02.9555693Z     ✓ reason_in() returns None — never a manufactured reason — when the marker is absent
2026-09-27T11:51:02.9556265Z   ✅ _could_not_ask selftest: all bites pass
2026-09-27T11:51:03.5612274Z 
2026-09-27T11:51:03.5613262Z === P-1 · component meta-schema sweep [sandbox]
2026-09-27T11:51:03.5614553Z   ⛔ data-grid.meta.json [relationships] Additional properties are not allowed ('$composes-verbatim', 'composes' were unexpected)
2026-09-27T11:51:03.5616922Z   ⛔ data-grid.meta.json [stateModel] {'$scope': "the COLUMN HEADER (#261); the grid's live/loading/empty modes stay on the `state` prop", 'states': ['rest', 'hover', 'focus-visible', 'sorted', 'filtered-active', 'menu-open', 'resizing', 
2026-09-27T11:51:03.5619078Z   ⛔ data-grid.meta.json [with/0] 'selection-controls (the checkbox — CONSUMED byte-identically, not restated; #261 G3)' is not of type 'object'
2026-09-27T11:51:03.5619916Z   ⛔ data-grid.meta.json [with/1] 'filter-toolbar-bar' is not of type 'object'
2026-09-27T11:51:03.5620466Z   ⛔ data-grid.meta.json [with/2] 'pagination' is not of type 'object'
2026-09-27T11:51:03.5620990Z   ⛔ data-grid.meta.json [with/3] 'search-field' is not of type 'object'
2026-09-27T11:51:03.5621499Z   ⛔ data-grid.meta.json [with/4] 'tags' is not of type 'object'
2026-09-27T11:51:03.5621989Z   ⛔ data-grid.meta.json [with/5] 'skeleton-loader' is not of type 'object'
2026-09-27T11:51:03.5623431Z   ⛔ filter-toolbar-bar.meta.json [stateModel] {'attribute': 'data-ftb-state', 'states': [{'name': 'no-filters', 'shows': 'the total count and a `No filters applied` hint; no chip row, no clear-all.'}, {'name': 'filtered', 'shows': '`N of M`, the 
2026-09-27T11:51:03.5625095Z   ⛔ kpi-tile.meta.json [stateModel] {'states': ['ready', 'loading', 'empty', 'error', 'stale'], 'loading': 'role=group + aria-busy=true, an sr-only sentence naming the metric, and four skeleton blocks at text/default alpha-08 with a 1.6
2026-09-27T11:51:03.5626335Z   ⛔ legend.meta.json [provenance/source] 'hand-authored' is not one of ['figma', 'code', 'both', 'gap-report', 'proforma-promotion']
2026-09-27T11:51:03.5627653Z   ⛔ legend.meta.json [stateModel] {'rest': 'every series shown; Reset disabled', 'check': "one or more swatches unchecked; the unchecked series ghost at 12% and the row's swatch is hollow", 'isolate': 'a label is pressed; only that se
2026-09-27T11:51:03.5628698Z   ⛔ legend.meta.json [with/0] 'when' does not match any of the regexes: '^\\$'
2026-09-27T11:51:03.5629391Z   ⚪ EXEMPT (declared, never hidden) EXAMPLE-button.meta.json [<root>] 'tokenValidation' is a required property
2026-09-27T11:51:03.5630212Z P-1 meta-schema sweep: 138 meta(s) checked · 13 finding(s) · 1 exempt failure(s) (EXAMPLE-button.meta.json)
2026-09-27T11:51:03.5630737Z PROBE P-1 — findings=13
2026-09-27T11:51:03.5631300Z --- rc=1 findings=13 · /home/runner/work/UX-design/UX-design/knowledge/_probe_registry/probe_meta_schema.py --check
2026-09-27T11:51:03.5631737Z 
2026-09-27T11:51:03.5631888Z === P-2 · duplicate-ID/IDREF scan [sandbox]
2026-09-27T11:51:03.5632595Z   OK  reviews/REVIEW-168-eye-owed-v1.html                        ids= 10 DUP=0 unresolved_idref=0 frag_miss=0
2026-09-27T11:51:03.5633310Z   OK  reviews/REVIEW-168-graphic-amber-blue-picker-v1.html       ids=  2 DUP=0 unresolved_idref=0 frag_miss=0
2026-09-27T11:51:03.5634361Z   OK  reviews/REVIEW-168-rag-glyph-tier-v1.html                  ids=  1 DUP=0 unresolved_idref=0 frag_miss=0
2026-09-27T11:51:03.5635020Z   OK  reviews/REVIEW-168-rag-glyph-tier-v2.html                  ids=  0 DUP=0 unresolved_idref=0 frag_miss=0
2026-09-27T11:51:03.5635721Z   OK  reviews/REVIEW-170-links-ratification-controller-v1.html   ids=  5 DUP=0 unresolved_idref=0 frag_miss=0
2026-09-27T11:51:03.5636598Z   OK  reviews/REVIEW-174-progress-bar-four-themes-v1.html        ids= 24 DUP=0 unresolved_idref=0 frag_miss=0
2026-09-27T11:51:03.5637312Z   OK  reviews/REVIEW-2026-07-02-critical-regroup.html            ids=  1 DUP=0 unresolved_idref=0 frag_miss=0
2026-09-27T11:51:03.5637989Z   OK  reviews/REVIEW-2026-07-10-deep-analysis.html               ids= 22 DUP=0 unresolved_idref=0 frag_miss=0
2026-09-27T11:51:03.5638659Z   OK  reviews/REVIEW-2026-07-10-deep-analysis_rev2.html          ids= 22 DUP=0 unresolved_idref=0 frag_miss=0
2026-09-27T11:51:03.5639329Z   OK  reviews/REVIEW-203-INDEX-2026-08-19-v1.html                ids=  0 DUP=0 unresolved_idref=0 frag_miss=0
2026-09-27T11:51:03.5639993Z   OK  reviews/REVIEW-203-alert-four-themes-v1.html               ids= 21 DUP=0 unresolved_idref=0 frag_miss=0
2026-09-27T11:51:03.5640699Z   OK  reviews/REVIEW-203-amount-display-four-themes-v1.html      ids=  0 DUP=0 unresolved_idref=0 frag_miss=0
2026-09-27T11:51:03.5641432Z   OK  reviews/REVIEW-203-amount-input-four-themes-v1.html        ids= 58 DUP=0 unresolved_idref=0 frag_miss=0
2026-09-27T11:51:03.5642146Z   OK  reviews/REVIEW-203-anchor-nav-four-themes-v1.html          ids=136 DUP=0 unresolved_idref=0 frag_miss=0
2026-09-27T11:51:03.5643208Z   OK  reviews/REVIEW-203-avatar-group-four-themes-v1.html        ids=  8 DUP=0 unresolved_idref=0 frag_miss=0
2026-09-27T11:51:03.5643953Z   OK  reviews/REVIEW-203-canon-dark-repair-before-after-v1.html  ids=449 DUP=0 unresolved_idref=0 frag_miss=0
2026-09-27T11:51:03.5644690Z   OK  reviews/REVIEW-203-combobox-four-themes-v1.html            ids=218 DUP=0 unresolved_idref=0 frag_miss=0
2026-09-27T11:51:03.5645409Z   OK  reviews/REVIEW-203-command-palette-four-themes-v1.html     ids=102 DUP=0 unresolved_idref=0 frag_miss=0
2026-09-27T11:51:03.5646124Z   OK  reviews/REVIEW-203-data-grid-four-themes-v1.html           ids=  0 DUP=0 unresolved_idref=0 frag_miss=0
2026-09-27T11:51:03.5646828Z   OK  reviews/REVIEW-203-date-picker-four-themes-v1.html         ids=160 DUP=0 unresolved_idref=0 frag_miss=0
2026-09-27T11:51:03.5647567Z   OK  reviews/REVIEW-203-date-range-picker-four-themes-v1.html   ids=231 DUP=0 unresolved_idref=0 frag_miss=0
2026-09-27T11:51:03.5648281Z   OK  reviews/REVIEW-203-drawer-four-themes-v1.html              ids=  8 DUP=0 unresolved_idref=0 frag_miss=0
2026-09-27T11:51:03.5648975Z   OK  reviews/REVIEW-203-empty-state-four-themes-v1.html         ids= 26 DUP=0 unresolved_idref=0 frag_miss=0
2026-09-27T11:51:03.5649684Z   OK  reviews/REVIEW-203-file-upload-four-themes-v1.html         ids= 76 DUP=0 unresolved_idref=0 frag_miss=0
2026-09-27T11:51:03.5650397Z   OK  reviews/REVIEW-203-form-layout-four-themes-v1.html         ids=251 DUP=0 unresolved_idref=0 frag_miss=0
2026-09-27T11:51:03.5651097Z   OK  reviews/REVIEW-203-kpi-tile-four-themes-v1.html            ids= 24 DUP=0 unresolved_idref=0 frag_miss=0
2026-09-27T11:51:03.5651805Z   OK  reviews/REVIEW-203-multi-select-four-themes-v1.html        ids=203 DUP=0 unresolved_idref=0 frag_miss=0
2026-09-27T11:51:03.5652809Z   OK  reviews/REVIEW-203-popover-four-themes-v1.html             ids= 33 DUP=0 unresolved_idref=0 frag_miss=0
2026-09-27T11:51:03.5653529Z   OK  reviews/REVIEW-203-secure-entry-four-themes-v1.html        ids= 75 DUP=0 unresolved_idref=0 frag_miss=0
2026-09-27T11:51:03.5654246Z   OK  reviews/REVIEW-203-sidebar-nav-four-themes-v1.html         ids= 65 DUP=0 unresolved_idref=0 frag_miss=0
2026-09-27T11:51:03.5654969Z   OK  reviews/REVIEW-203-skeleton-loader-four-themes-v1.html     ids= 20 DUP=0 unresolved_idref=0 frag_miss=0
2026-09-27T11:51:03.5655869Z   OK  reviews/REVIEW-203-stat-card-four-themes-v1.html           ids=  2 DUP=0 unresolved_idref=0 frag_miss=0
2026-09-27T11:51:03.5656561Z   OK  reviews/REVIEW-203-stepper-four-themes-v1.html             ids=322 DUP=0 unresolved_idref=0 frag_miss=0
2026-09-27T11:51:03.5657262Z   OK  reviews/REVIEW-203-tags-input-four-themes-v1.html          ids=154 DUP=0 unresolved_idref=0 frag_miss=0
2026-09-27T11:51:03.5658092Z   OK  reviews/REVIEW-203-textarea-four-themes-v1.html            ids= 89 DUP=0 unresolved_idref=0 frag_miss=0
2026-09-27T11:51:03.5658799Z   OK  reviews/REVIEW-203-time-picker-four-themes-v1.html         ids= 92 DUP=0 unresolved_idref=0 frag_miss=0
2026-09-27T11:51:03.5659502Z   OK  reviews/REVIEW-203-timeline-four-themes-v1.html            ids= 24 DUP=0 unresolved_idref=0 frag_miss=0
2026-09-27T11:51:03.5660183Z   OK  reviews/REVIEW-203-toast-four-themes-v1.html               ids=  9 DUP=0 unresolved_idref=0 frag_miss=0
2026-09-27T11:51:03.5660886Z   OK  reviews/REVIEW-204-document-row-four-themes-v1.html        ids= 32 DUP=0 unresolved_idref=0 frag_miss=48
2026-09-27T11:51:03.5661587Z   OK  reviews/REVIEW-204-footer-four-themes-v1.html              ids= 40 DUP=0 unresolved_idref=0 frag_miss=8
2026-09-27T11:51:03.5662304Z   OK  reviews/REVIEW-204-layout-utilities-four-themes-v1.html    ids=  0 DUP=0 unresolved_idref=0 frag_miss=0
2026-09-27T11:51:03.5663479Z   OK  reviews/REVIEW-204-payment-card-visual-four-themes-v1.html ids= 56 DUP=0 unresolved_idref=0 frag_miss=0
2026-09-27T11:51:03.5664253Z   OK  reviews/REVIEW-204-popconfirm-four-themes-v1.html          ids= 96 DUP=0 unresolved_idref=0 frag_miss=0
2026-09-27T11:51:03.5664963Z   OK  reviews/REVIEW-204-runway-bar-four-themes-v1.html          ids= 40 DUP=0 unresolved_idref=0 frag_miss=0
2026-09-27T11:51:03.5665664Z   OK  reviews/REVIEW-209-grid-snap-before-after-v1.html          ids=  3 DUP=0 unresolved_idref=0 frag_miss=0
2026-09-27T11:51:03.5666380Z   OK  reviews/REVIEW-209-input-trim-before-after-v1.html         ids=  1 DUP=0 unresolved_idref=0 frag_miss=0
2026-09-27T11:51:03.5667088Z   OK  reviews/REVIEW-210-existence-side-by-side-v1.html          ids=  6 DUP=0 unresolved_idref=0 frag_miss=0
2026-09-27T11:51:03.5667775Z   OK  reviews/REVIEW-210-meter-unification-v1.html               ids=  7 DUP=0 unresolved_idref=0 frag_miss=0
2026-09-27T11:51:03.5668436Z   OK  reviews/REVIEW-210-spacing-fixes-v1.html                   ids=  0 DUP=0 unresolved_idref=0 frag_miss=0
2026-09-27T11:51:03.5669109Z   OK  reviews/REVIEW-212-boot-and-desk-triage-v1.html            ids=  6 DUP=0 unresolved_idref=0 frag_miss=0
2026-09-27T11:51:03.5669753Z   OK  reviews/REVIEW-212-dials-v1.html                           ids=  1 DUP=0 unresolved_idref=0 frag_miss=0
2026-09-27T11:51:03.5670353Z   OK  reviews/REVIEW-212-rule-now-v1.html                        ids=  1 DUP=0 unresolved_idref=0 frag_miss=0
2026-09-27T11:51:03.5671027Z   OK  reviews/REVIEW-213-wave-components-four-theme-v1.html      ids= 60 DUP=0 unresolved_idref=0 frag_miss=0
2026-09-27T11:51:03.5671741Z   OK  reviews/REVIEW-262-nav-supercharge-dark-v1.html            ids=  0 DUP=0 unresolved_idref=0 frag_miss=0
2026-09-27T11:51:03.5672533Z   OK  reviews/REVIEW-tooltip-tip-s162.html                       ids=  4 DUP=0 unresolved_idref=0 frag_miss=0
2026-09-27T11:51:03.5673594Z   ⚠ reviews/REVIEW-204-document-row-four-themes-v1.html:283 href='#doc-jun' targets no id (WARN tier — #204 declared placeholder demo links a design question, not this class)
2026-09-27T11:51:03.5674850Z   ⚠ reviews/REVIEW-204-document-row-four-themes-v1.html:296 href='#doc-may' targets no id (WARN tier — #204 declared placeholder demo links a design question, not this class)
2026-09-27T11:51:03.5676105Z   ⚠ reviews/REVIEW-204-document-row-four-themes-v1.html:308 href='#doc-tax' targets no id (WARN tier — #204 declared placeholder demo links a design question, not this class)
2026-09-27T11:51:03.5677349Z   ⚠ reviews/REVIEW-204-document-row-four-themes-v1.html:321 href='#doc-long' targets no id (WARN tier — #204 declared placeholder demo links a design question, not this class)
2026-09-27T11:51:03.5678761Z   ⚠ reviews/REVIEW-204-document-row-four-themes-v1.html:348 href='#dl-jun' targets no id (WARN tier — #204 declared placeholder demo links a design question, not this class)
2026-09-27T11:51:03.5679993Z   ⚠ reviews/REVIEW-204-document-row-four-themes-v1.html:356 href='#dl-may' targets no id (WARN tier — #204 declared placeholder demo links a design question, not this class)
2026-09-27T11:51:03.5681342Z   ⚠ reviews/REVIEW-204-document-row-four-themes-v1.html:386 href='#doc-jun' targets no id (WARN tier — #204 declared placeholder demo links a design question, not this class)
2026-09-27T11:51:03.5682719Z   ⚠ reviews/REVIEW-204-document-row-four-themes-v1.html:399 href='#doc-may' targets no id (WARN tier — #204 declared placeholder demo links a design question, not this class)
2026-09-27T11:51:03.5683958Z   ⚠ reviews/REVIEW-204-document-row-four-themes-v1.html:411 href='#doc-tax' targets no id (WARN tier — #204 declared placeholder demo links a design question, not this class)
2026-09-27T11:51:03.5685205Z   ⚠ reviews/REVIEW-204-document-row-four-themes-v1.html:424 href='#doc-long' targets no id (WARN tier — #204 declared placeholder demo links a design question, not this class)
2026-09-27T11:51:03.5686437Z   ⚠ reviews/REVIEW-204-document-row-four-themes-v1.html:451 href='#dl-jun' targets no id (WARN tier — #204 declared placeholder demo links a design question, not this class)
2026-09-27T11:51:03.5687661Z   ⚠ reviews/REVIEW-204-document-row-four-themes-v1.html:459 href='#dl-may' targets no id (WARN tier — #204 declared placeholder demo links a design question, not this class)
2026-09-27T11:51:03.5688456Z   ⚠ … 44 more WARN-tier fragment misses (not findings)
2026-09-27T11:51:03.5689096Z P-2 duplicate-ID/IDREF scan: 55 file(s) over ['reviews/REVIEW-*.html'] · 0 finding(s) · 56 WARN-tier fragment miss(es)
2026-09-27T11:51:03.7319698Z PROBE P-2 — findings=0
2026-09-27T11:51:03.7320757Z --- rc=0 findings=0 · /home/runner/work/UX-design/UX-design/knowledge/_probe_registry/probe_dup_ids.py --check
2026-09-27T11:51:03.7321548Z 
2026-09-27T11:51:03.7322013Z === P-3 · dangling-var PIXEL test (render + cascade + pixel) [sandbox-render]
2026-09-27T11:51:03.7324155Z COULD-NOT-ASK: P-3 dangling-var PIXEL test — NOT-IN-THIS-ENVIRONMENT: playwright is not importable. Stage it per knowledge/_RUNBOOK-render-verify.md (PYTHONPATH=/var/tmp/pylibs). REFUSED — not a pass.
2026-09-27T11:51:03.7325903Z PROBE P-3 — findings=UNKNOWN (environment refused, exit 77)
2026-09-27T11:51:03.7327161Z --- rc=77 findings=UNKNOWN · /home/runner/work/UX-design/UX-design/knowledge/_probe_registry/probe_dangling_var_pixel.py --check
2026-09-27T11:51:03.7327991Z 
2026-09-27T11:51:03.7328267Z === P-4 · premise-vs-store diff [sandbox]
2026-09-27T11:51:03.7329102Z   ⛔ STATE-CONTRADICTION  notes/_briefs/2026-08-20-209-w46-gen-brief-demo-lane-2-apollo-charts-v1.md:97 asserts W-14 open; the store says state=done
2026-09-27T11:51:03.7330287Z   ⛔ STATE-CONTRADICTION  notes/_briefs/2026-08-20-209-w46-gen-brief-demo-lane-2-apollo-charts-v1.md:98 asserts W-15 open; the store says state=done
2026-09-27T11:51:03.7331460Z   ⛔ STATE-CONTRADICTION  notes/_briefs/2026-08-20-209-w46-gen-brief-demo-lane-2-apollo-charts-v1.md:99 asserts W-16 open; the store says state=done
2026-09-27T11:51:03.7332885Z   ⛔ STATE-CONTRADICTION  notes/_briefs/2026-08-20-209-w46-gen-brief-demo-lane-2-apollo-charts-v1.md:106 asserts W-43 open; the store says state=done
2026-09-27T11:51:03.7334089Z   ⛔ STATE-CONTRADICTION  notes/_briefs/2026-08-20-209-w46-gen-brief-demo-lane-2-apollo-charts-v1.md:110 asserts W-47 open; the store says state=done
2026-09-27T11:51:03.7335230Z   ⛔ STATE-CONTRADICTION  notes/_briefs/2026-08-20-209-w46-gen-brief-demo-lane-2-apollo-charts-v1.md:117 asserts W-54 open; the store says state=done
2026-09-27T11:51:03.7336262Z   ⛔ STATE-CONTRADICTION  notes/_briefs/2026-08-20-209-wave3-fanout-brief-v1.md:125 asserts W-14 open; the store says state=done
2026-09-27T11:51:03.7337578Z   ⛔ STATE-CONTRADICTION  notes/_briefs/2026-08-20-209-wave3-fanout-brief-v1.md:126 asserts W-15 open; the store says state=done
2026-09-27T11:51:03.7338542Z   ⛔ STATE-CONTRADICTION  notes/_briefs/2026-08-20-209-wave3-fanout-brief-v1.md:127 asserts W-16 open; the store says state=done
2026-09-27T11:51:03.7339506Z   ⛔ STATE-CONTRADICTION  notes/_briefs/2026-08-20-209-wave3-fanout-brief-v1.md:134 asserts W-43 open; the store says state=done
2026-09-27T11:51:03.7340718Z   ⛔ STATE-CONTRADICTION  notes/_briefs/2026-08-20-209-wave3-fanout-brief-v1.md:138 asserts W-47 open; the store says state=done
2026-09-27T11:51:03.7341657Z   ⛔ STATE-CONTRADICTION  notes/_briefs/2026-08-20-209-wave3-fanout-brief-v1.md:145 asserts W-54 open; the store says state=done
2026-09-27T11:51:03.7342773Z   ⛔ STATE-CONTRADICTION  notes/_briefs/2026-08-20-209-wave3-fanout-brief-v1.md:151 asserts W-60 open; the store says state=done
2026-09-27T11:51:03.7343708Z   ⛔ STATE-CONTRADICTION  notes/_briefs/2026-08-20-209-wave3-fanout-brief-v1.md:152 asserts W-61 open; the store says state=done
2026-09-27T11:51:03.7344694Z   ⛔ STATE-CONTRADICTION  notes/_briefs/2026-08-20-210-wave4-heavy7-fanout-brief-v1.md:99 asserts W-14 open; the store says state=done
2026-09-27T11:51:03.7345695Z   ⛔ STATE-CONTRADICTION  notes/_briefs/2026-08-20-210-wave4-heavy7-fanout-brief-v1.md:100 asserts W-15 open; the store says state=done
2026-09-27T11:51:03.7346699Z   ⛔ STATE-CONTRADICTION  notes/_briefs/2026-08-20-210-wave4-heavy7-fanout-brief-v1.md:101 asserts W-16 open; the store says state=done
2026-09-27T11:51:03.7347680Z   ⛔ STATE-CONTRADICTION  notes/_briefs/2026-08-20-210-wave4-heavy7-fanout-brief-v1.md:108 asserts W-43 open; the store says state=done
2026-09-27T11:51:03.7348658Z   ⛔ STATE-CONTRADICTION  notes/_briefs/2026-08-20-210-wave4-heavy7-fanout-brief-v1.md:112 asserts W-47 open; the store says state=done
2026-09-27T11:51:03.7349635Z   ⛔ STATE-CONTRADICTION  notes/_briefs/2026-08-20-210-wave4-heavy7-fanout-brief-v1.md:119 asserts W-54 open; the store says state=done
2026-09-27T11:51:03.7350628Z   ⛔ STATE-CONTRADICTION  notes/_briefs/2026-08-20-210-wave4-heavy7-fanout-brief-v1.md:127 asserts W-64 open; the store says state=done
2026-09-27T11:51:03.7351634Z   ⛔ STATE-CONTRADICTION  notes/_briefs/2026-08-20-210-wave5-layer2-p2-fanout-brief-v1.md:100 asserts W-14 open; the store says state=done
2026-09-27T11:51:03.7352830Z   ⛔ STATE-CONTRADICTION  notes/_briefs/2026-08-20-210-wave5-layer2-p2-fanout-brief-v1.md:101 asserts W-15 open; the store says state=done
2026-09-27T11:51:03.7353864Z   ⛔ STATE-CONTRADICTION  notes/_briefs/2026-08-20-210-wave5-layer2-p2-fanout-brief-v1.md:102 asserts W-16 open; the store says state=done
2026-09-27T11:51:03.7354875Z   ⛔ STATE-CONTRADICTION  notes/_briefs/2026-08-20-210-wave5-layer2-p2-fanout-brief-v1.md:109 asserts W-43 open; the store says state=done
2026-09-27T11:51:03.7355890Z   ⛔ STATE-CONTRADICTION  notes/_briefs/2026-08-20-210-wave5-layer2-p2-fanout-brief-v1.md:113 asserts W-47 open; the store says state=done
2026-09-27T11:51:03.7356908Z   ⛔ STATE-CONTRADICTION  notes/_briefs/2026-08-20-210-wave5-layer2-p2-fanout-brief-v1.md:120 asserts W-54 open; the store says state=done
2026-09-27T11:51:03.7357917Z   ⛔ STATE-CONTRADICTION  notes/_briefs/2026-08-20-210-wave5-layer2-p2-fanout-brief-v1.md:128 asserts W-64 open; the store says state=done
2026-09-27T11:51:03.7358930Z   ⛔ STATE-CONTRADICTION  notes/_briefs/2026-08-20-210-wave6-layer2-p3-fanout-brief-v1.md:107 asserts W-14 open; the store says state=done
2026-09-27T11:51:03.7359949Z   ⛔ STATE-CONTRADICTION  notes/_briefs/2026-08-20-210-wave6-layer2-p3-fanout-brief-v1.md:108 asserts W-15 open; the store says state=done
2026-09-27T11:51:03.7360953Z   ⛔ STATE-CONTRADICTION  notes/_briefs/2026-08-20-210-wave6-layer2-p3-fanout-brief-v1.md:109 asserts W-16 open; the store says state=done
2026-09-27T11:51:03.7361964Z   ⛔ STATE-CONTRADICTION  notes/_briefs/2026-08-20-210-wave6-layer2-p3-fanout-brief-v1.md:116 asserts W-43 open; the store says state=done
2026-09-27T11:51:03.7363298Z   ⛔ STATE-CONTRADICTION  notes/_briefs/2026-08-20-210-wave6-layer2-p3-fanout-brief-v1.md:120 asserts W-47 open; the store says state=done
2026-09-27T11:51:03.7364512Z   ⛔ STATE-CONTRADICTION  notes/_briefs/2026-08-20-210-wave6-layer2-p3-fanout-brief-v1.md:127 asserts W-54 open; the store says state=done
2026-09-27T11:51:03.7365518Z   ⛔ STATE-CONTRADICTION  notes/_briefs/2026-08-20-210-wave6-layer2-p3-fanout-brief-v1.md:135 asserts W-64 open; the store says state=done
2026-09-27T11:51:03.7366665Z   ⛔ STATE-CONTRADICTION  notes/_briefs/2026-08-20-210-wave6-layer2-p3-fanout-brief-v1.md:144 asserts W-75 open; the store says state=parked
2026-09-27T11:51:03.7367709Z   ⛔ STATE-CONTRADICTION  notes/_briefs/2026-08-20-210-wave6-layer2-p3-fanout-brief-v1.md:145 asserts W-76 open; the store says state=parked
2026-09-27T11:51:03.7368749Z   ⛔ STATE-CONTRADICTION  notes/_briefs/2026-08-20-210-wave6-layer2-p3-fanout-brief-v1.md:146 asserts W-77 open; the store says state=parked
2026-09-27T11:51:03.7369787Z   ⛔ STATE-CONTRADICTION  notes/_briefs/2026-08-20-210-wave6-layer2-p3-fanout-brief-v1.md:147 asserts W-78 open; the store says state=parked
2026-09-27T11:51:03.7370817Z   ⛔ STATE-CONTRADICTION  notes/_briefs/2026-08-20-210-wave6-layer2-p3-fanout-brief-v1.md:148 asserts W-79 open; the store says state=parked
2026-09-27T11:51:03.7371812Z   ⛔ STATE-CONTRADICTION  notes/_briefs/2026-08-21-211-findings-repair-wave1-v1.md:125 asserts W-14 open; the store says state=done
2026-09-27T11:51:03.7372961Z   ⛔ STATE-CONTRADICTION  notes/_briefs/2026-08-21-211-findings-repair-wave1-v1.md:126 asserts W-15 open; the store says state=done
2026-09-27T11:51:03.7373922Z   ⛔ STATE-CONTRADICTION  notes/_briefs/2026-08-21-211-findings-repair-wave1-v1.md:127 asserts W-16 open; the store says state=done
2026-09-27T11:51:03.7374876Z   ⛔ STATE-CONTRADICTION  notes/_briefs/2026-08-21-211-findings-repair-wave1-v1.md:134 asserts W-43 open; the store says state=done
2026-09-27T11:51:03.7375815Z   ⛔ STATE-CONTRADICTION  notes/_briefs/2026-08-21-211-findings-repair-wave1-v1.md:138 asserts W-47 open; the store says state=done
2026-09-27T11:51:03.7376764Z   ⛔ STATE-CONTRADICTION  notes/_briefs/2026-08-21-211-findings-repair-wave1-v1.md:145 asserts W-54 open; the store says state=done
2026-09-27T11:51:03.7377719Z   ⛔ STATE-CONTRADICTION  notes/_briefs/2026-08-21-211-findings-repair-wave1-v1.md:161 asserts W-75 open; the store says state=parked
2026-09-27T11:51:03.7378690Z   ⛔ STATE-CONTRADICTION  notes/_briefs/2026-08-21-211-findings-repair-wave1-v1.md:162 asserts W-76 open; the store says state=parked
2026-09-27T11:51:03.7379658Z   ⛔ STATE-CONTRADICTION  notes/_briefs/2026-08-21-211-findings-repair-wave1-v1.md:163 asserts W-77 open; the store says state=parked
2026-09-27T11:51:03.7380624Z   ⛔ STATE-CONTRADICTION  notes/_briefs/2026-08-21-211-findings-repair-wave1-v1.md:164 asserts W-78 open; the store says state=parked
2026-09-27T11:51:03.7381587Z   ⛔ STATE-CONTRADICTION  notes/_briefs/2026-08-21-211-findings-repair-wave1-v1.md:165 asserts W-79 open; the store says state=parked
2026-09-27T11:51:03.7382840Z   ⛔ STATE-CONTRADICTION  notes/_briefs/2026-08-21-211-findings-repair-wave1-v1.md:166 asserts W-80 open; the store says state=parked
2026-09-27T11:51:03.7383810Z   ⛔ STATE-CONTRADICTION  notes/_briefs/2026-08-21-211-findings-repair-wave1-v1.md:167 asserts W-81 open; the store says state=parked
2026-09-27T11:51:03.7384772Z   ⛔ STATE-CONTRADICTION  notes/_briefs/2026-08-21-211-findings-repair-wave1-v1.md:168 asserts W-82 open; the store says state=parked
2026-09-27T11:51:03.7385747Z   ⛔ STATE-CONTRADICTION  notes/_briefs/2026-08-21-211-findings-repair-wave1-v1.md:169 asserts W-83 open; the store says state=parked
2026-09-27T11:51:03.7386710Z   ⛔ STATE-CONTRADICTION  notes/_briefs/2026-08-21-211-findings-repair-wave1-v1.md:170 asserts W-84 open; the store says state=parked
2026-09-27T11:51:03.7387629Z   ⛔ STATE-CONTRADICTION  notes/_briefs/2026-08-21-212-wrap-brief.md:6 asserts W-99 closed/done; the store says state=open
2026-09-27T11:51:03.7388511Z   ⛔ STATE-CONTRADICTION  notes/_briefs/2026-08-21-212-wrap-brief.md:6 asserts W-96 closed/done; the store says state=open
2026-09-27T11:51:03.7389390Z   ⛔ STATE-CONTRADICTION  notes/_briefs/2026-08-21-212-wrap-brief.md:6 asserts W-95 closed/done; the store says state=open
2026-09-27T11:51:03.7390242Z   ⛔ STATE-CONTRADICTION  notes/_briefs/2026-08-21-212-wrap-brief.md:6 asserts W-97 closed/done; the store says state=open
2026-09-27T11:51:03.7391226Z   ⛔ STATE-CONTRADICTION  notes/_briefs/2026-08-21-212-wrap-brief.md:6 asserts W-98 closed/done; the store says state=open
2026-09-27T11:51:03.7392148Z   ⛔ STATE-CONTRADICTION  notes/_briefs/2026-08-21-213-c1-residual-survey-v1.md:25 asserts W-75 open; the store says state=parked
2026-09-27T11:51:03.7393339Z   ⛔ STATE-CONTRADICTION  notes/_briefs/2026-08-21-213-c1-residual-survey-v1.md:25 asserts W-84 open; the store says state=parked
2026-09-27T11:51:03.7394264Z   ⛔ STATE-CONTRADICTION  notes/_briefs/2026-08-21-213-c1-residual-survey-v1.md:92 asserts W-75 open; the store says state=parked
2026-09-27T11:51:03.7395192Z   ⛔ STATE-CONTRADICTION  notes/_briefs/2026-08-21-213-c1-residual-survey-v1.md:92 asserts W-84 open; the store says state=parked
2026-09-27T11:51:03.7396116Z   ⛔ STATE-CONTRADICTION  notes/_briefs/2026-08-21-213-c1-residual-survey-v1.md:169 asserts W-75 open; the store says state=parked
2026-09-27T11:51:03.7397045Z   ⛔ STATE-CONTRADICTION  notes/_briefs/2026-08-21-213-c1-residual-survey-v1.md:169 asserts W-84 open; the store says state=parked
2026-09-27T11:51:03.7398345Z   ⛔ UNROWED-DOC          notes/_briefs/2026-08-22-215-taxonomy-research-v2.md is named by no store row's `home` — the #185 forgotten-document class; the repair is one `_state.add()` row and it is the conductor's, not this probe's
2026-09-27T11:51:03.7399545Z   ⛔ STATE-CONTRADICTION  notes/_briefs/2026-08-26-219-wrap-brief.md:33 asserts W-196 open; the store says state=done
2026-09-27T11:51:03.7400376Z   ⛔ UNKNOWN-RULING       notes/_briefs/2026-08-28-221-wrap-brief.md:6 cites s221-D1 — no such ruling in _rulings.json
2026-09-27T11:51:03.7401192Z   ⛔ UNKNOWN-RULING       notes/_briefs/2026-08-28-221-wrap-brief.md:16 cites s221-D1 — no such ruling in _rulings.json
2026-09-27T11:51:03.7402102Z   ⛔ STATE-CONTRADICTION  notes/_briefs/2026-08-31-230-seg-snippets-eye-brief.md:38 asserts W-307 closed/done; the store says state=open
2026-09-27T11:51:03.7403385Z   ⛔ STATE-CONTRADICTION  notes/_briefs/2026-08-31-231-delegated-wrap-brief.md:1 asserts W-330 closed/done; the store says state=open
2026-09-27T11:51:03.7404342Z   ⛔ STATE-CONTRADICTION  notes/_briefs/2026-09-01-233-delegated-wrap-brief.md:100 asserts W-308 open; the store says state=done
2026-09-27T11:51:03.7405289Z   ⛔ UNKNOWN-RULING       notes/_briefs/2026-09-02-234-quality-bar-research-brief.md:15 cites s63-D1 — no such ruling in _rulings.json
2026-09-27T11:51:03.7406247Z   ⛔ STATE-CONTRADICTION  notes/_briefs/2026-09-02-235-delegated-wrap-brief.md:14 asserts W-340 closed/done; the store says state=open
2026-09-27T11:51:03.7407199Z   ⛔ STATE-CONTRADICTION  notes/_briefs/2026-09-02-235-delegated-wrap-brief.md:14 asserts W-342 closed/done; the store says state=open
2026-09-27T11:51:03.7408309Z   ⛔ STATE-CONTRADICTION  notes/_briefs/2026-09-02-236-delegated-wrap-brief.md:27 asserts W-340 closed/done; the store says state=open
2026-09-27T11:51:03.7409750Z   ⛔ STATE-CONTRADICTION  notes/_briefs/2026-09-02-236-delegated-wrap-brief.md:27 asserts W-342 closed/done; the store says state=open
2026-09-27T11:51:03.7410734Z   ⛔ STATE-CONTRADICTION  notes/_briefs/2026-09-02-236-delegated-wrap-brief.md:31 asserts W-348 open; the store says state=done
2026-09-27T11:51:03.7411659Z   ⛔ STATE-CONTRADICTION  notes/_briefs/2026-09-02-236-delegated-wrap-brief.md:31 asserts W-347 open; the store says state=done
2026-09-27T11:51:03.7412727Z   ⛔ STATE-CONTRADICTION  notes/_briefs/2026-09-02-236-delegated-wrap-brief.md:31 asserts W-344 open; the store says state=done
2026-09-27T11:51:03.7413682Z   ⛔ STATE-CONTRADICTION  notes/_briefs/2026-09-02-239-delegated-wrap-brief.md:17 asserts W-381 closed/done; the store says state=open
2026-09-27T11:51:03.7414653Z   ⛔ STATE-CONTRADICTION  notes/_briefs/2026-09-02-240-delegated-wrap-brief.md:11 asserts W-384 closed/done; the store says state=open
2026-09-27T11:51:03.7415612Z   ⛔ STATE-CONTRADICTION  notes/_briefs/2026-09-03-242-delegated-wrap-brief.md:16 asserts W-374 closed/done; the store says state=open
2026-09-27T11:51:03.7416512Z P-4 premise-vs-store diff: 206 doc(s) over ['notes/_briefs/*.md'] vs 899 store item(s) / 638 ruling(s) · 85 finding(s)
2026-09-27T11:51:05.0624149Z PROBE P-4 — findings=85
2026-09-27T11:51:05.0627030Z --- rc=1 findings=85 · /home/runner/work/UX-design/UX-design/knowledge/_probe_registry/probe_premise_store.py --check
2026-09-27T11:51:05.0627809Z 
2026-09-27T11:51:05.0628073Z === P-5 · stale-figure grep [sandbox]
2026-09-27T11:51:05.0628538Z   live R1 snippets               = 137
2026-09-27T11:51:05.0628957Z   live R2 component metas        = 138
2026-09-27T11:51:05.0629369Z   live R3 showroom pages         = 138
2026-09-27T11:51:05.0629845Z   live R4 type-composite debt    = 1089
2026-09-27T11:51:05.0630318Z   live R5 open store items       = 729
2026-09-27T11:51:05.0631846Z P-5 stale-figure grep: 4 living doc(s) over ['knowledge/_LIVE-STATE.md', 'GOOD-MORNING.md', 'AGENTS.md', 'README.md', 'knowledge/README.md'] · 5 rule(s) live · 0 REFUSED · 0 finding(s)
2026-09-27T11:51:05.0633551Z PROBE P-5 — findings=0
2026-09-27T11:51:05.0634586Z --- rc=0 findings=0 · /home/runner/work/UX-design/UX-design/knowledge/_probe_registry/probe_stale_figure.py --check
2026-09-27T11:51:05.0635382Z 
2026-09-27T11:51:05.0635792Z === P-6 · input leading-trim enactment CANARY [sandbox-render]
2026-09-27T11:51:05.0637131Z COULD-NOT-ASK: P-6 text-box-trim enactment canary — NOT-IN-THIS-ENVIRONMENT: playwright is not importable. Stage it per knowledge/_RUNBOOK-render-verify.md (PYTHONPATH=/var/tmp/pylibs-<n>). REFUSED — not a pass.
2026-09-27T11:51:05.0638140Z PROBE P-6 — findings=UNKNOWN (environment refused, exit 77)
2026-09-27T11:51:05.0638881Z --- rc=77 findings=UNKNOWN · /home/runner/work/UX-design/UX-design/knowledge/_probe_registry/probe_input_trim_enactment.py --check
2026-09-27T11:51:05.0639385Z 
2026-09-27T11:51:05.0639540Z === P-7 · container self-query scan [sandbox]
2026-09-27T11:51:05.0640059Z   OK  knowledge/snippets/Action-bar.reference.html         containers=1  @container-targets=5   FAIL=0 WARN=0
2026-09-27T11:51:05.0640793Z   OK  knowledge/snippets/App-shell-doormat.reference.html  containers=2  @container-targets=10  FAIL=0 WARN=0
2026-09-27T11:51:05.0641530Z   OK  knowledge/snippets/App-shell-focused.reference.html  containers=1  @container-targets=12  FAIL=0 WARN=0
2026-09-27T11:51:05.0642292Z   OK  ledge/snippets/App-shell-multi-column.reference.html containers=1  @container-targets=8   FAIL=0 WARN=0
2026-09-27T11:51:05.0643398Z   OK  knowledge/snippets/App-shell-nav-rail.reference.html containers=1  @container-targets=20  FAIL=0 WARN=0
2026-09-27T11:51:05.0644146Z   OK  knowledge/snippets/App-shell-side-nav.reference.html containers=1  @container-targets=18  FAIL=0 WARN=0
2026-09-27T11:51:05.0645098Z   OK  knowledge/snippets/App-shell-split.reference.html    containers=1  @container-targets=19  FAIL=0 WARN=0
2026-09-27T11:51:05.0645827Z   OK  knowledge/snippets/App-shell-top-nav.reference.html  containers=1  @container-targets=18  FAIL=0 WARN=0
2026-09-27T11:51:05.0646525Z   OK  knowledge/snippets/Banner.reference.html             containers=1  @container-targets=2   FAIL=0 WARN=0
2026-09-27T11:51:05.0647192Z   OK  knowledge/snippets/Button.reference.html             containers=1  @container-targets=4   FAIL=0 WARN=0
2026-09-27T11:51:05.0647866Z   OK  knowledge/snippets/CTA-lockup.reference.html         containers=1  @container-targets=4   FAIL=0 WARN=0
2026-09-27T11:51:05.0648586Z   OK  knowledge/snippets/Card-header-lockup.reference.html containers=1  @container-targets=2   FAIL=0 WARN=0
2026-09-27T11:51:05.0649276Z   OK  knowledge/snippets/Cards.reference.html              containers=1  @container-targets=2   FAIL=0 WARN=0
2026-09-27T11:51:05.0649943Z   OK  knowledge/snippets/Cascader.reference.html           containers=1  @container-targets=4   FAIL=0 WARN=0
2026-09-27T11:51:05.0650627Z   OK  knowledge/snippets/Document-row.reference.html       containers=1  @container-targets=2   FAIL=0 WARN=0
2026-09-27T11:51:05.0651347Z   OK  nowledge/snippets/Feature-grid-lockup.reference.html containers=2  @container-targets=3   FAIL=0 WARN=0
2026-09-27T11:51:05.0652197Z   OK  knowledge/snippets/Filter-toolbar-bar.reference.html containers=2  @container-targets=14  FAIL=0 WARN=0
2026-09-27T11:51:05.0653270Z   OK  wledge/snippets/Footer-doormat-lockup.reference.html containers=2  @container-targets=3   FAIL=0 WARN=0
2026-09-27T11:51:05.0654005Z   OK  knowledge/snippets/Footer.reference.html             containers=1  @container-targets=6   FAIL=0 WARN=0
2026-09-27T11:51:05.0654693Z   OK  knowledge/snippets/Hero-variants.reference.html      containers=1  @container-targets=2   FAIL=0 WARN=0
2026-09-27T11:51:05.0655411Z   OK  knowledge/snippets/Layout-utilities.reference.html   containers=1  @container-targets=1   FAIL=0 WARN=0
2026-09-27T11:51:05.0656114Z   OK  knowledge/snippets/Links.reference.html              containers=1  @container-targets=2   FAIL=0 WARN=0
2026-09-27T11:51:05.0656788Z   OK  knowledge/snippets/List-items.reference.html         containers=1  @container-targets=0   FAIL=0 WARN=0
2026-09-27T11:51:05.0657481Z   OK  knowledge/snippets/Notifications.reference.html      containers=1  @container-targets=2   FAIL=0 WARN=0
2026-09-27T11:51:05.0658205Z   OK  knowledge/snippets/Page-header-lockup.reference.html containers=1  @container-targets=2   FAIL=0 WARN=0
2026-09-27T11:51:05.0658941Z   OK  knowledge/snippets/Progress-tracker.reference.html   containers=1  @container-targets=4   FAIL=0 WARN=0
2026-09-27T11:51:05.0659673Z   OK  knowledge/snippets/Selection-controls.reference.html containers=1  @container-targets=4   FAIL=0 WARN=0
2026-09-27T11:51:05.0660409Z   OK  e/snippets/Standing-order-mandate-row.reference.html containers=1  @container-targets=4   FAIL=0 WARN=0
2026-09-27T11:51:05.0661147Z   OK  knowledge/snippets/Status-indicator.reference.html   containers=1  @container-targets=2   FAIL=0 WARN=0
2026-09-27T11:51:05.0661844Z   OK  knowledge/snippets/Stepper.reference.html            containers=1  @container-targets=4   FAIL=0 WARN=0
2026-09-27T11:51:05.0662746Z   OK  knowledge/snippets/Table.reference.html              containers=1  @container-targets=20  FAIL=0 WARN=0
2026-09-27T11:51:05.0663407Z   OK  knowledge/snippets/Tags.reference.html               containers=1  @container-targets=2   FAIL=0 WARN=0
2026-09-27T11:51:05.0664083Z   OK  knowledge/snippets/Template-auth.reference.html      containers=1  @container-targets=4   FAIL=0 WARN=0
2026-09-27T11:51:05.0664807Z   OK  wledge/snippets/Template-confirmation.reference.html containers=1  @container-targets=1   FAIL=0 WARN=0
2026-09-27T11:51:05.0665543Z   OK  owledge/snippets/Template-create-edit.reference.html containers=1  @container-targets=7   FAIL=0 WARN=0
2026-09-27T11:51:05.0666280Z   OK  dge/snippets/Template-dashboard-bento.reference.html containers=2  @container-targets=10  FAIL=0 WARN=0
2026-09-27T11:51:05.0667158Z   OK  knowledge/snippets/Template-dashboard.reference.html containers=1  @container-targets=1   FAIL=0 WARN=0
2026-09-27T11:51:05.0667877Z   OK  knowledge/snippets/Template-detail.reference.html    containers=2  @container-targets=6   FAIL=0 WARN=0
2026-09-27T11:51:05.0668620Z   OK  knowledge/snippets/Template-empty.reference.html     containers=1  @container-targets=1   FAIL=0 WARN=0
2026-09-27T11:51:05.0669341Z   OK  knowledge/snippets/Template-error.reference.html     containers=1  @container-targets=1   FAIL=0 WARN=0
2026-09-27T11:51:05.0670068Z   OK  nowledge/snippets/Template-list-index.reference.html containers=1  @container-targets=3   FAIL=0 WARN=0
2026-09-27T11:51:05.0670799Z   OK  knowledge/snippets/Template-report.reference.html    containers=1  @container-targets=1   FAIL=0 WARN=0
2026-09-27T11:51:05.0671515Z   OK  knowledge/snippets/Template-settings.reference.html  containers=2  @container-targets=3   FAIL=0 WARN=0
2026-09-27T11:51:05.0672233Z   OK  knowledge/snippets/Template-wizard.reference.html    containers=1  @container-targets=11  FAIL=0 WARN=0
2026-09-27T11:51:05.0673562Z   OK  knowledge/snippets/Timeline.reference.html           containers=1  @container-targets=0   FAIL=0 WARN=0
2026-09-27T11:51:05.0674307Z   OK  knowledge/snippets/Transaction-row.reference.html    containers=1  @container-targets=6   FAIL=0 WARN=0
2026-09-27T11:51:05.0675184Z   OK  knowledge/snippets/Transfer-list.reference.html      containers=1  @container-targets=2   FAIL=0 WARN=0
2026-09-27T11:51:05.0676057Z P-7 container self-query scan: 137 file(s) over ['knowledge/snippets/*.reference.html'] · 0 finding(s) · 0 WARN-tier
2026-09-27T11:51:05.0676612Z PROBE P-7 — findings=0
2026-09-27T11:51:05.0677204Z --- rc=0 findings=0 · /home/runner/work/UX-design/UX-design/knowledge/_probe_registry/probe_container_self_query.py --check
2026-09-27T11:51:05.0677663Z 
2026-09-27T11:51:05.0677848Z === P-8 · dangling-var TEXT scan (no browser) [sandbox]
2026-09-27T11:51:05.0678518Z P-8 dangling-var TEXT scan: 137 file(s) over ['knowledge/snippets/*.reference.html'] · 0 finding(s) in 0 file(s) · by kind {}
2026-09-27T11:51:05.0679075Z PROBE P-8 — findings=0
2026-09-27T11:51:05.0679631Z --- rc=0 findings=0 · /home/runner/work/UX-design/UX-design/knowledge/_probe_registry/probe_dangling_var_text.py --check
2026-09-27T11:51:05.0680076Z 
2026-09-27T11:51:05.0680214Z ==============================================================================
2026-09-27T11:51:05.0680536Z REGISTRY RUN SUMMARY (8 probe(s))
2026-09-27T11:51:05.0680803Z id     env             rc    findings  class
2026-09-27T11:51:05.0681145Z P-1    sandbox         1     13        meta vs meta.schema.json drift
2026-09-27T11:51:05.0681580Z P-2    sandbox         0     0         duplicate id + unresolved IDREF in review pages
2026-09-27T11:51:05.0682068Z P-3    sandbox-render  77    REFUSED   dangling var renders silent black (dataviz)
2026-09-27T11:51:05.0682863Z P-4    sandbox         1     85        premise vs store disagreement (stale carried state)
2026-09-27T11:51:05.0683329Z P-5    sandbox         0     0         stale carried figure vs live measurement
2026-09-27T11:51:05.0683984Z P-6    sandbox-render  77    REFUSED   browser begins ENACTING text-box-trim inside form controls (library-wide field shift, no commit)
2026-09-27T11:51:05.0684730Z P-7    sandbox         0     0         @container rule aimed at its own container (the rule can never fire)
2026-09-27T11:51:05.0685472Z P-8    sandbox         0     0         dangling var(--x) — the property is declared nowhere reachable in the file (TEXT tier)
2026-09-27T11:51:05.0686100Z ⚠ 2 probe(s) reported findings, an UNKNOWN count, or a non-zero rc.
2026-09-27T11:51:05.0686376Z 
2026-09-27T11:51:05.0686687Z ⛔ COULD-NOT-ASK (2) — these probes did NOT run, and this run says NOTHING about their class.
2026-09-27T11:51:05.0687255Z    They do not fail this run; they also do not pass. Each line is the probe's OWN reason:
2026-09-27T11:51:05.0687920Z    [P-3] dangling var renders silent black (dataviz)
2026-09-27T11:51:05.0688932Z        COULD-NOT-ASK: P-3 dangling-var PIXEL test — NOT-IN-THIS-ENVIRONMENT: playwright is not importable. Stage it per knowledge/_RUNBOOK-render-verify.md (PYTHONPATH=/var/tmp/pylibs). REFUSED — not a pass.
2026-09-27T11:51:05.0689963Z    [P-6] browser begins ENACTING text-box-trim inside form controls (library-wide field shift, no commit)
2026-09-27T11:51:05.0691173Z        COULD-NOT-ASK: P-6 text-box-trim enactment canary — NOT-IN-THIS-ENVIRONMENT: playwright is not importable. Stage it per knowledge/_RUNBOOK-render-verify.md (PYTHONPATH=/var/tmp/pylibs-<n>). REFUSED — not a pass.
2026-09-27T11:51:05.0693148Z ⛔ A green registry run proves THE PROBES RAN, not that the tree is clean. Each probe's `blind` field says what it cannot see; the verifier brief keeps free hunting mandatory for exactly that reason.
2026-09-27T11:51:36.5602114Z evidence linter: 336 row(s) from 10 file(s) · 297 mechanical
2026-09-27T11:51:36.5604662Z   ⛔ L1-1 — DEAD POINTER: evidence names `tokens/_blast-radius.json`, which does not exist on disk — a dead pointer reads as evidence. If the ABSENCE is the claim, write `absent:tokens/_blast-radius.json`; if the file lives outside the repo, use the ruled s191-D2 marker `(NON-REPO: <where>)`
2026-09-27T11:51:36.5607756Z   ⛔ L1-4 — s182-D1: MECHANICAL row (tag=PROVEN verdict=None) carries NO probeable token — no command, no existing path, no figure. Evidence: "The verbatim gate line in L1-3. ⛔ Do not quote the brief's numbers"
2026-09-27T11:51:36.5610617Z   ⛔ L1-1 — DEAD POINTER: evidence names `tokens/_blast-radius.json`, which does not exist on disk — a dead pointer reads as evidence. If the ABSENCE is the claim, write `absent:tokens/_blast-radius.json`; if the file lives outside the repo, use the ruled s191-D2 marker `(NON-REPO: <where>)`
2026-09-27T11:51:36.5614144Z   ⛔ C-2 — s182-D1: MECHANICAL row (tag=None verdict=CONFIRMED) carries NO probeable token — no command, no existing path, no figure. Evidence: 'The claim table only counted `PROPOSED` in the snippets. The brief (step 3) requires it in'
2026-09-27T11:51:36.5616885Z   ⛔ H-5 — s182-D1: MECHANICAL row (tag=None verdict=CONFIRMED) carries NO probeable token — no command, no existing path, no figure. Evidence: 'C-6 + L1-10: the six are absent from canon, the generators exist, the reconciliation is av'
2026-09-27T11:51:36.5620249Z   ⛔ W2-13 — DEAD POINTER (truncated): evidence names `notes/x.md…`, and NO path on disk starts with it — the trailing ellipsis does not make a dead pointer legal (#208 laundering hole). Write the full path, or `absent:notes/x.md` if the ABSENCE is the claim, or add the ruled `(NON-REPO: <where>)` marker
2026-09-27T11:51:36.5622230Z ── s182-D1 LINT: 6 failure(s)
2026-09-27T11:51:36.5624434Z ── SAMPLER · seed=205 · pool=230 row(s) with a command · 15 with a declared observation (always drawn) · drawn=20: G-c, W1-5, W2-3, W2-3, W46-11, WIRE-10, WIRE-11, WIRE-13, WIRE-14, WIRE-15, WIRE-18, WIRE-19, WIRE-20, WIRE-21, WIRE-3, WIRE-4, WIRE-5, WIRE-6, WIRE-8, WIRE-9
2026-09-27T11:51:36.5626619Z   ⛔ REFUSED [UNSAFE] G-c — `python3 -c "import _gate_doc_rows as g; g.unrowed(store, pop + [('2026-08-19','notes/_briefs/2026-08`
2026-09-27T11:51:36.5627739Z       `python3 -c` runs arbitrary code — cannot be judged read-only
2026-09-27T11:51:36.5628835Z   ⛔ REFUSED [DOES-NOT-TERMINATE] W1-5 — `python3 knowledge/_capture_gate.py --selftest` did not exit within 30s
2026-09-27T11:51:36.5629935Z   ⛔ REFUSED [SIDE-EFFECTS] W2-3 — `python3 knowledge/_state.py`
2026-09-27T11:51:36.5631034Z       a bare `python3` REWRITES its tracked audit output; #204 declared this exact stop. Only --check/--selftest/--dry-run forms are sampled
2026-09-27T11:51:36.5632224Z   ⛔ REFUSED [SIDE-EFFECTS] W2-3 — `python3 knowledge/_state.py`
2026-09-27T11:51:36.5633526Z       a bare `python3` REWRITES its tracked audit output; #204 declared this exact stop. Only --check/--selftest/--dry-run forms are sampled
2026-09-27T11:51:36.5635369Z   ⛔ REFUSED [SIDE-EFFECTS] W46-11 — `python3 knowledge/_memento_search.py "brief generator mint open items fences"`
2026-09-27T11:51:36.5636792Z       a bare `python3` REWRITES its tracked audit output; #204 declared this exact stop. Only --check/--selftest/--dry-run forms are sampled
2026-09-27T11:51:36.5638085Z   ⛔ REFUSED [UNSAFE] WIRE-10 — `bash knowledge/_git_commit.sh --selftest`
2026-09-27T11:51:36.5638826Z       head verb 'bash' is not on the read-only allowlist
2026-09-27T11:51:36.5639893Z   ✅ RAN WIRE-11 — `grep -c 'pat.match(s)' knowledge/_git_commit.sh` → rc=0 (matches declared + OBSERVATION)
2026-09-27T11:51:36.5641170Z   ✅ RAN WIRE-13 — `grep -c PREFIX_ACK knowledge/_git_commit.sh` → rc=0 (matches declared + OBSERVATION)
2026-09-27T11:51:36.5642243Z   ⛔ OBSERVATION MISMATCH WIRE-14 — `python3 knowledge/_build_all.py --selftest`
2026-09-27T11:51:36.5644647Z       stdout does NOT contain 'exact-ID failure routing over 127 steps' (declared expect_stdout_contains). First 120 chars of stdout: '  selftest (a): 152 registered step ID(s), each resolves to exactly one route ✓\n  selftest (b): unknown step ID refuses,'
2026-09-27T11:51:36.5646943Z   ✅ RAN WIRE-15 — `python3 knowledge/_probe_registry/_registry.py --run --probe P-3` → rc=77 (matches declared + OBSERVATION)
2026-09-27T11:51:36.5648282Z   ⛔ REFUSED [SIDE-EFFECTS] WIRE-18 — `python3 knowledge/_validate_evidence.py notes/_claims`
2026-09-27T11:51:36.5649783Z       a bare `python3` REWRITES its tracked audit output; #204 declared this exact stop. Only --check/--selftest/--dry-run forms are sampled
2026-09-27T11:51:36.5651583Z   ⛔ REFUSED [SIDE-EFFECTS] WIRE-19 — `python3 knowledge/_join_claim_tables.py notes/_claims/208-wave1-claims.jsonl notes/_claims/208-wave2`
2026-09-27T11:51:36.5653464Z       a bare `python3` REWRITES its tracked audit output; #204 declared this exact stop. Only --check/--selftest/--dry-run forms are sampled
2026-09-27T11:51:36.5654919Z   ⛔ RC MISMATCH WIRE-20 — `python3 knowledge/_governs.py --selftest` → rc=77, row declares rc=0
2026-09-27T11:51:36.5656060Z   ⛔ OBSERVATION MISMATCH WIRE-21 — `grep -c 'fetch-depth: 0' .github/workflows/gates.yml`
2026-09-27T11:51:36.5656833Z       expect_count=3 declared, command observed 4
2026-09-27T11:51:36.5657906Z   ✅ RAN WIRE-3 — `grep -c expect_stdout_contains knowledge/_claimtable.py` → rc=0 (matches declared + OBSERVATION)
2026-09-27T11:51:36.5659252Z   ✅ RAN WIRE-4 — `python3 knowledge/_validate_evidence.py --selftest` → rc=0 (matches declared + OBSERVATION)
2026-09-27T11:51:36.5660508Z   ✅ RAN WIRE-5 — `python3 knowledge/_validate_evidence.py --selftest` → rc=0 (matches declared + OBSERVATION)
2026-09-27T11:51:36.5661861Z   ✅ RAN WIRE-6 — `python3 knowledge/_validate_evidence.py --selftest` → rc=0 (matches declared + OBSERVATION)
2026-09-27T11:51:36.5663332Z   ✅ RAN WIRE-8 — `python3 knowledge/_validate_evidence.py --selftest` → rc=0 (matches declared + OBSERVATION)
2026-09-27T11:51:36.5664774Z   ⛔ REFUSED [SIDE-EFFECTS] WIRE-9 — `python3 knowledge/_validate_evidence.py notes/_claims/208-wave1-claims.jsonl notes/_claims/208-wave2`
2026-09-27T11:51:36.5666297Z       a bare `python3` REWRITES its tracked audit output; #204 declared this exact stop. Only --check/--selftest/--dry-run forms are sampled
2026-09-27T11:51:36.5667792Z ── DECLARED GAP: 9 of 20 sampled row(s) were NOT run. Refusal is the honest answer; none of them is counted as a pass.
2026-09-27T11:51:36.5668940Z ⛔ EVIDENCE GATE FAIL — 6 lint · 0 unparsed · 3 rc/observation mismatch
2026-09-27T11:51:37.5385454Z _governs: ⬛ DECLARED (#208) — ruling s202-D3 governs the BARE token `knowledge`, which is a real DIRECTORY. Before #208 it matched every path carrying a `knowledge` segment (the too-loose arm, and the reason the negative control and [13] were red); it now governs NOTHING. REACH LOST HERE. Remedy: name the files/symbols it really governs, via `_inscribe_ruling.py` — the only legal writer of _rulings.json. ⛔ That scope is Dave's call, not this gate's.
2026-09-27T11:51:37.5390600Z _governs: ⬛ DECLARED (#208) — ruling s217-D5 governs the BARE token `showroom`, which is a real DIRECTORY. Before #208 it matched every path carrying a `showroom` segment (the too-loose arm, and the reason the negative control and [13] were red); it now governs NOTHING. REACH LOST HERE. Remedy: name the files/symbols it really governs, via `_inscribe_ruling.py` — the only legal writer of _rulings.json. ⛔ That scope is Dave's call, not this gate's.
2026-09-27T11:51:37.5396333Z _governs: ⬛ DECLARED (#208) — ruling s237-D9 governs the BARE token `apollo-spider`, which is a real DIRECTORY. Before #208 it matched every path carrying a `apollo-spider` segment (the too-loose arm, and the reason the negative control and [13] were red); it now governs NOTHING. REACH LOST HERE. Remedy: name the files/symbols it really governs, via `_inscribe_ruling.py` — the only legal writer of _rulings.json. ⛔ That scope is Dave's call, not this gate's.
2026-09-27T11:51:37.5401724Z _governs: ⬛ DECLARED (#208) — ruling s238-D5 governs the BARE token `apollo-spider`, which is a real DIRECTORY. Before #208 it matched every path carrying a `apollo-spider` segment (the too-loose arm, and the reason the negative control and [13] were red); it now governs NOTHING. REACH LOST HERE. Remedy: name the files/symbols it really governs, via `_inscribe_ruling.py` — the only legal writer of _rulings.json. ⛔ That scope is Dave's call, not this gate's.
2026-09-27T11:51:37.5424986Z _governs: ⬛ DECLARED (#208) — 89 `governs` entr(ies) name a DIRECTORY with a path separator; they governed no file BEFORE #208 and govern none after (unchanged, pre-existing under-specification, not a #208 narrowing): dv-2px-separation→knowledge/snippets, opacity-primitives→knowledge/canon, opacity-primitives→knowledge/snippets, showroom-one-bar-chrome→knowledge/snippets/, showroom-one-bar-chrome→showroom/, snippets-pure-canon→knowledge/snippets/, opacity-primitives-4pct→knowledge/, ds-028→knowledge/snippets/, ds-030→knowledge/snippets/, ds-034→knowledge/snippets/, ds-035→knowledge/tokens/themes/, s114-D4→designer-skills-v1/, s114-D4→designer-skills-v2/, s114-D7→memento-package/, s135-D3→knowledge/components/, s193-D1→memento-package/, s198-D1→knowledge/tokens, s198-D2→knowledge/tokens, s199-D1→knowledge/tokens, s199-D2→knowledge/tokens, s199-D3→knowledge/tokens, s200-D1→knowledge/tokens, s200-D2→knowledge/tokens, s200-D3→knowledge/tokens, s200-D4→knowledge/tokens, s201-D1→knowledge/tokens, s201-D2→knowledge/tokens, s201-D3→knowledge/tokens, s201-D4→knowledge/tokens, s201-D5→knowledge/tokens, s202-D1→knowledge/tokens, s202-D2→knowledge/tokens, s216-D1→knowledge/tokens/themes, s217-D2→knowledge/canon, s217-D2→knowledge/tokens/themes, s217-D3→knowledge/canon, s217-D5→knowledge/canon, s219-D4→designer-skills-v1/, s219-D4→designer-skills-v2/, s219-D4→memento-package/, s219-D5→knowledge/_release/, s219-D6→knowledge/_release/, s219-D7→knowledge/_release/, s219-D7→memento-package/, s219-D8→knowledge/_release/, s219-D9→knowledge/_release/, s219-D9→apollo-spider/, s219-D10→knowledge/_release/, s219-D10→apollo-spider/, s237-D7→notes/_briefs, s245-D1→knowledge/components/, s245-D3→knowledge/components/, s245-D4→knowledge/components/, s245-D5→knowledge/components/, s245-D10→knowledge/tokens, s251-D3→knowledge/components/, s251-D4→knowledge/components/, s251-D5→knowledge/components/, s251-D6→knowledge/components/, s251-D7→knowledge/components/, s251-D8→knowledge/components/, s251-D9→knowledge/components/, s251-D10→knowledge/components/, s251-D11→knowledge/components/, s251-D12→knowledge/components/, s260-D3→knowledge/_tests/chart-engine/, s261-D1→knowledge/snippets/, s261-D1→apollo-spider/, s261-D8→showroom/, s261-D8→reviews/, s268-D1→apollo-spider/dist/, s268-D2→apollo-spider/dist/, s268-D3→apollo-spider/dist/, s268-D4→apollo-spider/dist/, s268-D6→knowledge/components/, s273-D1→knowledge/components, s273-D2→knowledge/components, s276-D1→knowledge/compliance/rules, s276-D2→knowledge/compliance/rules, s277-D4→knowledge/assets/logos/, s277-D5→knowledge/components/, s277-D7→knowledge/assets/logos/, s277-D9→knowledge/guidelines/, s277-D10→designer-skills-v2/, s277-D12→knowledge/tokens/, s278-D1→designer-skills-v2/, s279-D1→designer-skills-v2/, s279-D1→knowledge/_release/, s282-D4→knowledge/assets/logos/
2026-09-27T11:51:37.5444854Z _governs: COULD-NOT-ASK — ruling ds-034's evidence `outputs/_FINDING-canon-pri-hover-brand-mono-fork-2026-08-06-v1.md` is excluded by this repo's own .gitignore — no checkout can hold it, so whether it has rotted is UNASKABLE here; the machine that wrote it is where that question has an answer
2026-09-27T11:51:37.5448198Z _governs: COULD-NOT-ASK — ruling ds-034's evidence `outputs/_PARTITION-button-primary-2026-08-06-v1.md` is excluded by this repo's own .gitignore — no checkout can hold it, so whether it has rotted is UNASKABLE here; the machine that wrote it is where that question has an answer
2026-09-27T11:51:37.5451578Z _governs: COULD-NOT-ASK — ruling ds-035's evidence `outputs/_FINDING-canon-pri-hover-brand-mono-fork-2026-08-06-v1.md` is excluded by this repo's own .gitignore — no checkout can hold it, so whether it has rotted is UNASKABLE here; the machine that wrote it is where that question has an answer
2026-09-27T11:51:37.5454088Z _governs: SKIPPED anchor on superseded ruling s129-D1 (superseded_by s171-D1): `knowledge/_gauge_tokens.py#BOOT_FIRSTTURN_TK = 54_859`
2026-09-27T11:51:37.5455584Z _governs: SKIPPED anchor on superseded ruling s129-D1 (superseded_by s171-D1): `knowledge/_gauge_tokens.py#RE-BASED #129, 2026-08-08`
2026-09-27T11:51:37.5457361Z _governs: SKIPPED anchor on superseded ruling s129-D1 (superseded_by s171-D1): `knowledge/_capture_gate.py#if "boot" not in ln.lower():`
2026-09-27T11:51:37.5458872Z _governs: SKIPPED anchor on superseded ruling s129-D1 (superseded_by s171-D1): `notes/_GAUGE-LOG.md##### 2026-08-08 #129`
2026-09-27T11:51:37.5460403Z _governs: SKIPPED anchor on superseded ruling s129-D1 (superseded_by s171-D1): `notes/_MEMENTO-DECISIONS.md#THE BOOT FLOOR IS RE-BASED: 75,899`
2026-09-27T11:51:37.5463342Z _governs: COULD-NOT-ASK — ruling s245-D6's evidence `knowledge/_tmp/l3-245/rename-plan.json` is excluded by this repo's own .gitignore — no checkout can hold it, so whether it has rotted is UNASKABLE here; the machine that wrote it is where that question has an answer
2026-09-27T11:51:37.5464734Z   _governs.py selftest: all bites green (4 pointer(s) UNASKABLE in this checkout)
2026-09-27T11:51:37.5469404Z COULD-NOT-ASK: _governs.py --selftest — 4 evidence pointer(s) name paths this checkout cannot hold: ruling ds-034's evidence `outputs/_FINDING-canon-pri-hover-brand-mono-fork-2026-08-06-v1.md` is excluded by this repo's own .gitignore — no checkout can hold it, so whether it has rotted is UNASKABLE here; the machine that wrote it is where that question has an answer · ruling ds-034's evidence `outputs/_PARTITION-button-primary-2026-08-06-v1.md` is excluded by this repo's own .gitignore — no checkout can hold it, so whether it has rotted is UNASKABLE here; the machine that wrote it is where that question has an answer · ruling ds-035's evidence `outputs/_FINDING-canon-pri-hover-brand-mono-fork-2026-08-06-v1.md` is excluded by this repo's own .gitignore — no checkout can hold it, so whether it has rotted is UNASKABLE here; the machine that wrote it is where that question has an answer · ruling s245-D6's evidence `knowledge/_tmp/l3-245/rename-plan.json` is excluded by this repo's own .gitignore — no checkout can hold it, so whether it has rotted is UNASKABLE here; the machine that wrote it is where that question has an answer
2026-09-27T11:51:37.6194601Z frozen-release gate — 3 release(s) at 9f9ff879aa50
2026-09-27T11:51:37.6195416Z   designer-skills-v1   version v1          6 file(s)  b83d048483b7
2026-09-27T11:51:37.6196200Z   designer-skills-v2   version v2.1     1102 file(s)  ae920995c32e
2026-09-27T11:51:37.6196940Z   apollo-spider        version v1.0.13    13 file(s)  60604b8d109e
2026-09-27T11:51:37.6197385Z 
2026-09-27T11:51:37.6197678Z PASS — 3 arm(s) asked, no frozen surface moved.
2026-09-27T11:51:38.4965259Z selftest: 17 bites, 0 fail(s)
2026-09-27T11:51:39.5312026Z PASS — the manifest at knowledge/_release/_pack_manifest.json is byte-identical to a fresh generation at 08e315dca376 (1714 files, sha256 499c144ccbf84f34)
2026-09-27T11:51:39.5313663Z 
2026-09-27T11:51:39.5314327Z PARKED DUE — 5 parked item(s) are due at release-cut — python3 knowledge/_parked.py --due release-cut
2026-09-27T11:51:40.6591406Z SKIPPED — apollo-spider/dist/Apollo-Spider-v1.0.0.zip is FROZEN HISTORY (not the manifest's v1.0.13); its integrity is _gate_frozen_release.py's jurisdiction, not this arm's
2026-09-27T11:51:40.6594503Z SKIPPED — apollo-spider/dist/Apollo-Spider-v1.0.1.zip is FROZEN HISTORY (not the manifest's v1.0.13); its integrity is _gate_frozen_release.py's jurisdiction, not this arm's
2026-09-27T11:51:40.6595927Z SKIPPED — apollo-spider/dist/Apollo-Spider-v1.0.10.zip is FROZEN HISTORY (not the manifest's v1.0.13); its integrity is _gate_frozen_release.py's jurisdiction, not this arm's
2026-09-27T11:51:40.6597306Z SKIPPED — apollo-spider/dist/Apollo-Spider-v1.0.11.zip is FROZEN HISTORY (not the manifest's v1.0.13); its integrity is _gate_frozen_release.py's jurisdiction, not this arm's
2026-09-27T11:51:40.6598645Z SKIPPED — apollo-spider/dist/Apollo-Spider-v1.0.12.zip is FROZEN HISTORY (not the manifest's v1.0.13); its integrity is _gate_frozen_release.py's jurisdiction, not this arm's
2026-09-27T11:51:40.6599639Z PASS — apollo-spider/dist/Apollo-Spider-v1.0.13.zip matches the manifest at 08e315dca376
2026-09-27T11:51:40.6600712Z SKIPPED — apollo-spider/dist/Apollo-Spider-v1.0.2.zip is FROZEN HISTORY (not the manifest's v1.0.13); its integrity is _gate_frozen_release.py's jurisdiction, not this arm's
2026-09-27T11:51:40.6602034Z SKIPPED — apollo-spider/dist/Apollo-Spider-v1.0.3.zip is FROZEN HISTORY (not the manifest's v1.0.13); its integrity is _gate_frozen_release.py's jurisdiction, not this arm's
2026-09-27T11:51:40.6603749Z SKIPPED — apollo-spider/dist/Apollo-Spider-v1.0.4.zip is FROZEN HISTORY (not the manifest's v1.0.13); its integrity is _gate_frozen_release.py's jurisdiction, not this arm's
2026-09-27T11:51:40.6605120Z SKIPPED — apollo-spider/dist/Apollo-Spider-v1.0.6.zip is FROZEN HISTORY (not the manifest's v1.0.13); its integrity is _gate_frozen_release.py's jurisdiction, not this arm's
2026-09-27T11:51:40.6606433Z SKIPPED — apollo-spider/dist/Apollo-Spider-v1.0.7.zip is FROZEN HISTORY (not the manifest's v1.0.13); its integrity is _gate_frozen_release.py's jurisdiction, not this arm's
2026-09-27T11:51:40.6607655Z SKIPPED — apollo-spider/dist/Apollo-Spider-v1.0.8.zip is FROZEN HISTORY (not the manifest's v1.0.13); its integrity is _gate_frozen_release.py's jurisdiction, not this arm's
2026-09-27T11:51:40.6608856Z SKIPPED — apollo-spider/dist/Apollo-Spider-v1.0.9.zip is FROZEN HISTORY (not the manifest's v1.0.13); its integrity is _gate_frozen_release.py's jurisdiction, not this arm's
2026-09-27T11:51:40.6611153Z ❌ the manifest reads version 'v1.0.13' and NO zip in dist/ carries it (zips present: Apollo-Spider-v1.0.0.zip, Apollo-Spider-v1.0.1.zip, Apollo-Spider-v1.0.10.zip, Apollo-Spider-v1.0.11.zip, Apollo-Spider-v1.0.12.zip, Apollo-Spider-v1.0.2.zip, Apollo-Spider-v1.0.3.zip, Apollo-Spider-v1.0.4.zip, Apollo-Spider-v1.0.6.zip, Apollo-Spider-v1.0.7.zip, Apollo-Spider-v1.0.8.zip, Apollo-Spider-v1.0.9.zip) — the manifest names a release nobody baked.
2026-09-27T11:51:40.6613281Z ADVISORY — the manifest was generated at 08e315dca376; HEAD is 9f9ff879aa50, 331 commit(s) later.
2026-09-27T11:51:40.6613888Z   A pack cut now would ship the tree as it stood at 08e315dca376. That may be exactly right.
2026-09-27T11:51:40.6614518Z   ⬛ WHETHER TO RE-CUT IS DAVE'S (s219-D4(2)): a release is explicit, versioned, his word.
2026-09-27T11:51:40.6615358Z   If he says re-cut: python3 knowledge/_release/_gen_pack_manifest.py --probe --commit <sha> && python3 knowledge/_release/_gen_pack_manifest.py --manifest --commit <sha>
2026-09-27T11:51:40.6616075Z selftest: 10 bites, 0 fail(s)
2026-09-27T11:51:40.7055390Z COULD-NOT-ASK: apollo-spider/ci-template/gates.yml — PyYAML is not importable in this environment, and this gate parses the template in YAML rather than guessing at it with string matching. Install it (pip install pyyaml) — the release job in .github/workflows/gates.yml does exactly that
2026-09-27T11:51:40.7469754Z COULD-NOT-ASK: the ci-template selftest — PyYAML is not importable, and every arm below parses YAML. Install it (pip install pyyaml).
2026-09-27T11:51:41.1201949Z SKIPPED — apollo-spider/dist/Apollo-Spider-v1.0.0.zip is FROZEN HISTORY (not the manifest's v1.0.13); its integrity is _gate_frozen_release.py's jurisdiction, not this arm's
2026-09-27T11:51:41.1204299Z SKIPPED — apollo-spider/dist/Apollo-Spider-v1.0.1.zip is FROZEN HISTORY (not the manifest's v1.0.13); its integrity is _gate_frozen_release.py's jurisdiction, not this arm's
2026-09-27T11:51:41.1206314Z SKIPPED — apollo-spider/dist/Apollo-Spider-v1.0.10.zip is FROZEN HISTORY (not the manifest's v1.0.13); its integrity is _gate_frozen_release.py's jurisdiction, not this arm's
2026-09-27T11:51:41.1208264Z SKIPPED — apollo-spider/dist/Apollo-Spider-v1.0.11.zip is FROZEN HISTORY (not the manifest's v1.0.13); its integrity is _gate_frozen_release.py's jurisdiction, not this arm's
2026-09-27T11:51:41.1210239Z SKIPPED — apollo-spider/dist/Apollo-Spider-v1.0.12.zip is FROZEN HISTORY (not the manifest's v1.0.13); its integrity is _gate_frozen_release.py's jurisdiction, not this arm's
2026-09-27T11:51:41.1211729Z PASS — apollo-spider/dist/Apollo-Spider-v1.0.13.zip matches the manifest at 08e315dca376
2026-09-27T11:51:41.1213490Z SKIPPED — apollo-spider/dist/Apollo-Spider-v1.0.2.zip is FROZEN HISTORY (not the manifest's v1.0.13); its integrity is _gate_frozen_release.py's jurisdiction, not this arm's
2026-09-27T11:51:41.1215622Z SKIPPED — apollo-spider/dist/Apollo-Spider-v1.0.3.zip is FROZEN HISTORY (not the manifest's v1.0.13); its integrity is _gate_frozen_release.py's jurisdiction, not this arm's
2026-09-27T11:51:41.1217889Z SKIPPED — apollo-spider/dist/Apollo-Spider-v1.0.4.zip is FROZEN HISTORY (not the manifest's v1.0.13); its integrity is _gate_frozen_release.py's jurisdiction, not this arm's
2026-09-27T11:51:41.1220091Z SKIPPED — apollo-spider/dist/Apollo-Spider-v1.0.6.zip is FROZEN HISTORY (not the manifest's v1.0.13); its integrity is _gate_frozen_release.py's jurisdiction, not this arm's
2026-09-27T11:51:41.1222073Z SKIPPED — apollo-spider/dist/Apollo-Spider-v1.0.7.zip is FROZEN HISTORY (not the manifest's v1.0.13); its integrity is _gate_frozen_release.py's jurisdiction, not this arm's
2026-09-27T11:51:41.1224458Z SKIPPED — apollo-spider/dist/Apollo-Spider-v1.0.8.zip is FROZEN HISTORY (not the manifest's v1.0.13); its integrity is _gate_frozen_release.py's jurisdiction, not this arm's
2026-09-27T11:51:41.1226696Z SKIPPED — apollo-spider/dist/Apollo-Spider-v1.0.9.zip is FROZEN HISTORY (not the manifest's v1.0.13); its integrity is _gate_frozen_release.py's jurisdiction, not this arm's
2026-09-27T11:51:41.1870814Z ADVISORY — the manifest was generated at 08e315dca376; HEAD is 9f9ff879aa50, 331 commit(s) later.
2026-09-27T11:51:41.1871869Z   A pack cut now would ship the tree as it stood at 08e315dca376. That may be exactly right.
2026-09-27T11:51:41.1873145Z   ⬛ WHETHER TO RE-CUT IS DAVE'S (s219-D4(2)): a release is explicit, versioned, his word.
2026-09-27T11:51:41.1874460Z   If he says re-cut: python3 knowledge/_release/_gen_pack_manifest.py --probe --commit <sha> && python3 knowledge/_release/_gen_pack_manifest.py --manifest --commit <sha>
2026-09-27T11:51:41.3194202Z polarity gate (s238-D7): home knowledge/brain · rows 30 (live 30 · retired 0) · parties 68 (principle 45 · obligation 6 · ruling 2 · stub 15) · stubs declared 15 · links 21 by type challengedBy=4 explainedBy=1 resolvedBy=7 touches=9 · refusals asked: R1 R2 R3 R4 R5 — none fired
2026-09-27T11:51:41.3197398Z   quotes 21: verbatim against their source rows in notes/_subreports/assets/2026-09-02-236-R1-principles-survey/tensions.json — 21 verified (an unverifiable quote is refused, never declared — Q3 #239) · schema pinned c2c165ac126d… + 54 floors · receipt $migration verified
2026-09-27T11:51:41.3199819Z   receipts (s240-D3): ONE pointer per node — R1 register row 30 · $seed ruling id 0 · retiredBy 0
2026-09-27T11:51:41.3201270Z   RULE R-OBLIGATION: >=1 party resolves to a principles.json row whose grade is L (= OBLIGATION, s237-D1; a node type no principle can outrank, s237-D2) -> settled-by-obligation. Applied FIRST.
2026-09-27T11:51:41.3204015Z   RULE R-RESOLVED: >=1 link typed resolvedBy whose ref is a live ruling in knowledge/_rulings.json -> resolved. (237-T's R-RESOLVED read how_it_resolves prose for an id; the typed link IS that citation, migrated.)
2026-09-27T11:51:41.3205478Z   RULE R-OPEN: the complement.
2026-09-27T11:51:41.3207763Z   RULE RULE-K/RULE-D: knowable_how / disposition / ask_when / factory_default are COPIED per open row from 237-T's open-tensions.json, FLOATED — the four ask-whens are Dave's (s238-D3); this file rules nothing. `factory_default` is the GRILL's sense of default (value used because nothing was asked), not s219-D3's shipped option.
2026-09-27T11:51:41.3210295Z   status derived: settled-by-obligation 6 · resolved 4 · open 20   (237-T at its clock: 6 · 3 · 21)
2026-09-27T11:51:41.3213876Z   RULE EDGES: for each polarity, for each unordered pair of parties on DIFFERENT sides whose refs both resolve to principles.json rows (principle or obligation) -> one edge carrying the polarity id and its mediating variable. Same-side pairs produce NO edge (237-T finding 4: tn-19's three persuasion principles are one side). Stubs and rulings produce NO edge (237-T finding 3: an edge needs a register node at both ends). This is a VIEW: the node is the home (s238-D1).
2026-09-27T11:51:41.3216771Z   edges derived: 22
2026-09-27T11:51:41.3218250Z   D-DECLARE (s238-D5): a polarity's factory default is DECLARED iff it BENT AWAY FROM THE CONSERVATIVE SIDE — not all of them, not on demand.  open 20 · declared 0 · UNPROVEN 20 (conservative side not carried as data)
2026-09-27T11:51:41.3220194Z   ✓ _generated/polarity-status.json fresh (generated_at 2026-09-02T15:18:55Z, content byte-identical)
2026-09-27T11:51:41.3221485Z   ✓ _generated/polarity-edges.json fresh (generated_at 2026-09-02T15:18:55Z, content byte-identical)
2026-09-27T11:51:41.3222927Z   ✓ _generated/defaults-declaration.txt fresh (generated_at 2026-09-02T15:18:55Z, content byte-identical)
2026-09-27T11:51:41.3224057Z ✓ polarity gate GREEN — five refusals asked and none fired; generated files content-fresh
2026-09-27T11:51:50.1023485Z ====================================================================================================
2026-09-27T11:51:50.1024832Z _validate_polarities.py --selftest — every arm drives gate() on a copy of the REAL rows
2026-09-27T11:51:50.1025706Z ====================================================================================================
2026-09-27T11:51:50.1026284Z   #  result  expect    rc  named  arm
2026-09-27T11:51:50.1026824Z   1  PASS    green      0  -      CONTROL: the real 30 rows, untouched
2026-09-27T11:51:50.1027535Z   2  PASS    red        1  yes    R1 dangling PARTY ref (pr-does-not-exist)
2026-09-27T11:51:50.1028269Z   3  PASS    red        1  yes    R1 dangling LINK ref (s999-D9)
2026-09-27T11:51:50.1028961Z   4  PASS    red        1  yes    R1 link to a SUPERSEDED ruling (s129-D1, real store)
2026-09-27T11:51:50.1029745Z   5  PASS    red        1  yes    R1 PARTY that is a superseded ruling (s129-D1)
2026-09-27T11:51:50.1030696Z   6  PASS    red        1  yes    V30 R1 resolvedBy a ruling superseded in the store's PROSE only (s200-D2) (#239 Q1)
2026-09-27T11:51:50.1032045Z   7  PASS    red        1  yes    V31 R1 resolvedBy a ruling whose status says OPEN/PARKED/DEFERRED/FORKED (gauge-band) (#239 Q1)
2026-09-27T11:51:50.1033793Z   8  PASS    green      0  -      V31-control: the SAME ruling as `touches` is fine — only a resolvedBy closes (#239 Q1)
2026-09-27T11:51:50.1034665Z   9  PASS    red        1  yes    R1 SELF-PARTY (pl-01 lists itself)
2026-09-27T11:51:50.1035473Z  10  PASS    red        1  yes    R1 CIRCULAR polarity→polarity LINK (pl-01 → pl-02)
2026-09-27T11:51:50.1036662Z  11  PASS    red        1  yes    R1 CIRCULAR polarity as a PARTY of another (pl-02 on pl-01)
2026-09-27T11:51:50.1037423Z  12  PASS    red        1  yes    R1 link to a PRINCIPLE id (wrong register)
2026-09-27T11:51:50.1038062Z  13  PASS    red        1  yes    R1 undeclared STUB (st-not-declared)
2026-09-27T11:51:50.1038793Z  14  PASS    red        1  yes    R1 a declared stub REMOVED from stubs.json (pl-05's party dangles)
2026-09-27T11:51:50.1039993Z  15  PASS    red        1  yes    R1 homoglyph ref (Cyrillic а in pr-jakobs-law) — non-ASCII id
2026-09-27T11:51:50.1040716Z  16  PASS    red        1  yes    R2 UNTYPED link (type key absent)
2026-09-27T11:51:50.1041550Z  17  PASS    red        1  yes    V200 R2 UNTYPED link that is a bare string (#239 misnamed→named)
2026-09-27T11:51:50.1042704Z  18  PASS    red        1  yes    V201 R2 UNTYPED link with type null (#239 misnamed→named)
2026-09-27T11:51:50.1043575Z  19  PASS    red        1  yes    V202 R2 link type is a LIST — named, no crash (#239 Q7)
2026-09-27T11:51:50.1044254Z  20  PASS    red        1  yes    R2 UNKNOWN (fifth) link type `relatedTo`
2026-09-27T11:51:50.1044936Z  21  PASS    red        1  yes    R2 link type wrong case `ResolvedBy`
2026-09-27T11:51:50.1045550Z  22  PASS    red        1  yes    R2 link type empty string
2026-09-27T11:51:50.1046181Z  23  PASS    red        1  yes    R3 judgement field `how_it_resolves` on a node
2026-09-27T11:51:50.1046876Z  24  PASS    red        1  yes    R3 judgement field of ANOTHER name (`verdict`)
2026-09-27T11:51:50.1047584Z  25  PASS    red        1  yes    R3 judgement smuggled into a link `quote` (16 words)
2026-09-27T11:51:50.1048318Z  26  PASS    red        1  yes    R3 judgement smuggled into a party `note` (16 words)
2026-09-27T11:51:50.1049049Z  27  PASS    red        1  yes    R3 judgement field inside a PARTY object (`why`)
2026-09-27T11:51:50.1049724Z  28  PASS    red        1  yes    R3 stub with a third key (`rationale`)
2026-09-27T11:51:50.1050442Z  29  PASS    red        1  yes    R3 link quote PARAPHRASED (not verbatim in the source row)
2026-09-27T11:51:50.1051415Z  30  PASS    red        1  yes    V230 R3 party note that is a 14-word verdict, not verbatim in the source row (#239 Q5)
2026-09-27T11:51:50.1052943Z  31  PASS    red        1  yes    V231 R3 note of 44 visible words joined by U+200B — counted AND the character refused (#239 Q5)
2026-09-27T11:51:50.1054095Z  32  PASS    red        1  yes    V232 R3 mediating_variable of 300 words (#239 Q5: maxWords 25 FLOATED + verbatim)
2026-09-27T11:51:50.1055192Z  33  PASS    red        1  yes    V232b R3 mediating_variable rewritten (short, not verbatim in the source row) (#239 Q5)
2026-09-27T11:51:50.1056212Z  34  PASS    red        1  yes    V233 R3 sources[0].id that is a 300-word verdict (#239 Q5: patterned + maxWords 1)
2026-09-27T11:51:50.1057483Z  35  PASS    red        1  yes    V234 R3 stub phrase that is a 15-word verdict — not verbatim in the register (#239 Q5)
2026-09-27T11:51:50.1058534Z  36  PASS    red        1  yes    V22 R3/S stub whose phrase is one U+200B (visually empty) (#239 Q5)
2026-09-27T11:51:50.1059491Z  37  PASS    red        1  yes    V82 R3 $migration gains a nested `verdicts` map (#239 Q5: shape-fixed)
2026-09-27T11:51:50.1060499Z  38  PASS    red        1  yes    V83 R3 $description replaced by 500 words of verdict (#239 Q5: maxWords FLOATED)
2026-09-27T11:51:50.1061727Z  39  PASS    red        1  yes    V246 S-RECEIPT $migration.sha256 = 64 zeros — the receipt is verified (#239 Q5)
2026-09-27T11:51:50.1063016Z  40  PASS    red        1  yes    V247 S-RECEIPT $migration.from = a path that does not exist (#239 Q5)
2026-09-27T11:51:50.1064117Z  41  PASS    red        1  yes    V220 R3 sources repointed at _rulings.json + 13 words OF THE RULING as the quote (#239 Q3)
2026-09-27T11:51:50.1065360Z  42  PASS    red        1  yes    V300 R3 sources repointed at polarities.json itself + its own words as the quote (#239 Q3)
2026-09-27T11:51:50.1066782Z  43  PASS    red        1  yes    V222 R3 paraphrase + source pointer broken (path → nowhere): UNVERIFIABLE is refused (#239 Q3)
2026-09-27T11:51:50.1068427Z  44  PASS    red        1  yes    V93 S-ID sources[0].id with a fullwidth digit (tn-0１) — the pointer cannot be laundered (#239 Q3)
2026-09-27T11:51:50.1069458Z  45  PASS    red        1  yes    V223 R3 resolvedBy with quote "" (#239 Q3)
2026-09-27T11:51:50.1070355Z  46  PASS    red        1  yes    V224 R3 resolvedBy with the one-word quote "the" (#239 Q3: minWords 3 FLOATED)
2026-09-27T11:51:50.1071793Z  47  PASS    red        1  yes    V400 R3 resolvedBy with NO quote at all — a resolvedBy needs a receipt (#239 Q3)
2026-09-27T11:51:50.1072943Z  48  PASS    green      0  -      V400-control: a `touches` with no quote stays legal (#239 Q3)
2026-09-27T11:51:50.1074061Z  49  PASS    red        1  yes    V401 S-SOURCE pl-04's source id swapped to tn-02 — one row, one node (#239 Q3)
2026-09-27T11:51:50.1075254Z  50  PASS    red        1  yes    V402 S-SOURCE pl-01's body duplicated under pl-31 — the row is claimed twice (#239 Q3)
2026-09-27T11:51:50.1076479Z  51  PASS    red        1  yes    V244 S-SOURCE all 30 rows deleted — 30 frozen rows claimed by no node (#239 Q3)
2026-09-27T11:51:50.1077505Z  52  PASS    red        1  yes    V225 S-SOURCE a source path outside the repo (/etc/hostname) (#239 Q3)
2026-09-27T11:51:50.1078469Z  53  PASS    red        1  yes    S-FORMAT-CHAR a soft hyphen (U+00AD) inside a party ref (#239 Q5)
2026-09-27T11:51:50.1079493Z  54  PASS    red        1  yes    S-FORMAT-CHAR a right-to-left override (U+202E) in $description (#239 Q5)
2026-09-27T11:51:50.1080408Z  55  PASS    red        1  yes    S-FORMAT-CHAR a NUL (U+0000) in a stub phrase (#239 Q5)
2026-09-27T11:51:50.1081213Z  56  PASS    red        1  yes    R4 AUTHORED file at the generated path (no header)
2026-09-27T11:51:50.1082089Z  57  PASS    red        1  yes    R4 generated file HAND-EDITED under its header (self-sha breaks)
2026-09-27T11:51:50.1083261Z  58  PASS    red        1  yes    R4 AUTHORED edge file beside the homes (knowledge/brain/edges.json)
2026-09-27T11:51:50.1084199Z  59  PASS    red        1  yes    R4 STRAY second shape beside the homes (polarities-v2.json)
2026-09-27T11:51:50.1085086Z  60  PASS    red        1  yes    R4 AUTHORED file INSIDE _generated/ beside the derived three
2026-09-27T11:51:50.1086042Z  61  PASS    red        1  yes    R4 defaults-declaration.txt HAND-EDITED (a default declared by hand)
2026-09-27T11:51:50.1087253Z  62  PASS    red        1  yes    V210 R4 dotfile `.edges.json` at the brain top — dotfiles are LISTED (#239 Q6)
2026-09-27T11:51:50.1088160Z  63  PASS    red        1  yes    V211 R4 dotfile inside _generated/ (#239 Q6)
2026-09-27T11:51:50.1089064Z  64  PASS    red        1  yes    V212 R4 a half-written `.polarity-edges.json.tmp` inside _generated/ (#239 Q6)
2026-09-27T11:51:50.1090237Z  65  PASS    red        1  yes    V213 R4 an authored edge list under schema/ — schema/ is LISTED (#239 Q6)
2026-09-27T11:51:50.1091348Z  66  PASS    red        1  yes    V214 R4 a second schema under schema/ — exactly one schema (#239 Q6)
2026-09-27T11:51:50.1092234Z  67  PASS    red        1  yes    V216 R4 __pycache__/ under the home (#239 Q6)
2026-09-27T11:51:50.1093372Z  68  PASS    red        1  yes    V403 R4 polarities.json replaced by a SYMLINK to a file outside the home (#239 Q6)
2026-09-27T11:51:50.1094546Z  69  PASS    red        1  yes    V217 R4 _generated is a FILE — named at --check (#239 Q6/Q7)
2026-09-27T11:51:50.1095803Z  70  PASS    red        1  yes    V217w R4 _generated is a FILE — --write refuses by name, no crash, nothing written (#239 Q7)
2026-09-27T11:51:50.1096952Z  71  PASS    green      0  -      Q6 `.DS_Store` with Finder's magic bytes is IGNORED, declared (#239 Q6)
2026-09-27T11:51:50.1097958Z  72  PASS    red        1  yes    Q6 a JSON edge list wearing the name `.DS_Store` is refused (#239 Q6)
2026-09-27T11:51:50.1098775Z  73  PASS    red        1  yes    R5 typed `status` on a node
2026-09-27T11:51:50.1099532Z  74  PASS    red        1  yes    R5 typed status under another spelling (`derivedStatus`)
2026-09-27T11:51:50.1100508Z  75  PASS    red        1  yes    S 1 party (minItems 2)
2026-09-27T11:51:50.1101138Z  76  PASS    red        1  yes    S DUPLICATE party (same ref twice on pl-01)
2026-09-27T11:51:50.1101828Z  77  PASS    red        1  yes    S DUPLICATE polarity id
2026-09-27T11:51:50.1102691Z  78  PASS    red        1  yes    S unicode polarity id (fullwidth digit)
2026-09-27T11:51:50.1103416Z  79  PASS    red        1  yes    S party role outside the enum (`side_d`)
2026-09-27T11:51:50.1104639Z  80  PASS    red        1  yes    V42 S party role null — named S-ROLE (#239 misnamed→named)
2026-09-27T11:51:50.1105696Z  81  PASS    red        1  yes    V44 S party role is an OBJECT — named, no crash (#239 Q7)
2026-09-27T11:51:50.1106669Z  82  PASS    red        1  yes    V203 S party ref is a LIST — named, no crash (#239 Q7)
2026-09-27T11:51:50.1107633Z  83  PASS    red        1  yes    V204 S stub id is a LIST — named, no crash (#239 Q7)
2026-09-27T11:51:50.1108757Z  84  PASS    red        1  yes    V250 S sources item without `path` on a node with a quote — named, no crash (#239 Q7)
2026-09-27T11:51:50.1109930Z  85  PASS    red        1  yes    V251 S sources[0].path is an int — named, no crash (#239 Q7)
2026-09-27T11:51:50.1110781Z  86  PASS    red        1  yes    S ONE-SIDED: every party on side_a (no pull)
2026-09-27T11:51:50.1111507Z  87  PASS    red        1  yes    S mediating_variable empty
2026-09-27T11:51:50.1112730Z  88  PASS    red        1  yes    S sources missing — no receipt at all (s240-D3 re-cut of the #239 S-SCHEMA arm)
2026-09-27T11:51:50.1113602Z  89  PASS    red        1  yes    S polarities.json does not parse
2026-09-27T11:51:50.1114688Z  90  PASS    red        1  yes    V252 S polarities.json carries one non-UTF-8 byte — S-PARSE, no traceback (#239 Q7)
2026-09-27T11:51:50.1116211Z  91  PASS    red        1  yes    V110 SCHEMA parties.minItems 2→1 + a one-party row: LOOSENED named, S-MIN-PARTIES still fires (#239 Q2)
2026-09-27T11:51:50.1117362Z  92  PASS    red        1  yes    V111 SCHEMA enum widened with a fifth type + a relatedTo link (#239 Q2)
2026-09-27T11:51:50.1118523Z  93  PASS    red        1  yes    V112 SCHEMA parties.items.additionalProperties true + a `why` on a party (#239 Q2)
2026-09-27T11:51:50.1119763Z  94  PASS    red        1  yes    V310 SCHEMA sources.items.additionalProperties true + a `judgement` on a source (V's TOTAL escape) (#239 Q2)
2026-09-27T11:51:50.1121595Z  95  PASS    red        1  yes    V311 SCHEMA sources.minItems 0 + sources [] + a paraphrased quote (#239 Q2/Q3)
2026-09-27T11:51:50.1123521Z  96  PASS    red        1  yes    V312 SCHEMA note.maxWords 500 + a 64-word note (#239 Q2)
2026-09-27T11:51:50.1124625Z  97  PASS    red        1  yes    V113 SCHEMA root additionalProperties true + a `verdict` on a node (#239 Q2)
2026-09-27T11:51:50.1125997Z  98  PASS    red        1  yes    SCHEMA a new property `verdict` ADDED to the schema + used on a node — the key set is pinned (#239 Q2)
2026-09-27T11:51:50.1127259Z  99  PASS    red        1  yes    SCHEMA description-only edit — the sha PIN alone fires (#239 Q2 (b))
2026-09-27T11:51:50.1128365Z 100  PASS    red        1  yes    V256 SCHEMA `properties` is a list — named S-SCHEMA, no crash (#239 Q7)
2026-09-27T11:51:50.1129490Z 101  PASS    red        1  yes    V257 SCHEMA id.pattern is an invalid regex — named S-SCHEMA, no crash (#239 Q7)
2026-09-27T11:51:50.1130634Z 102  PASS    red        1  yes    SCHEMA: a keyword this gate does not implement (maxItems) is REFUSED, never silently ignored
2026-09-27T11:51:50.1132804Z 103  PASS    red        1  yes    BITE-THE-BITE (#239 re-cut): schema TIGHTENED to minItems 3 with the pin moved — the real 2-party rows are refused S-MIN-PARTIES: the schema still drives; only loosening is refused
2026-09-27T11:51:50.1135175Z 104  PASS    green      0  -      s240-D3 GREEN CONTROL: a NEW polarity born after R1 carries `$seed` = a real ruling id and NO `sources` — the legal form #239-F RULING-SHAPED 4 was missing (#242 lane P)
2026-09-27T11:51:50.1136936Z 105  PASS    red        1  yes    s240-D3 BREAK ARM: `$seed` names s999-D9, absent from knowledge/_rulings.json (#242)
2026-09-27T11:51:50.1138428Z 106  PASS    red        1  yes    s240-D3 BREAK ARM: BOTH receipts on one node — its R1 `sources` AND a `$seed` (the receipt is ONE POINTER PER NODE) (#242)
2026-09-27T11:51:50.1139893Z 107  PASS    red        1  yes    s240-D3 BREAK ARM: NEITHER receipt — a node with no `sources` and no `$seed` (#242)
2026-09-27T11:51:50.1141661Z 108  PASS    green      0  -      s240-D3 GREEN CONTROL: a node RETIRED by a real ruling id — it KEEPS its row and the derivation is re-run without it (#242)
2026-09-27T11:51:50.1143771Z 109  PASS    red        1  yes    s240-D3 BREAK ARM: a RETIRED node whose id still appears under _generated/ — R4-RETIRED-GENERATED by name, not just STALE (#242)
2026-09-27T11:51:50.1145251Z 110  PASS    red        1  yes    s240-D3 BREAK ARM: `retiredBy` names s999-D9, absent from knowledge/_rulings.json (#242)
2026-09-27T11:51:50.1147094Z 111  PASS    red        1  yes    s240-D3 BREAK ARM: `$seed` removed from the SCHEMA's properties — the key set is pinned, so the receipt cannot be legislated away by a schema edit (#242 Q2)
2026-09-27T11:51:50.1150398Z 112  PASS    red        1  yes    s240-D3 LEAK ARM (#242 lane P2, V2 finding 3): pl-02 retired → --write and its id is gone from every BYTE of all three generated files; replanted in the derivation's PROSE ONLY (self-consistent sha, invisible to the ROW check) → R4-RETIRED-GENERATED BY NAME. A retired id anywhere under _generated/ is a leak
2026-09-27T11:51:50.1154478Z 113  PASS    red        1  yes    s240-D3 FLOOR ARM (#242 lane P2, V2 finding 4): `sources` put BACK into the schema's `required` with the pin moved honestly — SCHEMA-LOOSENED by name (a schema may tighten a REFUSAL, never a PERMISSION), and the floor is APPLIED REGARDLESS, so the legal `$seed` node beside it is NOT S-SCHEMA
2026-09-27T11:51:50.1156691Z 114  PASS    green      0  yes    s240-D3 DROP-OUT PROOF (#242): pl-30 retired → --check names R4-RETIRED-GENERATED · --write regenerates · the node KEEPS its row in polarities.json and appears in NONE of the three generated files
2026-09-27T11:51:50.1158295Z 115  PASS    green      0  yes    s240-D3 ADD-POLARITY (#242): a BRAND-NEW polarity with a `$seed` receipt is accepted by the writer (dry-run then --write), 31 rows, gate green after — #239-F green control (e), which had no legal form
2026-09-27T11:51:50.1159859Z 116  PASS    red        1  yes    100 LITERAL (#243 s243-D1): V's 31st row (pr-fitts/pr-hick) cites a FICTIONAL R1 path notes/nowhere.json — the node names its own oracle; S-SOURCE at --write, nothing written — #239 Q3 stands
2026-09-27T11:51:50.1161047Z 117  PASS    green      0  -      100 LEGAL (#243 s243-D1): the SAME 31st row with `$seed` = s240-D3 in place of `sources` — --write green
2026-09-27T11:51:50.1162231Z 118  PASS    red        1  yes    225 LITERAL (#243 s243-D1): a NEW node pl-33 whose ONLY receipt is the foreign path /etc/hostname (V225's receipt, verbatim) — S-ID + S-SOURCE (allow-list) at --write, nothing written
2026-09-27T11:51:50.1163939Z 119  PASS    red        1  yes    225 TWO RECEIPTS (#243 s243-D1): the SAME pl-33 carrying the foreign `sources` AND `$seed` = s240-D3 — S-SOURCE (BOTH receipts: ONE POINTER PER NODE), nothing written
2026-09-27T11:51:50.1165135Z 120  PASS    green      0  -      225 LEGAL (#243 s243-D1): the SAME pl-33 reduced to ONE legal receipt — the foreign `sources` gone, `$seed` = s240-D3 — --write green
2026-09-27T11:51:50.1175575Z 121  PASS    red        1  yes    235 LITERAL (#243 s243-D1): an orphan stub whose phrase is INVENTED ('an orphan phrase') — not verbatim in the R1 register; R3-JUDGEMENT-FIELD
2026-09-27T11:51:50.1177410Z 122  PASS    green      0  -      235 LEGAL (#243 s243-D1), lane F's #239 form (a): an orphan stub — declared, never used — whose phrase is VERBATIM from ONE field of the first R1 row, read from the R1 FILE ('Familiarity says converge on') — green
2026-09-27T11:51:50.1178807Z 123  PASS    red        1  yes    248 LITERAL (#243 s243-D1): a node whose BOTH parties are declared stubs cites source path 'x' — S-SOURCE at --write, nothing written
2026-09-27T11:51:50.1179971Z 124  PASS    green      0  -      248 LEGAL (#243 s243-D1): the SAME all-stub node with `$seed` = s240-D3 — --write green
2026-09-27T11:51:50.1180988Z 125  PASS    red        1  yes    321 LITERAL (#243 s243-D1): all 30 rows DELETED, then the writer appends a `$seed` node — 30 frozen rows claimed by no node; S-SOURCE, file untouched
2026-09-27T11:51:50.1182935Z 126  PASS    green      0  -      321 LEGAL (#243 s243-D1): all 30 rows RETIRED (`retiredBy` = s240-D3) and --write green, then the writer appends the `$seed` node — 31 rows KEPT in polarities.json, no retired id in any row or byte under _generated/
2026-09-27T11:51:50.1184411Z 127  PASS    red        1  yes    326 LITERAL (#243 s243-D1): polarities.json re-indented to 2 spaces, the writer's entry cites 'selftest' as its source — S-SOURCE, file untouched
2026-09-27T11:51:50.1185538Z 128  PASS    green      0  -      326 LEGAL (#243 s243-D1): the SAME 2-space file, the SAME entry with `$seed` = s240-D3 — writer green, 31 rows, gate green after
2026-09-27T11:51:50.1186464Z 129  PASS    red        1  yes    V70 R4 generated_at in 2099 on all three derived files — a future clock is a hand edit (#239 Q4)
2026-09-27T11:51:50.1187048Z 130  PASS    red        1  yes    V71 R4 generated_at "banana" (#239 Q4)
2026-09-27T11:51:50.1187525Z 131  PASS    red        1  yes    Q4 R4 generated_at before the R1 asset's date (1999) (#239 Q4)
2026-09-27T11:51:50.1188184Z 132  PASS    red        1  yes    Q4 R4 one file's clock moved one second — the three clocks must agree (#239 Q4)
2026-09-27T11:51:50.1188846Z 133  PASS    red        1  yes    FRESHNESS: home edited, generated files not re-derived → STALE
2026-09-27T11:51:50.1189409Z 134  PASS    red        1  yes    FRESHNESS: a generated file deleted → MISSING
2026-09-27T11:51:50.1190137Z 135  PASS    red        1  yes    Q7 (#239): a check that RAISES inside gate() is NAMED S-SHAPE with its exception class — a crash is not a fail
2026-09-27T11:51:50.1190828Z 136  PASS    red        1  yes    WRITE: --write on a refused home writes NOTHING (hashes equal)
2026-09-27T11:51:50.1191384Z 137  PASS    green      0  yes    WRITE: stale → --write → fresh (rc 1 → 0 → 0)
2026-09-27T11:51:50.1191952Z 138  PASS    green      0  yes    WRITE: determinism — two writes differ only in generated_at
2026-09-27T11:51:50.1193278Z 139  PASS    green      0  yes    ADD-POLARITY: pl-30 dropped then re-added as pl-31 — dry-run leaves bytes; --write = original + one span; 30 rows; gate green after (#239: every frozen row is claimed)
2026-09-27T11:51:50.1194229Z 140  PASS    red        1  yes    ADD-POLARITY: an entry with a typed status is REFUSED by name, nothing written
2026-09-27T11:51:50.1195075Z 141  PASS    red        1  yes    V324 ADD-POLARITY: an entry whose quote has no reachable source is REFUSED (S-SOURCE + R3-QUOTE-NOT-VERBATIM), nothing written (#239 Q3)
2026-09-27T11:51:50.1196168Z 142  PASS    green      0  yes    ADD-STUB: a verbatim phrase appended textually; 3-key stub REFUSED (S-STUB-SHAPE); V328 the U+200B phrase REFUSED (S-FORMAT-CHAR), nothing written
2026-09-27T11:51:50.1197142Z 143  PASS    green      0  yes    CLI: `--check` rc 0 on the real home, rc 1 + R2-UNTYPED on the mutant (via --brain AND via POLARITY_BRAIN_DIR)
2026-09-27T11:51:50.1197856Z 144  PASS    red        2  yes    CLI: bare and unknown argv refuse with rc 2 (argv contract, #208 class)
2026-09-27T11:51:50.1198612Z 145  PASS    red        2  yes    V-A1/A2 CLI: `--dry-run --write`, `--check --write`, `--check --selftest` refuse rc 2 and write nothing (#239 argv contract)
2026-09-27T11:51:50.1199626Z 146  PASS    red        1  yes    V-D1 (#239 Q8): home ABSENT in the SOURCE repo (the store is here) → rc 1 S-SHAPE, never 77 — the build and the seam both stop
2026-09-27T11:51:50.1200669Z 147  PASS    77        77  yes    COULD-NOT-ASK: home absent AND no store (a shipped pack) → rc 77 + marker naming the path (pack classifier reads it as REPO-BOUND)
2026-09-27T11:51:50.1201924Z 148  PASS    77        77  yes    COULD-NOT-ASK: declaration source absent → 77 on a clean home, but a real refusal is STILL rc 1 first (the refusal path is not swallowed)
2026-09-27T11:51:50.1203023Z 149  PASS    red        1  yes    SELFTEST on an absent home refuses by name, no traceback (#239, V finding 16)
2026-09-27T11:51:50.1204212Z 150  PASS    green      0  yes    WIRING: STEPS has --check + --selftest rows; _git_commit.sh invokes --check on a live line, DECLARES a POLARITY_BRAIN_DIR redirect and gates the tree's own home (V-D2, #239); the seam harness stubs it
2026-09-27T11:51:50.1205201Z ----------------------------------------------------------------------------------------------------
2026-09-27T11:51:50.1206196Z arms 150 · red arms 128 (went red by name 128/128) · green arms 20 · no-fire/77 arms 2 · new #239 arms 72 · new #242 (s240-D3 receipt) arms 12 · new #243 (s243-D1 six controls) arms 13 · failures 0
2026-09-27T11:51:50.1207138Z ✓ selftest OK — control green; every refusal arm red by its name; nothing written on refusal
2026-09-27T11:51:50.1545893Z COULD-NOT-ASK: GEOMETRY: HARNESS UNAVAILABLE — playwright not importable (No module named 'playwright'). Install it with `pip install playwright && playwright install chromium`; at the seat, source knowledge/_render/seat_env.sh. This is NOT a pass.
2026-09-27T11:51:50.2035898Z COULD-NOT-ASK: OWN-SIZE: HARNESS UNAVAILABLE — playwright not importable (No module named 'playwright'). Install it with `pip install playwright && playwright install chromium`; at the seat, source knowledge/_render/seat_env.sh. This is NOT a pass.
2026-09-27T11:51:50.2078255Z 
2026-09-27T11:51:50.2078296Z 
2026-09-27T11:51:50.2079137Z === [133/152] enactment register — is each ruling IN FORCE? (advisory, ADR-0016) — _build_enactment_register.py ===
2026-09-27T11:51:50.2079812Z 
2026-09-27T11:51:50.2080165Z === [134/152] instrument-fit selftest (advisory, ds-015) — _build_instrument_fit.py ===
2026-09-27T11:51:50.2080532Z 
2026-09-27T11:51:50.2080919Z === [135/152] instrument fit — can the gate SEE the property? (advisory, ds-015) — _build_instrument_fit.py ===
2026-09-27T11:51:50.2081334Z 
2026-09-27T11:51:50.2081539Z === [136/152] integrity lint (gate) — _build_integrity.py ===
2026-09-27T11:51:50.2081790Z 
2026-09-27T11:51:50.2082046Z ❌ integrity gate failed (exit 1) — see knowledge/_INTEGRITY-REPORT.md
2026-09-27T11:51:50.2082336Z 
2026-09-27T11:51:50.2082971Z === [137/152] could-not-ask convention selftest (#193 — the third verdict's exit code + marker) — _could_not_ask.py ===
2026-09-27T11:51:50.2083400Z 
2026-09-27T11:51:50.2083882Z === [138/152] probe registry — every historically-found defect class, re-driven (W-45, advisory) — _probe_registry/_registry.py ===
2026-09-27T11:51:50.2084352Z 
2026-09-27T11:51:50.2084866Z ⚠ advisory step 'probe registry — every historically-found defect class, re-driven (W-45, advisory)' reported findings (exit 1) — non-gating
2026-09-27T11:51:50.2085382Z 
2026-09-27T11:51:50.2085841Z === [139/152] claim-table evidence linter — s182-D1 tokens + expected observations (W-44, advisory) — _validate_evidence.py ===
2026-09-27T11:51:50.2086301Z 
2026-09-27T11:51:50.2086808Z ⚠ advisory step 'claim-table evidence linter — s182-D1 tokens + expected observations (W-44, advisory)' reported findings (exit 1) — non-gating
2026-09-27T11:51:50.2087326Z 
2026-09-27T11:51:50.2087724Z === [140/152] governs matcher selftest — the [12]/[13] trigger-index arm, named (#208 legibility) — _governs.py ===
2026-09-27T11:51:50.2088115Z 
2026-09-27T11:51:50.2088646Z ⊘ step 'governs matcher selftest — the [12]/[13] trigger-index arm, named (#208 legibility)' COULD-NOT-ASK (exit 77) — declared refusal, build continues
2026-09-27T11:51:50.2089168Z 
2026-09-27T11:51:50.2089788Z === [141/152] frozen-release gate — v1/v2 and any baked Spider surface may not move without a version bump (BLOCKING, s114-D4, built #219) — _release/_gate_frozen_release.py ===
2026-09-27T11:51:50.2090388Z 
2026-09-27T11:51:50.2091104Z === [142/152] frozen-release selftest — 11 bites on a fixture repo incl. the laundering mutant (#219) — _release/_gate_frozen_release.py ===
2026-09-27T11:51:50.2091591Z 
2026-09-27T11:51:50.2092188Z === [143/152] pack ship-list audit — the manifest is byte-identical to a fresh generation at its own commit (BLOCKING, built #219) — _release/_gate_release_audit.py ===
2026-09-27T11:51:50.2092908Z 
2026-09-27T11:51:50.2093606Z === [144/152] release-audit selftest — manifest compare + the pack arm's resting refusal (#219) — _release/_gate_release_audit.py ===
2026-09-27T11:51:50.2094075Z 
2026-09-27T11:51:50.2094562Z === [145/152] pack-side CI template — parses, ships what it calls, hides nothing (BLOCKING, built #219) — _release/_gate_ci_template.py ===
2026-09-27T11:51:50.2095044Z 
2026-09-27T11:51:50.2095594Z ⊘ step 'pack-side CI template — parses, ships what it calls, hides nothing (BLOCKING, built #219)' COULD-NOT-ASK (exit 77) — declared refusal, build continues
2026-09-27T11:51:50.2096143Z 
2026-09-27T11:51:50.2096626Z === [146/152] pack-side CI template selftest — 10 mutants incl. a smuggled continue-on-error (#219) — _release/_gate_ci_template.py ===
2026-09-27T11:51:50.2097097Z 
2026-09-27T11:51:50.2097638Z ⊘ step 'pack-side CI template selftest — 10 mutants incl. a smuggled continue-on-error (#219)' COULD-NOT-ASK (exit 77) — declared refusal, build continues
2026-09-27T11:51:50.2098175Z 
2026-09-27T11:51:50.2098789Z === [147/152] baked-pack audit — a zip in apollo-spider/dist/ must match the manifest (BLOCKING; refuses while nothing is baked) (#219) — _release/_gate_release_audit.py ===
2026-09-27T11:51:50.2099382Z 
2026-09-27T11:51:50.2099896Z === [148/152] pack ship-list drift — how far behind HEAD the manifest is (ADVISORY, ⬛ re-cutting is Dave's) (#219) — _release/_gate_release_audit.py ===
2026-09-27T11:51:50.2100409Z 
2026-09-27T11:51:50.2100964Z ⚠ advisory step 'pack ship-list drift — how far behind HEAD the manifest is (ADVISORY, ⬛ re-cutting is Dave's) (#219)' reported findings (exit 1) — non-gating
2026-09-27T11:51:50.2101530Z 
2026-09-27T11:51:50.2102133Z === [149/152] polarity gate — five refusals + content-fresh derived status/edges/declaration (BLOCKING, s238-D7, built #238) — _validate_polarities.py ===
2026-09-27T11:51:50.2102812Z 
2026-09-27T11:51:50.2103268Z === [150/152] polarity gate selftest — control + every refusal arm on a copy of the real rows (s238-D7) — _validate_polarities.py ===
2026-09-27T11:51:50.2103715Z 
2026-09-27T11:51:50.2104398Z === [151/152] geometry gate — alignment, gutters, edges, bar width, dead space, overlap, clipped text, overflow, stretch on generated pages (ADVISORY, built #304) — _validate_geometry.py ===
2026-09-27T11:51:50.2105054Z 
2026-09-27T11:51:50.2105837Z ⊘ step 'geometry gate — alignment, gutters, edges, bar width, dead space, overlap, clipped text, overflow, stretch on generated pages (ADVISORY, built #304)' COULD-NOT-ASK (exit 77) — declared refusal, build continues
2026-09-27T11:51:50.2106588Z 
2026-09-27T11:51:50.2107041Z === [152/152] own-size gate — every part at its reference size on generated pages (ADVISORY, built #304) — _validate_own_size.py ===
2026-09-27T11:51:50.2107503Z 
2026-09-27T11:51:50.2108061Z ⊘ step 'own-size gate — every part at its reference size on generated pages (ADVISORY, built #304)' COULD-NOT-ASK (exit 77) — declared refusal, build continues
2026-09-27T11:51:50.2108605Z 
2026-09-27T11:51:50.2108776Z ❌ build gate failed — see the reports above.
2026-09-27T11:51:50.2127916Z ##[error]Process completed with exit code 1.
2026-09-27T11:51:50.2157922Z ##[group]Run python3 knowledge/_tests/test_gates.py
2026-09-27T11:51:50.2158322Z [36;1mpython3 knowledge/_tests/test_gates.py[0m
2026-09-27T11:51:50.2222226Z shell: /usr/bin/bash -e {0}
2026-09-27T11:51:50.2222795Z env:
2026-09-27T11:51:50.2223080Z   pythonLocation: /opt/hostedtoolcache/Python/3.12.14/x64
2026-09-27T11:51:50.2223545Z   PKG_CONFIG_PATH: /opt/hostedtoolcache/Python/3.12.14/x64/lib/pkgconfig
2026-09-27T11:51:50.2223978Z   Python_ROOT_DIR: /opt/hostedtoolcache/Python/3.12.14/x64
2026-09-27T11:51:50.2224559Z   Python2_ROOT_DIR: /opt/hostedtoolcache/Python/3.12.14/x64
2026-09-27T11:51:50.2224947Z   Python3_ROOT_DIR: /opt/hostedtoolcache/Python/3.12.14/x64
2026-09-27T11:51:50.2225338Z   LD_LIBRARY_PATH: /opt/hostedtoolcache/Python/3.12.14/x64/lib
2026-09-27T11:51:50.2225668Z ##[endgroup]
2026-09-27T11:52:14.1582980Z gate self-test: does every gate BITE what it was built to catch?
2026-09-27T11:52:14.1583673Z 
2026-09-27T11:52:14.1584190Z   PASS  control: pristine copy passes all 6 static gates
2026-09-27T11:52:14.1585131Z   PASS  write-gate bites a bare no-args invocation
2026-09-27T11:52:14.1585836Z   PASS  write-gate control: --write proceeds
2026-09-27T11:52:14.1586615Z   PASS  radius gate's own bites run (8 longhand mutants + token controls, #221)
2026-09-27T11:52:14.1587499Z   PASS  no-hardcode gate's own bites run (8 planted + 8 clean, #221)
2026-09-27T11:52:14.1588402Z   PASS  theme-provenance report order is DERIVED, not filesystem order (#221)
2026-09-27T11:52:14.1589411Z   PASS  wiring gate's own bites run (13, incl. the widened glob + the anti-laundering arm, #221)
2026-09-27T11:52:14.1590572Z   PASS  s263-D10 rulings-page wrap check bites a stale page (4 arms, #265-B)
2026-09-27T11:52:14.1591333Z   PASS  snippet gate bites on token drift
2026-09-27T11:52:14.1592012Z   PASS  snippet gate bites on failing contrast
2026-09-27T11:52:14.1592938Z   PASS  snippet gate bites on icon 4.5 dead-zone
2026-09-27T11:52:14.1593650Z   PASS  snippet gate bites on missing focus
2026-09-27T11:52:14.1594360Z   PASS  snippet gate bites on uppercase CSS
2026-09-27T11:52:14.1595073Z   PASS  snippet gate bites on ALL-CAPS text run
2026-09-27T11:52:14.1595992Z   PASS  snippet gate bites on italics
2026-09-27T11:52:14.1596628Z   PASS  snippet gate bites on text-shadow
2026-09-27T11:52:14.1597212Z   PASS  snippet gate bites on raw red text
2026-09-27T11:52:14.1597861Z   PASS  snippet gate bites on possessive HSBC's
2026-09-27T11:52:14.1598611Z   PASS  snippet gate bites on element-type alt
2026-09-27T11:52:14.1599318Z   PASS  snippet gate bites on bare link text
2026-09-27T11:52:14.1600248Z   PASS  a11y gate bites on missing reduced-motion
2026-09-27T11:52:14.1600967Z   PASS  a11y gate bites on sub-24 target floor
2026-09-27T11:52:14.1601650Z   PASS  icon gate bites on invented path
2026-09-27T11:52:14.1602323Z   PASS  icon gate bites on shape-only icon
2026-09-27T11:52:14.1603437Z   PASS  icon gate bites on mis-twinned fill glyph
2026-09-27T11:52:14.1604166Z   PASS  coverage gate bites on orphan snippet
2026-09-27T11:52:14.1604894Z   PASS  coverage gate bites on meta w/o snippet
2026-09-27T11:52:14.1605588Z   PASS  dark-surface gate bites on flat white
2026-09-27T11:52:14.1606207Z   PASS  compose gate bites on rogue hex
2026-09-27T11:52:14.1607038Z   PASS  compose gate bites on undefined class
2026-09-27T11:52:14.1607717Z   PASS  compose gate bites on class redefinition
2026-09-27T11:52:14.1608431Z   PASS  compose gate bites on duplicate title
2026-09-27T11:52:14.1608945Z 
2026-09-27T11:52:14.1609232Z 32 test(s), 0 failure(s)
2026-09-27T11:52:14.1610036Z skipped by design: state-contrast / screen --render (need a browser; see docstring)
2026-09-27T11:52:14.1686297Z ##[group]Run python3 knowledge/_tests/test_advisory.py
2026-09-27T11:52:14.1686715Z [36;1mpython3 knowledge/_tests/test_advisory.py[0m
2026-09-27T11:52:14.1751083Z shell: /usr/bin/bash -e {0}
2026-09-27T11:52:14.1751339Z env:
2026-09-27T11:52:14.1751606Z   pythonLocation: /opt/hostedtoolcache/Python/3.12.14/x64
2026-09-27T11:52:14.1752061Z   PKG_CONFIG_PATH: /opt/hostedtoolcache/Python/3.12.14/x64/lib/pkgconfig
2026-09-27T11:52:14.1752941Z   Python_ROOT_DIR: /opt/hostedtoolcache/Python/3.12.14/x64
2026-09-27T11:52:14.1753339Z   Python2_ROOT_DIR: /opt/hostedtoolcache/Python/3.12.14/x64
2026-09-27T11:52:14.1753737Z   Python3_ROOT_DIR: /opt/hostedtoolcache/Python/3.12.14/x64
2026-09-27T11:52:14.1754119Z   LD_LIBRARY_PATH: /opt/hostedtoolcache/Python/3.12.14/x64/lib
2026-09-27T11:52:14.1754441Z ##[endgroup]
2026-09-27T11:52:14.6924358Z advisory bite-tests: 19 case(s), all bite ✅ (and none block — exit 0 throughout)
2026-09-27T11:52:14.7009041Z ##[group]Run bash knowledge/_git_commit.sh --selftest
2026-09-27T11:52:14.7009451Z [36;1mbash knowledge/_git_commit.sh --selftest[0m
2026-09-27T11:52:14.7071384Z shell: /usr/bin/bash -e {0}
2026-09-27T11:52:14.7071635Z env:
2026-09-27T11:52:14.7071897Z   pythonLocation: /opt/hostedtoolcache/Python/3.12.14/x64
2026-09-27T11:52:14.7072585Z   PKG_CONFIG_PATH: /opt/hostedtoolcache/Python/3.12.14/x64/lib/pkgconfig
2026-09-27T11:52:14.7073053Z   Python_ROOT_DIR: /opt/hostedtoolcache/Python/3.12.14/x64
2026-09-27T11:52:14.7073432Z   Python2_ROOT_DIR: /opt/hostedtoolcache/Python/3.12.14/x64
2026-09-27T11:52:14.7073812Z   Python3_ROOT_DIR: /opt/hostedtoolcache/Python/3.12.14/x64
2026-09-27T11:52:14.7074191Z   LD_LIBRARY_PATH: /opt/hostedtoolcache/Python/3.12.14/x64/lib
2026-09-27T11:52:14.7074516Z ##[endgroup]
2026-09-27T11:52:14.7315219Z — #208 msgfile-prefix gate selftest
2026-09-27T11:52:14.7509972Z   [OK]   non-wrap prefix (the #170 shape) is seen (expected 1)
2026-09-27T11:52:14.7701634Z   [OK]   WRAP prefix (the shape #170 MISSED) is seen (expected 1)
2026-09-27T11:52:14.7890564Z   [OK]   doubled non-wrap prefix counts 2 (expected 2)
2026-09-27T11:52:14.8080548Z   [OK]   wrap-into-non-wrap stack counts 2 (the hole) (expected 2)
2026-09-27T11:52:14.8269922Z   [OK]   tripled counts 3 (expected 3)
2026-09-27T11:52:14.8458210Z   [OK]   a fresh subject carries no prefix (expected 0)
2026-09-27T11:52:14.8647251Z   [OK]   session ref with no date is not a prefix (expected 0)
2026-09-27T11:52:14.8835059Z   [OK]   date with no session ref is not a prefix (expected 0)
2026-09-27T11:52:14.9023082Z   [OK]   hyphen is not the em-dash separator (expected 0)
2026-09-27T11:52:14.9213234Z   [OK]   prose mentioning a session mid-line (expected 0)
2026-09-27T11:52:14.9409079Z   [OK]   honest subject QUOTING a prior prefix mid-line (expected 1)
2026-09-27T11:52:14.9599084Z   [OK]   a quoted prefix with no prefix of its own (expected 0)
2026-09-27T11:52:14.9791610Z   [OK]   a prefix after a leading word is not a stack (expected 0)
2026-09-27T11:52:14.9807577Z   [OK]   PREFIX_ACK hatch present (declared passes, silent fails)
2026-09-27T11:52:14.9808680Z — s294-D5 push-credential expiry gate selftest (fake clock: APOLLO_FAKE_TODAY)
2026-09-27T11:52:14.9833897Z   [OK]   the stamped expiry is READ from the ledger, one place, one date (expected 2026-11-06)
2026-09-27T11:52:14.9905463Z   [OK]   far out (2026-01-01) ⇒ OK (expected OK)
2026-09-27T11:52:14.9986852Z   [OK]   15 days out (2026-10-22) ⇒ OK — the boundary is NOT off by one (expected OK)
2026-09-27T11:52:15.0058911Z   [OK]   14 days out (2026-10-23) ⇒ WARN (expected WARN)
2026-09-27T11:52:15.0128900Z   [OK]   1 day out (2026-11-05) ⇒ WARN (expected WARN)
2026-09-27T11:52:15.0199792Z   [OK]   the day itself (2026-11-06) ⇒ WARN, not yet expired (expected WARN)
2026-09-27T11:52:15.0269206Z   [OK]   one day past (2026-11-07) ⇒ EXPIRED (expected EXPIRED)
2026-09-27T11:52:15.0342046Z   [OK]   long past (2027-03-01) ⇒ EXPIRED (expected EXPIRED)
2026-09-27T11:52:15.0422891Z   [OK]   days-remaining is COMPUTED, not narrated (2026-10-30 ⇒ 7) (expected 7)
2026-09-27T11:52:15.0452181Z   [OK]   an unreadable stamp ⇒ UNREADABLE (a refusal, never a pass) (expected UNREADABLE)
2026-09-27T11:52:15.0477840Z   [OK]   with no fake clock the gate reads the REAL date (YYYY-MM-DD shape) (expected 1)
2026-09-27T11:52:15.0503882Z   [OK]   no refusal instructs pasting a credential into chat (s294-D5) (expected 0)
2026-09-27T11:52:15.0544952Z   [OK]   the credential is only TESTED, never printed (no unpiped git config remote.origin.url) (expected 0)
2026-09-27T11:52:15.0632132Z   [OK]   the expiry gate sits AFTER the credential check and BEFORE the push (expected 1)
2026-09-27T11:52:15.0634077Z ✓ selftest OK — 28 bites: 6 fire, 7 stay silent, 1 hatch present, 14 on the s294-D5 expiry gate
2026-09-27T11:52:15.0680030Z ##[group]Run python3 knowledge/_validate_evidence.py notes/_claims
2026-09-27T11:52:15.0681016Z [36;1mpython3 knowledge/_validate_evidence.py notes/_claims[0m
2026-09-27T11:52:15.0763232Z shell: /usr/bin/bash -e {0}
2026-09-27T11:52:15.0763653Z env:
2026-09-27T11:52:15.0764110Z   pythonLocation: /opt/hostedtoolcache/Python/3.12.14/x64
2026-09-27T11:52:15.0764890Z   PKG_CONFIG_PATH: /opt/hostedtoolcache/Python/3.12.14/x64/lib/pkgconfig
2026-09-27T11:52:15.0765651Z   Python_ROOT_DIR: /opt/hostedtoolcache/Python/3.12.14/x64
2026-09-27T11:52:15.0766319Z   Python2_ROOT_DIR: /opt/hostedtoolcache/Python/3.12.14/x64
2026-09-27T11:52:15.0766977Z   Python3_ROOT_DIR: /opt/hostedtoolcache/Python/3.12.14/x64
2026-09-27T11:52:15.0767647Z   LD_LIBRARY_PATH: /opt/hostedtoolcache/Python/3.12.14/x64/lib
2026-09-27T11:52:15.0768210Z ##[endgroup]
2026-09-27T11:52:46.5631433Z evidence linter: 336 row(s) from 10 file(s) · 297 mechanical
2026-09-27T11:52:46.5634057Z   ⛔ L1-1 — DEAD POINTER: evidence names `tokens/_blast-radius.json`, which does not exist on disk — a dead pointer reads as evidence. If the ABSENCE is the claim, write `absent:tokens/_blast-radius.json`; if the file lives outside the repo, use the ruled s191-D2 marker `(NON-REPO: <where>)`
2026-09-27T11:52:46.5636910Z   ⛔ L1-4 — s182-D1: MECHANICAL row (tag=PROVEN verdict=None) carries NO probeable token — no command, no existing path, no figure. Evidence: "The verbatim gate line in L1-3. ⛔ Do not quote the brief's numbers"
2026-09-27T11:52:46.5640036Z   ⛔ L1-1 — DEAD POINTER: evidence names `tokens/_blast-radius.json`, which does not exist on disk — a dead pointer reads as evidence. If the ABSENCE is the claim, write `absent:tokens/_blast-radius.json`; if the file lives outside the repo, use the ruled s191-D2 marker `(NON-REPO: <where>)`
2026-09-27T11:52:46.5643603Z   ⛔ C-2 — s182-D1: MECHANICAL row (tag=None verdict=CONFIRMED) carries NO probeable token — no command, no existing path, no figure. Evidence: 'The claim table only counted `PROPOSED` in the snippets. The brief (step 3) requires it in'
2026-09-27T11:52:46.5646399Z   ⛔ H-5 — s182-D1: MECHANICAL row (tag=None verdict=CONFIRMED) carries NO probeable token — no command, no existing path, no figure. Evidence: 'C-6 + L1-10: the six are absent from canon, the generators exist, the reconciliation is av'
2026-09-27T11:52:46.5649833Z   ⛔ W2-13 — DEAD POINTER (truncated): evidence names `notes/x.md…`, and NO path on disk starts with it — the trailing ellipsis does not make a dead pointer legal (#208 laundering hole). Write the full path, or `absent:notes/x.md` if the ABSENCE is the claim, or add the ruled `(NON-REPO: <where>)` marker
2026-09-27T11:52:46.5651852Z ── s182-D1 LINT: 6 failure(s)
2026-09-27T11:52:46.5656721Z ── SAMPLER · seed=205 · pool=230 row(s) with a command · 15 with a declared observation (always drawn) · drawn=20: G-c, W1-5, W2-3, W2-3, W46-11, WIRE-10, WIRE-11, WIRE-13, WIRE-14, WIRE-15, WIRE-18, WIRE-19, WIRE-20, WIRE-21, WIRE-3, WIRE-4, WIRE-5, WIRE-6, WIRE-8, WIRE-9
2026-09-27T11:52:46.5659000Z   ⛔ REFUSED [UNSAFE] G-c — `python3 -c "import _gate_doc_rows as g; g.unrowed(store, pop + [('2026-08-19','notes/_briefs/2026-08`
2026-09-27T11:52:46.5660467Z       `python3 -c` runs arbitrary code — cannot be judged read-only
2026-09-27T11:52:46.5661634Z   ⛔ REFUSED [DOES-NOT-TERMINATE] W1-5 — `python3 knowledge/_capture_gate.py --selftest` did not exit within 30s
2026-09-27T11:52:46.5662965Z   ⛔ REFUSED [SIDE-EFFECTS] W2-3 — `python3 knowledge/_state.py`
2026-09-27T11:52:46.5664087Z       a bare `python3` REWRITES its tracked audit output; #204 declared this exact stop. Only --check/--selftest/--dry-run forms are sampled
2026-09-27T11:52:46.5665348Z   ⛔ REFUSED [SIDE-EFFECTS] W2-3 — `python3 knowledge/_state.py`
2026-09-27T11:52:46.5666498Z       a bare `python3` REWRITES its tracked audit output; #204 declared this exact stop. Only --check/--selftest/--dry-run forms are sampled
2026-09-27T11:52:46.5668401Z   ⛔ REFUSED [SIDE-EFFECTS] W46-11 — `python3 knowledge/_memento_search.py "brief generator mint open items fences"`
2026-09-27T11:52:46.5669826Z       a bare `python3` REWRITES its tracked audit output; #204 declared this exact stop. Only --check/--selftest/--dry-run forms are sampled
2026-09-27T11:52:46.5671157Z   ⛔ REFUSED [UNSAFE] WIRE-10 — `bash knowledge/_git_commit.sh --selftest`
2026-09-27T11:52:46.5671878Z       head verb 'bash' is not on the read-only allowlist
2026-09-27T11:52:46.5673175Z   ✅ RAN WIRE-11 — `grep -c 'pat.match(s)' knowledge/_git_commit.sh` → rc=0 (matches declared + OBSERVATION)
2026-09-27T11:52:46.5674482Z   ✅ RAN WIRE-13 — `grep -c PREFIX_ACK knowledge/_git_commit.sh` → rc=0 (matches declared + OBSERVATION)
2026-09-27T11:52:46.5675599Z   ⛔ OBSERVATION MISMATCH WIRE-14 — `python3 knowledge/_build_all.py --selftest`
2026-09-27T11:52:46.5677795Z       stdout does NOT contain 'exact-ID failure routing over 127 steps' (declared expect_stdout_contains). First 120 chars of stdout: '  selftest (a): 152 registered step ID(s), each resolves to exactly one route ✓\n  selftest (b): unknown step ID refuses,'
2026-09-27T11:52:46.5680128Z   ✅ RAN WIRE-15 — `python3 knowledge/_probe_registry/_registry.py --run --probe P-3` → rc=77 (matches declared + OBSERVATION)
2026-09-27T11:52:46.5681468Z   ⛔ REFUSED [SIDE-EFFECTS] WIRE-18 — `python3 knowledge/_validate_evidence.py notes/_claims`
2026-09-27T11:52:46.5682982Z       a bare `python3` REWRITES its tracked audit output; #204 declared this exact stop. Only --check/--selftest/--dry-run forms are sampled
2026-09-27T11:52:46.5684730Z   ⛔ REFUSED [SIDE-EFFECTS] WIRE-19 — `python3 knowledge/_join_claim_tables.py notes/_claims/208-wave1-claims.jsonl notes/_claims/208-wave2`
2026-09-27T11:52:46.5686172Z       a bare `python3` REWRITES its tracked audit output; #204 declared this exact stop. Only --check/--selftest/--dry-run forms are sampled
2026-09-27T11:52:46.5687595Z   ⛔ RC MISMATCH WIRE-20 — `python3 knowledge/_governs.py --selftest` → rc=77, row declares rc=0
2026-09-27T11:52:46.5688665Z   ⛔ OBSERVATION MISMATCH WIRE-21 — `grep -c 'fetch-depth: 0' .github/workflows/gates.yml`
2026-09-27T11:52:46.5689395Z       expect_count=3 declared, command observed 4
2026-09-27T11:52:46.5690426Z   ✅ RAN WIRE-3 — `grep -c expect_stdout_contains knowledge/_claimtable.py` → rc=0 (matches declared + OBSERVATION)
2026-09-27T11:52:46.5691765Z   ✅ RAN WIRE-4 — `python3 knowledge/_validate_evidence.py --selftest` → rc=0 (matches declared + OBSERVATION)
2026-09-27T11:52:46.5693275Z   ✅ RAN WIRE-5 — `python3 knowledge/_validate_evidence.py --selftest` → rc=0 (matches declared + OBSERVATION)
2026-09-27T11:52:46.5694638Z   ✅ RAN WIRE-6 — `python3 knowledge/_validate_evidence.py --selftest` → rc=0 (matches declared + OBSERVATION)
2026-09-27T11:52:46.5696019Z   ✅ RAN WIRE-8 — `python3 knowledge/_validate_evidence.py --selftest` → rc=0 (matches declared + OBSERVATION)
2026-09-27T11:52:46.5697611Z   ⛔ REFUSED [SIDE-EFFECTS] WIRE-9 — `python3 knowledge/_validate_evidence.py notes/_claims/208-wave1-claims.jsonl notes/_claims/208-wave2`
2026-09-27T11:52:46.5699211Z       a bare `python3` REWRITES its tracked audit output; #204 declared this exact stop. Only --check/--selftest/--dry-run forms are sampled
2026-09-27T11:52:46.5700498Z ── DECLARED GAP: 9 of 20 sampled row(s) were NOT run. Refusal is the honest answer; none of them is counted as a pass.
2026-09-27T11:52:46.5701204Z ⛔ EVIDENCE GATE FAIL — 6 lint · 0 unparsed · 3 rc/observation mismatch
2026-09-27T11:52:46.5705831Z ##[error]Process completed with exit code 1.
2026-09-27T11:52:46.5748234Z ##[group]Run python3 knowledge/_gate_artefact_fresh.py --check
2026-09-27T11:52:46.5748712Z [36;1mpython3 knowledge/_gate_artefact_fresh.py --check[0m
2026-09-27T11:52:46.5810821Z shell: /usr/bin/bash -e {0}
2026-09-27T11:52:46.5811078Z env:
2026-09-27T11:52:46.5811350Z   pythonLocation: /opt/hostedtoolcache/Python/3.12.14/x64
2026-09-27T11:52:46.5811802Z   PKG_CONFIG_PATH: /opt/hostedtoolcache/Python/3.12.14/x64/lib/pkgconfig
2026-09-27T11:52:46.5812249Z   Python_ROOT_DIR: /opt/hostedtoolcache/Python/3.12.14/x64
2026-09-27T11:52:46.5812908Z   Python2_ROOT_DIR: /opt/hostedtoolcache/Python/3.12.14/x64
2026-09-27T11:52:46.5813308Z   Python3_ROOT_DIR: /opt/hostedtoolcache/Python/3.12.14/x64
2026-09-27T11:52:46.5813713Z   LD_LIBRARY_PATH: /opt/hostedtoolcache/Python/3.12.14/x64/lib
2026-09-27T11:52:46.5814039Z ##[endgroup]
2026-09-27T11:53:45.7716752Z artefact-freshness comparer (⬛ ADVISORY at birth, #221) — 7 declared row(s)
2026-09-27T11:53:45.7717768Z   method: snapshot -> run the writer -> compare -> RESTORE. The tree is byte-identical
2026-09-27T11:53:45.7718550Z   either side; the md5 line below is the receipt, not a promise.
2026-09-27T11:53:45.7719524Z   ✅ _validate_a11y.py                  FRESH          byte-identical (1 artefact(s))
2026-09-27T11:53:45.7720491Z   ✅ _validate_advisory.py              FRESH          byte-identical (1 artefact(s))
2026-09-27T11:53:45.7721471Z   ✅ _validate_theme_provenance.py      FRESH          byte-identical (1 artefact(s))
2026-09-27T11:53:45.7722722Z   ✅ _build_integrity.py                FRESH          byte-identical (1 artefact(s))
2026-09-27T11:53:45.7723660Z   ✅ _build_instrument_fit.py           FRESH          byte-identical (2 artefact(s))
2026-09-27T11:53:45.7724244Z   ✅ _validate_radius.py                FRESH          byte-identical (1 artefact(s))
2026-09-27T11:53:45.7724773Z   ✅ _validate_no_hardcode.py           FRESH          byte-identical (1 artefact(s))
2026-09-27T11:53:45.7725242Z   tally: 7 FRESH · 0 STALE · 0 COULD-NOT-ASK
2026-09-27T11:53:45.7725805Z   ⬛ ADVISORY: exit 0 regardless of drift. Promotion to blocking is DAVE'S (#220-L1 ruling-shaped Q3).
2026-09-27T11:53:45.7806241Z ##[group]Run python3 knowledge/_gate_inline_style_parse.py --check
2026-09-27T11:53:45.7806738Z [36;1mpython3 knowledge/_gate_inline_style_parse.py --check[0m
2026-09-27T11:53:45.7868683Z shell: /usr/bin/bash -e {0}
2026-09-27T11:53:45.7868931Z env:
2026-09-27T11:53:45.7869197Z   pythonLocation: /opt/hostedtoolcache/Python/3.12.14/x64
2026-09-27T11:53:45.7869652Z   PKG_CONFIG_PATH: /opt/hostedtoolcache/Python/3.12.14/x64/lib/pkgconfig
2026-09-27T11:53:45.7870090Z   Python_ROOT_DIR: /opt/hostedtoolcache/Python/3.12.14/x64
2026-09-27T11:53:45.7870506Z   Python2_ROOT_DIR: /opt/hostedtoolcache/Python/3.12.14/x64
2026-09-27T11:53:45.7870894Z   Python3_ROOT_DIR: /opt/hostedtoolcache/Python/3.12.14/x64
2026-09-27T11:53:45.7871282Z   LD_LIBRARY_PATH: /opt/hostedtoolcache/Python/3.12.14/x64/lib
2026-09-27T11:53:45.7871615Z ##[endgroup]
2026-09-27T11:53:45.9379412Z inline-style parse gate (⬛ ADVISORY at birth, #221 — the #122 seed)
2026-09-27T11:53:45.9380590Z   reader: html.parser (stdlib) · population: 11 file(s) · scope: DEF-004's own property families
2026-09-27T11:53:45.9381901Z   259 style attribute(s) parsed · 0 hardcode finding(s) · 0 PARSER-ONLY (the regex is blind) · 1 REGEX-ONLY (the regex hallucinates)
2026-09-27T11:53:45.9384715Z   ⬛ REGEX-ONLY: Tranche-1-interactive.html — the tree's pattern reads this as a live style attribute; a parse of the static document does NOT. It is in a comment, a <script> string, or a text node: 'margin-top:var(--space-8)'
2026-09-27T11:53:45.9386290Z      ⚠ READ THIS CAREFULLY BEFORE ACTING ON IT — a REGEX-ONLY hit is not
2026-09-27T11:53:45.9387355Z        automatically the regex being wrong. The one on this tree today is inside a
2026-09-27T11:53:45.9388267Z        `card.innerHTML='…'` string, so the static parse is right about the DOCUMENT
2026-09-27T11:53:45.9389045Z        and the value is nonetheless real at RUNTIME. The honest conclusion is that
2026-09-27T11:53:45.9389827Z        NEITHER reader is authoritative over injected markup, and this gate reports
2026-09-27T11:53:45.9390646Z        the disagreement rather than picking a winner. [[measure-dont-convert-units]]
2026-09-27T11:53:45.9391620Z   ✅ every style attribute in the population parses, and every declaration in one is either untouched by DEF-004 or already a token.
2026-09-27T11:53:45.9392969Z   ⬛ ADVISORY: exit 0 regardless. This is ONE parser over the NARROWEST population where a parser would have caught a proved false green (#220-L1 finding 12).
2026-09-27T11:53:45.9394179Z   ⬛ Widening it to the other seven regex gates is PRICED, not built, and whether a non-stdlib CSS parser may enter the gate set is DAVE'S.
2026-09-27T11:53:45.9531225Z Post job cleanup.
2026-09-27T11:53:46.0411288Z [command]/usr/bin/git version
2026-09-27T11:53:46.0454132Z git version 2.55.0
2026-09-27T11:53:46.0494750Z Temporarily overriding HOME='/home/runner/work/_temp/5465b613-36fa-48c8-81ee-ecf47c03e90f' before making global git config changes
2026-09-27T11:53:46.0496201Z Adding repository directory to the temporary git global config as a safe directory
2026-09-27T11:53:46.0500232Z [command]/usr/bin/git config --global --add safe.directory /home/runner/work/UX-design/UX-design
2026-09-27T11:53:46.0534236Z Removing SSH command configuration
2026-09-27T11:53:46.0541085Z [command]/usr/bin/git config --local --name-only --get-regexp core\.sshCommand
2026-09-27T11:53:46.0578541Z [command]/usr/bin/git submodule foreach --recursive sh -c "git config --local --name-only --get-regexp 'core\.sshCommand' && git config --local --unset-all 'core.sshCommand' || :"
2026-09-27T11:53:46.0845593Z Removing HTTP extra header
2026-09-27T11:53:46.0885558Z [command]/usr/bin/git config --local --name-only --get-regexp http\.https\:\/\/github\.com\/\.extraheader
2026-09-27T11:53:46.0931273Z [command]/usr/bin/git submodule foreach --recursive sh -c "git config --local --name-only --get-regexp 'http\.https\:\/\/github\.com\/\.extraheader' && git config --local --unset-all 'http.https://github.com/.extraheader' || :"
2026-09-27T11:53:46.1196331Z Removing includeIf entries pointing to credentials config files
2026-09-27T11:53:46.1206258Z [command]/usr/bin/git config --local --name-only --get-regexp ^includeIf\.gitdir:
2026-09-27T11:53:46.1234795Z includeif.gitdir:/home/runner/work/UX-design/UX-design/.git.path
2026-09-27T11:53:46.1235913Z includeif.gitdir:/home/runner/work/UX-design/UX-design/.git/worktrees/*.path
2026-09-27T11:53:46.1237453Z includeif.gitdir:/github/workspace/.git.path
2026-09-27T11:53:46.1238591Z includeif.gitdir:/github/workspace/.git/worktrees/*.path
2026-09-27T11:53:46.1249204Z [command]/usr/bin/git config --local --get-all includeif.gitdir:/home/runner/work/UX-design/UX-design/.git.path
2026-09-27T11:53:46.1276644Z /home/runner/work/_temp/git-credentials-cc5eedf7-4a0e-4090-a1f1-1cba48400e57.config
2026-09-27T11:53:46.1288644Z [command]/usr/bin/git config --local --unset includeif.gitdir:/home/runner/work/UX-design/UX-design/.git.path /home/runner/work/_temp/git-credentials-cc5eedf7-4a0e-4090-a1f1-1cba48400e57.config
2026-09-27T11:53:46.1330466Z [command]/usr/bin/git config --local --get-all includeif.gitdir:/home/runner/work/UX-design/UX-design/.git/worktrees/*.path
2026-09-27T11:53:46.1358122Z /home/runner/work/_temp/git-credentials-cc5eedf7-4a0e-4090-a1f1-1cba48400e57.config
2026-09-27T11:53:46.1368959Z [command]/usr/bin/git config --local --unset includeif.gitdir:/home/runner/work/UX-design/UX-design/.git/worktrees/*.path /home/runner/work/_temp/git-credentials-cc5eedf7-4a0e-4090-a1f1-1cba48400e57.config
2026-09-27T11:53:46.1409347Z [command]/usr/bin/git config --local --get-all includeif.gitdir:/github/workspace/.git.path
2026-09-27T11:53:46.1436287Z /github/runner_temp/git-credentials-cc5eedf7-4a0e-4090-a1f1-1cba48400e57.config
2026-09-27T11:53:46.1448255Z [command]/usr/bin/git config --local --unset includeif.gitdir:/github/workspace/.git.path /github/runner_temp/git-credentials-cc5eedf7-4a0e-4090-a1f1-1cba48400e57.config
2026-09-27T11:53:46.1491710Z [command]/usr/bin/git config --local --get-all includeif.gitdir:/github/workspace/.git/worktrees/*.path
2026-09-27T11:53:46.1521773Z /github/runner_temp/git-credentials-cc5eedf7-4a0e-4090-a1f1-1cba48400e57.config
2026-09-27T11:53:46.1535123Z [command]/usr/bin/git config --local --unset includeif.gitdir:/github/workspace/.git/worktrees/*.path /github/runner_temp/git-credentials-cc5eedf7-4a0e-4090-a1f1-1cba48400e57.config
2026-09-27T11:53:46.1590371Z [command]/usr/bin/git submodule foreach --recursive git config --local --show-origin --name-only --get-regexp remote.origin.url
2026-09-27T11:53:46.1849864Z Removing credentials config '/home/runner/work/_temp/git-credentials-cc5eedf7-4a0e-4090-a1f1-1cba48400e57.config'
2026-09-27T11:53:46.2000457Z Cleaning up orphan processes
