2026-09-28T09:35:42.5786200Z Current runner version: '2.337.0'
2026-09-28T09:35:42.5813373Z ##[group]Runner Image Provisioner
2026-09-28T09:35:42.5814265Z Hosted Compute Agent
2026-09-28T09:35:42.5814909Z Version: 20260828.587
2026-09-28T09:35:42.5815554Z Commit: abac92662cab4cc7352de4f9f9d2e2419aad9c29
2026-09-28T09:35:42.5816279Z Build Date: 2026-08-28T16:44:25Z
2026-09-28T09:35:42.5817641Z Worker ID: {19e8a6cb-c853-4fa7-9930-f25ac7f491e6}
2026-09-28T09:35:42.5818500Z Azure Region: eastus
2026-09-28T09:35:42.5819511Z ##[endgroup]
2026-09-28T09:35:42.5821412Z ##[group]Operating System
2026-09-28T09:35:42.5822065Z Ubuntu
2026-09-28T09:35:42.5822662Z 24.04.5
2026-09-28T09:35:42.5823201Z LTS
2026-09-28T09:35:42.5823694Z ##[endgroup]
2026-09-28T09:35:42.5824298Z ##[group]Runner Image
2026-09-28T09:35:42.5824901Z Image: ubuntu-24.04
2026-09-28T09:35:42.5825568Z Version: 20260920.314.1
2026-09-28T09:35:42.5827165Z Included Software: https://github.com/actions/runner-images/blob/ubuntu24/20260920.314/images/ubuntu/Ubuntu2404-Readme.md
2026-09-28T09:35:42.5828925Z Image Release: https://github.com/actions/runner-images/releases/tag/ubuntu24%2F20260920.314
2026-09-28T09:35:42.5829979Z ##[endgroup]
2026-09-28T09:35:42.5831267Z ##[group]GITHUB_TOKEN Permissions
2026-09-28T09:35:42.5833856Z Contents: read
2026-09-28T09:35:42.5834553Z Metadata: read
2026-09-28T09:35:42.5835107Z Packages: read
2026-09-28T09:35:42.5835645Z ##[endgroup]
2026-09-28T09:35:42.5838363Z Secret source: Actions
2026-09-28T09:35:42.5839309Z Cache mode: write
2026-09-28T09:35:42.5840386Z Prepare workflow directory
2026-09-28T09:35:42.6198045Z Prepare all required actions
2026-09-28T09:35:42.6250406Z Getting action download info
2026-09-28T09:35:42.8590424Z Download action repository 'actions/checkout@v6' (SHA:d23441a48e516b6c34aea4fa41551a30e30af803)
2026-09-28T09:35:42.9606345Z Download action repository 'actions/setup-python@v6' (SHA:ece7cb06caefa5fff74198d8649806c4678c61a1)
2026-09-28T09:35:43.1842098Z Complete job name: gates
2026-09-28T09:35:43.2867118Z ##[group]Run actions/checkout@v6
2026-09-28T09:35:43.2868099Z with:
2026-09-28T09:35:43.2868536Z   fetch-depth: 0
2026-09-28T09:35:43.2869004Z   repository: daveasewen/UX-design
2026-09-28T09:35:43.2872871Z   token: ***
2026-09-28T09:35:43.2873304Z   ssh-strict: true
2026-09-28T09:35:43.2873774Z   ssh-user: git
2026-09-28T09:35:43.2874214Z   persist-credentials: true
2026-09-28T09:35:43.2874699Z   clean: true
2026-09-28T09:35:43.2875144Z   sparse-checkout-cone-mode: true
2026-09-28T09:35:43.2875666Z   fetch-tags: false
2026-09-28T09:35:43.2876103Z   show-progress: true
2026-09-28T09:35:43.2876544Z   lfs: false
2026-09-28T09:35:43.2877179Z   submodules: false
2026-09-28T09:35:43.2877694Z   set-safe-directory: true
2026-09-28T09:35:43.2878195Z   allow-unsafe-pr-checkout: false
2026-09-28T09:35:43.2878970Z ##[endgroup]
2026-09-28T09:35:43.3939015Z Syncing repository: daveasewen/UX-design
2026-09-28T09:35:43.3941750Z ##[group]Getting Git version info
2026-09-28T09:35:43.3943042Z Working directory is '/home/runner/work/UX-design/UX-design'
2026-09-28T09:35:43.3944721Z [command]/usr/bin/git version
2026-09-28T09:35:43.4003901Z git version 2.55.0
2026-09-28T09:35:43.4031020Z ##[endgroup]
2026-09-28T09:35:43.4048029Z Temporarily overriding HOME='/home/runner/work/_temp/e0841867-0f1d-4dd0-943c-f50f8ff36779' before making global git config changes
2026-09-28T09:35:43.4050428Z Adding repository directory to the temporary git global config as a safe directory
2026-09-28T09:35:43.4053891Z [command]/usr/bin/git config --global --add safe.directory /home/runner/work/UX-design/UX-design
2026-09-28T09:35:43.4111773Z Deleting the contents of '/home/runner/work/UX-design/UX-design'
2026-09-28T09:35:43.4124297Z ##[group]Determining repository object format
2026-09-28T09:35:43.4125812Z ##[endgroup]
2026-09-28T09:35:43.4127310Z ##[group]Initializing the repository
2026-09-28T09:35:43.4128444Z [command]/usr/bin/git init /home/runner/work/UX-design/UX-design
2026-09-28T09:35:43.4231644Z hint: Using 'master' as the name for the initial branch. This default branch name
2026-09-28T09:35:43.4236071Z hint: will change to "main" in Git 3.0. To configure the initial branch name
2026-09-28T09:35:43.4238226Z hint: to use in all of your new repositories, which will suppress this warning,
2026-09-28T09:35:43.4239500Z hint: call:
2026-09-28T09:35:43.4240011Z hint:
2026-09-28T09:35:43.4240981Z hint: 	git config --global init.defaultBranch <name>
2026-09-28T09:35:43.4242057Z hint:
2026-09-28T09:35:43.4242768Z hint: Names commonly chosen instead of 'master' are 'main', 'trunk' and
2026-09-28T09:35:43.4243923Z hint: 'development'. The just-created branch can be renamed via this command:
2026-09-28T09:35:43.4244737Z hint:
2026-09-28T09:35:43.4245148Z hint: 	git branch -m <name>
2026-09-28T09:35:43.4245617Z hint:
2026-09-28T09:35:43.4246493Z hint: Disable this message with "git config set advice.defaultBranchName false"
2026-09-28T09:35:43.4248466Z Initialized empty Git repository in /home/runner/work/UX-design/UX-design/.git/
2026-09-28T09:35:43.4251405Z [command]/usr/bin/git remote add origin https://github.com/daveasewen/UX-design
2026-09-28T09:35:43.4303574Z ##[endgroup]
2026-09-28T09:35:43.4304407Z ##[group]Disabling automatic garbage collection
2026-09-28T09:35:43.4309536Z [command]/usr/bin/git config --local gc.auto 0
2026-09-28T09:35:43.4359826Z ##[endgroup]
2026-09-28T09:35:43.4361350Z ##[group]Setting up auth
2026-09-28T09:35:43.4362164Z Removing SSH command configuration
2026-09-28T09:35:43.4369670Z [command]/usr/bin/git config --local --name-only --get-regexp core\.sshCommand
2026-09-28T09:35:43.4411654Z [command]/usr/bin/git submodule foreach --recursive sh -c "git config --local --name-only --get-regexp 'core\.sshCommand' && git config --local --unset-all 'core.sshCommand' || :"
2026-09-28T09:35:43.4818928Z Removing HTTP extra header
2026-09-28T09:35:43.4826486Z [command]/usr/bin/git config --local --name-only --get-regexp http\.https\:\/\/github\.com\/\.extraheader
2026-09-28T09:35:43.4877443Z [command]/usr/bin/git submodule foreach --recursive sh -c "git config --local --name-only --get-regexp 'http\.https\:\/\/github\.com\/\.extraheader' && git config --local --unset-all 'http.https://github.com/.extraheader' || :"
2026-09-28T09:35:43.5110841Z Removing includeIf entries pointing to credentials config files
2026-09-28T09:35:43.5117875Z [command]/usr/bin/git config --local --name-only --get-regexp ^includeIf\.gitdir:
2026-09-28T09:35:43.5157688Z [command]/usr/bin/git submodule foreach --recursive git config --local --show-origin --name-only --get-regexp remote.origin.url
2026-09-28T09:35:43.5406325Z [command]/usr/bin/git config --file /home/runner/work/_temp/git-credentials-e7d34871-9a71-4fc3-9d3d-a69f54e94c3e.config http.https://github.com/.extraheader AUTHORIZATION: basic ***
2026-09-28T09:35:43.5459468Z [command]/usr/bin/git config --local includeIf.gitdir:/home/runner/work/UX-design/UX-design/.git.path /home/runner/work/_temp/git-credentials-e7d34871-9a71-4fc3-9d3d-a69f54e94c3e.config
2026-09-28T09:35:43.5514441Z [command]/usr/bin/git config --local includeIf.gitdir:/home/runner/work/UX-design/UX-design/.git/worktrees/*.path /home/runner/work/_temp/git-credentials-e7d34871-9a71-4fc3-9d3d-a69f54e94c3e.config
2026-09-28T09:35:43.5560306Z [command]/usr/bin/git config --local includeIf.gitdir:/github/workspace/.git.path /github/runner_temp/git-credentials-e7d34871-9a71-4fc3-9d3d-a69f54e94c3e.config
2026-09-28T09:35:43.5601913Z [command]/usr/bin/git config --local includeIf.gitdir:/github/workspace/.git/worktrees/*.path /github/runner_temp/git-credentials-e7d34871-9a71-4fc3-9d3d-a69f54e94c3e.config
2026-09-28T09:35:43.5636186Z ##[endgroup]
2026-09-28T09:35:43.5637347Z ##[group]Fetching the repository
2026-09-28T09:35:43.5646274Z [command]/usr/bin/git -c protocol.version=2 fetch --no-tags --prune --no-recurse-submodules origin +refs/heads/*:refs/remotes/origin/* +refs/tags/*:refs/tags/*
2026-09-28T09:36:13.3971926Z From https://github.com/daveasewen/UX-design
2026-09-28T09:36:13.3972887Z  * [new branch]        master     -> origin/master
2026-09-28T09:36:13.3990499Z [command]/usr/bin/git branch --list --remote origin/master
2026-09-28T09:36:13.4021545Z   origin/master
2026-09-28T09:36:13.4032149Z [command]/usr/bin/git rev-parse refs/remotes/origin/master
2026-09-28T09:36:13.4059498Z 81bce3635637433487a7ff972fc8584c7d8128e8
2026-09-28T09:36:13.4063684Z ##[endgroup]
2026-09-28T09:36:13.4064274Z ##[group]Determining the checkout info
2026-09-28T09:36:13.4065159Z ##[endgroup]
2026-09-28T09:36:13.4070391Z [command]/usr/bin/git sparse-checkout disable
2026-09-28T09:36:13.4127156Z [command]/usr/bin/git config --local --unset-all extensions.worktreeConfig
2026-09-28T09:36:13.4159810Z ##[group]Checking out the ref
2026-09-28T09:36:13.4165516Z [command]/usr/bin/git checkout --progress --force -B master refs/remotes/origin/master
2026-09-28T09:36:14.4431360Z Updating files:  17% (2351/13129)
2026-09-28T09:36:14.4588668Z Updating files:  18% (2364/13129)
2026-09-28T09:36:14.4643253Z Updating files:  19% (2495/13129)
2026-09-28T09:36:14.4693728Z Updating files:  20% (2626/13129)
2026-09-28T09:36:14.4744536Z Updating files:  21% (2758/13129)
2026-09-28T09:36:14.4800779Z Updating files:  22% (2889/13129)
2026-09-28T09:36:14.5142784Z Updating files:  23% (3020/13129)
2026-09-28T09:36:14.5940103Z Updating files:  24% (3151/13129)
2026-09-28T09:36:14.6468554Z Updating files:  25% (3283/13129)
2026-09-28T09:36:14.6557451Z Updating files:  26% (3414/13129)
2026-09-28T09:36:14.6682475Z Updating files:  27% (3545/13129)
2026-09-28T09:36:14.6819420Z Updating files:  28% (3677/13129)
2026-09-28T09:36:14.6970737Z Updating files:  29% (3808/13129)
2026-09-28T09:36:14.7694484Z Updating files:  30% (3939/13129)
2026-09-28T09:36:14.7793696Z Updating files:  31% (4070/13129)
2026-09-28T09:36:14.8220679Z Updating files:  32% (4202/13129)
2026-09-28T09:36:14.8695340Z Updating files:  33% (4333/13129)
2026-09-28T09:36:14.9022634Z Updating files:  34% (4464/13129)
2026-09-28T09:36:14.9131903Z Updating files:  35% (4596/13129)
2026-09-28T09:36:15.0207039Z Updating files:  36% (4727/13129)
2026-09-28T09:36:15.1704691Z Updating files:  37% (4858/13129)
2026-09-28T09:36:15.2067364Z Updating files:  38% (4990/13129)
2026-09-28T09:36:15.3900803Z Updating files:  39% (5121/13129)
2026-09-28T09:36:15.4324228Z Updating files:  40% (5252/13129)
2026-09-28T09:36:15.4488309Z Updating files:  40% (5322/13129)
2026-09-28T09:36:15.5084733Z Updating files:  41% (5383/13129)
2026-09-28T09:36:15.5618585Z Updating files:  42% (5515/13129)
2026-09-28T09:36:15.6039610Z Updating files:  43% (5646/13129)
2026-09-28T09:36:15.6128118Z Updating files:  44% (5777/13129)
2026-09-28T09:36:15.6287483Z Updating files:  45% (5909/13129)
2026-09-28T09:36:15.6552808Z Updating files:  46% (6040/13129)
2026-09-28T09:36:15.7127771Z Updating files:  47% (6171/13129)
2026-09-28T09:36:15.7842782Z Updating files:  48% (6302/13129)
2026-09-28T09:36:16.0776300Z Updating files:  49% (6434/13129)
2026-09-28T09:36:16.1815948Z Updating files:  50% (6565/13129)
2026-09-28T09:36:16.2891002Z Updating files:  51% (6696/13129)
2026-09-28T09:36:16.3226609Z Updating files:  52% (6828/13129)
2026-09-28T09:36:16.3474057Z Updating files:  53% (6959/13129)
2026-09-28T09:36:16.3684828Z Updating files:  54% (7090/13129)
2026-09-28T09:36:16.4318159Z Updating files:  55% (7221/13129)
2026-09-28T09:36:16.4537107Z Updating files:  55% (7292/13129)
2026-09-28T09:36:16.5617742Z Updating files:  56% (7353/13129)
2026-09-28T09:36:16.6084352Z Updating files:  57% (7484/13129)
2026-09-28T09:36:16.6315088Z Updating files:  58% (7615/13129)
2026-09-28T09:36:16.6492901Z Updating files:  59% (7747/13129)
2026-09-28T09:36:16.6744393Z Updating files:  60% (7878/13129)
2026-09-28T09:36:16.6973576Z Updating files:  61% (8009/13129)
2026-09-28T09:36:16.7192156Z Updating files:  62% (8140/13129)
2026-09-28T09:36:16.7883347Z Updating files:  63% (8272/13129)
2026-09-28T09:36:16.8622839Z Updating files:  64% (8403/13129)
2026-09-28T09:36:16.9246456Z Updating files:  65% (8534/13129)
2026-09-28T09:36:17.0256280Z Updating files:  66% (8666/13129)
2026-09-28T09:36:17.0759397Z Updating files:  67% (8797/13129)
2026-09-28T09:36:17.0976354Z Updating files:  68% (8928/13129)
2026-09-28T09:36:17.1350880Z Updating files:  69% (9060/13129)
2026-09-28T09:36:17.1669438Z Updating files:  70% (9191/13129)
2026-09-28T09:36:17.1843624Z Updating files:  71% (9322/13129)
2026-09-28T09:36:17.2064496Z Updating files:  72% (9453/13129)
2026-09-28T09:36:17.2453480Z Updating files:  73% (9585/13129)
2026-09-28T09:36:17.2603686Z Updating files:  74% (9716/13129)
2026-09-28T09:36:17.3063542Z Updating files:  75% (9847/13129)
2026-09-28T09:36:17.3505777Z Updating files:  76% (9979/13129)
2026-09-28T09:36:17.3733648Z Updating files:  77% (10110/13129)
2026-09-28T09:36:17.4175638Z Updating files:  78% (10241/13129)
2026-09-28T09:36:17.4316817Z Updating files:  79% (10372/13129)
2026-09-28T09:36:17.4574137Z Updating files:  79% (10443/13129)
2026-09-28T09:36:17.4799799Z Updating files:  80% (10504/13129)
2026-09-28T09:36:17.5013552Z Updating files:  81% (10635/13129)
2026-09-28T09:36:17.5183793Z Updating files:  82% (10766/13129)
2026-09-28T09:36:17.5310569Z Updating files:  83% (10898/13129)
2026-09-28T09:36:17.5462443Z Updating files:  84% (11029/13129)
2026-09-28T09:36:17.5839210Z Updating files:  85% (11160/13129)
2026-09-28T09:36:17.6576294Z Updating files:  86% (11291/13129)
2026-09-28T09:36:17.6718385Z Updating files:  87% (11423/13129)
2026-09-28T09:36:17.6779017Z Updating files:  88% (11554/13129)
2026-09-28T09:36:17.7061984Z Updating files:  89% (11685/13129)
2026-09-28T09:36:17.7400626Z Updating files:  90% (11817/13129)
2026-09-28T09:36:17.8085521Z Updating files:  91% (11948/13129)
2026-09-28T09:36:17.9313740Z Updating files:  92% (12079/13129)
2026-09-28T09:36:17.9723377Z Updating files:  93% (12210/13129)
2026-09-28T09:36:17.9922013Z Updating files:  94% (12342/13129)
2026-09-28T09:36:18.0455983Z Updating files:  95% (12473/13129)
2026-09-28T09:36:18.0719265Z Updating files:  96% (12604/13129)
2026-09-28T09:36:18.0865818Z Updating files:  97% (12736/13129)
2026-09-28T09:36:18.1072396Z Updating files:  98% (12867/13129)
2026-09-28T09:36:18.1531402Z Updating files:  99% (12998/13129)
2026-09-28T09:36:18.1532145Z Updating files: 100% (13129/13129)
2026-09-28T09:36:18.1532627Z Updating files: 100% (13129/13129), done.
2026-09-28T09:36:18.1673137Z Reset branch 'master'
2026-09-28T09:36:18.1678879Z branch 'master' set up to track 'origin/master'.
2026-09-28T09:36:18.1787465Z ##[endgroup]
2026-09-28T09:36:18.1842346Z [command]/usr/bin/git log -1 --format=%H
2026-09-28T09:36:18.1874794Z 81bce3635637433487a7ff972fc8584c7d8128e8
2026-09-28T09:36:18.2155011Z ##[group]Run actions/setup-python@v6
2026-09-28T09:36:18.2155321Z with:
2026-09-28T09:36:18.2155524Z   python-version: 3.12
2026-09-28T09:36:18.2155752Z   check-latest: false
2026-09-28T09:36:18.2158628Z   token: ***
2026-09-28T09:36:18.2158869Z   update-environment: true
2026-09-28T09:36:18.2159124Z   allow-prereleases: false
2026-09-28T09:36:18.2159359Z   freethreaded: false
2026-09-28T09:36:18.2159581Z ##[endgroup]
2026-09-28T09:36:18.3517691Z ##[group]Installed versions
2026-09-28T09:36:18.3636368Z Successfully set up CPython (3.12.14)
2026-09-28T09:36:18.3637584Z ##[endgroup]
2026-09-28T09:36:18.3800713Z ##[group]Run pip install tiktoken jsonschema
2026-09-28T09:36:18.3801180Z [36;1mpip install tiktoken jsonschema[0m
2026-09-28T09:36:18.4152650Z shell: /usr/bin/bash -e {0}
2026-09-28T09:36:18.4153022Z env:
2026-09-28T09:36:18.4153373Z   pythonLocation: /opt/hostedtoolcache/Python/3.12.14/x64
2026-09-28T09:36:18.4153955Z   PKG_CONFIG_PATH: /opt/hostedtoolcache/Python/3.12.14/x64/lib/pkgconfig
2026-09-28T09:36:18.4154538Z   Python_ROOT_DIR: /opt/hostedtoolcache/Python/3.12.14/x64
2026-09-28T09:36:18.4155039Z   Python2_ROOT_DIR: /opt/hostedtoolcache/Python/3.12.14/x64
2026-09-28T09:36:18.4155535Z   Python3_ROOT_DIR: /opt/hostedtoolcache/Python/3.12.14/x64
2026-09-28T09:36:18.4156047Z   LD_LIBRARY_PATH: /opt/hostedtoolcache/Python/3.12.14/x64/lib
2026-09-28T09:36:18.4156479Z ##[endgroup]
2026-09-28T09:36:20.9326468Z Collecting tiktoken
2026-09-28T09:36:20.9862673Z   Downloading tiktoken-0.14.0-cp312-cp312-manylinux_2_28_x86_64.whl.metadata (6.7 kB)
2026-09-28T09:36:21.0091297Z Collecting jsonschema
2026-09-28T09:36:21.0134800Z   Downloading jsonschema-4.26.0-py3-none-any.whl.metadata (7.6 kB)
2026-09-28T09:36:21.3984530Z Collecting regex (from tiktoken)
2026-09-28T09:36:21.4030166Z   Downloading regex-2026.9.10-cp312-cp312-manylinux2014_x86_64.manylinux_2_17_x86_64.manylinux_2_28_x86_64.whl.metadata (40 kB)
2026-09-28T09:36:21.4371969Z Collecting requests (from tiktoken)
2026-09-28T09:36:21.4414207Z   Downloading requests-2.34.2-py3-none-any.whl.metadata (4.8 kB)
2026-09-28T09:36:21.4568990Z Collecting attrs>=22.2.0 (from jsonschema)
2026-09-28T09:36:21.4609489Z   Downloading attrs-26.1.0-py3-none-any.whl.metadata (8.8 kB)
2026-09-28T09:36:21.4742444Z Collecting jsonschema-specifications>=2023.03.6 (from jsonschema)
2026-09-28T09:36:21.4784126Z   Downloading jsonschema_specifications-2025.9.1-py3-none-any.whl.metadata (2.9 kB)
2026-09-28T09:36:21.5007147Z Collecting referencing>=0.28.4 (from jsonschema)
2026-09-28T09:36:21.5052165Z   Downloading referencing-0.37.0-py3-none-any.whl.metadata (2.8 kB)
2026-09-28T09:36:21.7510704Z Collecting rpds-py>=0.25.0 (from jsonschema)
2026-09-28T09:36:21.7555281Z   Downloading rpds_py-2026.6.3-cp312-cp312-manylinux_2_17_x86_64.manylinux2014_x86_64.whl.metadata (4.1 kB)
2026-09-28T09:36:21.7770466Z Collecting typing-extensions>=4.4.0 (from referencing>=0.28.4->jsonschema)
2026-09-28T09:36:21.7820804Z   Downloading typing_extensions-4.16.0-py3-none-any.whl.metadata (3.3 kB)
2026-09-28T09:36:21.9145520Z Collecting charset_normalizer<4,>=2 (from requests->tiktoken)
2026-09-28T09:36:21.9191983Z   Downloading charset_normalizer-3.5.1-cp312-cp312-manylinux2014_x86_64.manylinux_2_17_x86_64.manylinux_2_28_x86_64.whl.metadata (45 kB)
2026-09-28T09:36:21.9368117Z Collecting idna<4,>=2.5 (from requests->tiktoken)
2026-09-28T09:36:21.9419872Z   Downloading idna-3.20-py3-none-any.whl.metadata (7.2 kB)
2026-09-28T09:36:21.9635093Z Collecting urllib3<3,>=1.26 (from requests->tiktoken)
2026-09-28T09:36:21.9680267Z   Downloading urllib3-2.8.0-py3-none-any.whl.metadata (7.4 kB)
2026-09-28T09:36:21.9861703Z Collecting certifi>=2023.5.7 (from requests->tiktoken)
2026-09-28T09:36:21.9903640Z   Downloading certifi-2026.7.22-py3-none-any.whl.metadata (2.5 kB)
2026-09-28T09:36:21.9994521Z Downloading tiktoken-0.14.0-cp312-cp312-manylinux_2_28_x86_64.whl (1.2 MB)
2026-09-28T09:36:22.0170000Z    ━━━━━━━━━━━━━━━━━━━━━━━━━━━━━━━━━━━━━━━━ 1.2/1.2 MB 90.2 MB/s  0:00:00
2026-09-28T09:36:22.0209194Z Downloading jsonschema-4.26.0-py3-none-any.whl (90 kB)
2026-09-28T09:36:22.0269702Z Downloading attrs-26.1.0-py3-none-any.whl (67 kB)
2026-09-28T09:36:22.0329613Z Downloading jsonschema_specifications-2025.9.1-py3-none-any.whl (18 kB)
2026-09-28T09:36:22.0403228Z Downloading referencing-0.37.0-py3-none-any.whl (26 kB)
2026-09-28T09:36:22.0466548Z Downloading rpds_py-2026.6.3-cp312-cp312-manylinux_2_17_x86_64.manylinux2014_x86_64.whl (366 kB)
2026-09-28T09:36:22.0544007Z Downloading typing_extensions-4.16.0-py3-none-any.whl (45 kB)
2026-09-28T09:36:22.0609304Z Downloading regex-2026.9.10-cp312-cp312-manylinux2014_x86_64.manylinux_2_17_x86_64.manylinux_2_28_x86_64.whl (804 kB)
2026-09-28T09:36:22.0705953Z    ━━━━━━━━━━━━━━━━━━━━━━━━━━━━━━━━━━━━━━━━ 804.6/804.6 kB 77.2 MB/s  0:00:00
2026-09-28T09:36:22.0748076Z Downloading requests-2.34.2-py3-none-any.whl (73 kB)
2026-09-28T09:36:22.0814962Z Downloading charset_normalizer-3.5.1-cp312-cp312-manylinux2014_x86_64.manylinux_2_17_x86_64.manylinux_2_28_x86_64.whl (248 kB)
2026-09-28T09:36:22.0884965Z Downloading idna-3.20-py3-none-any.whl (69 kB)
2026-09-28T09:36:22.0949512Z Downloading urllib3-2.8.0-py3-none-any.whl (135 kB)
2026-09-28T09:36:22.1023783Z Downloading certifi-2026.7.22-py3-none-any.whl (136 kB)
2026-09-28T09:36:22.2832107Z Installing collected packages: urllib3, typing-extensions, rpds-py, regex, idna, charset_normalizer, certifi, attrs, requests, referencing, tiktoken, jsonschema-specifications, jsonschema
2026-09-28T09:36:22.8785474Z 
2026-09-28T09:36:22.8806146Z Successfully installed attrs-26.1.0 certifi-2026.7.22 charset_normalizer-3.5.1 idna-3.20 jsonschema-4.26.0 jsonschema-specifications-2025.9.1 referencing-0.37.0 regex-2026.9.10 requests-2.34.2 rpds-py-2026.6.3 tiktoken-0.14.0 typing-extensions-4.16.0 urllib3-2.8.0
2026-09-28T09:36:22.9765433Z ##[group]Run python3 knowledge/_build_survey.py --timeout 60
2026-09-28T09:36:22.9765962Z [36;1mpython3 knowledge/_build_survey.py --timeout 60[0m
2026-09-28T09:36:22.9833886Z shell: /usr/bin/bash -e {0}
2026-09-28T09:36:22.9834193Z env:
2026-09-28T09:36:22.9834503Z   pythonLocation: /opt/hostedtoolcache/Python/3.12.14/x64
2026-09-28T09:36:22.9835001Z   PKG_CONFIG_PATH: /opt/hostedtoolcache/Python/3.12.14/x64/lib/pkgconfig
2026-09-28T09:36:22.9835491Z   Python_ROOT_DIR: /opt/hostedtoolcache/Python/3.12.14/x64
2026-09-28T09:36:22.9835932Z   Python2_ROOT_DIR: /opt/hostedtoolcache/Python/3.12.14/x64
2026-09-28T09:36:22.9836362Z   Python3_ROOT_DIR: /opt/hostedtoolcache/Python/3.12.14/x64
2026-09-28T09:36:22.9837035Z   LD_LIBRARY_PATH: /opt/hostedtoolcache/Python/3.12.14/x64/lib
2026-09-28T09:36:22.9837399Z ##[endgroup]
2026-09-28T09:40:07.9198895Z — 154 steps read from _build_all.STEPS by ast (never imported) · per-step timeout 60s · non-mutating steps only
2026-09-28T09:40:07.9200109Z 
2026-09-28T09:40:07.9200744Z   ✅ [ 3] token blast-radius + graph report — determinism/staleness chec
2026-09-28T09:40:07.9201908Z   ✅ [ 4] token blast-radius + graph report selftest (#79 P6)
2026-09-28T09:40:07.9202915Z   ✅ [ 9] help-gate selftest — 5 mutation bites (#158 class gate)
2026-09-28T09:40:07.9204085Z   ✅ [11] assertion veracity selftest — verbs bite + registry well-forme
2026-09-28T09:40:07.9205264Z   ⊘ [13] capture/provenance selftest (Memento §4.1)  COULD-NOT-ASK
2026-09-28T09:40:07.9206381Z   ✅ [14] gauge-tokens selftest -- counting path + cache + degraded-meas
2026-09-28T09:40:07.9207829Z   ✅ [15] roll-state measurer selftest (#77 T1)
2026-09-28T09:40:07.9208808Z   ✅ [16] commit-seam harness — _git_commit.sh fixture-repo arms (#78-D1
2026-09-28T09:40:07.9209795Z   ✅ [17] GM/LS mover selftest — hardened move mechanics (M5)
2026-09-28T09:40:07.9210669Z   ✅ [18] section-usage instrumentation selftest (#23)
2026-09-28T09:40:07.9211840Z   ✅ [20] lane records determinism check (O1′ #24)
2026-09-28T09:40:07.9212812Z   ✅ [21] lane records selftest — schema refusals + routing contract (O1
2026-09-28T09:40:07.9214035Z   ✅ [26] worklist store selftest — schema presence gates incl. priority
2026-09-28T09:40:07.9215229Z   ✅ [28] decision-graph selftest — conflict gate bites on unresolved/op
2026-09-28T09:40:07.9216385Z   ✅ [29] spine-writer selftest — splice invariants + no-half-writes (#7
2026-09-28T09:40:07.9217678Z   ✅ [38] component-partials sync — AUTO-PARTIAL injection + contracts (
2026-09-28T09:40:07.9218485Z   ✅ [39] component-partials selftest (ADR-0013)
2026-09-28T09:40:07.9219287Z   ✅ [40] token-set distribution sync — AUTO-TOKENS injection (s121-D1)
2026-09-28T09:40:07.9220092Z   ✅ [41] token-set distribution selftest (s121-D1)
2026-09-28T09:40:07.9220805Z   ✅ [43] Behaviour contract selftest (ADR-0015)
2026-09-28T09:40:07.9221546Z   ✅ [45] canon components determinism check (ADR-0013 ruling 4)
2026-09-28T09:40:07.9222303Z   ✅ [47] partial-ratchet selftest (ADR-0013)
2026-09-28T09:40:07.9223082Z   ✅ [50] theme cascade sync — [data-apollo-theme] layer (ADR-0011)
2026-09-28T09:40:07.9223821Z   ✅ [51] theme cascade selftest (ADR-0014)
2026-09-28T09:40:07.9224439Z   ✅ [53] state-snap selftest (ADR-0014)
2026-09-28T09:40:07.9225262Z   ✅ [55] stale-queue selftest — 13 bites incl. both mutation directions
2026-09-28T09:40:07.9226149Z   ✅ [57] palette-tier selftest — 10 mutation bites (s157-D2)
2026-09-28T09:40:07.9227324Z   ✅ [59] showroom sync — generated component library (RULED 2026-07-21)
2026-09-28T09:40:07.9228314Z   ✅ [60] showroom URL-rebase selftest — the srcdoc base-URL trap (2026-
2026-09-28T09:40:07.9229361Z   ⊘ [61] dashboard sync — generated progress dashboard (RULED #164, bui  COULD-NOT-ASK
2026-09-28T09:40:07.9230807Z   ✅ [67] a11y target-measurement selftest (s114-D5)
2026-09-28T09:40:07.9231469Z   ✅ [70] wiring gate selftest — 4 bites
2026-09-28T09:40:07.9232388Z   ⊘ [74] state-contrast gate selftest — paint stack, report arithmetic,  COULD-NOT-ASK
2026-09-28T09:40:07.9233589Z   ✅ [76] type-composites selftest
2026-09-28T09:40:07.9234203Z   ✅ [85] KG edge gate selftest (6 bites)
2026-09-28T09:40:07.9234942Z   ✅ [86] KG token-group generator drift check — _token_nodes.json vs th
2026-09-28T09:40:07.9235691Z   ✅ [87] KG token-group generator selftest — 8 bites (s277-D12)
2026-09-28T09:40:07.9236171Z   ✅ [88] KG node-title generator drift check — _node_titles.json vs the
2026-09-28T09:40:07.9236659Z   ✅ [89] KG node-title generator selftest — 15 bites (#304 W5c; +3 #305
2026-09-28T09:40:07.9237440Z   ✅ [90] KG sources generator in sync — s305-D26 step 5
2026-09-28T09:40:07.9237839Z   ✅ [91] KG sources generator selftest — 9 bites (s305-D26)
2026-09-28T09:40:07.9238510Z   ✅ [93] Token fork-ban selftest (2-direction)
2026-09-28T09:40:07.9239200Z   ✅ [97] binds-resolve selftest — 5 bites incl. any-store clause (#146)
2026-09-28T09:40:07.9239705Z   ✅ [99] chart-intent resolve selftest — 4 bites incl. list case + abse
2026-09-28T09:40:07.9240213Z   ✅ [101] roles/answers resolve selftest — 15 bites incl. in-role priori
2026-09-28T09:40:07.9240714Z   ✅ [103] DataViz gate selftest — bite-tests dv-004 + the dtype vocabula
2026-09-28T09:40:07.9241207Z   ✅ [105] property-resolves gate C2 selftest — 4 bites + a bite-the-bite
2026-09-28T09:40:07.9241700Z   ✅ [107] dataviz var-resolution gate selftest — 8 arms incl. alias chai
2026-09-28T09:40:07.9242210Z   ✅ [109] minted-consumption selftest — 10 arms incl. both false-positiv
2026-09-28T09:40:07.9242728Z   ✅ [111] hidden-attr display selftest — 16 bites incl. the real #218 mu
2026-09-28T09:40:07.9243153Z   ✅ [116] consult tool selftest (advisory)
2026-09-28T09:40:07.9243570Z   ✅ [117] search core selftest — two-stage engine + receipt format (O2′ 
2026-09-28T09:40:07.9244016Z   ✅ [119] memento index determinism check (O2′ #25)
2026-09-28T09:40:07.9244473Z   ✅ [120] memento index selftest — contract refusals + determinism (O2′ 
2026-09-28T09:40:07.9244970Z   ✅ [121] memento search selftest — known-answer retrieval + fetch refus
2026-09-28T09:40:07.9245437Z   ✅ [123] graph mention map determinism check (#115 step 0)
2026-09-28T09:40:07.9245890Z   ✅ [124] graph mention map selftest — hit/miss/refusal bites (#115 step
2026-09-28T09:40:07.9246382Z   ✅ [126] read chain determinism check — stale _CHAIN.md serves a PREVIO
2026-09-28T09:40:07.9247154Z   ✅ [127] read chain selftest — verbatim terms + the CUT + refusal on a 
2026-09-28T09:40:07.9247639Z   ✅ [128] GM size stamp check — a TYPED `size:` figure / drift past the 
2026-09-28T09:40:07.9248118Z   ✅ [129] GM size stamp selftest — the fixed point, the 2-cycle refusal,
2026-09-28T09:40:07.9248624Z   ✅ [131] memento schematic determinism check — a stale diagram publishe
2026-09-28T09:40:07.9249119Z   ✅ [132] memento schematic selftest — figure provenance, caption geomet
2026-09-28T09:40:07.9249637Z   ✅ [134] memento-package delta-audit selftest — mutation-tested, all 4 
2026-09-28T09:40:07.9250108Z   ✅ [136] instrument-fit selftest (advisory, ds-015)
2026-09-28T09:40:07.9250863Z   ✅ [139] could-not-ask convention selftest (#193 — the third verdict's 
2026-09-28T09:40:07.9251430Z   ⊘ [142] governs matcher selftest — the [12]/[13] trigger-index arm, na  COULD-NOT-ASK
2026-09-28T09:40:07.9251978Z   ✅ [143] frozen-release gate — v1/v2 and any baked Spider surface may n
2026-09-28T09:40:07.9252882Z   ✅ [144] frozen-release selftest — 11 bites on a fixture repo incl. the
2026-09-28T09:40:07.9253855Z   ✅ [145] pack ship-list audit — the manifest is byte-identical to a fre
2026-09-28T09:40:07.9254819Z   ✅ [146] release-audit selftest — manifest compare + the pack arm's res
2026-09-28T09:40:07.9255499Z   ⊘ [147] pack-side CI template — parses, ships what it calls, hides not  COULD-NOT-ASK
2026-09-28T09:40:07.9256111Z   ⊘ [148] pack-side CI template selftest — 10 mutants incl. a smuggled c  COULD-NOT-ASK
2026-09-28T09:40:07.9257742Z   ✅ [151] polarity gate — five refusals + content-fresh derived status/e
2026-09-28T09:40:07.9258301Z   ✅ [152] polarity gate selftest — control + every refusal arm on a copy
2026-09-28T09:40:07.9258768Z 
2026-09-28T09:40:07.9258913Z ==============================================================================
2026-09-28T09:40:07.9259633Z SURVEY: 69 pass · 0 FAIL · 6 COULD-NOT-ASK (self-declared refusals) · 0 unaskable (missing/timed out) · 79 not asked (mutating)
2026-09-28T09:40:07.9260384Z ⚠ 'not asked' is NOT 'passing' — it is excluded from the exit code, deliberately.
2026-09-28T09:40:07.9260968Z ⚠ 'COULD-NOT-ASK' is NOT 'passing' either. It is a step that named the input it could
2026-09-28T09:40:07.9261527Z   not reach, so the job does not go red for an ENVIRONMENT fact dressed as an artefact
2026-09-28T09:40:07.9262051Z   verdict (#173/#183, generalised #193). Every one is printed in full below. A step
2026-09-28T09:40:07.9262596Z   that timed out or is MISSING is a different thing and still fails: nobody asked it
2026-09-28T09:40:07.9262993Z   and it never said why.
2026-09-28T09:40:07.9263142Z 
2026-09-28T09:40:07.9263414Z COULD-NOT-ASK (6) — each step's OWN words about the input it could not reach.
2026-09-28T09:40:07.9263938Z These do NOT fail the survey; they also do not pass. If one of them is here because the
2026-09-28T09:40:07.9264534Z environment is wrong rather than because the input is genuinely unreachable, FIX THE ENVIRONMENT:
2026-09-28T09:40:07.9264909Z 
2026-09-28T09:40:07.9265080Z   [13] capture/provenance selftest (Memento §4.1)
2026-09-28T09:40:07.9265447Z       python3 knowledge/_capture_gate.py --selftest   (exit 77)
2026-09-28T09:40:07.9271285Z       COULD-NOT-ASK: _capture_gate.py --selftest — 4 arm(s) read an input this checkout cannot hold — trigger index: ruling ds-034's evidence `outputs/_FINDING-canon-pri-hover-brand-mono-fork-2026-08-06-v1.md` is excluded by this repo's own .gitignore — no checkout can hold it, so whether it has rotted is UNASKABLE here; the machine that wrote it is where that question has an answer · trigger index: ruling ds-034's evidence `outputs/_PARTITION-button-primary-2026-08-06-v1.md` is excluded by this repo's own .gitignore — no checkout can hold it, so whether it has rotted is UNASKABLE here; the machine that wrote it is where that question has an answer · trigger index: ruling ds-035's evidence `outputs/_FINDING-canon-pri-hover-brand-mono-fork-2026-08-06-v1.md` is excluded by this repo's own .gitignore — no checkout can hold it, so whether it has rotted is UNASKABLE here; the machine that wrote it is where that question has an answer · trigger index: ruling s245-D6's evidence `knowledge/_tmp/l3-245/rename-plan.json` is excluded by this repo's own .gitignore — no checkout can hold it, so whether it has rotted is UNASKABLE here; the machine that wrote it is where that question has an answer ⇒ THIS IS NOT A SKIP: every other arm passed here, and these arms have their proof of record on a tree that carries the ignored artefacts (a working session's own repo), never on a bare clone.
2026-09-28T09:40:07.9275987Z 
2026-09-28T09:40:07.9276268Z   [61] dashboard sync — generated progress dashboard (RULED #164, built #165)
2026-09-28T09:40:07.9277007Z       python3 knowledge/gen_dashboard.py --check   (exit 77)
2026-09-28T09:40:07.9669121Z       COULD-NOT-ASK: dashboard/index.html — the page differs, but a live gate baked into it is reading INPUTS OUTSIDE THE COMMITTED TREE, so its verdict — and therefore this page — cannot be reproduced here: provenance names `knowledge/_tmp/l3-245/rename-plan.json`; provenance names `outputs/_FINDING-canon-pri-hover-brand-mono-fork-2026-08-06-v1.md`; provenance names `outputs/_PARTITION-button-primary-2026-08-06-v1.md`. Every one of those paths is untracked, so an environment that has them and one that does not will render different prose from the SAME commit. This is a REFUSAL, not a staleness verdict in either direction: the page's agreement with the stores is UNKNOWN here and is reported as unknown. Ask it where those inputs are present (a working tree that holds them), or commit them.
2026-09-28T09:40:07.9675064Z 
2026-09-28T09:40:07.9675742Z   [74] state-contrast gate selftest — paint stack, report arithmetic, named args
2026-09-28T09:40:07.9677255Z       python3 knowledge/_validate_state_contrast.py --selftest   (exit 77)
2026-09-28T09:40:07.9681090Z       COULD-NOT-ASK: _validate_state_contrast.py — the 'playwright' module is not installed (ModuleNotFoundError("No module named 'playwright'")) — this gate cannot be proven without it; run `pip install playwright && playwright install chromium` ⇒ THIS IS NOT A SKIP: these arms (including the s152-D1 mutation control) run BLOCKING in the `render` job of .github/workflows/gates.yml, which installs chromium — that job is where this gate's proof of record lives. Nothing here is claimed green; the question was unaskable on this box.
2026-09-28T09:40:07.9684167Z 
2026-09-28T09:40:07.9684731Z   [142] governs matcher selftest — the [12]/[13] trigger-index arm, named (#208 legibility)
2026-09-28T09:40:07.9685583Z       python3 knowledge/_governs.py --selftest   (exit 77)
2026-09-28T09:40:07.9693602Z       COULD-NOT-ASK: _governs.py --selftest — 4 evidence pointer(s) name paths this checkout cannot hold: ruling ds-034's evidence `outputs/_FINDING-canon-pri-hover-brand-mono-fork-2026-08-06-v1.md` is excluded by this repo's own .gitignore — no checkout can hold it, so whether it has rotted is UNASKABLE here; the machine that wrote it is where that question has an answer · ruling ds-034's evidence `outputs/_PARTITION-button-primary-2026-08-06-v1.md` is excluded by this repo's own .gitignore — no checkout can hold it, so whether it has rotted is UNASKABLE here; the machine that wrote it is where that question has an answer · ruling ds-035's evidence `outputs/_FINDING-canon-pri-hover-brand-mono-fork-2026-08-06-v1.md` is excluded by this repo's own .gitignore — no checkout can hold it, so whether it has rotted is UNASKABLE here; the machine that wrote it is where that question has an answer · ruling s245-D6's evidence `knowledge/_tmp/l3-245/rename-plan.json` is excluded by this repo's own .gitignore — no checkout can hold it, so whether it has rotted is UNASKABLE here; the machine that wrote it is where that question has an answer
2026-09-28T09:40:07.9700653Z 
2026-09-28T09:40:07.9701272Z   [147] pack-side CI template — parses, ships what it calls, hides nothing (BLOCKING, built #219)
2026-09-28T09:40:07.9702212Z       python3 knowledge/_release/_gate_ci_template.py --check   (exit 77)
2026-09-28T09:40:07.9704574Z       COULD-NOT-ASK: apollo-spider/ci-template/gates.yml — PyYAML is not importable in this environment, and this gate parses the template in YAML rather than guessing at it with string matching. Install it (pip install pyyaml) — the release job in .github/workflows/gates.yml does exactly that
2026-09-28T09:40:07.9706328Z 
2026-09-28T09:40:07.9707124Z   [148] pack-side CI template selftest — 10 mutants incl. a smuggled continue-on-error (#219)
2026-09-28T09:40:07.9708058Z       python3 knowledge/_release/_gate_ci_template.py --selftest   (exit 77)
2026-09-28T09:40:07.9709455Z       COULD-NOT-ASK: the ci-template selftest — PyYAML is not importable, and every arm below parses YAML. Install it (pip install pyyaml).
2026-09-28T09:40:07.9710353Z 
2026-09-28T09:40:07.9710876Z NOT ASKED (79 mutating steps) — run --include-mutating on a clean tree to include them:
2026-09-28T09:40:07.9711605Z   [1] compliance knowledge graph
2026-09-28T09:40:07.9712063Z   [2] token blast-radius + graph report
2026-09-28T09:40:07.9712531Z   [5] guideline rules index (gate)
2026-09-28T09:40:07.9712984Z   [6] runbook index (generated)
2026-09-28T09:40:07.9713436Z   [7] standing-instructions reachability gate
2026-09-28T09:40:07.9714140Z   [8] help-gate — no entry point may write before it reads argv (#158 cl
2026-09-28T09:40:07.9714908Z   [10] assertion veracity gate — claims that can rot
2026-09-28T09:40:07.9715686Z   [12] capture/provenance gate — status+provenance on new notes+dossiers 
2026-09-28T09:40:07.9716935Z   … and 71 more
2026-09-28T09:40:07.9717140Z 
2026-09-28T09:40:07.9717645Z — recorded → /home/runner/work/UX-design/UX-design/notes/_BUILD-VERDICT-LOG.jsonl
2026-09-28T09:40:07.9779394Z ##[group]Run python3 knowledge/_build_all.py
2026-09-28T09:40:07.9779779Z [36;1mpython3 knowledge/_build_all.py[0m
2026-09-28T09:40:07.9843839Z shell: /usr/bin/bash -e {0}
2026-09-28T09:40:07.9844097Z env:
2026-09-28T09:40:07.9844366Z   pythonLocation: /opt/hostedtoolcache/Python/3.12.14/x64
2026-09-28T09:40:07.9844818Z   PKG_CONFIG_PATH: /opt/hostedtoolcache/Python/3.12.14/x64/lib/pkgconfig
2026-09-28T09:40:07.9845258Z   Python_ROOT_DIR: /opt/hostedtoolcache/Python/3.12.14/x64
2026-09-28T09:40:07.9845652Z   Python2_ROOT_DIR: /opt/hostedtoolcache/Python/3.12.14/x64
2026-09-28T09:40:07.9846044Z   Python3_ROOT_DIR: /opt/hostedtoolcache/Python/3.12.14/x64
2026-09-28T09:40:07.9846439Z   LD_LIBRARY_PATH: /opt/hostedtoolcache/Python/3.12.14/x64/lib
2026-09-28T09:40:07.9846929Z ##[endgroup]
2026-09-28T09:40:08.0771987Z Wrote 38 rule files to compliance/rules/
2026-09-28T09:40:08.0772548Z Index: 38 SCs x 135 components
2026-09-28T09:40:08.0772940Z Validation errors: none
2026-09-28T09:40:08.0773584Z Levels: {'AA': 17, 'A': 18, 'AAA': 3} | Severities: {'serious': 29, 'critical': 3, 'minor': 6}
2026-09-28T09:40:08.0774253Z AAA (beyond AA bar): ['2.3.3', '2.4.8', '2.5.5']
2026-09-28T09:40:22.8807209Z 
2026-09-28T09:40:22.8808476Z PARKED DUE — 4 parked item(s) are due at token-report — python3 knowledge/_parked.py --due token-report
2026-09-28T09:40:22.8809229Z wrote tokens/_blast-radius.json and _GRAPH-REPORT.md
2026-09-28T09:40:22.8809694Z tokens defined=1047 referenced=140 components=137
2026-09-28T09:40:22.8810808Z top god-nodes: [('text/default', 109), ('background/default', 74), ('tertiary/background/default', 51), ('icon/default', 46), ('border-radius/surface', 43), ('focus/ring', 40), ('border/subtle', 39), ('text/secondary', 37)]
2026-09-28T09:40:22.8811907Z depricate-still-bound components: 19
2026-09-28T09:40:22.8812272Z orphans: 907
2026-09-28T09:40:37.6789193Z 
2026-09-28T09:40:37.6790625Z PARKED DUE — 4 parked item(s) are due at token-report — python3 knowledge/_parked.py --due token-report
2026-09-28T09:40:37.6792115Z ✓ _build_blast_radius --check PASS — tokens/_blast-radius.json and _GRAPH-REPORT.md match a fresh compute() (content, not mtime)
2026-09-28T09:41:06.9309825Z 
2026-09-28T09:41:06.9311035Z PARKED DUE — 4 parked item(s) are due at token-report — python3 knowledge/_parked.py --due token-report
2026-09-28T09:41:06.9312195Z   selftest (a): compute() is deterministic across two calls ✓
2026-09-28T09:41:06.9312829Z   selftest (b1): identical fixture pair reports zero drift ✓
2026-09-28T09:41:06.9313417Z   selftest (b2): a doctored fixture pair is flagged on BOTH files, each named ✓
2026-09-28T09:41:06.9314119Z   selftest (b3): a missing on-disk file is flagged, never silently treated as a match ✓
2026-09-28T09:41:06.9315099Z selftest PASS — compute() deterministic; --check bites on drift, quiet on a match, never silently passes a missing file (#79 P6)
2026-09-28T09:41:06.9896649Z rules index: 475 rules from 35 engine-era files — {'ADVISORY': 323, 'BLOCKING': 62, 'REVIEW': 34, 'TASTE': 56}
2026-09-28T09:41:07.0165861Z runbook index: 17 runbooks -> _RUNBOOKS.md
2026-09-28T09:41:07.4996638Z selftest OK — discovers 28 standing docs by glob + STANDING: self-declaration.
2026-09-28T09:41:07.4998112Z STANDING-INSTRUCTIONS GATE PASS — 28 standing doc(s) reachable from the spine; GOOD-MORNING structure intact.
2026-09-28T09:41:07.4999358Z   NOTE: memory files live outside the repo and CANNOT be checked here — capture-ritual step 3 is still a human step.
2026-09-28T09:41:09.4413083Z help-gate OK — 262 script(s) scanned; every entry point answers --help before it can write.
2026-09-28T09:41:09.4705948Z   ✓ guard first -> GREEN                             -> GREEN
2026-09-28T09:41:09.4707233Z   ✓ write before guard -> RED                        -> RED  [knowledge/_mutant.py: help gate at statement 4 is TOO LATE — Expr on line 4 runs first]
2026-09-28T09:41:09.4708665Z   ✓ no guard at all -> RED                           -> RED  [knowledge/_mutant.py: NO HELP GATE — add]
2026-09-28T09:41:09.4709586Z   ✓ library module -> GREEN (not an entry point)     -> GREEN
2026-09-28T09:41:09.4710166Z   ✓ argparse owns --help -> GREEN                    -> GREEN
2026-09-28T09:41:09.4711110Z _validate_help_gate --selftest OK — 5 bites (guard-first · write-before-guard RED · missing-guard RED · library · argparse).
2026-09-28T09:41:09.5047703Z selftest OK — 5 verbs bite-tested, 0 native check(s), 8 assertion(s) well-formed, 3 mutation(s) killed.
2026-09-28T09:41:09.5048840Z   [✓] ASSERT-001 blocker      0 matches in root=repo
2026-09-28T09:41:09.5049531Z       ⚠ last verified 40d ago, window is 30d
2026-09-28T09:41:09.5050293Z   [✓] ASSERT-002 environment  1 match(es) in root=repo
2026-09-28T09:41:09.5051365Z   [✓] ASSERT-004 regression   needle='text-transform:uppercase' in root=repo
2026-09-28T09:41:09.5052341Z   [✓] ASSERT-005 environment  needle='knowledge/assets/fonts/' in root=repo
2026-09-28T09:41:09.5053029Z   [✓] ASSERT-006 environment  1 match(es) in root=repo
2026-09-28T09:41:09.5054890Z   [⊘] ASSERT-007 blocker      ROOT UNRESOLVED — root 'mount' unreachable HERE: no '<session>/mnt' ancestor of ROOT=/home/runner/work/UX-design/UX-design (running outside the sandbox mount) — an environment fact, not a registry defect
2026-09-28T09:41:09.5056443Z       ⚠ last verified 53d ago, window is 30d
2026-09-28T09:41:09.5057368Z   [✓] ASSERT-008 environment  1 match(es) in root=repo
2026-09-28T09:41:09.5058025Z   [✓] ASSERT-009 environment  count=138 (want eq 138) in root=repo
2026-09-28T09:41:09.5058410Z 
2026-09-28T09:41:09.5058734Z   ⚠ 2 blocker(s) past their recheck window — re-test deliberately:
2026-09-28T09:41:09.5059318Z       ASSERT-001: last verified 40d ago, window is 30d
2026-09-28T09:41:09.5060767Z         clears when: The Latin webfont files (WOFF + WOFF2) physically land in knowledge/assets/fonts/. Watch for Ultralight in the pack — a sixth weight below Thin = a TYPE RULING, not an asset drop.
2026-09-28T09:41:09.5062039Z       ASSERT-007: last verified 53d ago, window is 30d
2026-09-28T09:41:09.5063546Z         clears when: The mount layout changes and .auto-memory/ is no longer reachable from the shell — at which point the zero-fill route is genuinely gone and every doc telling a session to check disk first is wrong.
2026-09-28T09:41:09.5064459Z 
2026-09-28T09:41:09.5065857Z COULD-NOT-ASK: assertion gate — 1 of 8 claim(s) untestable in this environment, 0 false — ASSERT-007: ROOT UNRESOLVED — root 'mount' unreachable HERE: no '<session>/mnt' ancestor of ROOT=/home/runner/work/UX-design/UX-design (running outside the sandbox mount) — an environment fact, not a registry defect
2026-09-28T09:41:09.5338749Z selftest OK — 5 verbs bite-tested, 0 native check(s), 8 assertion(s) well-formed, 3 mutation(s) killed.
2026-09-28T09:41:10.1314635Z   ⚠️  WARN ds-021 (C) DECLARED GAP — `knowledge/_boot_decompose.py` counts in cl100k and cannot name a REAL tier. BUILT #242 lane F (the boot DECOMPOSITION `_boot_remeasure.py`'s two hard-coded paths could not give), REGISTERED AT THE WRAP THAT SHIPPED IT — ds-021 (C) caught it unregistered on its first gate run, which is the birth-catch the bite exists for. WHY 'estimate-only': every component figure it prints is a cl100k TAPE count over the DISK-RESIDENT boot inputs; a REAL boot figure comes only from `message.usage`, which this file never sees — it takes the real total as `--real N` from the caller and prints the harness remainder as `<real> − Σ(ours, tape)` labelled ESTIMATED-BY-SUBTRACTION, because that subtraction mixes units BY CONSTRUCTION. ⛔ Its tape figures are never summed with, scaled to, or compared against a `real` measurement [[measure-dont-convert-units]].
2026-09-28T09:41:10.1321490Z   ⚠️  WARN ds-021 (C) DECLARED GAP — `knowledge/_boot_remeasure.py` counts in cl100k and cannot name a REAL tier. BUILT #214 under `s214-D5` half 2 (per-session boot re-measure over the mounted disk-resident boot inputs), and REGISTERED HERE AT THE WRAP THAT SHIPPED IT — the ds-021 (C) bite caught it unregistered on its first gate run, which is the birth-catch the bite exists for. It counts in tiktoken cl100k ONLY and can name NO real tier: its output is a TAPE PROXY kept for SHAPE and DELTA across sessions, and the row that owns it (`W-99za`) already declares exactly that — this entry MIRRORS that declaration, it does not make a new one. ⛔ Its figures are NEVER summed with, scaled to, or compared against a `real` measurement [[measure-dont-convert-units]]; the consumer is the boot-band re-base sitting, which is DAVE'S.
2026-09-28T09:41:10.1328010Z   ⚠️  WARN ds-021 (C) DECLARED GAP — `knowledge/_compose_slice.py` counts in cl100k and cannot name a REAL tier. BORN #270 (lane 2, the compose-time door). It encodes with tiktoken cl100k ONLY to report the SIZE of a context slice against the metas it replaces (the ~6x / ~25x figures on notes/_PROPOSAL-compose-time-door-2026-09-14-v1.html) - a RATIO between two texts it measures the SAME way, never a budget figure and never a FILL claim. It cannot name a REAL tier: it does not call _gauge_tokens.count() and has no API path, so estimate-only is the honest label rather than a tier it would have to borrow. REGISTERED AT THE #270 WRAP AS A DECLARATION, NOT A RULING - ds-021 (C) asks a counting site to declare what it can name, and leaving it unregistered is the 27-sessions-of-silence failure this registry exists to stop. Whether the door is WIRED at all is Dave's, and is untouched by this entry.
2026-09-28T09:41:10.1331878Z   ⚠️  WARN ds-021 (C) DECLARED GAP — `knowledge/_context_gauge.py` counts in cl100k and cannot name a REAL tier. REFUSES without tiktoken unless --estimate labels the output (#74). Honest about estimate-vs-nothing; still blind to cl100k-vs-real.
2026-09-28T09:41:10.1336558Z   ⚠️  WARN ds-021 (C) DECLARED GAP — `knowledge/_memory_cap_check.py` counts in cl100k and cannot name a REAL tier. BUILT #244 lane C (the mechanised `MEMORY.md` cap), REGISTERED AT #244 lane V — ds-021 (C) caught it unregistered on its first gate run, which is the birth-catch the bite exists for. WHY 'estimate-only': cl100k tape of a non-repo file; never a real-token claim. The file it grades is the Cowork auto-memory index resolved through the `/sessions/*/mnt` glob, so it is OUTSIDE the repo and no `message.usage` figure can ever be taken over it — the only reading available is a tiktoken cl100k TAPE count, kept for SHAPE and DELTA (the `s243-D1` stub measured 1,502 tape against a MEMORY_CAP_TAPE of 1,802). ⛔ Its tape figures are never summed with, scaled to, or compared against a `real` measurement [[measure-dont-convert-units]]; the arm it feeds (`memory_cap_check`) is ADVISORY (`MEMORY_CAP_BLOCKING = False`) precisely because the graded file does not exist on a non-Cowork tree [[gate-cannot-pass-in-one-environment]].
2026-09-28T09:41:10.1349820Z   ⚠️  WARN ds-021 (C) DECLARED GAP — `knowledge/_seam.py` counts in cl100k and cannot name a REAL tier. BORN #283 (the lane-seam check, `s283-D1`); the FIRST COUNTING SITE was added at #285 by lane SC with the fourth STANDING block (Dave: "yes to the seam re-quoting the standing constraints"), the SECOND at #286 by lane T with the INSEAT block (#285's move 2: "`_seam.py` measures the conductor's own tool-output tokens since the last seam and warns above a threshold"). BOTH are estimate-only for the SAME reason, and the second is declared here rather than left to ride on the first entry's coat-tails — a registry entry that names one site while the file has two is the stale pin this gate exists to catch. `inseat_tokens()` encodes the CONDUCTOR'S OWN `tool_result` text out of the live transcript (non-sidechain records, lane returns split out) with tiktoken cl100k ONLY, to size what was spent in the seat since the last seam; the threshold it is judged against (`INSEAT_WARN_TK` = 10,000) is PICKED, NOT RULED, and says so on the line it prints on. ⚠ It is NEVER a FILL claim: the seam's FILL line is `_checkin.py`'s REAL reading, and this number measures a DIFFERENT OBJECT (tool output landing in the window, not the window) — they are never converted into one another [[measure-dont-convert-units]]. Unavailable tiktoken makes the line read `?` and the verdict read UNMEASURED; it is never read as 0, and the seam's selftest holds that arm. `standing_tokens()` encodes the printed constraint block with tiktoken cl100k ONLY, to size the tail it prints — it never calls `_gauge_tokens.count()`, has no API path, and the figure is never a FILL claim or a budget figure; the seam's FILL line is `_checkin.py`'s REAL reading, imported, not re-derived here. So estimate-only is the honest label rather than a tier it would have to borrow, and the unit is NAMED on the line it prints on (`STANDING <n> lines · <tokens> cl100k`). ⚠ Unavailable tiktoken prints `?`, never a guessed number, and the seam's selftest FAILS on `?` rather than passing a blind arm. REGISTERED AT THE #285 WRAP AS A DECLARATION, NOT A RULING — the `_compose_slice.py` precedent (#270 wrap) exactly: ds-021 (C) asks a counting site to declare what it can name, this site was born unregistered in this session's own commit `b99d092c`, and it is THIS SEAT'S fail to close rather than an inherited one. Whether `_standing.md` itself is ever inscribed is Dave's and is untouched by this entry.
2026-09-28T09:41:10.1358400Z capture gate [build]: 243 in scope · 0 fail · 6 warn
2026-09-28T09:41:10.7171198Z ⚠ DUPLICATE HEADING: gm-archive:2b-wave-1-rulings-1-7-unchanged-rule-with-the-above at _GM-ARCHIVE.md:5594 and _GM-ARCHIVE.md:6674
2026-09-28T09:41:10.7173621Z ⚠ DUPLICATE HEADING: gm-archive:3-the-standing-eyeball-set-non-blocking-your-foundations-fir at _GM-ARCHIVE.md:5616 and _GM-ARCHIVE.md:6697
2026-09-28T09:41:10.7175973Z ⚠ DUPLICATE HEADING: gm-archive:4b-queued-button-states-finesse-pass-dave-2026-07-22-not-now at _GM-ARCHIVE.md:5578 and _GM-ARCHIVE.md:6771
2026-09-28T09:41:10.7177784Z ⚠ DUPLICATE HEADING: gm-archive:5-parked-unchanged at _GM-ARCHIVE.md:5589 and _GM-ARCHIVE.md:6782
2026-09-28T09:41:10.7179788Z ⚠ DUPLICATE HEADING: ls-archive:prior-delta-2026-07-26-sun-evening-opus-solo-self-conducting at _LIVE-STATE-ARCHIVE.md:5457 and _LIVE-STATE-ARCHIVE.md:5472
2026-09-28T09:41:10.7181347Z ⚠ DUPLICATE HEADING: component:icon-button at knowledge/_proforma/icon-button.meta.json:1 and knowledge/components/icon-button.meta.json:1
2026-09-28T09:41:11.5366187Z ⚠ DUPLICATE HEADING: gm-archive:2b-wave-1-rulings-1-7-unchanged-rule-with-the-above at _GM-ARCHIVE.md:5594 and _GM-ARCHIVE.md:6674
2026-09-28T09:41:11.5368729Z ⚠ DUPLICATE HEADING: gm-archive:3-the-standing-eyeball-set-non-blocking-your-foundations-fir at _GM-ARCHIVE.md:5616 and _GM-ARCHIVE.md:6697
2026-09-28T09:41:11.5370535Z ⚠ DUPLICATE HEADING: gm-archive:4b-queued-button-states-finesse-pass-dave-2026-07-22-not-now at _GM-ARCHIVE.md:5578 and _GM-ARCHIVE.md:6771
2026-09-28T09:41:11.5372354Z ⚠ DUPLICATE HEADING: gm-archive:5-parked-unchanged at _GM-ARCHIVE.md:5589 and _GM-ARCHIVE.md:6782
2026-09-28T09:41:11.5373819Z ⚠ DUPLICATE HEADING: ls-archive:prior-delta-2026-07-26-sun-evening-opus-solo-self-conducting at _LIVE-STATE-ARCHIVE.md:5457 and _LIVE-STATE-ARCHIVE.md:5472
2026-09-28T09:41:11.5375536Z ⚠ DUPLICATE HEADING: component:icon-button at knowledge/_proforma/icon-button.meta.json:1 and knowledge/components/icon-button.meta.json:1
2026-09-28T09:41:19.7122686Z   ❌ FAIL GOOD-MORNING.md: no `pre-flight:` stamp — the handoff must carry the estimate the session was priced with (runbook § ★ Half 0b). Form (Dave #56, REAL TOKENS): `pre-flight: boot N (disk N measured · harness ~N est ±N) + job N est + wrap N est = N of 256,000 — BAND`
2026-09-28T09:41:19.7125057Z   ❌ FAIL GOOD-MORNING.md: section marker(s) not found (DO-FIRST, §A, §C) — ritual step 2
2026-09-28T09:41:19.7126512Z   ❌ FAIL boot-drift: notes/_GAUGE-LOG.md is MISSING — the boot band is DERIVED from that file (`s240-D1`), so with it absent there is no band and nothing to check. This is the #109 condition (a rule with no consumer), not a clean pass.
2026-09-28T09:41:19.7129192Z   ❌ FAIL lane-routing: GM §C·1 eager ROUTING line MISSING (⛔ ROUTING) — externalised records without the eager pointer is the cold-session-defaults-onto-Apollo failure
2026-09-28T09:41:19.7131308Z   ❌ FAIL TITLE GENERATION: no `knowledge/_gen_titles_receipt.json` found — `python3 knowledge/_gen_titles.py --session <N>` was not run this wrap. RENAME and NEXT-TITLE must be MECHANISED (#120 residual ⓪), never hand-authored prose.
2026-09-28T09:41:19.7132987Z   ❌ FAIL _LIVE-STATE.md: "Last refreshed" zone does not carry today (2026-07-27) — refresh it (ritual steps 1 / 2) before closing
2026-09-28T09:41:19.7134154Z   ❌ FAIL GOOD-MORNING.md: header date zone does not carry today (2026-07-27) — refresh it (ritual steps 1 / 2) before closing
2026-09-28T09:41:19.7135430Z   ⚠️  WARN B2 PLAN BLOCK check SKIPPED — no `_CHAIN.md` under /tmp/tmpn5_0phqz, so this is not a state tree. NOT a pass: the seam was not graded here.
2026-09-28T09:41:19.7137201Z   ⚠️  WARN ⛔ INSTRUMENT-STRAY GATE DID NOT RUN for `knowledge/assets` (git exit 128: fatal: not a git repository (or any of the parent directories): .git) — UNKNOWN, not clean.
2026-09-28T09:41:19.7138489Z   ⚠️  WARN SHARED HELPER: the dedup comparer DID NOT RUN — `git ls-files` could not answer under /tmp/tmpn5_0phqz. UNKNOWN, not a single implementation.
2026-09-28T09:41:19.7139521Z   ▫️  s263-D10 RULINGS PAGE check SKIPPED — no `knowledge/_rulings.json` under /tmp/tmpn5_0phqz, so this is not a state tree. NOT a pass.
2026-09-28T09:41:19.7140458Z   ▫️  REGISTER↔STORE JOIN SKIPPED — register not present under /tmp/tmpn5_0phqz. NOT a pass: the join was not made here.
2026-09-28T09:41:19.7144340Z   ▫️  REGEN SERIAL SKIPPED — the serial's own home is unreadable (no `knowledge/_build_all.py` under this tree). NOT a pass: the ordered set was never read, so nothing was compared.
2026-09-28T09:41:19.7146249Z   ▫️  FILED SUB-REPORTS: no `notes/_subreports/` under /tmp/tmpn5_0phqz — nothing filed here, so nothing to cite. NOT a pass: the check did not run.
2026-09-28T09:41:19.7148376Z   ▫️  FILED SUB-REPORT LINES: no `notes/_subreports/` under /tmp/tmpn5_0phqz — nothing filed here. NOT a pass: the check did not run.
2026-09-28T09:41:19.7149742Z   ▫️  · no `_to_delete/` in this tree — nothing held, nothing to age.
2026-09-28T09:41:19.7152121Z   ▫️  memory-cap: DID NOT RUN — no Cowork mount matched /sessions/*/mnt and no --path was given — the auto-memory index lives OUTSIDE this repo, so on a non-Cowork tree there is genuinely nothing to grade. This is UNKNOWN, not a pass: the auto-memory index is a Cowork surface outside this repo.
2026-09-28T09:41:19.7154589Z   ▫️  section-usage: strata marker absent — probe skipped (honest skip, not a pass)
2026-09-28T09:41:19.7155909Z   ▫️  usage-history: no testimony found — UNMEASURED, not assumed clean.
2026-09-28T09:41:19.7157181Z   ▫️  consult-receipts: strata marker absent — probe skipped (honest skip, not a pass)
2026-09-28T09:41:19.7158546Z   ▫️  retrieval index: FRESH — 2343 records byte-match the live corpus, so retrieval-first quotes this session's truth.
2026-09-28T09:41:19.7160273Z   ▫️  s295-D2 ENACTED-SHA check SKIPPED — no `knowledge/_rulings.json` in this tree. A fixture tree is not a state the rule has an opinion about.
2026-09-28T09:41:19.7164002Z   ▫️  hook re-check (`s271-D4`): DECLARED SKIP — no Cowork mount matched /sessions/*/mnt and no --path was given — the auto-memory index lives OUTSIDE this repo, so on a non-Cowork tree there is genuinely nothing to grade. The memory store lives OUTSIDE this repo (a Cowork surface); on a tree without it there is genuinely nothing to re-read. This is UNKNOWN, never a pass. Pass an explicit hook path to drive it.
2026-09-28T09:41:19.7166615Z   ▫️  ds-022 continuity: no _GAUGE-LOG.md or no GOOD-MORNING.md — UNMEASURED, not assumed clean.
2026-09-28T09:41:19.7167624Z   ▫️  subs-line: no notes/_GAUGE-LOG.md — UNMEASURED, not assumed clean.
2026-09-28T09:41:19.7168207Z   ▫️  stop-line: knowledge/_RUNBOOK-context-gauge.md absent — UNMEASURED, not passed.
2026-09-28T09:41:19.7168832Z   ▫️  stop-line: knowledge/_RUNBOOK-capture-ritual.md absent — UNMEASURED, not passed.
2026-09-28T09:41:19.7169809Z   ▫️  ds-023 stop line: STATED in all 2 trigger homes (reconciled #54 — the runbook used to contradict itself).
2026-09-28T09:41:19.7170825Z   ▫️  ds-022 (d) unkeyed: no notes/_GAUGE-LOG.md — UNMEASURED, not assumed clean. (An absent file is not a clean file; the M10 refusal pattern.)
2026-09-28T09:41:19.7171851Z   ▫️  roll-claim check: no ★ LATEST banner found — UNMEASURED (a different check already fails the wrap for this state; not re-raised here).
2026-09-28T09:41:19.7173079Z   ▫️  stale-top-item fence: `knowledge/_rulings.json` UNREADABLE (knowledge/_rulings.json does not exist) — the fence is UNMEASURED this wrap. That is NOT the same as 'no owed claim is contradicted'.
2026-09-28T09:41:19.7174419Z   ▫️  2c carry gate: no ★ LATEST + ★ PRIOR pair found — UNMEASURED. ⛔ Not a pass: with one banner there is nothing to carry FROM, and the banner structure itself is graded by other checks.
2026-09-28T09:41:19.7176342Z   ▫️  PRE-FLIGHT stamp: graded in REAL TOKENS (Dave #56 — amber 160,000 · working 256,000 · hard 300,000); the % band's enforcement was RETIRED #74-D3 (history: ledger § #36, runbook ds-023). Whether the fill figure is HONEST is still not observable here — and the wrap term is RING-FENCED at any mid-session re-price (#74-D2, runbook § Half 0b (a′)).
2026-09-28T09:41:19.7178520Z   ▫️  PRE-FLIGHT stamp: FORM checked only. Whether the fill figure is honest, and whether a mid-job re-price actually happened, are NOT observable here — discipline, not enforcement (_RUNBOOK-context-gauge.md § ★ Half 0b).
2026-09-28T09:41:19.7179999Z   ▫️  HONEST SKIP — memory-store checks (MEMORY.md pointers, memory-file fields): outside the repo, invisible to this gate. Session checks them by hand at ritual step 3 (D1a — unenforced by design).
2026-09-28T09:41:19.7181320Z   ▫️  #119 sweep re-checker (s186-D2, pass 6 P1): 21 frozen 'UNPROVEN by this sweep' status string(s) in `_rulings.json` — unchanged. Counted, never rewritten; refuses only on growth.
2026-09-28T09:41:19.7182120Z capture gate [wrap]: 0 in scope · 7 fail · 3 warn
2026-09-28T09:41:19.7183347Z   ⛔ STRUCTURAL GOOD-MORNING.md: no `pre-flight:` stamp — the handoff must carry the estimate the session was priced with (runbook § ★ Half 0b). Form (Dave #56, REAL TOKENS): `pre-flight: boot N (disk N measured · harness ~N est ±N) + job N est + wrap N est = N of 256,000 — BAND`
2026-09-28T09:41:19.7184586Z   ⛔ STRUCTURAL GOOD-MORNING.md: section marker(s) not found (DO-FIRST, §A, §C) — ritual step 2
2026-09-28T09:41:19.7185801Z   ⛔ STRUCTURAL boot-drift: notes/_GAUGE-LOG.md is MISSING — the boot band is DERIVED from that file (`s240-D1`), so with it absent there is no band and nothing to check. This is the #109 condition (a rule with no consumer), not a clean pass.
2026-09-28T09:41:19.7187469Z   ⛔ STRUCTURAL lane-routing: GM §C·1 eager ROUTING line MISSING (⛔ ROUTING) — externalised records without the eager pointer is the cold-session-defaults-onto-Apollo failure
2026-09-28T09:41:19.7188996Z   ⛔ STRUCTURAL TITLE GENERATION: no `knowledge/_gen_titles_receipt.json` found — `python3 knowledge/_gen_titles.py --session <N>` was not run this wrap. RENAME and NEXT-TITLE must be MECHANISED (#120 residual ⓪), never hand-authored prose.
2026-09-28T09:41:19.7190227Z   ▫️  heals-at-wrap: _LIVE-STATE.md: "Last refreshed" zone does not carry today (2026-07-27) — refresh it (ritual steps 1
2026-09-28T09:41:19.7191064Z   ▫️  heals-at-wrap: GOOD-MORNING.md: header date zone does not carry today (2026-07-27) — refresh it (ritual steps 1 / 2
2026-09-28T09:41:19.7192230Z rehearsal [wrap-gate, early]: 5 STRUCTURAL fail(s) — fix NOW, cheap · 2 heals-at-wrap (ritual steps 1/2) · 3 warn(s) (was 3 at the last logged run) (run --wrap for bodies) · logged → notes/_REHEARSAL-LOG.jsonl
2026-09-28T09:41:19.7193077Z capture gate [build]: 0 in scope · 0 fail · 0 warn
2026-09-28T09:41:19.7193662Z   ▫️  #82-D1 real tier UNSUPPRESSED for one probe: observed 'cl100k' (offline/absent — legal, and declared)
2026-09-28T09:41:34.0477171Z _governs: ⬛ DECLARED (#208) — ruling s202-D3 governs the BARE token `knowledge`, which is a real DIRECTORY. Before #208 it matched every path carrying a `knowledge` segment (the too-loose arm, and the reason the negative control and [13] were red); it now governs NOTHING. REACH LOST HERE. Remedy: name the files/symbols it really governs, via `_inscribe_ruling.py` — the only legal writer of _rulings.json. ⛔ That scope is Dave's call, not this gate's.
2026-09-28T09:41:34.0481993Z _governs: ⬛ DECLARED (#208) — ruling s217-D5 governs the BARE token `showroom`, which is a real DIRECTORY. Before #208 it matched every path carrying a `showroom` segment (the too-loose arm, and the reason the negative control and [13] were red); it now governs NOTHING. REACH LOST HERE. Remedy: name the files/symbols it really governs, via `_inscribe_ruling.py` — the only legal writer of _rulings.json. ⛔ That scope is Dave's call, not this gate's.
2026-09-28T09:41:34.0486868Z _governs: ⬛ DECLARED (#208) — ruling s237-D9 governs the BARE token `apollo-spider`, which is a real DIRECTORY. Before #208 it matched every path carrying a `apollo-spider` segment (the too-loose arm, and the reason the negative control and [13] were red); it now governs NOTHING. REACH LOST HERE. Remedy: name the files/symbols it really governs, via `_inscribe_ruling.py` — the only legal writer of _rulings.json. ⛔ That scope is Dave's call, not this gate's.
2026-09-28T09:41:34.0491035Z _governs: ⬛ DECLARED (#208) — ruling s238-D5 governs the BARE token `apollo-spider`, which is a real DIRECTORY. Before #208 it matched every path carrying a `apollo-spider` segment (the too-loose arm, and the reason the negative control and [13] were red); it now governs NOTHING. REACH LOST HERE. Remedy: name the files/symbols it really governs, via `_inscribe_ruling.py` — the only legal writer of _rulings.json. ⛔ That scope is Dave's call, not this gate's.
2026-09-28T09:41:34.0512087Z _governs: ⬛ DECLARED (#208) — 89 `governs` entr(ies) name a DIRECTORY with a path separator; they governed no file BEFORE #208 and govern none after (unchanged, pre-existing under-specification, not a #208 narrowing): dv-2px-separation→knowledge/snippets, opacity-primitives→knowledge/canon, opacity-primitives→knowledge/snippets, showroom-one-bar-chrome→knowledge/snippets/, showroom-one-bar-chrome→showroom/, snippets-pure-canon→knowledge/snippets/, opacity-primitives-4pct→knowledge/, ds-028→knowledge/snippets/, ds-030→knowledge/snippets/, ds-034→knowledge/snippets/, ds-035→knowledge/tokens/themes/, s114-D4→designer-skills-v1/, s114-D4→designer-skills-v2/, s114-D7→memento-package/, s135-D3→knowledge/components/, s193-D1→memento-package/, s198-D1→knowledge/tokens, s198-D2→knowledge/tokens, s199-D1→knowledge/tokens, s199-D2→knowledge/tokens, s199-D3→knowledge/tokens, s200-D1→knowledge/tokens, s200-D2→knowledge/tokens, s200-D3→knowledge/tokens, s200-D4→knowledge/tokens, s201-D1→knowledge/tokens, s201-D2→knowledge/tokens, s201-D3→knowledge/tokens, s201-D4→knowledge/tokens, s201-D5→knowledge/tokens, s202-D1→knowledge/tokens, s202-D2→knowledge/tokens, s216-D1→knowledge/tokens/themes, s217-D2→knowledge/canon, s217-D2→knowledge/tokens/themes, s217-D3→knowledge/canon, s217-D5→knowledge/canon, s219-D4→designer-skills-v1/, s219-D4→designer-skills-v2/, s219-D4→memento-package/, s219-D5→knowledge/_release/, s219-D6→knowledge/_release/, s219-D7→knowledge/_release/, s219-D7→memento-package/, s219-D8→knowledge/_release/, s219-D9→knowledge/_release/, s219-D9→apollo-spider/, s219-D10→knowledge/_release/, s219-D10→apollo-spider/, s237-D7→notes/_briefs, s245-D1→knowledge/components/, s245-D3→knowledge/components/, s245-D4→knowledge/components/, s245-D5→knowledge/components/, s245-D10→knowledge/tokens, s251-D3→knowledge/components/, s251-D4→knowledge/components/, s251-D5→knowledge/components/, s251-D6→knowledge/components/, s251-D7→knowledge/components/, s251-D8→knowledge/components/, s251-D9→knowledge/components/, s251-D10→knowledge/components/, s251-D11→knowledge/components/, s251-D12→knowledge/components/, s260-D3→knowledge/_tests/chart-engine/, s261-D1→knowledge/snippets/, s261-D1→apollo-spider/, s261-D8→showroom/, s261-D8→reviews/, s268-D1→apollo-spider/dist/, s268-D2→apollo-spider/dist/, s268-D3→apollo-spider/dist/, s268-D4→apollo-spider/dist/, s268-D6→knowledge/components/, s273-D1→knowledge/components, s273-D2→knowledge/components, s276-D1→knowledge/compliance/rules, s276-D2→knowledge/compliance/rules, s277-D4→knowledge/assets/logos/, s277-D5→knowledge/components/, s277-D7→knowledge/assets/logos/, s277-D9→knowledge/guidelines/, s277-D10→designer-skills-v2/, s277-D12→knowledge/tokens/, s278-D1→designer-skills-v2/, s279-D1→designer-skills-v2/, s279-D1→knowledge/_release/, s282-D4→knowledge/assets/logos/
2026-09-28T09:41:34.0523640Z _governs: COULD-NOT-ASK — ruling ds-034's evidence `outputs/_FINDING-canon-pri-hover-brand-mono-fork-2026-08-06-v1.md` is excluded by this repo's own .gitignore — no checkout can hold it, so whether it has rotted is UNASKABLE here; the machine that wrote it is where that question has an answer
2026-09-28T09:41:34.0525757Z _governs: COULD-NOT-ASK — ruling ds-034's evidence `outputs/_PARTITION-button-primary-2026-08-06-v1.md` is excluded by this repo's own .gitignore — no checkout can hold it, so whether it has rotted is UNASKABLE here; the machine that wrote it is where that question has an answer
2026-09-28T09:41:34.0527957Z _governs: COULD-NOT-ASK — ruling ds-035's evidence `outputs/_FINDING-canon-pri-hover-brand-mono-fork-2026-08-06-v1.md` is excluded by this repo's own .gitignore — no checkout can hold it, so whether it has rotted is UNASKABLE here; the machine that wrote it is where that question has an answer
2026-09-28T09:41:34.0530674Z _governs: SKIPPED anchor on superseded ruling s129-D1 (superseded_by s171-D1): `knowledge/_gauge_tokens.py#BOOT_FIRSTTURN_TK = 54_859`
2026-09-28T09:41:34.0532313Z _governs: SKIPPED anchor on superseded ruling s129-D1 (superseded_by s171-D1): `knowledge/_gauge_tokens.py#RE-BASED #129, 2026-08-08`
2026-09-28T09:41:34.0533932Z _governs: SKIPPED anchor on superseded ruling s129-D1 (superseded_by s171-D1): `knowledge/_capture_gate.py#if "boot" not in ln.lower():`
2026-09-28T09:41:34.0535516Z _governs: SKIPPED anchor on superseded ruling s129-D1 (superseded_by s171-D1): `notes/_GAUGE-LOG.md##### 2026-08-08 #129`
2026-09-28T09:41:34.0536527Z _governs: SKIPPED anchor on superseded ruling s129-D1 (superseded_by s171-D1): `notes/_MEMENTO-DECISIONS.md#THE BOOT FLOOR IS RE-BASED: 75,899`
2026-09-28T09:41:34.0538250Z _governs: COULD-NOT-ASK — ruling s245-D6's evidence `knowledge/_tmp/l3-245/rename-plan.json` is excluded by this repo's own .gitignore — no checkout can hold it, so whether it has rotted is UNASKABLE here; the machine that wrote it is where that question has an answer
2026-09-28T09:41:34.0539163Z 
2026-09-28T09:41:34.0539268Z -- index freshness (#32) --
2026-09-28T09:41:34.0539690Z [OK] index-freshness: FRESH index passes and reports it (the detectable-when-present half)
2026-09-28T09:41:34.0540258Z [OK] index-freshness: STALE index fails — the #32 defect itself
2026-09-28T09:41:34.0540818Z [OK] index-freshness: ABSENT index fails
2026-09-28T09:41:34.0541237Z [OK] index-freshness: corpus REFUSAL fails and names the offending source (the #30 case)
2026-09-28T09:41:34.0541582Z 
2026-09-28T09:41:34.0541686Z -- rulings page freshness (s263-D10) --
2026-09-28T09:41:34.0542176Z [OK] rulings-freshness: no _rulings.json ⇒ SKIPPED out loud and declared NOT a pass
2026-09-28T09:41:34.0542661Z [OK] rulings-freshness: a never-generated _RULINGS.html FAILS
2026-09-28T09:41:34.0543181Z [OK] rulings-freshness: a FRESH page passes AND reports FRESH (the detectable-when-present half)
2026-09-28T09:41:34.0543828Z [OK] rulings-freshness: a page STALE against the store FAILS, and the failure names the fix command
2026-09-28T09:41:34.0544199Z 
2026-09-28T09:41:34.0544307Z -- stale-top-item fence (s161-D4, #161) --
2026-09-28T09:41:34.0545102Z [OK] stale-top: STALE_TOP_BLOCKING pin is True (BLOCKING at birth, s161-D4 — a flip must land WITH its ruled demotion and edit this pin in the same edit; the M10 pattern)
2026-09-28T09:41:34.0545828Z [OK] stale-top: the REAL #160 claim FAILS (the defect itself)
2026-09-28T09:41:34.0546207Z [OK] stale-top: the fail quotes the CLAIMING LINE verbatim
2026-09-28T09:41:34.0546880Z [OK] stale-top: the fail quotes the STORE's status verbatim
2026-09-28T09:41:34.0547378Z [OK] stale-top: it fires once per surface — GM and the chain both scanned
2026-09-28T09:41:34.0547886Z [OK] stale-top: the note reports the measurement (lines scanned + window), never a remedy
2026-09-28T09:41:34.0549190Z [OK] stale-top: MUTATION: with the owed vocabulary emptied the RED fixture PASSES — the bite above is THIS check's, not some other check's
2026-09-28T09:41:34.0550550Z [OK] stale-top: GREEN: an owed claim on a ruling the store calls NOT ENACTED passes
2026-09-28T09:41:34.0551565Z [OK] stale-top: USE vs MENTION: an owed-shaped clause that cites its own enactment is EXEMPT
2026-09-28T09:41:34.0552656Z [OK] stale-top: SCOPE: the identical sentence in a narrative line is NOT scanned (#77's lesson)
2026-09-28T09:41:34.0553905Z [OK] stale-top: an absent store is UNMEASURED and SAYS SO — never silently green
2026-09-28T09:41:34.0554564Z     ✓ generates against the live repo (no refusal on a healthy tree)
2026-09-28T09:41:34.0555063Z     ✓ carries the GM header+LATEST term VERBATIM (not a summary of it)
2026-09-28T09:41:41.2903253Z ⚠ DUPLICATE HEADING: gm-archive:2b-wave-1-rulings-1-7-unchanged-rule-with-the-above at _GM-ARCHIVE.md:5594 and _GM-ARCHIVE.md:6674
2026-09-28T09:41:41.2905606Z ⚠ DUPLICATE HEADING: gm-archive:3-the-standing-eyeball-set-non-blocking-your-foundations-fir at _GM-ARCHIVE.md:5616 and _GM-ARCHIVE.md:6697
2026-09-28T09:41:41.2910895Z ⚠ DUPLICATE HEADING: gm-archive:4b-queued-button-states-finesse-pass-dave-2026-07-22-not-now at _GM-ARCHIVE.md:5578 and _GM-ARCHIVE.md:6771
2026-09-28T09:41:41.2912136Z ⚠ DUPLICATE HEADING: gm-archive:5-parked-unchanged at _GM-ARCHIVE.md:5589 and _GM-ARCHIVE.md:6782
2026-09-28T09:41:41.2913482Z ⚠ DUPLICATE HEADING: ls-archive:prior-delta-2026-07-26-sun-evening-opus-solo-self-conducting at _LIVE-STATE-ARCHIVE.md:5457 and _LIVE-STATE-ARCHIVE.md:5472
2026-09-28T09:41:41.2915059Z ⚠ DUPLICATE HEADING: component:icon-button at knowledge/_proforma/icon-button.meta.json:1 and knowledge/components/icon-button.meta.json:1
2026-09-28T09:41:41.7596497Z     ✓ carries the LS ⏱ LATEST delta VERBATIM
2026-09-28T09:41:41.7598069Z     ✓ is materially smaller than GOOD-MORNING.md (7,451 vs 34,656 tape (cl100k ESTIMATE), 21.5% of it, floor <40%; tier measured, not assumed: tiktoken cl100k_base)
2026-09-28T09:41:41.7599567Z     ✓ BOTH SIDES OF THE RATIO ARE ON ONE MEASURER — chain `tiktoken cl100k_base` vs GOOD-MORNING `tiktoken cl100k_base`, so the percentage above has a unit
2026-09-28T09:41:41.7600646Z     ✓ STAMP IS EXACT — the published figure equals this file's own measured size
2026-09-28T09:41:41.7601429Z     ✓ published figure is the FILE, not the slice — the two differ and the file is bigger
2026-09-28T09:41:41.7602139Z     ✓ footer NAMES THE UNIT — a bare token count is a defect (ds-021)
2026-09-28T09:41:41.7603018Z     ✓ says GENERATED / DO-NOT-HAND-EDIT at the very top (line 1)
2026-09-28T09:41:41.7603600Z     ✓ tells the reader NOT to open GOOD-MORNING.md to check
2026-09-28T09:41:41.7604116Z     ✓ names retrieval as the door for everything else
2026-09-28T09:41:41.7604686Z     ✓ the {{BUILD_VERDICT}} marker NEVER leaks into the chain unrendered
2026-09-28T09:41:41.7605402Z     ✓ BUILD-STEP FIGURE IS RE-DERIVED AND MATCHES DISK (154 steps, measured now)
2026-09-28T09:41:41.7606179Z     ✓ the plant planted — a verdict figure was moved off disk (else the next bite is vacuous)
2026-09-28T09:41:41.7607558Z     ✓ a WRONG verdict figure is CAUGHT even with the true count elsewhere in the file
2026-09-28T09:41:41.7608185Z     ✓ step labels are 1:1 with rows (no duplicates)
2026-09-28T09:41:41.7608718Z     ✓ with NO run record the line says the green count is NOT DERIVABLE
2026-09-28T09:41:41.7609332Z     ✓ …and it names the remedy instead of a number (`_build_survey.py`)
2026-09-28T09:41:41.7609969Z     ✓ …and it re-stamps NOTHING — the old pinned 75-of-N form cannot reappear
2026-09-28T09:41:41.7610822Z     ✓ …and it names BOTH rulings, so the next session cannot 'helpfully' type it
2026-09-28T09:41:41.7611538Z     ✓ with a record the GREEN COUNT IS THE RUN'S, not len(STEPS) at a pinned sha
2026-09-28T09:41:41.7612211Z     ✓ a run of the SAME-sized build declares no size difference (no false alarm)
2026-09-28T09:41:41.7612903Z     ✓ a run of a SMALLER build: the total is STILL disk's, never the run's
2026-09-28T09:41:41.7613488Z     ✓ …and the size difference is DECLARED, naming both counts
2026-09-28T09:41:41.7614057Z     ✓ …and the steps the run never saw are counted in NO record, never green
2026-09-28T09:41:41.7614716Z     ✓ a run of a LARGER build: total is disk's and the vanished steps are DECLARED
2026-09-28T09:41:41.7615476Z     ✓ the run's sha and date are published beside it (an unattributed verdict is not a verdict)
2026-09-28T09:41:41.7616172Z     ✓ a stale record DECLARES itself against HEAD rather than passing as current
2026-09-28T09:41:41.7616880Z     ✓ steps in NO record are called out — never asked is never green
2026-09-28T09:41:41.7617434Z     ✓ the #62 clause SURVIVES as its own fact, generated from its own AST
2026-09-28T09:41:41.7617964Z     ✓ an absent STEPS assignment REFUSES BY NAME (never returns a count)
2026-09-28T09:41:41.7618462Z     ✓ a NON-LITERAL STEPS refuses rather than counting something else
2026-09-28T09:41:41.7619005Z     ✓ TITLE BLOCK IS FIRST — above the verbatim GM slice (position was the defect)
2026-09-28T09:41:41.7619559Z     ✓ DETERMINISTIC — two builds of an unchanged tree are byte-identical
2026-09-28T09:41:41.7620640Z   ✅ _CHAIN.md: 7,391 tiktoken cl100k_base · GM header+LATEST 5375 tk · LS LATEST delta only (of 36 delta lines) 1165 tk · FILE 7,391 tiktoken cl100k_base = slice 6,540 + wrapper 851 · fixed point in 2 pass(es)
2026-09-28T09:41:41.7622141Z   ✅ _CHAIN.md is FRESH — byte-matches the live chain · GM header+LATEST 5375 tk · LS LATEST delta only (of 36 delta lines) 1165 tk · FILE 7,391 tiktoken cl100k_base = slice 6,540 + wrapper 851 · fixed point in 2 pass(es)
2026-09-28T09:41:41.7623420Z     ✓ --check PASSES on a freshly generated file
2026-09-28T09:41:41.7624502Z   ✅ _CHAIN.md: 7,514 tiktoken cl100k_base · GM header+LATEST 5498 tk · LS LATEST delta only (of 36 delta lines) 1165 tk · FILE 7,514 tiktoken cl100k_base = slice 6,663 + wrapper 851 · fixed point in 2 pass(es)
2026-09-28T09:41:41.7625576Z     ✓ the fixture really was generated at another sha (a plant that did not plant would make every bite below vacuous)
2026-09-28T09:41:41.7626519Z     ✓ the fixture DIFFERS from a fresh render — i.e. the old byte comparison WOULD have called this stale, which is the defect being fixed
2026-09-28T09:41:41.7627789Z     ✓ --check is GREEN on a HEAD-ONLY advance — the chain's own content still matches GOOD-MORNING.md / _LIVE-STATE.md
2026-09-28T09:41:41.7628644Z     ✓ and it SAYS SO, naming BOTH shas — the honest comparison stays visible rather than being normalised into silence
2026-09-28T09:41:41.7629813Z     ✓ a HEAD-only advance is NEVER called FRESH without the qualifier (a bare FRESH would claim the file matches a fresh render, which it does not)
2026-09-28T09:41:41.7630736Z     ✓ REAL content staleness is STILL RED even when HEAD has also advanced — the re-ask does not launder drift
2026-09-28T09:41:41.7631418Z     ✓ and it is called STALE, not could-not-ask — real drift is a content verdict
2026-09-28T09:41:41.7631968Z     ✓ a PRE-SET head pin makes --check REFUSE (could-not-ask), never pass
2026-09-28T09:41:41.7632647Z     ✓ the environment refusal does NOT call it STALE either — it is a measurement refusal, not a content verdict
2026-09-28T09:41:41.7633799Z   ✅ _CHAIN.md: 7,514 tiktoken cl100k_base · GM header+LATEST 5498 tk · LS LATEST delta only (of 36 delta lines) 1165 tk · FILE 7,514 tiktoken cl100k_base = slice 6,663 + wrapper 851 · fixed point in 2 pass(es)
2026-09-28T09:41:41.7647975Z   ✅ _CHAIN.md is FRESH — byte-matches the live chain · GM header+LATEST 5498 tk · LS LATEST delta only (of 36 delta lines) 1165 tk · FILE 7,514 tiktoken cl100k_base = slice 6,663 + wrapper 851 · fixed point in 2 pass(es)
2026-09-28T09:41:41.7650065Z     ✓ tree restored — the SAME fresh tree reports FRESH again, unharmed by the arms above
2026-09-28T09:41:41.7651182Z     ✓ --check on a degraded instrument still exits non-zero (refuses, not a silent pass)
2026-09-28T09:41:41.7652626Z     ✓ --check's message does NOT call it STALE — that misnames a measurement problem as a content problem (the #58 defect, reproduced here)
2026-09-28T09:41:41.7653938Z     ✓ --check's message names the DEGRADED INSTRUMENT so the cause is legible
2026-09-28T09:41:41.7655785Z   ✅ _CHAIN.md is FRESH — byte-matches the live chain · GM header+LATEST 5498 tk · LS LATEST delta only (of 36 delta lines) 1165 tk · FILE 7,514 tiktoken cl100k_base = slice 6,663 + wrapper 851 · fixed point in 2 pass(es)
2026-09-28T09:41:41.7734283Z     ✓ instrument restored — the SAME fresh tree reports FRESH again, unharmed
2026-09-28T09:41:41.7735231Z     ✓ the freshly written chain carries a READABLE unit stamp (the clause has something to compare — an unreadable stamp would make the arm below vacuous)
2026-09-28T09:41:41.7736215Z     ✓ the stamp mutation actually changed the file (a plant that did not plant would make every bite below an assertion)
2026-09-28T09:41:41.7737339Z     ✓ stamped_tier() reads the MUTATED stamp back as the other tier
2026-09-28T09:41:41.7738264Z     ✓ --check on a tier divergence exits non-zero (refuses, never a silent pass)
2026-09-28T09:41:41.7739161Z     ✓ --check exits the COULD-NOT-ASK code (77), not the failure code
2026-09-28T09:41:41.7739834Z     ✓ --check calls it COULD-NOT-ASK
2026-09-28T09:41:41.7740548Z     ✓ the refusal's first marked line is machine-readable by `cna.reason_in`
2026-09-28T09:41:41.7741879Z     ✓ --check does NOT call it STALE — a tier divergence is a measurement problem and naming it staleness is the #173 defect, reproduced here
2026-09-28T09:41:41.7743448Z     ✓ the refusal NAMES BOTH TIERS, so a reader can see which two instruments disagreed rather than being handed a shrug
2026-09-28T09:41:41.7744579Z     ✓ --check on an UNREADABLE stamp refuses with the convention's code
2026-09-28T09:41:41.7745298Z     ✓ --check calls an unreadable stamp COULD-NOT-ASK, not STALE
2026-09-28T09:41:41.7746341Z   ✅ _CHAIN.md is FRESH — byte-matches the live chain · GM header+LATEST 5498 tk · LS LATEST delta only (of 36 delta lines) 1165 tk · FILE 7,514 tiktoken cl100k_base = slice 6,663 + wrapper 851 · fixed point in 2 pass(es)
2026-09-28T09:41:41.7747848Z     ✓ stamp restored — the SAME tree reports FRESH again, so the clause does not false-fire on an agreeing stamp
2026-09-28T09:41:41.7749254Z   ✗ _CHAIN.md is STALE — it does not match GOOD-MORNING.md / _LIVE-STATE.md as they now stand, so a cold session would read a PREVIOUS session's record as if it were current. Run `python3 knowledge/_gen_chain.py` and stage the result.
2026-09-28T09:41:41.7750697Z     ✓ --check FAILS on a hand-edited file (the stale-record class)
2026-09-28T09:41:41.7751520Z     ✓ and that failure is a FAILURE, not a refusal — a real staleness on the reachable tier still exits 1, so the COULD-NOT-ASK path did not swallow the gate
2026-09-28T09:41:41.7752322Z   ✗ _CHAIN.md is MISSING — run `python3 knowledge/_gen_chain.py` and stage it
2026-09-28T09:41:41.7752792Z     ✓ --check FAILS when the file is missing entirely
2026-09-28T09:41:41.7753261Z     ✓ REFUSES a STALE title (title #N == ★ LATEST #N, the skipped-mint state)
2026-09-28T09:41:41.7753800Z     ✓ REFUSES (with a reason) when GM has no ★ LATEST banner — no cheerful blank
2026-09-28T09:41:41.7754256Z   ✅ _gen_chain selftest: all bites pass
2026-09-28T09:41:41.7755480Z   ⛔ STRUCTURAL GOOD-MORNING.md: no `pre-flight:` stamp — the handoff must carry the estimate the session was priced with (runbook § ★ Half 0b). Form (Dave #56, REAL TOKENS): `pre-flight: boot N (disk N measured · harness ~N est ±N) + job N est + wrap N est = N of 256,000 — BAND`
2026-09-28T09:41:41.7757133Z   ⛔ STRUCTURAL GOOD-MORNING.md: section marker(s) not found (DO-FIRST, §A, §C) — ritual step 2
2026-09-28T09:41:42.0633079Z ⚠ DUPLICATE HEADING: gm-archive:2b-wave-1-rulings-1-7-unchanged-rule-with-the-above at _GM-ARCHIVE.md:5594 and _GM-ARCHIVE.md:6674
2026-09-28T09:41:42.0635214Z ⚠ DUPLICATE HEADING: gm-archive:3-the-standing-eyeball-set-non-blocking-your-foundations-fir at _GM-ARCHIVE.md:5616 and _GM-ARCHIVE.md:6697
2026-09-28T09:41:42.0637596Z ⚠ DUPLICATE HEADING: gm-archive:4b-queued-button-states-finesse-pass-dave-2026-07-22-not-now at _GM-ARCHIVE.md:5578 and _GM-ARCHIVE.md:6771
2026-09-28T09:41:42.0639286Z ⚠ DUPLICATE HEADING: gm-archive:5-parked-unchanged at _GM-ARCHIVE.md:5589 and _GM-ARCHIVE.md:6782
2026-09-28T09:41:42.0641118Z ⚠ DUPLICATE HEADING: ls-archive:prior-delta-2026-07-26-sun-evening-opus-solo-self-conducting at _LIVE-STATE-ARCHIVE.md:5457 and _LIVE-STATE-ARCHIVE.md:5472
2026-09-28T09:41:42.0643220Z ⚠ DUPLICATE HEADING: component:icon-button at knowledge/_proforma/icon-button.meta.json:1 and knowledge/components/icon-button.meta.json:1
2026-09-28T09:41:42.8426477Z ⚠ DUPLICATE HEADING: gm-archive:2b-wave-1-rulings-1-7-unchanged-rule-with-the-above at _GM-ARCHIVE.md:5594 and _GM-ARCHIVE.md:6674
2026-09-28T09:41:42.8428709Z ⚠ DUPLICATE HEADING: gm-archive:3-the-standing-eyeball-set-non-blocking-your-foundations-fir at _GM-ARCHIVE.md:5616 and _GM-ARCHIVE.md:6697
2026-09-28T09:41:42.8430222Z ⚠ DUPLICATE HEADING: gm-archive:4b-queued-button-states-finesse-pass-dave-2026-07-22-not-now at _GM-ARCHIVE.md:5578 and _GM-ARCHIVE.md:6771
2026-09-28T09:41:42.8431720Z ⚠ DUPLICATE HEADING: gm-archive:5-parked-unchanged at _GM-ARCHIVE.md:5589 and _GM-ARCHIVE.md:6782
2026-09-28T09:41:42.8433102Z ⚠ DUPLICATE HEADING: ls-archive:prior-delta-2026-07-26-sun-evening-opus-solo-self-conducting at _LIVE-STATE-ARCHIVE.md:5457 and _LIVE-STATE-ARCHIVE.md:5472
2026-09-28T09:41:42.8434621Z ⚠ DUPLICATE HEADING: component:icon-button at knowledge/_proforma/icon-button.meta.json:1 and knowledge/components/icon-button.meta.json:1
2026-09-28T09:41:43.3966460Z   ⛔ STRUCTURAL boot-drift: notes/_GAUGE-LOG.md is MISSING — the boot band is DERIVED from that file (`s240-D1`), so with it absent there is no band and nothing to check. This is the #109 condition (a rule with no consumer), not a clean pass.
2026-09-28T09:41:43.3970144Z   ⛔ STRUCTURAL lane-routing: GM §C·1 eager ROUTING line MISSING (⛔ ROUTING) — externalised records without the eager pointer is the cold-session-defaults-onto-Apollo failure
2026-09-28T09:41:43.3973271Z   ⛔ STRUCTURAL TITLE GENERATION: no `knowledge/_gen_titles_receipt.json` found — `python3 knowledge/_gen_titles.py --session <N>` was not run this wrap. RENAME and NEXT-TITLE must be MECHANISED (#120 residual ⓪), never hand-authored prose.
2026-09-28T09:41:43.3975642Z   ▫️  heals-at-wrap: _LIVE-STATE.md: "Last refreshed" zone does not carry today (2026-07-27) — refresh it (ritual steps 1
2026-09-28T09:41:43.3977565Z   ▫️  heals-at-wrap: GOOD-MORNING.md: header date zone does not carry today (2026-07-27) — refresh it (ritual steps 1 / 2
2026-09-28T09:41:43.3980151Z rehearsal [wrap-gate, early]: 5 STRUCTURAL fail(s) — fix NOW, cheap · 2 heals-at-wrap (ritual steps 1/2) · 3 warn(s) (run --wrap for bodies) · logged → notes/_REHEARSAL-LOG.jsonl
2026-09-28T09:41:43.3982993Z   ❌ FAIL GOOD-MORNING.md: no `pre-flight:` stamp — the handoff must carry the estimate the session was priced with (runbook § ★ Half 0b). Form (Dave #56, REAL TOKENS): `pre-flight: boot N (disk N measured · harness ~N est ±N) + job N est + wrap N est = N of 256,000 — BAND`
2026-09-28T09:41:43.3985294Z   ❌ FAIL GOOD-MORNING.md: section marker(s) not found (DO-FIRST, §A, §C) — ritual step 2
2026-09-28T09:41:43.3987770Z   ❌ FAIL boot-drift: notes/_GAUGE-LOG.md is MISSING — the boot band is DERIVED from that file (`s240-D1`), so with it absent there is no band and nothing to check. This is the #109 condition (a rule with no consumer), not a clean pass.
2026-09-28T09:41:43.3990374Z   ❌ FAIL lane-routing: GM §C·1 eager ROUTING line MISSING (⛔ ROUTING) — externalised records without the eager pointer is the cold-session-defaults-onto-Apollo failure
2026-09-28T09:41:43.3993026Z   ❌ FAIL TITLE GENERATION: no `knowledge/_gen_titles_receipt.json` found — `python3 knowledge/_gen_titles.py --session <N>` was not run this wrap. RENAME and NEXT-TITLE must be MECHANISED (#120 residual ⓪), never hand-authored prose.
2026-09-28T09:41:43.3995219Z   ❌ FAIL _LIVE-STATE.md: "Last refreshed" zone does not carry today (2026-07-27) — refresh it (ritual steps 1 / 2) before closing
2026-09-28T09:41:43.3997073Z   ❌ FAIL GOOD-MORNING.md: header date zone does not carry today (2026-07-27) — refresh it (ritual steps 1 / 2) before closing
2026-09-28T09:41:43.4000065Z   ⚠️  WARNS 3 UNCHANGED warn(s) since the rehearse record of 2026-07-27 — NAMED, bodies suppressed (`s241-D2`); run `python3 knowledge/_capture_gate.py --wrap --warns-full` for the bodies: B2 PLAN BLOCK check SKIPPED — no `_CHAIN.md` under /tmp/ · ⛔ INSTRUMENT-STRAY GATE DID NOT RUN for `knowledge/asset · SHARED HELPER: the dedup comparer DID NOT RUN — `git ls-
2026-09-28T09:41:43.4002900Z   ▫️  s263-D10 RULINGS PAGE check SKIPPED — no `knowledge/_rulings.json` under /tmp/tmpbvvbtvce, so this is not a state tree. NOT a pass.
2026-09-28T09:41:43.4004575Z   ▫️  REGISTER↔STORE JOIN SKIPPED — register not present under /tmp/tmpbvvbtvce. NOT a pass: the join was not made here.
2026-09-28T09:41:43.4006451Z   ▫️  REGEN SERIAL SKIPPED — the serial's own home is unreadable (no `knowledge/_build_all.py` under this tree). NOT a pass: the ordered set was never read, so nothing was compared.
2026-09-28T09:41:43.4008644Z   ▫️  FILED SUB-REPORTS: no `notes/_subreports/` under /tmp/tmpbvvbtvce — nothing filed here, so nothing to cite. NOT a pass: the check did not run.
2026-09-28T09:41:43.4010355Z   ▫️  FILED SUB-REPORT LINES: no `notes/_subreports/` under /tmp/tmpbvvbtvce — nothing filed here. NOT a pass: the check did not run.
2026-09-28T09:41:43.4011596Z   ▫️  · no `_to_delete/` in this tree — nothing held, nothing to age.
2026-09-28T09:41:43.4013891Z   ▫️  memory-cap: DID NOT RUN — no Cowork mount matched /sessions/*/mnt and no --path was given — the auto-memory index lives OUTSIDE this repo, so on a non-Cowork tree there is genuinely nothing to grade. This is UNKNOWN, not a pass: the auto-memory index is a Cowork surface outside this repo.
2026-09-28T09:41:43.4015999Z   ▫️  section-usage: strata marker absent — probe skipped (honest skip, not a pass)
2026-09-28T09:41:43.4017223Z   ▫️  usage-history: no testimony found — UNMEASURED, not assumed clean.
2026-09-28T09:41:43.4017894Z   ▫️  consult-receipts: strata marker absent — probe skipped (honest skip, not a pass)
2026-09-28T09:41:43.4018724Z   ▫️  retrieval index: FRESH — 2343 records byte-match the live corpus, so retrieval-first quotes this session's truth.
2026-09-28T09:41:43.4019765Z   ▫️  s295-D2 ENACTED-SHA check SKIPPED — no `knowledge/_rulings.json` in this tree. A fixture tree is not a state the rule has an opinion about.
2026-09-28T09:41:43.4022391Z   ▫️  hook re-check (`s271-D4`): DECLARED SKIP — no Cowork mount matched /sessions/*/mnt and no --path was given — the auto-memory index lives OUTSIDE this repo, so on a non-Cowork tree there is genuinely nothing to grade. The memory store lives OUTSIDE this repo (a Cowork surface); on a tree without it there is genuinely nothing to re-read. This is UNKNOWN, never a pass. Pass an explicit hook path to drive it.
2026-09-28T09:41:43.4024215Z   ▫️  ds-022 continuity: no _GAUGE-LOG.md or no GOOD-MORNING.md — UNMEASURED, not assumed clean.
2026-09-28T09:41:43.4024839Z   ▫️  subs-line: no notes/_GAUGE-LOG.md — UNMEASURED, not assumed clean.
2026-09-28T09:41:43.4025434Z   ▫️  stop-line: knowledge/_RUNBOOK-context-gauge.md absent — UNMEASURED, not passed.
2026-09-28T09:41:43.4026092Z   ▫️  stop-line: knowledge/_RUNBOOK-capture-ritual.md absent — UNMEASURED, not passed.
2026-09-28T09:41:43.4027017Z   ▫️  ds-023 stop line: STATED in all 2 trigger homes (reconciled #54 — the runbook used to contradict itself).
2026-09-28T09:41:43.4028009Z   ▫️  ds-022 (d) unkeyed: no notes/_GAUGE-LOG.md — UNMEASURED, not assumed clean. (An absent file is not a clean file; the M10 refusal pattern.)
2026-09-28T09:41:43.4029089Z   ▫️  roll-claim check: no ★ LATEST banner found — UNMEASURED (a different check already fails the wrap for this state; not re-raised here).
2026-09-28T09:41:43.4030413Z   ▫️  stale-top-item fence: `knowledge/_rulings.json` UNREADABLE (knowledge/_rulings.json does not exist) — the fence is UNMEASURED this wrap. That is NOT the same as 'no owed claim is contradicted'.
2026-09-28T09:41:43.4031869Z   ▫️  2c carry gate: no ★ LATEST + ★ PRIOR pair found — UNMEASURED. ⛔ Not a pass: with one banner there is nothing to carry FROM, and the banner structure itself is graded by other checks.
2026-09-28T09:41:43.4033893Z   ▫️  PRE-FLIGHT stamp: graded in REAL TOKENS (Dave #56 — amber 160,000 · working 256,000 · hard 300,000); the % band's enforcement was RETIRED #74-D3 (history: ledger § #36, runbook ds-023). Whether the fill figure is HONEST is still not observable here — and the wrap term is RING-FENCED at any mid-session re-price (#74-D2, runbook § Half 0b (a′)).
2026-09-28T09:41:43.4036005Z   ▫️  PRE-FLIGHT stamp: FORM checked only. Whether the fill figure is honest, and whether a mid-job re-price actually happened, are NOT observable here — discipline, not enforcement (_RUNBOOK-context-gauge.md § ★ Half 0b).
2026-09-28T09:41:43.4038045Z   ▫️  HONEST SKIP — memory-store checks (MEMORY.md pointers, memory-file fields): outside the repo, invisible to this gate. Session checks them by hand at ritual step 3 (D1a — unenforced by design).
2026-09-28T09:41:43.4039388Z   ▫️  #119 sweep re-checker (s186-D2, pass 6 P1): 21 frozen 'UNPROVEN by this sweep' status string(s) in `_rulings.json` — unchanged. Counted, never rewritten; refuses only on growth.
2026-09-28T09:41:43.4040165Z capture gate [wrap]: 0 in scope · 7 fail · 3 warn
2026-09-28T09:41:43.4040872Z   ❌ FAIL notes/2026-07-26-bad-date.md: `provenance:` carries no parseable YYYY-MM-DD date (take it from `date`, never from belief — T-D12)
2026-09-28T09:41:43.4041820Z   ❌ FAIL notes/2026-07-26-missing-status.md: missing `status:` line (vocab: floated | inferred | observed | ruled | standing)
2026-09-28T09:41:43.4042774Z   ❌ FAIL notes/2026-07-26-ruled-no-pointer.md: `status: ruled` names no ledger — promotion is Dave's alone and must point at its ledger/ADR entry
2026-09-28T09:41:43.4043710Z   ❌ FAIL notes/2026-07-26-unknown-status.md: unknown status `vibes` (vocab: floated | inferred | observed | ruled | standing)
2026-09-28T09:41:43.4044360Z capture gate [build]: 5 in scope · 4 fail · 0 warn
2026-09-28T09:41:43.4045051Z   ❌ FAIL notes/2026-07-26-bad-date.md: `provenance:` carries no parseable YYYY-MM-DD date (take it from `date`, never from belief — T-D12)
2026-09-28T09:41:43.4045972Z   ❌ FAIL notes/2026-07-26-missing-status.md: missing `status:` line (vocab: floated | inferred | observed | ruled | standing)
2026-09-28T09:41:43.4047039Z   ❌ FAIL notes/2026-07-26-ruled-no-pointer.md: `status: ruled` names no ledger — promotion is Dave's alone and must point at its ledger/ADR entry
2026-09-28T09:41:43.4048358Z   ❌ FAIL notes/2026-07-26-unknown-status.md: unknown status `vibes` (vocab: floated | inferred | observed | ruled | standing)
2026-09-28T09:41:43.4049319Z   ⚠️  WARN B2 PLAN BLOCK check SKIPPED — no `_CHAIN.md` under /tmp/tmp7zt_fxcg, so this is not a state tree. NOT a pass: the seam was not graded here.
2026-09-28T09:41:43.4050445Z   ⚠️  WARN ⛔ INSTRUMENT-STRAY GATE DID NOT RUN for `knowledge/assets` (git exit 128: fatal: not a git repository (or any of the parent directories): .git) — UNKNOWN, not clean.
2026-09-28T09:41:43.4051558Z   ⚠️  WARN SHARED HELPER: the dedup comparer DID NOT RUN — `git ls-files` could not answer under /tmp/tmp7zt_fxcg. UNKNOWN, not a single implementation.
2026-09-28T09:41:43.4052566Z   ▫️  s263-D10 RULINGS PAGE check SKIPPED — no `knowledge/_rulings.json` under /tmp/tmp7zt_fxcg, so this is not a state tree. NOT a pass.
2026-09-28T09:41:43.4053497Z   ▫️  REGISTER↔STORE JOIN SKIPPED — register not present under /tmp/tmp7zt_fxcg. NOT a pass: the join was not made here.
2026-09-28T09:41:43.4054583Z   ▫️  REGEN SERIAL SKIPPED — the serial's own home is unreadable (no `knowledge/_build_all.py` under this tree). NOT a pass: the ordered set was never read, so nothing was compared.
2026-09-28T09:41:43.4055701Z   ▫️  FILED SUB-REPORTS: no `notes/_subreports/` under /tmp/tmp7zt_fxcg — nothing filed here, so nothing to cite. NOT a pass: the check did not run.
2026-09-28T09:41:43.4056792Z   ▫️  FILED SUB-REPORT LINES: no `notes/_subreports/` under /tmp/tmp7zt_fxcg — nothing filed here. NOT a pass: the check did not run.
2026-09-28T09:41:43.4057482Z   ▫️  · no `_to_delete/` in this tree — nothing held, nothing to age.
2026-09-28T09:41:43.4058798Z   ▫️  memory-cap: DID NOT RUN — no Cowork mount matched /sessions/*/mnt and no --path was given — the auto-memory index lives OUTSIDE this repo, so on a non-Cowork tree there is genuinely nothing to grade. This is UNKNOWN, not a pass: the auto-memory index is a Cowork surface outside this repo.
2026-09-28T09:41:43.4060423Z   ▫️  LANE WRAP (--lane, S-D2): GOOD-MORNING header check SKIPPED — lane sessions are ruled outside the GM queue; _LIVE-STATE §🔀 is their record and its check still bites.
2026-09-28T09:41:43.4061456Z   ▫️  LANE WRAP: pre-flight-stamp check SKIPPED too — the stamp lives in GOOD-MORNING.md, which lane sessions do not write.
2026-09-28T09:41:43.4062973Z   ▫️  LANE WRAP: section growth contracts (2e/2f), the banner/§A/chain budgets, the retirement-receipts proxy, the section-usage probe, the consult-receipt probe and the lane-routing check are all SKIPPED — same reason. A lane session cannot be charged for a file it is ruled out of writing.
2026-09-28T09:41:43.4064752Z   ▫️  LANE WRAP: the #32 retrieval-index freshness check is SKIPPED — a lane session does not write GM/LS, so it cannot stale the index. ⚠ If lanes ever gain a write path into either file, this exemption must go with it.
2026-09-28T09:41:43.4065906Z   ▫️  LANE WRAP: the roll-claim check (T2, #77) is SKIPPED too — same reason, the residual it grades lives in GOOD-MORNING.md.
2026-09-28T09:41:43.4067406Z   ▫️  LANE WRAP: the stale-top-item fence (s161-D4, #161) is SKIPPED — its scope is the `residual → #N` home in the GOOD-MORNING/_CHAIN ★ LATEST banners, which lane sessions do not write. ⚠ If lanes ever gain a hand-off line of their own, this exemption must go with it.
2026-09-28T09:41:43.4068997Z   ▫️  HONEST SKIP — memory-store checks (MEMORY.md pointers, memory-file fields): outside the repo, invisible to this gate. Session checks them by hand at ritual step 3 (D1a — unenforced by design).
2026-09-28T09:41:43.4070514Z   ▫️  #119 sweep re-checker (s186-D2, pass 6 P1): 21 frozen 'UNPROVEN by this sweep' status string(s) in `_rulings.json` — unchanged. Counted, never rewritten; refuses only on growth.
2026-09-28T09:41:43.4071404Z capture gate [wrap]: 5 in scope · 4 fail · 3 warn
2026-09-28T09:41:43.4071966Z   ⊘ capture-gate selftest: every reachable arm passed; 4 arm(s) could not be asked in this checkout
2026-09-28T09:41:43.4078271Z COULD-NOT-ASK: _capture_gate.py --selftest — 4 arm(s) read an input this checkout cannot hold — trigger index: ruling ds-034's evidence `outputs/_FINDING-canon-pri-hover-brand-mono-fork-2026-08-06-v1.md` is excluded by this repo's own .gitignore — no checkout can hold it, so whether it has rotted is UNASKABLE here; the machine that wrote it is where that question has an answer · trigger index: ruling ds-034's evidence `outputs/_PARTITION-button-primary-2026-08-06-v1.md` is excluded by this repo's own .gitignore — no checkout can hold it, so whether it has rotted is UNASKABLE here; the machine that wrote it is where that question has an answer · trigger index: ruling ds-035's evidence `outputs/_FINDING-canon-pri-hover-brand-mono-fork-2026-08-06-v1.md` is excluded by this repo's own .gitignore — no checkout can hold it, so whether it has rotted is UNASKABLE here; the machine that wrote it is where that question has an answer · trigger index: ruling s245-D6's evidence `knowledge/_tmp/l3-245/rename-plan.json` is excluded by this repo's own .gitignore — no checkout can hold it, so whether it has rotted is UNASKABLE here; the machine that wrote it is where that question has an answer ⇒ THIS IS NOT A SKIP: every other arm passed here, and these arms have their proof of record on a tree that carries the ignored artefacts (a working session's own repo), never on a bare clone.
2026-09-28T09:41:43.7540242Z _gauge_tokens.py selftest OK -- counting path exact on 5 fixtures; cache hit fidelity + content-hash keying + corrupt-file robustness all bite; degraded-measurement honesty holds; band/floor guard logic verified relative to the live constants.
2026-09-28T09:41:43.8863947Z   ✅ _roll_state.py selftest: green control renders exactly; every corrupted surface refuses named; every OVER state bites
2026-09-28T09:41:56.7918811Z == _test_git_commit.py selftest — real script: /home/runner/work/UX-design/UX-design/knowledge/_git_commit.sh (81371 bytes) ==
2026-09-28T09:41:56.7919935Z   PASS  happy_path_commit_lands
2026-09-28T09:41:56.7920414Z   PASS  nonwrap_headline_after_prefix_78D3
2026-09-28T09:41:56.7920930Z   PASS  wrap_headline_no_prefix
2026-09-28T09:41:56.7921375Z   PASS  cap_120_applied_after_prefix
2026-09-28T09:41:56.7921730Z   PASS  warn_split_red_gate_plain_commit_lands
2026-09-28T09:41:56.7922072Z   PASS  warn_split_red_gate_wrap_blocks
2026-09-28T09:41:56.7922386Z   PASS  spine_consumer_warn_plain_78D2
2026-09-28T09:41:56.7922689Z   PASS  spine_consumer_wrap_blocks_78D2
2026-09-28T09:41:56.7922999Z   PASS  gen_chain_check_refusal_pre_stage
2026-09-28T09:41:56.7923307Z   PASS  missing_msgfile_refused
2026-09-28T09:41:56.7923579Z   PASS  empty_msgfile_refused
2026-09-28T09:41:56.7923845Z   PASS  no_args_refused
2026-09-28T09:41:56.7924098Z   PASS  not_reconciled_refused
2026-09-28T09:41:56.7924374Z   PASS  stale_index_lock_moved_aside
2026-09-28T09:41:56.7924670Z   PASS  banner_fallback_note_printed
2026-09-28T09:41:56.7924972Z   PASS  missing_banner_fails_loud
2026-09-28T09:41:56.7925268Z   PASS  wrap_undeclared_session_blocks_120
2026-09-28T09:41:56.7925602Z   PASS  wrap_session_witness_refusal_blocks_120
2026-09-28T09:41:56.7925960Z   PASS  subject_fold_blank_line_inserted_124
2026-09-28T09:41:56.7926569Z   PASS  MUTATION_blank_insert_removed_bites_124 — went RED as required: exit 1; out tail: }
2026-09-28T09:41:56.7927343Z  1 file changed, 1 insertion(+)
2026-09-28T09:41:56.7927623Z  create mode 100644 work.txt
2026-09-28T09:41:56.7928335Z — committed: 8a942fe after #77 2026-09-28 — PLACEHOLDER-HEADLINE {"date":"x","fails":0,"kind":"rehearse"} {"date":"x","fails":0,"ki
2026-09-28T09:41:56.7929718Z ✗ commit subject is 292 chars (cap 200) — the 0eacf2d subject-fold class: no blank line after the headline, so git folded the body into %s. The commit LANDED; fix the msgfile and amend BEFORE Dave pushes.
2026-09-28T09:41:56.7930531Z 
2026-09-28T09:41:56.7931196Z   PASS  MUTATION_prefix_stripped_bites — went RED as required: exit 1; out tail: = 0 (must be exactly 1) — the doubled-subject class (#208, 8 documented instances).
2026-09-28T09:41:56.7932295Z     git %s : PLACEHOLDER-HEADLINE-to-be-replaced-by-T3
2026-09-28T09:41:56.7932922Z   0 means T3's prefix never reached the subject (check --cleanup=verbatim survived);
2026-09-28T09:41:56.7933463Z   2+ means a msgfile was reused and the prefix stacked. The commit LANDED: fix the
2026-09-28T09:41:56.7934014Z   msgfile (FRESH file, fresh printf) and 'git commit --amend -F <fresh>' BEFORE Dave pushes.
2026-09-28T09:41:56.7934366Z 
2026-09-28T09:41:56.7934840Z   PASS  MUTATION_lockclear_removed_bites — went RED as required: pre-existing index.lock blocked the run (exit 1); out tail: 0
2026-09-28T09:41:56.7935432Z — session witness agrees (#77)
2026-09-28T09:41:56.7935703Z STUB _capture_gate.py args=['--wrap'] exit=0
2026-09-28T09:41:56.7936102Z — wrap gate green (mid-session commit, DECLARED not-a-wrap)
2026-09-28T09:41:56.7936482Z STUB _build_live_state.py args=['--selftest'] exit=0
2026-09-28T09:41:56.7937241Z — spine-writer selftest green (mid-session commit, DECLARED not-a-wrap)
2026-09-28T09:41:56.7937822Z — T3 headline: after #77 2026-09-28 — PLACEHOLDER-HEADLINE-to-be-replaced-by-T3
2026-09-28T09:41:56.7938326Z ✗ lock survived the mv-aside — do NOT stage; investigate
2026-09-28T09:41:56.7938553Z 
2026-09-28T09:41:56.7938676Z   PASS  declare_dirt_names_instrumentation_W22
2026-09-28T09:41:56.7939020Z   PASS  declare_dirt_silent_without_instrumentation_W22
2026-09-28T09:41:56.7939814Z   PASS  MUTATION_declare_dirt_call_removed_bites_W22 — went RED as required: DECLARED block missing though instrumentation dirt was planted: — dirty paths:
2026-09-28T09:41:56.7940467Z  M notes/_REHEARSAL-LOG.jsonl
2026-09-28T09:41:56.7940700Z ?? msg.txt
2026-09-28T09:41:56.7940879Z ?? work.txt
2026-09-28T09:41:56.7940985Z 
2026-09-28T09:41:56.7941694Z   PASS  MUTATION_declare_dirt_match_widened_bites_W22 — went RED as required: DECLARED block fired with no instrumentation path dirty: uded — its POLICY is ⬛ DAVE'S, unruled (dream pass 6 P2)
2026-09-28T09:41:56.7942475Z     notes/_dream/_GRADE-DECISIONS.jsonl
2026-09-28T09:41:56.7942855Z       written by: _checkin.py B3 grade alerts / _gardener.py --grade-decision
2026-09-28T09:41:56.7943417Z       status:     NOT excluded — its POLICY is ⬛ DAVE'S, unruled (dream pass 6 P2)
2026-09-28T09:41:56.7944214Z   ⇒ this dirt is machine-written, not an uncommitted draft. ⛔ The POLICY (exclude / commit / relocate) is DAVE'S; this line only DECLARES it.
2026-09-28T09:41:56.7944723Z 
2026-09-28T09:41:56.7944823Z   PASS  doc_row_gate_refusal_and_ack_W20
2026-09-28T09:41:56.7945115Z   PASS  showroom_gate_refusal_and_ack_s191D1
2026-09-28T09:41:56.7945439Z   PASS  mention_map_stale_regenerates_and_refuses_208
2026-09-28T09:41:56.7945765Z   PASS  mention_map_regenerated_not_staged_208
2026-09-28T09:41:56.7946086Z   PASS  schematic_stale_regenerates_and_refuses_304R1
2026-09-28T09:41:56.7946406Z   PASS  schematic_regenerated_not_staged_304R1
2026-09-28T09:41:56.7947495Z   PASS  MUTATION_schematic_gate_removed_bites_304R1 — went RED as required: staged despite the schematic refusal — P5 violated
2026-09-28T09:41:56.7948471Z   PASS  MUTATION_schematic_second_half_removed_bites_304R1 — went RED as required: an unstaged regenerated schematic did NOT block the commit
2026-09-28T09:41:56.7949084Z   PASS  scratch_hygiene_advisory_on_wrap_228
2026-09-28T09:41:56.7949373Z   PASS  harness_stub_coverage_W33
2026-09-28T09:41:56.7950018Z   PASS  MUTATION_harness_stub_detector_bites_W33 — went RED on the planted gate and GREEN on the clean tree: ['_gate_totally_unstubbed.py']
2026-09-28T09:41:56.7950612Z   PASS  polarity_gate_refusal_and_ack_s238D7
2026-09-28T09:41:56.7951370Z   PASS  MUTATION_polarity_gate_block_removed_bites_s238D7 — went RED as required: the gate was not invoked with --check on the happy path; out tail: placed-by-T3
2026-09-28T09:41:56.7952026Z  1 file changed, 1 insertion(+)
2026-09-28T09:41:56.7952274Z  create mode 100644 work.txt
2026-09-28T09:41:56.7952715Z — committed: 27f547d after #77 2026-09-28 — PLACEHOLDER-HEADLINE-to-be-replaced-by-T3
2026-09-28T09:41:56.7953435Z — subject asserted identical to the headline T3 generated (in memory, not re-read from the msgfile — #171)
2026-09-28T09:41:56.7954319Z — subject carries exactly ONE T3 prefix (#208 doubled-subject assert)
2026-09-28T09:41:56.7954826Z ✓ done — locks clear, safe for Dave to push via GitHub Desktop
2026-09-28T09:41:56.7955073Z 
2026-09-28T09:41:56.7955224Z   PASS  w355_deadlock_reproduced_on_unfixed_script_CONTROL
2026-09-28T09:41:56.7955572Z   PASS  w355_declared_form_lands_from_wrapped_seat
2026-09-28T09:41:56.7955892Z   PASS  w355_declared_form_lands_from_next_seat
2026-09-28T09:41:56.7956199Z   PASS  w355_r3_still_refuses_without_ack
2026-09-28T09:41:56.7956497Z   PASS  w355_declared_form_does_not_bypass_T3_wrap
2026-09-28T09:41:56.7957128Z   PASS  w355_wrap_with_next_handoff_lands
2026-09-28T09:41:56.7957408Z   PASS  w355_ordinary_commit_unaffected
2026-09-28T09:41:56.7957896Z   PASS  MUTATION_w355_declared_form_removed_bites — went RED as required: exit 1; tail: ve.
2026-09-28T09:41:56.7958247Z 
2026-09-28T09:41:56.7958450Z    Legal forms: fix the cause, or state a REAL gap with --acknowledge "<why>".
2026-09-28T09:41:56.7958966Z ✗ _session.py REFUSED for declared session #238 — its named wi
2026-09-28T09:41:56.7959553Z   PASS  MUTATION_w355_restore_removed_bites — went RED at T3 as required (SESSION_N never restored)
2026-09-28T09:41:56.7959998Z --
2026-09-28T09:41:56.7960253Z ALL GREEN — 48 arms (incl. 11 mutation controls)
2026-09-28T09:41:57.0833402Z   ✅ gm-move selftest: every refusal fires · green controls pass · receipts + warn≠block + all-or-nothing proven
2026-09-28T09:41:57.4779073Z [_gm_usage selftest] OK — 78 bites, all fired or held as contracted (sizes method: tiktoken cl100k_base)
2026-09-28T09:41:57.5449281Z ✓ lanes view already current (no write)
2026-09-28T09:41:57.5722344Z ✓ lanes view in sync with records
2026-09-28T09:41:57.6015762Z [_gen_lanes selftest] OK — 21 bites, every refusal fired, green controls held
2026-09-28T09:41:57.6565170Z wrote _XREF-INDEX.json + _XREF-INDEX.md for 137 components
2026-09-28T09:41:57.6565811Z with deprecated bindings: 19
2026-09-28T09:41:57.6570847Z god-nodes (blast>=7): ['background/default', 'border-radius/control', 'border-radius/indicator', 'border-radius/surface', 'border/subtle', 'color/primary', 'data/series/1', 'divider/border/section', 'divider/border/subsection', 'elevation/border', 'elevation/functional', 'focus/ring', 'form/background/default', 'form/background/hover', 'form/background/pressed', 'form/border/active', 'form/border/default', 'icon/default', 'icon/default-reverse', 'icon/disabled', 'overlay/version1', 'primary/background/default', 'primary/border/default', 'rag/error', 'rag/error-ink', 'rag/error-tint', 'rag/information', 'rag/success', 'rag/success-ink', 'rag/success-tint', 'rag/warning', 'rag/warning-tint', 'scale', 'secondary/background/default', 'surface/subtle', 'target/min', 'tertiary/background/default', 'tertiary/background/hover', 'tertiary/background/pressed', 'tertiary/border/default', 'text/default', 'text/disabled', 'text/on-inverse', 'text/reverse', 'text/secondary', 'typography/font-family/default']
2026-09-28T09:41:57.6577662Z topical guideline reach: {'icons.md': 9, 'typography-usage.md': 7, 'elevation.md': 6, 'calls-to-action.md': 6, 'platform-web.md': 5, 'tone-of-voice.md': 5, 'time-based-indicators.md': 5, 'forms.md': 5, 'imagery.md': 4, 'hexagon-masks.md': 3, 'contextual-help.md': 2, 'platform-app.md': 2, 'horizontal-scroll.md': 2, 'view-controls-sort.md': 2, 'logos.md': 1, 'cookie-notifications.md': 1}
2026-09-28T09:41:57.7364224Z sutherland fixtures: 137 component contract(s) -> tokens/_manifests/sutherland-fixtures.json
2026-09-28T09:41:57.9432619Z states probe: 45/51 applicable states demonstrated, 6 advisory gap(s) — wrote _STATES-COMPLETENESS.md + states-probe.json (non-gating)
2026-09-28T09:41:58.1163032Z items 940 · live 488 · conditioned 934 · UNCONDITIONED 6
2026-09-28T09:41:58.1163967Z   by state: {'open': 488, 'blocked': 0, 'ruled': 0, 'done': 302, 'dropped': 1, 'parked': 149}
2026-09-28T09:41:58.1164799Z   live by owner: {'dave': 273, 'claude': 215}
2026-09-28T09:41:58.1167380Z   ⚠ DECLARED DEBT: 6 item(s) carry no close condition (W-05, W-07, W-08, W-09, W-10, W-12). Frozen set size 19 — this number may only fall. Each needs Dave's word, not an agent's guess.
2026-09-28T09:41:58.1169558Z   ⚠ real-input coverage: 1 item(s) carry a deadline, 0 carry an effort; on those items the dashboard's PROXY is REPLACED. The rest of the 488 live item(s) are still scored by prose scan / body length.
2026-09-28T09:41:58.1171510Z   ⚠ project split: apollo 769 · memento 171 (of 940 items). The values written at #172 are DEFAULTS proposed for Dave's eye, not his ruling on each item.
2026-09-28T09:41:58.1173379Z   ⚠ home pointers: 922 resolve by ANCHOR (rot-proof), 18 are still `path:line` (UNVERIFIABLE by content — the #168 rot class), 0 UNRESOLVABLE. Blocking = True (Dave's dial).
2026-09-28T09:41:58.1175854Z   ⚠ Regrowth arming (s305-D40): 57 of 75 pinned document rows still live — the arm turns BLOCKING by itself when this reaches 0: W-100bl, W-107, W-164, W-165, W-171, W-177, W-182, W-185, W-186, W-187, W-201, W-227, W-264, W-265, W-286w …(+42 more)
2026-09-28T09:41:58.1179234Z   ⚠ REGROWTH (advisory, #304): 61 live row(s) close only on opener/wrap events at sessions that have already wrapped (rows opened up to #305) — each is MET (close it by addition, with its receipt) or STALE (restate it): W-49 (#206), W-56 (#208), W-99f (#213), W-99w (#213), W-107 (#215), W-164 (#218), W-165 (#219), W-171 (#219), W-177 (#219), W-182 (#219), W-185 (#219), W-186 (#219), W-187 (#219), W-201 (#220), W-227 (#222) …(+46 more). REGROWTH_BLOCKING is Dave's dial.
2026-09-28T09:41:58.2013727Z _state selftest: 84 bites, all GREEN
2026-09-28T09:41:58.2506053Z decision graph: 102 nodes, 172 edges -> knowledge/_DECISION-GRAPH.md
2026-09-28T09:41:58.2507453Z   states: AMENDED 9 · DEAD 8 · LIVE 84 · OPEN 1
2026-09-28T09:41:58.2822962Z   selftest unresolved: fires ✓
2026-09-28T09:41:58.2823566Z   selftest open: fires ✓
2026-09-28T09:41:58.2823979Z   selftest orphan: fires ✓
2026-09-28T09:41:58.2824397Z   selftest queued+diverge: green ✓
2026-09-28T09:41:58.2825028Z   selftest unknown-edge-type: fires `unknown-edge-type` (only) ✓
2026-09-28T09:41:58.2825845Z   selftest malformed-target: fires `malformed-target` (only) ✓
2026-09-28T09:41:58.2826570Z   selftest self-loop: fires `self-loop` (only) ✓
2026-09-28T09:41:58.2828140Z selftest PASS — gate bites on unresolved/open/orphan/unknown-edge-type/malformed-target/self-loop; queued + diverges-from stay green
2026-09-28T09:41:58.3323281Z   ✓ happy-path: splice lands on a fixture copy, invariants hold
2026-09-28T09:41:58.3324010Z   ✓ idempotency: second run is a no-op
2026-09-28T09:41:58.3324637Z   ✓ refusal: marker-less spine refused loud+named, untouched
2026-09-28T09:41:58.3325507Z   ✓ refusal never half-writes: every failure path leaves the target byte-identical
2026-09-28T09:41:58.3326356Z   ✓ mutation controls: every green above provably able to fail
2026-09-28T09:41:58.3327733Z   ✓ spine-safety: real _LIVE-STATE.md untouched (sha256 identical)
2026-09-28T09:41:58.3328322Z _build_live_state --selftest: all arms green
2026-09-28T09:41:59.0380706Z   [gen] lifecycle block up to date (no change).
2026-09-28T09:41:59.0381620Z _LIVE-STATE check: 0 warning(s), 2 note(s) -> knowledge/_LIVE-STATE-CHECK.md
2026-09-28T09:41:59.0383060Z   i [reference] DEAD artifact _NEXT-SESSION.md is mentioned (no nearby tombstone) in: knowledge/_RUNBOOK-gated-component.md, k
2026-09-28T09:41:59.0385180Z   i [orphan-edge] DEAD The "stale-reading pattern" spine note (07-18) → superseded-by "the **consult mechanism**" — target not r
2026-09-28T09:42:00.0475607Z advisory signals: 144 file(s), 135 signal(s) — see _ADVISORY-SIGNALS.md (non-gating)
2026-09-28T09:42:00.1761006Z wrote _REVIEW-QUEUE.json + .md — 233 items
2026-09-28T09:42:00.1761682Z by tier: {'review': 190, 'inferred': 43}
2026-09-28T09:42:00.1762441Z by category: {'other': 105, 'accessibility': 34, 'anti-pattern': 65, 'token-rebind': 29}
2026-09-28T09:42:00.1763301Z review token-rebinds (migration-gating): 25
2026-09-28T09:42:00.1764259Z top components: [('Confirmation', 10), ('Account card', 9), ('Action bar', 8), ('Button', 7), ('Tab-bar', 7), ('Tags', 7)]
2026-09-28T09:42:00.2211747Z dark-mode audit: 124/131 clean, 7 leaking
2026-09-28T09:42:00.2212749Z leaks by primitive: {'color/primary': 7, 'color/grey/transparent/white-75': 1, 'color/black': 1, 'color/white': 1}
2026-09-28T09:42:00.2213919Z leaking components: ['Badge', 'Cards', 'Hero', 'Links', 'List items', 'Navigations', 'Tabs']
2026-09-28T09:42:00.2648518Z text/icon contrast audit: 17 OK, 5 allowed, 1 MINOR(warn), 0 GATING FAIL, 5 skipped(light-only)
2026-09-28T09:42:00.2649990Z   ⚠ minor (ruled s194-D1) [apollo-mono] rag/text/on-dark: 3.14:1 on #F6604C (rag/error-background) — non-gating
2026-09-28T09:42:00.2651081Z per-theme palette grounds (4 themes declared): 9 regraded, 0 GATING FAIL, 0 MINOR(warn), 0 R-D24 exempted
2026-09-28T09:42:00.2945574Z indicator/accent contrast audit: 46 OK, 0 allowed, 0 GATING FAIL, 5 skipped(light-only)
2026-09-28T09:42:00.3468958Z icon contrast delta: 0 declared dead-zone, 50 exhaustive (upper bound), 5 roundel fail(s), 3 mark fail(s) — see _ICON-CONTRAST-DELTA.md (advisory)
2026-09-28T09:42:00.3720145Z dark-surface gate: 0 flat-white failure(s), 9 annotated exception(s)
2026-09-28T09:42:01.7283963Z gen_component_partials --check OK — all AUTO-PARTIAL blocks in sync, contracts hold.
2026-09-28T09:42:02.9244962Z gen_component_partials selftest OK
2026-09-28T09:42:03.2699884Z gen_token_ramp: 0 file(s) DRIFTED (0 with block, 0 block-removed), 149 already in sync.
2026-09-28T09:42:03.3090490Z gen_token_ramp selftest: 6 bites GREEN + 4 comment bites (#211) GREEN
2026-09-28T09:42:03.4299812Z   [ledger] ledger in sync (not written — the gate does not grade its own record)
2026-09-28T09:42:03.4301166Z   [PASS] dataviz/dv-behaviour — 13590 code-only bytes (13.3 KB of 16) · 24505 raw, 10915 comment/blank · 16 member(s)
2026-09-28T09:42:03.4302579Z   [PASS] dataviz/dv-legend — 7760 code-only bytes (7.6 KB of 16) · 15255 raw, 7495 comment/blank · 16 member(s)
2026-09-28T09:42:03.4304014Z   [PASS] dataviz/dv-donut-sweep — 3889 code-only bytes (3.8 KB of 16) · 5511 raw, 1622 comment/blank · 16 member(s)
2026-09-28T09:42:03.4305550Z   [PASS] dataviz/dp08-anchor — 1821 code-only bytes (1.8 KB of 16) · 3884 raw, 2063 comment/blank · 16 member(s)
2026-09-28T09:42:03.4307432Z   [PASS] dataviz/dv-render — 9783 code-only bytes (9.6 KB of 16) · 21791 raw, 12008 comment/blank · 16 member(s)
2026-09-28T09:42:03.4309067Z   [PASS] dataviz/dv-render-bar — 4613 code-only bytes (4.5 KB of 16) · 9262 raw, 4649 comment/blank · 16 member(s)
2026-09-28T09:42:03.4310684Z   [PASS] dataviz/dv-render-line — 3648 code-only bytes (3.6 KB of 16) · 9795 raw, 6147 comment/blank · 16 member(s)
2026-09-28T09:42:03.4312405Z   [PASS] dataviz/dv-render-stacked-area — 4487 code-only bytes (4.4 KB of 16) · 10893 raw, 6406 comment/blank · 16 member(s)
2026-09-28T09:42:03.4314036Z   [PASS] dataviz/dv-render-donut — 4087 code-only bytes (4.0 KB of 16) · 11466 raw, 7379 comment/blank · 16 member(s)
2026-09-28T09:42:03.4315131Z   [PASS] dataviz/dv-render-sparkline — 3235 code-only bytes (3.2 KB of 16) · 9852 raw, 6617 comment/blank · 16 member(s)
2026-09-28T09:42:03.4316184Z   [PASS] dataviz/dv-render-combo — 5198 code-only bytes (5.1 KB of 16) · 11625 raw, 6427 comment/blank · 16 member(s)
2026-09-28T09:42:03.4317554Z   [PASS] dataviz/dv-render-scatter — 4148 code-only bytes (4.1 KB of 16) · 10020 raw, 5872 comment/blank · 16 member(s)
2026-09-28T09:42:03.4318491Z   [PASS] dataviz/dv-render-histogram — 2218 code-only bytes (2.2 KB of 16) · 6670 raw, 4452 comment/blank · 16 member(s)
2026-09-28T09:42:03.4319310Z   [PASS] dataviz/dv-render-boxplot — 4336 code-only bytes (4.2 KB of 16) · 9882 raw, 5546 comment/blank · 16 member(s)
2026-09-28T09:42:03.4320135Z   [PASS] dataviz/dv-render-bullet — 4443 code-only bytes (4.3 KB of 16) · 10582 raw, 6139 comment/blank · 16 member(s)
2026-09-28T09:42:03.4320973Z   [PASS] dataviz/dv-render-candlestick — 4872 code-only bytes (4.8 KB of 16) · 10765 raw, 5893 comment/blank · 16 member(s)
2026-09-28T09:42:03.4322143Z   [PASS] dataviz/dv-render-butterfly — 4711 code-only bytes (4.6 KB of 16) · 10795 raw, 6084 comment/blank · 16 member(s)
2026-09-28T09:42:03.4322911Z   [PASS] dataviz page budget — worst member 34809 code-only bytes (34.0 KB of 34) across 17 source(s)
2026-09-28T09:42:03.4323513Z          shared, priced ONCE PER PAGE (s260-D1): dv-render — 9783 bytes
2026-09-28T09:42:03.4324143Z          Chart-combo                   34809  consumes dv-behaviour, dv-legend, dv-render, dv-render-bar, dv-render-line, dv-render-combo
2026-09-28T09:42:03.4324891Z          Chart-donut                   29326  consumes dv-behaviour, dv-legend, dv-donut-sweep, dv-render, dv-render-donut
2026-09-28T09:42:03.4325557Z          Chart-butterfly-h             26061  consumes dv-behaviour, dv-legend, dv-render, dv-render-butterfly
2026-09-28T09:42:03.4326203Z          Chart-butterfly-v             26061  consumes dv-behaviour, dv-legend, dv-render, dv-render-butterfly
2026-09-28T09:42:03.4327026Z          Chart-bar                     25963  consumes dv-behaviour, dv-legend, dv-render, dv-render-bar
2026-09-28T09:42:03.4327659Z          Chart-stacked-area            25837  consumes dv-behaviour, dv-legend, dv-render, dv-render-stacked-area
2026-09-28T09:42:03.4328311Z          Chart-scatter                 25498  consumes dv-behaviour, dv-legend, dv-render, dv-render-scatter
2026-09-28T09:42:03.4328902Z          Chart-pie                     25437  consumes dv-behaviour, dv-legend, dv-render, dv-render-donut
2026-09-28T09:42:03.4329475Z          Chart-line                    24998  consumes dv-behaviour, dv-legend, dv-render, dv-render-line
2026-09-28T09:42:03.4330059Z          Chart-candlestick             18462  consumes dv-behaviour, dv-render, dv-render-candlestick
2026-09-28T09:42:03.4330617Z          Chart-bullet                  18033  consumes dv-behaviour, dv-render, dv-render-bullet
2026-09-28T09:42:03.4331153Z          Chart-boxplot                 17926  consumes dv-behaviour, dv-render, dv-render-boxplot
2026-09-28T09:42:03.4331703Z          Chart-sparkline               16825  consumes dv-behaviour, dv-render, dv-render-sparkline
2026-09-28T09:42:03.4332271Z          Chart-histogram               15808  consumes dv-behaviour, dv-render, dv-render-histogram
2026-09-28T09:42:03.4332809Z          Template-dashboard-bento      15411  consumes dv-behaviour, dp08-anchor
2026-09-28T09:42:03.4333241Z          Legend                         7760  consumes dv-legend
2026-09-28T09:42:03.4333708Z Behaviour-contract gate OK — see knowledge/_BEHAVIOUR-GATE.md
2026-09-28T09:42:03.6499689Z _validate_behaviour selftest OK
2026-09-28T09:42:04.2931831Z gen_canon_components: no change (137 components in sync).
2026-09-28T09:42:04.9415270Z gen_canon_components --check OK — 137 components in sync.
2026-09-28T09:42:05.0208128Z _validate_partials: 0 strict fail(s), 67 census rule(s) -> _PARTIALS-GATE.md
2026-09-28T09:42:05.0463754Z _validate_partials selftest OK
2026-09-28T09:42:13.8274552Z 
2026-09-28T09:42:13.8276105Z gen_snippet_tokens: 5124 manifest bindings across 137 snippets + 9 tranches; 0 value(s) would change; 0 canon.css literal(s) would change.
2026-09-28T09:42:13.8277818Z OK — snippets + tranches + canon.css in sync with tokens.
2026-09-28T09:42:14.6115386Z snippet gate: 137 snippet(s), 0 failure(s)
2026-09-28T09:42:14.6852520Z gen_theme_cascade --check OK — 233 override path(s), 397 component projection(s) in sync.
2026-09-28T09:42:14.8957000Z gen_theme_cascade selftest OK
2026-09-28T09:42:14.9349179Z state-snap gate: OK — 7 opacity-state check(s) snapped to their theme ramps.
2026-09-28T09:42:14.9638478Z state-snap selftest OK
2026-09-28T09:42:14.9989778Z queue freshness — §C·1 items measured: 7 (severity: blocking)
2026-09-28T09:42:14.9991156Z RESULT: PASS — no §C·1 item's stated state is contradicted by disk or git. This proves no claim is STALE; it does not prove the queue is RIGHT.
2026-09-28T09:42:15.0397971Z selftest — _validate_queue_fresh.py
2026-09-28T09:42:15.0398708Z   PASS control: landed + open + partial green   -> green  | (4 items, green)
2026-09-28T09:42:15.0400715Z   PASS open item whose artefact EXISTS refuses  -> fail   | FAIL — §C·1 item (a) (GOOD-MORNING.md:4) states state=open and expects knowledge/snippets/Chart-pie.reference.html to be
2026-09-28T09:42:15.0402864Z   PASS landed with unresolvable receipt refuses -> fail   | FAIL — §C·1 item (a) (GOOD-MORNING.md:4) claims state=landed receipt=0000000, but git cannot resolve that sha to a commi
2026-09-28T09:42:15.0405066Z   PASS item with NO tail refuses (presence rule) -> fail   | FAIL — §C·1 item (b) at GOOD-MORNING.md:5 carries NO qprobe tail. An unannotated item is invisible to this gate forever.
2026-09-28T09:42:15.0407083Z   PASS partial WITH declared passes, absent paths unchecked -> green  | (1 items, green)
2026-09-28T09:42:15.0408970Z   PASS partial without declared refuses         -> fail   | FAIL — §C·1 item (a) (GOOD-MORNING.md:4) is state=partial with no declared="…". partial is the LEGAL FORM for an honest 
2026-09-28T09:42:15.0411402Z   PASS empty expects-absent WITHOUT declared refuses -> fail   | FAIL — §C·1 item (a) (GOOD-MORNING.md:4) is state=open with an EMPTY expects-absent and no declared="…". A DECLARED gap 
2026-09-28T09:42:15.0413033Z   PASS empty expects-absent WITH declared passes -> green  | (1 items, green)
2026-09-28T09:42:15.0414668Z   PASS malformed tail is a REFUSAL, not a skip  -> refuse | UNPARSEABLE — GOOD-MORNING.md:4 — qprobe state='whatever' is not one of open/landed/partial
2026-09-28T09:42:15.0417145Z   PASS unknown key is a REFUSAL                 -> refuse | UNPARSEABLE — GOOD-MORNING.md:4 — qprobe carries unknown key 'sha'; legal keys: state, expects-absent, receipt, declared
2026-09-28T09:42:15.0418719Z   PASS non-item prose lines do NOT trigger      -> green  | (1 items, green)
2026-09-28T09:42:15.0419815Z   PASS STRUCK step clause is not a live item    -> green  | (1 items, green)
2026-09-28T09:42:15.0420932Z   PASS §2 items are out of scope (section bound) -> green  | (1 items, green)
2026-09-28T09:42:15.0421623Z RESULT: PASS
2026-09-28T09:42:15.1123904Z palette-tier gate: 4 theme(s), 3 palette(s), 42 declared key(s), 137 component meta(s), 137 snippet manifest(s)
2026-09-28T09:42:15.1126024Z OK — every theme declares a palette per family; every declaration resolves; no theme hand-carries a divergent palette-owned value; no undeclared duplication.
2026-09-28T09:42:15.1864420Z palette-tier selftest OK — 10 bites, all red when mutated
2026-09-28T09:42:15.4211611Z _validate_radius: 0 strict fail(s), 0 advisory file(s) pending migration, 4 physical corner longhand(s) DECLARED ADVISORY (#221) -> _RADIUS-GATE.md
2026-09-28T09:42:15.4213322Z   ⬛ DECLARED (not counted, not a verdict): canon/canon.css: border-top-left-radius:0
2026-09-28T09:42:15.4214353Z   ⬛ DECLARED (not counted, not a verdict): canon/canon.css: border-bottom-left-radius:0
2026-09-28T09:42:15.4215921Z   ⬛ DECLARED (not counted, not a verdict): snippets/Split-button.reference.html: border-top-left-radius:0
2026-09-28T09:42:15.4217840Z   ⬛ DECLARED (not counted, not a verdict): snippets/Split-button.reference.html: border-bottom-left-radius:0
2026-09-28T09:42:15.4219079Z      ⬛ promoting this arm to STRICT is DAVE'S — see notes/_subreports/2026-08-27-221-laneA.md
2026-09-28T09:42:15.9946045Z gen_showroom --check OK — 137 page(s) + index in sync (index owned by knowledge/_render/gen_library_214.py).
2026-09-28T09:42:16.0365158Z gen_showroom GATE — payload URL does not resolve in _selftest.reference.html:
2026-09-28T09:42:16.0365964Z    ../knowledge/canon/type.css              -> /home/runner/work/UX-design/UX-design/knowledge/knowledge/canon/type.css (MISSING)
2026-09-28T09:42:16.0366912Z    A relative URL in a snippet must point at a real file: the showroom
2026-09-28T09:42:16.0367514Z    pane re-resolves it against showroom/ (srcdoc inherits the parent base URL).
2026-09-28T09:42:16.0368254Z gen_showroom GATE — payload URL does not resolve in _selftest.reference.html:
2026-09-28T09:42:16.0369218Z    ../canon/does-not-exist.css              -> /home/runner/work/UX-design/UX-design/knowledge/canon/does-not-exist.css (MISSING)
2026-09-28T09:42:16.0369892Z    A relative URL in a snippet must point at a real file: the showroom
2026-09-28T09:42:16.0370401Z    pane re-resolves it against showroom/ (srcdoc inherits the parent base URL).
2026-09-28T09:42:16.0371515Z gen_showroom --selftest OK — 16 bites (rebase · fragments · absolutes · double-rebase fails loud · missing-target gate · query suffix · #98-D1 one-bar contract ×4 · embed mode ×5).
2026-09-28T09:42:17.9426544Z COULD-NOT-ASK: dashboard/index.html — the page differs, but a live gate baked into it is reading INPUTS OUTSIDE THE COMMITTED TREE, so its verdict — and therefore this page — cannot be reproduced here: provenance names `knowledge/_tmp/l3-245/rename-plan.json`; provenance names `outputs/_FINDING-canon-pri-hover-brand-mono-fork-2026-08-06-v1.md`; provenance names `outputs/_PARTITION-button-primary-2026-08-06-v1.md`. Every one of those paths is untracked, so an environment that has them and one that does not will render different prose from the SAME commit. This is a REFUSAL, not a staleness verdict in either direction: the page's agreement with the stores is UNKNOWN here and is reported as unknown. Ask it where those inputs are present (a working tree that holds them), or commit them.
2026-09-28T09:42:17.9980230Z legacy-leak gate: 0 unwaived leak(s), 0 waived.
2026-09-28T09:42:18.0997214Z theme-provenance gate (ADVISORY): 50 hardcoded foreign-theme hex(es) in 166 Mono files. See _THEME-PROVENANCE-GATE.md
2026-09-28T09:42:18.1257863Z token-tier gate: 0 strict failure(s), 1 advisory.
2026-09-28T09:42:18.3004144Z icon-source audit → _ICON-SOURCE-AUDIT.md
2026-09-28T09:42:18.3004759Z 0 UNKNOWN, 102 bespoke, across 137 snippet(s); 758 library glyphs.
2026-09-28T09:42:19.1491147Z a11y gate: 137 snippet(s), 0 failure(s), 204 warning(s), 732 note(s) · 1458 controls + 68 marks measured · 24 mark(s) below 24
2026-09-28T09:42:19.2325476Z a11y target selftest: 31 clause(s) green, 0 failing
2026-09-28T09:42:19.2679811Z COULD-NOT-ASK: HIT-AREA: HARNESS UNAVAILABLE — playwright not importable (No module named 'playwright'). Install it with `pip install playwright && playwright install chromium`. (Inside this repo's sandbox, stage it per knowledge/_RUNBOOK-render-verify.md instead.) This is NOT a pass.
2026-09-28T09:42:19.2681494Z Hit-area sweep — 137 file(s) × 1180/480 px, min 44px
2026-09-28T09:42:19.3471920Z wiring gate: 59 gate script(s) on disk (51 _validate_* · 8 _gate_*, #221 widened) · 55 wired · 4 exempt by name · 0 failure(s)
2026-09-28T09:42:19.3473738Z   wired by surface: _build_all.STEPS 48 · _git_commit.sh 2 · gates.yml 2 · arm-of-a-wired-script 3
2026-09-28T09:42:19.3475038Z   ⬛ ARM (declared + verified): _gate_harness_stubs.py is run by _test_git_commit.py [2026-08-27]
2026-09-28T09:42:19.3476275Z   ⬛ ARM (declared + verified): _validate_composition.py is run by _validate_screen.py [2026-09-03]
2026-09-28T09:42:19.3478410Z   ⬛ ARM (declared + verified): _validate_receipt.py is run by _validate_screen.py [2026-09-03]
2026-09-28T09:42:19.3479824Z   ⬛ EXEMPT (declared, not counted as wired): _gate_pack_imports.py [2026-08-27] — Built #219 and WIRED NOWHERE — not in _build_all.STEPS, not in gates.yml, not at the commit seam (#220-L1 find…
2026-09-28T09:42:19.3481260Z   ⬛ EXEMPT (declared, not counted as wired): _validate_demo_page.py [2026-09-21] — unwired since #268 (08e315dc); wire-or-retire is Dave's, review page #293…
2026-09-28T09:42:19.3482791Z   ⬛ EXEMPT (declared, not counted as wired): _validate_descender_computed.py [2026-08-22] — G2 render leg (#215, row W-101): drives real pages in headless chromium and reads getComputedStyle — needs a S…
2026-09-28T09:42:19.3484469Z   ⬛ EXEMPT (declared, not counted as wired): _validate_fit_physics.py [2026-09-07] — FIT physics gate (s248-D2/D3, s249-D4; #249 FIT lane): drives the composed page in headless chromium via playw…
2026-09-28T09:42:19.6079324Z wiring selftest: 17 bites · 0 failure(s)
2026-09-28T09:42:19.7544477Z # Composition gate audit
2026-09-28T09:42:19.7544833Z 
2026-09-28T09:42:19.7545339Z ## canon.css
2026-09-28T09:42:19.7545691Z - defs 1024, var() refs 627
2026-09-28T09:42:19.7546323Z - ✅ vars resolve, braces balanced, spine markers present
2026-09-28T09:42:19.7547387Z - ℹ️ canon.css: 1 var(s) resolved via inline-scope (set in snippet markup, not CSS): ['--sc']
2026-09-28T09:42:19.7547847Z 
2026-09-28T09:42:19.7547961Z ## composed screens (7)
2026-09-28T09:42:19.7548523Z - ✅ canon-gallery.canon.html — 76 canon classes, 0 rogue hex, 0 redefines, all resolve
2026-09-28T09:42:19.7549380Z - ✅ nio-dash-console-v1.canon.html — 28 canon classes, 0 rogue hex, 0 redefines, all resolve
2026-09-28T09:42:19.7550249Z - ✅ nio-dash-console-v2.canon.html — 28 canon classes, 0 rogue hex, 0 redefines, all resolve
2026-09-28T09:42:19.7551106Z - ✅ payments-journey.canon.html — 22 canon classes, 0 rogue hex, 0 redefines, all resolve
2026-09-28T09:42:19.7552011Z - ✅ sme-payments-desktop.canon.html — 8 canon classes, 0 rogue hex, 0 redefines, all resolve
2026-09-28T09:42:19.7552891Z - ✅ sme-payments-swiss.canon.html — 3 canon classes, 0 rogue hex, 0 redefines, all resolve
2026-09-28T09:42:19.7553715Z - ✅ sme-payments.canon.html — 10 canon classes, 0 rogue hex, 0 redefines, all resolve
2026-09-28T09:42:19.7554147Z 
2026-09-28T09:42:19.7554272Z ## screen titles (aca-003)
2026-09-28T09:42:19.7554663Z - ✅ 7 screen(s), every <title> present + unique
2026-09-28T09:42:19.7554927Z 
2026-09-28T09:42:19.7555049Z RESULT: PASS ✅
2026-09-28T09:42:21.0944041Z # Composed-screen gate — full pipeline on *.canon.html
2026-09-28T09:42:21.0944495Z 
2026-09-28T09:42:21.0944678Z ## canon-gallery.canon.html
2026-09-28T09:42:21.0946230Z - receipt: UNPROVEN:NO-RECEIPT — this page carries no #provenance-receipt, so nothing about its provenance was measured. Mint one with `python3 knowledge/gen_provenance_receipt.py --mint <path>`; run with --receipt-strict to make this block.
2026-09-28T09:42:21.0947646Z - compose: ✅
2026-09-28T09:42:21.0947970Z - composition: n/a — no .c-bento on this page
2026-09-28T09:42:21.0948373Z - icon-source: ✅ all paths library-matched
2026-09-28T09:42:21.1018901Z - a11y: ✅  (warn: DATA MARK `rect.dv-series` — 219.2x20.2 — under the 24 dense-case minimum (rect w/h attrs) (s116-D1: marks carry the 24 floor, not the 44 target); DATA MARK `rect.dv-series` — 94.0x20.2 — under the 24 dense-case minimum (rect w/h attrs) (s116-D1: marks carry the 24 floor, not the 44 target); DATA MARK `rect.dv-series` — 495.9x20.2 — under the 24 dense-case minimum (rect w/h attrs) (s116-D1: marks carry the 24 floor, not the 44 target); DATA MARK `rect.dv-series` — 135.7x20.2 — under the 24 dense-case minimum (rect w/h attrs) (s116-D1: marks carry the 24 floor, not the 44 target); DATA MARK `rect.dv-series` — 109.6x20.2 — under the 24 dense-case minimum (rect w/h attrs) (s116-D1: marks carry the 24 floor, not the 44 target); DATA MARK `rect.dv-series` — 156.6x20.2 — under the 24 dense-case minimum (rect w/h attrs) (s116-D1: marks carry the 24 floor, not the 44 target); DATA MARK `rect.dv-series` — 133.2x20.0 — under the 24 dense-case minimum (rect w/h attrs) (s116-D1: marks carry the 24 floor, not the 44 target); DATA MARK `rect.dv-series` — 162.8x20.0 — under the 24 dense-case minimum (rect w/h attrs) (s116-D1: marks carry the 24 floor, not the 44 target); DATA MARK `rect.dv-series` — 83.2x20.0 — under the 24 dense-case minimum (rect w/h attrs) (s116-D1: marks carry the 24 floor, not the 44 target); DATA MARK `rect.dv-series` — 112.8x20.0 — under the 24 dense-case minimum (rect w/h attrs) (s116-D1: marks carry the 24 floor, not the 44 target); DATA MARK `rect.dv-series` — 55.5x20.0 — under the 24 dense-case minimum (rect w/h attrs) (s116-D1: marks carry the 24 floor, not the 44 target); DATA MARK `rect.dv-series` — 46.2x20.0 — under the 24 dense-case minimum (rect w/h attrs) (s116-D1: marks carry the 24 floor, not the 44 target); DATA MARK `rect.dv-series` — 166.5x20.0 — under the 24 dense-case minimum (rect w/h attrs) (s116-D1: marks carry the 24 floor, not the 44 target); DATA MARK `rect.dv-series` — 175.8x20.0 — under the 24 dense-case minimum (rect w/h attrs) (s116-D1: marks carry the 24 floor, not the 44 target); DATA MARK `rect.dv-series` — 107.3x20.0 — under the 24 dense-case minimum (rect w/h attrs) (s116-D1: marks carry the 24 floor, not the 44 target); DATA MARK `rect.dv-series` — 74.0x20.0 — under the 24 dense-case minimum (rect w/h attrs) (s116-D1: marks carry the 24 floor, not the 44 target); DATA MARK `rect.dv-series` — 37.0x20.0 — under the 24 dense-case minimum (rect w/h attrs) (s116-D1: marks carry the 24 floor, not the 44 target); DATA MARK `rect.dv-series` — 61.0x20.0 — under the 24 dense-case minimum (rect w/h attrs) (s116-D1: marks carry the 24 floor, not the 44 target); DATA MARK `rect.dv-series` — 48.7x16.2 — under the 24 dense-case minimum (rect w/h attrs) (s116-D1: marks carry the 24 floor, not the 44 target); DATA MARK `rect.dv-series` — 48.7x21.6 — under the 24 dense-case minimum (rect w/h attrs) (s116-D1: marks carry the 24 floor, not the 44 target); DATA MARK `rect.dv-series` — 48.7x23.4 — under the 24 dense-case minimum (rect w/h attrs) (s116-D1: marks carry the 24 floor, not the 44 target); DATA MARK `rect.dv-series` — 48.7x18.9 — under the 24 dense-case minimum (rect w/h attrs) (s116-D1: marks carry the 24 floor, not the 44 target); DATA MARK `rect.dv-series` — 48.7x17.1 — under the 24 dense-case minimum (rect w/h attrs) (s116-D1: marks carry the 24 floor, not the 44 target); DATA MARK `g.dv-marker` — 11.0x11.0 — under the 24 dense-case minimum (<g> wrapper measured from its circle child (circle diameter 2r)) (s116-D1: marks carry the 24 floor, not the 44 target); DATA MARK `g.dv-marker` — 11.0x11.0 — under the 24 dense-case minimum (<g> wrapper measured from its circle child (circle diameter 2r)) (s116-D1: marks carry the 24 floor, not the 44 target); DATA MARK `g.dv-marker` — 11.0x11.0 — under the 24 dense-case minimum (<g> wrapper measured from its circle child (circle diameter 2r)) (s116-D1: marks carry the 24 floor, not the 44 target); DATA MARK `g.dv-marker` — 11.0x11.0 — under the 24 dense-case minimum (<g> wrapper measured from its circle child (circle diameter 2r)) (s116-D1: marks carry the 24 floor, not the 44 target); DATA MARK `g.dv-marker` — 11.0x11.0 — under the 24 dense-case minimum (<g> wrapper measured from its circle child (circle diameter 2r)) (s116-D1: marks carry the 24 floor, not the 44 target); DATA MARK `g.dv-marker` — 11.0x11.0 — under the 24 dense-case minimum (<g> wrapper measured from its circle child (circle diameter 2r)) (s116-D1: marks carry the 24 floor, not the 44 target); DATA MARK `g.dv-marker` — 11.0x11.0 — under the 24 dense-case minimum (<g> wrapper measured from its circle child (circle diameter 2r)) (s116-D1: marks carry the 24 floor, not the 44 target); DATA MARK `g.dv-marker` — 11.0x11.0 — under the 24 dense-case minimum (<g> wrapper measured from its circle child (circle diameter 2r)) (s116-D1: marks carry the 24 floor, not the 44 target); DATA MARK `g.dv-marker` — 11.0x11.0 — under the 24 dense-case minimum (<g> wrapper measured from its circle child (circle diameter 2r)) (s116-D1: marks carry the 24 floor, not the 44 target); DATA MARK `g.dv-marker` — 11.0x11.0 — under the 24 dense-case minimum (<g> wrapper measured from its circle child (circle diameter 2r)) (s116-D1: marks carry the 24 floor, not the 44 target); DATA MARK `g.dv-marker` — 11.0x11.0 — under the 24 dense-case minimum (<g> wrapper measured from its circle child (circle diameter 2r)) (s116-D1: marks carry the 24 floor, not the 44 target); DATA MARK `g.dv-marker` — 11.0x11.0 — under the 24 dense-case minimum (<g> wrapper measured from its circle child (circle diameter 2r)) (s116-D1: marks carry the 24 floor, not the 44 target); DATA MARK `g.dv-marker` — 11.0x11.0 — under the 24 dense-case minimum (<g> wrapper measured from its circle child (circle diameter 2r)) (s116-D1: marks carry the 24 floor, not the 44 target); DATA MARK `g.dv-marker` — 11.0x11.0 — under the 24 dense-case minimum (<g> wrapper measured from its circle child (circle diameter 2r)) (s116-D1: marks carry the 24 floor, not the 44 target); DATA MARK `g.dv-marker` — 11.0x11.0 — under the 24 dense-case minimum (<g> wrapper measured from its circle child (circle diameter 2r)) (s116-D1: marks carry the 24 floor, not the 44 target); DATA MARK `g.dv-marker` — 11.0x11.0 — under the 24 dense-case minimum (<g> wrapper measured from its circle child (circle diameter 2r)) (s116-D1: marks carry the 24 floor, not the 44 target); DATA MARK `g.dv-marker` — 11.0x11.0 — under the 24 dense-case minimum (<g> wrapper measured from its circle child (circle diameter 2r)) (s116-D1: marks carry the 24 floor, not the 44 target); DATA MARK `g.dv-marker` — 11.0x11.0 — under the 24 dense-case minimum (<g> wrapper measured from its circle child (circle diameter 2r)) (s116-D1: marks carry the 24 floor, not the 44 target); DATA MARK `g.dv-marker` — 11.0x11.0 — under the 24 dense-case minimum (<g> wrapper measured from its circle child (circle diameter 2r)) (s116-D1: marks carry the 24 floor, not the 44 target); DATA MARK `g.dv-marker` — 11.0x11.0 — under the 24 dense-case minimum (<g> wrapper measured from its circle child (circle diameter 2r)) (s116-D1: marks carry the 24 floor, not the 44 target); DATA MARK `g.dv-marker` — 11.0x11.0 — under the 24 dense-case minimum (<g> wrapper measured from its circle child (circle diameter 2r)) (s116-D1: marks carry the 24 floor, not the 44 target); DATA MARK `g.dv-marker` — 11.0x11.0 — under the 24 dense-case minimum (<g> wrapper measured from its circle child (circle diameter 2r)) (s116-D1: marks carry the 24 floor, not the 44 target); DATA MARK `g.dv-marker` — 11.0x11.0 — under the 24 dense-case minimum (<g> wrapper measured from its circle child (circle diameter 2r)) (s116-D1: marks carry the 24 floor, not the 44 target); DATA MARK `g.dv-marker` — 11.0x11.0 — under the 24 dense-case minimum (<g> wrapper measured from its circle child (circle diameter 2r)) (s116-D1: marks carry the 24 floor, not the 44 target); DATA MARK `g.dv-marker` — 11.0x11.0 — under the 24 dense-case minimum (<g> wrapper measured from its circle child (circle diameter 2r)) (s116-D1: marks carry the 24 floor, not the 44 target); DATA MARK `g.dv-marker` — 11.0x11.0 — under the 24 dense-case minimum (<g> wrapper measured from its circle child (circle diameter 2r)) (s116-D1: marks carry the 24 floor, not the 44 target); DATA MARK `g.dv-marker` — 11.0x11.0 — under the 24 dense-case minimum (<g> wrapper measured from its circle child (circle diameter 2r)) (s116-D1: marks carry the 24 floor, not the 44 target); DATA MARK `g.dv-marker` — 11.0x11.0 — under the 24 dense-case minimum (<g> wrapper measured from its circle child (circle diameter 2r)) (s116-D1: marks carry the 24 floor, not the 44 target); DATA MARK `g.dv-marker` — 11.0x11.0 — under the 24 dense-case minimum (<g> wrapper measured from its circle child (circle diameter 2r)) (s116-D1: marks carry the 24 floor, not the 44 target); DATA MARK `g.dv-marker` — 11.0x11.0 — under the 24 dense-case minimum (<g> wrapper measured from its circle child (circle diameter 2r)) (s116-D1: marks carry the 24 floor, not the 44 target); DATA MARK `g.dv-marker` — 11.0x11.0 — under the 24 dense-case minimum (<g> wrapper measured from its circle child (circle diameter 2r)) (s116-D1: marks carry the 24 floor, not the 44 target); DATA MARK `g.dv-marker` — 11.0x11.0 — under the 24 dense-case minimum (<g> wrapper measured from its circle child (circle diameter 2r)) (s116-D1: marks carry the 24 floor, not the 44 target); DATA MARK `g.dv-marker` — 11.0x11.0 — under the 24 dense-case minimum (<g> wrapper measured from its circle child (circle diameter 2r)) (s116-D1: marks carry the 24 floor, not the 44 target); DATA MARK `g.dv-marker` — 11.0x11.0 — under the 24 dense-case minimum (<g> wrapper measured from its circle child (circle diameter 2r)) (s116-D1: marks carry the 24 floor, not the 44 target); DATA MARK `g.dv-marker` — 11.0x11.0 — under the 24 dense-case minimum (<g> wrapper measured from its circle child (circle diameter 2r)) (s116-D1: marks carry the 24 floor, not the 44 target); DATA MARK `g.dv-marker` — 11.0x11.0 — under the 24 dense-case minimum (<g> wrapper measured from its circle child (circle diameter 2r)) (s116-D1: marks carry the 24 floor, not the 44 target); DATA MARK `g.dv-marker` — 11.0x11.0 — under the 24 dense-case minimum (<g> wrapper measured from its circle child (circle diameter 2r)) (s116-D1: marks carry the 24 floor, not the 44 target); DATA MARK `g.dv-marker` — 11.0x11.0 — under the 24 dense-case minimum (<g> wrapper measured from its circle child (circle diameter 2r)) (s116-D1: marks carry the 24 floor, not the 44 target); DATA MARK `g.dv-marker` — 11.0x11.0 — under the 24 dense-case minimum (<g> wrapper measured from its circle child (circle diameter 2r)) (s116-D1: marks carry the 24 floor, not the 44 target); DATA MARK `g.dv-marker` — 11.0x11.0 — under the 24 dense-case minimum (<g> wrapper measured from its circle child (circle diameter 2r)) (s116-D1: marks carry the 24 floor, not the 44 target); DATA MARK `g.dv-marker` — 11.0x11.0 — under the 24 dense-case minimum (<g> wrapper measured from its circle child (circle diameter 2r)) (s116-D1: marks carry the 24 floor, not the 44 target); DATA MARK `g.dv-marker` — 11.0x11.0 — under the 24 dense-case minimum (<g> wrapper measured from its circle child (circle diameter 2r)) (s116-D1: marks carry the 24 floor, not the 44 target); DATA MARK `g.dv-marker` — 11.0x11.0 — under the 24 dense-case minimum (<g> wrapper measured from its circle child (circle diameter 2r)) (s116-D1: marks carry the 24 floor, not the 44 target); DATA MARK `g.dv-marker` — 11.0x11.0 — under the 24 dense-case minimum (<g> wrapper measured from its circle child (circle diameter 2r)) (s116-D1: marks carry the 24 floor, not the 44 target); DATA MARK `g.dv-marker` — 11.0x11.0 — under the 24 dense-case minimum (<g> wrapper measured from its circle child (circle diameter 2r)) (s116-D1: marks carry the 24 floor, not the 44 target); DATA MARK `g.dv-marker` — 11.0x11.0 — under the 24 dense-case minimum (<g> wrapper measured from its circle child (circle diameter 2r)) (s116-D1: marks carry the 24 floor, not the 44 target); DATA MARK `g.dv-marker` — 11.0x11.0 — under the 24 dense-case minimum (<g> wrapper measured from its circle child (circle diameter 2r)) (s116-D1: marks carry the 24 floor, not the 44 target); DATA MARK `g.dv-marker` — 11.0x11.0 — under the 24 dense-case minimum (<g> wrapper measured from its circle child (circle diameter 2r)) (s116-D1: marks carry the 24 floor, not the 44 target); DATA MARK `g.dv-marker` — 11.0x11.0 — under the 24 dense-case minimum (<g> wrapper measured from its rect child (rect w/h attrs)) (s116-D1: marks carry the 24 floor, not the 44 target); DATA MARK `g.dv-marker` — 11.0x11.0 — under the 24 dense-case minimum (<g> wrapper measured from its rect child (rect w/h attrs)) (s116-D1: marks carry the 24 floor, not the 44 target); DATA MARK `g.dv-marker` — 11.0x11.0 — under the 24 dense-case minimum (<g> wrapper measured from its rect child (rect w/h attrs)) (s116-D1: marks carry the 24 floor, not the 44 target); DATA MARK `g.dv-marker` — 11.0x11.0 — under the 24 dense-case minimum (<g> wrapper measured from its rect child (rect w/h attrs)) (s116-D1: marks carry the 24 floor, not the 44 target); DATA MARK `g.dv-marker` — 11.0x11.0 — under the 24 dense-case minimum (<g> wrapper measured from its rect child (rect w/h attrs)) (s116-D1: marks carry the 24 floor, not the 44 target); DATA MARK `g.dv-marker` — 11.0x11.0 — under the 24 dense-case minimum (<g> wrapper measured from its rect child (rect w/h attrs)) (s116-D1: marks carry the 24 floor, not the 44 target); DATA MARK `g.dv-marker` — 11.0x11.0 — under the 24 dense-case minimum (<g> wrapper measured from its rect child (rect w/h attrs)) (s116-D1: marks carry the 24 floor, not the 44 target); DATA MARK `g.dv-marker` — 11.0x11.0 — under the 24 dense-case minimum (<g> wrapper measured from its rect child (rect w/h attrs)) (s116-D1: marks carry the 24 floor, not the 44 target); DATA MARK `g.dv-marker` — 11.0x11.0 — under the 24 dense-case minimum (<g> wrapper measured from its rect child (rect w/h attrs)) (s116-D1: marks carry the 24 floor, not the 44 target); DATA MARK `g.dv-marker` — 11.0x11.0 — under the 24 dense-case minimum (<g> wrapper measured from its rect child (rect w/h attrs)) (s116-D1: marks carry the 24 floor, not the 44 target); DATA MARK `g.dv-marker` — 11.0x11.0 — under the 24 dense-case minimum (<g> wrapper measured from its rect child (rect w/h attrs)) (s116-D1: marks carry the 24 floor, not the 44 target); DATA MARK `g.dv-marker` — 11.0x11.0 — under the 24 dense-case minimum (<g> wrapper measured from its rect child (rect w/h attrs)) (s116-D1: marks carry the 24 floor, not the 44 target); DATA MARK `g.dv-marker` — 13.0x13.0 — under the 24 dense-case minimum (<g> wrapper measured from its polygon child (polygon bbox)) (s116-D1: marks carry the 24 floor, not the 44 target); DATA MARK `g.dv-marker` — 13.0x13.0 — under the 24 dense-case minimum (<g> wrapper measured from its polygon child (polygon bbox)) (s116-D1: marks carry the 24 floor, not the 44 target); DATA MARK `g.dv-marker` — 13.0x13.0 — under the 24 dense-case minimum (<g> wrapper measured from its polygon child (polygon bbox)) (s116-D1: marks carry the 24 floor, not the 44 target); DATA MARK `g.dv-marker` — 13.0x13.0 — under the 24 dense-case minimum (<g> wrapper measured from its polygon child (polygon bbox)) (s116-D1: marks carry the 24 floor, not the 44 target); DATA MARK `g.dv-marker` — 13.0x13.0 — under the 24 dense-case minimum (<g> wrapper measured from its polygon child (polygon bbox)) (s116-D1: marks carry the 24 floor, not the 44 target); DATA MARK `g.dv-marker` — 13.0x13.0 — under the 24 dense-case minimum (<g> wrapper measured from its polygon child (polygon bbox)) (s116-D1: marks carry the 24 floor, not the 44 target); DATA MARK `g.dv-marker` — 13.0x13.0 — under the 24 dense-case minimum (<g> wrapper measured from its polygon child (polygon bbox)) (s116-D1: marks carry the 24 floor, not the 44 target); DATA MARK `g.dv-marker` — 13.0x13.0 — under the 24 dense-case minimum (<g> wrapper measured from its polygon child (polygon bbox)) (s116-D1: marks carry the 24 floor, not the 44 target); DATA MARK `g.dv-marker` — 13.0x13.0 — under the 24 dense-case minimum (<g> wrapper measured from its polygon child (polygon bbox)) (s116-D1: marks carry the 24 floor, not the 44 target); DATA MARK `g.dv-marker` — 13.0x13.0 — under the 24 dense-case minimum (<g> wrapper measured from its polygon child (polygon bbox)) (s116-D1: marks carry the 24 floor, not the 44 target); DATA MARK `g.dv-marker` — 13.0x13.0 — under the 24 dense-case minimum (<g> wrapper measured from its polygon child (polygon bbox)) (s116-D1: marks carry the 24 floor, not the 44 target); DATA MARK `g.dv-marker` — 13.0x13.0 — under the 24 dense-case minimum (<g> wrapper measured from its polygon child (polygon bbox)) (s116-D1: marks carry the 24 floor, not the 44 target); DATA MARK `g.dv-marker` — 8.4x8.4 — under the 24 dense-case minimum (<g> wrapper measured from its circle child (circle diameter 2r)) (s116-D1: marks carry the 24 floor, not the 44 target); DATA MARK `g.dv-marker` — 8.4x8.4 — under the 24 dense-case minimum (<g> wrapper measured from its circle child (circle diameter 2r)) (s116-D1: marks carry the 24 floor, not the 44 target); DATA MARK `g.dv-marker` — 8.4x8.4 — under the 24 dense-case minimum (<g> wrapper measured from its circle child (circle diameter 2r)) (s116-D1: marks carry the 24 floor, not the 44 target); DATA MARK `g.dv-marker` — 8.4x8.4 — under the 24 dense-case minimum (<g> wrapper measured from its circle child (circle diameter 2r)) (s116-D1: marks carry the 24 floor, not the 44 target); DATA MARK `g.dv-marker` — 8.4x8.4 — under the 24 dense-case minimum (<g> wrapper measured from its circle child (circle diameter 2r)) (s116-D1: marks carry the 24 floor, not the 44 target); DATA MARK `g.dv-marker` — 8.4x8.4 — under the 24 dense-case minimum (<g> wrapper measured from its circle child (circle diameter 2r)) (s116-D1: marks carry the 24 floor, not the 44 target); DATA MARK `g.dv-marker` — 8.4x8.4 — under the 24 dense-case minimum (<g> wrapper measured from its circle child (circle diameter 2r)) (s116-D1: marks carry the 24 floor, not the 44 target); DATA MARK `g.dv-marker` — 8.4x8.4 — under the 24 dense-case minimum (<g> wrapper measured from its circle child (circle diameter 2r)) (s116-D1: marks carry the 24 floor, not the 44 target); DATA MARK `g.dv-marker` — 8.4x8.4 — under the 24 dense-case minimum (<g> wrapper measured from its circle child (circle diameter 2r)) (s116-D1: marks carry the 24 floor, not the 44 target); DATA MARK `g.dv-marker` — 8.4x8.4 — under the 24 dense-case minimum (<g> wrapper measured from its circle child (circle diameter 2r)) (s116-D1: marks carry the 24 floor, not the 44 target); DATA MARK `g.dv-marker` — 8.4x8.4 — under the 24 dense-case minimum (<g> wrapper measured from its circle child (circle diameter 2r)) (s116-D1: marks carry the 24 floor, not the 44 target); DATA MARK `g.dv-marker` — 8.4x8.4 — under the 24 dense-case minimum (<g> wrapper measured from its circle child (circle diameter 2r)) (s116-D1: marks carry the 24 floor, not the 44 target))
2026-09-28T09:42:21.1078337Z ## nio-dash-console-v1.canon.html
2026-09-28T09:42:21.1079565Z - receipt: UNPROVEN:NO-RECEIPT — this page carries no #provenance-receipt, so nothing about its provenance was measured. Mint one with `python3 knowledge/gen_provenance_receipt.py --mint <path>`; run with --receipt-strict to make this block.
2026-09-28T09:42:21.1080523Z - compose: ✅
2026-09-28T09:42:21.1080804Z - composition: n/a — no .c-bento on this page
2026-09-28T09:42:21.1081149Z - icon-source: ✅ all paths library-matched
2026-09-28T09:42:21.1146386Z - a11y: ✅  (warn: DATA MARK `rect.dv-series` — 14.0x97.2 — under the 24 dense-case minimum (rect w/h attrs) (s116-D1: marks carry the 24 floor, not the 44 target); DATA MARK `rect.dv-series` — 14.0x64.8 — under the 24 dense-case minimum (rect w/h attrs) (s116-D1: marks carry the 24 floor, not the 44 target); DATA MARK `rect.dv-series` — 14.0x133.9 — under the 24 dense-case minimum (rect w/h attrs) (s116-D1: marks carry the 24 floor, not the 44 target); DATA MARK `rect.dv-series` — 14.0x216.0 — under the 24 dense-case minimum (rect w/h attrs) (s116-D1: marks carry the 24 floor, not the 44 target); DATA MARK `rect.dv-series` — 14.0x38.9 — under the 24 dense-case minimum (rect w/h attrs) (s116-D1: marks carry the 24 floor, not the 44 target); DATA MARK `rect.dv-series` — 14.0x47.5 — under the 24 dense-case minimum (rect w/h attrs) (s116-D1: marks carry the 24 floor, not the 44 target); DATA MARK `rect.dv-series` — 14.0x118.8 — under the 24 dense-case minimum (rect w/h attrs) (s116-D1: marks carry the 24 floor, not the 44 target); DATA MARK `rect.dv-series` — 14.0x129.6 — under the 24 dense-case minimum (rect w/h attrs) (s116-D1: marks carry the 24 floor, not the 44 target); DATA MARK `rect.dv-series` — 14.0x183.6 — under the 24 dense-case minimum (rect w/h attrs) (s116-D1: marks carry the 24 floor, not the 44 target); DATA MARK `rect.dv-series` — 14.0x86.4 — under the 24 dense-case minimum (rect w/h attrs) (s116-D1: marks carry the 24 floor, not the 44 target); DATA MARK `rect.dv-series` — 14.0x90.7 — under the 24 dense-case minimum (rect w/h attrs) (s116-D1: marks carry the 24 floor, not the 44 target); DATA MARK `rect.dv-series` — 14.0x64.8 — under the 24 dense-case minimum (rect w/h attrs) (s116-D1: marks carry the 24 floor, not the 44 target); DATA MARK `rect.dv-series` — 14.0x125.3 — under the 24 dense-case minimum (rect w/h attrs) (s116-D1: marks carry the 24 floor, not the 44 target); DATA MARK `rect.dv-series` — 14.0x99.4 — under the 24 dense-case minimum (rect w/h attrs) (s116-D1: marks carry the 24 floor, not the 44 target); DATA MARK `rect.dv-series` — 14.0x108.0 — under the 24 dense-case minimum (rect w/h attrs) (s116-D1: marks carry the 24 floor, not the 44 target); DATA MARK `rect.dv-series` — 14.0x129.6 — under the 24 dense-case minimum (rect w/h attrs) (s116-D1: marks carry the 24 floor, not the 44 target); DATA MARK `rect.dv-series` — 14.0x205.2 — under the 24 dense-case minimum (rect w/h attrs) (s116-D1: marks carry the 24 floor, not the 44 target); DATA MARK `rect.dv-series` — 14.0x155.5 — under the 24 dense-case minimum (rect w/h attrs) (s116-D1: marks carry the 24 floor, not the 44 target); DATA MARK `rect.dv-series` — 14.0x86.4 — under the 24 dense-case minimum (rect w/h attrs) (s116-D1: marks carry the 24 floor, not the 44 target); DATA MARK `rect.dv-series` — 14.0x140.4 — under the 24 dense-case minimum (rect w/h attrs) (s116-D1: marks carry the 24 floor, not the 44 target); DATA MARK `rect.dv-series` — 14.0x64.8 — under the 24 dense-case minimum (rect w/h attrs) (s116-D1: marks carry the 24 floor, not the 44 target); DATA MARK `rect.dv-series` — 14.0x47.5 — under the 24 dense-case minimum (rect w/h attrs) (s116-D1: marks carry the 24 floor, not the 44 target); DATA MARK `rect.dv-series` — 14.0x43.2 — under the 24 dense-case minimum (rect w/h attrs) (s116-D1: marks carry the 24 floor, not the 44 target); DATA MARK `rect.dv-series` — 14.0x54.0 — under the 24 dense-case minimum (rect w/h attrs) (s116-D1: marks carry the 24 floor, not the 44 target); DATA MARK `path.dv-donut-seg.dv-marker.dv-series` — 40.0x11.5 — under the 24 dense-case minimum (arc segment: radial thickness 40.0, mid-radius arc length 11.5) (s116-D1: marks carry the 24 floor, not the 44 target); DATA MARK `path.dv-donut-seg.dv-marker.dv-series` — 40.0x21.2 — under the 24 dense-case minimum (arc segment: radial thickness 40.0, mid-radius arc length 21.2) (s116-D1: marks carry the 24 floor, not the 44 target); DATA MARK `g.dv-marker` — 11.0x11.0 — under the 24 dense-case minimum (<g> wrapper measured from its circle child (circle diameter 2r)) (s116-D1: marks carry the 24 floor, not the 44 target); DATA MARK `g.dv-marker` — 11.0x11.0 — under the 24 dense-case minimum (<g> wrapper measured from its circle child (circle diameter 2r)) (s116-D1: marks carry the 24 floor, not the 44 target); DATA MARK `g.dv-marker` — 11.0x11.0 — under the 24 dense-case minimum (<g> wrapper measured from its circle child (circle diameter 2r)) (s116-D1: marks carry the 24 floor, not the 44 target); DATA MARK `g.dv-marker` — 11.0x11.0 — under the 24 dense-case minimum (<g> wrapper measured from its circle child (circle diameter 2r)) (s116-D1: marks carry the 24 floor, not the 44 target); DATA MARK `g.dv-marker` — 11.0x11.0 — under the 24 dense-case minimum (<g> wrapper measured from its circle child (circle diameter 2r)) (s116-D1: marks carry the 24 floor, not the 44 target); DATA MARK `g.dv-marker` — 11.0x11.0 — under the 24 dense-case minimum (<g> wrapper measured from its circle child (circle diameter 2r)) (s116-D1: marks carry the 24 floor, not the 44 target); DATA MARK `g.dv-marker` — 11.0x11.0 — under the 24 dense-case minimum (<g> wrapper measured from its circle child (circle diameter 2r)) (s116-D1: marks carry the 24 floor, not the 44 target); DATA MARK `g.dv-marker` — 11.0x11.0 — under the 24 dense-case minimum (<g> wrapper measured from its circle child (circle diameter 2r)) (s116-D1: marks carry the 24 floor, not the 44 target); DATA MARK `g.dv-marker` — 11.0x11.0 — under the 24 dense-case minimum (<g> wrapper measured from its circle child (circle diameter 2r)) (s116-D1: marks carry the 24 floor, not the 44 target); DATA MARK `g.dv-marker` — 11.0x11.0 — under the 24 dense-case minimum (<g> wrapper measured from its circle child (circle diameter 2r)) (s116-D1: marks carry the 24 floor, not the 44 target); DATA MARK `g.dv-marker` — 11.0x11.0 — under the 24 dense-case minimum (<g> wrapper measured from its circle child (circle diameter 2r)) (s116-D1: marks carry the 24 floor, not the 44 target); DATA MARK `g.dv-marker` — 11.0x11.0 — under the 24 dense-case minimum (<g> wrapper measured from its circle child (circle diameter 2r)) (s116-D1: marks carry the 24 floor, not the 44 target); DATA MARK `g.dv-marker` — 11.0x11.0 — under the 24 dense-case minimum (<g> wrapper measured from its circle child (circle diameter 2r)) (s116-D1: marks carry the 24 floor, not the 44 target); DATA MARK `g.dv-marker` — 11.0x11.0 — under the 24 dense-case minimum (<g> wrapper measured from its circle child (circle diameter 2r)) (s116-D1: marks carry the 24 floor, not the 44 target); DATA MARK `g.dv-marker` — 11.0x11.0 — under the 24 dense-case minimum (<g> wrapper measured from its circle child (circle diameter 2r)) (s116-D1: marks carry the 24 floor, not the 44 target); DATA MARK `g.dv-marker` — 11.0x11.0 — under the 24 dense-case minimum (<g> wrapper measured from its circle child (circle diameter 2r)) (s116-D1: marks carry the 24 floor, not the 44 target); DATA MARK `g.dv-marker` — 11.0x11.0 — under the 24 dense-case minimum (<g> wrapper measured from its circle child (circle diameter 2r)) (s116-D1: marks carry the 24 floor, not the 44 target); DATA MARK `g.dv-marker` — 11.0x11.0 — under the 24 dense-case minimum (<g> wrapper measured from its circle child (circle diameter 2r)) (s116-D1: marks carry the 24 floor, not the 44 target); DATA MARK `g.dv-marker` — 11.0x11.0 — under the 24 dense-case minimum (<g> wrapper measured from its circle child (circle diameter 2r)) (s116-D1: marks carry the 24 floor, not the 44 target); DATA MARK `g.dv-marker` — 11.0x11.0 — under the 24 dense-case minimum (<g> wrapper measured from its circle child (circle diameter 2r)) (s116-D1: marks carry the 24 floor, not the 44 target); DATA MARK `g.dv-marker` — 11.0x11.0 — under the 24 dense-case minimum (<g> wrapper measured from its circle child (circle diameter 2r)) (s116-D1: marks carry the 24 floor, not the 44 target); DATA MARK `g.dv-marker` — 11.0x11.0 — under the 24 dense-case minimum (<g> wrapper measured from its circle child (circle diameter 2r)) (s116-D1: marks carry the 24 floor, not the 44 target); DATA MARK `g.dv-marker` — 11.0x11.0 — under the 24 dense-case minimum (<g> wrapper measured from its circle child (circle diameter 2r)) (s116-D1: marks carry the 24 floor, not the 44 target); DATA MARK `g.dv-marker` — 11.0x11.0 — under the 24 dense-case minimum (<g> wrapper measured from its circle child (circle diameter 2r)) (s116-D1: marks carry the 24 floor, not the 44 target); DATA MARK `g.dv-marker` — 11.0x11.0 — under the 24 dense-case minimum (<g> wrapper measured from its rect child (rect w/h attrs)) (s116-D1: marks carry the 24 floor, not the 44 target); DATA MARK `g.dv-marker` — 11.0x11.0 — under the 24 dense-case minimum (<g> wrapper measured from its rect child (rect w/h attrs)) (s116-D1: marks carry the 24 floor, not the 44 target); DATA MARK `g.dv-marker` — 11.0x11.0 — under the 24 dense-case minimum (<g> wrapper measured from its rect child (rect w/h attrs)) (s116-D1: marks carry the 24 floor, not the 44 target); DATA MARK `g.dv-marker` — 11.0x11.0 — under the 24 dense-case minimum (<g> wrapper measured from its rect child (rect w/h attrs)) (s116-D1: marks carry the 24 floor, not the 44 target); DATA MARK `g.dv-marker` — 11.0x11.0 — under the 24 dense-case minimum (<g> wrapper measured from its rect child (rect w/h attrs)) (s116-D1: marks carry the 24 floor, not the 44 target); DATA MARK `g.dv-marker` — 11.0x11.0 — under the 24 dense-case minimum (<g> wrapper measured from its rect child (rect w/h attrs)) (s116-D1: marks carry the 24 floor, not the 44 target); DATA MARK `g.dv-marker` — 11.0x11.0 — under the 24 dense-case minimum (<g> wrapper measured from its rect child (rect w/h attrs)) (s116-D1: marks carry the 24 floor, not the 44 target); DATA MARK `g.dv-marker` — 11.0x11.0 — under the 24 dense-case minimum (<g> wrapper measured from its rect child (rect w/h attrs)) (s116-D1: marks carry the 24 floor, not the 44 target); DATA MARK `g.dv-marker` — 11.0x11.0 — under the 24 dense-case minimum (<g> wrapper measured from its rect child (rect w/h attrs)) (s116-D1: marks carry the 24 floor, not the 44 target); DATA MARK `g.dv-marker` — 11.0x11.0 — under the 24 dense-case minimum (<g> wrapper measured from its rect child (rect w/h attrs)) (s116-D1: marks carry the 24 floor, not the 44 target); DATA MARK `g.dv-marker` — 11.0x11.0 — under the 24 dense-case minimum (<g> wrapper measured from its rect child (rect w/h attrs)) (s116-D1: marks carry the 24 floor, not the 44 target); DATA MARK `g.dv-marker` — 11.0x11.0 — under the 24 dense-case minimum (<g> wrapper measured from its rect child (rect w/h attrs)) (s116-D1: marks carry the 24 floor, not the 44 target); DATA MARK `g.dv-marker` — 13.0x13.0 — under the 24 dense-case minimum (<g> wrapper measured from its polygon child (polygon bbox)) (s116-D1: marks carry the 24 floor, not the 44 target); DATA MARK `g.dv-marker` — 13.0x13.0 — under the 24 dense-case minimum (<g> wrapper measured from its polygon child (polygon bbox)) (s116-D1: marks carry the 24 floor, not the 44 target); DATA MARK `g.dv-marker` — 13.0x13.0 — under the 24 dense-case minimum (<g> wrapper measured from its polygon child (polygon bbox)) (s116-D1: marks carry the 24 floor, not the 44 target); DATA MARK `g.dv-marker` — 13.0x13.0 — under the 24 dense-case minimum (<g> wrapper measured from its polygon child (polygon bbox)) (s116-D1: marks carry the 24 floor, not the 44 target); DATA MARK `g.dv-marker` — 13.0x13.0 — under the 24 dense-case minimum (<g> wrapper measured from its polygon child (polygon bbox)) (s116-D1: marks carry the 24 floor, not the 44 target); DATA MARK `g.dv-marker` — 13.0x13.0 — under the 24 dense-case minimum (<g> wrapper measured from its polygon child (polygon bbox)) (s116-D1: marks carry the 24 floor, not the 44 target); DATA MARK `g.dv-marker` — 13.0x13.0 — under the 24 dense-case minimum (<g> wrapper measured from its polygon child (polygon bbox)) (s116-D1: marks carry the 24 floor, not the 44 target); DATA MARK `g.dv-marker` — 13.0x13.0 — under the 24 dense-case minimum (<g> wrapper measured from its polygon child (polygon bbox)) (s116-D1: marks carry the 24 floor, not the 44 target); DATA MARK `g.dv-marker` — 13.0x13.0 — under the 24 dense-case minimum (<g> wrapper measured from its polygon child (polygon bbox)) (s116-D1: marks carry the 24 floor, not the 44 target); DATA MARK `g.dv-marker` — 13.0x13.0 — under the 24 dense-case minimum (<g> wrapper measured from its polygon child (polygon bbox)) (s116-D1: marks carry the 24 floor, not the 44 target); DATA MARK `g.dv-marker` — 13.0x13.0 — under the 24 dense-case minimum (<g> wrapper measured from its polygon child (polygon bbox)) (s116-D1: marks carry the 24 floor, not the 44 target); DATA MARK `g.dv-marker` — 13.0x13.0 — under the 24 dense-case minimum (<g> wrapper measured from its polygon child (polygon bbox)) (s116-D1: marks carry the 24 floor, not the 44 target); DATA MARK `g.dv-marker` — 11.0x11.0 — under the 24 dense-case minimum (<g> wrapper measured from its rect child (rect w/h attrs)) (s116-D1: marks carry the 24 floor, not the 44 target); DATA MARK `g.dv-marker` — 11.0x11.0 — under the 24 dense-case minimum (<g> wrapper measured from its rect child (rect w/h attrs)) (s116-D1: marks carry the 24 floor, not the 44 target); DATA MARK `g.dv-marker` — 11.0x11.0 — under the 24 dense-case minimum (<g> wrapper measured from its rect child (rect w/h attrs)) (s116-D1: marks carry the 24 floor, not the 44 target); DATA MARK `g.dv-marker` — 11.0x11.0 — under the 24 dense-case minimum (<g> wrapper measured from its rect child (rect w/h attrs)) (s116-D1: marks carry the 24 floor, not the 44 target); DATA MARK `g.dv-marker` — 11.0x11.0 — under the 24 dense-case minimum (<g> wrapper measured from its rect child (rect w/h attrs)) (s116-D1: marks carry the 24 floor, not the 44 target); DATA MARK `g.dv-marker` — 11.0x11.0 — under the 24 dense-case minimum (<g> wrapper measured from its rect child (rect w/h attrs)) (s116-D1: marks carry the 24 floor, not the 44 target); DATA MARK `g.dv-marker` — 11.0x11.0 — under the 24 dense-case minimum (<g> wrapper measured from its rect child (rect w/h attrs)) (s116-D1: marks carry the 24 floor, not the 44 target); DATA MARK `g.dv-marker` — 11.0x11.0 — under the 24 dense-case minimum (<g> wrapper measured from its rect child (rect w/h attrs)) (s116-D1: marks carry the 24 floor, not the 44 target); DATA MARK `g.dv-marker` — 11.0x11.0 — under the 24 dense-case minimum (<g> wrapper measured from its rect child (rect w/h attrs)) (s116-D1: marks carry the 24 floor, not the 44 target); DATA MARK `g.dv-marker` — 11.0x11.0 — under the 24 dense-case minimum (<g> wrapper measured from its rect child (rect w/h attrs)) (s116-D1: marks carry the 24 floor, not the 44 target); DATA MARK `g.dv-marker` — 11.0x11.0 — under the 24 dense-case minimum (<g> wrapper measured from its rect child (rect w/h attrs)) (s116-D1: marks carry the 24 floor, not the 44 target); DATA MARK `g.dv-marker` — 11.0x11.0 — under the 24 dense-case minimum (<g> wrapper measured from its rect child (rect w/h attrs)) (s116-D1: marks carry the 24 floor, not the 44 target); DATA MARK `rect.dv-series` — 20.0x64.8 — under the 24 dense-case minimum (rect w/h attrs) (s116-D1: marks carry the 24 floor, not the 44 target); DATA MARK `rect.dv-series` — 20.0x118.8 — under the 24 dense-case minimum (rect w/h attrs) (s116-D1: marks carry the 24 floor, not the 44 target); DATA MARK `rect.dv-series` — 20.0x95.0 — under the 24 dense-case minimum (rect w/h attrs) (s116-D1: marks carry the 24 floor, not the 44 target); DATA MARK `rect.dv-series` — 20.0x108.0 — under the 24 dense-case minimum (rect w/h attrs) (s116-D1: marks carry the 24 floor, not the 44 target); DATA MARK `rect.dv-series` — 20.0x146.9 — under the 24 dense-case minimum (rect w/h attrs) (s116-D1: marks carry the 24 floor, not the 44 target); DATA MARK `rect.dv-series` — 20.0x177.1 — under the 24 dense-case minimum (rect w/h attrs) (s116-D1: marks carry the 24 floor, not the 44 target); DATA MARK `rect.dv-series` — 20.0x38.9 — under the 24 dense-case minimum (rect w/h attrs) (s116-D1: marks carry the 24 floor, not the 44 target); DATA MARK `rect.dv-series` — 20.0x51.8 — under the 24 dense-case minimum (rect w/h attrs) (s116-D1: marks carry the 24 floor, not the 44 target); DATA MARK `rect.dv-series` — 20.0x30.2 — under the 24 dense-case minimum (rect w/h attrs) (s116-D1: marks carry the 24 floor, not the 44 target); DATA MARK `rect.dv-series` — 20.0x86.4 — under the 24 dense-case minimum (rect w/h attrs) (s116-D1: marks carry the 24 floor, not the 44 target); DATA MARK `rect.dv-series` — 20.0x112.3 — under the 24 dense-case minimum (rect w/h attrs) (s116-D1: marks carry the 24 floor, not the 44 target); DATA MARK `rect.dv-series` — 20.0x99.4 — under the 24 dense-case minimum (rect w/h attrs) (s116-D1: marks carry the 24 floor, not the 44 target); DATA MARK `rect.dv-series` — 20.0x198.7 — under the 24 dense-case minimum (rect w/h attrs) (s116-D1: marks carry the 24 floor, not the 44 target); DATA MARK `rect.dv-series` — 20.0x151.2 — under the 24 dense-case minimum (rect w/h attrs) (s116-D1: marks carry the 24 floor, not the 44 target); DATA MARK `rect.dv-series` — 20.0x129.6 — under the 24 dense-case minimum (rect w/h attrs) (s116-D1: marks carry the 24 floor, not the 44 target); DATA MARK `rect.dv-series` — 20.0x47.5 — under the 24 dense-case minimum (rect w/h attrs) (s116-D1: marks carry the 24 floor, not the 44 target); DATA MARK `rect.dv-series` — 20.0x99.4 — under the 24 dense-case minimum (rect w/h attrs) (s116-D1: marks carry the 24 floor, not the 44 target); DATA MARK `rect.dv-series` — 20.0x82.1 — under the 24 dense-case minimum (rect w/h attrs) (s116-D1: marks carry the 24 floor, not the 44 target))
2026-09-28T09:42:21.1204021Z ## nio-dash-console-v2.canon.html
2026-09-28T09:42:21.1205638Z - receipt: UNPROVEN:NO-RECEIPT — this page carries no #provenance-receipt, so nothing about its provenance was measured. Mint one with `python3 knowledge/gen_provenance_receipt.py --mint <path>`; run with --receipt-strict to make this block.
2026-09-28T09:42:21.1207062Z - compose: ✅
2026-09-28T09:42:21.1207365Z - composition: n/a — no .c-bento on this page
2026-09-28T09:42:21.1207733Z - icon-source: ✅ all paths library-matched
2026-09-28T09:42:21.1272676Z - a11y: ✅  (warn: DATA MARK `rect.dv-series` — 14.0x97.2 — under the 24 dense-case minimum (rect w/h attrs) (s116-D1: marks carry the 24 floor, not the 44 target); DATA MARK `rect.dv-series` — 14.0x64.8 — under the 24 dense-case minimum (rect w/h attrs) (s116-D1: marks carry the 24 floor, not the 44 target); DATA MARK `rect.dv-series` — 14.0x133.9 — under the 24 dense-case minimum (rect w/h attrs) (s116-D1: marks carry the 24 floor, not the 44 target); DATA MARK `rect.dv-series` — 14.0x216.0 — under the 24 dense-case minimum (rect w/h attrs) (s116-D1: marks carry the 24 floor, not the 44 target); DATA MARK `rect.dv-series` — 14.0x38.9 — under the 24 dense-case minimum (rect w/h attrs) (s116-D1: marks carry the 24 floor, not the 44 target); DATA MARK `rect.dv-series` — 14.0x47.5 — under the 24 dense-case minimum (rect w/h attrs) (s116-D1: marks carry the 24 floor, not the 44 target); DATA MARK `rect.dv-series` — 14.0x118.8 — under the 24 dense-case minimum (rect w/h attrs) (s116-D1: marks carry the 24 floor, not the 44 target); DATA MARK `rect.dv-series` — 14.0x129.6 — under the 24 dense-case minimum (rect w/h attrs) (s116-D1: marks carry the 24 floor, not the 44 target); DATA MARK `rect.dv-series` — 14.0x183.6 — under the 24 dense-case minimum (rect w/h attrs) (s116-D1: marks carry the 24 floor, not the 44 target); DATA MARK `rect.dv-series` — 14.0x86.4 — under the 24 dense-case minimum (rect w/h attrs) (s116-D1: marks carry the 24 floor, not the 44 target); DATA MARK `rect.dv-series` — 14.0x90.7 — under the 24 dense-case minimum (rect w/h attrs) (s116-D1: marks carry the 24 floor, not the 44 target); DATA MARK `rect.dv-series` — 14.0x64.8 — under the 24 dense-case minimum (rect w/h attrs) (s116-D1: marks carry the 24 floor, not the 44 target); DATA MARK `rect.dv-series` — 14.0x125.3 — under the 24 dense-case minimum (rect w/h attrs) (s116-D1: marks carry the 24 floor, not the 44 target); DATA MARK `rect.dv-series` — 14.0x99.4 — under the 24 dense-case minimum (rect w/h attrs) (s116-D1: marks carry the 24 floor, not the 44 target); DATA MARK `rect.dv-series` — 14.0x108.0 — under the 24 dense-case minimum (rect w/h attrs) (s116-D1: marks carry the 24 floor, not the 44 target); DATA MARK `rect.dv-series` — 14.0x129.6 — under the 24 dense-case minimum (rect w/h attrs) (s116-D1: marks carry the 24 floor, not the 44 target); DATA MARK `rect.dv-series` — 14.0x205.2 — under the 24 dense-case minimum (rect w/h attrs) (s116-D1: marks carry the 24 floor, not the 44 target); DATA MARK `rect.dv-series` — 14.0x155.5 — under the 24 dense-case minimum (rect w/h attrs) (s116-D1: marks carry the 24 floor, not the 44 target); DATA MARK `rect.dv-series` — 14.0x86.4 — under the 24 dense-case minimum (rect w/h attrs) (s116-D1: marks carry the 24 floor, not the 44 target); DATA MARK `rect.dv-series` — 14.0x140.4 — under the 24 dense-case minimum (rect w/h attrs) (s116-D1: marks carry the 24 floor, not the 44 target); DATA MARK `rect.dv-series` — 14.0x64.8 — under the 24 dense-case minimum (rect w/h attrs) (s116-D1: marks carry the 24 floor, not the 44 target); DATA MARK `rect.dv-series` — 14.0x47.5 — under the 24 dense-case minimum (rect w/h attrs) (s116-D1: marks carry the 24 floor, not the 44 target); DATA MARK `rect.dv-series` — 14.0x43.2 — under the 24 dense-case minimum (rect w/h attrs) (s116-D1: marks carry the 24 floor, not the 44 target); DATA MARK `rect.dv-series` — 14.0x54.0 — under the 24 dense-case minimum (rect w/h attrs) (s116-D1: marks carry the 24 floor, not the 44 target); DATA MARK `path.dv-donut-seg.dv-marker.dv-series` — 40.0x11.5 — under the 24 dense-case minimum (arc segment: radial thickness 40.0, mid-radius arc length 11.5) (s116-D1: marks carry the 24 floor, not the 44 target); DATA MARK `path.dv-donut-seg.dv-marker.dv-series` — 40.0x21.2 — under the 24 dense-case minimum (arc segment: radial thickness 40.0, mid-radius arc length 21.2) (s116-D1: marks carry the 24 floor, not the 44 target); DATA MARK `g.dv-marker` — 11.0x11.0 — under the 24 dense-case minimum (<g> wrapper measured from its circle child (circle diameter 2r)) (s116-D1: marks carry the 24 floor, not the 44 target); DATA MARK `g.dv-marker` — 11.0x11.0 — under the 24 dense-case minimum (<g> wrapper measured from its circle child (circle diameter 2r)) (s116-D1: marks carry the 24 floor, not the 44 target); DATA MARK `g.dv-marker` — 11.0x11.0 — under the 24 dense-case minimum (<g> wrapper measured from its circle child (circle diameter 2r)) (s116-D1: marks carry the 24 floor, not the 44 target); DATA MARK `g.dv-marker` — 11.0x11.0 — under the 24 dense-case minimum (<g> wrapper measured from its circle child (circle diameter 2r)) (s116-D1: marks carry the 24 floor, not the 44 target); DATA MARK `g.dv-marker` — 11.0x11.0 — under the 24 dense-case minimum (<g> wrapper measured from its circle child (circle diameter 2r)) (s116-D1: marks carry the 24 floor, not the 44 target); DATA MARK `g.dv-marker` — 11.0x11.0 — under the 24 dense-case minimum (<g> wrapper measured from its circle child (circle diameter 2r)) (s116-D1: marks carry the 24 floor, not the 44 target); DATA MARK `g.dv-marker` — 11.0x11.0 — under the 24 dense-case minimum (<g> wrapper measured from its circle child (circle diameter 2r)) (s116-D1: marks carry the 24 floor, not the 44 target); DATA MARK `g.dv-marker` — 11.0x11.0 — under the 24 dense-case minimum (<g> wrapper measured from its circle child (circle diameter 2r)) (s116-D1: marks carry the 24 floor, not the 44 target); DATA MARK `g.dv-marker` — 11.0x11.0 — under the 24 dense-case minimum (<g> wrapper measured from its circle child (circle diameter 2r)) (s116-D1: marks carry the 24 floor, not the 44 target); DATA MARK `g.dv-marker` — 11.0x11.0 — under the 24 dense-case minimum (<g> wrapper measured from its circle child (circle diameter 2r)) (s116-D1: marks carry the 24 floor, not the 44 target); DATA MARK `g.dv-marker` — 11.0x11.0 — under the 24 dense-case minimum (<g> wrapper measured from its circle child (circle diameter 2r)) (s116-D1: marks carry the 24 floor, not the 44 target); DATA MARK `g.dv-marker` — 11.0x11.0 — under the 24 dense-case minimum (<g> wrapper measured from its circle child (circle diameter 2r)) (s116-D1: marks carry the 24 floor, not the 44 target); DATA MARK `g.dv-marker` — 11.0x11.0 — under the 24 dense-case minimum (<g> wrapper measured from its circle child (circle diameter 2r)) (s116-D1: marks carry the 24 floor, not the 44 target); DATA MARK `g.dv-marker` — 11.0x11.0 — under the 24 dense-case minimum (<g> wrapper measured from its circle child (circle diameter 2r)) (s116-D1: marks carry the 24 floor, not the 44 target); DATA MARK `g.dv-marker` — 11.0x11.0 — under the 24 dense-case minimum (<g> wrapper measured from its circle child (circle diameter 2r)) (s116-D1: marks carry the 24 floor, not the 44 target); DATA MARK `g.dv-marker` — 11.0x11.0 — under the 24 dense-case minimum (<g> wrapper measured from its circle child (circle diameter 2r)) (s116-D1: marks carry the 24 floor, not the 44 target); DATA MARK `g.dv-marker` — 11.0x11.0 — under the 24 dense-case minimum (<g> wrapper measured from its circle child (circle diameter 2r)) (s116-D1: marks carry the 24 floor, not the 44 target); DATA MARK `g.dv-marker` — 11.0x11.0 — under the 24 dense-case minimum (<g> wrapper measured from its circle child (circle diameter 2r)) (s116-D1: marks carry the 24 floor, not the 44 target); DATA MARK `g.dv-marker` — 11.0x11.0 — under the 24 dense-case minimum (<g> wrapper measured from its circle child (circle diameter 2r)) (s116-D1: marks carry the 24 floor, not the 44 target); DATA MARK `g.dv-marker` — 11.0x11.0 — under the 24 dense-case minimum (<g> wrapper measured from its circle child (circle diameter 2r)) (s116-D1: marks carry the 24 floor, not the 44 target); DATA MARK `g.dv-marker` — 11.0x11.0 — under the 24 dense-case minimum (<g> wrapper measured from its circle child (circle diameter 2r)) (s116-D1: marks carry the 24 floor, not the 44 target); DATA MARK `g.dv-marker` — 11.0x11.0 — under the 24 dense-case minimum (<g> wrapper measured from its circle child (circle diameter 2r)) (s116-D1: marks carry the 24 floor, not the 44 target); DATA MARK `g.dv-marker` — 11.0x11.0 — under the 24 dense-case minimum (<g> wrapper measured from its circle child (circle diameter 2r)) (s116-D1: marks carry the 24 floor, not the 44 target); DATA MARK `g.dv-marker` — 11.0x11.0 — under the 24 dense-case minimum (<g> wrapper measured from its circle child (circle diameter 2r)) (s116-D1: marks carry the 24 floor, not the 44 target); DATA MARK `g.dv-marker` — 11.0x11.0 — under the 24 dense-case minimum (<g> wrapper measured from its rect child (rect w/h attrs)) (s116-D1: marks carry the 24 floor, not the 44 target); DATA MARK `g.dv-marker` — 11.0x11.0 — under the 24 dense-case minimum (<g> wrapper measured from its rect child (rect w/h attrs)) (s116-D1: marks carry the 24 floor, not the 44 target); DATA MARK `g.dv-marker` — 11.0x11.0 — under the 24 dense-case minimum (<g> wrapper measured from its rect child (rect w/h attrs)) (s116-D1: marks carry the 24 floor, not the 44 target); DATA MARK `g.dv-marker` — 11.0x11.0 — under the 24 dense-case minimum (<g> wrapper measured from its rect child (rect w/h attrs)) (s116-D1: marks carry the 24 floor, not the 44 target); DATA MARK `g.dv-marker` — 11.0x11.0 — under the 24 dense-case minimum (<g> wrapper measured from its rect child (rect w/h attrs)) (s116-D1: marks carry the 24 floor, not the 44 target); DATA MARK `g.dv-marker` — 11.0x11.0 — under the 24 dense-case minimum (<g> wrapper measured from its rect child (rect w/h attrs)) (s116-D1: marks carry the 24 floor, not the 44 target); DATA MARK `g.dv-marker` — 11.0x11.0 — under the 24 dense-case minimum (<g> wrapper measured from its rect child (rect w/h attrs)) (s116-D1: marks carry the 24 floor, not the 44 target); DATA MARK `g.dv-marker` — 11.0x11.0 — under the 24 dense-case minimum (<g> wrapper measured from its rect child (rect w/h attrs)) (s116-D1: marks carry the 24 floor, not the 44 target); DATA MARK `g.dv-marker` — 11.0x11.0 — under the 24 dense-case minimum (<g> wrapper measured from its rect child (rect w/h attrs)) (s116-D1: marks carry the 24 floor, not the 44 target); DATA MARK `g.dv-marker` — 11.0x11.0 — under the 24 dense-case minimum (<g> wrapper measured from its rect child (rect w/h attrs)) (s116-D1: marks carry the 24 floor, not the 44 target); DATA MARK `g.dv-marker` — 11.0x11.0 — under the 24 dense-case minimum (<g> wrapper measured from its rect child (rect w/h attrs)) (s116-D1: marks carry the 24 floor, not the 44 target); DATA MARK `g.dv-marker` — 11.0x11.0 — under the 24 dense-case minimum (<g> wrapper measured from its rect child (rect w/h attrs)) (s116-D1: marks carry the 24 floor, not the 44 target); DATA MARK `g.dv-marker` — 13.0x13.0 — under the 24 dense-case minimum (<g> wrapper measured from its polygon child (polygon bbox)) (s116-D1: marks carry the 24 floor, not the 44 target); DATA MARK `g.dv-marker` — 13.0x13.0 — under the 24 dense-case minimum (<g> wrapper measured from its polygon child (polygon bbox)) (s116-D1: marks carry the 24 floor, not the 44 target); DATA MARK `g.dv-marker` — 13.0x13.0 — under the 24 dense-case minimum (<g> wrapper measured from its polygon child (polygon bbox)) (s116-D1: marks carry the 24 floor, not the 44 target); DATA MARK `g.dv-marker` — 13.0x13.0 — under the 24 dense-case minimum (<g> wrapper measured from its polygon child (polygon bbox)) (s116-D1: marks carry the 24 floor, not the 44 target); DATA MARK `g.dv-marker` — 13.0x13.0 — under the 24 dense-case minimum (<g> wrapper measured from its polygon child (polygon bbox)) (s116-D1: marks carry the 24 floor, not the 44 target); DATA MARK `g.dv-marker` — 13.0x13.0 — under the 24 dense-case minimum (<g> wrapper measured from its polygon child (polygon bbox)) (s116-D1: marks carry the 24 floor, not the 44 target); DATA MARK `g.dv-marker` — 13.0x13.0 — under the 24 dense-case minimum (<g> wrapper measured from its polygon child (polygon bbox)) (s116-D1: marks carry the 24 floor, not the 44 target); DATA MARK `g.dv-marker` — 13.0x13.0 — under the 24 dense-case minimum (<g> wrapper measured from its polygon child (polygon bbox)) (s116-D1: marks carry the 24 floor, not the 44 target); DATA MARK `g.dv-marker` — 13.0x13.0 — under the 24 dense-case minimum (<g> wrapper measured from its polygon child (polygon bbox)) (s116-D1: marks carry the 24 floor, not the 44 target); DATA MARK `g.dv-marker` — 13.0x13.0 — under the 24 dense-case minimum (<g> wrapper measured from its polygon child (polygon bbox)) (s116-D1: marks carry the 24 floor, not the 44 target); DATA MARK `g.dv-marker` — 13.0x13.0 — under the 24 dense-case minimum (<g> wrapper measured from its polygon child (polygon bbox)) (s116-D1: marks carry the 24 floor, not the 44 target); DATA MARK `g.dv-marker` — 13.0x13.0 — under the 24 dense-case minimum (<g> wrapper measured from its polygon child (polygon bbox)) (s116-D1: marks carry the 24 floor, not the 44 target); DATA MARK `g.dv-marker` — 11.0x11.0 — under the 24 dense-case minimum (<g> wrapper measured from its rect child (rect w/h attrs)) (s116-D1: marks carry the 24 floor, not the 44 target); DATA MARK `g.dv-marker` — 11.0x11.0 — under the 24 dense-case minimum (<g> wrapper measured from its rect child (rect w/h attrs)) (s116-D1: marks carry the 24 floor, not the 44 target); DATA MARK `g.dv-marker` — 11.0x11.0 — under the 24 dense-case minimum (<g> wrapper measured from its rect child (rect w/h attrs)) (s116-D1: marks carry the 24 floor, not the 44 target); DATA MARK `g.dv-marker` — 11.0x11.0 — under the 24 dense-case minimum (<g> wrapper measured from its rect child (rect w/h attrs)) (s116-D1: marks carry the 24 floor, not the 44 target); DATA MARK `g.dv-marker` — 11.0x11.0 — under the 24 dense-case minimum (<g> wrapper measured from its rect child (rect w/h attrs)) (s116-D1: marks carry the 24 floor, not the 44 target); DATA MARK `g.dv-marker` — 11.0x11.0 — under the 24 dense-case minimum (<g> wrapper measured from its rect child (rect w/h attrs)) (s116-D1: marks carry the 24 floor, not the 44 target); DATA MARK `g.dv-marker` — 11.0x11.0 — under the 24 dense-case minimum (<g> wrapper measured from its rect child (rect w/h attrs)) (s116-D1: marks carry the 24 floor, not the 44 target); DATA MARK `g.dv-marker` — 11.0x11.0 — under the 24 dense-case minimum (<g> wrapper measured from its rect child (rect w/h attrs)) (s116-D1: marks carry the 24 floor, not the 44 target); DATA MARK `g.dv-marker` — 11.0x11.0 — under the 24 dense-case minimum (<g> wrapper measured from its rect child (rect w/h attrs)) (s116-D1: marks carry the 24 floor, not the 44 target); DATA MARK `g.dv-marker` — 11.0x11.0 — under the 24 dense-case minimum (<g> wrapper measured from its rect child (rect w/h attrs)) (s116-D1: marks carry the 24 floor, not the 44 target); DATA MARK `g.dv-marker` — 11.0x11.0 — under the 24 dense-case minimum (<g> wrapper measured from its rect child (rect w/h attrs)) (s116-D1: marks carry the 24 floor, not the 44 target); DATA MARK `g.dv-marker` — 11.0x11.0 — under the 24 dense-case minimum (<g> wrapper measured from its rect child (rect w/h attrs)) (s116-D1: marks carry the 24 floor, not the 44 target); DATA MARK `rect.dv-series` — 20.0x64.8 — under the 24 dense-case minimum (rect w/h attrs) (s116-D1: marks carry the 24 floor, not the 44 target); DATA MARK `rect.dv-series` — 20.0x118.8 — under the 24 dense-case minimum (rect w/h attrs) (s116-D1: marks carry the 24 floor, not the 44 target); DATA MARK `rect.dv-series` — 20.0x95.0 — under the 24 dense-case minimum (rect w/h attrs) (s116-D1: marks carry the 24 floor, not the 44 target); DATA MARK `rect.dv-series` — 20.0x108.0 — under the 24 dense-case minimum (rect w/h attrs) (s116-D1: marks carry the 24 floor, not the 44 target); DATA MARK `rect.dv-series` — 20.0x146.9 — under the 24 dense-case minimum (rect w/h attrs) (s116-D1: marks carry the 24 floor, not the 44 target); DATA MARK `rect.dv-series` — 20.0x177.1 — under the 24 dense-case minimum (rect w/h attrs) (s116-D1: marks carry the 24 floor, not the 44 target); DATA MARK `rect.dv-series` — 20.0x38.9 — under the 24 dense-case minimum (rect w/h attrs) (s116-D1: marks carry the 24 floor, not the 44 target); DATA MARK `rect.dv-series` — 20.0x51.8 — under the 24 dense-case minimum (rect w/h attrs) (s116-D1: marks carry the 24 floor, not the 44 target); DATA MARK `rect.dv-series` — 20.0x30.2 — under the 24 dense-case minimum (rect w/h attrs) (s116-D1: marks carry the 24 floor, not the 44 target); DATA MARK `rect.dv-series` — 20.0x86.4 — under the 24 dense-case minimum (rect w/h attrs) (s116-D1: marks carry the 24 floor, not the 44 target); DATA MARK `rect.dv-series` — 20.0x112.3 — under the 24 dense-case minimum (rect w/h attrs) (s116-D1: marks carry the 24 floor, not the 44 target); DATA MARK `rect.dv-series` — 20.0x99.4 — under the 24 dense-case minimum (rect w/h attrs) (s116-D1: marks carry the 24 floor, not the 44 target); DATA MARK `rect.dv-series` — 20.0x198.7 — under the 24 dense-case minimum (rect w/h attrs) (s116-D1: marks carry the 24 floor, not the 44 target); DATA MARK `rect.dv-series` — 20.0x151.2 — under the 24 dense-case minimum (rect w/h attrs) (s116-D1: marks carry the 24 floor, not the 44 target); DATA MARK `rect.dv-series` — 20.0x129.6 — under the 24 dense-case minimum (rect w/h attrs) (s116-D1: marks carry the 24 floor, not the 44 target); DATA MARK `rect.dv-series` — 20.0x47.5 — under the 24 dense-case minimum (rect w/h attrs) (s116-D1: marks carry the 24 floor, not the 44 target); DATA MARK `rect.dv-series` — 20.0x99.4 — under the 24 dense-case minimum (rect w/h attrs) (s116-D1: marks carry the 24 floor, not the 44 target); DATA MARK `rect.dv-series` — 20.0x82.1 — under the 24 dense-case minimum (rect w/h attrs) (s116-D1: marks carry the 24 floor, not the 44 target))
2026-09-28T09:42:21.1327717Z ## payments-journey.canon.html
2026-09-28T09:42:21.1328903Z - receipt: UNPROVEN:NO-RECEIPT — this page carries no #provenance-receipt, so nothing about its provenance was measured. Mint one with `python3 knowledge/gen_provenance_receipt.py --mint <path>`; run with --receipt-strict to make this block.
2026-09-28T09:42:21.1329857Z - compose: ✅
2026-09-28T09:42:21.1330130Z - composition: n/a — no .c-bento on this page
2026-09-28T09:42:21.1330481Z - icon-source: ✅ all paths library-matched
2026-09-28T09:42:21.1330766Z - a11y: ✅
2026-09-28T09:42:21.1330980Z ## sme-payments-desktop.canon.html
2026-09-28T09:42:21.1332049Z - receipt: UNPROVEN:NO-RECEIPT — this page carries no #provenance-receipt, so nothing about its provenance was measured. Mint one with `python3 knowledge/gen_provenance_receipt.py --mint <path>`; run with --receipt-strict to make this block.
2026-09-28T09:42:21.1333192Z - compose: ✅
2026-09-28T09:42:21.1333578Z - composition: n/a — no .c-bento on this page
2026-09-28T09:42:21.1333923Z - icon-source: ✅ all paths library-matched
2026-09-28T09:42:21.1334197Z - a11y: ✅
2026-09-28T09:42:21.1334396Z ## sme-payments-swiss.canon.html
2026-09-28T09:42:21.1335455Z - receipt: UNPROVEN:NO-RECEIPT — this page carries no #provenance-receipt, so nothing about its provenance was measured. Mint one with `python3 knowledge/gen_provenance_receipt.py --mint <path>`; run with --receipt-strict to make this block.
2026-09-28T09:42:21.1336377Z - compose: ✅
2026-09-28T09:42:21.1336631Z - composition: n/a — no .c-bento on this page
2026-09-28T09:42:21.1337302Z - icon-source: ✅ all paths library-matched
2026-09-28T09:42:21.1337579Z - a11y: ✅
2026-09-28T09:42:21.1337773Z ## sme-payments.canon.html
2026-09-28T09:42:21.1338808Z - receipt: UNPROVEN:NO-RECEIPT — this page carries no #provenance-receipt, so nothing about its provenance was measured. Mint one with `python3 knowledge/gen_provenance_receipt.py --mint <path>`; run with --receipt-strict to make this block.
2026-09-28T09:42:21.1339761Z - compose: ✅
2026-09-28T09:42:21.1340026Z - composition: n/a — no .c-bento on this page
2026-09-28T09:42:21.1340363Z - icon-source: ✅ all paths library-matched
2026-09-28T09:42:21.1340631Z - a11y: ✅
2026-09-28T09:42:21.1340761Z 
2026-09-28T09:42:21.1340875Z RESULT: PASS ✅
2026-09-28T09:42:21.1555496Z COULD-NOT-ASK: _validate_state_contrast.py — the 'playwright' module is not installed (ModuleNotFoundError("No module named 'playwright'")) — this gate cannot be proven without it; run `pip install playwright && playwright install chromium` ⇒ THIS IS NOT A SKIP: these arms (including the s152-D1 mutation control) run BLOCKING in the `render` job of .github/workflows/gates.yml, which installs chromium — that job is where this gate's proof of record lives. Nothing here is claimed green; the question was unaskable on this box.
2026-09-28T09:42:21.1936020Z COULD-NOT-ASK: _validate_state_contrast.py — the 'playwright' module is not installed (ModuleNotFoundError("No module named 'playwright'")) — this gate cannot be proven without it; run `pip install playwright && playwright install chromium` ⇒ THIS IS NOT A SKIP: these arms (including the s152-D1 mutation control) run BLOCKING in the `render` job of .github/workflows/gates.yml, which installs chromium — that job is where this gate's proof of record lives. Nothing here is claimed green; the question was unaskable on this box.
2026-09-28T09:42:21.1974786Z 
2026-09-28T09:42:21.1975685Z === [1/154] compliance knowledge graph — compliance/_build_compliance_kg.py ===
2026-09-28T09:42:21.1976058Z 
2026-09-28T09:42:21.1976369Z === [2/154] token blast-radius + graph report — tokens/_build_blast_radius.py ===
2026-09-28T09:42:21.1976994Z 
2026-09-28T09:42:21.1977542Z === [3/154] token blast-radius + graph report — determinism/staleness check (#79 P6) — tokens/_build_blast_radius.py ===
2026-09-28T09:42:21.1978036Z 
2026-09-28T09:42:21.1978399Z === [4/154] token blast-radius + graph report selftest (#79 P6) — tokens/_build_blast_radius.py ===
2026-09-28T09:42:21.1978775Z 
2026-09-28T09:42:21.1979035Z === [5/154] guideline rules index (gate) — guidelines/gen_rules_index.py ===
2026-09-28T09:42:21.1979325Z 
2026-09-28T09:42:21.1979531Z === [6/154] runbook index (generated) — gen_runbook_index.py ===
2026-09-28T09:42:21.1979781Z 
2026-09-28T09:42:21.1980102Z === [7/154] standing-instructions reachability gate — _validate_standing_instructions.py ===
2026-09-28T09:42:21.1980460Z 
2026-09-28T09:42:21.1980848Z === [8/154] help-gate — no entry point may write before it reads argv (#158 class gate) — _validate_help_gate.py ===
2026-09-28T09:42:21.1981250Z 
2026-09-28T09:42:21.1981571Z === [9/154] help-gate selftest — 5 mutation bites (#158 class gate) — _validate_help_gate.py ===
2026-09-28T09:42:21.1981934Z 
2026-09-28T09:42:21.1982225Z === [10/154] assertion veracity gate — claims that can rot — _validate_assertions.py ===
2026-09-28T09:42:21.1982899Z 
2026-09-28T09:42:21.1983471Z ⊘ step 'assertion veracity gate — claims that can rot' COULD-NOT-ASK (exit 77) — declared refusal, build continues
2026-09-28T09:42:21.1983900Z 
2026-09-28T09:42:21.1984337Z === [11/154] assertion veracity selftest — verbs bite + registry well-formed (#77 periphery) — _validate_assertions.py ===
2026-09-28T09:42:21.1984785Z 
2026-09-28T09:42:21.1985188Z === [12/154] capture/provenance gate — status+provenance on new notes+dossiers (Memento §4.1) — _capture_gate.py ===
2026-09-28T09:42:21.1985612Z 
2026-09-28T09:42:21.1985867Z === [13/154] capture/provenance selftest (Memento §4.1) — _capture_gate.py ===
2026-09-28T09:42:21.1986164Z 
2026-09-28T09:42:21.1986574Z ⊘ step 'capture/provenance selftest (Memento §4.1)' COULD-NOT-ASK (exit 77) — declared refusal, build continues
2026-09-28T09:42:21.1987249Z 
2026-09-28T09:42:21.1987705Z === [14/154] gauge-tokens selftest -- counting path + cache + degraded-measurement honesty (#79 P5) — _gauge_tokens.py ===
2026-09-28T09:42:21.1988165Z 
2026-09-28T09:42:21.1988400Z === [15/154] roll-state measurer selftest (#77 T1) — _roll_state.py ===
2026-09-28T09:42:21.1988682Z 
2026-09-28T09:42:21.1989038Z === [16/154] commit-seam harness — _git_commit.sh fixture-repo arms (#78-D1 P1) — _test_git_commit.py ===
2026-09-28T09:42:21.1989415Z 
2026-09-28T09:42:21.1989675Z === [17/154] GM/LS mover selftest — hardened move mechanics (M5) — _gm_move.py ===
2026-09-28T09:42:21.1989975Z 
2026-09-28T09:42:21.1990261Z === [18/154] section-usage instrumentation selftest (#23) — _gm_usage.py ===
2026-09-28T09:42:21.1990542Z 
2026-09-28T09:42:21.1990817Z === [19/154] lane records — regenerate LS §🛤 view (O1′ #24) — _gen_lanes.py ===
2026-09-28T09:42:21.1991106Z 
2026-09-28T09:42:21.1991332Z === [20/154] lane records determinism check (O1′ #24) — _gen_lanes.py ===
2026-09-28T09:42:21.1991601Z 
2026-09-28T09:42:21.1991932Z === [21/154] lane records selftest — schema refusals + routing contract (O1′ #24) — _gen_lanes.py ===
2026-09-28T09:42:21.1992314Z 
2026-09-28T09:42:21.1992521Z === [22/154] cross-reference index — _build_xref_index.py ===
2026-09-28T09:42:21.1992752Z 
2026-09-28T09:42:21.1993025Z === [23/154] sutherland acceptance fixtures — _build_sutherland_fixtures.py ===
2026-09-28T09:42:21.1993316Z 
2026-09-28T09:42:21.1993578Z === [24/154] states-completeness probe (advisory) — _build_states_probe.py ===
2026-09-28T09:42:21.1993868Z 
2026-09-28T09:42:21.1994399Z === [25/154] worklist store gate — open items state what would close them; optional priority_override is Dave's (#88 store, wired #165) — _state.py ===
2026-09-28T09:42:21.1994924Z 
2026-09-28T09:42:21.1995416Z === [26/154] worklist store selftest — schema presence gates incl. priority_override / deadline / effort (#165, extended #166) — _state.py ===
2026-09-28T09:42:21.1995909Z 
2026-09-28T09:42:21.1996277Z === [27/154] decision-graph — typed edges + conflict gate (advisory, ADR-0012) — _build_decision_graph.py ===
2026-09-28T09:42:21.1997255Z 
2026-09-28T09:42:21.1998151Z === [28/154] decision-graph selftest — conflict gate bites on unresolved/open/orphan (ADR-0012, #77 periphery) — _build_decision_graph.py ===
2026-09-28T09:42:21.1999052Z 
2026-09-28T09:42:21.1999745Z === [29/154] spine-writer selftest — splice invariants + no-half-writes (#78-D2) — _build_live_state.py ===
2026-09-28T09:42:21.2000492Z 
2026-09-28T09:42:21.2001219Z === [30/154] _LIVE-STATE staleness gate + lifecycle-block generation (advisory, ADR-0007) — _build_live_state.py ===
2026-09-28T09:42:21.2001933Z 
2026-09-28T09:42:21.2002411Z === [31/154] advisory signals — prose rules (advisory) — _validate_advisory.py ===
2026-09-28T09:42:21.2002930Z 
2026-09-28T09:42:21.2003248Z === [32/154] review queue — _build_review_queue.py ===
2026-09-28T09:42:21.2003601Z 
2026-09-28T09:42:21.2003971Z === [33/154] dark-mode coverage audit — _build_dark_mode_audit.py ===
2026-09-28T09:42:21.2004404Z 
2026-09-28T09:42:21.2004872Z === [34/154] text/icon contrast audit — _build_surface_contrast_audit.py ===
2026-09-28T09:42:21.2005418Z 
2026-09-28T09:42:21.2005731Z === [35/154] indicator/accent contrast audit — _build_indicator_contrast_audit.py ===
2026-09-28T09:42:21.2006056Z 
2026-09-28T09:42:21.2006584Z === [36/154] icon contrast delta — brand 4.5 vs 3 (advisory) — _build_icon_contrast_delta.py ===
2026-09-28T09:42:21.2007261Z 
2026-09-28T09:42:21.2007520Z === [37/154] dark-surface flatness gate — _validate_dark_surfaces.py ===
2026-09-28T09:42:21.2007816Z 
2026-09-28T09:42:21.2008248Z === [38/154] component-partials sync — AUTO-PARTIAL injection + contracts (ADR-0013) — gen_component_partials.py ===
2026-09-28T09:42:21.2008680Z 
2026-09-28T09:42:21.2008962Z === [39/154] component-partials selftest (ADR-0013) — gen_component_partials.py ===
2026-09-28T09:42:21.2009271Z 
2026-09-28T09:42:21.2009604Z === [40/154] token-set distribution sync — AUTO-TOKENS injection (s121-D1) — gen_token_ramp.py ===
2026-09-28T09:42:21.2009960Z 
2026-09-28T09:42:21.2010209Z === [41/154] token-set distribution selftest (s121-D1) — gen_token_ramp.py ===
2026-09-28T09:42:21.2010511Z 
2026-09-28T09:42:21.2010914Z === [42/154] Behaviour contract gate — dv-behaviour size + banned patterns (ADR-0015) — _validate_behaviour.py ===
2026-09-28T09:42:21.2011344Z 
2026-09-28T09:42:21.2011607Z === [43/154] Behaviour contract selftest (ADR-0015) — _validate_behaviour.py ===
2026-09-28T09:42:21.2011917Z 
2026-09-28T09:42:21.2012306Z === [44/154] canon components — regenerate from snippets (ADR-0013 ruling 4) — canon/gen_canon_components.py ===
2026-09-28T09:42:21.2012710Z 
2026-09-28T09:42:21.2013062Z === [45/154] canon components determinism check (ADR-0013 ruling 4) — canon/gen_canon_components.py ===
2026-09-28T09:42:21.2013433Z 
2026-09-28T09:42:21.2013722Z === [46/154] partial re-implementation ratchet (ADR-0013) — _validate_partials.py ===
2026-09-28T09:42:21.2014044Z 
2026-09-28T09:42:21.2014291Z === [47/154] partial-ratchet selftest (ADR-0013) — _validate_partials.py ===
2026-09-28T09:42:21.2014600Z 
2026-09-28T09:42:21.2015014Z === [48/154] token projection sync — snippets/tranches/canon literals (gen_snippet_tokens) — gen_snippet_tokens.py ===
2026-09-28T09:42:21.2015451Z 
2026-09-28T09:42:21.2015637Z === [49/154] snippet gate — _validate_snippets.py ===
2026-09-28T09:42:21.2015844Z 
2026-09-28T09:42:21.2016197Z === [50/154] theme cascade sync — [data-apollo-theme] layer (ADR-0011) — canon/gen_theme_cascade.py ===
2026-09-28T09:42:21.2016567Z 
2026-09-28T09:42:21.2017050Z === [51/154] theme cascade selftest (ADR-0014) — canon/gen_theme_cascade.py ===
2026-09-28T09:42:21.2017378Z 
2026-09-28T09:42:21.2017780Z === [52/154] state-snap gate — opacity states snap to the active theme's ramp (ADR-0014) — _validate_state_snap.py ===
2026-09-28T09:42:21.2018191Z 
2026-09-28T09:42:21.2018422Z === [53/154] state-snap selftest (ADR-0014) — _validate_state_snap.py ===
2026-09-28T09:42:21.2018694Z 
2026-09-28T09:42:21.2019155Z === [54/154] stale-queue gate — §C·1 qprobe claims re-measured vs disk + git (BLOCKING, #198) — _validate_queue_fresh.py ===
2026-09-28T09:42:21.2019607Z 
2026-09-28T09:42:21.2020025Z === [55/154] stale-queue selftest — 13 bites incl. both mutation directions + scope (#196) — _validate_queue_fresh.py ===
2026-09-28T09:42:21.2020459Z 
2026-09-28T09:42:21.2020946Z === [56/154] palette-tier gate — every theme names a palette per family, no divergent hand-carry (s157-D2) — _validate_palette_tier.py ===
2026-09-28T09:42:21.2021430Z 
2026-09-28T09:42:21.2021743Z === [57/154] palette-tier selftest — 10 mutation bites (s157-D2) — _validate_palette_tier.py ===
2026-09-28T09:42:21.2022084Z 
2026-09-28T09:42:21.2022479Z === [58/154] radius gate — no hardcoded border-radius; shape is a theme flex slot (ADR-0010) — _validate_radius.py ===
2026-09-28T09:42:21.2022890Z 
2026-09-28T09:42:21.2023214Z === [59/154] showroom sync — generated component library (RULED 2026-07-21) — gen_showroom.py ===
2026-09-28T09:42:21.2023557Z 
2026-09-28T09:42:21.2023908Z === [60/154] showroom URL-rebase selftest — the srcdoc base-URL trap (2026-07-27) — gen_showroom.py ===
2026-09-28T09:42:21.2024440Z 
2026-09-28T09:42:21.2024811Z === [61/154] dashboard sync — generated progress dashboard (RULED #164, built #165) — gen_dashboard.py ===
2026-09-28T09:42:21.2025306Z 
2026-09-28T09:42:21.2025811Z ⊘ step 'dashboard sync — generated progress dashboard (RULED #164, built #165)' COULD-NOT-ASK (exit 77) — declared refusal, build continues
2026-09-28T09:42:21.2026318Z 
2026-09-28T09:42:21.2026956Z === [62/154] Legacy-colour leakage gate (Mono) — no Legacy-only colour in a Mono surface — _validate_legacy_leak.py ===
2026-09-28T09:42:21.2027390Z 
2026-09-28T09:42:21.2027886Z === [63/154] theme-provenance gate (ADR-0011/R-D19) — no foreign-theme hex in a Mono surface (advisory) — _validate_theme_provenance.py ===
2026-09-28T09:42:21.2028367Z 
2026-09-28T09:42:21.2028624Z === [64/154] token-tier gate (_STANDARDS.md §1) — _validate_token_tiers.py ===
2026-09-28T09:42:21.2028909Z 
2026-09-28T09:42:21.2029084Z === [65/154] icon-source gate — _validate_icons.py ===
2026-09-28T09:42:21.2029316Z 
2026-09-28T09:42:21.2029467Z === [66/154] a11y gate — _validate_a11y.py ===
2026-09-28T09:42:21.2029657Z 
2026-09-28T09:42:21.2029918Z === [67/154] a11y target-measurement selftest (s114-D5) — _validate_a11y.py ===
2026-09-28T09:42:21.2030209Z 
2026-09-28T09:42:21.2030627Z === [68/154] hit-area gate — 44px minimum, rendered geometry (ADVISORY, built #203, wired #209) — _validate_hit_area.py ===
2026-09-28T09:42:21.2031073Z 
2026-09-28T09:42:21.2031607Z ⊘ step 'hit-area gate — 44px minimum, rendered geometry (ADVISORY, built #203, wired #209)' COULD-NOT-ASK (exit 77) — declared refusal, build continues
2026-09-28T09:42:21.2032126Z 
2026-09-28T09:42:21.2032408Z === [69/154] wiring gate — no orphaned validators (#118 seam) — _validate_wiring.py ===
2026-09-28T09:42:21.2032723Z 
2026-09-28T09:42:21.2032941Z === [70/154] wiring gate selftest — 4 bites — _validate_wiring.py ===
2026-09-28T09:42:21.2033200Z 
2026-09-28T09:42:21.2033424Z === [71/154] compose gate (orphan wired #119) — _validate_compose.py ===
2026-09-28T09:42:21.2033702Z 
2026-09-28T09:42:21.2034068Z === [72/154] screen gate — compose+icons+a11y over fitness fixtures (re-wired #120) — _validate_screen.py ===
2026-09-28T09:42:21.2034472Z 
2026-09-28T09:42:21.2034888Z === [73/154] state-contrast gate — driven hover/pressed, light+dark (un-exempted #125) — _validate_state_contrast.py ===
2026-09-28T09:42:21.2035318Z 
2026-09-28T09:42:21.2035828Z ⊘ step 'state-contrast gate — driven hover/pressed, light+dark (un-exempted #125)' COULD-NOT-ASK (exit 77) — declared refusal, build continues
2026-09-28T09:42:21.2036333Z 
2026-09-28T09:42:21.2037263Z === [74/154] state-contrast gate selftest — paint stack, report arithmetic, named args — _validate_state_contrast.py ===
2026-09-28T09:42:21.2037725Z 
2026-09-28T09:42:21.4567765Z ⊘ step 'state-contrast gate selftest — paint stack, report arithmetic, named args' COULD-NOT-ASK (exit 77) — declared refusal, build continuesTYPE RATCHET PASS — declared debt holds at 1089 (0 new). This is DEBT, not a pass of the underlying gate.
2026-09-28T09:42:21.4847439Z selftest OK — ramp from type.css: sizes [12.0, 14.0, 16.0, 20.0, 24.0, 28.0, 32.0, 40.0, 52.0] weights [250, 300, 350, 400, 500, 700]; catches raw decls + off-ramp; exempts chrome/vars/inherit/sentinel block.
2026-09-28T09:42:21.5414863Z coverage gate: 137 meta(s) / 137 snippet(s), 0 failure(s)
2026-09-28T09:42:21.6026549Z   [PASS] _proforma/DataViz-interactive.html  ({'hardcode_leaks': 0, 'real_icons': 0, 'provisional': [], 'refs': '0/0', 'asset_paths': '0/0 real', 'allcaps': 0})
2026-09-28T09:42:21.6028797Z   [PASS] _proforma/Masthead-interactive.html  ({'hardcode_leaks': 0, 'real_icons': 45, 'provisional': ['i-brand-apollo'], 'refs': '14/14', 'asset_paths': '45/45 real', 'allcaps': 0})
2026-09-28T09:42:21.6030588Z   [PASS] _proforma/Tranche-1-interactive.html  ({'hardcode_leaks': 0, 'real_icons': 11, 'provisional': [], 'refs': '10/10', 'asset_paths': '11/11 real', 'allcaps': 0})
2026-09-28T09:42:21.6032213Z   [PASS] _proforma/Tranche-2-interactive.html  ({'hardcode_leaks': 0, 'real_icons': 39, 'provisional': [], 'refs': '11/11', 'asset_paths': '39/39 real', 'allcaps': 0})
2026-09-28T09:42:21.6033969Z   [PASS] _proforma/Tranche-3-interactive.html  ({'hardcode_leaks': 0, 'real_icons': 39, 'provisional': [], 'refs': '3/3', 'asset_paths': '39/39 real', 'allcaps': 0})
2026-09-28T09:42:21.6035297Z   [PASS] _proforma/Tranche-4-interactive.html  ({'hardcode_leaks': 0, 'real_icons': 39, 'provisional': [], 'refs': '7/7', 'asset_paths': '39/39 real', 'allcaps': 0})
2026-09-28T09:42:21.6036612Z   [PASS] _proforma/Tranche-5-interactive.html  ({'hardcode_leaks': 0, 'real_icons': 39, 'provisional': [], 'refs': '14/14', 'asset_paths': '39/39 real', 'allcaps': 0})
2026-09-28T09:42:21.6038074Z   [PASS] _proforma/Tranche-6-interactive.html  ({'hardcode_leaks': 0, 'real_icons': 40, 'provisional': [], 'refs': '7/7', 'asset_paths': '40/40 real', 'allcaps': 0})
2026-09-28T09:42:21.6039389Z   [PASS] _proforma/Tranche-7-interactive.html  ({'hardcode_leaks': 0, 'real_icons': 44, 'provisional': [], 'refs': '14/14', 'asset_paths': '44/44 real', 'allcaps': 0})
2026-09-28T09:42:21.6040715Z   [PASS] _proforma/Tranche-8-interactive.html  ({'hardcode_leaks': 0, 'real_icons': 57, 'provisional': [], 'refs': '23/23', 'asset_paths': '57/57 real', 'allcaps': 0})
2026-09-28T09:42:21.6042031Z   [PASS] _proforma/Tranche-9-interactive.html  ({'hardcode_leaks': 0, 'real_icons': 10, 'provisional': [], 'refs': '6/6', 'asset_paths': '10/10 real', 'allcaps': 0})
2026-09-28T09:42:21.6042755Z 
2026-09-28T09:42:21.6043166Z ✅ pro-forma universal gate passed (11 tranche file(s)).
2026-09-28T09:42:21.6344620Z   [PASS] _proforma/DataViz-interactive.html
2026-09-28T09:42:21.6345492Z   [PASS] _proforma/Masthead-interactive.html
2026-09-28T09:42:21.6346033Z   [PASS] _proforma/Tranche-1-interactive.html
2026-09-28T09:42:21.6346462Z   [PASS] _proforma/Tranche-2-interactive.html
2026-09-28T09:42:21.6347137Z   [PASS] _proforma/Tranche-3-interactive.html
2026-09-28T09:42:21.6347544Z   [PASS] _proforma/Tranche-4-interactive.html
2026-09-28T09:42:21.6347974Z   [PASS] _proforma/Tranche-5-interactive.html
2026-09-28T09:42:21.6348364Z   [PASS] _proforma/Tranche-6-interactive.html
2026-09-28T09:42:21.6348766Z   [PASS] _proforma/Tranche-7-interactive.html
2026-09-28T09:42:21.6349151Z   [PASS] _proforma/Tranche-8-interactive.html
2026-09-28T09:42:21.6349537Z   [PASS] _proforma/Tranche-9-interactive.html
2026-09-28T09:42:21.6349792Z 
2026-09-28T09:42:21.6350174Z ✅ CSS-governed gate passed (11 tranche file(s)).
2026-09-28T09:42:21.6920972Z   [PASS] _proforma/DataViz-interactive.html
2026-09-28T09:42:21.6921773Z   [PASS] _proforma/Masthead-interactive.html
2026-09-28T09:42:21.6922325Z   [PASS] _proforma/Tranche-1-interactive.html
2026-09-28T09:42:21.6922810Z   [PASS] _proforma/Tranche-2-interactive.html
2026-09-28T09:42:21.6923275Z   [PASS] _proforma/Tranche-3-interactive.html
2026-09-28T09:42:21.6923772Z   [PASS] _proforma/Tranche-4-interactive.html
2026-09-28T09:42:21.6924175Z   [PASS] _proforma/Tranche-5-interactive.html
2026-09-28T09:42:21.6924878Z   [PASS] _proforma/Tranche-6-interactive.html
2026-09-28T09:42:21.6925276Z   [PASS] _proforma/Tranche-7-interactive.html
2026-09-28T09:42:21.6925686Z   [PASS] _proforma/Tranche-8-interactive.html
2026-09-28T09:42:21.6926086Z   [PASS] _proforma/Tranche-9-interactive.html
2026-09-28T09:42:21.6926348Z 
2026-09-28T09:42:21.6926996Z ✅ No-hardcode gate passed (11 tranche file(s)).
2026-09-28T09:42:21.9823840Z selftest OK — exempts font-size/letter/radius + hairline(1/3)/negative/square; catches off-grid height/padding.
2026-09-28T09:42:21.9825593Z GRID GATE PASS — all layout dimensions on the 4px grid (153 file(s)).
2026-09-28T09:42:22.0490690Z   [PASS] class         .btn (26)
2026-09-28T09:42:22.0491348Z   [PASS] scoped-element .seg button (14)
2026-09-28T09:42:22.0491934Z   [PASS] class         .stateLabel (12)
2026-09-28T09:42:22.0492484Z   [PASS] class         .status (12)
2026-09-28T09:42:22.0493020Z   [PASS] class         .chip (9)
2026-09-28T09:42:22.0493591Z   [PASS] scoped-element .seg.sm button (6)
2026-09-28T09:42:22.0494157Z   [PASS] class         .spec-h (5)
2026-09-28T09:42:22.0494674Z   [PASS] class         .label (4)
2026-09-28T09:42:22.0495393Z   [PASS] scoped-element .search input (4)
2026-09-28T09:42:22.0495758Z   [PASS] class         .badge (3)
2026-09-28T09:42:22.0496078Z   [PASS] class         .confirm .btn (3)
2026-09-28T09:42:22.0496417Z   [PASS] class         .eyebrow (3)
2026-09-28T09:42:22.0497053Z   [PASS] class         .avatar (2)
2026-09-28T09:42:22.0497381Z   [PASS] class         .hero .cta (2)
2026-09-28T09:42:22.0497717Z   [PASS] class         .pg .ctrl (2)
2026-09-28T09:42:22.0498054Z   [PASS] class         .qbtn (2)
2026-09-28T09:42:22.0498380Z   [PASS] scoped-element .pg a (2)
2026-09-28T09:42:22.0498719Z   [PASS] scoped-element .seg.l button (2)
2026-09-28T09:42:22.0499087Z   [PASS] scoped-element .seg.md button (2)
2026-09-28T09:42:22.0499452Z   [PASS] class         .action-bar .btn (1)
2026-09-28T09:42:22.0499801Z   [PASS] class         .loader (1)
2026-09-28T09:42:22.0500122Z   [PASS] class         .sim (1)
2026-09-28T09:42:22.0500425Z   [PASS] class         .time (1)
2026-09-28T09:42:22.0500747Z   [PASS] scoped-element .nav button (1)
2026-09-28T09:42:22.0501173Z   [PASS] scoped-element .note.global .actions button (1)
2026-09-28T09:42:22.0501606Z   [PASS] scoped-element .seg.lg button (1)
2026-09-28T09:42:22.0501980Z   [PASS] scoped-element nav.main a (1)
2026-09-28T09:42:22.0502346Z   [PASS] class         .tabbar .tabbar__item (0)
2026-09-28T09:42:22.0502604Z 
2026-09-28T09:42:22.0503191Z ✅ type-binding blast-radius gate passed (28 appended selector(s), corpus 151 files).
2026-09-28T09:42:23.6130155Z selftest OK — flags un-overridden ellipsis labels; accepts text-text / overflow-visible / clip-visible (#305) / same-rule / comma-group overrides; ignores containers + sr-only.
2026-09-28T09:42:23.6132029Z selftest OK (specificity leg) — :is()/:not()/:has()/:where() resolved; cascade-dead single-class override caught where leg 1 is blind; two-class form accepted.
2026-09-28T09:42:23.6132807Z 
2026-09-28T09:42:23.6133955Z ✓ SPECIFICITY RATCHET AT ZERO — canon/canon.css: no cascade-dead descender override. The scope classes are specificity-neutral (`:where()`); every ds-005 override wins its cascade. Any regression here is now a RED build, not a report.
2026-09-28T09:42:23.6135682Z DESCENDER-CLIP GATE PASS — every truncating label is descender-safe AND every descender-safe override wins its cascade (153 file(s)).
2026-09-28T09:42:24.0237553Z == _validate_kg.py — KG edge parse-gate (s131-D2 / s133-D1 / s135-D4) ==
2026-09-28T09:42:24.0238214Z metas checked: 139
2026-09-28T09:42:24.0238654Z ref:null + $note (declared, awaiting Dave's-eye migration): 90
2026-09-28T09:42:24.0239597Z resolutions consumed (s135-D4, KG-REVIEW-VERDICTS-2026-08-08-s135-v1.json): 82 ruled verdicts asserted present (MERGE 5 / PROMOTE 52 / ATTACH 25)
2026-09-28T09:42:24.0240330Z 
2026-09-28T09:42:24.0241437Z _validate_kg.py: OK — every ref parses+resolves, every null carries a note, every meta has provenance, edges match schema, gen_kg_edges.py is idempotent-clean, and the s135-D4 resolutions input was consumed.
2026-09-28T09:42:24.0809552Z [OK] selftest corpus is isolated (3 metas seen, none from the live tree)
2026-09-28T09:42:24.0810612Z [OK] arm 1 — deliberately broken ref FAILS
2026-09-28T09:42:24.0811187Z [OK] arm 2 — legal ref:null + $note on meta A does not fail, and is counted
2026-09-28T09:42:24.0811987Z [OK] arm 2b — every OTHER legal ref on meta A resolves clean (renderedBy/commonPattern/governedBy)
2026-09-28T09:42:24.0812652Z [OK] arm 3 — meta missing `provenance` FAILS
2026-09-28T09:42:24.0813050Z [OK] selftest never touched the live corpus
2026-09-28T09:42:24.0813299Z 
2026-09-28T09:42:24.0813404Z selftest OK.
2026-09-28T09:42:24.2167157Z gen_kg_tokens --check OK — 44 token: groups (36 bound) · 835 bindsToken · in sync
2026-09-28T09:42:24.9663846Z   OK   bite 1 — every node is token:<group> at group grain — no leaf id carries a '/'
2026-09-28T09:42:24.9664693Z   OK   bite 2 — every node's tier is one of D-5(a)'s four
2026-09-28T09:42:24.9665334Z   OK   bite 3 — every bindsToken runs component: -> a token: node that exists
2026-09-28T09:42:24.9666412Z   OK   bite 4 — no (component, group) pair twice
2026-09-28T09:42:24.9667495Z   OK   bite 5 — MUTATION: planting alpha/… in Chart-boxplot mints ONE bindsToken to token:alpha
2026-09-28T09:42:24.9668439Z   OK   bite 6 — MUTATION: an unknown group 'zzplanted' adds no node and no edge, and IS counted unresolved
2026-09-28T09:42:24.9669379Z   OK   bite 7 — MUTATION: --land REFUSES with no id, a malformed id and an absent id, and writes no file
2026-09-28T09:42:24.9670223Z gen_kg_tokens --check OK — 44 token: groups (36 bound) · 835 bindsToken · in sync
2026-09-28T09:42:24.9671311Z gen_kg_tokens --check: STALE — _token_nodes.json differs from a fresh compute. Run: python3 knowledge/gen_kg_tokens.py --land --ratified s277-D12
2026-09-28T09:42:24.9672381Z   OK   bite 8 — MUTATION: --check is 0 on a fresh landing and 1 after a meta moves under it
2026-09-28T09:42:24.9672962Z gen_kg_tokens selftest: 8 bite(s), 0 fail(s)
2026-09-28T09:42:25.3928386Z gen_kg_titles --check OK — {'artefact': 5, 'guideline': 13, 'polarity': 30, 'rule': 474, 'ruling': 699, 'session': 92} titled · 0 untitled · in sync
2026-09-28T09:42:28.0935308Z   OK   bite 1 — SHOUTING is lowered to corpus casing; an acronym the corpus never lowers (SC) keeps its caps: 'The SC badge is fine'
2026-09-28T09:42:28.0937385Z   OK   bite 2 — ruling/session ids and id-bearing parentheticals are removed: 'The ceiling has its value'
2026-09-28T09:42:28.0938845Z   OK   bite 3 — a long clause is capped at 60 characters on a word boundary with an ellipsis
2026-09-28T09:42:28.0940216Z   OK   bite 4 — a text that is ONLY ids yields no title (the node keeps its code, never an empty label)
2026-09-28T09:42:28.0941245Z   OK   bite 5 — a rule's internal code (`CA-7 —`) is dropped and the first clause kept
2026-09-28T09:42:28.0942205Z   OK   bite 6 — `ruled` that is only a session or record reference (`#167`, `GM-D7-am / #33`) falls back to `says`; a headline is used
2026-09-28T09:42:28.0943250Z   OK   bite 7 — deterministic: two computes are byte-identical, and the rulings store is not written
2026-09-28T09:42:28.0944181Z   OK   bite 8 — every ruling, every rule with text and every minted session is titled or listed untitled
2026-09-28T09:42:28.0945045Z   OK   bite 9 — every label starts with its own code and every title is at most 60 characters
2026-09-28T09:42:28.0945974Z gen_kg_titles --check OK — {'artefact': 2, 'rule': 474, 'ruling': 699, 'session': 92} titled · 0 untitled · in sync
2026-09-28T09:42:28.0947056Z gen_kg_titles --check: STALE — _node_titles.json differs from a fresh compute. Run: python3 knowledge/gen_kg_titles.py --write
2026-09-28T09:42:28.0947832Z   OK   bite 10 — MUTATION: --check is 0 when fresh and 1 after a ruling's text moves under it
2026-09-28T09:42:28.0948487Z   OK   bite 11 — apply_titles replaces a bare-code label only, never a label someone already wrote
2026-09-28T09:42:28.0949812Z   OK   bite 12 — a session counts the rulings the explorer lists for it (ruled starts #n with no digit after — #n, #n-Dk, '#n (…)' — OR id s<n>-), dates as a range; #7 never counts #77's
2026-09-28T09:42:28.0950748Z   OK   bite 13 — apply_titles stamps the bare `code` on a titled node (the canvas prints it alone)
2026-09-28T09:42:28.0951495Z   OK   bite 14 — every polarity is titled from its mediating variable and all 13 WCAG guidelines carry WCAG's own name
2026-09-28T09:42:28.0952377Z   OK   bite 15 — MUTATION: a ruling that names another ruling's bare id as an artefact titles artefact:ds-021 with that ruling's own title
2026-09-28T09:42:28.0952958Z gen_kg_titles selftest: 15 bite(s), 0 fail(s)
2026-09-28T09:42:28.1598532Z gen_kg_sources --check OK — 116 nodes · 402 edges {'setIn': 154, 'behaviourFrom': 73, 'capturedFrom': 80, 'acceptsCapability': 95} · in sync
2026-09-28T09:42:28.4190661Z   OK   bite 1 — every edge is one of the four types and runs component: -> a node this file mints or a base snippet:
2026-09-28T09:42:28.4192134Z   OK   bite 2 — every node is one of the four new kinds and carries the family
2026-09-28T09:42:28.4193093Z   OK   bite 3 — no (component, target, type) triple twice
2026-09-28T09:42:28.4194281Z   OK   bite 4 — all four edge types are present on the live corpus
2026-09-28T09:42:28.4194970Z   OK   bite 5 — MUTATION: naming .t-ed-display-1 in button mints ONE setIn
2026-09-28T09:42:28.4195743Z   OK   bite 6 — MUTATION: .t-cm-zzplanted adds no node and no edge, and IS counted unresolved
2026-09-28T09:42:28.4196665Z   OK   bite 7 — MUTATION: a planted slot capability mints capability:zz-planted-capability and one edge
2026-09-28T09:42:28.4198064Z   OK   bite 8 — MUTATION: --land REFUSES with no id, a malformed id and an absent id, and writes no file
2026-09-28T09:42:28.4199212Z gen_kg_sources --check OK — 116 nodes · 402 edges {'setIn': 154, 'behaviourFrom': 73, 'capturedFrom': 80, 'acceptsCapability': 95} · in sync
2026-09-28T09:42:28.4200570Z gen_kg_sources --check: STALE — _source_nodes.json differs from a fresh compute. Run: python3 knowledge/gen_kg_sources.py --land --ratified s269-D1
2026-09-28T09:42:28.4201691Z   OK   bite 9 — MUTATION: --check is 0 on a fresh landing and 1 after a meta moves under it
2026-09-28T09:42:28.4202178Z gen_kg_sources selftest: 9 bite(s), 0 fail(s)
2026-09-28T09:42:28.9182762Z _validate_token_forks.py - FORK-BAN GATE (s136-D1 clause D)
2026-09-28T09:42:28.9183753Z   glob      : knowledge/canon/*.css  (2 file(s))
2026-09-28T09:42:28.9184673Z   parsed    : 12657 declarations, 18374 (theme,mode,scope) contexts
2026-09-28T09:42:28.9185537Z   names     : 1025
2026-09-28T09:42:28.9186062Z     BENIGN_MODE_AXIS             53
2026-09-28T09:42:28.9187016Z     BENIGN_THEME_AND_MODE_AXIS   337
2026-09-28T09:42:28.9187685Z     BENIGN_THEME_AXIS            35
2026-09-28T09:42:28.9188267Z     FORK                         50
2026-09-28T09:42:28.9188666Z     UNIFORM                      550
2026-09-28T09:42:28.9189219Z   ledger    : knowledge/_TOKEN-FORK-LEDGER.json (55 declared fork(s))
2026-09-28T09:42:28.9189826Z   mode      : baseline
2026-09-28T09:42:28.9190042Z 
2026-09-28T09:42:28.9191411Z GATE GREEN: no UNDECLARED fork. ⚠ This did NOT ask whether forks exist: 107 fork(s) stand and are declared in the ledger. Run --strict for the full list, --reconcile for ledger rows the tree no longer agrees with.
2026-09-28T09:42:28.9566807Z   selftest keyfrm --dvf1 declarations parsed -> 0  want 0  OK
2026-09-28T09:42:28.9567459Z   selftest keyfrm --dvf1 -> None               want (no verdict)       OK
2026-09-28T09:42:28.9568093Z   selftest media  --pri-hover -> FORK               want FORK               OK
2026-09-28T09:42:28.9568729Z   selftest clean  --pri-hover -> BENIGN_THEME_AXIS  want BENIGN_THEME_AXIS  OK
2026-09-28T09:42:28.9569355Z   selftest forked --pri-hover -> FORK               want FORK               OK
2026-09-28T09:42:28.9569841Z      quoted: #db0011 vs #626262
2026-09-28T09:42:28.9570147Z selftest PASS
2026-09-28T09:42:29.0008912Z BINDS RATCHET — s136-D1 axis A (staged by s140-D1 D3)
2026-09-28T09:42:29.0009771Z   metas carrying >=1 props[].binds : 38 of 137
2026-09-28T09:42:29.0010185Z   floor (2026-08-10)                       : 33
2026-09-28T09:42:29.0012571Z   carrying: accordion, account-card, account-selector, action-bar, alert, amount-display, amount-input, avatar, back-to-top, badge, banner, button, chart-line, chart-sparkline, chart-stacked-area, countdown-timer, divider, empty-state, fab, hero, icon-button, input-fields, kpi-tile, links, list-items, loading-indicator, modals, navigations, popconfirm, segmented-control, selection-controls, skeleton-loader, slider, stat-card, status-indicator, tags, timeline, toast
2026-09-28T09:42:29.0015045Z PASS
2026-09-28T09:42:29.0418291Z DTCG GATE — s136-D1 axis A wire format
2026-09-28T09:42:29.0421733Z   note: corpus: 10 files gated, 11 excluded (EXAMPLE-tokens.json, _blast-radius.json, _icon-scale-hsbc-general.json, _spacing-hsbc-general.json, _typography-hsbc-general.json, elevation-pre-s141.json, icon-scale-pre-s141.json, layout-pre-s141.json, spacing-pre-s141.json, typography-composites-pre-s141.json, typography-pre-s141.json)
2026-09-28T09:42:29.0423907Z   note: spine: 939 tokens, 386 groups
2026-09-28T09:42:29.0425320Z   DEFERRED DEF-FIGMA-MODES          layout.json :: layout.web.margin :: mode-keyed node (scale-1,scale-2,scale-3) — Figma variable modes, no DTCG equivalent
2026-09-28T09:42:29.0427104Z   DEFERRED DEF-FIGMA-MODES          layout.json :: layout.web.gutter :: mode-keyed node (scale-1,scale-2,scale-3) — Figma variable modes, no DTCG equivalent
2026-09-28T09:42:29.0428310Z   DEFERRED DEF-COLOR-MISTYPE        semantic-colour.json :: blur.overlay.light :: color $value is not a hex string or alias: 12
2026-09-28T09:42:29.0429386Z   DEFERRED DEF-COLOR-MISTYPE        semantic-colour.json :: blur.overlay.dark :: color $value is not a hex string or alias: 0
2026-09-28T09:42:29.0430518Z   DEFERRED DEF-COLOR-MISTYPE        semantic-colour.json :: blur.background-surface.light :: color $value is not a hex string or alias: 12
2026-09-28T09:42:29.0431737Z   DEFERRED DEF-COLOR-MISTYPE        semantic-colour.json :: blur.background-surface.dark :: color $value is not a hex string or alias: 0
2026-09-28T09:42:29.0432929Z   DEFERRED DEF-COLOR-MISTYPE        semantic-colour.json :: image.opacity.default.light :: color $value is not a hex string or alias: 100
2026-09-28T09:42:29.0434055Z   DEFERRED DEF-COLOR-MISTYPE        semantic-colour.json :: image.opacity.default.dark :: color $value is not a hex string or alias: 100
2026-09-28T09:42:29.0434974Z   DEFERRED DEF-COLOR-MISTYPE        semantic-colour.json :: image.opacity.disabled.light :: color $value is not a hex string or alias: 20
2026-09-28T09:42:29.0435884Z   DEFERRED DEF-COLOR-MISTYPE        semantic-colour.json :: image.opacity.disabled.dark :: color $value is not a hex string or alias: 20
2026-09-28T09:42:29.0437269Z   DEFERRED DEF-FIGMA-MODES          spacing.json :: gap.responsive.content.xsmall :: mode-keyed node (scale-1,scale-2,scale-3) — Figma variable modes, no DTCG equivalent
2026-09-28T09:42:29.0438510Z   DEFERRED DEF-FIGMA-MODES          spacing.json :: gap.responsive.content.small :: mode-keyed node (scale-1,scale-2,scale-3) — Figma variable modes, no DTCG equivalent
2026-09-28T09:42:29.0439692Z   DEFERRED DEF-FIGMA-MODES          spacing.json :: gap.responsive.content.medium :: mode-keyed node (scale-1,scale-2,scale-3) — Figma variable modes, no DTCG equivalent
2026-09-28T09:42:29.0440853Z   DEFERRED DEF-FIGMA-MODES          spacing.json :: gap.responsive.content.large :: mode-keyed node (scale-1,scale-2,scale-3) — Figma variable modes, no DTCG equivalent
2026-09-28T09:42:29.0442018Z   DEFERRED DEF-FIGMA-MODES          spacing.json :: gap.responsive.content.xlarge :: mode-keyed node (scale-1,scale-2,scale-3) — Figma variable modes, no DTCG equivalent
2026-09-28T09:42:29.0443212Z   DEFERRED DEF-FIGMA-MODES          spacing.json :: gap.responsive.content.xxlarge :: mode-keyed node (scale-1,scale-2,scale-3) — Figma variable modes, no DTCG equivalent
2026-09-28T09:42:29.0444682Z   DEFERRED DEF-FIGMA-MODES          spacing.json :: gap.responsive.subsection.xsmall :: mode-keyed node (scale-1,scale-2,scale-3) — Figma variable modes, no DTCG equivalent
2026-09-28T09:42:29.0448146Z   DEFERRED DEF-FIGMA-MODES          spacing.json :: gap.responsive.subsection.small :: mode-keyed node (scale-1,scale-2,scale-3) — Figma variable modes, no DTCG equivalent
2026-09-28T09:42:29.0450335Z   DEFERRED DEF-FIGMA-MODES          spacing.json :: gap.responsive.subsection.medium :: mode-keyed node (scale-1,scale-2,scale-3) — Figma variable modes, no DTCG equivalent
2026-09-28T09:42:29.0452604Z   DEFERRED DEF-FIGMA-MODES          spacing.json :: gap.responsive.subsection.large :: mode-keyed node (scale-1,scale-2,scale-3) — Figma variable modes, no DTCG equivalent
2026-09-28T09:42:29.0454793Z   DEFERRED DEF-FIGMA-MODES          spacing.json :: gap.responsive.section.xsmall :: mode-keyed node (scale-1,scale-2,scale-3) — Figma variable modes, no DTCG equivalent
2026-09-28T09:42:29.0457230Z   DEFERRED DEF-FIGMA-MODES          spacing.json :: gap.responsive.section.small :: mode-keyed node (scale-1,scale-2,scale-3) — Figma variable modes, no DTCG equivalent
2026-09-28T09:42:29.0459668Z   DEFERRED DEF-FIGMA-MODES          spacing.json :: gap.responsive.section.medium :: mode-keyed node (scale-1,scale-2,scale-3) — Figma variable modes, no DTCG equivalent
2026-09-28T09:42:29.0461827Z   DEFERRED DEF-FIGMA-MODES          spacing.json :: gap.responsive.section.large :: mode-keyed node (scale-1,scale-2,scale-3) — Figma variable modes, no DTCG equivalent
2026-09-28T09:42:29.0463833Z   DEFERRED DEF-FIGMA-MODES          spacing.json :: gap.responsive.section.xlarge :: mode-keyed node (scale-1,scale-2,scale-3) — Figma variable modes, no DTCG equivalent
2026-09-28T09:42:29.0465206Z   DEFERRED DEF-FIGMA-MODES          spacing.json :: padding.responsive.xxxsmall :: mode-keyed node (scale-1,scale-2,scale-3) — Figma variable modes, no DTCG equivalent
2026-09-28T09:42:29.0467048Z   DEFERRED DEF-FIGMA-MODES          spacing.json :: padding.responsive.xxsmall :: mode-keyed node (scale-1,scale-2,scale-3) — Figma variable modes, no DTCG equivalent
2026-09-28T09:42:29.0468906Z   DEFERRED DEF-FIGMA-MODES          spacing.json :: padding.responsive.xsmall :: mode-keyed node (scale-1,scale-2,scale-3) — Figma variable modes, no DTCG equivalent
2026-09-28T09:42:29.0471121Z   DEFERRED DEF-FIGMA-MODES          spacing.json :: padding.responsive.small :: mode-keyed node (scale-1,scale-2,scale-3) — Figma variable modes, no DTCG equivalent
2026-09-28T09:42:29.0473434Z   DEFERRED DEF-FIGMA-MODES          spacing.json :: padding.responsive.medium :: mode-keyed node (scale-1,scale-2,scale-3) — Figma variable modes, no DTCG equivalent
2026-09-28T09:42:29.0475642Z   DEFERRED DEF-FIGMA-MODES          spacing.json :: padding.responsive.large :: mode-keyed node (scale-1,scale-2,scale-3) — Figma variable modes, no DTCG equivalent
2026-09-28T09:42:29.0478145Z   DEFERRED DEF-FIGMA-MODES          spacing.json :: padding.responsive.xlarge :: mode-keyed node (scale-1,scale-2,scale-3) — Figma variable modes, no DTCG equivalent
2026-09-28T09:42:29.0480482Z   DEFERRED DEF-COMPONENT-LINEHEIGHT typography-composites.json :: component.figure-1 :: typography $value omits lineHeight — supplying one is a design decision
2026-09-28T09:42:29.0482798Z   DEFERRED DEF-COMPONENT-LINEHEIGHT typography-composites.json :: component.figure-2 :: typography $value omits lineHeight — supplying one is a design decision
2026-09-28T09:42:29.0485112Z   DEFERRED DEF-COMPONENT-LINEHEIGHT typography-composites.json :: component.heading :: typography $value omits lineHeight — supplying one is a design decision
2026-09-28T09:42:29.0487651Z   DEFERRED DEF-COMPONENT-LINEHEIGHT typography-composites.json :: component.section-label :: typography $value omits lineHeight — supplying one is a design decision
2026-09-28T09:42:29.0489921Z   DEFERRED DEF-COMPONENT-LINEHEIGHT typography-composites.json :: component.label :: typography $value omits lineHeight — supplying one is a design decision
2026-09-28T09:42:29.0492500Z   DEFERRED DEF-COMPONENT-LINEHEIGHT typography-composites.json :: component.button :: typography $value omits lineHeight — supplying one is a design decision
2026-09-28T09:42:29.0494744Z   DEFERRED DEF-COMPONENT-LINEHEIGHT typography-composites.json :: component.input :: typography $value omits lineHeight — supplying one is a design decision
2026-09-28T09:42:29.0497316Z   DEFERRED DEF-COMPONENT-LINEHEIGHT typography-composites.json :: component.link :: typography $value omits lineHeight — supplying one is a design decision
2026-09-28T09:42:29.0499611Z   DEFERRED DEF-COMPONENT-LINEHEIGHT typography-composites.json :: component.caption :: typography $value omits lineHeight — supplying one is a design decision
2026-09-28T09:42:29.0501895Z   DEFERRED DEF-COMPONENT-LINEHEIGHT typography-composites.json :: component.tooltip :: typography $value omits lineHeight — supplying one is a design decision
2026-09-28T09:42:29.0504161Z   DEFERRED DEF-COMPONENT-LINEHEIGHT typography-composites.json :: component.legal :: typography $value omits lineHeight — supplying one is a design decision
2026-09-28T09:42:29.0507101Z   DEFERRED DEF-FIGMA-MODES          typography.json :: typography.font-size.font-00 :: mode-keyed node (scale-1,scale-1-200,scale-2,scale-3) — Figma variable modes, no DTCG equivalent
2026-09-28T09:42:29.0509649Z   DEFERRED DEF-FIGMA-MODES          typography.json :: typography.font-size.font-0 :: mode-keyed node (scale-1,scale-1-200,scale-2,scale-3) — Figma variable modes, no DTCG equivalent
2026-09-28T09:42:29.0512122Z   DEFERRED DEF-FIGMA-MODES          typography.json :: typography.font-size.font-1 :: mode-keyed node (scale-1,scale-1-200,scale-2,scale-3) — Figma variable modes, no DTCG equivalent
2026-09-28T09:42:29.0514556Z   DEFERRED DEF-FIGMA-MODES          typography.json :: typography.font-size.font-2 :: mode-keyed node (scale-1,scale-1-200,scale-2,scale-3) — Figma variable modes, no DTCG equivalent
2026-09-28T09:42:29.0517227Z   DEFERRED DEF-FIGMA-MODES          typography.json :: typography.font-size.font-3 :: mode-keyed node (scale-1,scale-1-200,scale-2,scale-3) — Figma variable modes, no DTCG equivalent
2026-09-28T09:42:29.0519656Z   DEFERRED DEF-FIGMA-MODES          typography.json :: typography.font-size.font-4 :: mode-keyed node (scale-1,scale-1-200,scale-2,scale-3) — Figma variable modes, no DTCG equivalent
2026-09-28T09:42:29.0522090Z   DEFERRED DEF-FIGMA-MODES          typography.json :: typography.font-size.font-5 :: mode-keyed node (scale-1,scale-1-200,scale-2,scale-3) — Figma variable modes, no DTCG equivalent
2026-09-28T09:42:29.0524521Z   DEFERRED DEF-FIGMA-MODES          typography.json :: typography.font-size.font-6 :: mode-keyed node (scale-1,scale-1-200,scale-2,scale-3) — Figma variable modes, no DTCG equivalent
2026-09-28T09:42:29.0527323Z   DEFERRED DEF-FIGMA-MODES          typography.json :: typography.font-size.font-7 :: mode-keyed node (scale-1,scale-1-200,scale-2,scale-3) — Figma variable modes, no DTCG equivalent
2026-09-28T09:42:29.0529906Z   DEFERRED DEF-FIGMA-MODES          typography.json :: typography.line-height.font-00 :: mode-keyed node (scale-1,scale-1-200,scale-2,scale-3) — Figma variable modes, no DTCG equivalent
2026-09-28T09:42:29.0532545Z   DEFERRED DEF-FIGMA-MODES          typography.json :: typography.line-height.font-0 :: mode-keyed node (scale-1,scale-1-200,scale-2,scale-3) — Figma variable modes, no DTCG equivalent
2026-09-28T09:42:29.0535177Z   DEFERRED DEF-FIGMA-MODES          typography.json :: typography.line-height.font-1 :: mode-keyed node (scale-1,scale-1-200,scale-2,scale-3) — Figma variable modes, no DTCG equivalent
2026-09-28T09:42:29.0537449Z   DEFERRED DEF-FIGMA-MODES          typography.json :: typography.line-height.font-2 :: mode-keyed node (scale-1,scale-1-200,scale-2,scale-3) — Figma variable modes, no DTCG equivalent
2026-09-28T09:42:29.0538827Z   DEFERRED DEF-FIGMA-MODES          typography.json :: typography.line-height.font-3 :: mode-keyed node (scale-1,scale-1-200,scale-2,scale-3) — Figma variable modes, no DTCG equivalent
2026-09-28T09:42:29.0540358Z   DEFERRED DEF-FIGMA-MODES          typography.json :: typography.line-height.font-4 :: mode-keyed node (scale-1,scale-1-200,scale-2,scale-3) — Figma variable modes, no DTCG equivalent
2026-09-28T09:42:29.0541650Z   DEFERRED DEF-FIGMA-MODES          typography.json :: typography.line-height.font-5 :: mode-keyed node (scale-1,scale-1-200,scale-2,scale-3) — Figma variable modes, no DTCG equivalent
2026-09-28T09:42:29.0542933Z   DEFERRED DEF-FIGMA-MODES          typography.json :: typography.line-height.font-6 :: mode-keyed node (scale-1,scale-1-200,scale-2,scale-3) — Figma variable modes, no DTCG equivalent
2026-09-28T09:42:29.0544249Z   DEFERRED DEF-FIGMA-MODES          typography.json :: typography.line-height.font-7 :: mode-keyed node (scale-1,scale-1-200,scale-2,scale-3) — Figma variable modes, no DTCG equivalent
2026-09-28T09:42:29.0545041Z PASS — 0 failure(s), 61 declared deferral(s)
2026-09-28T09:42:29.2147775Z binds-resolve gate: 137 snippets (137 with manifests, 2324 vars) · 137 metas (116 binds addresses) · 137/137 canon blocks · 0 failure(s)
2026-09-28T09:42:29.2441013Z binds-resolve selftest: 6 bites PASS
2026-09-28T09:42:29.2824632Z intent resolve — metas carrying `intent`: 15, addresses resolved: 16
2026-09-28T09:42:29.2825892Z RESULT: PASS — every intent address resolves into chart-intents.json. This proves no address DANGLES; it does not prove any assignment is RIGHT.
2026-09-28T09:42:29.3172556Z selftest — _validate_intent_resolve.py
2026-09-28T09:42:29.3173106Z   PASS known word resolves                -> green | (green)
2026-09-28T09:42:29.3174179Z   PASS unknown word refuses               -> FAIL | Bad.meta.json: FAIL — UNKNOWN INTENT 'corelation' — not a key of `chart-intent` in ../../../../../tmp/tmpsf4af
2026-09-28T09:42:29.3175575Z   PASS unknown word inside a list refuses -> FAIL | Bad2.meta.json: FAIL — UNKNOWN INTENT 'flow' — not a key of `chart-intent` in ../../../../../tmp/tmp6c43zas3/c
2026-09-28T09:42:29.3177341Z   PASS absent store fails LOUD            -> FAIL | FAIL — intent store MISSING: /tmp/tmpkq17t2jp/chart-intents.json (an absent instrument is not a pass)
2026-09-28T09:42:29.3178282Z RESULT: PASS
2026-09-28T09:42:29.3844058Z roles resolve — metas: 137 · carrying an interchangeability term: 117 · addresses resolved: 179
2026-09-28T09:42:29.3845482Z   field population: provides 108 · answers 26 · shape 26 · span 26 · priority 25 · when 46 · with 3 · not-with 8
2026-09-28T09:42:29.3852971Z   `shape` values in use (23 of the 23 in knowledge/shapes.json — CLOSED store, s254-D2 item 1): ancestor-path × links (1) · bins × frequency (1) · categories × five-number-summary (1) · categories × series (1) · categories × two-series-mirrored (2) · destination-set × links (1) · no-data × arbitrary-blocks (1) · no-data × control (2) · no-data × page-regions (1) · no-data × title-and-optional-action (1) · one-measure × committed-vs-balance-split (1) · one-measure × value-and-delta (1) · one-measure × value-delta-and-series (1) · one-state × dot-and-label (1) · parts-of-whole (2) · periods × ohlc (1) · points × two-measures (1) · rows × measure-target-bands (1) · rows × name-value-pairs (1) · shared-x × two-measures-different-units (1) · time-series × 1–5-series (1) · time-series × parts-of-whole (1) · time-series × single-series-no-axes (1)
2026-09-28T09:42:29.3857919Z   `when` FIELD COUNTS (44 of the 44 in knowledge/when-fields.json — SCRIPT OUTPUT, quote these on a review page rather than counting by eye; this is what closes V-B's M2):
2026-09-28T09:42:29.3859783Z     answers        15  Chart-boxplot, Chart-bullet, Chart-butterfly-h, Chart-butterfly-v, Chart-candlestick, Chart-histogram, Chart-scatter, chart-bar, chart-combo, chart-donut, chart-line, chart-pie, chart-sparkline, chart-stacked-area, runway-bar
2026-09-28T09:42:29.3861235Z     shape           9  Chart-candlestick, breadcrumbs, chart-line, kpi-tile, navigations, runway-bar, stat-card, status-indicator, summary
2026-09-28T09:42:29.3862139Z     span.cols       8  Chart-boxplot, Chart-butterfly-v, chart-donut, chart-line, chart-pie, chart-sparkline, status-indicator, summary
2026-09-28T09:42:29.3863339Z     series          7  Chart-butterfly-h, Chart-butterfly-v, chart-combo, chart-sparkline, kpi-tile, legend, stat-card
2026-09-28T09:42:29.3863937Z     records         4  data-grid, filter-toolbar-bar, list-items, timeline
2026-09-28T09:42:29.3864339Z     interrupts      3  dropdown, modals, split-button
2026-09-28T09:42:29.3864703Z     needs           3  data-grid, filter-toolbar-bar, list-items
2026-09-28T09:42:29.3865319Z     actions         2  button, split-button
2026-09-28T09:42:29.3865815Z     axes            2  chart-line, chart-sparkline
2026-09-28T09:42:29.3866278Z     categories      2  Chart-boxplot, Chart-butterfly-h
2026-09-28T09:42:29.3866602Z     entry           2  input-fields, textarea
2026-09-28T09:42:29.3867012Z     label           2  button, legend
2026-09-28T09:42:29.3867276Z     platform        2  footer, headers
2026-09-28T09:42:29.3867574Z     surface         2  layout-utilities, list-items
2026-09-28T09:42:29.3867901Z     total           2  chart-donut, chart-pie
2026-09-28T09:42:29.3868197Z     units           2  chart-combo, chart-line
2026-09-28T09:42:29.3868644Z     axis.x          1  chart-bar
2026-09-28T09:42:29.3868905Z     baseline        1  Chart-histogram
2026-09-28T09:42:29.3869160Z     bins            1  Chart-histogram
2026-09-28T09:42:29.3869425Z     breadcrumbs     1  app-shell-focused
2026-09-28T09:42:29.3869703Z     cause           1  template-error
2026-09-28T09:42:29.3869956Z     content         1  layout-utilities
2026-09-28T09:42:29.3870211Z     delta           1  stat-card
2026-09-28T09:42:29.3870450Z     depth           1  breadcrumbs
2026-09-28T09:42:29.3870705Z     destinations    1  app-shell-top-nav
2026-09-28T09:42:29.3870973Z     emphasis        1  button
2026-09-28T09:42:29.3871218Z     exits           1  app-shell-focused
2026-09-28T09:42:29.3871472Z     full            1  limits-meter
2026-09-28T09:42:29.3871724Z     job.count       1  app-shell-focused
2026-09-28T09:42:29.3872019Z     layout.grammar  1  template-dashboard-bento
2026-09-28T09:42:29.3872309Z     level           1  headers
2026-09-28T09:42:29.3872537Z     lockup          1  headers
2026-09-28T09:42:29.3872776Z     nav.levels      1  app-shell-top-nav
2026-09-28T09:42:29.3873034Z     options         1  dropdown
2026-09-28T09:42:29.3873288Z     order           1  template-confirmation
2026-09-28T09:42:29.3873558Z     parts           1  chart-pie
2026-09-28T09:42:29.3873815Z     position        1  template-confirmation
2026-09-28T09:42:29.3874102Z     primaryNavigation  1  app-shell-focused
2026-09-28T09:42:29.3874368Z     rows            1  summary
2026-09-28T09:42:29.3874596Z     scope           1  navigations
2026-09-28T09:42:29.3874843Z     search          1  app-shell-focused
2026-09-28T09:42:29.3875105Z     steps           1  template-wizard
2026-09-28T09:42:29.3875361Z     variables       1  Chart-histogram
2026-09-28T09:42:29.3875614Z     verdict         1  runway-bar
2026-09-28T09:42:29.3876181Z     gate clauses carrying NO operator (prose inside the gate — not parsed, not judged, V-B's M2 method): 47
2026-09-28T09:42:29.3876795Z   `when` predicates as authored:
2026-09-28T09:42:29.3878293Z     Chart-boxplot                answers = distribution AND categories >= 2 AND each category carries a five-number summary AND span.cols <= 8 — roles.json when: "distribution per category"; beats Chart-histogram (roles.json: "distribution, one variable") whenever the spread must be read PER CATEGORY; yields to it when variables = 1 and the bin shape is the claim.
2026-09-28T09:42:29.3880838Z     Chart-bullet                 answers=comparison AND the reading is one measure against a target plus qualitative performance bands AND span.cols 4–6 — beats stat-card (60, "default — label · value · delta · period, no series") and kpi-tile (50, "a series exists to show") when the BENCHMARK, not the delta and not a series, is the point; yields to both when no target exists.
2026-09-28T09:42:29.3883517Z     Chart-butterfly-h            answers=comparison AND series=2 mirrored outward from a shared centre gutter AND categories ≥ 6 — beats chart-bar (grouped) when the two series must read as OPPOSED directions rather than adjacent columns; yields to Chart-butterfly-v (36, "as above, wide panel") when the category axis is ordered left-to-right and span.cols ≥ 8.
2026-09-28T09:42:29.3886201Z     Chart-butterfly-v            answers=comparison AND series=2 mirrored above/below ONE horizontal baseline AND the category axis is ordered left-to-right (time, rank) AND span.cols ≥ 8 — yields to Chart-butterfly-h (40, "exactly two series mirrored, categories ≥ 6") whenever the categories are unordered or the panel is narrower than 8 cols; both yield to chart-bar for an ordinary grouped comparison.
2026-09-28T09:42:29.3889633Z     Chart-candlestick            answers = change-over-time AND shape = periods × OHLC (open · high · low · close per session) — roles.json when: "OHLC per period"; beats chart-line (roles.json: "change-over-time") only when all four price points per period are the claim; yields to chart-line whenever one measure's path is enough.
2026-09-28T09:42:29.3892711Z     Chart-histogram              answers = distribution AND variables = 1 AND bins = contiguous (no inter-bar gap) AND baseline = 0 — roles.json when: "distribution, one variable"; beats Chart-boxplot (roles.json: "distribution per category") when the frequency shape of ONE variable is the claim; yields to Chart-boxplot when categories >= 2; the no-gap rule is not cosmetic — the FT gives the same reason: "keep the gaps between columns small to highlight the 'shape' of the data".
2026-09-28T09:42:29.3895872Z     Chart-scatter                answers=relationship AND both axes carry quantitative measures — the ONLY provider of relationship in the role, so it beats every sibling on the answers gate alone and needs no further test; yields to chart-combo (56) when the two measures share one x axis in different units instead of being plotted against each other. span.cols max 8 because a runtime fit is not baked (this meta's own responsive rule).
2026-09-28T09:42:29.3900703Z     alert                        the message is IN FLOW (inside the page or form it refers to) AND it persists until resolved or dismissed AND it carries a status glyph and a title, never colour alone AND an error alert never auto-dismisses — CANON-ADJACENT — our own purpose already states the three-way rule: "Use Toast for transient confirmations and Banner for page-level persistent messages; use inline field validation (Input-fields) for single-control errors"; beats toast (proposed "transient, no answer required") whenever the reader must act; beats banner (proposed "the condition governs the whole page or session") whenever the message belongs to one form or section — Atlassian draws the identical line: "For messages with information affecting the whole site, use a banner"; yields to inline field validation for a single control.
2026-09-28T09:42:29.3904944Z     app-shell-focused            primaryNavigation = absent AND breadcrumbs = absent AND search = absent AND exits = 1 AND job.count = 1 — the only frame defined by removal; beats every other shell (roles.json: all six carry navigation) whenever abandoning the task is the failure mode — authentication, a wizard, a passcode; yields to app-shell-top-nav the moment the user must be able to go somewhere else.
2026-09-28T09:42:29.3909100Z     app-shell-top-nav            destinations <= 7 AND nav.levels <= 2 — the default for dashboards — the bento template composes it; beats app-shell-side-nav (roles.json when: "> 7 destinations or two nav levels") below those bounds and app-shell-nav-rail (when: "dense app, content cannot spare 248px") when the content can spare the column; yields to app-shell-multi-column (when: "list-and-detail job") and to app-shell-focused (when: "one job, no navigation (auth, wizard)") when the job has no navigation. Co-providers of page-frame are mutually exclusive by construction (roles.json §05: one-at-a-time facility), so no not-with is authored.
2026-09-28T09:42:29.3913064Z     breadcrumbs                  shape = ancestor-path × links AND depth >= 2 — beats anchor-nav (roles.json when: "in-page, long document") when the trail is ancestry rather than in-page position; yields to navigations (when: "global — masthead / main-nav family") for global movement and to tabs (when: "local — peer views in one context") for peer views — it answers where-am-i, they answer where-can-i-go, so it complements rather than replaces them.
2026-09-28T09:42:29.3916169Z     button                       emphasis in (primary, secondary, tertiary, quaternary) AND label = text AND actions <= 1 — the default of the role; yields to icon-button (roles.json when: "space is tight and the glyph is universal") when label = glyph, to split-button (when: "one main action plus a menu of related ones") when a menu hangs off the action, and to links (when: "the action is navigation inside running text") when the action is navigation in prose.
2026-09-28T09:42:29.3920676Z     chart-bar                    answers = comparison AND axis.x = categorical — beats chart-line (roles.json when: "change-over-time") when the x-dimension is categorical rather than a time continuum, and beats chart-pie (when: "composition, no centre figure, ≤ 5 parts") when the parts do not sum to a whole; the stacked variant takes composition across categories, where it yields to chart-stacked-area (when: "composition over time") if the axis is time.
2026-09-28T09:42:29.3923929Z     chart-combo                  answers=change-over-time AND series=2 AND units=different AND both read against ONE shared x (dv-line-006) — beats chart-line (88, "change-over-time") on the different-units test and on nothing else; yields to chart-line (multi-series) or chart-bar (grouped) for a same-unit pair, which this meta's own antiPattern forbids drawing as a combo.
2026-09-28T09:42:29.3927118Z     chart-donut                  answers=composition AND parts sum to a whole AND total=printed as a centre figure AND span.cols ≤ 6 — beats chart-pie (48, "composition, no centre figure, ≤ 5 parts") whenever the total is worth printing, and beats it on nothing else; yields to chart-stacked-area (64, "composition over time") when the split MOVES. A ring does not stretch with its tile (ds-030), so it takes a half-width column and never a full-width row (s305-D9).
2026-09-28T09:42:29.3930655Z     chart-line                   answers=change-over-time AND series 1–5 on ONE continuous time axis AND axes=present AND span.cols ≥ 6 AND units = same AND shape = time-series × 1–5-series — the role's default at this intent, and it beats every sibling whose own `when` adds a further condition; yields to chart-combo (56, "two measures in different units over one axis") when units differ, to Chart-candlestick (44, "OHLC per period") when all four price points per period are the claim, and to chart-sparkline (30, "inline scale, no axes") when span.cols < 6.
2026-09-28T09:42:29.3934004Z     chart-pie                    answers=composition AND parts ≤ 5 AND total=not printed AND span.cols ≤ 6 — yields to chart-donut (80, "composition, a centre total is meaningful") whenever a centre total is wanted, which is the only thing separating the two; yields to chart-stacked-area (64) when the split moves over time. A ring does not stretch with its tile (ds-030), so it takes a half-width column and never a full-width row (s305-D9).
2026-09-28T09:42:29.3936603Z     chart-sparkline              answers=change-over-time AND series=1 AND axes=absent AND span.cols ≤ 4 (inline, or a trend cell in a table) — yields to chart-line (88, "change-over-time") whenever the panel can carry axes, and is normally a complement of headline-metric rather than a chart-panel in its own right (ROLES-REVIEW §03).
2026-09-28T09:42:29.3939199Z     chart-stacked-area           answers spans change-over-time AND composition AND cumulative bands share ONE total across the time axis — beats chart-donut (80, "composition, a centre total is meaningful") and chart-pie (48) when the split MOVES rather than being a snapshot; yields to chart-line (88, "change-over-time") when the total is not meaningful.
2026-09-28T09:42:29.3941607Z     data-grid                    records >= 2 AND needs in (sort, filter, select, edit) — the record-list for rows the person works on as a set: it beats list-items (the role's default, s274-D6) whenever sorting, filtering, selecting or editing is required, and yields to list-items when needs = none.
2026-09-28T09:42:29.3943295Z     dropdown                     options >= 5 AND interrupts = none — one choice from a list, made in place (s270-D1: "we use dropdowns for 5 and above"); beats modals whenever the choice does not need to stop the person.
2026-09-28T09:42:29.3944958Z     filter-toolbar-bar           records >= 2 AND needs in (filter, sort) — one row of controls that drives the record-list and the panels beside it (edges.drivesConsumer, s268-D5; the wiring is the author's, s258-D1); it is placed only above the thing it drives, never on its own.
2026-09-28T09:42:29.3947269Z     footer                       platform = app — every app page shell ends in the app footer, the body-level sibling after the main region and never inside the bento wall (the meta's own $finding-site-footer, #258: "the page shells should include the footer").
2026-09-28T09:42:29.3950091Z     headers                      level in (page, screen, section) AND platform = app AND lockup = none — yields to page-header-lockup (roles.json when: "page level, with actions or tabs") whenever actions or tabs ride the band; beats section-heading-lockup (when: "section level, above one board / table / panel") because the Header Section Titles type covers the section level app-side, and beats eyebrow (when: "a kicker alone is enough (rare; normally a part of the above)") whenever a title, not a kicker, is wanted.
2026-09-28T09:42:29.3954200Z     icon-button                  the control performs an action AND space is tight OR the glyph is universal AND an accessible name is supplied AND the hit target is at least 44x44 AND a tooltip carries the label — CANON on the first half (roles.json: "space is tight and the glyph is universal"); beats button only where the glyph is unambiguous — our own meta: "Use a labelled Button when the action is not unambiguous from a glyph alone"; the tooltip is not optional company: Atlassian ("Use tooltips with icon buttons to display the button label") and Polaris ("Be provided for icon-only buttons") both make it a requirement, which our meta states only as an antiPattern.
2026-09-28T09:42:29.3958835Z     input-fields                 entry = free text AND expected answer fits ONE line AND no fixed option list exists AND the value is not money, a date, a time or a secret — the default text-entry field; beats textarea (proposed "the answer may span multiple lines") whenever the answer is a name, a reference or a phone number; yields to amount-input when the value is money, to date-picker / time-picker when it is a date or time, to secure-entry when it is a one-time code or PIN, and to dropdown or combobox whenever the answer must come from a list at all (Carbon: free text there "is likely to result in an error").
2026-09-28T09:42:29.3962457Z     kpi-tile                     shape = one-measure × value-delta-and-series AND series != none — beats stat-card (roles.json when: "default — label · value · delta · period, no series") whenever a series exists to show; yields to Chart-bullet (when: "a target or performance band is the point, not the delta") when target != none, and to runway-bar (when: "the number is 'money vs what is already scheduled'") when the measure is money-vs-scheduled.
2026-09-28T09:42:29.3965388Z     layout-utilities             content = arbitrary-blocks AND surface = none — the default of the role; beats cards (roles.json when: "a bordered surface per item") whenever the arrangement must paint nothing, and beats stats-band-lockup (when: "3–6 headline-metrics in a labelled row") whenever the blocks are not headline-metrics; yields to divider (when: "a rule alone") when a rule alone is the whole need.
2026-09-28T09:42:29.3968748Z     legend                       series ≥ 2 AND label = text — a key is needed only where more than one series is drawn; a single-series chart names its series in the title (chart-sparkline's rule). Placed on its own only when the charts it keys are more than one (small multiples, a comparison row); a lone chart carries its legend inside its own figure, which is what every registered chart type already does.
2026-09-28T09:42:29.3971424Z     limits-meter                 INHERITS meter's gate, variant = allowance: the value is a cap being spent against AND full = BLOCKED, not done — a thin category alias of meter.meta.json (s210-D5); carries no independent when because writing spec into the alias is an explicit antiPattern on the parent — the reading is "how much of my limit is left", which is what roles.json already names.
2026-09-28T09:42:29.3976611Z     list-items                   records >= 2 AND the records are the same kind, each read ACROSS its own row AND surface in (none, bordered-per-record) AND needs = none — surface ALONE decides the container (s274-D1): unbordered ⇒ simple-list (one line per record) or structured-list (aligned fields); a bordered surface drawn around EACH record ⇒ card-list. Actions are a ROW property, allowed in any of the three, so they decide nothing. No field count, row count or column count gates this (s274-D4): the comparison test decides — if a field must be read DOWN a column across records, it is a table, not a list. A list-level heading is OPTIONAL on all three containers (s274-D5); a per-card title is a ROW field, distinct from the list heading. Beats table (roles.json when: "default, read-mostly") and data-grid (when: "sort / filter / select / edit-in-place is required") whenever each record is read across its own row; yields to timeline (when: "time is the structure, records have happened") and to tree (when: "records nest").
2026-09-28T09:42:29.3981703Z     modals                       interrupts = required — the person must stop: confirm a consequential action, or finish a task that cannot share the screen; yields to split-button when interrupts = none AND actions >= 2 (one main action with a few related ones beside it), and to dropdown when interrupts = none AND options >= 5 (one choice from a list, made in place, s270-D1).
2026-09-28T09:42:29.3984686Z     navigations                  shape = destination-set × links AND scope = global — the default of the role; beats breadcrumbs (roles.json when: "ancestry, depth ≥ 2") and tabs (when: "local — peer views in one context") because those are ancestry and local peers, not the global set; yields to sidebar-nav (when: "global, desktop, persistent column (pairs with app-shell-side-nav)") when the page-frame is app-shell-side-nav, and to tab-bar (when: "mobile bottom, 3–5 destinations") on mobile.
2026-09-28T09:42:29.3989424Z     popover                      the content is STRUCTURED and FOCUSABLE AND it opens on CLICK from a labelled trigger AND it does not scroll AND it is non-modal (no focus trap, no aria-modal) AND only one is open — CANON-ADJACENT — our purpose already carries the three-way rule: "If the user can act inside it, it is a Popover; if it is a sentence of help text, it is a Tooltip; if it must interrupt, it is a Modal"; Atlassian states both halves independently ("For interactive overlays, use the modal dialog component" / "For non-essential, non-interactive messages, use the tooltip component"); yields to drawer or modals once the content scrolls (our antiPatterns[2], Atlassian: "Don't make popups that scroll", Carbon: past four columns wide use a modal).
2026-09-28T09:42:29.3994114Z     runway-bar                   answers = one-number AND shape = one-measure × committed-vs-balance-split AND verdict != none — beats stat-card (60, "default — label · value · delta · period, no series") and kpi-tile (50, "a series exists to show") when the reading is "money vs what is already scheduled" and the takeaway is a VERDICT WITH A DATE rather than a delta or a trend; yields to stat-card when there is nothing committed to net off, to kpi-tile when a series is the claim, and to Chart-bullet (40, "a target or performance band is the point, not the delta") when a target band, not a coverage date, is the benchmark.
2026-09-28T09:42:29.3997438Z     split-button                 actions >= 2 AND interrupts = none — one main action plus a menu of related ones, offered in place (button's own `when` already hands this case here); beats modals whenever the related actions can be offered without stopping the person.
2026-09-28T09:42:29.3999713Z     stat-card                    shape = one-measure × value-and-delta AND series = none AND delta != none — the default of the role; beats kpi-tile (roles.json when: "a series exists to show (s247-D3 / DP-08: no series ⇒ not a KPI tile)") exactly when no series exists, and beats Chart-bullet (when: "a target or performance band is the point, not the delta") when the delta, not a band, is the claim.
2026-09-28T09:42:29.4002402Z     status-indicator             shape = one-state × dot-and-label AND span.cols <= 4 — the default of the role; beats summary (roles.json when: "n × count as a key/value list, 6–12 cols") whenever exactly one state is read; yields to badge (when: "inline, attached to another element, count only") when the dot is attached to another element rather than standing alone.
2026-09-28T09:42:29.4005188Z     summary                      shape = rows × name-value-pairs AND rows >= 2 AND span.cols >= 6 — beats status-indicator (roles.json when: "one state, one dot + label, 2–4 cols") whenever more than one row must be read at once; yields to meter (when: "the threshold is a cap being spent against (limits-meter reading)") when threshold = cap-spent-against, and to badge (when: "inline, attached to another element, count only") when the reading is inline.
2026-09-28T09:42:29.4008324Z     template-confirmation        position = end of an instruction AND order = message, then FACTS, then actions, then what-happens-next AND a reference is shown if one exists — beats the Confirmation component (roles.json feedback role) because a confirmation PAGE is also the RECEIPT — that reordering is the template's whole contribution; ends a flow that template-wizard began.
2026-09-28T09:42:29.4011180Z     template-dashboard-bento     the question is 'how are things, and what needs me?' AND layout.grammar = bento — the dashboard frame when the designer's answer to 'dashboard bento — is that right?' is yes (s230-D1 beat 2); its tiles are themselves bentos (s217-D2, s217-D3). A composer borrows its grammar ($bentoGrammar) and chooses every module from the graph; it yields to template-dashboard when layout.grammar = grid.
2026-09-28T09:42:29.4013852Z     template-error               cause in (404, 500) AND RAG colour = unbound AND no support semantics invented AND one page serves ALL unexpected failures — beats template-empty (proposed "the query succeeded and returned nothing") because here the page could not be produced at all; beats an inline Alert (slice A) because the failure is the PAGE, not a field.
2026-09-28T09:42:29.4016319Z     template-wizard              steps >= 2 AND order is enforced AND next is gated AND a review step precedes the end AND the end is a receipt — beats template-create-edit (proposed "one page, no enforced order") on order; composes app-shell-focused (roles.json when: "one job, no navigation (auth, wizard)") and borrows the step mechanism whole from Stepper.
2026-09-28T09:42:29.4020122Z     textarea                     entry = free text AND the answer may run to more than one line AND there is no fixed option list AND a length limit is shown only where a real limit exists — beats input-fields (proposed "the answer fits one line") the moment a sentence is expected rather than a value — notes to approvers, a reason for payment, a secure message body; yields to input-fields for anything shorter (GOV.UK, verbatim: "enter shorter answers no longer than a single line, such as a phone number"); the counter is added only when a limit genuinely exists (GOV.UK: "Only use the character count component when there is a good reason for limiting").
2026-09-28T09:42:29.4024305Z     timeline                     records >= 2 AND time IS the structure AND every record has ALREADY HAPPENED AND entries are not buttons AND order is newest-first with date headings — roles.json when: "time is the structure, records have happened"; beats list-items when the date rail is the reading rather than a sort order; yields to list-items inside a date group the moment entries must open (our AP1), and never borrows Progress-tracker's aria-current because there is no current step (our AP0).
2026-09-28T09:42:29.4027653Z     view-options                 NEVER — superseded 2026-07-24; the view switch is Segmented-control — carries no selection criterion because it is not a choice any composer should make: filter-toolbar-bar's AP1 already says "Consuming View-options instead of Segmented-control for the view switch — View-options was superseded"; the honest `when` here is a redirect, not a predicate.
2026-09-28T09:42:29.4029159Z DERIVED (printed, NEVER written into a meta — s251-D6, ISO 25964):
2026-09-28T09:42:29.4029728Z     preferred:  role action           PREFERRED TERM button (priority 60) — 7 co-provider(s)
2026-09-28T09:42:29.4030410Z     preferred:  role arrangement      PREFERRED TERM layout-utilities (priority 60) — 7 co-provider(s)
2026-09-28T09:42:29.4031095Z     preferred:  role chart-panel      PREFERRED TERM chart-bar (priority 92) — 11 co-provider(s)
2026-09-28T09:42:29.4031736Z     preferred:  role feedback         PREFERRED TERM alert (priority None) — 10 co-provider(s)
2026-09-28T09:42:29.4032396Z     preferred:  role headline-metric  PREFERRED TERM stat-card (priority 60) — 3 co-provider(s)
2026-09-28T09:42:29.4033089Z     preferred:  role input            PREFERRED TERM account-selector (priority None) — 26 co-provider(s)
2026-09-28T09:42:29.4033794Z     preferred:  role overlay          PREFERRED TERM command-palette (priority None) — 6 co-provider(s)
2026-09-28T09:42:29.4034505Z     preferred:  role page-frame       PREFERRED TERM app-shell-top-nav (priority 60) — 6 co-provider(s)
2026-09-28T09:42:29.4035174Z     preferred:  role page-title       PREFERRED TERM headers (priority 50) — 3 co-provider(s)
2026-09-28T09:42:29.4035818Z     preferred:  role record-list      PREFERRED TERM list-items (priority 60) — 7 co-provider(s)
2026-09-28T09:42:29.4036508Z     preferred:  role status-surface   PREFERRED TERM status-indicator (priority 60) — 3 co-provider(s)
2026-09-28T09:42:29.4037496Z     preferred:  role wayfinding       PREFERRED TERM navigations (priority 60) — 7 co-provider(s)
2026-09-28T09:42:29.4038150Z     instead-of: action-bar                   instead-of button                       [distant] role=action shape=differs span=unknown
2026-09-28T09:42:29.4038843Z     instead-of: cta-lockup                   instead-of button                       [distant] role=action shape=differs span=unknown
2026-09-28T09:42:29.4039515Z     instead-of: fab                          instead-of button                       [distant] role=action shape=differs span=unknown
2026-09-28T09:42:29.4040195Z     instead-of: icon-button                  instead-of button                       [distant] role=action shape=differs span=unknown
2026-09-28T09:42:29.4040865Z     instead-of: links                        instead-of button                       [distant] role=action shape=differs span=unknown
2026-09-28T09:42:29.4041545Z     instead-of: quick-actions                instead-of button                       [distant] role=action shape=differs span=unknown
2026-09-28T09:42:29.4042234Z     instead-of: split-button                 instead-of button                       [distant] role=action shape=differs span=unknown
2026-09-28T09:42:29.4042966Z     instead-of: accordion                    instead-of layout-utilities             [distant] role=arrangement shape=differs span=unknown
2026-09-28T09:42:29.4043725Z     instead-of: cards                        instead-of layout-utilities             [distant] role=arrangement shape=differs span=unknown
2026-09-28T09:42:29.4044736Z     instead-of: carousel                     instead-of layout-utilities             [distant] role=arrangement shape=differs span=unknown
2026-09-28T09:42:29.4045495Z     instead-of: divider                      instead-of layout-utilities             [distant] role=arrangement shape=differs span=unknown
2026-09-28T09:42:29.4046290Z     instead-of: feature-grid-lockup          instead-of layout-utilities             [distant] role=arrangement shape=differs span=unknown
2026-09-28T09:42:29.4047418Z     instead-of: splitter                     instead-of layout-utilities             [distant] role=arrangement shape=differs span=unknown
2026-09-28T09:42:29.4048202Z     instead-of: stats-band-lockup            instead-of layout-utilities             [distant] role=arrangement shape=differs span=unknown
2026-09-28T09:42:29.4049015Z     instead-of: chart-line                   instead-of chart-bar                    [near] role=chart-panel shape=differs span=overlaps
2026-09-28T09:42:29.4049749Z     instead-of: chart-donut                  instead-of chart-bar                    [near] role=chart-panel shape=differs span=overlaps
2026-09-28T09:42:29.4050483Z     instead-of: Chart-histogram              instead-of chart-bar                    [near] role=chart-panel shape=differs span=overlaps
2026-09-28T09:42:29.4051216Z     instead-of: Chart-scatter                instead-of chart-bar                    [near] role=chart-panel shape=differs span=overlaps
2026-09-28T09:42:29.4051955Z     instead-of: chart-stacked-area           instead-of chart-bar                    [near] role=chart-panel shape=differs span=overlaps
2026-09-28T09:42:29.4052703Z     instead-of: Chart-boxplot                instead-of chart-bar                    [near] role=chart-panel shape=differs span=overlaps
2026-09-28T09:42:29.4053428Z     instead-of: chart-combo                  instead-of chart-bar                    [near] role=chart-panel shape=differs span=overlaps
2026-09-28T09:42:29.4054139Z     instead-of: chart-pie                    instead-of chart-bar                    [near] role=chart-panel shape=differs span=overlaps
2026-09-28T09:42:29.4054873Z     instead-of: Chart-candlestick            instead-of chart-bar                    [near] role=chart-panel shape=differs span=overlaps
2026-09-28T09:42:29.4055626Z     instead-of: Chart-butterfly-h            instead-of chart-bar                    [near] role=chart-panel shape=differs span=overlaps
2026-09-28T09:42:29.4056381Z     instead-of: Chart-butterfly-v            instead-of chart-bar                    [near] role=chart-panel shape=differs span=overlaps
2026-09-28T09:42:29.4057342Z     instead-of: banner                       instead-of alert                        [distant] role=feedback shape=differs span=unknown
2026-09-28T09:42:29.4058042Z     instead-of: confirmation                 instead-of alert                        [distant] role=feedback shape=differs span=unknown
2026-09-28T09:42:29.4058757Z     instead-of: countdown-timer              instead-of alert                        [distant] role=feedback shape=differs span=unknown
2026-09-28T09:42:29.4059463Z     instead-of: empty-state                  instead-of alert                        [distant] role=feedback shape=differs span=unknown
2026-09-28T09:42:29.4060173Z     instead-of: loading-indicator            instead-of alert                        [distant] role=feedback shape=differs span=unknown
2026-09-28T09:42:29.4060886Z     instead-of: notifications                instead-of alert                        [distant] role=feedback shape=differs span=unknown
2026-09-28T09:42:29.4061593Z     instead-of: progress-bar                 instead-of alert                        [distant] role=feedback shape=differs span=unknown
2026-09-28T09:42:29.4062308Z     instead-of: progress-tracker             instead-of alert                        [distant] role=feedback shape=differs span=unknown
2026-09-28T09:42:29.4063165Z     instead-of: skeleton-loader              instead-of alert                        [distant] role=feedback shape=differs span=unknown
2026-09-28T09:42:29.4063958Z     instead-of: toast                        instead-of alert                        [distant] role=feedback shape=differs span=unknown
2026-09-28T09:42:29.4064666Z     instead-of: kpi-tile                     instead-of stat-card                    [near] role=headline-metric shape=differs span=overlaps
2026-09-28T09:42:29.4065412Z     instead-of: Chart-bullet                 instead-of stat-card                    [near] role=headline-metric shape=differs span=overlaps
2026-09-28T09:42:29.4066163Z     instead-of: runway-bar                   instead-of stat-card                    [near] role=headline-metric shape=differs span=overlaps
2026-09-28T09:42:29.4067170Z     instead-of: amount-display               instead-of account-selector             [distant] role=input shape=differs span=unknown
2026-09-28T09:42:29.4067937Z     instead-of: amount-input                 instead-of account-selector             [distant] role=input shape=differs span=unknown
2026-09-28T09:42:29.4068692Z     instead-of: calendar                     instead-of account-selector             [distant] role=input shape=differs span=unknown
2026-09-28T09:42:29.4069416Z     instead-of: cascader                     instead-of account-selector             [distant] role=input shape=differs span=unknown
2026-09-28T09:42:29.4070165Z     instead-of: combobox                     instead-of account-selector             [distant] role=input shape=differs span=unknown
2026-09-28T09:42:29.4070898Z     instead-of: date-picker                  instead-of account-selector             [distant] role=input shape=differs span=unknown
2026-09-28T09:42:29.4071660Z     instead-of: date-range-picker            instead-of account-selector             [distant] role=input shape=differs span=unknown
2026-09-28T09:42:29.4072408Z     instead-of: dropdown                     instead-of account-selector             [distant] role=input shape=differs span=unknown
2026-09-28T09:42:29.4073149Z     instead-of: file-upload                  instead-of account-selector             [distant] role=input shape=differs span=unknown
2026-09-28T09:42:29.4073890Z     instead-of: form-layout                  instead-of account-selector             [distant] role=input shape=differs span=unknown
2026-09-28T09:42:29.4074640Z     instead-of: input-fields                 instead-of account-selector             [distant] role=input shape=differs span=unknown
2026-09-28T09:42:29.4075390Z     instead-of: multi-select                 instead-of account-selector             [distant] role=input shape=differs span=unknown
2026-09-28T09:42:29.4076141Z     instead-of: range-slider                 instead-of account-selector             [distant] role=input shape=differs span=unknown
2026-09-28T09:42:29.4077124Z     instead-of: rating                       instead-of account-selector             [distant] role=input shape=differs span=unknown
2026-09-28T09:42:29.4077876Z     instead-of: reorder                      instead-of account-selector             [distant] role=input shape=differs span=unknown
2026-09-28T09:42:29.4078615Z     instead-of: search-field                 instead-of account-selector             [distant] role=input shape=differs span=unknown
2026-09-28T09:42:29.4079366Z     instead-of: secure-entry                 instead-of account-selector             [distant] role=input shape=differs span=unknown
2026-09-28T09:42:29.4080120Z     instead-of: segmented-control            instead-of account-selector             [distant] role=input shape=differs span=unknown
2026-09-28T09:42:29.4081061Z     instead-of: selection-controls           instead-of account-selector             [distant] role=input shape=differs span=unknown
2026-09-28T09:42:29.4092378Z     instead-of: slider                       instead-of account-selector             [distant] role=input shape=differs span=unknown
2026-09-28T09:42:29.4093450Z     instead-of: stepper                      instead-of account-selector             [distant] role=input shape=differs span=unknown
2026-09-28T09:42:29.4094560Z     instead-of: tags-input                   instead-of account-selector             [distant] role=input shape=differs span=unknown
2026-09-28T09:42:29.4095322Z     instead-of: textarea                     instead-of account-selector             [distant] role=input shape=differs span=unknown
2026-09-28T09:42:29.4096060Z     instead-of: time-picker                  instead-of account-selector             [distant] role=input shape=differs span=unknown
2026-09-28T09:42:29.4097071Z     instead-of: transfer-list                instead-of account-selector             [distant] role=input shape=differs span=unknown
2026-09-28T09:42:29.4097833Z     instead-of: view-options                 instead-of account-selector             [distant] role=input shape=differs span=unknown
2026-09-28T09:42:29.4098568Z     instead-of: drawer                       instead-of command-palette              [distant] role=overlay shape=differs span=unknown
2026-09-28T09:42:29.4099337Z     instead-of: modal-lightbox               instead-of command-palette              [distant] role=overlay shape=differs span=unknown
2026-09-28T09:42:29.4100084Z     instead-of: modals                       instead-of command-palette              [distant] role=overlay shape=differs span=unknown
2026-09-28T09:42:29.4100822Z     instead-of: popconfirm                   instead-of command-palette              [distant] role=overlay shape=differs span=unknown
2026-09-28T09:42:29.4101551Z     instead-of: popover                      instead-of command-palette              [distant] role=overlay shape=differs span=unknown
2026-09-28T09:42:29.4102278Z     instead-of: tooltip                      instead-of command-palette              [distant] role=overlay shape=differs span=unknown
2026-09-28T09:42:29.4103062Z     instead-of: app-shell-doormat            instead-of app-shell-top-nav            [distant] role=page-frame shape=differs span=unknown
2026-09-28T09:42:29.4103872Z     instead-of: app-shell-focused            instead-of app-shell-top-nav            [distant] role=page-frame shape=differs span=unknown
2026-09-28T09:42:29.4104695Z     instead-of: app-shell-multi-column       instead-of app-shell-top-nav            [distant] role=page-frame shape=differs span=unknown
2026-09-28T09:42:29.4105538Z     instead-of: app-shell-nav-rail           instead-of app-shell-top-nav            [distant] role=page-frame shape=differs span=unknown
2026-09-28T09:42:29.4106389Z     instead-of: app-shell-side-nav           instead-of app-shell-top-nav            [distant] role=page-frame shape=differs span=unknown
2026-09-28T09:42:29.4107437Z     instead-of: app-shell-split              instead-of app-shell-top-nav            [distant] role=page-frame shape=differs span=unknown
2026-09-28T09:42:29.4108182Z     instead-of: eyebrow                      instead-of headers                      [distant] role=page-title shape=differs span=unknown
2026-09-28T09:42:29.4108916Z     instead-of: page-header-lockup           instead-of headers                      [distant] role=page-title shape=differs span=unknown
2026-09-28T09:42:29.4109688Z     instead-of: section-heading-lockup       instead-of headers                      [distant] role=page-title shape=differs span=unknown
2026-09-28T09:42:29.4110440Z     instead-of: data-grid                    instead-of list-items                   [distant] role=record-list shape=differs span=unknown
2026-09-28T09:42:29.4111179Z     instead-of: document-row                 instead-of list-items                   [distant] role=record-list shape=differs span=unknown
2026-09-28T09:42:29.4111958Z     instead-of: standing-order-mandate-row   instead-of list-items                   [distant] role=record-list shape=differs span=unknown
2026-09-28T09:42:29.4112720Z     instead-of: table                        instead-of list-items                   [distant] role=record-list shape=differs span=unknown
2026-09-28T09:42:29.4113565Z     instead-of: timeline                     instead-of list-items                   [distant] role=record-list shape=differs span=unknown
2026-09-28T09:42:29.4114406Z     instead-of: transaction-row              instead-of list-items                   [distant] role=record-list shape=differs span=unknown
2026-09-28T09:42:29.4115130Z     instead-of: tree                         instead-of list-items                   [distant] role=record-list shape=differs span=unknown
2026-09-28T09:42:29.4115879Z     instead-of: summary                      instead-of status-indicator             [distant] role=status-surface shape=differs span=disjoint
2026-09-28T09:42:29.4116840Z     instead-of: badge                        instead-of status-indicator             [distant] role=status-surface shape=differs span=unknown
2026-09-28T09:42:29.4117694Z     instead-of: meter                        instead-of status-indicator             [distant] role=status-surface shape=differs span=unknown
2026-09-28T09:42:29.4118460Z     instead-of: breadcrumbs                  instead-of navigations                  [near] role=wayfinding shape=differs span=overlaps
2026-09-28T09:42:29.4119201Z     instead-of: anchor-nav                   instead-of navigations                  [distant] role=wayfinding shape=differs span=unknown
2026-09-28T09:42:29.4119941Z     instead-of: back-to-top                  instead-of navigations                  [distant] role=wayfinding shape=differs span=unknown
2026-09-28T09:42:29.4120681Z     instead-of: pagination                   instead-of navigations                  [distant] role=wayfinding shape=differs span=unknown
2026-09-28T09:42:29.4121416Z     instead-of: sidebar-nav                  instead-of navigations                  [distant] role=wayfinding shape=differs span=unknown
2026-09-28T09:42:29.4122142Z     instead-of: tab-bar                      instead-of navigations                  [distant] role=wayfinding shape=differs span=unknown
2026-09-28T09:42:29.4122849Z     instead-of: tabs                         instead-of navigations                  [distant] role=wayfinding shape=differs span=unknown
2026-09-28T09:42:29.4123508Z     not-with:   stat-card                    not-with Chart-butterfly-h            -> DERIVED (symmetric)
2026-09-28T09:42:29.4124096Z     not-with:   stat-card                    not-with Chart-butterfly-v            -> DERIVED (symmetric)
2026-09-28T09:42:29.4124690Z     not-with:   chart-bar                    not-with Chart-histogram              -> DERIVED (symmetric)
2026-09-28T09:42:29.4125266Z     not-with:   stat-card                    not-with Chart-histogram              -> DERIVED (symmetric)
2026-09-28T09:42:29.4125832Z     not-with:   chart-donut                  not-with chart-pie                    -> DERIVED (symmetric)
2026-09-28T09:42:29.4126401Z     not-with:   chart-line                   not-with chart-sparkline              -> DERIVED (symmetric)
2026-09-28T09:42:29.4127243Z     not-with:   chart-bar                    not-with chart-stacked-area           -> DERIVED (symmetric)
2026-09-28T09:42:29.4127928Z     not-with:   status-surface               not-with kpi-tile                     -> reciprocal NOT DERIVABLE (target is a ROLE, not a meta)
2026-09-28T09:42:29.4128611Z     not-with:   chart-sparkline              not-with legend                       -> DERIVED (symmetric)
2026-09-28T09:42:29.4129669Z     with:       filter-toolbar-bar           with data-grid                    -> DERIVED suggests (from suggests; NOT asserted — a complement is one-way until Dave says otherwise)
2026-09-28T09:42:29.4130826Z     with:       pagination                   with data-grid                    -> DERIVED suggests (from suggests; NOT asserted — a complement is one-way until Dave says otherwise)
2026-09-28T09:42:29.4131933Z     with:       search-field                 with data-grid                    -> DERIVED suggests (from suggests; NOT asserted — a complement is one-way until Dave says otherwise)
2026-09-28T09:42:29.4133048Z     with:       selection-controls           with data-grid                    -> DERIVED suggests (from suggests; NOT asserted — a complement is one-way until Dave says otherwise)
2026-09-28T09:42:29.4134453Z     with:       skeleton-loader              with data-grid                    -> DERIVED suggests (from suggests; NOT asserted — a complement is one-way until Dave says otherwise)
2026-09-28T09:42:29.4135543Z     with:       tags                         with data-grid                    -> DERIVED suggests (from suggests; NOT asserted — a complement is one-way until Dave says otherwise)
2026-09-28T09:42:29.4136633Z     with:       chart-sparkline              with kpi-tile                     -> DERIVED suggests (from recommends; NOT asserted — a complement is one-way until Dave says otherwise)
2026-09-28T09:42:29.4137784Z     with:       chart-panel                  with legend                       -> reciprocal NOT DERIVABLE (target is a ROLE, not a meta)
2026-09-28T09:42:29.4138454Z CROSS-CHECK roles.json <-> metas (REPORT ONLY, never a fail — s252-D1):
2026-09-28T09:42:29.4139032Z     roles.json membership and the metas' `provides` AGREE for every meta that carries the field (108).
2026-09-28T09:42:29.4140918Z RESULT: PASS — every role/answers/shape/not-with/with address resolves, every `when` field name is legal, priorities are unique in-role, and intent agrees with answers. This proves no address DANGLES; it does not prove any assignment is RIGHT (Dave's eye, against each meta's own `purpose` prose), and it does not prove a `when` predicate is TRUE of its component — only that its field names are in the store.
2026-09-28T09:42:29.4414557Z selftest — _validate_roles_resolve.py
2026-09-28T09:42:29.4415249Z   PASS a fully-tagged meta resolves           -> green | (green)
2026-09-28T09:42:29.4416375Z   PASS unknown role refuses                   -> FAIL | Bad: FAIL [provides-resolves] — UNKNOWN ROLE 'chart-pane' — not a key of `roles` in knowledge/roles.json. Lega
2026-09-28T09:42:29.4418418Z   PASS unknown answer refuses                 -> FAIL | Bad2: FAIL [answers-resolves] — UNKNOWN ANSWER 'count-vs-threshold' — not a key of `chart-intent` in knowledge
2026-09-28T09:42:29.4420024Z   PASS not-with slug resolving to nothing refuses -> FAIL | Bad3: FAIL [notwith-resolves] — UNKNOWN SLUG 'ghost-card' in `not-with` — resolves to neither a meta stem unde
2026-09-28T09:42:29.4421726Z   PASS duplicate priority inside one role refuses -> FAIL | A: FAIL [priority-unique] — priority 60 is claimed by 2 providers of role 'chart-panel': A, B. Priority is the
2026-09-28T09:42:29.4422747Z   PASS same priority in DIFFERENT roles is legal -> green | (green)
2026-09-28T09:42:29.4423884Z   PASS priority with no provides refuses      -> FAIL | Bad6: FAIL [priority-in-role] — `priority` 60 with no resolving `provides`. Priority is compared ONLY within o
2026-09-28T09:42:29.4425448Z   PASS intent != answers refuses              -> FAIL | Bad4: FAIL [intent-equals-answers] — `intent` 'comparison' and `answers` 'distribution' DISAGREE. `answers` is
2026-09-28T09:42:29.4427140Z   PASS span min > max refuses                 -> FAIL | Bad5: FAIL [span-ordered] — `span.cols.min` 9 > `max` 4. The 1..12 bounds are the schema's; draft-07 cannot co
2026-09-28T09:42:29.4428527Z   PASS absent roles store fails LOUD          -> FAIL | FAIL — roles store MISSING: /tmp/tmpeuir_yro/roles.json (an absent instrument is not a pass)
2026-09-28T09:42:29.4429938Z   PASS unknown shape refuses                  -> FAIL | Bad7: FAIL [shape-known] — UNKNOWN SHAPE 'bins × frequency' — not a key of `shapes` in knowledge/shapes.json. 
2026-09-28T09:42:29.4430863Z   PASS a shape IN the store resolves          -> green | (green)
2026-09-28T09:42:29.4431779Z   PASS unknown `when` field refuses           -> FAIL | Bad8: FAIL [when-fields-known] — UNKNOWN `when` FIELD 'prominence' in clause 'prominence >= 2' — not a key of 
2026-09-28T09:42:29.4432485Z   PASS prose in the gate is NOT a field claim -> green | (green)
2026-09-28T09:42:29.4432931Z   PASS a field named only AFTER the em-dash is not parsed -> green | (green)
2026-09-28T09:42:29.4433558Z RESULT: PASS
2026-09-28T09:42:29.5694013Z   [PASS] _proforma/DataViz-interactive.html  (16 charts, 0 blocking, 16 advisory)
2026-09-28T09:42:29.5695266Z   [PASS] snippets/Chart-bar.reference.html  (5 charts, 0 blocking, 48 advisory)
2026-09-28T09:42:29.5696007Z   [PASS] snippets/Chart-boxplot.reference.html  (1 charts, 0 blocking, 2 advisory)
2026-09-28T09:42:29.5697049Z   [PASS] snippets/Chart-bullet.reference.html  (1 charts, 0 blocking, 2 advisory)
2026-09-28T09:42:29.5697821Z   [PASS] snippets/Chart-butterfly-h.reference.html  (1 charts, 0 blocking, 2 advisory)
2026-09-28T09:42:29.5698577Z   [PASS] snippets/Chart-butterfly-v.reference.html  (1 charts, 0 blocking, 3 advisory)
2026-09-28T09:42:29.5699334Z   [PASS] snippets/Chart-candlestick.reference.html  (1 charts, 0 blocking, 2 advisory)
2026-09-28T09:42:29.5700060Z   [PASS] snippets/Chart-combo.reference.html  (1 charts, 0 blocking, 10 advisory)
2026-09-28T09:42:29.5700765Z   [PASS] snippets/Chart-donut.reference.html  (2 charts, 0 blocking, 3 advisory)
2026-09-28T09:42:29.5701468Z   [PASS] snippets/Chart-histogram.reference.html  (1 charts, 0 blocking, 2 advisory)
2026-09-28T09:42:29.5702173Z   [PASS] snippets/Chart-line.reference.html  (2 charts, 0 blocking, 19 advisory)
2026-09-28T09:42:29.5702841Z   [PASS] snippets/Chart-pie.reference.html  (2 charts, 0 blocking, 3 advisory)
2026-09-28T09:42:29.5703530Z   [PASS] snippets/Chart-scatter.reference.html  (2 charts, 0 blocking, 19 advisory)
2026-09-28T09:42:29.5704188Z   [PASS] snippets/Chart-sparkline.reference.html  (3 charts, 0 blocking, 4 advisory)
2026-09-28T09:42:29.5704798Z   [PASS] snippets/Chart-stacked-area.reference.html  (1 charts, 0 blocking, 10 advisory)
2026-09-28T09:42:29.5705181Z 
2026-09-28T09:42:29.5705572Z ✅ DataViz gate passed (15 chart surface file(s)).
2026-09-28T09:42:29.6365954Z   [ok] ★ #260 ENGINE_TEST_PAGE maps every engine-drawn member to a test page that EXISTS
2026-09-28T09:42:29.6366532Z   [ok] GOOD column passes blocking
2026-09-28T09:42:29.6367143Z   [ok] dv-009 gradient
2026-09-28T09:42:29.6367540Z   [ok] ★ DV-D02-A fires when a cartesian plot LOSES dv-fit
2026-09-28T09:42:29.6368142Z   [ok] ★ DV-D02-A fires the OTHER way — an excluded donut that CARRIES dv-fit
2026-09-28T09:42:29.6368737Z   [ok] DV-D02-A silent on an excluded chart with no dv-fit (donut, the normal case)
2026-09-28T09:42:29.6369425Z   [ok] ★ scatter is BLOCKING since the #72 discharge — no waiver left to demote it
2026-09-28T09:42:29.6370069Z   [ok] ★ scatter WITH dv-fit is silent — the green control for the discharge
2026-09-28T09:42:29.6370722Z   [ok] ★ h-bar is IN scope after DV-D02-A — the rot the amendment corrected
2026-09-28T09:42:29.6371160Z   [ok] dv-009 two patterns
2026-09-28T09:42:29.6371430Z   [ok] dv-017 raw hex fill
2026-09-28T09:42:29.6371713Z   [ok] dv-016 low-contrast series
2026-09-28T09:42:29.6372019Z   [ok] dv-bar-009 missing baseline
2026-09-28T09:42:29.6372332Z   [ok] dv-bar-009 NEVER fires on a line
2026-09-28T09:42:29.6372680Z   [ok] dv-bar-007 negative horizontal bar
2026-09-28T09:42:29.6373004Z   [ok] dv-pie-009 >6 slices
2026-09-28T09:42:29.6373294Z   [ok] dv-pie-010 sum!=total
2026-09-28T09:42:29.6373613Z   [ok] dv-004 donut without separating stroke
2026-09-28T09:42:29.6374157Z   [ok] ★ dv-004 FIRES on the ds-014 figure — stacked-column, 0.0px gap, no stroke
2026-09-28T09:42:29.6374813Z   [ok] ★ dv-004 PASSES on 2px of REAL GEOMETRY (Dave's ruling, no stroke needed)
2026-09-28T09:42:29.6375368Z   [ok] dv-004 boundary — 1.9px gap is still a failure
2026-09-28T09:42:29.6375766Z   [ok] dv-004 accepts MORE than the minimum (6px gap)
2026-09-28T09:42:29.6376177Z   [ok] dv-004 stroke mechanism still passes with a 0px gap
2026-09-28T09:42:29.6376809Z   [ok] dv-004 unmeasurable geometry fails SAFE (no x/y/height, no stroke)
2026-09-28T09:42:29.6377389Z   [ok] ★ dv-vocab FIRES on a dtype the gate has never heard of
2026-09-28T09:42:29.6377871Z   [ok] dv-vocab silent on the three values that were blind (scatter)
2026-09-28T09:42:29.6378826Z   [ok] dtype synonym normalises — grouped-column reaches dv-bar-009
2026-09-28T09:42:29.6379255Z   [ok] dv-line-011 curved series path
2026-09-28T09:42:29.6379727Z   [ok] vibration advisory fires on a shimmer pair
2026-09-28T09:42:29.6380312Z   [ok] ★ s260-D3 driven receipt: fresh + all 8 combos >=2px PASSES (and says so)
2026-09-28T09:42:29.6380983Z   [ok] ★ s260-D3 driven receipt: ONE combo at 1.9px is BLOCKING, quoting combo + px
2026-09-28T09:42:29.6381648Z   [ok] ★ s260-D3 driven receipt: STALE source hash is BLOCKING and names the file
2026-09-28T09:42:29.6382287Z   [ok] ★ s260-D3 driven receipt: NO receipt at all is BLOCKING, never a skip
2026-09-28T09:42:29.6382887Z   [ok] ★ s260-D3 driven receipt: an UNMAPPED engine snippet is BLOCKING
2026-09-28T09:42:29.6383550Z   [ok] ★ s260-D3 control: a STATIC donut with a >=2px stroke still passes the STATIC route
2026-09-28T09:42:29.6384263Z   [ok] ★ #260 recorded dv-004 figure BELOW 2px is BLOCKING outside donut/pie/stacked
2026-09-28T09:42:29.6384882Z   [ok] ★ #260 recorded dv-004 figure at 2.200px PASSES and says so
2026-09-28T09:42:29.6385415Z   [ok] ★ #260 a receipt that measures NOTHING (dv004_px null) invents no rule
2026-09-28T09:42:29.6385986Z   [ok] ★ #260 a FRESH receipt with no measured dv-004 figure still passes (no rule invented)
2026-09-28T09:42:29.6386561Z   [ok] ★ #260 the SAME receipt with one source hash changed is BLOCKING STALE
2026-09-28T09:42:29.6387240Z   [ok] ★ #260 a mapped engine page with NO receipt at all is BLOCKING, never a skip
2026-09-28T09:42:29.6387559Z 
2026-09-28T09:42:29.6387663Z ✅ selftest
2026-09-28T09:42:29.8047136Z property-resolves gate (C2): 149 file(s), 0 failure(s)
2026-09-28T09:42:29.8564267Z   [PASS] green control — the shipping file passes (0 failure(s))
2026-09-28T09:42:29.8565217Z   [PASS] bite 1 — ds-018 reintroduced (--border-disabled/--text-disabled): 2 failure(s), expected 2
2026-09-28T09:42:29.8566041Z   [PASS] bite 2 — --muted reintroduced: 1 failure(s), expected 1
2026-09-28T09:42:29.8567092Z   [PASS] bite 3 — var() WITH a fallback is intent, not a defect: 0 failure(s), expected 0
2026-09-28T09:42:29.8567900Z   [PASS] bite 4 — 404 stylesheet is caught, not swallowed: 1 failure(s), expected ≥1
2026-09-28T09:42:29.8568874Z   [PASS] bite-the-bite — a blinded detector reports 0 on a known-bad file (0), so the bites above are measuring something
2026-09-28T09:42:29.8569714Z   ✅ C2 selftest: all failure classes bite; green control passes
2026-09-28T09:42:30.3989924Z dataviz var-resolution gate — 9 file(s) with colour presentation attributes, 380 reference(s), 4 theme(s): mono, legacy, console, supercharge
2026-09-28T09:42:30.3991761Z ✅ every colour presentation attribute resolves in at least one theme
2026-09-28T09:42:31.7651274Z   [1] green control (real Chart-bar, 58 refs) -> 0 dead : PASS
2026-09-28T09:42:31.7652469Z   [2] plant undeclared --gate-selftest-ghost -> 1 dead ['--gate-selftest-ghost'] : PASS
2026-09-28T09:42:31.7653250Z   [3] same name, now DECLARED -> 0 dead : PASS
2026-09-28T09:42:31.7654057Z   [4] alias chain --ghost -> --void (undeclared) -> 1 dead : PASS
2026-09-28T09:42:31.7654906Z   [5] declared in console block only -> partial=[('--gate-selftest-ghost', ['console'])] : PASS
2026-09-28T09:42:31.7655723Z   [6] var(--void, #ccc) fallback -> 0 dead : PASS
2026-09-28T09:42:31.7657191Z   [7] empty population -> GateError: EMPTY POPULATION — globs ['knowledge/snippets/*.reference.ht : PASS
2026-09-28T09:42:31.7658271Z   [8] missing canon.css -> GateError: MISSING TARGET canon.css at /tmp/dvvars-z9jn83na/knowledge/c : PASS
2026-09-28T09:42:31.7658936Z 
2026-09-28T09:42:31.7659398Z ✅ selftest PASS — the gate can fail, and fails on the right shapes
2026-09-28T09:42:32.3161026Z minted-token consumption inventory (ADVISORY) — canon.css declares 1024 custom properties (base tier 1021 · theme tier 419)
2026-09-28T09:42:32.3162091Z   consumed by a var() in the glob ......... 656
2026-09-28T09:42:32.3162841Z   unconsumed .............................. 368
2026-09-28T09:42:32.3164123Z     ├─ ALIAS-TARGET (mint-time $alias) ..... 83
2026-09-28T09:42:32.3165040Z     ├─ ALIAS-SHADOW (alias expansion) ..... 23
2026-09-28T09:42:32.3166200Z     └─ ORPHAN       (declared, never read) 262   [6 of them minted per-theme]
2026-09-28T09:42:32.3167044Z 
2026-09-28T09:42:32.3169091Z ⚠ ADVISORY: an unconsumed mint is not a defect on its face — a forgotten wire and a reserved slot wear the same shape, and no presence test can tell them apart. Promotion to blocking needs a $consumer/$reserved declaration on the token, and is Dave's word.
2026-09-28T09:42:35.8197665Z   [1] green control: real canon.css parses and classifies            PASS  — declared=1024 consumed=656 orphan=262
2026-09-28T09:42:35.8201296Z   [2] a heavily-consumed var (--border-radius-default) is not flagged PASS  — (absent)
2026-09-28T09:42:35.8202322Z   [3] plant --gate-selftest-orphan in a console block -> ORPHAN      PASS  — ORPHAN
2026-09-28T09:42:35.8203245Z   [4] same name, now var()-ed by a file in the glob -> not flagged   PASS  — (absent)
2026-09-28T09:42:35.8204175Z   [5] consumer moved to reviews/ (excluded) -> ORPHAN again          PASS  — ORPHAN
2026-09-28T09:42:35.8205134Z   [6] $alias target --color-neutral-15 classed ALIAS-TARGET, not ORPHAN PASS  — ALIAS-TARGET
2026-09-28T09:42:35.8206135Z   [7] MUTANT subtract_alias_targets=False -> --color-neutral-15 goes ORPHAN PASS  — ORPHAN
2026-09-28T09:42:35.8207637Z   [8] --tooltip-background ALIAS-SHADOW, and ORPHAN under the mutant PASS  — ALIAS-SHADOW / mutant ORPHAN
2026-09-28T09:42:35.8208899Z   [9] missing canon.css -> GateError                                 PASS  — MISSING TARGET canon.css at /tmp/mintcons-sf42decc/k
2026-09-28T09:42:35.8210172Z   [10] empty consumer population -> GateError                         PASS  — EMPTY CONSUMER POPULATION — no scannable file under 
2026-09-28T09:42:35.8210851Z 
2026-09-28T09:42:35.8211592Z ✅ selftest PASS — the inventory can flag, can stop flagging, and both false-positive subtractions are mutation-proved (10 bites)
2026-09-28T09:42:38.3518025Z [hidden]-vs-author-display sweep — ADVISORY, non-gating (#218 W3 F1 class, s218-D5 clause 3)
2026-09-28T09:42:38.3519338Z 137 snippet(s) scanned, 17 with signals · 3 STATIC · 0 DYNAMIC · 3 STATIC? · 6 DYNAMIC? · 21 UNRESOLVED
2026-09-28T09:42:38.3519916Z 
2026-09-28T09:42:38.3520190Z ## Avatar-group.reference.html — 1 signal(s)
2026-09-28T09:42:38.3521945Z   [UNRESOLVED] Avatar-group.reference.html: line 348 sets `hidden` — `p.pop.hidden = !open;` — but this reader cannot resolve the receiver to a selector, so the element is UNCHECKED, which is a gap in this instrument's reach, NOT evidence the file is clean
2026-09-28T09:42:38.3523286Z 
2026-09-28T09:42:38.3523519Z ## Cascader.reference.html — 2 signal(s)
2026-09-28T09:42:38.3525435Z   [UNRESOLVED] Cascader.reference.html: line 538 sets `hidden` — `if(!node){ col.hidden = true; return; }` — but this reader cannot resolve the receiver to a selector, so the element is UNCHECKED, which is a gap in this instrument's reach, NOT evidence the file is clean
2026-09-28T09:42:38.3528799Z   [UNRESOLVED] Cascader.reference.html: line 539 sets `hidden` — `col.hidden = false;` — but this reader cannot resolve the receiver to a selector, so the element is UNCHECKED, which is a gap in this instrument's reach, NOT evidence the file is clean
2026-09-28T09:42:38.3530264Z 
2026-09-28T09:42:38.3530594Z ## Chart-butterfly-h.reference.html — 1 signal(s)
2026-09-28T09:42:38.3533504Z   [STATIC] Chart-butterfly-h.reference.html: STATIC hidden-bearing <div> (class=dv-empty-frame) at line 296 is painted by `.dv-empty-frame{display:flex}` (line 219, specificity (0, 1, 0)); the file has NO matching `[hidden]{display:none}` remedy — the UA `[hidden]{display:none}` is (0,1,0) and loses, so the element renders while `hidden` tells AT it is gone (#218 W3 F1 class, s218-D5 clause 3)
2026-09-28T09:42:38.3535703Z 
2026-09-28T09:42:38.3536028Z ## Chart-butterfly-v.reference.html — 1 signal(s)
2026-09-28T09:42:38.3539544Z   [STATIC] Chart-butterfly-v.reference.html: STATIC hidden-bearing <div> (class=dv-empty-frame) at line 301 is painted by `.dv-empty-frame{display:flex}` (line 224, specificity (0, 1, 0)); the file has NO matching `[hidden]{display:none}` remedy — the UA `[hidden]{display:none}` is (0,1,0) and loses, so the element renders while `hidden` tells AT it is gone (#218 W3 F1 class, s218-D5 clause 3)
2026-09-28T09:42:38.3541958Z 
2026-09-28T09:42:38.3542280Z ## Chart-histogram.reference.html — 1 signal(s)
2026-09-28T09:42:38.3545211Z   [STATIC] Chart-histogram.reference.html: STATIC hidden-bearing <div> (class=dv-empty-frame) at line 246 is painted by `.dv-empty-frame{display:flex}` (line 182, specificity (0, 1, 0)); the file has NO matching `[hidden]{display:none}` remedy — the UA `[hidden]{display:none}` is (0,1,0) and loses, so the element renders while `hidden` tells AT it is gone (#218 W3 F1 class, s218-D5 clause 3)
2026-09-28T09:42:38.3547754Z 
2026-09-28T09:42:38.3548066Z ## Command-palette.reference.html — 4 signal(s)
2026-09-28T09:42:38.3552019Z   [STATIC?] Command-palette.reference.html: STATIC? hidden-bearing <span> (id=cp1-title) at line 153 is painted by `.cp-stage-mock span{display:block}` (line 54, specificity (0, 0, 1)); the file has NO matching `[hidden]{display:none}` remedy ⚠ POSSIBLE ONLY: `.cp-stage-mock span` states an ancestor/sibling condition this reader does not check, so the pair may never meet in the real DOM — the UA `[hidden]{display:none}` is (0,1,0) and loses, so the element renders while `hidden` tells AT it is gone (#218 W3 F1 class, s218-D5 clause 3)
2026-09-28T09:42:38.3558408Z   [STATIC?] Command-palette.reference.html: STATIC? hidden-bearing <span> (tag=span) at line 202 is painted by `.cp-stage-mock span{display:block}` (line 54, specificity (0, 0, 1)); the file has NO matching `[hidden]{display:none}` remedy ⚠ POSSIBLE ONLY: `.cp-stage-mock span` states an ancestor/sibling condition this reader does not check, so the pair may never meet in the real DOM — the UA `[hidden]{display:none}` is (0,1,0) and loses, so the element renders while `hidden` tells AT it is gone (#218 W3 F1 class, s218-D5 clause 3)
2026-09-28T09:42:38.3564685Z   [STATIC?] Command-palette.reference.html: STATIC? hidden-bearing <span> (id=cp2-title) at line 215 is painted by `.cp-stage-mock span{display:block}` (line 54, specificity (0, 0, 1)); the file has NO matching `[hidden]{display:none}` remedy ⚠ POSSIBLE ONLY: `.cp-stage-mock span` states an ancestor/sibling condition this reader does not check, so the pair may never meet in the real DOM — the UA `[hidden]{display:none}` is (0,1,0) and loses, so the element renders while `hidden` tells AT it is gone (#218 W3 F1 class, s218-D5 clause 3)
2026-09-28T09:42:38.3569580Z   [UNRESOLVED] Command-palette.reference.html: line 334 sets `hidden` — `el.hidden = !on;` — but this reader cannot resolve the receiver to a selector, so the element is UNCHECKED, which is a gap in this instrument's reach, NOT evidence the file is clean
2026-09-28T09:42:38.3571137Z 
2026-09-28T09:42:38.3571409Z ## Data-grid.reference.html — 1 signal(s)
2026-09-28T09:42:38.3573836Z   [DYNAMIC?] Data-grid.reference.html: DYNAMIC? hidden-bearing <*> (id=fbar) at line 1012 is painted by `.sort .ic svg{display:block}` (line 232, specificity (0, 0, 1)); the file has NO matching `[hidden]{display:none}` remedy ⚠ POSSIBLE ONLY: `.sort .ic svg` states an ancestor/sibling condition this reader does not check, so the pair may never meet in the real DOM — the UA `[hidden]{display:none}` is (0,1,0) and loses, so the element renders while `hidden` tells AT it is gone (#218 W3 F1 class, s218-D5 clause 3)
2026-09-28T09:42:38.3575492Z 
2026-09-28T09:42:38.3575676Z ## Filter-toolbar-bar.reference.html — 6 signal(s)
2026-09-28T09:42:38.3577509Z   [UNRESOLVED] Filter-toolbar-bar.reference.html: line 939 sets `hidden` — `state.filters.forEach((f,i)=>{ const n=chipNode(f); if(!expanded && i>=MAXCHIPS) n.hidden=true; chipRow.appendChild(n); ` — but this reader cannot resolve the receiver to a selector, so the element is UNCHECKED, which is a gap in this instrument's reach, NOT evidence the file is clean
2026-09-28T09:42:38.3580333Z   [UNRESOLVED] Filter-toolbar-bar.reference.html: line 1073 sets `hidden` — `table.hidden = s.view!=='table'; cards.hidden = s.view==='cards' ? false : true;` — but this reader cannot resolve the receiver to a selector, so the element is UNCHECKED, which is a gap in this instrument's reach, NOT evidence the file is clean
2026-09-28T09:42:38.3582605Z   [UNRESOLVED] Filter-toolbar-bar.reference.html: line 1073 sets `hidden` — `table.hidden = s.view!=='table'; cards.hidden = s.view==='cards' ? false : true;` — but this reader cannot resolve the receiver to a selector, so the element is UNCHECKED, which is a gap in this instrument's reach, NOT evidence the file is clean
2026-09-28T09:42:38.3584821Z   [UNRESOLVED] Filter-toolbar-bar.reference.html: line 1076 sets `hidden` — `emptyEl.hidden = st!=='empty'; errEl.hidden = true; results.hidden = st==='empty';` — but this reader cannot resolve the receiver to a selector, so the element is UNCHECKED, which is a gap in this instrument's reach, NOT evidence the file is clean
2026-09-28T09:42:38.3587288Z   [UNRESOLVED] Filter-toolbar-bar.reference.html: line 1076 sets `hidden` — `emptyEl.hidden = st!=='empty'; errEl.hidden = true; results.hidden = st==='empty';` — but this reader cannot resolve the receiver to a selector, so the element is UNCHECKED, which is a gap in this instrument's reach, NOT evidence the file is clean
2026-09-28T09:42:38.3589513Z   [UNRESOLVED] Filter-toolbar-bar.reference.html: line 1076 sets `hidden` — `emptyEl.hidden = st!=='empty'; errEl.hidden = true; results.hidden = st==='empty';` — but this reader cannot resolve the receiver to a selector, so the element is UNCHECKED, which is a gap in this instrument's reach, NOT evidence the file is clean
2026-09-28T09:42:38.3590579Z 
2026-09-28T09:42:38.3590757Z ## Page-header-lockup.reference.html — 2 signal(s)
2026-09-28T09:42:38.3592814Z   [DYNAMIC?] Page-header-lockup.reference.html: DYNAMIC? hidden-bearing <*> (tag=*) at line 430 is painted by `nav ol{display:flex}` (line 130, specificity (0, 0, 1)); the file has NO matching `[hidden]{display:none}` remedy ⚠ POSSIBLE ONLY: `nav ol` states an ancestor/sibling condition this reader does not check, so the pair may never meet in the real DOM — the UA `[hidden]{display:none}` is (0,1,0) and loses, so the element renders while `hidden` tells AT it is gone (#218 W3 F1 class, s218-D5 clause 3)
2026-09-28T09:42:38.3596241Z   [DYNAMIC?] Page-header-lockup.reference.html: DYNAMIC? hidden-bearing <*> (tag=*) at line 437 is painted by `nav ol{display:flex}` (line 130, specificity (0, 0, 1)); the file has NO matching `[hidden]{display:none}` remedy ⚠ POSSIBLE ONLY: `nav ol` states an ancestor/sibling condition this reader does not check, so the pair may never meet in the real DOM — the UA `[hidden]{display:none}` is (0,1,0) and loses, so the element renders while `hidden` tells AT it is gone (#218 W3 F1 class, s218-D5 clause 3)
2026-09-28T09:42:38.3598094Z 
2026-09-28T09:42:38.3598274Z ## Secure-entry.reference.html — 2 signal(s)
2026-09-28T09:42:38.3599677Z   [UNRESOLVED] Secure-entry.reference.html: line 387 sets `hidden` — `if (left <= 0){ clearInterval(tick); tick = null; btn.disabled = false; wait.hidden = true; }` — but this reader cannot resolve the receiver to a selector, so the element is UNCHECKED, which is a gap in this instrument's reach, NOT evidence the file is clean
2026-09-28T09:42:38.3601858Z   [UNRESOLVED] Secure-entry.reference.html: line 394 sets `hidden` — `btn.disabled = true; wait.hidden = false; left = 30; n.textContent = left;` — but this reader cannot resolve the receiver to a selector, so the element is UNCHECKED, which is a gap in this instrument's reach, NOT evidence the file is clean
2026-09-28T09:42:38.3602874Z 
2026-09-28T09:42:38.3603031Z ## Sidebar-nav.reference.html — 4 signal(s)
2026-09-28T09:42:38.3605292Z   [DYNAMIC?] Sidebar-nav.reference.html: DYNAMIC? hidden-bearing <*> (tag=*) at line 617 is painted by `.sn-canvas > span{display:block}` (line 148, specificity (0, 0, 1)); the file has NO matching `[hidden]{display:none}` remedy ⚠ POSSIBLE ONLY: `.sn-canvas > span` states an ancestor/sibling condition this reader does not check, so the pair may never meet in the real DOM — the UA `[hidden]{display:none}` is (0,1,0) and loses, so the element renders while `hidden` tells AT it is gone (#218 W3 F1 class, s218-D5 clause 3)
2026-09-28T09:42:38.3608266Z   [UNRESOLVED] Sidebar-nav.reference.html: line 631 sets `hidden` — `if (sub) sub.hidden = open;` — but this reader cannot resolve the receiver to a selector, so the element is UNCHECKED, which is a gap in this instrument's reach, NOT evidence the file is clean
2026-09-28T09:42:38.3610039Z   [UNRESOLVED] Sidebar-nav.reference.html: line 656 sets `hidden` — `if (sub) sub.hidden = true;` — but this reader cannot resolve the receiver to a selector, so the element is UNCHECKED, which is a gap in this instrument's reach, NOT evidence the file is clean
2026-09-28T09:42:38.3611808Z   [UNRESOLVED] Sidebar-nav.reference.html: line 660 sets `hidden` — `if (sub) sub.hidden = !back;` — but this reader cannot resolve the receiver to a selector, so the element is UNCHECKED, which is a gap in this instrument's reach, NOT evidence the file is clean
2026-09-28T09:42:38.3612684Z 
2026-09-28T09:42:38.3612905Z ## Standing-order-mandate-row.reference.html — 1 signal(s)
2026-09-28T09:42:38.3614141Z   [UNRESOLVED] Standing-order-mandate-row.reference.html: line 677 sets `hidden` — `panel.hidden = !open;` — but this reader cannot resolve the receiver to a selector, so the element is UNCHECKED, which is a gap in this instrument's reach, NOT evidence the file is clean
2026-09-28T09:42:38.3615060Z 
2026-09-28T09:42:38.3615206Z ## Stepper.reference.html — 1 signal(s)
2026-09-28T09:42:38.3616549Z   [UNRESOLVED] Stepper.reference.html: line 443 sets `hidden` — `STEPS.forEach((s, i) => { document.getElementById('p-' + (i + 1)).hidden = (i + 1) !== current; });` — but this reader cannot resolve the receiver to a selector, so the element is UNCHECKED, which is a gap in this instrument's reach, NOT evidence the file is clean
2026-09-28T09:42:38.3618166Z 
2026-09-28T09:42:38.3618327Z ## Tabs.reference.html — 1 signal(s)
2026-09-28T09:42:38.3619747Z   [UNRESOLVED] Tabs.reference.html: line 226 sets `hidden` — `allTabs.forEach(x => { const on = x === t; x.setAttribute('aria-selected', on); x.tabIndex = on ? 0 : -1; panelOf(x).hid` — but this reader cannot resolve the receiver to a selector, so the element is UNCHECKED, which is a gap in this instrument's reach, NOT evidence the file is clean
2026-09-28T09:42:38.3620864Z 
2026-09-28T09:42:38.3621029Z ## Template-auth.reference.html — 2 signal(s)
2026-09-28T09:42:38.3622360Z   [UNRESOLVED] Template-auth.reference.html: line 815 sets `hidden` — `if (left <= 0){ clearInterval(tick); btn.disabled = false; wait.hidden = true; }` — but this reader cannot resolve the receiver to a selector, so the element is UNCHECKED, which is a gap in this instrument's reach, NOT evidence the file is clean
2026-09-28T09:42:38.3624519Z   [UNRESOLVED] Template-auth.reference.html: line 818 sets `hidden` — `btn.disabled = true; wait.hidden = false; left = 30; n.textContent = left;` — but this reader cannot resolve the receiver to a selector, so the element is UNCHECKED, which is a gap in this instrument's reach, NOT evidence the file is clean
2026-09-28T09:42:38.3625551Z 
2026-09-28T09:42:38.3625742Z ## Template-create-edit.reference.html — 1 signal(s)
2026-09-28T09:42:38.3628185Z   [DYNAMIC?] Template-create-edit.reference.html: DYNAMIC? hidden-bearing <*> (id=ef-dirty) at line 816 is painted by `.content-header button{display:inline-flex}` (line 220, specificity (0, 0, 1)); the file has NO matching `[hidden]{display:none}` remedy ⚠ POSSIBLE ONLY: `.content-header button` states an ancestor/sibling condition this reader does not check, so the pair may never meet in the real DOM — the UA `[hidden]{display:none}` is (0,1,0) and loses, so the element renders while `hidden` tells AT it is gone (#218 W3 F1 class, s218-D5 clause 3)
2026-09-28T09:42:38.3629987Z 
2026-09-28T09:42:38.3630418Z ## Template-wizard.reference.html — 2 signal(s)
2026-09-28T09:42:38.3632755Z   [DYNAMIC?] Template-wizard.reference.html: DYNAMIC? hidden-bearing <*> (id=wiz-bar) at line 782 is painted by `.content-header button{display:inline-flex}` (line 229, specificity (0, 0, 1)); the file has NO matching `[hidden]{display:none}` remedy ⚠ POSSIBLE ONLY: `.content-header button` states an ancestor/sibling condition this reader does not check, so the pair may never meet in the real DOM — the UA `[hidden]{display:none}` is (0,1,0) and loses, so the element renders while `hidden` tells AT it is gone (#218 W3 F1 class, s218-D5 clause 3)
2026-09-28T09:42:38.3635722Z   [UNRESOLVED] Template-wizard.reference.html: line 779 sets `hidden` — `STEPS.forEach((s, i) => { document.getElementById('wp-' + (i + 1)).hidden = (i + 1) !== current; });` — but this reader cannot resolve the receiver to a selector, so the element is UNCHECKED, which is a gap in this instrument's reach, NOT evidence the file is clean
2026-09-28T09:42:38.3636975Z 
2026-09-28T09:42:38.3637878Z ⚠ TRIAGE INPUT, NOT A REPAIR LIST. CERTAIN tiers (STATIC/DYNAMIC) name a painter with no ancestor condition. `?` tiers are combinator-blind and may never meet in the real DOM. UNRESOLVED is this instrument's own blind spot, not a clean bill.
2026-09-28T09:42:38.4407657Z   ✓ STATIC defect is CAUGHT and names the class, the painting rule and the missing remedy
2026-09-28T09:42:38.4411582Z       quoted: F.reference.html: STATIC hidden-bearing <div> (class=x) at line 1 is painted by `.x{display:flex}` (line 1, specificity (0, 1, 0)); the file has NO matching `[hidden]{display:none}` remedy — the UA `[hidden]{display:none}` is (0,1,0) and loses, so the element renders while `hidden` tells AT it is gone (#218 W3 F1 class, s218-D5 clause 3)
2026-09-28T09:42:38.4413789Z   ✓ the RULED remedy `.x[hidden]{display:none}` clears the finding (no false positive on the s218-D5 fix shape)
2026-09-28T09:42:38.4414794Z   ✓ a LOWER-specificity [hidden] remedy is still caught, and the message quotes both specificities
2026-09-28T09:42:38.4417359Z       quoted: F.reference.html: STATIC hidden-bearing <div> (class=a.b) at line 1 is painted by `.a.b{display:flex}` (line 1, specificity (0, 2, 0)); the file's only matching [hidden] remedy `[hidden]` (line 1) is WEAKER at (0, 1, 0) — the UA `[hidden]{display:none}` is (0,1,0) and loses, so the element renders while `hidden` tells AT it is gone (#218 W3 F1 class, s218-D5 clause 3)
2026-09-28T09:42:38.4419310Z   ✓ a painting rule inside a CSS comment is NOT counted (comment-masked)
2026-09-28T09:42:38.4420067Z   ✓ a hidden-bearing element inside an HTML comment is NOT counted (shared _htmlmask)
2026-09-28T09:42:38.4420868Z   ✓ a script-set `hidden` on a querySelector-bound element is RESOLVED and caught
2026-09-28T09:42:38.4422831Z       quoted: F.reference.html: DYNAMIC hidden-bearing <*> (class=y) at line 1 is painted by `.y{display:grid}` (line 1, specificity (0, 1, 0)); the file has NO matching `[hidden]{display:none}` remedy — the UA `[hidden]{display:none}` is (0,1,0) and loses, so the element renders while `hidden` tells AT it is gone (#218 W3 F1 class, s218-D5 clause 3)
2026-09-28T09:42:38.4424268Z   ✓ the forEach iteration variable inherits its list's binding (querySelectorAll)
2026-09-28T09:42:38.4424865Z   ✓ an unresolvable script target is DECLARED as UNCHECKED, not silently dropped
2026-09-28T09:42:38.4426067Z       quoted: F.reference.html: line 1 sets `hidden` — `pick(whatever()).hidden = true;` — but this reader cannot resolve the receiver to a selector, so the element is UNCHECKED, which is a gap in this instrument's reach, NOT evidence the file is clean
2026-09-28T09:42:38.4427331Z   ✓ a painter whose own selector carries [hidden] is read as a deliberate override, not the defect
2026-09-28T09:42:38.4428166Z   ✓ REAL #218 case: Command-palette carries NO CERTAIN finding with the ruled fix in place (the check can go green on Dave's own remedy)
2026-09-28T09:42:38.4429146Z   ✓ REAL #218 case MUTANT: delete the ruled one-line remedy and the ORIGINAL phantom option is named again, by file, class and rule
2026-09-28T09:42:38.4431499Z       quoted: Command-palette.reference.html: STATIC hidden-bearing <div> (class=cp-opt) at line 230 is painted by `.cp-opt{display:flex}` (line 93, specificity (0, 1, 0)); the file has NO matching `[hidden]{display:none}` remedy — the UA `[hidden]{display:none}` is (0,1,0) and loses, so the element renders while `hidden` tells AT it is gone (#218 W3 F1 class, s218-D5 clause 3)
2026-09-28T09:42:38.4433272Z   ✓ REAL #218 case MUTANT is CERTAIN-tier, not a hedged POSSIBLE — the one measured instance of this class must land in the tier that means it
2026-09-28T09:42:38.4434079Z   ✓ line numbers are FILE-relative, not block-relative (painter line 6, element line 10)
2026-09-28T09:42:38.4435654Z       quoted: F.reference.html: STATIC hidden-bearing <div> (class=x) at line 10 is painted by `.x{display:flex}` (line 6, specificity (0, 1, 0)); the file has NO matching `[hidden]{display:none}` remedy — the UA `[hidden]{display:none}` is (0,1,0) and loses, so the element renders while `hidden` tells AT it is gone (#218 W3 F1 class, s218-D5 clause 3)
2026-09-28T09:42:38.4437223Z   ✓ a `hidden` write inside a JS comment is NOT counted (prose about the defect is not the defect)
2026-09-28T09:42:38.4437844Z   ✓ an ANCESTOR-conditioned painter lands in the POSSIBLE tier and says why
2026-09-28T09:42:38.4439933Z       quoted: F.reference.html: STATIC? hidden-bearing <span> (class=q) at line 1 is painted by `.wrap span{display:block}` (line 1, specificity (0, 0, 1)); the file has NO matching `[hidden]{display:none}` remedy ⚠ POSSIBLE ONLY: `.wrap span` states an ancestor/sibling condition this reader does not check, so the pair may never meet in the real DOM — the UA `[hidden]{display:none}` is (0,1,0) and loses, so the element renders while `hidden` tells AT it is gone (#218 W3 F1 class, s218-D5 clause 3)
2026-09-28T09:42:38.4441956Z   ✓ when BOTH a certain and a possible painter match, the element reports the CERTAIN one (strongest signal wins, not sheet order)
2026-09-28T09:42:38.4442615Z ✅ _validate_hidden_display selftest: all bites pass
2026-09-28T09:42:38.7850077Z selftest OK — sat ceiling 0.72 · pure-black substitution · weight floor 500@12-19 / 300@20+ / none <12 · dark-on-light ignored.
2026-09-28T09:42:38.7851645Z   ~ EDGE-WEIGHT  12px @ weight 400 — floor is 500 at this size  [:where(.cn-input-fields) .help-btn .tip]  (knowledge/canon/canon.css)
2026-09-28T09:42:38.7853380Z   ~ EDGE-BLACK  pure black ground carrying reverse text — use surface/digital-black #1A1A1A  [.action-bar .btn.secondary]  (knowledge/snippets/Action-bar.reference.html)
2026-09-28T09:42:38.7854835Z   ~ EDGE-CHROMA  ground #DB0011 sat 1.00 > 0.72 ceiling  [.hero .cta]  (knowledge/snippets/Hero-variants.reference.html)
2026-09-28T09:42:38.7856075Z   ~ EDGE-CHROMA  ground #DB0011 sat 1.00 > 0.72 ceiling  [.hero .cta]  (knowledge/snippets/Hero.reference.html)
2026-09-28T09:42:38.7857815Z   ~ EDGE-WEIGHT  12px @ weight 400 — floor is 500 at this size  [.help-btn .tip]  (knowledge/snippets/Input-fields.reference.html)
2026-09-28T09:42:38.7859507Z   ~ EDGE-BLACK  pure black ground carrying reverse text — use surface/digital-black #1A1A1A  [.nv-count]  (knowledge/snippets/Navigations.reference.html)
2026-09-28T09:42:38.7861427Z   ~ EDGE-BLACK  pure black ground carrying reverse text — use surface/digital-black #1A1A1A  [.nv-avatar]  (knowledge/snippets/Navigations.reference.html)
2026-09-28T09:42:38.7863817Z   ~ EDGE-BLACK  pure black ground carrying reverse text — use surface/digital-black #1A1A1A  [.chip[aria-pressed="true"],.chip[aria-checked="true"]]  (knowledge/snippets/Selection-controls.reference.html)
2026-09-28T09:42:38.7866022Z   ~ EDGE-BLACK  pure black ground carrying reverse text — use surface/digital-black #1A1A1A  [.nv-count]  (knowledge/snippets/Sidebar-nav.reference.html)
2026-09-28T09:42:38.7868120Z   ~ EDGE-BLACK  pure black ground carrying reverse text — use surface/digital-black #1A1A1A  [.sn-avatar]  (knowledge/snippets/Sidebar-nav.reference.html)
2026-09-28T09:42:38.7870618Z   ~ EDGE-BLACK  pure black ground carrying reverse text — use surface/digital-black #1A1A1A  [.sn.is-rail .nv-label]  (knowledge/snippets/Sidebar-nav.reference.html)
2026-09-28T09:42:38.7872774Z   ~ EDGE-BLACK  pure black ground carrying reverse text — use surface/digital-black #1A1A1A  [.nv-count]  (knowledge/snippets/Tab-bar.reference.html)
2026-09-28T09:42:38.7874821Z   ~ EDGE-BLACK  pure black ground carrying reverse text — use surface/digital-black #1A1A1A  [.menu-fab[aria-expanded="true"]]  (knowledge/snippets/Tab-bar.reference.html)
2026-09-28T09:42:38.7877096Z   ~ EDGE-BLACK  pure black ground carrying reverse text — use surface/digital-black #1A1A1A  [.bar]  (knowledge/snippets/Video-player.reference.html)
2026-09-28T09:42:38.7878666Z   ~ EDGE-CHROMA  ground #DB0011 sat 1.00 > 0.72 ceiling  [.iconbtn.primary]  (knowledge/_proforma/Icon-button.reference.html)
2026-09-28T09:42:38.7880622Z   ~ EDGE-BLACK  pure black ground carrying reverse text — use surface/digital-black #1A1A1A  [.iconbtn.primary.is-pressed]  (knowledge/_proforma/Icon-button.reference.html)
2026-09-28T09:42:38.7882803Z   ~ EDGE-BLACK  pure black ground carrying reverse text — use surface/digital-black #1A1A1A  [.iconbtn.secondary]  (knowledge/_proforma/Icon-button.reference.html)
2026-09-28T09:42:38.7884797Z   ~ EDGE-WEIGHT  12px @ weight 400 — floor is 500 at this size  [.ib.f-tip::after]  (knowledge/_proforma/Tranche-6-interactive.html)
2026-09-28T09:42:38.7885583Z 
2026-09-28T09:42:38.7886262Z EDGE-EXTREMITY (advisory, {#col26-020}) — 18 finding(s): EDGE-BLACK ×12 · EDGE-CHROMA ×3 · EDGE-WEIGHT ×3
2026-09-28T09:42:38.7887551Z   advisory only — perceptual rule, blocking status after triage (dv-019 precedent)
2026-09-28T09:42:38.8436531Z verification edges: 4/38 SCs verified (0 failing), 34 applies_to-only
2026-09-28T09:42:38.8438524Z   ✅ 1.4.11: pass (component) [65/67 applies_to components have a bound audited token or a gated snippet contrastPair]
2026-09-28T09:42:38.8439481Z   ✅ 1.4.3: pass (component) [41/42 applies_to components have a bound audited token]
2026-09-28T09:42:38.8440084Z   ✅ 2.3.3: pass (component)
2026-09-28T09:42:38.8440422Z   ✅ 2.5.8: pass (component)
2026-09-28T09:42:38.8877260Z external-automatable-refs: 18/38 SCs have axe-core coverage (16 easy-win, 2 already wired, 20 uncovered)
2026-09-28T09:42:39.0182616Z consult index built: 773 records -> knowledge/_consult-index.json
2026-09-28T09:42:39.0183252Z   adr          17
2026-09-28T09:42:39.0183559Z   assertion    8
2026-09-28T09:42:39.0183865Z   defect       54
2026-09-28T09:42:39.0184157Z   gate         51
2026-09-28T09:42:39.0184448Z   open-item    105
2026-09-28T09:42:39.0184752Z   rule         475
2026-09-28T09:42:39.0185055Z   ruling       63
2026-09-28T09:42:39.1725221Z [OK] "amber glyph contrast white" — expected ['R-D3', 'avd-001'], missing none
2026-09-28T09:42:39.1726115Z [OK] "inline fonts portability" — expected ['T-D9'], missing none
2026-09-28T09:42:39.1727202Z [OK] "univers sandbox render" — expected ['ASSERT-002', 'ASSERT-006'], missing none
2026-09-28T09:42:39.1728402Z [OK] --fetch R-D3 returns the full record (stage 2 hit)
2026-09-28T09:42:39.1728910Z [OK] --fetch unknown id REFUSES (fail-loud)
2026-09-28T09:42:39.1729473Z [OK] edge attach: record with no mention gets no attachment
2026-09-28T09:42:39.1730172Z [OK] edge attach: injected fabricated edge appears via direct id match
2026-09-28T09:42:39.1731036Z [OK] step 3 mark: target-of-supersedes record gets the ⛔ line
2026-09-28T09:42:39.1731919Z selftest OK — all regression queries surfaced their known-answer record(s).
2026-09-28T09:42:39.2070155Z [OK] stem: 'fonts' finds the font-size record
2026-09-28T09:42:39.2070815Z [OK] miss: unrelated query returns zero buckets
2026-09-28T09:42:39.2071232Z [OK] cap bites at 3, total honest at 7
2026-09-28T09:42:39.2071589Z [OK] header quotes total when capped
2026-09-28T09:42:39.2071960Z [OK] header quotes plain count when complete
2026-09-28T09:42:39.2072344Z [OK] fetch hit returns the record
2026-09-28T09:42:39.2072661Z [OK] fetch miss REFUSES
2026-09-28T09:42:39.2072993Z [OK] fetch miss lists a near-miss
2026-09-28T09:42:39.2073576Z [OK] receipt: query→ids form passes
2026-09-28T09:42:39.2073928Z [OK] receipt: honest negative passes
2026-09-28T09:42:39.2074548Z [OK] receipt: bare none REFUSED
2026-09-28T09:42:39.2074875Z [OK] receipt: missing arrow REFUSED
2026-09-28T09:42:39.2075206Z [OK] receipt: empty ids REFUSED
2026-09-28T09:42:39.2075525Z [OK] empty/missing index REFUSES
2026-09-28T09:42:39.2075932Z [OK] builder name is DERIVED from the index name (memento door)
2026-09-28T09:42:39.2076468Z [OK] builder name is DERIVED from the index name (consult door)
2026-09-28T09:42:39.2077280Z [OK] missing index names the builder BESIDE it
2026-09-28T09:42:39.2077713Z [OK] the named builder is the DERIVED one, not a fallback
2026-09-28T09:42:39.2078210Z [OK] no builder on disk ⇒ names NO command
2026-09-28T09:42:39.2078617Z [OK] no builder on disk ⇒ still REFUSES
2026-09-28T09:42:39.2079217Z selftest OK — engine, fetch refusal, honest denominators and receipt form all bite.
2026-09-28T09:42:39.5078850Z ⚠ DUPLICATE HEADING: gm-archive:2b-wave-1-rulings-1-7-unchanged-rule-with-the-above at _GM-ARCHIVE.md:5594 and _GM-ARCHIVE.md:6674
2026-09-28T09:42:39.5080995Z ⚠ DUPLICATE HEADING: gm-archive:3-the-standing-eyeball-set-non-blocking-your-foundations-fir at _GM-ARCHIVE.md:5616 and _GM-ARCHIVE.md:6697
2026-09-28T09:42:39.5083119Z ⚠ DUPLICATE HEADING: gm-archive:4b-queued-button-states-finesse-pass-dave-2026-07-22-not-now at _GM-ARCHIVE.md:5578 and _GM-ARCHIVE.md:6771
2026-09-28T09:42:39.5084813Z ⚠ DUPLICATE HEADING: gm-archive:5-parked-unchanged at _GM-ARCHIVE.md:5589 and _GM-ARCHIVE.md:6782
2026-09-28T09:42:39.5086907Z ⚠ DUPLICATE HEADING: ls-archive:prior-delta-2026-07-26-sun-evening-opus-solo-self-conducting at _LIVE-STATE-ARCHIVE.md:5457 and _LIVE-STATE-ARCHIVE.md:5472
2026-09-28T09:42:39.5089092Z ⚠ DUPLICATE HEADING: component:icon-button at knowledge/_proforma/icon-button.meta.json:1 and knowledge/components/icon-button.meta.json:1
2026-09-28T09:42:39.9685782Z memento index: 2343 records → knowledge/_memento-index.json (brief:206, carries-section:83, component-meta:139, context-node:222, dream:14, gauge-block:287, gm-archive-section:275, gm-section:20, lane:4, ledger-section:86, ls-archive-section:559, ls-section:11, pattern-node:380, runbook-section:57)
2026-09-28T09:42:40.2885472Z ⚠ DUPLICATE HEADING: gm-archive:2b-wave-1-rulings-1-7-unchanged-rule-with-the-above at _GM-ARCHIVE.md:5594 and _GM-ARCHIVE.md:6674
2026-09-28T09:42:40.2888131Z ⚠ DUPLICATE HEADING: gm-archive:3-the-standing-eyeball-set-non-blocking-your-foundations-fir at _GM-ARCHIVE.md:5616 and _GM-ARCHIVE.md:6697
2026-09-28T09:42:40.2890227Z ⚠ DUPLICATE HEADING: gm-archive:4b-queued-button-states-finesse-pass-dave-2026-07-22-not-now at _GM-ARCHIVE.md:5578 and _GM-ARCHIVE.md:6771
2026-09-28T09:42:40.2891907Z ⚠ DUPLICATE HEADING: gm-archive:5-parked-unchanged at _GM-ARCHIVE.md:5589 and _GM-ARCHIVE.md:6782
2026-09-28T09:42:40.2893756Z ⚠ DUPLICATE HEADING: ls-archive:prior-delta-2026-07-26-sun-evening-opus-solo-self-conducting at _LIVE-STATE-ARCHIVE.md:5457 and _LIVE-STATE-ARCHIVE.md:5472
2026-09-28T09:42:40.2896387Z ⚠ DUPLICATE HEADING: component:icon-button at knowledge/_proforma/icon-button.meta.json:1 and knowledge/components/icon-button.meta.json:1
2026-09-28T09:42:40.7339993Z memento index --check: current (2343 records)
2026-09-28T09:42:41.0583548Z ⚠ DUPLICATE HEADING: gm-archive:2b-wave-1-rulings-1-7-unchanged-rule-with-the-above at _GM-ARCHIVE.md:5594 and _GM-ARCHIVE.md:6674
2026-09-28T09:42:41.0585649Z ⚠ DUPLICATE HEADING: gm-archive:3-the-standing-eyeball-set-non-blocking-your-foundations-fir at _GM-ARCHIVE.md:5616 and _GM-ARCHIVE.md:6697
2026-09-28T09:42:41.0588045Z ⚠ DUPLICATE HEADING: gm-archive:4b-queued-button-states-finesse-pass-dave-2026-07-22-not-now at _GM-ARCHIVE.md:5578 and _GM-ARCHIVE.md:6771
2026-09-28T09:42:41.0589745Z ⚠ DUPLICATE HEADING: gm-archive:5-parked-unchanged at _GM-ARCHIVE.md:5589 and _GM-ARCHIVE.md:6782
2026-09-28T09:42:41.0591657Z ⚠ DUPLICATE HEADING: ls-archive:prior-delta-2026-07-26-sun-evening-opus-solo-self-conducting at _LIVE-STATE-ARCHIVE.md:5457 and _LIVE-STATE-ARCHIVE.md:5472
2026-09-28T09:42:41.0594298Z ⚠ DUPLICATE HEADING: component:icon-button at knowledge/_proforma/icon-button.meta.json:1 and knowledge/components/icon-button.meta.json:1
2026-09-28T09:42:41.2902187Z ⚠ DUPLICATE HEADING: gm-archive:2b-wave-1-rulings-1-7-unchanged-rule-with-the-above at _GM-ARCHIVE.md:5594 and _GM-ARCHIVE.md:6674
2026-09-28T09:42:41.2904297Z ⚠ DUPLICATE HEADING: gm-archive:3-the-standing-eyeball-set-non-blocking-your-foundations-fir at _GM-ARCHIVE.md:5616 and _GM-ARCHIVE.md:6697
2026-09-28T09:42:41.2906370Z ⚠ DUPLICATE HEADING: gm-archive:4b-queued-button-states-finesse-pass-dave-2026-07-22-not-now at _GM-ARCHIVE.md:5578 and _GM-ARCHIVE.md:6771
2026-09-28T09:42:41.2908584Z ⚠ DUPLICATE HEADING: gm-archive:5-parked-unchanged at _GM-ARCHIVE.md:5589 and _GM-ARCHIVE.md:6782
2026-09-28T09:42:41.2910487Z ⚠ DUPLICATE HEADING: ls-archive:prior-delta-2026-07-26-sun-evening-opus-solo-self-conducting at _LIVE-STATE-ARCHIVE.md:5457 and _LIVE-STATE-ARCHIVE.md:5472
2026-09-28T09:42:41.2912673Z ⚠ DUPLICATE HEADING: component:icon-button at knowledge/_proforma/icon-button.meta.json:1 and knowledge/components/icon-button.meta.json:1
2026-09-28T09:42:42.0495472Z [OK] gauge: malformed `#### ` REFUSES
2026-09-28T09:42:42.0495993Z [OK] gauge: zero blocks REFUSES
2026-09-28T09:42:42.0496914Z [OK] gauge: META block ACCEPTED — no refusal
2026-09-28T09:42:42.0497425Z [OK] gauge: META block INDEXED under gauge:meta:*
2026-09-28T09:42:42.0497951Z [OK] gauge: META terminates the session body above it
2026-09-28T09:42:42.0498465Z [OK] gauge: near-miss META spelling STILL REFUSES
2026-09-28T09:42:42.0498962Z [OK] gauge: META-only file REFUSES (no sessions)
2026-09-28T09:42:42.0499656Z [OK] archive: open split — moved `## ` headings become records, no refusal
2026-09-28T09:42:42.0500236Z [OK] missing declared source REFUSES
2026-09-28T09:42:42.0500651Z [OK] collision suffixing deterministic
2026-09-28T09:42:42.0501155Z [OK] collision DECLARES one warning per extra copy
2026-09-28T09:42:42.0501660Z [OK] collision warning names the id and BOTH sites
2026-09-28T09:42:42.0502400Z [OK] no collision ⇒ SILENT (a warner that always fires says nothing)
2026-09-28T09:42:42.0503112Z [OK] collision warning carries file:line for both copies
2026-09-28T09:42:42.0503645Z [OK] slug stable
2026-09-28T09:42:42.0504017Z [OK] real corpus builds clean
2026-09-28T09:42:42.0504620Z [OK] §A: every registered subsection is its own record
2026-09-28T09:42:42.0505415Z [OK] §A: `gm:A` still resolves — no dangling id (retrieval regression guard)
2026-09-28T09:42:42.0506300Z [OK] §A: `gm:A` is a ROUTER, not the payload — it names its children and is small
2026-09-28T09:42:42.0507429Z [OK] §A: the LARGEST child is a fraction of the old whole (2945 B vs 15,817 B)
2026-09-28T09:42:42.0508346Z [OK] §A: children carry honest file:line provenance, ascending through the file
2026-09-28T09:42:42.0509353Z [OK] §A: unregistered subsection REFUSES the build (never indexes around a hole)
2026-09-28T09:42:42.0510578Z [OK] determinism: two builds render identically
2026-09-28T09:42:42.0511134Z [OK] real corpus: every source class present
2026-09-28T09:42:42.0511995Z selftest OK — closed contracts refuse, open contracts split, build deterministic.
2026-09-28T09:42:42.9703200Z [OK] "band table amber threshold remaining budget" — expected ['runbook:context-gauge:the-floor-is-measured-never-assumed-gm-d9'], missing none
2026-09-28T09:42:42.9704718Z [OK] "lane routing check blocking records" — expected ['lane:lane-1-memento'], missing none
2026-09-28T09:42:42.9706167Z [OK] "retirement receipts proxy promoted blocking" — expected ['ledger:23-section-usage-instrumentation-enacted-lane-1-step-2-2026'], missing none
2026-09-28T09:42:42.9707975Z [OK] "dream pass weekly sunday unattended fire" — expected ['lane:lane-dream-pass'], missing none
2026-09-28T09:42:42.9709031Z [OK] --fetch lane:lane-1-memento returns the record verbatim
2026-09-28T09:42:42.9709698Z [OK] --fetch unknown id REFUSES with near-misses
2026-09-28T09:42:42.9710401Z [OK] edge attach: record with no mention gets no attachment
2026-09-28T09:42:42.9711605Z [OK] edge attach: injected fabricated edge appears for a mentioning record
2026-09-28T09:42:42.9712398Z [OK] step 3 mark: target-of-supersedes record gets the ⛔ line
2026-09-28T09:42:42.9712995Z [OK] step 3 mark: non-mentioning record gets no mark
2026-09-28T09:42:42.9713889Z selftest OK — the memento corpus answers its known questions, and fetch refuses the unknown.
2026-09-28T09:42:45.7669588Z graph mention map: 102 of 102 node(s) mentioned, 1979 record hit(s) total -> _graph-mention-map.json
2026-09-28T09:42:48.5777007Z graph mention map --check: current (102 of 102 node(s) mentioned)
2026-09-28T09:42:48.6202502Z [OK] synthetic hit: ADR-0005 mentioned in gm:X is found
2026-09-28T09:42:48.6203223Z [OK] synthetic miss: unmentioned node id has no key
2026-09-28T09:42:48.6203813Z [OK] case-insensitive match
2026-09-28T09:42:48.6204263Z [OK] missing graph input REFUSES
2026-09-28T09:42:48.6204788Z [OK] missing memento index input REFUSES
2026-09-28T09:42:48.6205281Z [OK] empty memento index REFUSES
2026-09-28T09:42:48.6206268Z selftest OK — hit, miss, case-insensitivity and both input refusals all bite.
2026-09-28T09:42:49.3208410Z   ✅ _CHAIN.md: 7,451 tiktoken cl100k_base · GM header+LATEST 5435 tk · LS LATEST delta only (of 36 delta lines) 1165 tk · FILE 7,451 tiktoken cl100k_base = slice 6,600 + wrapper 851 · fixed point in 2 pass(es)
2026-09-28T09:42:50.0612391Z   ✅ _CHAIN.md is FRESH — byte-matches the live chain · GM header+LATEST 5435 tk · LS LATEST delta only (of 36 delta lines) 1165 tk · FILE 7,451 tiktoken cl100k_base = slice 6,600 + wrapper 851 · fixed point in 2 pass(es)
2026-09-28T09:42:57.9592606Z     ✓ generates against the live repo (no refusal on a healthy tree)
2026-09-28T09:42:57.9593420Z     ✓ carries the GM header+LATEST term VERBATIM (not a summary of it)
2026-09-28T09:42:57.9593996Z     ✓ carries the LS ⏱ LATEST delta VERBATIM
2026-09-28T09:42:57.9594984Z     ✓ is materially smaller than GOOD-MORNING.md (7,451 vs 34,656 tape (cl100k ESTIMATE), 21.5% of it, floor <40%; tier measured, not assumed: tiktoken cl100k_base)
2026-09-28T09:42:57.9596368Z     ✓ BOTH SIDES OF THE RATIO ARE ON ONE MEASURER — chain `tiktoken cl100k_base` vs GOOD-MORNING `tiktoken cl100k_base`, so the percentage above has a unit
2026-09-28T09:42:57.9597492Z     ✓ STAMP IS EXACT — the published figure equals this file's own measured size
2026-09-28T09:42:57.9598221Z     ✓ published figure is the FILE, not the slice — the two differ and the file is bigger
2026-09-28T09:42:57.9598879Z     ✓ footer NAMES THE UNIT — a bare token count is a defect (ds-021)
2026-09-28T09:42:57.9599442Z     ✓ says GENERATED / DO-NOT-HAND-EDIT at the very top (line 1)
2026-09-28T09:42:57.9599969Z     ✓ tells the reader NOT to open GOOD-MORNING.md to check
2026-09-28T09:42:57.9600448Z     ✓ names retrieval as the door for everything else
2026-09-28T09:42:57.9600978Z     ✓ the {{BUILD_VERDICT}} marker NEVER leaks into the chain unrendered
2026-09-28T09:42:57.9601903Z     ✓ BUILD-STEP FIGURE IS RE-DERIVED AND MATCHES DISK (154 steps, measured now)
2026-09-28T09:42:57.9602634Z     ✓ the plant planted — a verdict figure was moved off disk (else the next bite is vacuous)
2026-09-28T09:42:57.9603271Z     ✓ a WRONG verdict figure is CAUGHT even with the true count elsewhere in the file
2026-09-28T09:42:57.9603770Z     ✓ step labels are 1:1 with rows (no duplicates)
2026-09-28T09:42:57.9604210Z     ✓ with NO run record the line says the green count is NOT DERIVABLE
2026-09-28T09:42:57.9604724Z     ✓ …and it names the remedy instead of a number (`_build_survey.py`)
2026-09-28T09:42:57.9605242Z     ✓ …and it re-stamps NOTHING — the old pinned 75-of-N form cannot reappear
2026-09-28T09:42:57.9605790Z     ✓ …and it names BOTH rulings, so the next session cannot 'helpfully' type it
2026-09-28T09:42:57.9606338Z     ✓ with a record the GREEN COUNT IS THE RUN'S, not len(STEPS) at a pinned sha
2026-09-28T09:42:57.9607229Z     ✓ a run of the SAME-sized build declares no size difference (no false alarm)
2026-09-28T09:42:57.9607774Z     ✓ a run of a SMALLER build: the total is STILL disk's, never the run's
2026-09-28T09:42:57.9608452Z     ✓ …and the size difference is DECLARED, naming both counts
2026-09-28T09:42:57.9608955Z     ✓ …and the steps the run never saw are counted in NO record, never green
2026-09-28T09:42:57.9609497Z     ✓ a run of a LARGER build: total is disk's and the vanished steps are DECLARED
2026-09-28T09:42:57.9610110Z     ✓ the run's sha and date are published beside it (an unattributed verdict is not a verdict)
2026-09-28T09:42:57.9610722Z     ✓ a stale record DECLARES itself against HEAD rather than passing as current
2026-09-28T09:42:57.9611235Z     ✓ steps in NO record are called out — never asked is never green
2026-09-28T09:42:57.9611725Z     ✓ the #62 clause SURVIVES as its own fact, generated from its own AST
2026-09-28T09:42:57.9612225Z     ✓ an absent STEPS assignment REFUSES BY NAME (never returns a count)
2026-09-28T09:42:57.9612740Z     ✓ a NON-LITERAL STEPS refuses rather than counting something else
2026-09-28T09:42:57.9613265Z     ✓ TITLE BLOCK IS FIRST — above the verbatim GM slice (position was the defect)
2026-09-28T09:42:57.9613823Z     ✓ DETERMINISTIC — two builds of an unchanged tree are byte-identical
2026-09-28T09:42:57.9614851Z   ✅ _CHAIN.md: 7,389 tiktoken cl100k_base · GM header+LATEST 5373 tk · LS LATEST delta only (of 36 delta lines) 1165 tk · FILE 7,389 tiktoken cl100k_base = slice 6,538 + wrapper 851 · fixed point in 2 pass(es)
2026-09-28T09:42:57.9616285Z   ✅ _CHAIN.md is FRESH — byte-matches the live chain · GM header+LATEST 5373 tk · LS LATEST delta only (of 36 delta lines) 1165 tk · FILE 7,389 tiktoken cl100k_base = slice 6,538 + wrapper 851 · fixed point in 2 pass(es)
2026-09-28T09:42:57.9617313Z     ✓ --check PASSES on a freshly generated file
2026-09-28T09:42:57.9618246Z   ✅ _CHAIN.md: 7,514 tiktoken cl100k_base · GM header+LATEST 5498 tk · LS LATEST delta only (of 36 delta lines) 1165 tk · FILE 7,514 tiktoken cl100k_base = slice 6,663 + wrapper 851 · fixed point in 2 pass(es)
2026-09-28T09:42:57.9619340Z     ✓ the fixture really was generated at another sha (a plant that did not plant would make every bite below vacuous)
2026-09-28T09:42:57.9620236Z     ✓ the fixture DIFFERS from a fresh render — i.e. the old byte comparison WOULD have called this stale, which is the defect being fixed
2026-09-28T09:42:57.9621113Z     ✓ --check is GREEN on a HEAD-ONLY advance — the chain's own content still matches GOOD-MORNING.md / _LIVE-STATE.md
2026-09-28T09:42:57.9621914Z     ✓ and it SAYS SO, naming BOTH shas — the honest comparison stays visible rather than being normalised into silence
2026-09-28T09:42:57.9622832Z     ✓ a HEAD-only advance is NEVER called FRESH without the qualifier (a bare FRESH would claim the file matches a fresh render, which it does not)
2026-09-28T09:42:57.9623728Z     ✓ REAL content staleness is STILL RED even when HEAD has also advanced — the re-ask does not launder drift
2026-09-28T09:42:57.9624523Z     ✓ and it is called STALE, not could-not-ask — real drift is a content verdict
2026-09-28T09:42:57.9625063Z     ✓ a PRE-SET head pin makes --check REFUSE (could-not-ask), never pass
2026-09-28T09:42:57.9625720Z     ✓ the environment refusal does NOT call it STALE either — it is a measurement refusal, not a content verdict
2026-09-28T09:42:57.9626985Z   ✅ _CHAIN.md: 7,514 tiktoken cl100k_base · GM header+LATEST 5498 tk · LS LATEST delta only (of 36 delta lines) 1165 tk · FILE 7,514 tiktoken cl100k_base = slice 6,663 + wrapper 851 · fixed point in 2 pass(es)
2026-09-28T09:42:57.9628414Z   ✅ _CHAIN.md is FRESH — byte-matches the live chain · GM header+LATEST 5498 tk · LS LATEST delta only (of 36 delta lines) 1165 tk · FILE 7,514 tiktoken cl100k_base = slice 6,663 + wrapper 851 · fixed point in 2 pass(es)
2026-09-28T09:42:57.9629417Z     ✓ tree restored — the SAME fresh tree reports FRESH again, unharmed by the arms above
2026-09-28T09:42:57.9630035Z     ✓ --check on a degraded instrument still exits non-zero (refuses, not a silent pass)
2026-09-28T09:42:57.9630987Z     ✓ --check's message does NOT call it STALE — that misnames a measurement problem as a content problem (the #58 defect, reproduced here)
2026-09-28T09:42:57.9631744Z     ✓ --check's message names the DEGRADED INSTRUMENT so the cause is legible
2026-09-28T09:42:57.9632804Z   ✅ _CHAIN.md is FRESH — byte-matches the live chain · GM header+LATEST 5498 tk · LS LATEST delta only (of 36 delta lines) 1165 tk · FILE 7,514 tiktoken cl100k_base = slice 6,663 + wrapper 851 · fixed point in 2 pass(es)
2026-09-28T09:42:57.9633768Z     ✓ instrument restored — the SAME fresh tree reports FRESH again, unharmed
2026-09-28T09:42:57.9634611Z     ✓ the freshly written chain carries a READABLE unit stamp (the clause has something to compare — an unreadable stamp would make the arm below vacuous)
2026-09-28T09:42:57.9635547Z     ✓ the stamp mutation actually changed the file (a plant that did not plant would make every bite below an assertion)
2026-09-28T09:42:57.9636189Z     ✓ stamped_tier() reads the MUTATED stamp back as the other tier
2026-09-28T09:42:57.9636872Z     ✓ --check on a tier divergence exits non-zero (refuses, never a silent pass)
2026-09-28T09:42:57.9637404Z     ✓ --check exits the COULD-NOT-ASK code (77), not the failure code
2026-09-28T09:42:57.9637798Z     ✓ --check calls it COULD-NOT-ASK
2026-09-28T09:42:57.9638210Z     ✓ the refusal's first marked line is machine-readable by `cna.reason_in`
2026-09-28T09:42:57.9638973Z     ✓ --check does NOT call it STALE — a tier divergence is a measurement problem and naming it staleness is the #173 defect, reproduced here
2026-09-28T09:42:57.9639869Z     ✓ the refusal NAMES BOTH TIERS, so a reader can see which two instruments disagreed rather than being handed a shrug
2026-09-28T09:42:57.9640506Z     ✓ --check on an UNREADABLE stamp refuses with the convention's code
2026-09-28T09:42:57.9640975Z     ✓ --check calls an unreadable stamp COULD-NOT-ASK, not STALE
2026-09-28T09:42:57.9641998Z   ✅ _CHAIN.md is FRESH — byte-matches the live chain · GM header+LATEST 5498 tk · LS LATEST delta only (of 36 delta lines) 1165 tk · FILE 7,514 tiktoken cl100k_base = slice 6,663 + wrapper 851 · fixed point in 2 pass(es)
2026-09-28T09:42:57.9643076Z     ✓ stamp restored — the SAME tree reports FRESH again, so the clause does not false-fire on an agreeing stamp
2026-09-28T09:42:57.9644293Z   ✗ _CHAIN.md is STALE — it does not match GOOD-MORNING.md / _LIVE-STATE.md as they now stand, so a cold session would read a PREVIOUS session's record as if it were current. Run `python3 knowledge/_gen_chain.py` and stage the result.
2026-09-28T09:42:57.9645426Z     ✓ --check FAILS on a hand-edited file (the stale-record class)
2026-09-28T09:42:57.9646218Z     ✓ and that failure is a FAILURE, not a refusal — a real staleness on the reachable tier still exits 1, so the COULD-NOT-ASK path did not swallow the gate
2026-09-28T09:42:57.9647356Z   ✗ _CHAIN.md is MISSING — run `python3 knowledge/_gen_chain.py` and stage it
2026-09-28T09:42:57.9647997Z     ✓ --check FAILS when the file is missing entirely
2026-09-28T09:42:57.9648457Z     ✓ REFUSES a STALE title (title #N == ★ LATEST #N, the skipped-mint state)
2026-09-28T09:42:57.9649002Z     ✓ REFUSES (with a reason) when GM has no ★ LATEST banner — no cheerful blank
2026-09-28T09:42:57.9649424Z   ✅ _gen_chain selftest: all bites pass
2026-09-28T09:42:58.3150118Z ✅ CORPUS: stamped 94,123 · measured 94,135 tape · drift 0.01% (tolerance 10%, `_capture_gate.SIZE_TOLERANCE`)
2026-09-28T09:42:58.3151416Z ✅     GM: stamped 34,644 · measured 34,656 tape · drift 0.03% (tolerance 10%, `_capture_gate.SIZE_TOLERANCE`)
2026-09-28T09:42:58.3152574Z ✅     LS: stamped 59,479 · measured 59,479 tape · drift 0.00% (tolerance 10%, `_capture_gate.SIZE_TOLERANCE`)
2026-09-28T09:42:58.6106233Z _gen_size_stamp selftest: 23 bites, all GREEN
2026-09-28T09:43:02.6397566Z   ✅ reviews/MEMENTO-SCHEMATIC-2026-08-07-v2.html: 30,550 bytes · 0 declared gap(s) rendered
2026-09-28T09:43:06.6433314Z   ✅ reviews/MEMENTO-SCHEMATIC-2026-08-07-v2.html is FRESH — byte-matches a render against the live tree
2026-09-28T09:43:24.8693371Z     ✓ renders against the live repo without refusing wholesale
2026-09-28T09:43:24.8694522Z     ✓ two consecutive renders are byte-identical (determinism)
2026-09-28T09:43:24.8695149Z     ✓ no unexpected date-shaped string in the output (found [])
2026-09-28T09:43:24.8695729Z     ✓ step count agrees with _gen_chain._steps_in (154 vs 154)
2026-09-28T09:43:24.8696273Z     ✓ no step RENDERED on the page carries an UNROUTED badge
2026-09-28T09:43:24.8697683Z     ✓ and the STEPS ↔ ROUTE_ROWS join is TOTAL over all 154 steps, rendered or not (0 unrouted)
2026-09-28T09:43:24.8698457Z     ✓ rechecks_for finds real steps for a wired script (_gen_chain.py)
2026-09-28T09:43:24.8699135Z     ✓ rechecks_for returns EMPTY for a script with no step (the red arm can fire)
2026-09-28T09:43:24.8699874Z   ✅ /tmp/tmptmlbehhp/out.html is FRESH — byte-matches a render against the live tree
2026-09-28T09:43:24.8700473Z     ✓ check() PASSES on a faithful copy
2026-09-28T09:43:24.8701434Z   ✗ /tmp/tmptmlbehhp/out.html is STALE — a figure in it no longer matches disk, so the page is asserting something that has gone false. Regenerate and stage it.
2026-09-28T09:43:24.8702317Z       --- committed
2026-09-28T09:43:24.8702556Z       +++ fresh
2026-09-28T09:43:24.8702791Z       @@ -277 +277 @@
2026-09-28T09:43:24.8703069Z       -<p>27 blocking validators</p></body>
2026-09-28T09:43:24.8703390Z       +</body>
2026-09-28T09:43:24.8703725Z     ✓ check() FAILS on a hand-patched copy (mutation)
2026-09-28T09:43:24.8704501Z     ✓ and that failure is a FAILURE, not a refusal — the tier clause does not swallow a real staleness on the reachable tier
2026-09-28T09:43:24.8705531Z     ✓ the unit-word mutation actually changed the file (a plant that did not plant would make the arms below assertions)
2026-09-28T09:43:24.8706319Z     ✓ stamped_tiers() reads the MUTATED page back as the other tier
2026-09-28T09:43:24.8707091Z     ✓ check() REFUSES (exit 77) when the committed page's unit is unreachable here
2026-09-28T09:43:24.8708051Z     ✓ and it does NOT call it STALE — a tier divergence is a measurement problem, and naming it staleness is the #173 defect reproduced
2026-09-28T09:43:24.8708945Z     ✓ the refusal NAMES BOTH instruments, so a reader can see which two disagreed
2026-09-28T09:43:24.8709653Z   ✗ /tmp/tmptmlbehhp/out.html is MISSING — run `python3 knowledge/_gen_schematic.py`
2026-09-28T09:43:24.8710222Z     ✓ check() FAILS when the artefact is missing
2026-09-28T09:43:24.8710735Z     ✓ a missing store never raises — every fact is a str or an Unmeasured
2026-09-28T09:43:24.8711326Z     ✓ file-backed facts flip to Unmeasured on an empty tree (6 of 7)
2026-09-28T09:43:24.8711968Z     ✓ every refusal NAMES its cause (exception type + message, not a bare 'error')
2026-09-28T09:43:24.8712712Z     ✓ the ONLY fact that survives an empty tree is the code constant (['the inherited debt'])
2026-09-28T09:43:24.8713338Z     ✓ and it returns the SAME value in both trees (it is not repo-derived)
2026-09-28T09:43:24.8714152Z     ✓ an Unmeasured renders as a visible ⛔ cell, never as a number
2026-09-28T09:43:24.8714649Z     ✓ every map caption fits its box at CAP_CHARS=32 (worst: (32, 'marks'))
2026-09-28T09:43:24.8715210Z     ✓ every box label declares the inside edge of its own box (16 labels, 16 attributes)
2026-09-28T09:43:24.8715809Z     ✓ the page reports its OWN re-check status (red while unwired, computed either way)
2026-09-28T09:43:24.8716394Z     ✓ the figure tally names its own scope (it excludes this panel, and says so)
2026-09-28T09:43:24.8716996Z   ✅ _gen_schematic selftest: all bites pass
2026-09-28T09:43:25.7235871Z 
2026-09-28T09:43:25.7237382Z PARKED DUE — 4 parked item(s) are due at memento-cut — python3 knowledge/_parked.py --due memento-cut
2026-09-28T09:43:25.7238219Z memento-package delta-audit: 0 failure(s)
2026-09-28T09:43:25.7239352Z   ✅ VERBATIM SET byte-identical (both copies) · shim provenance clean (both chains) · copies identical to each other · no unknown files
2026-09-28T09:43:29.2283031Z     ✓ real repo: clean (0 findings; got 0: [])
2026-09-28T09:43:29.2284915Z     ✓ ARM1 mutation: doctored machinery/_gen_chain.py is caught, names the file + copy + a line count
2026-09-28T09:43:29.2288172Z       quoted: VERBATIM SET: memento-package/machinery/_gen_chain.py DIFFERS from knowledge/_gen_chain.py (copy=machinery/ file=_gen_chain.py) — 2 line(s) differ (sha256 61c0dd8b280a vs source 5fa12d24bbd2)
2026-09-28T09:43:29.2290528Z     ✓ ARM1 mutation: a MISSING verbatim file (not just a diff) is caught and named
2026-09-28T09:43:29.2291668Z     ✓ ARM3 mutation: copies diverge on a non-verbatim-set file (the manifest) — caught, names the file and 'DIFFERS between'
2026-09-28T09:43:29.2293314Z       quoted: CROSS-COPY: _MACHINERY-MANIFEST.md DIFFERS between memento-package/machinery/ and memento-package/claude-plugin/memento/machinery/ — 2 line(s) differ
2026-09-28T09:43:29.2294914Z     ✓ ARM3 mutation: a known file missing from BOTH copies (pairwise-invisible) is still caught by the completeness sub-check
2026-09-28T09:43:29.2295760Z       quoted: CROSS-COPY: both copies are missing known file(s): ['_consult-lexicon.json']
2026-09-28T09:43:29.2296406Z     ✓ ARM4 mutation: a rogue file is caught, named with its exact path
2026-09-28T09:43:29.2297644Z     ✓ ARM4 control: __pycache__ present in the SAME fixture is excluded BY NAME and never itself reported (proves the exclusion is narrow, not a silent blanket ignore)
2026-09-28T09:43:29.2299732Z       quoted: UNKNOWN FILE: memento-package/machinery/_ROGUE.py (machinery/) is not on the known-files list ['_MACHINERY-MANIFEST.md', '_capture_gate.py', '_consult-lexicon.json', '_gen_chain.py', '_graph_edges.py', '_memento_search.py', '_search_core.py'] — fail loud rather than silently ignored (scope-blindness rule)
2026-09-28T09:43:29.2301490Z     ✓ ARM2(a) mutation: measure_tokens body changed since port commit 91d7528 — caught, names the function and 'CHANGED since the port'
2026-09-28T09:43:29.2303249Z       quoted: SHIM PROVENANCE chain(a): 'measure_tokens' in knowledge/_capture_gate.py has CHANGED since the port commit ba2c9f5 — 1 line(s) differ. memento-package/machinery/_capture_gate.py may now be stale against its declared source; re-review and re-port, or update the docstring.
2026-09-28T09:43:29.2304865Z     ✓ ARM2(b) mutation: measurement_degraded deleted from current source — caught, names the function and 'GONE from current'
2026-09-28T09:43:29.2306125Z       quoted: SHIM PROVENANCE chain(a): 'measurement_degraded' is GONE from current knowledge/_capture_gate.py (present at the port commit ba2c9f5) — the shim's ported source no longer exists to compare against
2026-09-28T09:43:29.2307606Z     ✓ ARM2(c) mutation: GM_VOCAB changed since port commit ace3ed3 — caught, names GM_VOCAB and 'CHANGED since the port'
2026-09-28T09:43:29.2309048Z       quoted: SHIM PROVENANCE chain(b): 'GM_VOCAB' in knowledge/_gm_usage.py has CHANGED since the port commit ace3ed3 — 1 line(s) differ. memento-package/machinery/_capture_gate.py may now be stale against its declared source; re-review and re-port, or update the docstring.
2026-09-28T09:43:29.2310690Z     ✓ ARM2(d) mutation: shim docstring's claimed commit no longer matches the gate's expectation — caught, names both hashes
2026-09-28T09:43:29.2312071Z       quoted: SHIM PROVENANCE: memento-package/machinery/_capture_gate.py's docstring now claims it was ported from knowledge/_capture_gate.py @ deadbee, but this gate is built against ba2c9f5 — the shim was re-ported and the gate was not updated to match.
2026-09-28T09:43:29.2313506Z     ✓ ARM2(e) mutation: BOTH packed shim copies edited IDENTICALLY (invisible to the cross-copy arm) — caught, names the drifted body and both copies
2026-09-28T09:43:29.2314572Z     ✓ ARM2(e) control: the same fixture's CROSS-COPY arm stays silent, proving arm 2b is what saw it (the copies really are still identical to each other)
2026-09-28T09:43:29.2315807Z       quoted: SHIM BODIES: 'measure_tokens' in memento-package/machinery/_capture_gate.py (machinery/) has DRIFTED from knowledge/_capture_gate.py @ ba2c9f5 — 1 line(s) differ BEYOND the declare
2026-09-28T09:43:29.2317522Z     ✓ ARM2(f) mutation: an edit INSIDE the one declared-difference region still FAILS — the allowance tolerates its exact quoted text and nothing adjacent to it
2026-09-28T09:43:29.2318630Z     ✓ ARM2(g) mutation: a DECLARED-DIFFERENCE rule that no longer matches fails LOUD and named, rather than widening into a silent pass
2026-09-28T09:43:29.2319801Z       quoted: SHIM BODIES: a DECLARED-DIFFERENCE rule no longer applies for 'read_chain_tk' — selftest: a rule whose source text does not exist — its source text was expected 1x, found 0x. The a
2026-09-28T09:43:29.2320994Z     ✓ ARM2(h) control: with the real table restored, the real pack is GREEN — the three declared allowances are load-bearing, and a correct pack is not red
2026-09-28T09:43:29.2321697Z   ✅ _validate_package_delta selftest: all bites pass
2026-09-28T09:43:29.4277474Z enactment register: 84 rulings -> PROVEN 9 · CLAIMED 21 · UNPROVEN 54 · NOT-GATEABLE 0  (knowledge/_ENACTMENT-REGISTER.md)
2026-09-28T09:44:27.0119610Z   ✓ bite1a: icon-005 (44x44 target) requires RENDER
2026-09-28T09:44:27.0120464Z   ✓ bite1b: icon-005 is UNGATED — no check names it
2026-09-28T09:44:27.0121373Z   ✓ bite1c: aid-009 is cited by a gate AND present in the rules index (not dangling)
2026-09-28T09:44:27.0122425Z   ✓ bite1d: the untagged-anchor population is reported, not silently zero
2026-09-28T09:44:27.0123456Z   ✓ bite2: 'chrome' as a WORD does not promote a gate to RENDER
2026-09-28T09:44:27.0124322Z   ✓ bite3: a real Playwright gate IS detected as RENDER
2026-09-28T09:44:27.0125118Z   ✓ bite4: unclassifiable rule -> UNKNOWN, not I0
2026-09-28T09:44:27.0125990Z   ✓ bite5: a literal-text rule + a static gate is FIT, not flagged
2026-09-28T09:44:27.0126555Z   ✓ bite6: unknown instrument code raises
2026-09-28T09:44:27.0127431Z   ✓ bite7: mixed rule takes the HIGHER rung
2026-09-28T09:44:27.0127942Z   ✓ bite8: this script never counts itself as a gate
2026-09-28T09:44:27.0128247Z 
2026-09-28T09:44:27.0128376Z selftest: 11 bites, 0 failed
2026-09-28T09:45:24.2342677Z instrument fit: 475 rules -> UNDER-INSTRUMENTED 17 · UNGATED 163 · UNTAGGED 283 · EYE-ONLY 5 · FIT 7  (knowledge/_INSTRUMENT-FIT.md)
2026-09-28T09:45:24.2343885Z   ⚠ 1 rule IDs cited by gates are ABSENT from the index (260 untagged anchors of 703 declared): axs-003
2026-09-28T09:45:24.3616088Z /home/runner/work/UX-design/UX-design/knowledge/_build_integrity.py:71: DeprecationWarning: jsonschema.RefResolver is deprecated as of v4.18.0, in favor of the https://github.com/python-jsonschema/referencing library, which provides more compliant referencing behavior as well as more flexible APIs for customization. A future release will remove RefResolver. Please file a feature request (on referencing) if you are missing an API for the kind of customization you need.
2026-09-28T09:45:24.3619099Z   _resolver = jsonschema.RefResolver(base_uri="", referrer=schema)
2026-09-28T09:45:24.6008616Z integrity: PASS — 0 errors, 25 warnings
2026-09-28T09:45:24.6009109Z schema valid: 137/137
2026-09-28T09:45:24.6263722Z     ✓ refuse() returns the convention's exit code
2026-09-28T09:45:24.6264960Z     ✓ EXIT is not 0/1/2 — it cannot be confused with pass, fail, or bad-arguments
2026-09-28T09:45:24.6265603Z     ✓ refuse() prints a line that STARTS with the marker
2026-09-28T09:45:24.6266130Z     ✓ the printed line carries the gate's own reason, not a summary
2026-09-28T09:45:24.6266923Z     ✓ is_refusal() is true for EXIT and false for a real failure
2026-09-28T09:45:24.6267475Z     ✓ reason_in() finds the marker line in captured output
2026-09-28T09:45:24.6268037Z     ✓ reason_in() finds it when the gate prefixed the line (✗ / indentation)
2026-09-28T09:45:24.6268728Z     ✓ reason_in() returns None — never a manufactured reason — when the marker is absent
2026-09-28T09:45:24.6269288Z   ✅ _could_not_ask selftest: all bites pass
2026-09-28T09:45:25.2501136Z 
2026-09-28T09:45:25.2502044Z === P-1 · component meta-schema sweep [sandbox]
2026-09-28T09:45:25.2502916Z   ⚪ EXEMPT (declared, never hidden) EXAMPLE-button.meta.json [<root>] 'tokenValidation' is a required property
2026-09-28T09:45:25.2503812Z P-1 meta-schema sweep: 138 meta(s) checked · 0 finding(s) · 1 exempt failure(s) (EXAMPLE-button.meta.json)
2026-09-28T09:45:25.2504341Z PROBE P-1 — findings=0
2026-09-28T09:45:25.2505393Z --- rc=0 findings=0 · /home/runner/work/UX-design/UX-design/knowledge/_probe_registry/probe_meta_schema.py --check
2026-09-28T09:45:25.2506139Z 
2026-09-28T09:45:25.2506426Z === P-2 · duplicate-ID/IDREF scan [sandbox]
2026-09-28T09:45:25.2507531Z   OK  reviews/REVIEW-168-eye-owed-v1.html                        ids= 10 DUP=0 unresolved_idref=0 frag_miss=0
2026-09-28T09:45:25.2508271Z   OK  reviews/REVIEW-168-graphic-amber-blue-picker-v1.html       ids=  2 DUP=0 unresolved_idref=0 frag_miss=0
2026-09-28T09:45:25.2508976Z   OK  reviews/REVIEW-168-rag-glyph-tier-v1.html                  ids=  1 DUP=0 unresolved_idref=0 frag_miss=0
2026-09-28T09:45:25.2509649Z   OK  reviews/REVIEW-168-rag-glyph-tier-v2.html                  ids=  0 DUP=0 unresolved_idref=0 frag_miss=0
2026-09-28T09:45:25.2510379Z   OK  reviews/REVIEW-170-links-ratification-controller-v1.html   ids=  5 DUP=0 unresolved_idref=0 frag_miss=0
2026-09-28T09:45:25.2511112Z   OK  reviews/REVIEW-174-progress-bar-four-themes-v1.html        ids= 24 DUP=0 unresolved_idref=0 frag_miss=0
2026-09-28T09:45:25.2511815Z   OK  reviews/REVIEW-2026-07-02-critical-regroup.html            ids=  1 DUP=0 unresolved_idref=0 frag_miss=0
2026-09-28T09:45:25.2512481Z   OK  reviews/REVIEW-2026-07-10-deep-analysis.html               ids= 22 DUP=0 unresolved_idref=0 frag_miss=0
2026-09-28T09:45:25.2513146Z   OK  reviews/REVIEW-2026-07-10-deep-analysis_rev2.html          ids= 22 DUP=0 unresolved_idref=0 frag_miss=0
2026-09-28T09:45:25.2513803Z   OK  reviews/REVIEW-203-INDEX-2026-08-19-v1.html                ids=  0 DUP=0 unresolved_idref=0 frag_miss=0
2026-09-28T09:45:25.2514496Z   OK  reviews/REVIEW-203-alert-four-themes-v1.html               ids= 21 DUP=0 unresolved_idref=0 frag_miss=0
2026-09-28T09:45:25.2515216Z   OK  reviews/REVIEW-203-amount-display-four-themes-v1.html      ids=  0 DUP=0 unresolved_idref=0 frag_miss=0
2026-09-28T09:45:25.2515936Z   OK  reviews/REVIEW-203-amount-input-four-themes-v1.html        ids= 58 DUP=0 unresolved_idref=0 frag_miss=0
2026-09-28T09:45:25.2516870Z   OK  reviews/REVIEW-203-anchor-nav-four-themes-v1.html          ids=136 DUP=0 unresolved_idref=0 frag_miss=0
2026-09-28T09:45:25.2517629Z   OK  reviews/REVIEW-203-avatar-group-four-themes-v1.html        ids=  8 DUP=0 unresolved_idref=0 frag_miss=0
2026-09-28T09:45:25.2518357Z   OK  reviews/REVIEW-203-canon-dark-repair-before-after-v1.html  ids=449 DUP=0 unresolved_idref=0 frag_miss=0
2026-09-28T09:45:25.2519100Z   OK  reviews/REVIEW-203-combobox-four-themes-v1.html            ids=218 DUP=0 unresolved_idref=0 frag_miss=0
2026-09-28T09:45:25.2519814Z   OK  reviews/REVIEW-203-command-palette-four-themes-v1.html     ids=102 DUP=0 unresolved_idref=0 frag_miss=0
2026-09-28T09:45:25.2520865Z   OK  reviews/REVIEW-203-data-grid-four-themes-v1.html           ids=  0 DUP=0 unresolved_idref=0 frag_miss=0
2026-09-28T09:45:25.2521693Z   OK  reviews/REVIEW-203-date-picker-four-themes-v1.html         ids=160 DUP=0 unresolved_idref=0 frag_miss=0
2026-09-28T09:45:25.2522420Z   OK  reviews/REVIEW-203-date-range-picker-four-themes-v1.html   ids=231 DUP=0 unresolved_idref=0 frag_miss=0
2026-09-28T09:45:25.2523133Z   OK  reviews/REVIEW-203-drawer-four-themes-v1.html              ids=  8 DUP=0 unresolved_idref=0 frag_miss=0
2026-09-28T09:45:25.2523840Z   OK  reviews/REVIEW-203-empty-state-four-themes-v1.html         ids= 26 DUP=0 unresolved_idref=0 frag_miss=0
2026-09-28T09:45:25.2524551Z   OK  reviews/REVIEW-203-file-upload-four-themes-v1.html         ids= 76 DUP=0 unresolved_idref=0 frag_miss=0
2026-09-28T09:45:25.2525251Z   OK  reviews/REVIEW-203-form-layout-four-themes-v1.html         ids=251 DUP=0 unresolved_idref=0 frag_miss=0
2026-09-28T09:45:25.2525946Z   OK  reviews/REVIEW-203-kpi-tile-four-themes-v1.html            ids= 24 DUP=0 unresolved_idref=0 frag_miss=0
2026-09-28T09:45:25.2526655Z   OK  reviews/REVIEW-203-multi-select-four-themes-v1.html        ids=203 DUP=0 unresolved_idref=0 frag_miss=0
2026-09-28T09:45:25.2527662Z   OK  reviews/REVIEW-203-popover-four-themes-v1.html             ids= 33 DUP=0 unresolved_idref=0 frag_miss=0
2026-09-28T09:45:25.2528368Z   OK  reviews/REVIEW-203-secure-entry-four-themes-v1.html        ids= 75 DUP=0 unresolved_idref=0 frag_miss=0
2026-09-28T09:45:25.2529087Z   OK  reviews/REVIEW-203-sidebar-nav-four-themes-v1.html         ids= 65 DUP=0 unresolved_idref=0 frag_miss=0
2026-09-28T09:45:25.2530097Z   OK  reviews/REVIEW-203-skeleton-loader-four-themes-v1.html     ids= 20 DUP=0 unresolved_idref=0 frag_miss=0
2026-09-28T09:45:25.2530812Z   OK  reviews/REVIEW-203-stat-card-four-themes-v1.html           ids=  2 DUP=0 unresolved_idref=0 frag_miss=0
2026-09-28T09:45:25.2531501Z   OK  reviews/REVIEW-203-stepper-four-themes-v1.html             ids=322 DUP=0 unresolved_idref=0 frag_miss=0
2026-09-28T09:45:25.2532205Z   OK  reviews/REVIEW-203-tags-input-four-themes-v1.html          ids=154 DUP=0 unresolved_idref=0 frag_miss=0
2026-09-28T09:45:25.2532900Z   OK  reviews/REVIEW-203-textarea-four-themes-v1.html            ids= 89 DUP=0 unresolved_idref=0 frag_miss=0
2026-09-28T09:45:25.2533593Z   OK  reviews/REVIEW-203-time-picker-four-themes-v1.html         ids= 92 DUP=0 unresolved_idref=0 frag_miss=0
2026-09-28T09:45:25.2534293Z   OK  reviews/REVIEW-203-timeline-four-themes-v1.html            ids= 24 DUP=0 unresolved_idref=0 frag_miss=0
2026-09-28T09:45:25.2534962Z   OK  reviews/REVIEW-203-toast-four-themes-v1.html               ids=  9 DUP=0 unresolved_idref=0 frag_miss=0
2026-09-28T09:45:25.2535660Z   OK  reviews/REVIEW-204-document-row-four-themes-v1.html        ids= 32 DUP=0 unresolved_idref=0 frag_miss=48
2026-09-28T09:45:25.2536359Z   OK  reviews/REVIEW-204-footer-four-themes-v1.html              ids= 40 DUP=0 unresolved_idref=0 frag_miss=8
2026-09-28T09:45:25.2537278Z   OK  reviews/REVIEW-204-layout-utilities-four-themes-v1.html    ids=  0 DUP=0 unresolved_idref=0 frag_miss=0
2026-09-28T09:45:25.2538032Z   OK  reviews/REVIEW-204-payment-card-visual-four-themes-v1.html ids= 56 DUP=0 unresolved_idref=0 frag_miss=0
2026-09-28T09:45:25.2538991Z   OK  reviews/REVIEW-204-popconfirm-four-themes-v1.html          ids= 96 DUP=0 unresolved_idref=0 frag_miss=0
2026-09-28T09:45:25.2539704Z   OK  reviews/REVIEW-204-runway-bar-four-themes-v1.html          ids= 40 DUP=0 unresolved_idref=0 frag_miss=0
2026-09-28T09:45:25.2540530Z   OK  reviews/REVIEW-209-grid-snap-before-after-v1.html          ids=  3 DUP=0 unresolved_idref=0 frag_miss=0
2026-09-28T09:45:25.2541475Z   OK  reviews/REVIEW-209-input-trim-before-after-v1.html         ids=  1 DUP=0 unresolved_idref=0 frag_miss=0
2026-09-28T09:45:25.2542184Z   OK  reviews/REVIEW-210-existence-side-by-side-v1.html          ids=  6 DUP=0 unresolved_idref=0 frag_miss=0
2026-09-28T09:45:25.2543043Z   OK  reviews/REVIEW-210-meter-unification-v1.html               ids=  7 DUP=0 unresolved_idref=0 frag_miss=0
2026-09-28T09:45:25.2543821Z   OK  reviews/REVIEW-210-spacing-fixes-v1.html                   ids=  0 DUP=0 unresolved_idref=0 frag_miss=0
2026-09-28T09:45:25.2544499Z   OK  reviews/REVIEW-212-boot-and-desk-triage-v1.html            ids=  6 DUP=0 unresolved_idref=0 frag_miss=0
2026-09-28T09:45:25.2545137Z   OK  reviews/REVIEW-212-dials-v1.html                           ids=  1 DUP=0 unresolved_idref=0 frag_miss=0
2026-09-28T09:45:25.2545736Z   OK  reviews/REVIEW-212-rule-now-v1.html                        ids=  1 DUP=0 unresolved_idref=0 frag_miss=0
2026-09-28T09:45:25.2546402Z   OK  reviews/REVIEW-213-wave-components-four-theme-v1.html      ids= 60 DUP=0 unresolved_idref=0 frag_miss=0
2026-09-28T09:45:25.2547331Z   OK  reviews/REVIEW-262-nav-supercharge-dark-v1.html            ids=  0 DUP=0 unresolved_idref=0 frag_miss=0
2026-09-28T09:45:25.2547988Z   OK  reviews/REVIEW-tooltip-tip-s162.html                       ids=  4 DUP=0 unresolved_idref=0 frag_miss=0
2026-09-28T09:45:25.2549128Z   ⚠ reviews/REVIEW-204-document-row-four-themes-v1.html:283 href='#doc-jun' targets no id (WARN tier — #204 declared placeholder demo links a design question, not this class)
2026-09-28T09:45:25.2550388Z   ⚠ reviews/REVIEW-204-document-row-four-themes-v1.html:296 href='#doc-may' targets no id (WARN tier — #204 declared placeholder demo links a design question, not this class)
2026-09-28T09:45:25.2551632Z   ⚠ reviews/REVIEW-204-document-row-four-themes-v1.html:308 href='#doc-tax' targets no id (WARN tier — #204 declared placeholder demo links a design question, not this class)
2026-09-28T09:45:25.2552872Z   ⚠ reviews/REVIEW-204-document-row-four-themes-v1.html:321 href='#doc-long' targets no id (WARN tier — #204 declared placeholder demo links a design question, not this class)
2026-09-28T09:45:25.2554119Z   ⚠ reviews/REVIEW-204-document-row-four-themes-v1.html:348 href='#dl-jun' targets no id (WARN tier — #204 declared placeholder demo links a design question, not this class)
2026-09-28T09:45:25.2555366Z   ⚠ reviews/REVIEW-204-document-row-four-themes-v1.html:356 href='#dl-may' targets no id (WARN tier — #204 declared placeholder demo links a design question, not this class)
2026-09-28T09:45:25.2556591Z   ⚠ reviews/REVIEW-204-document-row-four-themes-v1.html:386 href='#doc-jun' targets no id (WARN tier — #204 declared placeholder demo links a design question, not this class)
2026-09-28T09:45:25.2558123Z   ⚠ reviews/REVIEW-204-document-row-four-themes-v1.html:399 href='#doc-may' targets no id (WARN tier — #204 declared placeholder demo links a design question, not this class)
2026-09-28T09:45:25.2559355Z   ⚠ reviews/REVIEW-204-document-row-four-themes-v1.html:411 href='#doc-tax' targets no id (WARN tier — #204 declared placeholder demo links a design question, not this class)
2026-09-28T09:45:25.2560590Z   ⚠ reviews/REVIEW-204-document-row-four-themes-v1.html:424 href='#doc-long' targets no id (WARN tier — #204 declared placeholder demo links a design question, not this class)
2026-09-28T09:45:25.2561840Z   ⚠ reviews/REVIEW-204-document-row-four-themes-v1.html:451 href='#dl-jun' targets no id (WARN tier — #204 declared placeholder demo links a design question, not this class)
2026-09-28T09:45:25.2563058Z   ⚠ reviews/REVIEW-204-document-row-four-themes-v1.html:459 href='#dl-may' targets no id (WARN tier — #204 declared placeholder demo links a design question, not this class)
2026-09-28T09:45:25.2563853Z   ⚠ … 44 more WARN-tier fragment misses (not findings)
2026-09-28T09:45:25.2564508Z P-2 duplicate-ID/IDREF scan: 55 file(s) over ['reviews/REVIEW-*.html'] · 0 finding(s) · 56 WARN-tier fragment miss(es)
2026-09-28T09:45:25.4255992Z PROBE P-2 — findings=0
2026-09-28T09:45:25.4257571Z --- rc=0 findings=0 · /home/runner/work/UX-design/UX-design/knowledge/_probe_registry/probe_dup_ids.py --check
2026-09-28T09:45:25.4258375Z 
2026-09-28T09:45:25.4259028Z === P-3 · dangling-var PIXEL test (render + cascade + pixel) [sandbox-render]
2026-09-28T09:45:25.4261762Z COULD-NOT-ASK: P-3 dangling-var PIXEL test — NOT-IN-THIS-ENVIRONMENT: playwright is not importable. Stage it per knowledge/_RUNBOOK-render-verify.md (PYTHONPATH=/var/tmp/pylibs). REFUSED — not a pass.
2026-09-28T09:45:25.4263507Z PROBE P-3 — findings=UNKNOWN (environment refused, exit 77)
2026-09-28T09:45:25.4264769Z --- rc=77 findings=UNKNOWN · /home/runner/work/UX-design/UX-design/knowledge/_probe_registry/probe_dangling_var_pixel.py --check
2026-09-28T09:45:25.4265618Z 
2026-09-28T09:45:25.4265880Z === P-4 · premise-vs-store diff [sandbox]
2026-09-28T09:45:25.4267466Z   ⛔ STATE-CONTRADICTION  notes/_briefs/2026-08-20-209-w46-gen-brief-demo-lane-2-apollo-charts-v1.md:85 asserts W-05 open; the store says state=done
2026-09-28T09:45:25.4269458Z   ⛔ STATE-CONTRADICTION  notes/_briefs/2026-08-20-209-w46-gen-brief-demo-lane-2-apollo-charts-v1.md:86 asserts W-06 open; the store says state=parked
2026-09-28T09:45:25.4270658Z   ⛔ STATE-CONTRADICTION  notes/_briefs/2026-08-20-209-w46-gen-brief-demo-lane-2-apollo-charts-v1.md:87 asserts W-07 open; the store says state=done
2026-09-28T09:45:25.4271830Z   ⛔ STATE-CONTRADICTION  notes/_briefs/2026-08-20-209-w46-gen-brief-demo-lane-2-apollo-charts-v1.md:88 asserts W-08 open; the store says state=done
2026-09-28T09:45:25.4272971Z   ⛔ STATE-CONTRADICTION  notes/_briefs/2026-08-20-209-w46-gen-brief-demo-lane-2-apollo-charts-v1.md:89 asserts W-09 open; the store says state=done
2026-09-28T09:45:25.4274121Z   ⛔ STATE-CONTRADICTION  notes/_briefs/2026-08-20-209-w46-gen-brief-demo-lane-2-apollo-charts-v1.md:93 asserts W-10 open; the store says state=done
2026-09-28T09:45:25.4275282Z   ⛔ STATE-CONTRADICTION  notes/_briefs/2026-08-20-209-w46-gen-brief-demo-lane-2-apollo-charts-v1.md:95 asserts W-12 open; the store says state=dropped
2026-09-28T09:45:25.4276404Z   ⛔ STATE-CONTRADICTION  notes/_briefs/2026-08-20-209-w46-gen-brief-demo-lane-2-apollo-charts-v1.md:97 asserts W-14 open; the store says state=done
2026-09-28T09:45:25.4277890Z   ⛔ STATE-CONTRADICTION  notes/_briefs/2026-08-20-209-w46-gen-brief-demo-lane-2-apollo-charts-v1.md:98 asserts W-15 open; the store says state=done
2026-09-28T09:45:25.4279051Z   ⛔ STATE-CONTRADICTION  notes/_briefs/2026-08-20-209-w46-gen-brief-demo-lane-2-apollo-charts-v1.md:99 asserts W-16 open; the store says state=done
2026-09-28T09:45:25.4280191Z   ⛔ STATE-CONTRADICTION  notes/_briefs/2026-08-20-209-w46-gen-brief-demo-lane-2-apollo-charts-v1.md:104 asserts W-41 open; the store says state=done
2026-09-28T09:45:25.4281309Z   ⛔ STATE-CONTRADICTION  notes/_briefs/2026-08-20-209-w46-gen-brief-demo-lane-2-apollo-charts-v1.md:106 asserts W-43 open; the store says state=done
2026-09-28T09:45:25.4282414Z   ⛔ STATE-CONTRADICTION  notes/_briefs/2026-08-20-209-w46-gen-brief-demo-lane-2-apollo-charts-v1.md:110 asserts W-47 open; the store says state=done
2026-09-28T09:45:25.4283532Z   ⛔ STATE-CONTRADICTION  notes/_briefs/2026-08-20-209-w46-gen-brief-demo-lane-2-apollo-charts-v1.md:114 asserts W-51 open; the store says state=parked
2026-09-28T09:45:25.4284655Z   ⛔ STATE-CONTRADICTION  notes/_briefs/2026-08-20-209-w46-gen-brief-demo-lane-2-apollo-charts-v1.md:117 asserts W-54 open; the store says state=done
2026-09-28T09:45:25.4285810Z   ⛔ STATE-CONTRADICTION  notes/_briefs/2026-08-20-209-w46-gen-brief-demo-lane-2-apollo-charts-v1.md:160 asserts W-51 open; the store says state=parked
2026-09-28T09:45:25.4287072Z   ⛔ STATE-CONTRADICTION  notes/_briefs/2026-08-20-209-wave3-fanout-brief-v1.md:113 asserts W-05 open; the store says state=done
2026-09-28T09:45:25.4288033Z   ⛔ STATE-CONTRADICTION  notes/_briefs/2026-08-20-209-wave3-fanout-brief-v1.md:114 asserts W-06 open; the store says state=parked
2026-09-28T09:45:25.4288973Z   ⛔ STATE-CONTRADICTION  notes/_briefs/2026-08-20-209-wave3-fanout-brief-v1.md:115 asserts W-07 open; the store says state=done
2026-09-28T09:45:25.4289909Z   ⛔ STATE-CONTRADICTION  notes/_briefs/2026-08-20-209-wave3-fanout-brief-v1.md:116 asserts W-08 open; the store says state=done
2026-09-28T09:45:25.4291043Z   ⛔ STATE-CONTRADICTION  notes/_briefs/2026-08-20-209-wave3-fanout-brief-v1.md:117 asserts W-09 open; the store says state=done
2026-09-28T09:45:25.4292105Z   ⛔ STATE-CONTRADICTION  notes/_briefs/2026-08-20-209-wave3-fanout-brief-v1.md:121 asserts W-10 open; the store says state=done
2026-09-28T09:45:25.4293060Z   ⛔ STATE-CONTRADICTION  notes/_briefs/2026-08-20-209-wave3-fanout-brief-v1.md:123 asserts W-12 open; the store says state=dropped
2026-09-28T09:45:25.4293986Z   ⛔ STATE-CONTRADICTION  notes/_briefs/2026-08-20-209-wave3-fanout-brief-v1.md:125 asserts W-14 open; the store says state=done
2026-09-28T09:45:25.4294898Z   ⛔ STATE-CONTRADICTION  notes/_briefs/2026-08-20-209-wave3-fanout-brief-v1.md:126 asserts W-15 open; the store says state=done
2026-09-28T09:45:25.4295836Z   ⛔ STATE-CONTRADICTION  notes/_briefs/2026-08-20-209-wave3-fanout-brief-v1.md:127 asserts W-16 open; the store says state=done
2026-09-28T09:45:25.4297038Z   ⛔ STATE-CONTRADICTION  notes/_briefs/2026-08-20-209-wave3-fanout-brief-v1.md:132 asserts W-41 open; the store says state=done
2026-09-28T09:45:25.4298588Z   ⛔ STATE-CONTRADICTION  notes/_briefs/2026-08-20-209-wave3-fanout-brief-v1.md:134 asserts W-43 open; the store says state=done
2026-09-28T09:45:25.4300210Z   ⛔ STATE-CONTRADICTION  notes/_briefs/2026-08-20-209-wave3-fanout-brief-v1.md:138 asserts W-47 open; the store says state=done
2026-09-28T09:45:25.4301794Z   ⛔ STATE-CONTRADICTION  notes/_briefs/2026-08-20-209-wave3-fanout-brief-v1.md:142 asserts W-51 open; the store says state=parked
2026-09-28T09:45:25.4302760Z   ⛔ STATE-CONTRADICTION  notes/_briefs/2026-08-20-209-wave3-fanout-brief-v1.md:145 asserts W-54 open; the store says state=done
2026-09-28T09:45:25.4303676Z   ⛔ STATE-CONTRADICTION  notes/_briefs/2026-08-20-209-wave3-fanout-brief-v1.md:151 asserts W-60 open; the store says state=done
2026-09-28T09:45:25.4304589Z   ⛔ STATE-CONTRADICTION  notes/_briefs/2026-08-20-209-wave3-fanout-brief-v1.md:152 asserts W-61 open; the store says state=done
2026-09-28T09:45:25.4305564Z   ⛔ STATE-CONTRADICTION  notes/_briefs/2026-08-20-209-wave3-fanout-brief-v1.md:192 asserts W-51 open; the store says state=parked
2026-09-28T09:45:25.4306530Z   ⛔ STATE-CONTRADICTION  notes/_briefs/2026-08-20-210-wave4-heavy7-fanout-brief-v1.md:87 asserts W-05 open; the store says state=done
2026-09-28T09:45:25.4307967Z   ⛔ STATE-CONTRADICTION  notes/_briefs/2026-08-20-210-wave4-heavy7-fanout-brief-v1.md:88 asserts W-06 open; the store says state=parked
2026-09-28T09:45:25.4308959Z   ⛔ STATE-CONTRADICTION  notes/_briefs/2026-08-20-210-wave4-heavy7-fanout-brief-v1.md:89 asserts W-07 open; the store says state=done
2026-09-28T09:45:25.4309938Z   ⛔ STATE-CONTRADICTION  notes/_briefs/2026-08-20-210-wave4-heavy7-fanout-brief-v1.md:90 asserts W-08 open; the store says state=done
2026-09-28T09:45:25.4310914Z   ⛔ STATE-CONTRADICTION  notes/_briefs/2026-08-20-210-wave4-heavy7-fanout-brief-v1.md:91 asserts W-09 open; the store says state=done
2026-09-28T09:45:25.4311887Z   ⛔ STATE-CONTRADICTION  notes/_briefs/2026-08-20-210-wave4-heavy7-fanout-brief-v1.md:95 asserts W-10 open; the store says state=done
2026-09-28T09:45:25.4312896Z   ⛔ STATE-CONTRADICTION  notes/_briefs/2026-08-20-210-wave4-heavy7-fanout-brief-v1.md:97 asserts W-12 open; the store says state=dropped
2026-09-28T09:45:25.4313871Z   ⛔ STATE-CONTRADICTION  notes/_briefs/2026-08-20-210-wave4-heavy7-fanout-brief-v1.md:99 asserts W-14 open; the store says state=done
2026-09-28T09:45:25.4314840Z   ⛔ STATE-CONTRADICTION  notes/_briefs/2026-08-20-210-wave4-heavy7-fanout-brief-v1.md:100 asserts W-15 open; the store says state=done
2026-09-28T09:45:25.4315819Z   ⛔ STATE-CONTRADICTION  notes/_briefs/2026-08-20-210-wave4-heavy7-fanout-brief-v1.md:101 asserts W-16 open; the store says state=done
2026-09-28T09:45:25.4317066Z   ⛔ STATE-CONTRADICTION  notes/_briefs/2026-08-20-210-wave4-heavy7-fanout-brief-v1.md:106 asserts W-41 open; the store says state=done
2026-09-28T09:45:25.4318061Z   ⛔ STATE-CONTRADICTION  notes/_briefs/2026-08-20-210-wave4-heavy7-fanout-brief-v1.md:108 asserts W-43 open; the store says state=done
2026-09-28T09:45:25.4319269Z   ⛔ STATE-CONTRADICTION  notes/_briefs/2026-08-20-210-wave4-heavy7-fanout-brief-v1.md:112 asserts W-47 open; the store says state=done
2026-09-28T09:45:25.4320396Z   ⛔ STATE-CONTRADICTION  notes/_briefs/2026-08-20-210-wave4-heavy7-fanout-brief-v1.md:116 asserts W-51 open; the store says state=parked
2026-09-28T09:45:25.4321406Z   ⛔ STATE-CONTRADICTION  notes/_briefs/2026-08-20-210-wave4-heavy7-fanout-brief-v1.md:119 asserts W-54 open; the store says state=done
2026-09-28T09:45:25.4322389Z   ⛔ STATE-CONTRADICTION  notes/_briefs/2026-08-20-210-wave4-heavy7-fanout-brief-v1.md:125 asserts W-62 open; the store says state=parked
2026-09-28T09:45:25.4323389Z   ⛔ STATE-CONTRADICTION  notes/_briefs/2026-08-20-210-wave4-heavy7-fanout-brief-v1.md:126 asserts W-63 open; the store says state=parked
2026-09-28T09:45:25.4324368Z   ⛔ STATE-CONTRADICTION  notes/_briefs/2026-08-20-210-wave4-heavy7-fanout-brief-v1.md:127 asserts W-64 open; the store says state=done
2026-09-28T09:45:25.4325360Z   ⛔ STATE-CONTRADICTION  notes/_briefs/2026-08-20-210-wave4-heavy7-fanout-brief-v1.md:129 asserts W-66 open; the store says state=parked
2026-09-28T09:45:25.4326379Z   ⛔ STATE-CONTRADICTION  notes/_briefs/2026-08-20-210-wave4-heavy7-fanout-brief-v1.md:171 asserts W-51 open; the store says state=parked
2026-09-28T09:45:25.4327615Z   ⛔ STATE-CONTRADICTION  notes/_briefs/2026-08-20-210-wave5-layer2-p2-fanout-brief-v1.md:88 asserts W-05 open; the store says state=done
2026-09-28T09:45:25.4328637Z   ⛔ STATE-CONTRADICTION  notes/_briefs/2026-08-20-210-wave5-layer2-p2-fanout-brief-v1.md:89 asserts W-06 open; the store says state=parked
2026-09-28T09:45:25.4329647Z   ⛔ STATE-CONTRADICTION  notes/_briefs/2026-08-20-210-wave5-layer2-p2-fanout-brief-v1.md:90 asserts W-07 open; the store says state=done
2026-09-28T09:45:25.4330643Z   ⛔ STATE-CONTRADICTION  notes/_briefs/2026-08-20-210-wave5-layer2-p2-fanout-brief-v1.md:91 asserts W-08 open; the store says state=done
2026-09-28T09:45:25.4331648Z   ⛔ STATE-CONTRADICTION  notes/_briefs/2026-08-20-210-wave5-layer2-p2-fanout-brief-v1.md:92 asserts W-09 open; the store says state=done
2026-09-28T09:45:25.4332663Z   ⛔ STATE-CONTRADICTION  notes/_briefs/2026-08-20-210-wave5-layer2-p2-fanout-brief-v1.md:96 asserts W-10 open; the store says state=done
2026-09-28T09:45:25.4333683Z   ⛔ STATE-CONTRADICTION  notes/_briefs/2026-08-20-210-wave5-layer2-p2-fanout-brief-v1.md:98 asserts W-12 open; the store says state=dropped
2026-09-28T09:45:25.4334710Z   ⛔ STATE-CONTRADICTION  notes/_briefs/2026-08-20-210-wave5-layer2-p2-fanout-brief-v1.md:100 asserts W-14 open; the store says state=done
2026-09-28T09:45:25.4335721Z   ⛔ STATE-CONTRADICTION  notes/_briefs/2026-08-20-210-wave5-layer2-p2-fanout-brief-v1.md:101 asserts W-15 open; the store says state=done
2026-09-28T09:45:25.4336914Z   ⛔ STATE-CONTRADICTION  notes/_briefs/2026-08-20-210-wave5-layer2-p2-fanout-brief-v1.md:102 asserts W-16 open; the store says state=done
2026-09-28T09:45:25.4337931Z   ⛔ STATE-CONTRADICTION  notes/_briefs/2026-08-20-210-wave5-layer2-p2-fanout-brief-v1.md:107 asserts W-41 open; the store says state=done
2026-09-28T09:45:25.4338952Z   ⛔ STATE-CONTRADICTION  notes/_briefs/2026-08-20-210-wave5-layer2-p2-fanout-brief-v1.md:109 asserts W-43 open; the store says state=done
2026-09-28T09:45:25.4339969Z   ⛔ STATE-CONTRADICTION  notes/_briefs/2026-08-20-210-wave5-layer2-p2-fanout-brief-v1.md:113 asserts W-47 open; the store says state=done
2026-09-28T09:45:25.4340989Z   ⛔ STATE-CONTRADICTION  notes/_briefs/2026-08-20-210-wave5-layer2-p2-fanout-brief-v1.md:117 asserts W-51 open; the store says state=parked
2026-09-28T09:45:25.4342003Z   ⛔ STATE-CONTRADICTION  notes/_briefs/2026-08-20-210-wave5-layer2-p2-fanout-brief-v1.md:120 asserts W-54 open; the store says state=done
2026-09-28T09:45:25.4343016Z   ⛔ STATE-CONTRADICTION  notes/_briefs/2026-08-20-210-wave5-layer2-p2-fanout-brief-v1.md:126 asserts W-62 open; the store says state=parked
2026-09-28T09:45:25.4344037Z   ⛔ STATE-CONTRADICTION  notes/_briefs/2026-08-20-210-wave5-layer2-p2-fanout-brief-v1.md:127 asserts W-63 open; the store says state=parked
2026-09-28T09:45:25.4345360Z   ⛔ STATE-CONTRADICTION  notes/_briefs/2026-08-20-210-wave5-layer2-p2-fanout-brief-v1.md:128 asserts W-64 open; the store says state=done
2026-09-28T09:45:25.4346380Z   ⛔ STATE-CONTRADICTION  notes/_briefs/2026-08-20-210-wave5-layer2-p2-fanout-brief-v1.md:130 asserts W-66 open; the store says state=parked
2026-09-28T09:45:25.4347721Z   ⛔ STATE-CONTRADICTION  notes/_briefs/2026-08-20-210-wave5-layer2-p2-fanout-brief-v1.md:133 asserts W-71 open; the store says state=parked
2026-09-28T09:45:25.4348754Z   ⛔ STATE-CONTRADICTION  notes/_briefs/2026-08-20-210-wave5-layer2-p2-fanout-brief-v1.md:134 asserts W-72 open; the store says state=parked
2026-09-28T09:45:25.4349772Z   ⛔ STATE-CONTRADICTION  notes/_briefs/2026-08-20-210-wave5-layer2-p2-fanout-brief-v1.md:135 asserts W-73 open; the store says state=parked
2026-09-28T09:45:25.4350799Z   ⛔ STATE-CONTRADICTION  notes/_briefs/2026-08-20-210-wave5-layer2-p2-fanout-brief-v1.md:136 asserts W-74 open; the store says state=parked
2026-09-28T09:45:25.4351837Z   ⛔ STATE-CONTRADICTION  notes/_briefs/2026-08-20-210-wave5-layer2-p2-fanout-brief-v1.md:176 asserts W-51 open; the store says state=parked
2026-09-28T09:45:25.4352858Z   ⛔ STATE-CONTRADICTION  notes/_briefs/2026-08-20-210-wave5-layer2-p2-fanout-brief-v1.md:183 asserts W-72 open; the store says state=parked
2026-09-28T09:45:25.4353881Z   ⛔ STATE-CONTRADICTION  notes/_briefs/2026-08-20-210-wave5-layer2-p2-fanout-brief-v1.md:184 asserts W-73 open; the store says state=parked
2026-09-28T09:45:25.4354908Z   ⛔ STATE-CONTRADICTION  notes/_briefs/2026-08-20-210-wave6-layer2-p3-fanout-brief-v1.md:95 asserts W-05 open; the store says state=done
2026-09-28T09:45:25.4355934Z   ⛔ STATE-CONTRADICTION  notes/_briefs/2026-08-20-210-wave6-layer2-p3-fanout-brief-v1.md:96 asserts W-06 open; the store says state=parked
2026-09-28T09:45:25.4357211Z   ⛔ STATE-CONTRADICTION  notes/_briefs/2026-08-20-210-wave6-layer2-p3-fanout-brief-v1.md:97 asserts W-07 open; the store says state=done
2026-09-28T09:45:25.4358246Z   ⛔ STATE-CONTRADICTION  notes/_briefs/2026-08-20-210-wave6-layer2-p3-fanout-brief-v1.md:98 asserts W-08 open; the store says state=done
2026-09-28T09:45:25.4359251Z   ⛔ STATE-CONTRADICTION  notes/_briefs/2026-08-20-210-wave6-layer2-p3-fanout-brief-v1.md:99 asserts W-09 open; the store says state=done
2026-09-28T09:45:25.4360255Z   ⛔ STATE-CONTRADICTION  notes/_briefs/2026-08-20-210-wave6-layer2-p3-fanout-brief-v1.md:103 asserts W-10 open; the store says state=done
2026-09-28T09:45:25.4361275Z   ⛔ STATE-CONTRADICTION  notes/_briefs/2026-08-20-210-wave6-layer2-p3-fanout-brief-v1.md:105 asserts W-12 open; the store says state=dropped
2026-09-28T09:45:25.4362298Z   ⛔ STATE-CONTRADICTION  notes/_briefs/2026-08-20-210-wave6-layer2-p3-fanout-brief-v1.md:107 asserts W-14 open; the store says state=done
2026-09-28T09:45:25.4363299Z   ⛔ STATE-CONTRADICTION  notes/_briefs/2026-08-20-210-wave6-layer2-p3-fanout-brief-v1.md:108 asserts W-15 open; the store says state=done
2026-09-28T09:45:25.4364317Z   ⛔ STATE-CONTRADICTION  notes/_briefs/2026-08-20-210-wave6-layer2-p3-fanout-brief-v1.md:109 asserts W-16 open; the store says state=done
2026-09-28T09:45:25.4365323Z   ⛔ STATE-CONTRADICTION  notes/_briefs/2026-08-20-210-wave6-layer2-p3-fanout-brief-v1.md:114 asserts W-41 open; the store says state=done
2026-09-28T09:45:25.4366332Z   ⛔ STATE-CONTRADICTION  notes/_briefs/2026-08-20-210-wave6-layer2-p3-fanout-brief-v1.md:116 asserts W-43 open; the store says state=done
2026-09-28T09:45:25.4367608Z   ⛔ STATE-CONTRADICTION  notes/_briefs/2026-08-20-210-wave6-layer2-p3-fanout-brief-v1.md:120 asserts W-47 open; the store says state=done
2026-09-28T09:45:25.4368631Z   ⛔ STATE-CONTRADICTION  notes/_briefs/2026-08-20-210-wave6-layer2-p3-fanout-brief-v1.md:124 asserts W-51 open; the store says state=parked
2026-09-28T09:45:25.4369645Z   ⛔ STATE-CONTRADICTION  notes/_briefs/2026-08-20-210-wave6-layer2-p3-fanout-brief-v1.md:127 asserts W-54 open; the store says state=done
2026-09-28T09:45:25.4370880Z   ⛔ STATE-CONTRADICTION  notes/_briefs/2026-08-20-210-wave6-layer2-p3-fanout-brief-v1.md:133 asserts W-62 open; the store says state=parked
2026-09-28T09:45:25.4372112Z   ⛔ STATE-CONTRADICTION  notes/_briefs/2026-08-20-210-wave6-layer2-p3-fanout-brief-v1.md:134 asserts W-63 open; the store says state=parked
2026-09-28T09:45:25.4373137Z   ⛔ STATE-CONTRADICTION  notes/_briefs/2026-08-20-210-wave6-layer2-p3-fanout-brief-v1.md:135 asserts W-64 open; the store says state=done
2026-09-28T09:45:25.4374155Z   ⛔ STATE-CONTRADICTION  notes/_briefs/2026-08-20-210-wave6-layer2-p3-fanout-brief-v1.md:137 asserts W-66 open; the store says state=parked
2026-09-28T09:45:25.4375177Z   ⛔ STATE-CONTRADICTION  notes/_briefs/2026-08-20-210-wave6-layer2-p3-fanout-brief-v1.md:140 asserts W-71 open; the store says state=parked
2026-09-28T09:45:25.4376196Z   ⛔ STATE-CONTRADICTION  notes/_briefs/2026-08-20-210-wave6-layer2-p3-fanout-brief-v1.md:141 asserts W-72 open; the store says state=parked
2026-09-28T09:45:25.4377376Z   ⛔ STATE-CONTRADICTION  notes/_briefs/2026-08-20-210-wave6-layer2-p3-fanout-brief-v1.md:142 asserts W-73 open; the store says state=parked
2026-09-28T09:45:25.4378414Z   ⛔ STATE-CONTRADICTION  notes/_briefs/2026-08-20-210-wave6-layer2-p3-fanout-brief-v1.md:143 asserts W-74 open; the store says state=parked
2026-09-28T09:45:25.4379432Z   ⛔ STATE-CONTRADICTION  notes/_briefs/2026-08-20-210-wave6-layer2-p3-fanout-brief-v1.md:144 asserts W-75 open; the store says state=parked
2026-09-28T09:45:25.4380453Z   ⛔ STATE-CONTRADICTION  notes/_briefs/2026-08-20-210-wave6-layer2-p3-fanout-brief-v1.md:145 asserts W-76 open; the store says state=parked
2026-09-28T09:45:25.4381471Z   ⛔ STATE-CONTRADICTION  notes/_briefs/2026-08-20-210-wave6-layer2-p3-fanout-brief-v1.md:146 asserts W-77 open; the store says state=parked
2026-09-28T09:45:25.4382495Z   ⛔ STATE-CONTRADICTION  notes/_briefs/2026-08-20-210-wave6-layer2-p3-fanout-brief-v1.md:147 asserts W-78 open; the store says state=parked
2026-09-28T09:45:25.4383526Z   ⛔ STATE-CONTRADICTION  notes/_briefs/2026-08-20-210-wave6-layer2-p3-fanout-brief-v1.md:148 asserts W-79 open; the store says state=parked
2026-09-28T09:45:25.4384546Z   ⛔ STATE-CONTRADICTION  notes/_briefs/2026-08-20-210-wave6-layer2-p3-fanout-brief-v1.md:188 asserts W-51 open; the store says state=parked
2026-09-28T09:45:25.4385566Z   ⛔ STATE-CONTRADICTION  notes/_briefs/2026-08-20-210-wave6-layer2-p3-fanout-brief-v1.md:195 asserts W-72 open; the store says state=parked
2026-09-28T09:45:25.4386589Z   ⛔ STATE-CONTRADICTION  notes/_briefs/2026-08-20-210-wave6-layer2-p3-fanout-brief-v1.md:196 asserts W-73 open; the store says state=parked
2026-09-28T09:45:25.4387829Z   ⛔ STATE-CONTRADICTION  notes/_briefs/2026-08-21-211-findings-repair-wave1-v1.md:113 asserts W-05 open; the store says state=done
2026-09-28T09:45:25.4388796Z   ⛔ STATE-CONTRADICTION  notes/_briefs/2026-08-21-211-findings-repair-wave1-v1.md:114 asserts W-06 open; the store says state=parked
2026-09-28T09:45:25.4389769Z   ⛔ STATE-CONTRADICTION  notes/_briefs/2026-08-21-211-findings-repair-wave1-v1.md:115 asserts W-07 open; the store says state=done
2026-09-28T09:45:25.4390722Z   ⛔ STATE-CONTRADICTION  notes/_briefs/2026-08-21-211-findings-repair-wave1-v1.md:116 asserts W-08 open; the store says state=done
2026-09-28T09:45:25.4391660Z   ⛔ STATE-CONTRADICTION  notes/_briefs/2026-08-21-211-findings-repair-wave1-v1.md:117 asserts W-09 open; the store says state=done
2026-09-28T09:45:25.4392598Z   ⛔ STATE-CONTRADICTION  notes/_briefs/2026-08-21-211-findings-repair-wave1-v1.md:121 asserts W-10 open; the store says state=done
2026-09-28T09:45:25.4393557Z   ⛔ STATE-CONTRADICTION  notes/_briefs/2026-08-21-211-findings-repair-wave1-v1.md:123 asserts W-12 open; the store says state=dropped
2026-09-28T09:45:25.4394507Z   ⛔ STATE-CONTRADICTION  notes/_briefs/2026-08-21-211-findings-repair-wave1-v1.md:125 asserts W-14 open; the store says state=done
2026-09-28T09:45:25.4395449Z   ⛔ STATE-CONTRADICTION  notes/_briefs/2026-08-21-211-findings-repair-wave1-v1.md:126 asserts W-15 open; the store says state=done
2026-09-28T09:45:25.4396654Z   ⛔ STATE-CONTRADICTION  notes/_briefs/2026-08-21-211-findings-repair-wave1-v1.md:127 asserts W-16 open; the store says state=done
2026-09-28T09:45:25.4397886Z   ⛔ STATE-CONTRADICTION  notes/_briefs/2026-08-21-211-findings-repair-wave1-v1.md:132 asserts W-41 open; the store says state=done
2026-09-28T09:45:25.4398840Z   ⛔ STATE-CONTRADICTION  notes/_briefs/2026-08-21-211-findings-repair-wave1-v1.md:134 asserts W-43 open; the store says state=done
2026-09-28T09:45:25.4399785Z   ⛔ STATE-CONTRADICTION  notes/_briefs/2026-08-21-211-findings-repair-wave1-v1.md:138 asserts W-47 open; the store says state=done
2026-09-28T09:45:25.4400736Z   ⛔ STATE-CONTRADICTION  notes/_briefs/2026-08-21-211-findings-repair-wave1-v1.md:142 asserts W-51 open; the store says state=parked
2026-09-28T09:45:25.4401694Z   ⛔ STATE-CONTRADICTION  notes/_briefs/2026-08-21-211-findings-repair-wave1-v1.md:145 asserts W-54 open; the store says state=done
2026-09-28T09:45:25.4402654Z   ⛔ STATE-CONTRADICTION  notes/_briefs/2026-08-21-211-findings-repair-wave1-v1.md:151 asserts W-62 open; the store says state=parked
2026-09-28T09:45:25.4403621Z   ⛔ STATE-CONTRADICTION  notes/_briefs/2026-08-21-211-findings-repair-wave1-v1.md:152 asserts W-63 open; the store says state=parked
2026-09-28T09:45:25.4404581Z   ⛔ STATE-CONTRADICTION  notes/_briefs/2026-08-21-211-findings-repair-wave1-v1.md:154 asserts W-66 open; the store says state=parked
2026-09-28T09:45:25.4405534Z   ⛔ STATE-CONTRADICTION  notes/_briefs/2026-08-21-211-findings-repair-wave1-v1.md:157 asserts W-71 open; the store says state=parked
2026-09-28T09:45:25.4406489Z   ⛔ STATE-CONTRADICTION  notes/_briefs/2026-08-21-211-findings-repair-wave1-v1.md:158 asserts W-72 open; the store says state=parked
2026-09-28T09:45:25.4407588Z   ⛔ STATE-CONTRADICTION  notes/_briefs/2026-08-21-211-findings-repair-wave1-v1.md:159 asserts W-73 open; the store says state=parked
2026-09-28T09:45:25.4408558Z   ⛔ STATE-CONTRADICTION  notes/_briefs/2026-08-21-211-findings-repair-wave1-v1.md:160 asserts W-74 open; the store says state=parked
2026-09-28T09:45:25.4409525Z   ⛔ STATE-CONTRADICTION  notes/_briefs/2026-08-21-211-findings-repair-wave1-v1.md:161 asserts W-75 open; the store says state=parked
2026-09-28T09:45:25.4410482Z   ⛔ STATE-CONTRADICTION  notes/_briefs/2026-08-21-211-findings-repair-wave1-v1.md:162 asserts W-76 open; the store says state=parked
2026-09-28T09:45:25.4411437Z   ⛔ STATE-CONTRADICTION  notes/_briefs/2026-08-21-211-findings-repair-wave1-v1.md:163 asserts W-77 open; the store says state=parked
2026-09-28T09:45:25.4412395Z   ⛔ STATE-CONTRADICTION  notes/_briefs/2026-08-21-211-findings-repair-wave1-v1.md:164 asserts W-78 open; the store says state=parked
2026-09-28T09:45:25.4413356Z   ⛔ STATE-CONTRADICTION  notes/_briefs/2026-08-21-211-findings-repair-wave1-v1.md:165 asserts W-79 open; the store says state=parked
2026-09-28T09:45:25.4414317Z   ⛔ STATE-CONTRADICTION  notes/_briefs/2026-08-21-211-findings-repair-wave1-v1.md:166 asserts W-80 open; the store says state=parked
2026-09-28T09:45:25.4415288Z   ⛔ STATE-CONTRADICTION  notes/_briefs/2026-08-21-211-findings-repair-wave1-v1.md:167 asserts W-81 open; the store says state=parked
2026-09-28T09:45:25.4416240Z   ⛔ STATE-CONTRADICTION  notes/_briefs/2026-08-21-211-findings-repair-wave1-v1.md:168 asserts W-82 open; the store says state=parked
2026-09-28T09:45:25.4417384Z   ⛔ STATE-CONTRADICTION  notes/_briefs/2026-08-21-211-findings-repair-wave1-v1.md:169 asserts W-83 open; the store says state=parked
2026-09-28T09:45:25.4418344Z   ⛔ STATE-CONTRADICTION  notes/_briefs/2026-08-21-211-findings-repair-wave1-v1.md:170 asserts W-84 open; the store says state=parked
2026-09-28T09:45:25.4419302Z   ⛔ STATE-CONTRADICTION  notes/_briefs/2026-08-21-211-findings-repair-wave1-v1.md:211 asserts W-51 open; the store says state=parked
2026-09-28T09:45:25.4420258Z   ⛔ STATE-CONTRADICTION  notes/_briefs/2026-08-21-211-findings-repair-wave1-v1.md:217 asserts W-72 open; the store says state=parked
2026-09-28T09:45:25.4421374Z   ⛔ STATE-CONTRADICTION  notes/_briefs/2026-08-21-211-findings-repair-wave1-v1.md:218 asserts W-73 open; the store says state=parked
2026-09-28T09:45:25.4422399Z   ⛔ STATE-CONTRADICTION  notes/_briefs/2026-08-21-212-wrap-brief.md:6 asserts W-96 closed/done; the store says state=open
2026-09-28T09:45:25.4423271Z   ⛔ STATE-CONTRADICTION  notes/_briefs/2026-08-21-212-wrap-brief.md:6 asserts W-98 closed/done; the store says state=open
2026-09-28T09:45:25.4424125Z   ⛔ STATE-CONTRADICTION  notes/_briefs/2026-08-21-212-wrap-brief.md:6 asserts W-99 closed/done; the store says state=open
2026-09-28T09:45:25.4424996Z   ⛔ STATE-CONTRADICTION  notes/_briefs/2026-08-21-212-wrap-brief.md:6 asserts W-95 closed/done; the store says state=open
2026-09-28T09:45:25.4425849Z   ⛔ STATE-CONTRADICTION  notes/_briefs/2026-08-21-212-wrap-brief.md:6 asserts W-97 closed/done; the store says state=open
2026-09-28T09:45:25.4426873Z   ⛔ STATE-CONTRADICTION  notes/_briefs/2026-08-21-213-c1-residual-survey-v1.md:25 asserts W-74 open; the store says state=parked
2026-09-28T09:45:25.4427833Z   ⛔ STATE-CONTRADICTION  notes/_briefs/2026-08-21-213-c1-residual-survey-v1.md:25 asserts W-84 open; the store says state=parked
2026-09-28T09:45:25.4428759Z   ⛔ STATE-CONTRADICTION  notes/_briefs/2026-08-21-213-c1-residual-survey-v1.md:25 asserts W-75 open; the store says state=parked
2026-09-28T09:45:25.4429677Z   ⛔ STATE-CONTRADICTION  notes/_briefs/2026-08-21-213-c1-residual-survey-v1.md:25 asserts W-63 open; the store says state=parked
2026-09-28T09:45:25.4430599Z   ⛔ STATE-CONTRADICTION  notes/_briefs/2026-08-21-213-c1-residual-survey-v1.md:25 asserts W-71 open; the store says state=parked
2026-09-28T09:45:25.4431513Z   ⛔ STATE-CONTRADICTION  notes/_briefs/2026-08-21-213-c1-residual-survey-v1.md:64 asserts W-62 open; the store says state=parked
2026-09-28T09:45:25.4432430Z   ⛔ STATE-CONTRADICTION  notes/_briefs/2026-08-21-213-c1-residual-survey-v1.md:65 asserts W-63 open; the store says state=parked
2026-09-28T09:45:25.4433355Z   ⛔ STATE-CONTRADICTION  notes/_briefs/2026-08-21-213-c1-residual-survey-v1.md:66 asserts W-74 open; the store says state=parked
2026-09-28T09:45:25.4434277Z   ⛔ STATE-CONTRADICTION  notes/_briefs/2026-08-21-213-c1-residual-survey-v1.md:66 asserts W-73 open; the store says state=parked
2026-09-28T09:45:25.4435195Z   ⛔ STATE-CONTRADICTION  notes/_briefs/2026-08-21-213-c1-residual-survey-v1.md:66 asserts W-71 open; the store says state=parked
2026-09-28T09:45:25.4436113Z   ⛔ STATE-CONTRADICTION  notes/_briefs/2026-08-21-213-c1-residual-survey-v1.md:66 asserts W-72 open; the store says state=parked
2026-09-28T09:45:25.4437264Z   ⛔ STATE-CONTRADICTION  notes/_briefs/2026-08-21-213-c1-residual-survey-v1.md:92 asserts W-75 open; the store says state=parked
2026-09-28T09:45:25.4438198Z   ⛔ STATE-CONTRADICTION  notes/_briefs/2026-08-21-213-c1-residual-survey-v1.md:92 asserts W-84 open; the store says state=parked
2026-09-28T09:45:25.4439123Z   ⛔ STATE-CONTRADICTION  notes/_briefs/2026-08-21-213-c1-residual-survey-v1.md:169 asserts W-75 open; the store says state=parked
2026-09-28T09:45:25.4440064Z   ⛔ STATE-CONTRADICTION  notes/_briefs/2026-08-21-213-c1-residual-survey-v1.md:169 asserts W-84 open; the store says state=parked
2026-09-28T09:45:25.4440988Z   ⛔ STATE-CONTRADICTION  notes/_briefs/2026-08-21-213-c1-residual-survey-v1.md:169 asserts W-08 open; the store says state=done
2026-09-28T09:45:25.4442282Z   ⛔ UNROWED-DOC          notes/_briefs/2026-08-22-215-taxonomy-research-v2.md is named by no store row's `home` — the #185 forgotten-document class; the repair is one `_state.add()` row and it is the conductor's, not this probe's
2026-09-28T09:45:25.4443503Z   ⛔ STATE-CONTRADICTION  notes/_briefs/2026-08-26-219-wrap-brief.md:33 asserts W-196 open; the store says state=done
2026-09-28T09:45:25.4444334Z   ⛔ UNKNOWN-RULING       notes/_briefs/2026-08-28-221-wrap-brief.md:6 cites s221-D1 — no such ruling in _rulings.json
2026-09-28T09:45:25.4445171Z   ⛔ UNKNOWN-RULING       notes/_briefs/2026-08-28-221-wrap-brief.md:16 cites s221-D1 — no such ruling in _rulings.json
2026-09-28T09:45:25.4446294Z   ⛔ STATE-CONTRADICTION  notes/_briefs/2026-08-31-228-repair-lane-brief.md:10 asserts W-298 open; the store says state=done
2026-09-28T09:45:25.4447402Z   ⛔ STATE-CONTRADICTION  notes/_briefs/2026-08-31-230-seg-snippets-eye-brief.md:38 asserts W-307 closed/done; the store says state=open
2026-09-28T09:45:25.4448362Z   ⛔ STATE-CONTRADICTION  notes/_briefs/2026-09-01-233-delegated-wrap-brief.md:100 asserts W-308 open; the store says state=done
2026-09-28T09:45:25.4449306Z   ⛔ UNKNOWN-RULING       notes/_briefs/2026-09-02-234-quality-bar-research-brief.md:15 cites s63-D1 — no such ruling in _rulings.json
2026-09-28T09:45:25.4450262Z   ⛔ STATE-CONTRADICTION  notes/_briefs/2026-09-02-235-delegated-wrap-brief.md:14 asserts W-342 closed/done; the store says state=open
2026-09-28T09:45:25.4451213Z   ⛔ STATE-CONTRADICTION  notes/_briefs/2026-09-02-235-delegated-wrap-brief.md:14 asserts W-340 closed/done; the store says state=open
2026-09-28T09:45:25.4452172Z   ⛔ STATE-CONTRADICTION  notes/_briefs/2026-09-02-236-delegated-wrap-brief.md:27 asserts W-342 closed/done; the store says state=open
2026-09-28T09:45:25.4453131Z   ⛔ STATE-CONTRADICTION  notes/_briefs/2026-09-02-236-delegated-wrap-brief.md:27 asserts W-340 closed/done; the store says state=open
2026-09-28T09:45:25.4454063Z   ⛔ STATE-CONTRADICTION  notes/_briefs/2026-09-02-236-delegated-wrap-brief.md:31 asserts W-348 open; the store says state=done
2026-09-28T09:45:25.4454974Z   ⛔ STATE-CONTRADICTION  notes/_briefs/2026-09-02-236-delegated-wrap-brief.md:31 asserts W-347 open; the store says state=done
2026-09-28T09:45:25.4455886Z   ⛔ STATE-CONTRADICTION  notes/_briefs/2026-09-02-236-delegated-wrap-brief.md:31 asserts W-344 open; the store says state=done
2026-09-28T09:45:25.4456918Z   ⛔ STATE-CONTRADICTION  notes/_briefs/2026-09-02-236-delegated-wrap-brief.md:31 asserts W-349 open; the store says state=parked
2026-09-28T09:45:25.4457839Z   ⛔ STATE-CONTRADICTION  notes/_briefs/2026-09-02-236-delegated-wrap-brief.md:31 asserts W-343 open; the store says state=done
2026-09-28T09:45:25.4458794Z   ⛔ STATE-CONTRADICTION  notes/_briefs/2026-09-02-240-delegated-wrap-brief.md:11 asserts W-384 closed/done; the store says state=open
2026-09-28T09:45:25.4459745Z   ⛔ STATE-CONTRADICTION  notes/_briefs/2026-09-03-242-delegated-wrap-brief.md:16 asserts W-374 closed/done; the store says state=open
2026-09-28T09:45:25.4460647Z P-4 premise-vs-store diff: 206 doc(s) over ['notes/_briefs/*.md'] vs 940 store item(s) / 699 ruling(s) · 186 finding(s)
2026-09-28T09:45:26.7459784Z PROBE P-4 — findings=186
2026-09-28T09:45:26.7461186Z --- rc=1 findings=186 · /home/runner/work/UX-design/UX-design/knowledge/_probe_registry/probe_premise_store.py --check
2026-09-28T09:45:26.7462113Z 
2026-09-28T09:45:26.7462403Z === P-5 · stale-figure grep [sandbox]
2026-09-28T09:45:26.7462982Z   live R1 snippets               = 137
2026-09-28T09:45:26.7463531Z   live R2 component metas        = 138
2026-09-28T09:45:26.7464571Z   live R3 showroom pages         = 138
2026-09-28T09:45:26.7465171Z   live R4 type-composite debt    = 1089
2026-09-28T09:45:26.7465646Z   live R5 open store items       = 488
2026-09-28T09:45:26.7467420Z P-5 stale-figure grep: 4 living doc(s) over ['knowledge/_LIVE-STATE.md', 'GOOD-MORNING.md', 'AGENTS.md', 'README.md', 'knowledge/README.md'] · 5 rule(s) live · 0 REFUSED · 0 finding(s)
2026-09-28T09:45:26.7468838Z PROBE P-5 — findings=0
2026-09-28T09:45:26.7469849Z --- rc=0 findings=0 · /home/runner/work/UX-design/UX-design/knowledge/_probe_registry/probe_stale_figure.py --check
2026-09-28T09:45:26.7470793Z 
2026-09-28T09:45:26.7471342Z === P-6 · input leading-trim enactment CANARY [sandbox-render]
2026-09-28T09:45:26.7474327Z COULD-NOT-ASK: P-6 text-box-trim enactment canary — NOT-IN-THIS-ENVIRONMENT: playwright is not importable. Stage it per knowledge/_RUNBOOK-render-verify.md (PYTHONPATH=/var/tmp/pylibs-<n>). REFUSED — not a pass.
2026-09-28T09:45:26.7476490Z PROBE P-6 — findings=UNKNOWN (environment refused, exit 77)
2026-09-28T09:45:26.7477888Z --- rc=77 findings=UNKNOWN · /home/runner/work/UX-design/UX-design/knowledge/_probe_registry/probe_input_trim_enactment.py --check
2026-09-28T09:45:26.7479016Z 
2026-09-28T09:45:26.7479343Z === P-7 · container self-query scan [sandbox]
2026-09-28T09:45:26.7480266Z   OK  knowledge/snippets/Action-bar.reference.html         containers=1  @container-targets=5   FAIL=0 WARN=0
2026-09-28T09:45:26.7481578Z   OK  knowledge/snippets/App-shell-doormat.reference.html  containers=2  @container-targets=10  FAIL=0 WARN=0
2026-09-28T09:45:26.7482929Z   OK  knowledge/snippets/App-shell-focused.reference.html  containers=1  @container-targets=12  FAIL=0 WARN=0
2026-09-28T09:45:26.7484265Z   OK  ledge/snippets/App-shell-multi-column.reference.html containers=1  @container-targets=8   FAIL=0 WARN=0
2026-09-28T09:45:26.7485518Z   OK  knowledge/snippets/App-shell-nav-rail.reference.html containers=1  @container-targets=20  FAIL=0 WARN=0
2026-09-28T09:45:26.7487036Z   OK  knowledge/snippets/App-shell-side-nav.reference.html containers=1  @container-targets=18  FAIL=0 WARN=0
2026-09-28T09:45:26.7488331Z   OK  knowledge/snippets/App-shell-split.reference.html    containers=1  @container-targets=19  FAIL=0 WARN=0
2026-09-28T09:45:26.7489577Z   OK  knowledge/snippets/App-shell-top-nav.reference.html  containers=1  @container-targets=18  FAIL=0 WARN=0
2026-09-28T09:45:26.7490806Z   OK  knowledge/snippets/Banner.reference.html             containers=1  @container-targets=2   FAIL=0 WARN=0
2026-09-28T09:45:26.7491958Z   OK  knowledge/snippets/Button.reference.html             containers=1  @container-targets=4   FAIL=0 WARN=0
2026-09-28T09:45:26.7493155Z   OK  knowledge/snippets/CTA-lockup.reference.html         containers=1  @container-targets=4   FAIL=0 WARN=0
2026-09-28T09:45:26.7494376Z   OK  knowledge/snippets/Card-header-lockup.reference.html containers=1  @container-targets=2   FAIL=0 WARN=0
2026-09-28T09:45:26.7495609Z   OK  knowledge/snippets/Cards.reference.html              containers=1  @container-targets=2   FAIL=0 WARN=0
2026-09-28T09:45:26.7497023Z   OK  knowledge/snippets/Cascader.reference.html           containers=1  @container-targets=4   FAIL=0 WARN=0
2026-09-28T09:45:26.7498269Z   OK  knowledge/snippets/Document-row.reference.html       containers=1  @container-targets=2   FAIL=0 WARN=0
2026-09-28T09:45:26.7499588Z   OK  nowledge/snippets/Feature-grid-lockup.reference.html containers=2  @container-targets=3   FAIL=0 WARN=0
2026-09-28T09:45:26.7500969Z   OK  knowledge/snippets/Filter-toolbar-bar.reference.html containers=2  @container-targets=14  FAIL=0 WARN=0
2026-09-28T09:45:26.7502349Z   OK  wledge/snippets/Footer-doormat-lockup.reference.html containers=2  @container-targets=3   FAIL=0 WARN=0
2026-09-28T09:45:26.7503609Z   OK  knowledge/snippets/Footer.reference.html             containers=1  @container-targets=6   FAIL=0 WARN=0
2026-09-28T09:45:26.7504845Z   OK  knowledge/snippets/Hero-variants.reference.html      containers=1  @container-targets=2   FAIL=0 WARN=0
2026-09-28T09:45:26.7506375Z   OK  knowledge/snippets/Layout-utilities.reference.html   containers=1  @container-targets=1   FAIL=0 WARN=0
2026-09-28T09:45:26.7507834Z   OK  knowledge/snippets/Links.reference.html              containers=1  @container-targets=2   FAIL=0 WARN=0
2026-09-28T09:45:26.7509036Z   OK  knowledge/snippets/List-items.reference.html         containers=1  @container-targets=0   FAIL=0 WARN=0
2026-09-28T09:45:26.7510271Z   OK  knowledge/snippets/Notifications.reference.html      containers=1  @container-targets=2   FAIL=0 WARN=0
2026-09-28T09:45:26.7511544Z   OK  knowledge/snippets/Page-header-lockup.reference.html containers=1  @container-targets=2   FAIL=0 WARN=0
2026-09-28T09:45:26.7512860Z   OK  knowledge/snippets/Progress-tracker.reference.html   containers=1  @container-targets=4   FAIL=0 WARN=0
2026-09-28T09:45:26.7514117Z   OK  knowledge/snippets/Selection-controls.reference.html containers=1  @container-targets=4   FAIL=0 WARN=0
2026-09-28T09:45:26.7515371Z   OK  e/snippets/Standing-order-mandate-row.reference.html containers=1  @container-targets=4   FAIL=0 WARN=0
2026-09-28T09:45:26.7517040Z   OK  knowledge/snippets/Status-indicator.reference.html   containers=1  @container-targets=2   FAIL=0 WARN=0
2026-09-28T09:45:26.7518308Z   OK  knowledge/snippets/Stepper.reference.html            containers=1  @container-targets=4   FAIL=0 WARN=0
2026-09-28T09:45:26.7519333Z   OK  knowledge/snippets/Table.reference.html              containers=1  @container-targets=20  FAIL=0 WARN=0
2026-09-28T09:45:26.7520454Z   OK  knowledge/snippets/Tags.reference.html               containers=1  @container-targets=2   FAIL=0 WARN=0
2026-09-28T09:45:26.7521608Z   OK  knowledge/snippets/Template-auth.reference.html      containers=1  @container-targets=4   FAIL=0 WARN=0
2026-09-28T09:45:26.7522783Z   OK  wledge/snippets/Template-confirmation.reference.html containers=1  @container-targets=1   FAIL=0 WARN=0
2026-09-28T09:45:26.7524007Z   OK  owledge/snippets/Template-create-edit.reference.html containers=1  @container-targets=7   FAIL=0 WARN=0
2026-09-28T09:45:26.7525289Z   OK  dge/snippets/Template-dashboard-bento.reference.html containers=2  @container-targets=10  FAIL=0 WARN=0
2026-09-28T09:45:26.7526589Z   OK  knowledge/snippets/Template-dashboard.reference.html containers=1  @container-targets=1   FAIL=0 WARN=0
2026-09-28T09:45:26.7528046Z   OK  knowledge/snippets/Template-detail.reference.html    containers=2  @container-targets=6   FAIL=0 WARN=0
2026-09-28T09:45:26.7529356Z   OK  knowledge/snippets/Template-empty.reference.html     containers=1  @container-targets=1   FAIL=0 WARN=0
2026-09-28T09:45:26.7530615Z   OK  knowledge/snippets/Template-error.reference.html     containers=1  @container-targets=1   FAIL=0 WARN=0
2026-09-28T09:45:26.7531895Z   OK  nowledge/snippets/Template-list-index.reference.html containers=1  @container-targets=3   FAIL=0 WARN=0
2026-09-28T09:45:26.7533108Z   OK  knowledge/snippets/Template-report.reference.html    containers=1  @container-targets=1   FAIL=0 WARN=0
2026-09-28T09:45:26.7533864Z   OK  knowledge/snippets/Template-settings.reference.html  containers=2  @container-targets=3   FAIL=0 WARN=0
2026-09-28T09:45:26.7534590Z   OK  knowledge/snippets/Template-wizard.reference.html    containers=1  @container-targets=11  FAIL=0 WARN=0
2026-09-28T09:45:26.7535283Z   OK  knowledge/snippets/Timeline.reference.html           containers=1  @container-targets=0   FAIL=0 WARN=0
2026-09-28T09:45:26.7535999Z   OK  knowledge/snippets/Transaction-row.reference.html    containers=1  @container-targets=6   FAIL=0 WARN=0
2026-09-28T09:45:26.7536954Z   OK  knowledge/snippets/Transfer-list.reference.html      containers=1  @container-targets=2   FAIL=0 WARN=0
2026-09-28T09:45:26.7537904Z P-7 container self-query scan: 137 file(s) over ['knowledge/snippets/*.reference.html'] · 0 finding(s) · 0 WARN-tier
2026-09-28T09:45:26.7538457Z PROBE P-7 — findings=0
2026-09-28T09:45:26.7539053Z --- rc=0 findings=0 · /home/runner/work/UX-design/UX-design/knowledge/_probe_registry/probe_container_self_query.py --check
2026-09-28T09:45:26.7539839Z 
2026-09-28T09:45:26.7540035Z === P-8 · dangling-var TEXT scan (no browser) [sandbox]
2026-09-28T09:45:26.7540711Z P-8 dangling-var TEXT scan: 137 file(s) over ['knowledge/snippets/*.reference.html'] · 0 finding(s) in 0 file(s) · by kind {}
2026-09-28T09:45:26.7541269Z PROBE P-8 — findings=0
2026-09-28T09:45:26.7541829Z --- rc=0 findings=0 · /home/runner/work/UX-design/UX-design/knowledge/_probe_registry/probe_dangling_var_text.py --check
2026-09-28T09:45:26.7542272Z 
2026-09-28T09:45:26.7542401Z ==============================================================================
2026-09-28T09:45:26.7542718Z REGISTRY RUN SUMMARY (8 probe(s))
2026-09-28T09:45:26.7542982Z id     env             rc    findings  class
2026-09-28T09:45:26.7543321Z P-1    sandbox         0     0         meta vs meta.schema.json drift
2026-09-28T09:45:26.7543751Z P-2    sandbox         0     0         duplicate id + unresolved IDREF in review pages
2026-09-28T09:45:26.7544240Z P-3    sandbox-render  77    REFUSED   dangling var renders silent black (dataviz)
2026-09-28T09:45:26.7544747Z P-4    sandbox         1     186       premise vs store disagreement (stale carried state)
2026-09-28T09:45:26.7545334Z P-5    sandbox         0     0         stale carried figure vs live measurement
2026-09-28T09:45:26.7545995Z P-6    sandbox-render  77    REFUSED   browser begins ENACTING text-box-trim inside form controls (library-wide field shift, no commit)
2026-09-28T09:45:26.7546995Z P-7    sandbox         0     0         @container rule aimed at its own container (the rule can never fire)
2026-09-28T09:45:26.7547768Z P-8    sandbox         0     0         dangling var(--x) — the property is declared nowhere reachable in the file (TEXT tier)
2026-09-28T09:45:26.7548393Z ⚠ 1 probe(s) reported findings, an UNKNOWN count, or a non-zero rc.
2026-09-28T09:45:26.7548662Z 
2026-09-28T09:45:26.7548976Z ⛔ COULD-NOT-ASK (2) — these probes did NOT run, and this run says NOTHING about their class.
2026-09-28T09:45:26.7549547Z    They do not fail this run; they also do not pass. Each line is the probe's OWN reason:
2026-09-28T09:45:26.7550036Z    [P-3] dangling var renders silent black (dataviz)
2026-09-28T09:45:26.7551049Z        COULD-NOT-ASK: P-3 dangling-var PIXEL test — NOT-IN-THIS-ENVIRONMENT: playwright is not importable. Stage it per knowledge/_RUNBOOK-render-verify.md (PYTHONPATH=/var/tmp/pylibs). REFUSED — not a pass.
2026-09-28T09:45:26.7552085Z    [P-6] browser begins ENACTING text-box-trim inside form controls (library-wide field shift, no commit)
2026-09-28T09:45:26.7553316Z        COULD-NOT-ASK: P-6 text-box-trim enactment canary — NOT-IN-THIS-ENVIRONMENT: playwright is not importable. Stage it per knowledge/_RUNBOOK-render-verify.md (PYTHONPATH=/var/tmp/pylibs-<n>). REFUSED — not a pass.
2026-09-28T09:45:26.7554782Z ⛔ A green registry run proves THE PROBES RAN, not that the tree is clean. Each probe's `blind` field says what it cannot see; the verifier brief keeps free hunting mandatory for exactly that reason.
2026-09-28T09:45:58.4951441Z evidence linter: 336 row(s) from 10 file(s) · 297 mechanical
2026-09-28T09:45:58.4953836Z   ⛔ L1-1 — DEAD POINTER: evidence names `tokens/_blast-radius.json`, which does not exist on disk — a dead pointer reads as evidence. If the ABSENCE is the claim, write `absent:tokens/_blast-radius.json`; if the file lives outside the repo, use the ruled s191-D2 marker `(NON-REPO: <where>)`
2026-09-28T09:45:58.4957510Z   ⛔ L1-4 — s182-D1: MECHANICAL row (tag=PROVEN verdict=None) carries NO probeable token — no command, no existing path, no figure. Evidence: "The verbatim gate line in L1-3. ⛔ Do not quote the brief's numbers"
2026-09-28T09:45:58.4959574Z   ⛔ L1-1 — DEAD POINTER: evidence names `tokens/_blast-radius.json`, which does not exist on disk — a dead pointer reads as evidence. If the ABSENCE is the claim, write `absent:tokens/_blast-radius.json`; if the file lives outside the repo, use the ruled s191-D2 marker `(NON-REPO: <where>)`
2026-09-28T09:45:58.4961417Z   ⛔ C-2 — s182-D1: MECHANICAL row (tag=None verdict=CONFIRMED) carries NO probeable token — no command, no existing path, no figure. Evidence: 'The claim table only counted `PROPOSED` in the snippets. The brief (step 3) requires it in'
2026-09-28T09:45:58.4963455Z   ⛔ H-5 — s182-D1: MECHANICAL row (tag=None verdict=CONFIRMED) carries NO probeable token — no command, no existing path, no figure. Evidence: 'C-6 + L1-10: the six are absent from canon, the generators exist, the reconciliation is av'
2026-09-28T09:45:58.4965350Z   ⛔ W2-13 — DEAD POINTER (truncated): evidence names `notes/x.md…`, and NO path on disk starts with it — the trailing ellipsis does not make a dead pointer legal (#208 laundering hole). Write the full path, or `absent:notes/x.md` if the ABSENCE is the claim, or add the ruled `(NON-REPO: <where>)` marker
2026-09-28T09:45:58.4966462Z ── s182-D1 LINT: 6 failure(s)
2026-09-28T09:45:58.4967877Z ── SAMPLER · seed=205 · pool=230 row(s) with a command · 15 with a declared observation (always drawn) · drawn=20: G-c, W1-5, W2-3, W2-3, W46-11, WIRE-10, WIRE-11, WIRE-13, WIRE-14, WIRE-15, WIRE-18, WIRE-19, WIRE-20, WIRE-21, WIRE-3, WIRE-4, WIRE-5, WIRE-6, WIRE-8, WIRE-9
2026-09-28T09:45:58.4969376Z   ⛔ REFUSED [UNSAFE] G-c — `python3 -c "import _gate_doc_rows as g; g.unrowed(store, pop + [('2026-08-19','notes/_briefs/2026-08`
2026-09-28T09:45:58.4970073Z       `python3 -c` runs arbitrary code — cannot be judged read-only
2026-09-28T09:45:58.4970745Z   ⛔ REFUSED [DOES-NOT-TERMINATE] W1-5 — `python3 knowledge/_capture_gate.py --selftest` did not exit within 30s
2026-09-28T09:45:58.4971379Z   ⛔ REFUSED [SIDE-EFFECTS] W2-3 — `python3 knowledge/_state.py`
2026-09-28T09:45:58.4972019Z       a bare `python3` REWRITES its tracked audit output; #204 declared this exact stop. Only --check/--selftest/--dry-run forms are sampled
2026-09-28T09:45:58.4972712Z   ⛔ REFUSED [SIDE-EFFECTS] W2-3 — `python3 knowledge/_state.py`
2026-09-28T09:45:58.4973336Z       a bare `python3` REWRITES its tracked audit output; #204 declared this exact stop. Only --check/--selftest/--dry-run forms are sampled
2026-09-28T09:45:58.4974232Z   ⛔ REFUSED [SIDE-EFFECTS] W46-11 — `python3 knowledge/_memento_search.py "brief generator mint open items fences"`
2026-09-28T09:45:58.4975038Z       a bare `python3` REWRITES its tracked audit output; #204 declared this exact stop. Only --check/--selftest/--dry-run forms are sampled
2026-09-28T09:45:58.4975779Z   ⛔ REFUSED [UNSAFE] WIRE-10 — `bash knowledge/_git_commit.sh --selftest`
2026-09-28T09:45:58.4976197Z       head verb 'bash' is not on the read-only allowlist
2026-09-28T09:45:58.4977048Z   ✅ RAN WIRE-11 — `grep -c 'pat.match(s)' knowledge/_git_commit.sh` → rc=0 (matches declared + OBSERVATION)
2026-09-28T09:45:58.4977816Z   ✅ RAN WIRE-13 — `grep -c PREFIX_ACK knowledge/_git_commit.sh` → rc=0 (matches declared + OBSERVATION)
2026-09-28T09:45:58.4978456Z   ⛔ OBSERVATION MISMATCH WIRE-14 — `python3 knowledge/_build_all.py --selftest`
2026-09-28T09:45:58.4979683Z       stdout does NOT contain 'exact-ID failure routing over 127 steps' (declared expect_stdout_contains). First 120 chars of stdout: '  selftest (a): 154 registered step ID(s), each resolves to exactly one route ✓\n  selftest (b): unknown step ID refuses,'
2026-09-28T09:45:58.4980987Z   ✅ RAN WIRE-15 — `python3 knowledge/_probe_registry/_registry.py --run --probe P-3` → rc=77 (matches declared + OBSERVATION)
2026-09-28T09:45:58.4981752Z   ⛔ REFUSED [SIDE-EFFECTS] WIRE-18 — `python3 knowledge/_validate_evidence.py notes/_claims`
2026-09-28T09:45:58.4982486Z       a bare `python3` REWRITES its tracked audit output; #204 declared this exact stop. Only --check/--selftest/--dry-run forms are sampled
2026-09-28T09:45:58.4983464Z   ⛔ REFUSED [SIDE-EFFECTS] WIRE-19 — `python3 knowledge/_join_claim_tables.py notes/_claims/208-wave1-claims.jsonl notes/_claims/208-wave2`
2026-09-28T09:45:58.4984341Z       a bare `python3` REWRITES its tracked audit output; #204 declared this exact stop. Only --check/--selftest/--dry-run forms are sampled
2026-09-28T09:45:58.4985430Z   ⛔ RC MISMATCH WIRE-20 — `python3 knowledge/_governs.py --selftest` → rc=77, row declares rc=0
2026-09-28T09:45:58.4986086Z   ⛔ OBSERVATION MISMATCH WIRE-21 — `grep -c 'fetch-depth: 0' .github/workflows/gates.yml`
2026-09-28T09:45:58.4986553Z       expect_count=3 declared, command observed 4
2026-09-28T09:45:58.4987460Z   ✅ RAN WIRE-3 — `grep -c expect_stdout_contains knowledge/_claimtable.py` → rc=0 (matches declared + OBSERVATION)
2026-09-28T09:45:58.4988252Z   ✅ RAN WIRE-4 — `python3 knowledge/_validate_evidence.py --selftest` → rc=0 (matches declared + OBSERVATION)
2026-09-28T09:45:58.4989011Z   ✅ RAN WIRE-5 — `python3 knowledge/_validate_evidence.py --selftest` → rc=0 (matches declared + OBSERVATION)
2026-09-28T09:45:58.4989753Z   ✅ RAN WIRE-6 — `python3 knowledge/_validate_evidence.py --selftest` → rc=0 (matches declared + OBSERVATION)
2026-09-28T09:45:58.4990490Z   ✅ RAN WIRE-8 — `python3 knowledge/_validate_evidence.py --selftest` → rc=0 (matches declared + OBSERVATION)
2026-09-28T09:45:58.4991374Z   ⛔ REFUSED [SIDE-EFFECTS] WIRE-9 — `python3 knowledge/_validate_evidence.py notes/_claims/208-wave1-claims.jsonl notes/_claims/208-wave2`
2026-09-28T09:45:58.4992410Z       a bare `python3` REWRITES its tracked audit output; #204 declared this exact stop. Only --check/--selftest/--dry-run forms are sampled
2026-09-28T09:45:58.4993308Z ── DECLARED GAP: 9 of 20 sampled row(s) were NOT run. Refusal is the honest answer; none of them is counted as a pass.
2026-09-28T09:45:58.4993972Z ⛔ EVIDENCE GATE FAIL — 6 lint · 0 unparsed · 3 rc/observation mismatch
2026-09-28T09:45:59.6851637Z _governs: ⬛ DECLARED (#208) — ruling s202-D3 governs the BARE token `knowledge`, which is a real DIRECTORY. Before #208 it matched every path carrying a `knowledge` segment (the too-loose arm, and the reason the negative control and [13] were red); it now governs NOTHING. REACH LOST HERE. Remedy: name the files/symbols it really governs, via `_inscribe_ruling.py` — the only legal writer of _rulings.json. ⛔ That scope is Dave's call, not this gate's.
2026-09-28T09:45:59.6856036Z _governs: ⬛ DECLARED (#208) — ruling s217-D5 governs the BARE token `showroom`, which is a real DIRECTORY. Before #208 it matched every path carrying a `showroom` segment (the too-loose arm, and the reason the negative control and [13] were red); it now governs NOTHING. REACH LOST HERE. Remedy: name the files/symbols it really governs, via `_inscribe_ruling.py` — the only legal writer of _rulings.json. ⛔ That scope is Dave's call, not this gate's.
2026-09-28T09:45:59.6860571Z _governs: ⬛ DECLARED (#208) — ruling s237-D9 governs the BARE token `apollo-spider`, which is a real DIRECTORY. Before #208 it matched every path carrying a `apollo-spider` segment (the too-loose arm, and the reason the negative control and [13] were red); it now governs NOTHING. REACH LOST HERE. Remedy: name the files/symbols it really governs, via `_inscribe_ruling.py` — the only legal writer of _rulings.json. ⛔ That scope is Dave's call, not this gate's.
2026-09-28T09:45:59.6864898Z _governs: ⬛ DECLARED (#208) — ruling s238-D5 governs the BARE token `apollo-spider`, which is a real DIRECTORY. Before #208 it matched every path carrying a `apollo-spider` segment (the too-loose arm, and the reason the negative control and [13] were red); it now governs NOTHING. REACH LOST HERE. Remedy: name the files/symbols it really governs, via `_inscribe_ruling.py` — the only legal writer of _rulings.json. ⛔ That scope is Dave's call, not this gate's.
2026-09-28T09:45:59.6878643Z _governs: ⬛ DECLARED (#208) — 89 `governs` entr(ies) name a DIRECTORY with a path separator; they governed no file BEFORE #208 and govern none after (unchanged, pre-existing under-specification, not a #208 narrowing): dv-2px-separation→knowledge/snippets, opacity-primitives→knowledge/canon, opacity-primitives→knowledge/snippets, showroom-one-bar-chrome→knowledge/snippets/, showroom-one-bar-chrome→showroom/, snippets-pure-canon→knowledge/snippets/, opacity-primitives-4pct→knowledge/, ds-028→knowledge/snippets/, ds-030→knowledge/snippets/, ds-034→knowledge/snippets/, ds-035→knowledge/tokens/themes/, s114-D4→designer-skills-v1/, s114-D4→designer-skills-v2/, s114-D7→memento-package/, s135-D3→knowledge/components/, s193-D1→memento-package/, s198-D1→knowledge/tokens, s198-D2→knowledge/tokens, s199-D1→knowledge/tokens, s199-D2→knowledge/tokens, s199-D3→knowledge/tokens, s200-D1→knowledge/tokens, s200-D2→knowledge/tokens, s200-D3→knowledge/tokens, s200-D4→knowledge/tokens, s201-D1→knowledge/tokens, s201-D2→knowledge/tokens, s201-D3→knowledge/tokens, s201-D4→knowledge/tokens, s201-D5→knowledge/tokens, s202-D1→knowledge/tokens, s202-D2→knowledge/tokens, s216-D1→knowledge/tokens/themes, s217-D2→knowledge/canon, s217-D2→knowledge/tokens/themes, s217-D3→knowledge/canon, s217-D5→knowledge/canon, s219-D4→designer-skills-v1/, s219-D4→designer-skills-v2/, s219-D4→memento-package/, s219-D5→knowledge/_release/, s219-D6→knowledge/_release/, s219-D7→knowledge/_release/, s219-D7→memento-package/, s219-D8→knowledge/_release/, s219-D9→knowledge/_release/, s219-D9→apollo-spider/, s219-D10→knowledge/_release/, s219-D10→apollo-spider/, s237-D7→notes/_briefs, s245-D1→knowledge/components/, s245-D3→knowledge/components/, s245-D4→knowledge/components/, s245-D5→knowledge/components/, s245-D10→knowledge/tokens, s251-D3→knowledge/components/, s251-D4→knowledge/components/, s251-D5→knowledge/components/, s251-D6→knowledge/components/, s251-D7→knowledge/components/, s251-D8→knowledge/components/, s251-D9→knowledge/components/, s251-D10→knowledge/components/, s251-D11→knowledge/components/, s251-D12→knowledge/components/, s260-D3→knowledge/_tests/chart-engine/, s261-D1→knowledge/snippets/, s261-D1→apollo-spider/, s261-D8→showroom/, s261-D8→reviews/, s268-D1→apollo-spider/dist/, s268-D2→apollo-spider/dist/, s268-D3→apollo-spider/dist/, s268-D4→apollo-spider/dist/, s268-D6→knowledge/components/, s273-D1→knowledge/components, s273-D2→knowledge/components, s276-D1→knowledge/compliance/rules, s276-D2→knowledge/compliance/rules, s277-D4→knowledge/assets/logos/, s277-D5→knowledge/components/, s277-D7→knowledge/assets/logos/, s277-D9→knowledge/guidelines/, s277-D10→designer-skills-v2/, s277-D12→knowledge/tokens/, s278-D1→designer-skills-v2/, s279-D1→designer-skills-v2/, s279-D1→knowledge/_release/, s282-D4→knowledge/assets/logos/
2026-09-28T09:45:59.6890042Z _governs: COULD-NOT-ASK — ruling ds-034's evidence `outputs/_FINDING-canon-pri-hover-brand-mono-fork-2026-08-06-v1.md` is excluded by this repo's own .gitignore — no checkout can hold it, so whether it has rotted is UNASKABLE here; the machine that wrote it is where that question has an answer
2026-09-28T09:45:59.6892148Z _governs: COULD-NOT-ASK — ruling ds-034's evidence `outputs/_PARTITION-button-primary-2026-08-06-v1.md` is excluded by this repo's own .gitignore — no checkout can hold it, so whether it has rotted is UNASKABLE here; the machine that wrote it is where that question has an answer
2026-09-28T09:45:59.6894182Z _governs: COULD-NOT-ASK — ruling ds-035's evidence `outputs/_FINDING-canon-pri-hover-brand-mono-fork-2026-08-06-v1.md` is excluded by this repo's own .gitignore — no checkout can hold it, so whether it has rotted is UNASKABLE here; the machine that wrote it is where that question has an answer
2026-09-28T09:45:59.6895601Z _governs: SKIPPED anchor on superseded ruling s129-D1 (superseded_by s171-D1): `knowledge/_gauge_tokens.py#BOOT_FIRSTTURN_TK = 54_859`
2026-09-28T09:45:59.6896464Z _governs: SKIPPED anchor on superseded ruling s129-D1 (superseded_by s171-D1): `knowledge/_gauge_tokens.py#RE-BASED #129, 2026-08-08`
2026-09-28T09:45:59.6897680Z _governs: SKIPPED anchor on superseded ruling s129-D1 (superseded_by s171-D1): `knowledge/_capture_gate.py#if "boot" not in ln.lower():`
2026-09-28T09:45:59.6898504Z _governs: SKIPPED anchor on superseded ruling s129-D1 (superseded_by s171-D1): `notes/_GAUGE-LOG.md##### 2026-08-08 #129`
2026-09-28T09:45:59.6899369Z _governs: SKIPPED anchor on superseded ruling s129-D1 (superseded_by s171-D1): `notes/_MEMENTO-DECISIONS.md#THE BOOT FLOOR IS RE-BASED: 75,899`
2026-09-28T09:45:59.6901202Z _governs: COULD-NOT-ASK — ruling s245-D6's evidence `knowledge/_tmp/l3-245/rename-plan.json` is excluded by this repo's own .gitignore — no checkout can hold it, so whether it has rotted is UNASKABLE here; the machine that wrote it is where that question has an answer
2026-09-28T09:45:59.6902362Z   _governs.py selftest: all bites green (4 pointer(s) UNASKABLE in this checkout)
2026-09-28T09:45:59.6907297Z COULD-NOT-ASK: _governs.py --selftest — 4 evidence pointer(s) name paths this checkout cannot hold: ruling ds-034's evidence `outputs/_FINDING-canon-pri-hover-brand-mono-fork-2026-08-06-v1.md` is excluded by this repo's own .gitignore — no checkout can hold it, so whether it has rotted is UNASKABLE here; the machine that wrote it is where that question has an answer · ruling ds-034's evidence `outputs/_PARTITION-button-primary-2026-08-06-v1.md` is excluded by this repo's own .gitignore — no checkout can hold it, so whether it has rotted is UNASKABLE here; the machine that wrote it is where that question has an answer · ruling ds-035's evidence `outputs/_FINDING-canon-pri-hover-brand-mono-fork-2026-08-06-v1.md` is excluded by this repo's own .gitignore — no checkout can hold it, so whether it has rotted is UNASKABLE here; the machine that wrote it is where that question has an answer · ruling s245-D6's evidence `knowledge/_tmp/l3-245/rename-plan.json` is excluded by this repo's own .gitignore — no checkout can hold it, so whether it has rotted is UNASKABLE here; the machine that wrote it is where that question has an answer
2026-09-28T09:45:59.6920899Z 
2026-09-28T09:45:59.6921021Z 
2026-09-28T09:45:59.6921925Z === [75/154] type-composites ratchet — tier (b), debt 1101 shrink-only (Dave #119) — _validate_type_composites.py ===
2026-09-28T09:45:59.6922677Z 
2026-09-28T09:45:59.6923134Z === [76/154] type-composites selftest — _validate_type_composites.py ===
2026-09-28T09:45:59.6923627Z 
2026-09-28T09:45:59.6923936Z === [77/154] coverage gate — _validate_coverage.py ===
2026-09-28T09:45:59.6924311Z 
2026-09-28T09:45:59.6924703Z === [78/154] pro-forma universal gate — _validate_proforma.py ===
2026-09-28T09:45:59.6925191Z 
2026-09-28T09:45:59.6925528Z === [79/154] pro-forma CSS-governed motion gate (DEF-003) — _validate_css_governed.py ===
2026-09-28T09:45:59.6925898Z 
2026-09-28T09:45:59.6926207Z === [80/154] pro-forma no-hardcode styling gate (DEF-004) — _validate_no_hardcode.py ===
2026-09-28T09:45:59.6926547Z 
2026-09-28T09:45:59.6927028Z === [81/154] 4px-grid gate (DEF-005) — _validate_grid.py ===
2026-09-28T09:45:59.6927277Z 
2026-09-28T09:45:59.6927629Z === [82/154] type-binding blast-radius gate (canon/type.css) — _validate_type_blast_radius.py ===
2026-09-28T09:45:59.6927999Z 
2026-09-28T09:45:59.6928409Z === [83/154] descender-clip gate (ds-005) — truncating labels stay descender-safe — _validate_descender_clip.py ===
2026-09-28T09:45:59.6928824Z 
2026-09-28T09:45:59.6929127Z === [84/154] KG edge parse-gate + s135-D4 resolutions-consumed check — _validate_kg.py ===
2026-09-28T09:45:59.6929459Z 
2026-09-28T09:45:59.6929676Z === [85/154] KG edge gate selftest (6 bites) — _validate_kg.py ===
2026-09-28T09:45:59.6929922Z 
2026-09-28T09:45:59.6930383Z === [86/154] KG token-group generator drift check — _token_nodes.json vs the metas (s277-D12, wired #304 W5c) — gen_kg_tokens.py ===
2026-09-28T09:45:59.6930855Z 
2026-09-28T09:45:59.6931160Z === [87/154] KG token-group generator selftest — 8 bites (s277-D12) — gen_kg_tokens.py ===
2026-09-28T09:45:59.6931483Z 
2026-09-28T09:45:59.6931881Z === [88/154] KG node-title generator drift check — _node_titles.json vs the records (#304 W5c) — gen_kg_titles.py ===
2026-09-28T09:45:59.6932292Z 
2026-09-28T09:45:59.6932633Z === [89/154] KG node-title generator selftest — 15 bites (#304 W5c; +3 #305 B2) — gen_kg_titles.py ===
2026-09-28T09:45:59.6932987Z 
2026-09-28T09:45:59.6933255Z === [90/154] KG sources generator in sync — s305-D26 step 5 — gen_kg_sources.py ===
2026-09-28T09:45:59.6933556Z 
2026-09-28T09:45:59.6933834Z === [91/154] KG sources generator selftest — 9 bites (s305-D26) — gen_kg_sources.py ===
2026-09-28T09:45:59.6934400Z 
2026-09-28T09:45:59.6934800Z === [92/154] Token fork-ban gate — undeclared same-scope forks (s136-D1 lane, #139) — _validate_token_forks.py ===
2026-09-28T09:45:59.6935360Z 
2026-09-28T09:45:59.6935642Z === [93/154] Token fork-ban selftest (2-direction) — _validate_token_forks.py ===
2026-09-28T09:45:59.6935943Z 
2026-09-28T09:45:59.6936331Z === [94/154] binds shrink-only ratchet (s136-D1 axis A; built #141, wired #146) — _validate_binds_ratchet.py ===
2026-09-28T09:45:59.6936882Z 
2026-09-28T09:45:59.6937238Z === [95/154] DTCG spine conformance gate (s141-D1 axis A; built #141, wired #146) — _validate_dtcg.py ===
2026-09-28T09:45:59.6937608Z 
2026-09-28T09:45:59.6938043Z === [96/154] binds-resolve gate — manifest presence + address→store resolution (#146) — _validate_binds_resolve.py ===
2026-09-28T09:45:59.6938483Z 
2026-09-28T09:45:59.6938853Z === [97/154] binds-resolve selftest — 5 bites incl. any-store clause (#146) — _validate_binds_resolve.py ===
2026-09-28T09:45:59.6939246Z 
2026-09-28T09:45:59.6939718Z === [98/154] chart-intent resolve gate — meta intent address → chart-intents.json (BLOCKING s195-D1) — _validate_intent_resolve.py ===
2026-09-28T09:45:59.6940204Z 
2026-09-28T09:45:59.6940650Z === [99/154] chart-intent resolve selftest — 4 bites incl. list case + absent store (s195-D1) — _validate_intent_resolve.py ===
2026-09-28T09:45:59.6941089Z 
2026-09-28T09:45:59.6941639Z === [100/154] roles/answers resolve gate — meta provides/answers/not-with address → roles.json + chart-intents.json (#253) — _validate_roles_resolve.py ===
2026-09-28T09:45:59.6942184Z 
2026-09-28T09:45:59.6942815Z === [101/154] roles/answers resolve selftest — 15 bites incl. in-role priority ties, absent store, shape-known and when-fields-known (#253/#254) — _validate_roles_resolve.py ===
2026-09-28T09:45:59.6943433Z 
2026-09-28T09:45:59.6943754Z === [102/154] DataViz chart gate (semantic SVG + tokens + table spine) — _validate_dataviz.py ===
2026-09-28T09:45:59.6944108Z 
2026-09-28T09:45:59.6944495Z === [103/154] DataViz gate selftest — bite-tests dv-004 + the dtype vocabulary (ds-014) — _validate_dataviz.py ===
2026-09-28T09:45:59.6944889Z 
2026-09-28T09:45:59.6945375Z === [104/154] property-resolves gate C2 — silent-lookup class (BLOCKING, ds-018, promoted s121-D1) — _validate_property_resolves.py ===
2026-09-28T09:45:59.6945858Z 
2026-09-28T09:45:59.6946240Z === [105/154] property-resolves gate C2 selftest — 4 bites + a bite-the-bite — _validate_property_resolves.py ===
2026-09-28T09:45:59.6946645Z 
2026-09-28T09:45:59.6947299Z === [106/154] dataviz var-resolution gate — markup fill/stroke var() per theme (BLOCKING s191-D3, ds-0NN #184) — _gate_dataviz_vars.py ===
2026-09-28T09:45:59.6947787Z 
2026-09-28T09:45:59.6948237Z === [107/154] dataviz var-resolution gate selftest — 8 arms incl. alias chain + missing target (ds-0NN) — _gate_dataviz_vars.py ===
2026-09-28T09:45:59.6948692Z 
2026-09-28T09:45:59.6949166Z === [108/154] minted-token consumption inventory — declared-but-never-read (ADVISORY, built #219) — _gate_minted_consumption.py ===
2026-09-28T09:45:59.6949657Z 
2026-09-28T09:45:59.6950104Z === [109/154] minted-consumption selftest — 10 arms incl. both false-positive mutants (#219) — _gate_minted_consumption.py ===
2026-09-28T09:45:59.6950553Z 
2026-09-28T09:45:59.6951001Z === [110/154] hidden-attr vs author-display sweep — painted while hidden (ADVISORY, built #219) — _validate_hidden_display.py ===
2026-09-28T09:45:59.6951461Z 
2026-09-28T09:45:59.6951876Z === [111/154] hidden-attr display selftest — 16 bites incl. the real #218 mutant (#219) — _validate_hidden_display.py ===
2026-09-28T09:45:59.6952291Z 
2026-09-28T09:45:59.6952651Z === [112/154] reverse-text edge-extremity check {#col26-020} (advisory) — _validate_edge_extremity.py ===
2026-09-28T09:45:59.6953027Z 
2026-09-28T09:45:59.6953474Z === [113/154] compliance verification edges — applies_to vs verified_by (advisory) — compliance/_build_verification_edges.py ===
2026-09-28T09:45:59.6953925Z 
2026-09-28T09:45:59.6954459Z === [114/154] external automatable-check refs — axe-core import (advisory) — compliance/_import_axe_rules.py ===
2026-09-28T09:45:59.6954870Z 
2026-09-28T09:45:59.6955271Z === [115/154] consult index — problem-domain query surface — _build_consult_index.py ===
2026-09-28T09:45:59.6955607Z 
2026-09-28T09:45:59.6955813Z === [116/154] consult tool selftest (advisory) — _consult.py ===
2026-09-28T09:45:59.6956061Z 
2026-09-28T09:45:59.6956422Z === [117/154] search core selftest — two-stage engine + receipt format (O2′ #25) — _search_core.py ===
2026-09-28T09:45:59.6956924Z 
2026-09-28T09:45:59.6957245Z === [118/154] memento index — the Memento door's corpus (O2′ #25) — _build_memento_index.py ===
2026-09-28T09:45:59.6957587Z 
2026-09-28T09:45:59.6957869Z === [119/154] memento index determinism check (O2′ #25) — _build_memento_index.py ===
2026-09-28T09:45:59.6958183Z 
2026-09-28T09:45:59.6958550Z === [120/154] memento index selftest — contract refusals + determinism (O2′ #25) — _build_memento_index.py ===
2026-09-28T09:45:59.6958958Z 
2026-09-28T09:45:59.6959338Z === [121/154] memento search selftest — known-answer retrieval + fetch refusal (O2′ #25) — _memento_search.py ===
2026-09-28T09:45:59.6959745Z 
2026-09-28T09:45:59.6960170Z === [122/154] graph mention map — the decision-graph/memento-index join (#115 step 0) — _build_graph_mention_map.py ===
2026-09-28T09:45:59.6960598Z 
2026-09-28T09:45:59.6960921Z === [123/154] graph mention map determinism check (#115 step 0) — _build_graph_mention_map.py ===
2026-09-28T09:45:59.6961265Z 
2026-09-28T09:45:59.6961642Z === [124/154] graph mention map selftest — hit/miss/refusal bites (#115 step 0) — _build_graph_mention_map.py ===
2026-09-28T09:45:59.6962035Z 
2026-09-28T09:45:59.6962310Z === [125/154] read chain file — _CHAIN.md, the cold-start door (#41) — _gen_chain.py ===
2026-09-28T09:45:59.6962622Z 
2026-09-28T09:45:59.6963026Z === [126/154] read chain determinism check — stale _CHAIN.md serves a PREVIOUS session's record (#41) — _gen_chain.py ===
2026-09-28T09:45:59.6963460Z 
2026-09-28T09:45:59.6963819Z === [127/154] read chain selftest — verbatim terms + the CUT + refusal on a blank GM (#41) — _gen_chain.py ===
2026-09-28T09:45:59.6964196Z 
2026-09-28T09:45:59.6964625Z === [128/154] GM size stamp check — a TYPED `size:` figure / drift past the gate's tolerance (s294-D8) — _gen_size_stamp.py ===
2026-09-28T09:45:59.6965057Z 
2026-09-28T09:45:59.6965721Z === [129/154] GM size stamp selftest — the fixed point, the 2-cycle refusal, the ESTIMATE-tier refusal and the gate's own regex parsing what this writes (s294-D8) — _gen_size_stamp.py ===
2026-09-28T09:45:59.6966358Z 
2026-09-28T09:45:59.6967017Z === [130/154] memento schematic — the six subsystems, generated from the file inventory (#127) — _gen_schematic.py ===
2026-09-28T09:45:59.6967446Z 
2026-09-28T09:45:59.6967886Z === [131/154] memento schematic determinism check — a stale diagram publishes a PREVIOUS tree (#127) — _gen_schematic.py ===
2026-09-28T09:45:59.6968326Z 
2026-09-28T09:45:59.6968758Z === [132/154] memento schematic selftest — figure provenance, caption geometry, self-recheck (#127) — _gen_schematic.py ===
2026-09-28T09:45:59.6969210Z 
2026-09-28T09:45:59.6969591Z === [133/154] memento-package delta-audit — #64 boundary enforcement (#79) — _validate_package_delta.py ===
2026-09-28T09:45:59.6969983Z 
2026-09-28T09:45:59.6970397Z === [134/154] memento-package delta-audit selftest — mutation-tested, all 4 arms (#79) — _validate_package_delta.py ===
2026-09-28T09:45:59.6970834Z 
2026-09-28T09:45:59.6971219Z === [135/154] enactment register — is each ruling IN FORCE? (advisory, ADR-0016) — _build_enactment_register.py ===
2026-09-28T09:45:59.6971615Z 
2026-09-28T09:45:59.6971902Z === [136/154] instrument-fit selftest (advisory, ds-015) — _build_instrument_fit.py ===
2026-09-28T09:45:59.6972222Z 
2026-09-28T09:45:59.6972585Z === [137/154] instrument fit — can the gate SEE the property? (advisory, ds-015) — _build_instrument_fit.py ===
2026-09-28T09:45:59.6972961Z 
2026-09-28T09:45:59.6973157Z === [138/154] integrity lint (gate) — _build_integrity.py ===
2026-09-28T09:45:59.6973542Z 
2026-09-28T09:45:59.6974057Z === [139/154] could-not-ask convention selftest (#193 — the third verdict's exit code + marker) — _could_not_ask.py ===
2026-09-28T09:45:59.6974485Z 
2026-09-28T09:45:59.6974953Z === [140/154] probe registry — every historically-found defect class, re-driven (W-45, advisory) — _probe_registry/_registry.py ===
2026-09-28T09:45:59.6975430Z 
2026-09-28T09:45:59.6975947Z ⚠ advisory step 'probe registry — every historically-found defect class, re-driven (W-45, advisory)' reported findings (exit 1) — non-gating
2026-09-28T09:45:59.6976467Z 
2026-09-28T09:45:59.6977064Z === [141/154] claim-table evidence linter — s182-D1 tokens + expected observations (W-44, advisory) — _validate_evidence.py ===
2026-09-28T09:45:59.6977521Z 
2026-09-28T09:45:59.6978050Z ⚠ advisory step 'claim-table evidence linter — s182-D1 tokens + expected observations (W-44, advisory)' reported findings (exit 1) — non-gating
2026-09-28T09:45:59.6978576Z 
2026-09-28T09:45:59.6978958Z === [142/154] governs matcher selftest — the [12]/[13] trigger-index arm, named (#208 legibility) — _governs.py ===
2026-09-28T09:45:59.6979355Z 
2026-09-28T09:45:59.7711089Z ⊘ step 'governs matcher selftest — the [12]/[13] trigger-index arm, named (#208 legibility)' COULD-NOT-ASK (exit 77) — declared refusal, build continuesfrozen-release gate — 3 release(s) at 81bce3635637
2026-09-28T09:45:59.7712358Z   designer-skills-v1   version v1          6 file(s)  b83d048483b7
2026-09-28T09:45:59.7712950Z   designer-skills-v2   version v2.1     1102 file(s)  ae920995c32e
2026-09-28T09:45:59.7713525Z   apollo-spider        version v1.0.14    14 file(s)  444c58d22a68
2026-09-28T09:45:59.7713869Z 
2026-09-28T09:45:59.7714125Z PASS — 3 arm(s) asked, no frozen surface moved.
2026-09-28T09:46:00.6964699Z selftest: 17 bites, 0 fail(s)
2026-09-28T09:46:01.9184475Z PASS — the manifest at knowledge/_release/_pack_manifest.json is byte-identical to a fresh generation at 0ef307460dcf (1781 files, sha256 a5b00c1450dc83c8)
2026-09-28T09:46:01.9185144Z 
2026-09-28T09:46:01.9185523Z PARKED DUE — 7 parked item(s) are due at release-cut — python3 knowledge/_parked.py --due release-cut
2026-09-28T09:46:03.2062708Z SKIPPED — apollo-spider/dist/Apollo-Spider-v1.0.0.zip is FROZEN HISTORY (not the manifest's v1.0.14); its integrity is _gate_frozen_release.py's jurisdiction, not this arm's
2026-09-28T09:46:03.2064046Z SKIPPED — apollo-spider/dist/Apollo-Spider-v1.0.1.zip is FROZEN HISTORY (not the manifest's v1.0.14); its integrity is _gate_frozen_release.py's jurisdiction, not this arm's
2026-09-28T09:46:03.2065317Z SKIPPED — apollo-spider/dist/Apollo-Spider-v1.0.10.zip is FROZEN HISTORY (not the manifest's v1.0.14); its integrity is _gate_frozen_release.py's jurisdiction, not this arm's
2026-09-28T09:46:03.2066548Z SKIPPED — apollo-spider/dist/Apollo-Spider-v1.0.11.zip is FROZEN HISTORY (not the manifest's v1.0.14); its integrity is _gate_frozen_release.py's jurisdiction, not this arm's
2026-09-28T09:46:03.2068062Z SKIPPED — apollo-spider/dist/Apollo-Spider-v1.0.12.zip is FROZEN HISTORY (not the manifest's v1.0.14); its integrity is _gate_frozen_release.py's jurisdiction, not this arm's
2026-09-28T09:46:03.2069281Z SKIPPED — apollo-spider/dist/Apollo-Spider-v1.0.13.zip is FROZEN HISTORY (not the manifest's v1.0.14); its integrity is _gate_frozen_release.py's jurisdiction, not this arm's
2026-09-28T09:46:03.2070211Z PASS — apollo-spider/dist/Apollo-Spider-v1.0.14.zip matches the manifest at 0ef307460dcf
2026-09-28T09:46:03.2071219Z SKIPPED — apollo-spider/dist/Apollo-Spider-v1.0.2.zip is FROZEN HISTORY (not the manifest's v1.0.14); its integrity is _gate_frozen_release.py's jurisdiction, not this arm's
2026-09-28T09:46:03.2072436Z SKIPPED — apollo-spider/dist/Apollo-Spider-v1.0.3.zip is FROZEN HISTORY (not the manifest's v1.0.14); its integrity is _gate_frozen_release.py's jurisdiction, not this arm's
2026-09-28T09:46:03.2073646Z SKIPPED — apollo-spider/dist/Apollo-Spider-v1.0.4.zip is FROZEN HISTORY (not the manifest's v1.0.14); its integrity is _gate_frozen_release.py's jurisdiction, not this arm's
2026-09-28T09:46:03.2075361Z SKIPPED — apollo-spider/dist/Apollo-Spider-v1.0.6.zip is FROZEN HISTORY (not the manifest's v1.0.14); its integrity is _gate_frozen_release.py's jurisdiction, not this arm's
2026-09-28T09:46:03.2076577Z SKIPPED — apollo-spider/dist/Apollo-Spider-v1.0.7.zip is FROZEN HISTORY (not the manifest's v1.0.14); its integrity is _gate_frozen_release.py's jurisdiction, not this arm's
2026-09-28T09:46:03.2077920Z SKIPPED — apollo-spider/dist/Apollo-Spider-v1.0.8.zip is FROZEN HISTORY (not the manifest's v1.0.14); its integrity is _gate_frozen_release.py's jurisdiction, not this arm's
2026-09-28T09:46:03.2079115Z SKIPPED — apollo-spider/dist/Apollo-Spider-v1.0.9.zip is FROZEN HISTORY (not the manifest's v1.0.14); its integrity is _gate_frozen_release.py's jurisdiction, not this arm's
2026-09-28T09:46:03.2081522Z ❌ the manifest reads version 'v1.0.14' and NO zip in dist/ carries it (zips present: Apollo-Spider-v1.0.0.zip, Apollo-Spider-v1.0.1.zip, Apollo-Spider-v1.0.10.zip, Apollo-Spider-v1.0.11.zip, Apollo-Spider-v1.0.12.zip, Apollo-Spider-v1.0.13.zip, Apollo-Spider-v1.0.2.zip, Apollo-Spider-v1.0.3.zip, Apollo-Spider-v1.0.4.zip, Apollo-Spider-v1.0.6.zip, Apollo-Spider-v1.0.7.zip, Apollo-Spider-v1.0.8.zip, Apollo-Spider-v1.0.9.zip) — the manifest names a release nobody baked.
2026-09-28T09:46:03.2083458Z ADVISORY — the manifest was generated at 0ef307460dcf; HEAD is 81bce3635637, 12 commit(s) later.
2026-09-28T09:46:03.2084058Z   A pack cut now would ship the tree as it stood at 0ef307460dcf. That may be exactly right.
2026-09-28T09:46:03.2084681Z   ⬛ WHETHER TO RE-CUT IS DAVE'S (s219-D4(2)): a release is explicit, versioned, his word.
2026-09-28T09:46:03.2085508Z   If he says re-cut: python3 knowledge/_release/_gen_pack_manifest.py --probe --commit <sha> && python3 knowledge/_release/_gen_pack_manifest.py --manifest --commit <sha>
2026-09-28T09:46:03.2086203Z selftest: 10 bites, 0 fail(s)
2026-09-28T09:46:03.2560573Z COULD-NOT-ASK: apollo-spider/ci-template/gates.yml — PyYAML is not importable in this environment, and this gate parses the template in YAML rather than guessing at it with string matching. Install it (pip install pyyaml) — the release job in .github/workflows/gates.yml does exactly that
2026-09-28T09:46:03.2985102Z COULD-NOT-ASK: the ci-template selftest — PyYAML is not importable, and every arm below parses YAML. Install it (pip install pyyaml).
2026-09-28T09:46:03.7255398Z SKIPPED — apollo-spider/dist/Apollo-Spider-v1.0.0.zip is FROZEN HISTORY (not the manifest's v1.0.14); its integrity is _gate_frozen_release.py's jurisdiction, not this arm's
2026-09-28T09:46:03.7257804Z SKIPPED — apollo-spider/dist/Apollo-Spider-v1.0.1.zip is FROZEN HISTORY (not the manifest's v1.0.14); its integrity is _gate_frozen_release.py's jurisdiction, not this arm's
2026-09-28T09:46:03.7259486Z SKIPPED — apollo-spider/dist/Apollo-Spider-v1.0.10.zip is FROZEN HISTORY (not the manifest's v1.0.14); its integrity is _gate_frozen_release.py's jurisdiction, not this arm's
2026-09-28T09:46:03.7261176Z SKIPPED — apollo-spider/dist/Apollo-Spider-v1.0.11.zip is FROZEN HISTORY (not the manifest's v1.0.14); its integrity is _gate_frozen_release.py's jurisdiction, not this arm's
2026-09-28T09:46:03.7262822Z SKIPPED — apollo-spider/dist/Apollo-Spider-v1.0.12.zip is FROZEN HISTORY (not the manifest's v1.0.14); its integrity is _gate_frozen_release.py's jurisdiction, not this arm's
2026-09-28T09:46:03.7264458Z SKIPPED — apollo-spider/dist/Apollo-Spider-v1.0.13.zip is FROZEN HISTORY (not the manifest's v1.0.14); its integrity is _gate_frozen_release.py's jurisdiction, not this arm's
2026-09-28T09:46:03.7265692Z PASS — apollo-spider/dist/Apollo-Spider-v1.0.14.zip matches the manifest at 0ef307460dcf
2026-09-28T09:46:03.7267205Z SKIPPED — apollo-spider/dist/Apollo-Spider-v1.0.2.zip is FROZEN HISTORY (not the manifest's v1.0.14); its integrity is _gate_frozen_release.py's jurisdiction, not this arm's
2026-09-28T09:46:03.7268871Z SKIPPED — apollo-spider/dist/Apollo-Spider-v1.0.3.zip is FROZEN HISTORY (not the manifest's v1.0.14); its integrity is _gate_frozen_release.py's jurisdiction, not this arm's
2026-09-28T09:46:03.7270274Z SKIPPED — apollo-spider/dist/Apollo-Spider-v1.0.4.zip is FROZEN HISTORY (not the manifest's v1.0.14); its integrity is _gate_frozen_release.py's jurisdiction, not this arm's
2026-09-28T09:46:03.7271508Z SKIPPED — apollo-spider/dist/Apollo-Spider-v1.0.6.zip is FROZEN HISTORY (not the manifest's v1.0.14); its integrity is _gate_frozen_release.py's jurisdiction, not this arm's
2026-09-28T09:46:03.7272734Z SKIPPED — apollo-spider/dist/Apollo-Spider-v1.0.7.zip is FROZEN HISTORY (not the manifest's v1.0.14); its integrity is _gate_frozen_release.py's jurisdiction, not this arm's
2026-09-28T09:46:03.7273965Z SKIPPED — apollo-spider/dist/Apollo-Spider-v1.0.8.zip is FROZEN HISTORY (not the manifest's v1.0.14); its integrity is _gate_frozen_release.py's jurisdiction, not this arm's
2026-09-28T09:46:03.7275168Z SKIPPED — apollo-spider/dist/Apollo-Spider-v1.0.9.zip is FROZEN HISTORY (not the manifest's v1.0.14); its integrity is _gate_frozen_release.py's jurisdiction, not this arm's
2026-09-28T09:46:03.7902906Z ADVISORY — the manifest was generated at 0ef307460dcf; HEAD is 81bce3635637, 12 commit(s) later.
2026-09-28T09:46:03.7903582Z   A pack cut now would ship the tree as it stood at 0ef307460dcf. That may be exactly right.
2026-09-28T09:46:03.7904455Z   ⬛ WHETHER TO RE-CUT IS DAVE'S (s219-D4(2)): a release is explicit, versioned, his word.
2026-09-28T09:46:03.7905527Z   If he says re-cut: python3 knowledge/_release/_gen_pack_manifest.py --probe --commit <sha> && python3 knowledge/_release/_gen_pack_manifest.py --manifest --commit <sha>
2026-09-28T09:46:03.9285695Z polarity gate (s238-D7): home knowledge/brain · rows 30 (live 30 · retired 0) · parties 68 (principle 45 · obligation 6 · ruling 2 · stub 15) · stubs declared 15 · links 21 by type challengedBy=4 explainedBy=1 resolvedBy=7 touches=9 · refusals asked: R1 R2 R3 R4 R5 — none fired
2026-09-28T09:46:03.9288798Z   quotes 21: verbatim against their source rows in notes/_subreports/assets/2026-09-02-236-R1-principles-survey/tensions.json — 21 verified (an unverifiable quote is refused, never declared — Q3 #239) · schema pinned c2c165ac126d… + 54 floors · receipt $migration verified
2026-09-28T09:46:03.9290512Z   receipts (s240-D3): ONE pointer per node — R1 register row 30 · $seed ruling id 0 · retiredBy 0
2026-09-28T09:46:03.9291869Z   RULE R-OBLIGATION: >=1 party resolves to a principles.json row whose grade is L (= OBLIGATION, s237-D1; a node type no principle can outrank, s237-D2) -> settled-by-obligation. Applied FIRST.
2026-09-28T09:46:03.9293622Z   RULE R-RESOLVED: >=1 link typed resolvedBy whose ref is a live ruling in knowledge/_rulings.json -> resolved. (237-T's R-RESOLVED read how_it_resolves prose for an id; the typed link IS that citation, migrated.)
2026-09-28T09:46:03.9294725Z   RULE R-OPEN: the complement.
2026-09-28T09:46:03.9296571Z   RULE RULE-K/RULE-D: knowable_how / disposition / ask_when / factory_default are COPIED per open row from 237-T's open-tensions.json, FLOATED — the four ask-whens are Dave's (s238-D3); this file rules nothing. `factory_default` is the GRILL's sense of default (value used because nothing was asked), not s219-D3's shipped option.
2026-09-28T09:46:03.9298818Z   status derived: settled-by-obligation 6 · resolved 4 · open 20   (237-T at its clock: 6 · 3 · 21)
2026-09-28T09:46:03.9301286Z   RULE EDGES: for each polarity, for each unordered pair of parties on DIFFERENT sides whose refs both resolve to principles.json rows (principle or obligation) -> one edge carrying the polarity id and its mediating variable. Same-side pairs produce NO edge (237-T finding 4: tn-19's three persuasion principles are one side). Stubs and rulings produce NO edge (237-T finding 3: an edge needs a register node at both ends). This is a VIEW: the node is the home (s238-D1).
2026-09-28T09:46:03.9302913Z   edges derived: 22
2026-09-28T09:46:03.9303832Z   D-DECLARE (s238-D5): a polarity's factory default is DECLARED iff it BENT AWAY FROM THE CONSERVATIVE SIDE — not all of them, not on demand.  open 20 · declared 0 · UNPROVEN 20 (conservative side not carried as data)
2026-09-28T09:46:03.9305568Z   ✓ _generated/polarity-status.json fresh (generated_at 2026-09-02T15:18:55Z, content byte-identical)
2026-09-28T09:46:03.9306327Z   ✓ _generated/polarity-edges.json fresh (generated_at 2026-09-02T15:18:55Z, content byte-identical)
2026-09-28T09:46:03.9307237Z   ✓ _generated/defaults-declaration.txt fresh (generated_at 2026-09-02T15:18:55Z, content byte-identical)
2026-09-28T09:46:03.9307950Z ✓ polarity gate GREEN — five refusals asked and none fired; generated files content-fresh
2026-09-28T09:46:13.7626913Z ====================================================================================================
2026-09-28T09:46:13.7628287Z _validate_polarities.py --selftest — every arm drives gate() on a copy of the REAL rows
2026-09-28T09:46:13.7629089Z ====================================================================================================
2026-09-28T09:46:13.7629679Z   #  result  expect    rc  named  arm
2026-09-28T09:46:13.7630216Z   1  PASS    green      0  -      CONTROL: the real 30 rows, untouched
2026-09-28T09:46:13.7630898Z   2  PASS    red        1  yes    R1 dangling PARTY ref (pr-does-not-exist)
2026-09-28T09:46:13.7631518Z   3  PASS    red        1  yes    R1 dangling LINK ref (s999-D9)
2026-09-28T09:46:13.7632159Z   4  PASS    red        1  yes    R1 link to a SUPERSEDED ruling (s129-D1, real store)
2026-09-28T09:46:13.7632859Z   5  PASS    red        1  yes    R1 PARTY that is a superseded ruling (s129-D1)
2026-09-28T09:46:13.7633703Z   6  PASS    red        1  yes    V30 R1 resolvedBy a ruling superseded in the store's PROSE only (s200-D2) (#239 Q1)
2026-09-28T09:46:13.7634914Z   7  PASS    red        1  yes    V31 R1 resolvedBy a ruling whose status says OPEN/PARKED/DEFERRED/FORKED (gauge-band) (#239 Q1)
2026-09-28T09:46:13.7636350Z   8  PASS    green      0  -      V31-control: the SAME ruling as `touches` is fine — only a resolvedBy closes (#239 Q1)
2026-09-28T09:46:13.7637405Z   9  PASS    red        1  yes    R1 SELF-PARTY (pl-01 lists itself)
2026-09-28T09:46:13.7638147Z  10  PASS    red        1  yes    R1 CIRCULAR polarity→polarity LINK (pl-01 → pl-02)
2026-09-28T09:46:13.7638723Z  11  PASS    red        1  yes    R1 CIRCULAR polarity as a PARTY of another (pl-02 on pl-01)
2026-09-28T09:46:13.7639258Z  12  PASS    red        1  yes    R1 link to a PRINCIPLE id (wrong register)
2026-09-28T09:46:13.7639720Z  13  PASS    red        1  yes    R1 undeclared STUB (st-not-declared)
2026-09-28T09:46:13.7640257Z  14  PASS    red        1  yes    R1 a declared stub REMOVED from stubs.json (pl-05's party dangles)
2026-09-28T09:46:13.7640956Z  15  PASS    red        1  yes    R1 homoglyph ref (Cyrillic а in pr-jakobs-law) — non-ASCII id
2026-09-28T09:46:13.7641475Z  16  PASS    red        1  yes    R2 UNTYPED link (type key absent)
2026-09-28T09:46:13.7642088Z  17  PASS    red        1  yes    V200 R2 UNTYPED link that is a bare string (#239 misnamed→named)
2026-09-28T09:46:13.7652498Z  18  PASS    red        1  yes    V201 R2 UNTYPED link with type null (#239 misnamed→named)
2026-09-28T09:46:13.7653529Z  19  PASS    red        1  yes    V202 R2 link type is a LIST — named, no crash (#239 Q7)
2026-09-28T09:46:13.7654041Z  20  PASS    red        1  yes    R2 UNKNOWN (fifth) link type `relatedTo`
2026-09-28T09:46:13.7654462Z  21  PASS    red        1  yes    R2 link type wrong case `ResolvedBy`
2026-09-28T09:46:13.7654854Z  22  PASS    red        1  yes    R2 link type empty string
2026-09-28T09:46:13.7655272Z  23  PASS    red        1  yes    R3 judgement field `how_it_resolves` on a node
2026-09-28T09:46:13.7655708Z  24  PASS    red        1  yes    R3 judgement field of ANOTHER name (`verdict`)
2026-09-28T09:46:13.7656157Z  25  PASS    red        1  yes    R3 judgement smuggled into a link `quote` (16 words)
2026-09-28T09:46:13.7656613Z  26  PASS    red        1  yes    R3 judgement smuggled into a party `note` (16 words)
2026-09-28T09:46:13.7657793Z  27  PASS    red        1  yes    R3 judgement field inside a PARTY object (`why`)
2026-09-28T09:46:13.7658361Z  28  PASS    red        1  yes    R3 stub with a third key (`rationale`)
2026-09-28T09:46:13.7658819Z  29  PASS    red        1  yes    R3 link quote PARAPHRASED (not verbatim in the source row)
2026-09-28T09:46:13.7659407Z  30  PASS    red        1  yes    V230 R3 party note that is a 14-word verdict, not verbatim in the source row (#239 Q5)
2026-09-28T09:46:13.7660239Z  31  PASS    red        1  yes    V231 R3 note of 44 visible words joined by U+200B — counted AND the character refused (#239 Q5)
2026-09-28T09:46:13.7660974Z  32  PASS    red        1  yes    V232 R3 mediating_variable of 300 words (#239 Q5: maxWords 25 FLOATED + verbatim)
2026-09-28T09:46:13.7661648Z  33  PASS    red        1  yes    V232b R3 mediating_variable rewritten (short, not verbatim in the source row) (#239 Q5)
2026-09-28T09:46:13.7662341Z  34  PASS    red        1  yes    V233 R3 sources[0].id that is a 300-word verdict (#239 Q5: patterned + maxWords 1)
2026-09-28T09:46:13.7663092Z  35  PASS    red        1  yes    V234 R3 stub phrase that is a 15-word verdict — not verbatim in the register (#239 Q5)
2026-09-28T09:46:13.7663703Z  36  PASS    red        1  yes    V22 R3/S stub whose phrase is one U+200B (visually empty) (#239 Q5)
2026-09-28T09:46:13.7664273Z  37  PASS    red        1  yes    V82 R3 $migration gains a nested `verdicts` map (#239 Q5: shape-fixed)
2026-09-28T09:46:13.7664879Z  38  PASS    red        1  yes    V83 R3 $description replaced by 500 words of verdict (#239 Q5: maxWords FLOATED)
2026-09-28T09:46:13.7665602Z  39  PASS    red        1  yes    V246 S-RECEIPT $migration.sha256 = 64 zeros — the receipt is verified (#239 Q5)
2026-09-28T09:46:13.7666214Z  40  PASS    red        1  yes    V247 S-RECEIPT $migration.from = a path that does not exist (#239 Q5)
2026-09-28T09:46:13.7666994Z  41  PASS    red        1  yes    V220 R3 sources repointed at _rulings.json + 13 words OF THE RULING as the quote (#239 Q3)
2026-09-28T09:46:13.7667732Z  42  PASS    red        1  yes    V300 R3 sources repointed at polarities.json itself + its own words as the quote (#239 Q3)
2026-09-28T09:46:13.7668552Z  43  PASS    red        1  yes    V222 R3 paraphrase + source pointer broken (path → nowhere): UNVERIFIABLE is refused (#239 Q3)
2026-09-28T09:46:13.7669390Z  44  PASS    red        1  yes    V93 S-ID sources[0].id with a fullwidth digit (tn-0１) — the pointer cannot be laundered (#239 Q3)
2026-09-28T09:46:13.7669983Z  45  PASS    red        1  yes    V223 R3 resolvedBy with quote "" (#239 Q3)
2026-09-28T09:46:13.7670503Z  46  PASS    red        1  yes    V224 R3 resolvedBy with the one-word quote "the" (#239 Q3: minWords 3 FLOATED)
2026-09-28T09:46:13.7671212Z  47  PASS    red        1  yes    V400 R3 resolvedBy with NO quote at all — a resolvedBy needs a receipt (#239 Q3)
2026-09-28T09:46:13.7671805Z  48  PASS    green      0  -      V400-control: a `touches` with no quote stays legal (#239 Q3)
2026-09-28T09:46:13.7672475Z  49  PASS    red        1  yes    V401 S-SOURCE pl-04's source id swapped to tn-02 — one row, one node (#239 Q3)
2026-09-28T09:46:13.7673212Z  50  PASS    red        1  yes    V402 S-SOURCE pl-01's body duplicated under pl-31 — the row is claimed twice (#239 Q3)
2026-09-28T09:46:13.7673934Z  51  PASS    red        1  yes    V244 S-SOURCE all 30 rows deleted — 30 frozen rows claimed by no node (#239 Q3)
2026-09-28T09:46:13.7674534Z  52  PASS    red        1  yes    V225 S-SOURCE a source path outside the repo (/etc/hostname) (#239 Q3)
2026-09-28T09:46:13.7675106Z  53  PASS    red        1  yes    S-FORMAT-CHAR a soft hyphen (U+00AD) inside a party ref (#239 Q5)
2026-09-28T09:46:13.7675695Z  54  PASS    red        1  yes    S-FORMAT-CHAR a right-to-left override (U+202E) in $description (#239 Q5)
2026-09-28T09:46:13.7676255Z  55  PASS    red        1  yes    S-FORMAT-CHAR a NUL (U+0000) in a stub phrase (#239 Q5)
2026-09-28T09:46:13.7677005Z  56  PASS    red        1  yes    R4 AUTHORED file at the generated path (no header)
2026-09-28T09:46:13.7677649Z  57  PASS    red        1  yes    R4 generated file HAND-EDITED under its header (self-sha breaks)
2026-09-28T09:46:13.7678226Z  58  PASS    red        1  yes    R4 AUTHORED edge file beside the homes (knowledge/brain/edges.json)
2026-09-28T09:46:13.7678772Z  59  PASS    red        1  yes    R4 STRAY second shape beside the homes (polarities-v2.json)
2026-09-28T09:46:13.7679298Z  60  PASS    red        1  yes    R4 AUTHORED file INSIDE _generated/ beside the derived three
2026-09-28T09:46:13.7679856Z  61  PASS    red        1  yes    R4 defaults-declaration.txt HAND-EDITED (a default declared by hand)
2026-09-28T09:46:13.7680560Z  62  PASS    red        1  yes    V210 R4 dotfile `.edges.json` at the brain top — dotfiles are LISTED (#239 Q6)
2026-09-28T09:46:13.7681084Z  63  PASS    red        1  yes    V211 R4 dotfile inside _generated/ (#239 Q6)
2026-09-28T09:46:13.7681613Z  64  PASS    red        1  yes    V212 R4 a half-written `.polarity-edges.json.tmp` inside _generated/ (#239 Q6)
2026-09-28T09:46:13.7682316Z  65  PASS    red        1  yes    V213 R4 an authored edge list under schema/ — schema/ is LISTED (#239 Q6)
2026-09-28T09:46:13.7682957Z  66  PASS    red        1  yes    V214 R4 a second schema under schema/ — exactly one schema (#239 Q6)
2026-09-28T09:46:13.7683450Z  67  PASS    red        1  yes    V216 R4 __pycache__/ under the home (#239 Q6)
2026-09-28T09:46:13.7683996Z  68  PASS    red        1  yes    V403 R4 polarities.json replaced by a SYMLINK to a file outside the home (#239 Q6)
2026-09-28T09:46:13.7684660Z  69  PASS    red        1  yes    V217 R4 _generated is a FILE — named at --check (#239 Q6/Q7)
2026-09-28T09:46:13.7685386Z  70  PASS    red        1  yes    V217w R4 _generated is a FILE — --write refuses by name, no crash, nothing written (#239 Q7)
2026-09-28T09:46:13.7688531Z  71  PASS    green      0  -      Q6 `.DS_Store` with Finder's magic bytes is IGNORED, declared (#239 Q6)
2026-09-28T09:46:13.7689502Z  72  PASS    red        1  yes    Q6 a JSON edge list wearing the name `.DS_Store` is refused (#239 Q6)
2026-09-28T09:46:13.7690290Z  73  PASS    red        1  yes    R5 typed `status` on a node
2026-09-28T09:46:13.7690962Z  74  PASS    red        1  yes    R5 typed status under another spelling (`derivedStatus`)
2026-09-28T09:46:13.7691625Z  75  PASS    red        1  yes    S 1 party (minItems 2)
2026-09-28T09:46:13.7692162Z  76  PASS    red        1  yes    S DUPLICATE party (same ref twice on pl-01)
2026-09-28T09:46:13.7692586Z  77  PASS    red        1  yes    S DUPLICATE polarity id
2026-09-28T09:46:13.7692981Z  78  PASS    red        1  yes    S unicode polarity id (fullwidth digit)
2026-09-28T09:46:13.7693417Z  79  PASS    red        1  yes    S party role outside the enum (`side_d`)
2026-09-28T09:46:13.7694007Z  80  PASS    red        1  yes    V42 S party role null — named S-ROLE (#239 misnamed→named)
2026-09-28T09:46:13.7694600Z  81  PASS    red        1  yes    V44 S party role is an OBJECT — named, no crash (#239 Q7)
2026-09-28T09:46:13.7695163Z  82  PASS    red        1  yes    V203 S party ref is a LIST — named, no crash (#239 Q7)
2026-09-28T09:46:13.7695707Z  83  PASS    red        1  yes    V204 S stub id is a LIST — named, no crash (#239 Q7)
2026-09-28T09:46:13.7696355Z  84  PASS    red        1  yes    V250 S sources item without `path` on a node with a quote — named, no crash (#239 Q7)
2026-09-28T09:46:13.7697448Z  85  PASS    red        1  yes    V251 S sources[0].path is an int — named, no crash (#239 Q7)
2026-09-28T09:46:13.7697928Z  86  PASS    red        1  yes    S ONE-SIDED: every party on side_a (no pull)
2026-09-28T09:46:13.7698325Z  87  PASS    red        1  yes    S mediating_variable empty
2026-09-28T09:46:13.7698912Z  88  PASS    red        1  yes    S sources missing — no receipt at all (s240-D3 re-cut of the #239 S-SCHEMA arm)
2026-09-28T09:46:13.7699428Z  89  PASS    red        1  yes    S polarities.json does not parse
2026-09-28T09:46:13.7700311Z  90  PASS    red        1  yes    V252 S polarities.json carries one non-UTF-8 byte — S-PARSE, no traceback (#239 Q7)
2026-09-28T09:46:13.7701326Z  91  PASS    red        1  yes    V110 SCHEMA parties.minItems 2→1 + a one-party row: LOOSENED named, S-MIN-PARTIES still fires (#239 Q2)
2026-09-28T09:46:13.7702047Z  92  PASS    red        1  yes    V111 SCHEMA enum widened with a fifth type + a relatedTo link (#239 Q2)
2026-09-28T09:46:13.7702697Z  93  PASS    red        1  yes    V112 SCHEMA parties.items.additionalProperties true + a `why` on a party (#239 Q2)
2026-09-28T09:46:13.7703479Z  94  PASS    red        1  yes    V310 SCHEMA sources.items.additionalProperties true + a `judgement` on a source (V's TOTAL escape) (#239 Q2)
2026-09-28T09:46:13.7704225Z  95  PASS    red        1  yes    V311 SCHEMA sources.minItems 0 + sources [] + a paraphrased quote (#239 Q2/Q3)
2026-09-28T09:46:13.7704806Z  96  PASS    red        1  yes    V312 SCHEMA note.maxWords 500 + a 64-word note (#239 Q2)
2026-09-28T09:46:13.7705385Z  97  PASS    red        1  yes    V113 SCHEMA root additionalProperties true + a `verdict` on a node (#239 Q2)
2026-09-28T09:46:13.7706194Z  98  PASS    red        1  yes    SCHEMA a new property `verdict` ADDED to the schema + used on a node — the key set is pinned (#239 Q2)
2026-09-28T09:46:13.7707211Z  99  PASS    red        1  yes    SCHEMA description-only edit — the sha PIN alone fires (#239 Q2 (b))
2026-09-28T09:46:13.7707888Z 100  PASS    red        1  yes    V256 SCHEMA `properties` is a list — named S-SCHEMA, no crash (#239 Q7)
2026-09-28T09:46:13.7708582Z 101  PASS    red        1  yes    V257 SCHEMA id.pattern is an invalid regex — named S-SCHEMA, no crash (#239 Q7)
2026-09-28T09:46:13.7709265Z 102  PASS    red        1  yes    SCHEMA: a keyword this gate does not implement (maxItems) is REFUSED, never silently ignored
2026-09-28T09:46:13.7710442Z 103  PASS    red        1  yes    BITE-THE-BITE (#239 re-cut): schema TIGHTENED to minItems 3 with the pin moved — the real 2-party rows are refused S-MIN-PARTIES: the schema still drives; only loosening is refused
2026-09-28T09:46:13.7711871Z 104  PASS    green      0  -      s240-D3 GREEN CONTROL: a NEW polarity born after R1 carries `$seed` = a real ruling id and NO `sources` — the legal form #239-F RULING-SHAPED 4 was missing (#242 lane P)
2026-09-28T09:46:13.7712803Z 105  PASS    red        1  yes    s240-D3 BREAK ARM: `$seed` names s999-D9, absent from knowledge/_rulings.json (#242)
2026-09-28T09:46:13.7713698Z 106  PASS    red        1  yes    s240-D3 BREAK ARM: BOTH receipts on one node — its R1 `sources` AND a `$seed` (the receipt is ONE POINTER PER NODE) (#242)
2026-09-28T09:46:13.7714555Z 107  PASS    red        1  yes    s240-D3 BREAK ARM: NEITHER receipt — a node with no `sources` and no `$seed` (#242)
2026-09-28T09:46:13.7715453Z 108  PASS    green      0  -      s240-D3 GREEN CONTROL: a node RETIRED by a real ruling id — it KEEPS its row and the derivation is re-run without it (#242)
2026-09-28T09:46:13.7716538Z 109  PASS    red        1  yes    s240-D3 BREAK ARM: a RETIRED node whose id still appears under _generated/ — R4-RETIRED-GENERATED by name, not just STALE (#242)
2026-09-28T09:46:13.7717600Z 110  PASS    red        1  yes    s240-D3 BREAK ARM: `retiredBy` names s999-D9, absent from knowledge/_rulings.json (#242)
2026-09-28T09:46:13.7718648Z 111  PASS    red        1  yes    s240-D3 BREAK ARM: `$seed` removed from the SCHEMA's properties — the key set is pinned, so the receipt cannot be legislated away by a schema edit (#242 Q2)
2026-09-28T09:46:13.7720472Z 112  PASS    red        1  yes    s240-D3 LEAK ARM (#242 lane P2, V2 finding 3): pl-02 retired → --write and its id is gone from every BYTE of all three generated files; replanted in the derivation's PROSE ONLY (self-consistent sha, invisible to the ROW check) → R4-RETIRED-GENERATED BY NAME. A retired id anywhere under _generated/ is a leak
2026-09-28T09:46:13.7722882Z 113  PASS    red        1  yes    s240-D3 FLOOR ARM (#242 lane P2, V2 finding 4): `sources` put BACK into the schema's `required` with the pin moved honestly — SCHEMA-LOOSENED by name (a schema may tighten a REFUSAL, never a PERMISSION), and the floor is APPLIED REGARDLESS, so the legal `$seed` node beside it is NOT S-SCHEMA
2026-09-28T09:46:13.7724913Z 114  PASS    green      0  yes    s240-D3 DROP-OUT PROOF (#242): pl-30 retired → --check names R4-RETIRED-GENERATED · --write regenerates · the node KEEPS its row in polarities.json and appears in NONE of the three generated files
2026-09-28T09:46:13.7726479Z 115  PASS    green      0  yes    s240-D3 ADD-POLARITY (#242): a BRAND-NEW polarity with a `$seed` receipt is accepted by the writer (dry-run then --write), 31 rows, gate green after — #239-F green control (e), which had no legal form
2026-09-28T09:46:13.7728328Z 116  PASS    red        1  yes    100 LITERAL (#243 s243-D1): V's 31st row (pr-fitts/pr-hick) cites a FICTIONAL R1 path notes/nowhere.json — the node names its own oracle; S-SOURCE at --write, nothing written — #239 Q3 stands
2026-09-28T09:46:13.7729543Z 117  PASS    green      0  -      100 LEGAL (#243 s243-D1): the SAME 31st row with `$seed` = s240-D3 in place of `sources` — --write green
2026-09-28T09:46:13.7730715Z 118  PASS    red        1  yes    225 LITERAL (#243 s243-D1): a NEW node pl-33 whose ONLY receipt is the foreign path /etc/hostname (V225's receipt, verbatim) — S-ID + S-SOURCE (allow-list) at --write, nothing written
2026-09-28T09:46:13.7732479Z 119  PASS    red        1  yes    225 TWO RECEIPTS (#243 s243-D1): the SAME pl-33 carrying the foreign `sources` AND `$seed` = s240-D3 — S-SOURCE (BOTH receipts: ONE POINTER PER NODE), nothing written
2026-09-28T09:46:13.7734291Z 120  PASS    green      0  -      225 LEGAL (#243 s243-D1): the SAME pl-33 reduced to ONE legal receipt — the foreign `sources` gone, `$seed` = s240-D3 — --write green
2026-09-28T09:46:13.7735469Z 121  PASS    red        1  yes    235 LITERAL (#243 s243-D1): an orphan stub whose phrase is INVENTED ('an orphan phrase') — not verbatim in the R1 register; R3-JUDGEMENT-FIELD
2026-09-28T09:46:13.7737534Z 122  PASS    green      0  -      235 LEGAL (#243 s243-D1), lane F's #239 form (a): an orphan stub — declared, never used — whose phrase is VERBATIM from ONE field of the first R1 row, read from the R1 FILE ('Familiarity says converge on') — green
2026-09-28T09:46:13.7738887Z 123  PASS    red        1  yes    248 LITERAL (#243 s243-D1): a node whose BOTH parties are declared stubs cites source path 'x' — S-SOURCE at --write, nothing written
2026-09-28T09:46:13.7739806Z 124  PASS    green      0  -      248 LEGAL (#243 s243-D1): the SAME all-stub node with `$seed` = s240-D3 — --write green
2026-09-28T09:46:13.7740806Z 125  PASS    red        1  yes    321 LITERAL (#243 s243-D1): all 30 rows DELETED, then the writer appends a `$seed` node — 30 frozen rows claimed by no node; S-SOURCE, file untouched
2026-09-28T09:46:13.7742226Z 126  PASS    green      0  -      321 LEGAL (#243 s243-D1): all 30 rows RETIRED (`retiredBy` = s240-D3) and --write green, then the writer appends the `$seed` node — 31 rows KEPT in polarities.json, no retired id in any row or byte under _generated/
2026-09-28T09:46:13.7743633Z 127  PASS    red        1  yes    326 LITERAL (#243 s243-D1): polarities.json re-indented to 2 spaces, the writer's entry cites 'selftest' as its source — S-SOURCE, file untouched
2026-09-28T09:46:13.7744742Z 128  PASS    green      0  -      326 LEGAL (#243 s243-D1): the SAME 2-space file, the SAME entry with `$seed` = s240-D3 — writer green, 31 rows, gate green after
2026-09-28T09:46:13.7745669Z 129  PASS    red        1  yes    V70 R4 generated_at in 2099 on all three derived files — a future clock is a hand edit (#239 Q4)
2026-09-28T09:46:13.7746242Z 130  PASS    red        1  yes    V71 R4 generated_at "banana" (#239 Q4)
2026-09-28T09:46:13.7746891Z 131  PASS    red        1  yes    Q4 R4 generated_at before the R1 asset's date (1999) (#239 Q4)
2026-09-28T09:46:13.7747583Z 132  PASS    red        1  yes    Q4 R4 one file's clock moved one second — the three clocks must agree (#239 Q4)
2026-09-28T09:46:13.7748454Z 133  PASS    red        1  yes    FRESHNESS: home edited, generated files not re-derived → STALE
2026-09-28T09:46:13.7749137Z 134  PASS    red        1  yes    FRESHNESS: a generated file deleted → MISSING
2026-09-28T09:46:13.7749914Z 135  PASS    red        1  yes    Q7 (#239): a check that RAISES inside gate() is NAMED S-SHAPE with its exception class — a crash is not a fail
2026-09-28T09:46:13.7750587Z 136  PASS    red        1  yes    WRITE: --write on a refused home writes NOTHING (hashes equal)
2026-09-28T09:46:13.7751141Z 137  PASS    green      0  yes    WRITE: stale → --write → fresh (rc 1 → 0 → 0)
2026-09-28T09:46:13.7751693Z 138  PASS    green      0  yes    WRITE: determinism — two writes differ only in generated_at
2026-09-28T09:46:13.7752714Z 139  PASS    green      0  yes    ADD-POLARITY: pl-30 dropped then re-added as pl-31 — dry-run leaves bytes; --write = original + one span; 30 rows; gate green after (#239: every frozen row is claimed)
2026-09-28T09:46:13.7753650Z 140  PASS    red        1  yes    ADD-POLARITY: an entry with a typed status is REFUSED by name, nothing written
2026-09-28T09:46:13.7754497Z 141  PASS    red        1  yes    V324 ADD-POLARITY: an entry whose quote has no reachable source is REFUSED (S-SOURCE + R3-QUOTE-NOT-VERBATIM), nothing written (#239 Q3)
2026-09-28T09:46:13.7755570Z 142  PASS    green      0  yes    ADD-STUB: a verbatim phrase appended textually; 3-key stub REFUSED (S-STUB-SHAPE); V328 the U+200B phrase REFUSED (S-FORMAT-CHAR), nothing written
2026-09-28T09:46:13.7756523Z 143  PASS    green      0  yes    CLI: `--check` rc 0 on the real home, rc 1 + R2-UNTYPED on the mutant (via --brain AND via POLARITY_BRAIN_DIR)
2026-09-28T09:46:13.7757466Z 144  PASS    red        2  yes    CLI: bare and unknown argv refuse with rc 2 (argv contract, #208 class)
2026-09-28T09:46:13.7758220Z 145  PASS    red        2  yes    V-A1/A2 CLI: `--dry-run --write`, `--check --write`, `--check --selftest` refuse rc 2 and write nothing (#239 argv contract)
2026-09-28T09:46:13.7759237Z 146  PASS    red        1  yes    V-D1 (#239 Q8): home ABSENT in the SOURCE repo (the store is here) → rc 1 S-SHAPE, never 77 — the build and the seam both stop
2026-09-28T09:46:13.7760280Z 147  PASS    77        77  yes    COULD-NOT-ASK: home absent AND no store (a shipped pack) → rc 77 + marker naming the path (pack classifier reads it as REPO-BOUND)
2026-09-28T09:46:13.7761373Z 148  PASS    77        77  yes    COULD-NOT-ASK: declaration source absent → 77 on a clean home, but a real refusal is STILL rc 1 first (the refusal path is not swallowed)
2026-09-28T09:46:13.7762179Z 149  PASS    red        1  yes    SELFTEST on an absent home refuses by name, no traceback (#239, V finding 16)
2026-09-28T09:46:13.7763219Z 150  PASS    green      0  yes    WIRING: STEPS has --check + --selftest rows; _git_commit.sh invokes --check on a live line, DECLARES a POLARITY_BRAIN_DIR redirect and gates the tree's own home (V-D2, #239); the seam harness stubs it
2026-09-28T09:46:13.7764409Z ----------------------------------------------------------------------------------------------------
2026-09-28T09:46:13.7765397Z arms 150 · red arms 128 (went red by name 128/128) · green arms 20 · no-fire/77 arms 2 · new #239 arms 72 · new #242 (s240-D3 receipt) arms 12 · new #243 (s243-D1 six controls) arms 13 · failures 0
2026-09-28T09:46:13.7766324Z ✓ selftest OK — control green; every refusal arm red by its name; nothing written on refusal
2026-09-28T09:46:13.8135286Z COULD-NOT-ASK: GEOMETRY: HARNESS UNAVAILABLE — playwright not importable (No module named 'playwright'). Install it with `pip install playwright && playwright install chromium`; at the seat, source knowledge/_render/seat_env.sh. This is NOT a pass.
2026-09-28T09:46:13.8645040Z COULD-NOT-ASK: OWN-SIZE: HARNESS UNAVAILABLE — playwright not importable (No module named 'playwright'). Install it with `pip install playwright && playwright install chromium`; at the seat, source knowledge/_render/seat_env.sh. This is NOT a pass.
2026-09-28T09:46:13.8694064Z 
2026-09-28T09:46:13.8694268Z 
2026-09-28T09:46:13.8696101Z === [143/154] frozen-release gate — v1/v2 and any baked Spider surface may not move without a version bump (BLOCKING, s114-D4, built #219) — _release/_gate_frozen_release.py ===
2026-09-28T09:46:13.8697784Z 
2026-09-28T09:46:13.8698858Z === [144/154] frozen-release selftest — 11 bites on a fixture repo incl. the laundering mutant (#219) — _release/_gate_frozen_release.py ===
2026-09-28T09:46:13.8699874Z 
2026-09-28T09:46:13.8701142Z === [145/154] pack ship-list audit — the manifest is byte-identical to a fresh generation at its own commit (BLOCKING, built #219) — _release/_gate_release_audit.py ===
2026-09-28T09:46:13.8702369Z 
2026-09-28T09:46:13.8703571Z === [146/154] release-audit selftest — manifest compare + the pack arm's resting refusal (#219) — _release/_gate_release_audit.py ===
2026-09-28T09:46:13.8705094Z 
2026-09-28T09:46:13.8706664Z === [147/154] pack-side CI template — parses, ships what it calls, hides nothing (BLOCKING, built #219) — _release/_gate_ci_template.py ===
2026-09-28T09:46:13.8708214Z 
2026-09-28T09:46:13.8709460Z ⊘ step 'pack-side CI template — parses, ships what it calls, hides nothing (BLOCKING, built #219)' COULD-NOT-ASK (exit 77) — declared refusal, build continues
2026-09-28T09:46:13.8710574Z 
2026-09-28T09:46:13.8711434Z === [148/154] pack-side CI template selftest — 10 mutants incl. a smuggled continue-on-error (#219) — _release/_gate_ci_template.py ===
2026-09-28T09:46:13.8712297Z 
2026-09-28T09:46:13.8713298Z ⊘ step 'pack-side CI template selftest — 10 mutants incl. a smuggled continue-on-error (#219)' COULD-NOT-ASK (exit 77) — declared refusal, build continues
2026-09-28T09:46:13.8714278Z 
2026-09-28T09:46:13.8715355Z === [149/154] baked-pack audit — a zip in apollo-spider/dist/ must match the manifest (BLOCKING; refuses while nothing is baked) (#219) — _release/_gate_release_audit.py ===
2026-09-28T09:46:13.8716402Z 
2026-09-28T09:46:13.8717456Z === [150/154] pack ship-list drift — how far behind HEAD the manifest is (ADVISORY, ⬛ re-cutting is Dave's) (#219) — _release/_gate_release_audit.py ===
2026-09-28T09:46:13.8718395Z 
2026-09-28T09:46:13.8719367Z ⚠ advisory step 'pack ship-list drift — how far behind HEAD the manifest is (ADVISORY, ⬛ re-cutting is Dave's) (#219)' reported findings (exit 1) — non-gating
2026-09-28T09:46:13.8720266Z 
2026-09-28T09:46:13.8721206Z === [151/154] polarity gate — five refusals + content-fresh derived status/edges/declaration (BLOCKING, s238-D7, built #238) — _validate_polarities.py ===
2026-09-28T09:46:13.8722128Z 
2026-09-28T09:46:13.8722897Z === [152/154] polarity gate selftest — control + every refusal arm on a copy of the real rows (s238-D7) — _validate_polarities.py ===
2026-09-28T09:46:13.8723674Z 
2026-09-28T09:46:13.8724830Z === [153/154] geometry gate — alignment, gutters, edges, bar width, dead space, overlap, clipped text, overflow, stretch on generated pages (ADVISORY, built #304) — _validate_geometry.py ===
2026-09-28T09:46:13.8725957Z 
2026-09-28T09:46:13.8727859Z ⊘ step 'geometry gate — alignment, gutters, edges, bar width, dead space, overlap, clipped text, overflow, stretch on generated pages (ADVISORY, built #304)' COULD-NOT-ASK (exit 77) — declared refusal, build continues
2026-09-28T09:46:13.8729250Z 
2026-09-28T09:46:13.8730101Z === [154/154] own-size gate — every part at its reference size on generated pages (ADVISORY, built #304) — _validate_own_size.py ===
2026-09-28T09:46:13.8730913Z 
2026-09-28T09:46:13.8731873Z ⊘ step 'own-size gate — every part at its reference size on generated pages (ADVISORY, built #304)' COULD-NOT-ASK (exit 77) — declared refusal, build continues
2026-09-28T09:46:13.8732846Z 
2026-09-28T09:46:13.8733236Z ✅ all generators ran and the integrity + contrast gates passed.
2026-09-28T09:46:13.8789601Z ##[group]Run python3 knowledge/_tests/test_gates.py
2026-09-28T09:46:13.8790002Z [36;1mpython3 knowledge/_tests/test_gates.py[0m
2026-09-28T09:46:13.8855366Z shell: /usr/bin/bash -e {0}
2026-09-28T09:46:13.8855626Z env:
2026-09-28T09:46:13.8855916Z   pythonLocation: /opt/hostedtoolcache/Python/3.12.14/x64
2026-09-28T09:46:13.8856358Z   PKG_CONFIG_PATH: /opt/hostedtoolcache/Python/3.12.14/x64/lib/pkgconfig
2026-09-28T09:46:13.8857082Z   Python_ROOT_DIR: /opt/hostedtoolcache/Python/3.12.14/x64
2026-09-28T09:46:13.8857471Z   Python2_ROOT_DIR: /opt/hostedtoolcache/Python/3.12.14/x64
2026-09-28T09:46:13.8857851Z   Python3_ROOT_DIR: /opt/hostedtoolcache/Python/3.12.14/x64
2026-09-28T09:46:13.8858232Z   LD_LIBRARY_PATH: /opt/hostedtoolcache/Python/3.12.14/x64/lib
2026-09-28T09:46:13.8858568Z ##[endgroup]
2026-09-28T09:46:38.7416281Z gate self-test: does every gate BITE what it was built to catch?
2026-09-28T09:46:38.7418825Z 
2026-09-28T09:46:38.7419230Z   PASS  control: pristine copy passes all 6 static gates
2026-09-28T09:46:38.7419923Z   PASS  write-gate bites a bare no-args invocation
2026-09-28T09:46:38.7420377Z   PASS  write-gate control: --write proceeds
2026-09-28T09:46:38.7420910Z   PASS  radius gate's own bites run (8 longhand mutants + token controls, #221)
2026-09-28T09:46:38.7421549Z   PASS  no-hardcode gate's own bites run (8 planted + 8 clean, #221)
2026-09-28T09:46:38.7422191Z   PASS  theme-provenance report order is DERIVED, not filesystem order (#221)
2026-09-28T09:46:38.7422958Z   PASS  wiring gate's own bites run (13, incl. the widened glob + the anti-laundering arm, #221)
2026-09-28T09:46:38.7423666Z   PASS  s263-D10 rulings-page wrap check bites a stale page (4 arms, #265-B)
2026-09-28T09:46:38.7424189Z   PASS  snippet gate bites on token drift
2026-09-28T09:46:38.7424581Z   PASS  snippet gate bites on failing contrast
2026-09-28T09:46:38.7424988Z   PASS  snippet gate bites on icon 4.5 dead-zone
2026-09-28T09:46:38.7425388Z   PASS  snippet gate bites on missing focus
2026-09-28T09:46:38.7425778Z   PASS  snippet gate bites on uppercase CSS
2026-09-28T09:46:38.7426174Z   PASS  snippet gate bites on ALL-CAPS text run
2026-09-28T09:46:38.7426567Z   PASS  snippet gate bites on italics
2026-09-28T09:46:38.7427172Z   PASS  snippet gate bites on text-shadow
2026-09-28T09:46:38.7427562Z   PASS  snippet gate bites on raw red text
2026-09-28T09:46:38.7427960Z   PASS  snippet gate bites on possessive HSBC's
2026-09-28T09:46:38.7428376Z   PASS  snippet gate bites on element-type alt
2026-09-28T09:46:38.7428779Z   PASS  snippet gate bites on bare link text
2026-09-28T09:46:38.7429186Z   PASS  a11y gate bites on missing reduced-motion
2026-09-28T09:46:38.7429597Z   PASS  a11y gate bites on sub-24 target floor
2026-09-28T09:46:38.7429983Z   PASS  icon gate bites on invented path
2026-09-28T09:46:38.7430371Z   PASS  icon gate bites on shape-only icon
2026-09-28T09:46:38.7430781Z   PASS  icon gate bites on mis-twinned fill glyph
2026-09-28T09:46:38.7431202Z   PASS  coverage gate bites on orphan snippet
2026-09-28T09:46:38.7431604Z   PASS  coverage gate bites on meta w/o snippet
2026-09-28T09:46:38.7432008Z   PASS  dark-surface gate bites on flat white
2026-09-28T09:46:38.7432385Z   PASS  compose gate bites on rogue hex
2026-09-28T09:46:38.7432991Z   PASS  compose gate bites on undefined class
2026-09-28T09:46:38.7433305Z   PASS  compose gate bites on class redefinition
2026-09-28T09:46:38.7433618Z   PASS  compose gate bites on duplicate title
2026-09-28T09:46:38.7433813Z 
2026-09-28T09:46:38.7433901Z 32 test(s), 0 failure(s)
2026-09-28T09:46:38.7434279Z skipped by design: state-contrast / screen --render (need a browser; see docstring)
2026-09-28T09:46:38.7511141Z ##[group]Run python3 knowledge/_tests/test_advisory.py
2026-09-28T09:46:38.7511570Z [36;1mpython3 knowledge/_tests/test_advisory.py[0m
2026-09-28T09:46:38.7575975Z shell: /usr/bin/bash -e {0}
2026-09-28T09:46:38.7576268Z env:
2026-09-28T09:46:38.7576570Z   pythonLocation: /opt/hostedtoolcache/Python/3.12.14/x64
2026-09-28T09:46:38.7577305Z   PKG_CONFIG_PATH: /opt/hostedtoolcache/Python/3.12.14/x64/lib/pkgconfig
2026-09-28T09:46:38.7577820Z   Python_ROOT_DIR: /opt/hostedtoolcache/Python/3.12.14/x64
2026-09-28T09:46:38.7578251Z   Python2_ROOT_DIR: /opt/hostedtoolcache/Python/3.12.14/x64
2026-09-28T09:46:38.7578763Z   Python3_ROOT_DIR: /opt/hostedtoolcache/Python/3.12.14/x64
2026-09-28T09:46:38.7579227Z   LD_LIBRARY_PATH: /opt/hostedtoolcache/Python/3.12.14/x64/lib
2026-09-28T09:46:38.7579583Z ##[endgroup]
2026-09-28T09:46:39.3085115Z advisory bite-tests: 19 case(s), all bite ✅ (and none block — exit 0 throughout)
2026-09-28T09:46:39.3172879Z ##[group]Run bash knowledge/_git_commit.sh --selftest
2026-09-28T09:46:39.3173312Z [36;1mbash knowledge/_git_commit.sh --selftest[0m
2026-09-28T09:46:39.3236474Z shell: /usr/bin/bash -e {0}
2026-09-28T09:46:39.3236997Z env:
2026-09-28T09:46:39.3237279Z   pythonLocation: /opt/hostedtoolcache/Python/3.12.14/x64
2026-09-28T09:46:39.3237748Z   PKG_CONFIG_PATH: /opt/hostedtoolcache/Python/3.12.14/x64/lib/pkgconfig
2026-09-28T09:46:39.3238202Z   Python_ROOT_DIR: /opt/hostedtoolcache/Python/3.12.14/x64
2026-09-28T09:46:39.3238600Z   Python2_ROOT_DIR: /opt/hostedtoolcache/Python/3.12.14/x64
2026-09-28T09:46:39.3239004Z   Python3_ROOT_DIR: /opt/hostedtoolcache/Python/3.12.14/x64
2026-09-28T09:46:39.3239431Z   LD_LIBRARY_PATH: /opt/hostedtoolcache/Python/3.12.14/x64/lib
2026-09-28T09:46:39.3239780Z ##[endgroup]
2026-09-28T09:46:39.3497490Z — #208 msgfile-prefix gate selftest
2026-09-28T09:46:39.3700051Z   [OK]   non-wrap prefix (the #170 shape) is seen (expected 1)
2026-09-28T09:46:39.3903730Z   [OK]   WRAP prefix (the shape #170 MISSED) is seen (expected 1)
2026-09-28T09:46:39.4105068Z   [OK]   doubled non-wrap prefix counts 2 (expected 2)
2026-09-28T09:46:39.4306933Z   [OK]   wrap-into-non-wrap stack counts 2 (the hole) (expected 2)
2026-09-28T09:46:39.4510613Z   [OK]   tripled counts 3 (expected 3)
2026-09-28T09:46:39.4720543Z   [OK]   a fresh subject carries no prefix (expected 0)
2026-09-28T09:46:39.4927372Z   [OK]   session ref with no date is not a prefix (expected 0)
2026-09-28T09:46:39.5130965Z   [OK]   date with no session ref is not a prefix (expected 0)
2026-09-28T09:46:39.5335706Z   [OK]   hyphen is not the em-dash separator (expected 0)
2026-09-28T09:46:39.5547853Z   [OK]   prose mentioning a session mid-line (expected 0)
2026-09-28T09:46:39.5750388Z   [OK]   honest subject QUOTING a prior prefix mid-line (expected 1)
2026-09-28T09:46:39.5953181Z   [OK]   a quoted prefix with no prefix of its own (expected 0)
2026-09-28T09:46:39.6160718Z   [OK]   a prefix after a leading word is not a stack (expected 0)
2026-09-28T09:46:39.6177580Z   [OK]   PREFIX_ACK hatch present (declared passes, silent fails)
2026-09-28T09:46:39.6178974Z — s294-D5 push-credential expiry gate selftest (fake clock: APOLLO_FAKE_TODAY)
2026-09-28T09:46:39.6205988Z   [OK]   the stamped expiry is READ from the ledger, one place, one date (expected 2026-11-06)
2026-09-28T09:46:39.6282838Z   [OK]   far out (2026-01-01) ⇒ OK (expected OK)
2026-09-28T09:46:39.6356021Z   [OK]   15 days out (2026-10-22) ⇒ OK — the boundary is NOT off by one (expected OK)
2026-09-28T09:46:39.6430052Z   [OK]   14 days out (2026-10-23) ⇒ WARN (expected WARN)
2026-09-28T09:46:39.6502475Z   [OK]   1 day out (2026-11-05) ⇒ WARN (expected WARN)
2026-09-28T09:46:39.6575479Z   [OK]   the day itself (2026-11-06) ⇒ WARN, not yet expired (expected WARN)
2026-09-28T09:46:39.6649982Z   [OK]   one day past (2026-11-07) ⇒ EXPIRED (expected EXPIRED)
2026-09-28T09:46:39.6724738Z   [OK]   long past (2027-03-01) ⇒ EXPIRED (expected EXPIRED)
2026-09-28T09:46:39.6799966Z   [OK]   days-remaining is COMPUTED, not narrated (2026-10-30 ⇒ 7) (expected 7)
2026-09-28T09:46:39.6828661Z   [OK]   an unreadable stamp ⇒ UNREADABLE (a refusal, never a pass) (expected UNREADABLE)
2026-09-28T09:46:39.6850930Z   [OK]   with no fake clock the gate reads the REAL date (YYYY-MM-DD shape) (expected 1)
2026-09-28T09:46:39.6873036Z   [OK]   no refusal instructs pasting a credential into chat (s294-D5) (expected 0)
2026-09-28T09:46:39.6906126Z   [OK]   the credential is only TESTED, never printed (no unpiped git config remote.origin.url) (expected 0)
2026-09-28T09:46:39.6979659Z   [OK]   the expiry gate sits AFTER the credential check and BEFORE the push (expected 1)
2026-09-28T09:46:39.6980772Z — s305-D30 push-credential check selftest (fixture repos, no real credential)
2026-09-28T09:46:39.7224127Z   [OK]   clean URL, no helper ⇒ NO credential (the refusal's condition) (expected 0)
2026-09-28T09:46:39.7301393Z   [OK]   clean URL + the repo-local helper ⇒ credential PRESENT (s305-D30) (expected 1)
2026-09-28T09:46:39.7325731Z   [OK]   token-in-URL form still accepted (a pre-#305 seat) (expected 1)
2026-09-28T09:46:39.7403969Z   [OK]   the helper's answer is only TESTED, never printed (expected 0)
2026-09-28T09:46:39.7445220Z ✓ selftest OK — 32 bites: 6 fire, 7 stay silent, 1 hatch present, 14 on the s294-D5 expiry gate, 4 on the s305-D30 credential check
2026-09-28T09:46:39.7495495Z ##[group]Run python3 knowledge/_validate_evidence.py notes/_claims
2026-09-28T09:46:39.7496338Z [36;1mpython3 knowledge/_validate_evidence.py notes/_claims[0m
2026-09-28T09:46:39.7575113Z shell: /usr/bin/bash -e {0}
2026-09-28T09:46:39.7575409Z env:
2026-09-28T09:46:39.7575701Z   pythonLocation: /opt/hostedtoolcache/Python/3.12.14/x64
2026-09-28T09:46:39.7576202Z   PKG_CONFIG_PATH: /opt/hostedtoolcache/Python/3.12.14/x64/lib/pkgconfig
2026-09-28T09:46:39.7577006Z   Python_ROOT_DIR: /opt/hostedtoolcache/Python/3.12.14/x64
2026-09-28T09:46:39.7577444Z   Python2_ROOT_DIR: /opt/hostedtoolcache/Python/3.12.14/x64
2026-09-28T09:46:39.7577857Z   Python3_ROOT_DIR: /opt/hostedtoolcache/Python/3.12.14/x64
2026-09-28T09:46:39.7578273Z   LD_LIBRARY_PATH: /opt/hostedtoolcache/Python/3.12.14/x64/lib
2026-09-28T09:46:39.7578623Z ##[endgroup]
2026-09-28T09:47:11.5205262Z evidence linter: 336 row(s) from 10 file(s) · 297 mechanical
2026-09-28T09:47:11.5210078Z   ⛔ L1-1 — DEAD POINTER: evidence names `tokens/_blast-radius.json`, which does not exist on disk — a dead pointer reads as evidence. If the ABSENCE is the claim, write `absent:tokens/_blast-radius.json`; if the file lives outside the repo, use the ruled s191-D2 marker `(NON-REPO: <where>)`
2026-09-28T09:47:11.5213761Z   ⛔ L1-4 — s182-D1: MECHANICAL row (tag=PROVEN verdict=None) carries NO probeable token — no command, no existing path, no figure. Evidence: "The verbatim gate line in L1-3. ⛔ Do not quote the brief's numbers"
2026-09-28T09:47:11.5217826Z   ⛔ L1-1 — DEAD POINTER: evidence names `tokens/_blast-radius.json`, which does not exist on disk — a dead pointer reads as evidence. If the ABSENCE is the claim, write `absent:tokens/_blast-radius.json`; if the file lives outside the repo, use the ruled s191-D2 marker `(NON-REPO: <where>)`
2026-09-28T09:47:11.5221488Z   ⛔ C-2 — s182-D1: MECHANICAL row (tag=None verdict=CONFIRMED) carries NO probeable token — no command, no existing path, no figure. Evidence: 'The claim table only counted `PROPOSED` in the snippets. The brief (step 3) requires it in'
2026-09-28T09:47:11.5225463Z   ⛔ H-5 — s182-D1: MECHANICAL row (tag=None verdict=CONFIRMED) carries NO probeable token — no command, no existing path, no figure. Evidence: 'C-6 + L1-10: the six are absent from canon, the generators exist, the reconciliation is av'
2026-09-28T09:47:11.5229523Z   ⛔ W2-13 — DEAD POINTER (truncated): evidence names `notes/x.md…`, and NO path on disk starts with it — the trailing ellipsis does not make a dead pointer legal (#208 laundering hole). Write the full path, or `absent:notes/x.md` if the ABSENCE is the claim, or add the ruled `(NON-REPO: <where>)` marker
2026-09-28T09:47:11.5231345Z ── s182-D1 LINT: 6 failure(s)
2026-09-28T09:47:11.5233247Z ── SAMPLER · seed=205 · pool=230 row(s) with a command · 15 with a declared observation (always drawn) · drawn=20: G-c, W1-5, W2-3, W2-3, W46-11, WIRE-10, WIRE-11, WIRE-13, WIRE-14, WIRE-15, WIRE-18, WIRE-19, WIRE-20, WIRE-21, WIRE-3, WIRE-4, WIRE-5, WIRE-6, WIRE-8, WIRE-9
2026-09-28T09:47:11.5235396Z   ⛔ REFUSED [UNSAFE] G-c — `python3 -c "import _gate_doc_rows as g; g.unrowed(store, pop + [('2026-08-19','notes/_briefs/2026-08`
2026-09-28T09:47:11.5236496Z       `python3 -c` runs arbitrary code — cannot be judged read-only
2026-09-28T09:47:11.5237780Z   ⛔ REFUSED [DOES-NOT-TERMINATE] W1-5 — `python3 knowledge/_capture_gate.py --selftest` did not exit within 30s
2026-09-28T09:47:11.5238841Z   ⛔ REFUSED [SIDE-EFFECTS] W2-3 — `python3 knowledge/_state.py`
2026-09-28T09:47:11.5239930Z       a bare `python3` REWRITES its tracked audit output; #204 declared this exact stop. Only --check/--selftest/--dry-run forms are sampled
2026-09-28T09:47:11.5241131Z   ⛔ REFUSED [SIDE-EFFECTS] W2-3 — `python3 knowledge/_state.py`
2026-09-28T09:47:11.5242207Z       a bare `python3` REWRITES its tracked audit output; #204 declared this exact stop. Only --check/--selftest/--dry-run forms are sampled
2026-09-28T09:47:11.5244131Z   ⛔ REFUSED [SIDE-EFFECTS] W46-11 — `python3 knowledge/_memento_search.py "brief generator mint open items fences"`
2026-09-28T09:47:11.5245591Z       a bare `python3` REWRITES its tracked audit output; #204 declared this exact stop. Only --check/--selftest/--dry-run forms are sampled
2026-09-28T09:47:11.5247197Z   ⛔ REFUSED [UNSAFE] WIRE-10 — `bash knowledge/_git_commit.sh --selftest`
2026-09-28T09:47:11.5247944Z       head verb 'bash' is not on the read-only allowlist
2026-09-28T09:47:11.5248919Z   ✅ RAN WIRE-11 — `grep -c 'pat.match(s)' knowledge/_git_commit.sh` → rc=0 (matches declared + OBSERVATION)
2026-09-28T09:47:11.5250207Z   ✅ RAN WIRE-13 — `grep -c PREFIX_ACK knowledge/_git_commit.sh` → rc=0 (matches declared + OBSERVATION)
2026-09-28T09:47:11.5251332Z   ⛔ OBSERVATION MISMATCH WIRE-14 — `python3 knowledge/_build_all.py --selftest`
2026-09-28T09:47:11.5253493Z       stdout does NOT contain 'exact-ID failure routing over 127 steps' (declared expect_stdout_contains). First 120 chars of stdout: '  selftest (a): 154 registered step ID(s), each resolves to exactly one route ✓\n  selftest (b): unknown step ID refuses,'
2026-09-28T09:47:11.5255808Z   ✅ RAN WIRE-15 — `python3 knowledge/_probe_registry/_registry.py --run --probe P-3` → rc=77 (matches declared + OBSERVATION)
2026-09-28T09:47:11.5257336Z   ⛔ REFUSED [SIDE-EFFECTS] WIRE-18 — `python3 knowledge/_validate_evidence.py notes/_claims`
2026-09-28T09:47:11.5258621Z       a bare `python3` REWRITES its tracked audit output; #204 declared this exact stop. Only --check/--selftest/--dry-run forms are sampled
2026-09-28T09:47:11.5260343Z   ⛔ REFUSED [SIDE-EFFECTS] WIRE-19 — `python3 knowledge/_join_claim_tables.py notes/_claims/208-wave1-claims.jsonl notes/_claims/208-wave2`
2026-09-28T09:47:11.5261809Z       a bare `python3` REWRITES its tracked audit output; #204 declared this exact stop. Only --check/--selftest/--dry-run forms are sampled
2026-09-28T09:47:11.5263177Z   ⛔ RC MISMATCH WIRE-20 — `python3 knowledge/_governs.py --selftest` → rc=77, row declares rc=0
2026-09-28T09:47:11.5264492Z   ⛔ OBSERVATION MISMATCH WIRE-21 — `grep -c 'fetch-depth: 0' .github/workflows/gates.yml`
2026-09-28T09:47:11.5265229Z       expect_count=3 declared, command observed 4
2026-09-28T09:47:11.5266181Z   ✅ RAN WIRE-3 — `grep -c expect_stdout_contains knowledge/_claimtable.py` → rc=0 (matches declared + OBSERVATION)
2026-09-28T09:47:11.5267676Z   ✅ RAN WIRE-4 — `python3 knowledge/_validate_evidence.py --selftest` → rc=0 (matches declared + OBSERVATION)
2026-09-28T09:47:11.5269282Z   ✅ RAN WIRE-5 — `python3 knowledge/_validate_evidence.py --selftest` → rc=0 (matches declared + OBSERVATION)
2026-09-28T09:47:11.5270511Z   ✅ RAN WIRE-6 — `python3 knowledge/_validate_evidence.py --selftest` → rc=0 (matches declared + OBSERVATION)
2026-09-28T09:47:11.5271741Z   ✅ RAN WIRE-8 — `python3 knowledge/_validate_evidence.py --selftest` → rc=0 (matches declared + OBSERVATION)
2026-09-28T09:47:11.5273222Z   ⛔ REFUSED [SIDE-EFFECTS] WIRE-9 — `python3 knowledge/_validate_evidence.py notes/_claims/208-wave1-claims.jsonl notes/_claims/208-wave2`
2026-09-28T09:47:11.5274793Z       a bare `python3` REWRITES its tracked audit output; #204 declared this exact stop. Only --check/--selftest/--dry-run forms are sampled
2026-09-28T09:47:11.5276282Z ── DECLARED GAP: 9 of 20 sampled row(s) were NOT run. Refusal is the honest answer; none of them is counted as a pass.
2026-09-28T09:47:11.5277696Z ⛔ EVIDENCE GATE FAIL — 6 lint · 0 unparsed · 3 rc/observation mismatch
2026-09-28T09:47:11.5300557Z ##[error]Process completed with exit code 1.
2026-09-28T09:47:11.5353023Z ##[group]Run python3 knowledge/_gate_artefact_fresh.py --check
2026-09-28T09:47:11.5353496Z [36;1mpython3 knowledge/_gate_artefact_fresh.py --check[0m
2026-09-28T09:47:11.5416455Z shell: /usr/bin/bash -e {0}
2026-09-28T09:47:11.5416968Z env:
2026-09-28T09:47:11.5417355Z   pythonLocation: /opt/hostedtoolcache/Python/3.12.14/x64
2026-09-28T09:47:11.5417857Z   PKG_CONFIG_PATH: /opt/hostedtoolcache/Python/3.12.14/x64/lib/pkgconfig
2026-09-28T09:47:11.5418331Z   Python_ROOT_DIR: /opt/hostedtoolcache/Python/3.12.14/x64
2026-09-28T09:47:11.5418758Z   Python2_ROOT_DIR: /opt/hostedtoolcache/Python/3.12.14/x64
2026-09-28T09:47:11.5419179Z   Python3_ROOT_DIR: /opt/hostedtoolcache/Python/3.12.14/x64
2026-09-28T09:47:11.5419618Z   LD_LIBRARY_PATH: /opt/hostedtoolcache/Python/3.12.14/x64/lib
2026-09-28T09:47:11.5419984Z ##[endgroup]
2026-09-28T09:48:12.1673297Z artefact-freshness comparer (⬛ ADVISORY at birth, #221) — 7 declared row(s)
2026-09-28T09:48:12.1674845Z   method: snapshot -> run the writer -> compare -> RESTORE. The tree is byte-identical
2026-09-28T09:48:12.1675999Z   either side; the md5 line below is the receipt, not a promise.
2026-09-28T09:48:12.1677382Z   ✅ _validate_a11y.py                  FRESH          byte-identical (1 artefact(s))
2026-09-28T09:48:12.1678478Z   ✅ _validate_advisory.py              FRESH          byte-identical (1 artefact(s))
2026-09-28T09:48:12.1679809Z   ✅ _validate_theme_provenance.py      FRESH          byte-identical (1 artefact(s))
2026-09-28T09:48:12.1680738Z   ✅ _build_integrity.py                FRESH          byte-identical (1 artefact(s))
2026-09-28T09:48:12.1681513Z   ✅ _build_instrument_fit.py           FRESH          byte-identical (2 artefact(s))
2026-09-28T09:48:12.1682173Z   ✅ _validate_radius.py                FRESH          byte-identical (1 artefact(s))
2026-09-28T09:48:12.1682834Z   ✅ _validate_no_hardcode.py           FRESH          byte-identical (1 artefact(s))
2026-09-28T09:48:12.1683513Z   tally: 7 FRESH · 0 STALE · 0 COULD-NOT-ASK
2026-09-28T09:48:12.1684213Z   ⬛ ADVISORY: exit 0 regardless of drift. Promotion to blocking is DAVE'S (#220-L1 ruling-shaped Q3).
2026-09-28T09:48:12.1792921Z ##[group]Run python3 knowledge/_gate_inline_style_parse.py --check
2026-09-28T09:48:12.1793956Z [36;1mpython3 knowledge/_gate_inline_style_parse.py --check[0m
2026-09-28T09:48:12.1877312Z shell: /usr/bin/bash -e {0}
2026-09-28T09:48:12.1877806Z env:
2026-09-28T09:48:12.1878181Z   pythonLocation: /opt/hostedtoolcache/Python/3.12.14/x64
2026-09-28T09:48:12.1878721Z   PKG_CONFIG_PATH: /opt/hostedtoolcache/Python/3.12.14/x64/lib/pkgconfig
2026-09-28T09:48:12.1879352Z   Python_ROOT_DIR: /opt/hostedtoolcache/Python/3.12.14/x64
2026-09-28T09:48:12.1879880Z   Python2_ROOT_DIR: /opt/hostedtoolcache/Python/3.12.14/x64
2026-09-28T09:48:12.1880392Z   Python3_ROOT_DIR: /opt/hostedtoolcache/Python/3.12.14/x64
2026-09-28T09:48:12.1881100Z   LD_LIBRARY_PATH: /opt/hostedtoolcache/Python/3.12.14/x64/lib
2026-09-28T09:48:12.1881529Z ##[endgroup]
2026-09-28T09:48:12.3436180Z inline-style parse gate (⬛ ADVISORY at birth, #221 — the #122 seed)
2026-09-28T09:48:12.3437919Z   reader: html.parser (stdlib) · population: 11 file(s) · scope: DEF-004's own property families
2026-09-28T09:48:12.3439151Z   259 style attribute(s) parsed · 0 hardcode finding(s) · 0 PARSER-ONLY (the regex is blind) · 1 REGEX-ONLY (the regex hallucinates)
2026-09-28T09:48:12.3440991Z   ⬛ REGEX-ONLY: Tranche-1-interactive.html — the tree's pattern reads this as a live style attribute; a parse of the static document does NOT. It is in a comment, a <script> string, or a text node: 'margin-top:var(--space-8)'
2026-09-28T09:48:12.3442600Z      ⚠ READ THIS CAREFULLY BEFORE ACTING ON IT — a REGEX-ONLY hit is not
2026-09-28T09:48:12.3443356Z        automatically the regex being wrong. The one on this tree today is inside a
2026-09-28T09:48:12.3444249Z        `card.innerHTML='…'` string, so the static parse is right about the DOCUMENT
2026-09-28T09:48:12.3445057Z        and the value is nonetheless real at RUNTIME. The honest conclusion is that
2026-09-28T09:48:12.3445832Z        NEITHER reader is authoritative over injected markup, and this gate reports
2026-09-28T09:48:12.3446886Z        the disagreement rather than picking a winner. [[measure-dont-convert-units]]
2026-09-28T09:48:12.3448030Z   ✅ every style attribute in the population parses, and every declaration in one is either untouched by DEF-004 or already a token.
2026-09-28T09:48:12.3449298Z   ⬛ ADVISORY: exit 0 regardless. This is ONE parser over the NARROWEST population where a parser would have caught a proved false green (#220-L1 finding 12).
2026-09-28T09:48:12.3450477Z   ⬛ Widening it to the other seven regex gates is PRICED, not built, and whether a non-stdlib CSS parser may enter the gate set is DAVE'S.
2026-09-28T09:48:12.3579477Z Post job cleanup.
2026-09-28T09:48:12.5165700Z Post job cleanup.
2026-09-28T09:48:12.6095992Z [command]/usr/bin/git version
2026-09-28T09:48:12.6150050Z git version 2.55.0
2026-09-28T09:48:12.6199464Z Temporarily overriding HOME='/home/runner/work/_temp/766d9a7b-e69f-4633-bef4-f5ed69b409ff' before making global git config changes
2026-09-28T09:48:12.6200660Z Adding repository directory to the temporary git global config as a safe directory
2026-09-28T09:48:12.6206047Z [command]/usr/bin/git config --global --add safe.directory /home/runner/work/UX-design/UX-design
2026-09-28T09:48:12.6244731Z Removing SSH command configuration
2026-09-28T09:48:12.6253001Z [command]/usr/bin/git config --local --name-only --get-regexp core\.sshCommand
2026-09-28T09:48:12.6294875Z [command]/usr/bin/git submodule foreach --recursive sh -c "git config --local --name-only --get-regexp 'core\.sshCommand' && git config --local --unset-all 'core.sshCommand' || :"
2026-09-28T09:48:12.6577509Z Removing HTTP extra header
2026-09-28T09:48:12.6584809Z [command]/usr/bin/git config --local --name-only --get-regexp http\.https\:\/\/github\.com\/\.extraheader
2026-09-28T09:48:12.6626120Z [command]/usr/bin/git submodule foreach --recursive sh -c "git config --local --name-only --get-regexp 'http\.https\:\/\/github\.com\/\.extraheader' && git config --local --unset-all 'http.https://github.com/.extraheader' || :"
2026-09-28T09:48:12.6917203Z Removing includeIf entries pointing to credentials config files
2026-09-28T09:48:12.6926209Z [command]/usr/bin/git config --local --name-only --get-regexp ^includeIf\.gitdir:
2026-09-28T09:48:12.6960729Z includeif.gitdir:/home/runner/work/UX-design/UX-design/.git.path
2026-09-28T09:48:12.6961554Z includeif.gitdir:/home/runner/work/UX-design/UX-design/.git/worktrees/*.path
2026-09-28T09:48:12.6962356Z includeif.gitdir:/github/workspace/.git.path
2026-09-28T09:48:12.6963128Z includeif.gitdir:/github/workspace/.git/worktrees/*.path
2026-09-28T09:48:12.6973011Z [command]/usr/bin/git config --local --get-all includeif.gitdir:/home/runner/work/UX-design/UX-design/.git.path
2026-09-28T09:48:12.7001395Z /home/runner/work/_temp/git-credentials-e7d34871-9a71-4fc3-9d3d-a69f54e94c3e.config
2026-09-28T09:48:12.7030154Z [command]/usr/bin/git config --local --unset includeif.gitdir:/home/runner/work/UX-design/UX-design/.git.path /home/runner/work/_temp/git-credentials-e7d34871-9a71-4fc3-9d3d-a69f54e94c3e.config
2026-09-28T09:48:12.7081078Z [command]/usr/bin/git config --local --get-all includeif.gitdir:/home/runner/work/UX-design/UX-design/.git/worktrees/*.path
2026-09-28T09:48:12.7113382Z /home/runner/work/_temp/git-credentials-e7d34871-9a71-4fc3-9d3d-a69f54e94c3e.config
2026-09-28T09:48:12.7125472Z [command]/usr/bin/git config --local --unset includeif.gitdir:/home/runner/work/UX-design/UX-design/.git/worktrees/*.path /home/runner/work/_temp/git-credentials-e7d34871-9a71-4fc3-9d3d-a69f54e94c3e.config
2026-09-28T09:48:12.7169848Z [command]/usr/bin/git config --local --get-all includeif.gitdir:/github/workspace/.git.path
2026-09-28T09:48:12.7200895Z /github/runner_temp/git-credentials-e7d34871-9a71-4fc3-9d3d-a69f54e94c3e.config
2026-09-28T09:48:12.7210880Z [command]/usr/bin/git config --local --unset includeif.gitdir:/github/workspace/.git.path /github/runner_temp/git-credentials-e7d34871-9a71-4fc3-9d3d-a69f54e94c3e.config
2026-09-28T09:48:12.7252516Z [command]/usr/bin/git config --local --get-all includeif.gitdir:/github/workspace/.git/worktrees/*.path
2026-09-28T09:48:12.7280867Z /github/runner_temp/git-credentials-e7d34871-9a71-4fc3-9d3d-a69f54e94c3e.config
2026-09-28T09:48:12.7290297Z [command]/usr/bin/git config --local --unset includeif.gitdir:/github/workspace/.git/worktrees/*.path /github/runner_temp/git-credentials-e7d34871-9a71-4fc3-9d3d-a69f54e94c3e.config
2026-09-28T09:48:12.7329175Z [command]/usr/bin/git submodule foreach --recursive git config --local --show-origin --name-only --get-regexp remote.origin.url
2026-09-28T09:48:12.7622547Z Removing credentials config '/home/runner/work/_temp/git-credentials-e7d34871-9a71-4fc3-9d3d-a69f54e94c3e.config'
2026-09-28T09:48:12.7811798Z Cleaning up orphan processes
