2026-09-28T14:39:47.0649886Z Current runner version: '2.337.0'
2026-09-28T14:39:47.0674723Z ##[group]Runner Image Provisioner
2026-09-28T14:39:47.0675645Z Hosted Compute Agent
2026-09-28T14:39:47.0676276Z Version: 20260828.587
2026-09-28T14:39:47.0676997Z Commit: abac92662cab4cc7352de4f9f9d2e2419aad9c29
2026-09-28T14:39:47.0677734Z Build Date: 2026-08-28T16:44:25Z
2026-09-28T14:39:47.0678433Z Worker ID: {76963f94-1fd6-4de3-a89a-15f51b865590}
2026-09-28T14:39:47.0679135Z Azure Region: centralus
2026-09-28T14:39:47.0679694Z ##[endgroup]
2026-09-28T14:39:47.0681135Z ##[group]Operating System
2026-09-28T14:39:47.0681780Z Ubuntu
2026-09-28T14:39:47.0682829Z 24.04.5
2026-09-28T14:39:47.0683381Z LTS
2026-09-28T14:39:47.0683897Z ##[endgroup]
2026-09-28T14:39:47.0684479Z ##[group]Runner Image
2026-09-28T14:39:47.0685057Z Image: ubuntu-24.04
2026-09-28T14:39:47.0685611Z Version: 20260920.314.1
2026-09-28T14:39:47.0686858Z Included Software: https://github.com/actions/runner-images/blob/ubuntu24/20260920.314/images/ubuntu/Ubuntu2404-Readme.md
2026-09-28T14:39:47.0688399Z Image Release: https://github.com/actions/runner-images/releases/tag/ubuntu24%2F20260920.314
2026-09-28T14:39:47.0689326Z ##[endgroup]
2026-09-28T14:39:47.0690509Z ##[group]GITHUB_TOKEN Permissions
2026-09-28T14:39:47.0692950Z Contents: read
2026-09-28T14:39:47.0693562Z Metadata: read
2026-09-28T14:39:47.0694134Z Packages: read
2026-09-28T14:39:47.0694705Z ##[endgroup]
2026-09-28T14:39:47.0696874Z Secret source: Actions
2026-09-28T14:39:47.0697820Z Cache mode: write
2026-09-28T14:39:47.0698530Z Prepare workflow directory
2026-09-28T14:39:47.1080272Z Prepare all required actions
2026-09-28T14:39:47.1130828Z Getting action download info
2026-09-28T14:39:47.4090314Z Download action repository 'actions/checkout@v6' (SHA:d23441a48e516b6c34aea4fa41551a30e30af803)
2026-09-28T14:39:47.4966810Z Download action repository 'actions/setup-python@v6' (SHA:ece7cb06caefa5fff74198d8649806c4678c61a1)
2026-09-28T14:39:47.7097867Z Complete job name: gates
2026-09-28T14:39:47.7833753Z ##[group]Run actions/checkout@v6
2026-09-28T14:39:47.7834745Z with:
2026-09-28T14:39:47.7835253Z   fetch-depth: 0
2026-09-28T14:39:47.7835783Z   repository: daveasewen/UX-design
2026-09-28T14:39:47.7839645Z   token: ***
2026-09-28T14:39:47.7840144Z   ssh-strict: true
2026-09-28T14:39:47.7840674Z   ssh-user: git
2026-09-28T14:39:47.7841189Z   persist-credentials: true
2026-09-28T14:39:47.7841723Z   clean: true
2026-09-28T14:39:47.7842300Z   sparse-checkout-cone-mode: true
2026-09-28T14:39:47.7843069Z   fetch-tags: false
2026-09-28T14:39:47.7843601Z   show-progress: true
2026-09-28T14:39:47.7844109Z   lfs: false
2026-09-28T14:39:47.7844575Z   submodules: false
2026-09-28T14:39:47.7845152Z   set-safe-directory: true
2026-09-28T14:39:47.7845722Z   allow-unsafe-pr-checkout: false
2026-09-28T14:39:47.7846481Z ##[endgroup]
2026-09-28T14:39:47.8879995Z Syncing repository: daveasewen/UX-design
2026-09-28T14:39:47.8882081Z ##[group]Getting Git version info
2026-09-28T14:39:47.8883607Z Working directory is '/home/runner/work/UX-design/UX-design'
2026-09-28T14:39:47.8884965Z [command]/usr/bin/git version
2026-09-28T14:39:47.8965752Z git version 2.55.0
2026-09-28T14:39:47.8987611Z ##[endgroup]
2026-09-28T14:39:47.9003902Z Temporarily overriding HOME='/home/runner/work/_temp/16d5bf73-34f3-43fe-8b4b-cb7de9e321f3' before making global git config changes
2026-09-28T14:39:47.9006208Z Adding repository directory to the temporary git global config as a safe directory
2026-09-28T14:39:47.9011965Z [command]/usr/bin/git config --global --add safe.directory /home/runner/work/UX-design/UX-design
2026-09-28T14:39:47.9069716Z Deleting the contents of '/home/runner/work/UX-design/UX-design'
2026-09-28T14:39:47.9074510Z ##[group]Determining repository object format
2026-09-28T14:39:47.9077032Z ##[endgroup]
2026-09-28T14:39:47.9078452Z ##[group]Initializing the repository
2026-09-28T14:39:47.9081872Z [command]/usr/bin/git init /home/runner/work/UX-design/UX-design
2026-09-28T14:39:47.9190363Z hint: Using 'master' as the name for the initial branch. This default branch name
2026-09-28T14:39:47.9192621Z hint: will change to "main" in Git 3.0. To configure the initial branch name
2026-09-28T14:39:47.9194558Z hint: to use in all of your new repositories, which will suppress this warning,
2026-09-28T14:39:47.9195934Z hint: call:
2026-09-28T14:39:47.9196572Z hint:
2026-09-28T14:39:47.9197280Z hint: 	git config --global init.defaultBranch <name>
2026-09-28T14:39:47.9198058Z hint:
2026-09-28T14:39:47.9198805Z hint: Names commonly chosen instead of 'master' are 'main', 'trunk' and
2026-09-28T14:39:47.9199938Z hint: 'development'. The just-created branch can be renamed via this command:
2026-09-28T14:39:47.9200844Z hint:
2026-09-28T14:39:47.9201476Z hint: 	git branch -m <name>
2026-09-28T14:39:47.9202547Z hint:
2026-09-28T14:39:47.9203981Z hint: Disable this message with "git config set advice.defaultBranchName false"
2026-09-28T14:39:47.9205392Z Initialized empty Git repository in /home/runner/work/UX-design/UX-design/.git/
2026-09-28T14:39:47.9207660Z [command]/usr/bin/git remote add origin https://github.com/daveasewen/UX-design
2026-09-28T14:39:47.9264288Z ##[endgroup]
2026-09-28T14:39:47.9265561Z ##[group]Disabling automatic garbage collection
2026-09-28T14:39:47.9266985Z [command]/usr/bin/git config --local gc.auto 0
2026-09-28T14:39:47.9314167Z ##[endgroup]
2026-09-28T14:39:47.9316152Z ##[group]Setting up auth
2026-09-28T14:39:47.9317152Z Removing SSH command configuration
2026-09-28T14:39:47.9320338Z [command]/usr/bin/git config --local --name-only --get-regexp core\.sshCommand
2026-09-28T14:39:47.9353292Z [command]/usr/bin/git submodule foreach --recursive sh -c "git config --local --name-only --get-regexp 'core\.sshCommand' && git config --local --unset-all 'core.sshCommand' || :"
2026-09-28T14:39:47.9729420Z Removing HTTP extra header
2026-09-28T14:39:47.9739119Z [command]/usr/bin/git config --local --name-only --get-regexp http\.https\:\/\/github\.com\/\.extraheader
2026-09-28T14:39:47.9777946Z [command]/usr/bin/git submodule foreach --recursive sh -c "git config --local --name-only --get-regexp 'http\.https\:\/\/github\.com\/\.extraheader' && git config --local --unset-all 'http.https://github.com/.extraheader' || :"
2026-09-28T14:39:47.9989098Z Removing includeIf entries pointing to credentials config files
2026-09-28T14:39:47.9996925Z [command]/usr/bin/git config --local --name-only --get-regexp ^includeIf\.gitdir:
2026-09-28T14:39:48.0031927Z [command]/usr/bin/git submodule foreach --recursive git config --local --show-origin --name-only --get-regexp remote.origin.url
2026-09-28T14:39:48.0226319Z [command]/usr/bin/git config --file /home/runner/work/_temp/git-credentials-8d7d8c05-35ab-4b83-841e-00bc3f9d994b.config http.https://github.com/.extraheader AUTHORIZATION: basic ***
2026-09-28T14:39:48.0265162Z [command]/usr/bin/git config --local includeIf.gitdir:/home/runner/work/UX-design/UX-design/.git.path /home/runner/work/_temp/git-credentials-8d7d8c05-35ab-4b83-841e-00bc3f9d994b.config
2026-09-28T14:39:48.0299721Z [command]/usr/bin/git config --local includeIf.gitdir:/home/runner/work/UX-design/UX-design/.git/worktrees/*.path /home/runner/work/_temp/git-credentials-8d7d8c05-35ab-4b83-841e-00bc3f9d994b.config
2026-09-28T14:39:48.0342548Z [command]/usr/bin/git config --local includeIf.gitdir:/github/workspace/.git.path /github/runner_temp/git-credentials-8d7d8c05-35ab-4b83-841e-00bc3f9d994b.config
2026-09-28T14:39:48.0378081Z [command]/usr/bin/git config --local includeIf.gitdir:/github/workspace/.git/worktrees/*.path /github/runner_temp/git-credentials-8d7d8c05-35ab-4b83-841e-00bc3f9d994b.config
2026-09-28T14:39:48.0424209Z ##[endgroup]
2026-09-28T14:39:48.0425094Z ##[group]Fetching the repository
2026-09-28T14:39:48.0432339Z [command]/usr/bin/git -c protocol.version=2 fetch --no-tags --prune --no-recurse-submodules origin +refs/heads/*:refs/remotes/origin/* +refs/tags/*:refs/tags/*
2026-09-28T14:40:25.6290478Z From https://github.com/daveasewen/UX-design
2026-09-28T14:40:25.6291449Z  * [new branch]        master     -> origin/master
2026-09-28T14:40:25.6301954Z [command]/usr/bin/git branch --list --remote origin/master
2026-09-28T14:40:25.6331551Z   origin/master
2026-09-28T14:40:25.6340855Z [command]/usr/bin/git rev-parse refs/remotes/origin/master
2026-09-28T14:40:25.6364907Z dcb76d81505953e970c16fa83abf076f9ce43766
2026-09-28T14:40:25.6367344Z ##[endgroup]
2026-09-28T14:40:25.6368289Z ##[group]Determining the checkout info
2026-09-28T14:40:25.6369483Z ##[endgroup]
2026-09-28T14:40:25.6374635Z [command]/usr/bin/git sparse-checkout disable
2026-09-28T14:40:25.6430327Z [command]/usr/bin/git config --local --unset-all extensions.worktreeConfig
2026-09-28T14:40:25.6459046Z ##[group]Checking out the ref
2026-09-28T14:40:25.6462247Z [command]/usr/bin/git checkout --progress --force -B master refs/remotes/origin/master
2026-09-28T14:40:26.6678194Z Updating files:  10% (1385/13253)
2026-09-28T14:40:26.6839529Z Updating files:  11% (1458/13253)
2026-09-28T14:40:26.7012392Z Updating files:  12% (1591/13253)
2026-09-28T14:40:26.7222531Z Updating files:  13% (1723/13253)
2026-09-28T14:40:26.7446531Z Updating files:  14% (1856/13253)
2026-09-28T14:40:27.0554212Z Updating files:  15% (1988/13253)
2026-09-28T14:40:27.0935449Z Updating files:  16% (2121/13253)
2026-09-28T14:40:27.1627024Z Updating files:  17% (2254/13253)
2026-09-28T14:40:27.1658968Z Updating files:  18% (2386/13253)
2026-09-28T14:40:27.1697628Z Updating files:  19% (2519/13253)
2026-09-28T14:40:27.1728801Z Updating files:  20% (2651/13253)
2026-09-28T14:40:27.1764283Z Updating files:  21% (2784/13253)
2026-09-28T14:40:27.1797758Z Updating files:  22% (2916/13253)
2026-09-28T14:40:27.2447617Z Updating files:  23% (3049/13253)
2026-09-28T14:40:27.3516694Z Updating files:  24% (3181/13253)
2026-09-28T14:40:27.4022502Z Updating files:  25% (3314/13253)
2026-09-28T14:40:27.4128207Z Updating files:  26% (3446/13253)
2026-09-28T14:40:27.4253852Z Updating files:  27% (3579/13253)
2026-09-28T14:40:27.4470441Z Updating files:  28% (3711/13253)
2026-09-28T14:40:27.4765766Z Updating files:  29% (3844/13253)
2026-09-28T14:40:27.7298352Z Updating files:  30% (3976/13253)
2026-09-28T14:40:27.7774383Z Updating files:  30% (3992/13253)
2026-09-28T14:40:27.7861480Z Updating files:  31% (4109/13253)
2026-09-28T14:40:27.8653672Z Updating files:  32% (4241/13253)
2026-09-28T14:40:27.9037233Z Updating files:  33% (4374/13253)
2026-09-28T14:40:27.9443657Z Updating files:  34% (4507/13253)
2026-09-28T14:40:27.9511769Z Updating files:  35% (4639/13253)
2026-09-28T14:40:28.2034933Z Updating files:  36% (4772/13253)
2026-09-28T14:40:28.3008132Z Updating files:  37% (4904/13253)
2026-09-28T14:40:28.4093972Z Updating files:  38% (5037/13253)
2026-09-28T14:40:28.6035430Z Updating files:  39% (5169/13253)
2026-09-28T14:40:28.6611975Z Updating files:  40% (5302/13253)
2026-09-28T14:40:28.6700643Z Updating files:  40% (5424/13253)
2026-09-28T14:40:28.7316892Z Updating files:  41% (5434/13253)
2026-09-28T14:40:28.8122857Z Updating files:  42% (5567/13253)
2026-09-28T14:40:28.8468823Z Updating files:  43% (5699/13253)
2026-09-28T14:40:28.8599611Z Updating files:  44% (5832/13253)
2026-09-28T14:40:28.8848738Z Updating files:  45% (5964/13253)
2026-09-28T14:40:28.9135823Z Updating files:  46% (6097/13253)
2026-09-28T14:40:29.0104543Z Updating files:  47% (6229/13253)
2026-09-28T14:40:29.4093248Z Updating files:  48% (6362/13253)
2026-09-28T14:40:29.5296321Z Updating files:  49% (6494/13253)
2026-09-28T14:40:29.6614014Z Updating files:  50% (6627/13253)
2026-09-28T14:40:29.6652854Z Updating files:  50% (6757/13253)
2026-09-28T14:40:29.7500083Z Updating files:  51% (6760/13253)
2026-09-28T14:40:29.7859194Z Updating files:  52% (6892/13253)
2026-09-28T14:40:29.8246962Z Updating files:  53% (7025/13253)
2026-09-28T14:40:29.9146096Z Updating files:  54% (7157/13253)
2026-09-28T14:40:30.0324266Z Updating files:  55% (7290/13253)
2026-09-28T14:40:30.1168899Z Updating files:  56% (7422/13253)
2026-09-28T14:40:30.1536473Z Updating files:  57% (7555/13253)
2026-09-28T14:40:30.1772125Z Updating files:  58% (7687/13253)
2026-09-28T14:40:30.1909968Z Updating files:  59% (7820/13253)
2026-09-28T14:40:30.2194385Z Updating files:  60% (7952/13253)
2026-09-28T14:40:30.2480021Z Updating files:  61% (8085/13253)
2026-09-28T14:40:30.2991745Z Updating files:  62% (8217/13253)
2026-09-28T14:40:30.4252189Z Updating files:  63% (8350/13253)
2026-09-28T14:40:30.4899942Z Updating files:  64% (8482/13253)
2026-09-28T14:40:30.6084574Z Updating files:  65% (8615/13253)
2026-09-28T14:40:30.6614304Z Updating files:  66% (8747/13253)
2026-09-28T14:40:30.7029728Z Updating files:  66% (8801/13253)
2026-09-28T14:40:30.7293198Z Updating files:  67% (8880/13253)
2026-09-28T14:40:30.7864867Z Updating files:  68% (9013/13253)
2026-09-28T14:40:30.8151962Z Updating files:  69% (9145/13253)
2026-09-28T14:40:30.8430672Z Updating files:  70% (9278/13253)
2026-09-28T14:40:30.8484337Z Updating files:  71% (9410/13253)
2026-09-28T14:40:30.9140167Z Updating files:  72% (9543/13253)
2026-09-28T14:40:30.9212080Z Updating files:  73% (9675/13253)
2026-09-28T14:40:30.9744675Z Updating files:  74% (9808/13253)
2026-09-28T14:40:31.0403128Z Updating files:  75% (9940/13253)
2026-09-28T14:40:31.0658226Z Updating files:  76% (10073/13253)
2026-09-28T14:40:31.1179919Z Updating files:  77% (10205/13253)
2026-09-28T14:40:31.1715000Z Updating files:  78% (10338/13253)
2026-09-28T14:40:31.2241092Z Updating files:  79% (10470/13253)
2026-09-28T14:40:31.2445204Z Updating files:  80% (10603/13253)
2026-09-28T14:40:31.2660075Z Updating files:  81% (10735/13253)
2026-09-28T14:40:31.2846181Z Updating files:  82% (10868/13253)
2026-09-28T14:40:31.2967646Z Updating files:  83% (11000/13253)
2026-09-28T14:40:31.3115446Z Updating files:  84% (11133/13253)
2026-09-28T14:40:31.3513736Z Updating files:  85% (11266/13253)
2026-09-28T14:40:31.4576434Z Updating files:  86% (11398/13253)
2026-09-28T14:40:31.4733065Z Updating files:  87% (11531/13253)
2026-09-28T14:40:31.4774279Z Updating files:  88% (11663/13253)
2026-09-28T14:40:31.5114903Z Updating files:  89% (11796/13253)
2026-09-28T14:40:31.5533809Z Updating files:  90% (11928/13253)
2026-09-28T14:40:31.6383523Z Updating files:  91% (12061/13253)
2026-09-28T14:40:31.6614636Z Updating files:  92% (12193/13253)
2026-09-28T14:40:31.8106936Z Updating files:  92% (12221/13253)
2026-09-28T14:40:31.8612209Z Updating files:  93% (12326/13253)
2026-09-28T14:40:31.8840207Z Updating files:  94% (12458/13253)
2026-09-28T14:40:31.9390795Z Updating files:  95% (12591/13253)
2026-09-28T14:40:31.9795920Z Updating files:  96% (12723/13253)
2026-09-28T14:40:31.9928413Z Updating files:  97% (12856/13253)
2026-09-28T14:40:32.0146892Z Updating files:  98% (12988/13253)
2026-09-28T14:40:32.0685833Z Updating files:  99% (13121/13253)
2026-09-28T14:40:32.0686815Z Updating files: 100% (13253/13253)
2026-09-28T14:40:32.0687393Z Updating files: 100% (13253/13253), done.
2026-09-28T14:40:32.0833052Z Reset branch 'master'
2026-09-28T14:40:32.0837720Z branch 'master' set up to track 'origin/master'.
2026-09-28T14:40:32.0916821Z ##[endgroup]
2026-09-28T14:40:32.0959693Z [command]/usr/bin/git log -1 --format=%H
2026-09-28T14:40:32.0988089Z dcb76d81505953e970c16fa83abf076f9ce43766
2026-09-28T14:40:32.1259491Z ##[group]Run actions/setup-python@v6
2026-09-28T14:40:32.1259876Z with:
2026-09-28T14:40:32.1260198Z   python-version: 3.12
2026-09-28T14:40:32.1260521Z   check-latest: false
2026-09-28T14:40:32.1263032Z   token: ***
2026-09-28T14:40:32.1263417Z   update-environment: true
2026-09-28T14:40:32.1263762Z   allow-prereleases: false
2026-09-28T14:40:32.1264108Z   freethreaded: false
2026-09-28T14:40:32.1264430Z ##[endgroup]
2026-09-28T14:40:32.2578773Z ##[group]Installed versions
2026-09-28T14:40:32.2683202Z Successfully set up CPython (3.12.14)
2026-09-28T14:40:32.2684170Z ##[endgroup]
2026-09-28T14:40:32.2798975Z ##[group]Run pip install tiktoken jsonschema
2026-09-28T14:40:32.2799592Z [36;1mpip install tiktoken jsonschema[0m
2026-09-28T14:40:32.3204088Z shell: /usr/bin/bash -e {0}
2026-09-28T14:40:32.3204712Z env:
2026-09-28T14:40:32.3205141Z   pythonLocation: /opt/hostedtoolcache/Python/3.12.14/x64
2026-09-28T14:40:32.3205707Z   PKG_CONFIG_PATH: /opt/hostedtoolcache/Python/3.12.14/x64/lib/pkgconfig
2026-09-28T14:40:32.3206418Z   Python_ROOT_DIR: /opt/hostedtoolcache/Python/3.12.14/x64
2026-09-28T14:40:32.3206886Z   Python2_ROOT_DIR: /opt/hostedtoolcache/Python/3.12.14/x64
2026-09-28T14:40:32.3207392Z   Python3_ROOT_DIR: /opt/hostedtoolcache/Python/3.12.14/x64
2026-09-28T14:40:32.3207846Z   LD_LIBRARY_PATH: /opt/hostedtoolcache/Python/3.12.14/x64/lib
2026-09-28T14:40:32.3208294Z ##[endgroup]
2026-09-28T14:40:33.3217301Z Collecting tiktoken
2026-09-28T14:40:33.4057382Z   Downloading tiktoken-0.14.0-cp312-cp312-manylinux_2_28_x86_64.whl.metadata (6.7 kB)
2026-09-28T14:40:33.4357489Z Collecting jsonschema
2026-09-28T14:40:33.4463873Z   Downloading jsonschema-4.26.0-py3-none-any.whl.metadata (7.6 kB)
2026-09-28T14:40:33.8349814Z Collecting regex (from tiktoken)
2026-09-28T14:40:33.8455025Z   Downloading regex-2026.9.10-cp312-cp312-manylinux2014_x86_64.manylinux_2_17_x86_64.manylinux_2_28_x86_64.whl.metadata (40 kB)
2026-09-28T14:40:33.8866840Z Collecting requests (from tiktoken)
2026-09-28T14:40:33.8971305Z   Downloading requests-2.34.2-py3-none-any.whl.metadata (4.8 kB)
2026-09-28T14:40:33.9181108Z Collecting attrs>=22.2.0 (from jsonschema)
2026-09-28T14:40:33.9287391Z   Downloading attrs-26.1.0-py3-none-any.whl.metadata (8.8 kB)
2026-09-28T14:40:33.9494404Z Collecting jsonschema-specifications>=2023.03.6 (from jsonschema)
2026-09-28T14:40:33.9599161Z   Downloading jsonschema_specifications-2025.9.1-py3-none-any.whl.metadata (2.9 kB)
2026-09-28T14:40:33.9853636Z Collecting referencing>=0.28.4 (from jsonschema)
2026-09-28T14:40:33.9964402Z   Downloading referencing-0.37.0-py3-none-any.whl.metadata (2.8 kB)
2026-09-28T14:40:34.2308030Z Collecting rpds-py>=0.25.0 (from jsonschema)
2026-09-28T14:40:34.2413352Z   Downloading rpds_py-2026.6.3-cp312-cp312-manylinux_2_17_x86_64.manylinux2014_x86_64.whl.metadata (4.1 kB)
2026-09-28T14:40:34.2665132Z Collecting typing-extensions>=4.4.0 (from referencing>=0.28.4->jsonschema)
2026-09-28T14:40:34.2770522Z   Downloading typing_extensions-4.16.0-py3-none-any.whl.metadata (3.3 kB)
2026-09-28T14:40:34.4094220Z Collecting charset_normalizer<4,>=2 (from requests->tiktoken)
2026-09-28T14:40:34.4201078Z   Downloading charset_normalizer-3.5.1-cp312-cp312-manylinux2014_x86_64.manylinux_2_17_x86_64.manylinux_2_28_x86_64.whl.metadata (45 kB)
2026-09-28T14:40:34.4493289Z Collecting idna<4,>=2.5 (from requests->tiktoken)
2026-09-28T14:40:34.4597111Z   Downloading idna-3.20-py3-none-any.whl.metadata (7.2 kB)
2026-09-28T14:40:34.4865716Z Collecting urllib3<3,>=1.26 (from requests->tiktoken)
2026-09-28T14:40:34.4974297Z   Downloading urllib3-2.8.0-py3-none-any.whl.metadata (7.4 kB)
2026-09-28T14:40:34.5211986Z Collecting certifi>=2023.5.7 (from requests->tiktoken)
2026-09-28T14:40:34.5315955Z   Downloading certifi-2026.7.22-py3-none-any.whl.metadata (2.5 kB)
2026-09-28T14:40:34.5468382Z Downloading tiktoken-0.14.0-cp312-cp312-manylinux_2_28_x86_64.whl (1.2 MB)
2026-09-28T14:40:34.6600149Z    ━━━━━━━━━━━━━━━━━━━━━━━━━━━━━━━━━━━━━━━━ 1.2/1.2 MB 11.5 MB/s  0:00:00
2026-09-28T14:40:34.6714744Z Downloading jsonschema-4.26.0-py3-none-any.whl (90 kB)
2026-09-28T14:40:34.6888398Z Downloading attrs-26.1.0-py3-none-any.whl (67 kB)
2026-09-28T14:40:34.7077597Z Downloading jsonschema_specifications-2025.9.1-py3-none-any.whl (18 kB)
2026-09-28T14:40:34.7205319Z Downloading referencing-0.37.0-py3-none-any.whl (26 kB)
2026-09-28T14:40:34.7337481Z Downloading rpds_py-2026.6.3-cp312-cp312-manylinux_2_17_x86_64.manylinux2014_x86_64.whl (366 kB)
2026-09-28T14:40:34.7696591Z Downloading typing_extensions-4.16.0-py3-none-any.whl (45 kB)
2026-09-28T14:40:34.7838437Z Downloading regex-2026.9.10-cp312-cp312-manylinux2014_x86_64.manylinux_2_17_x86_64.manylinux_2_28_x86_64.whl (804 kB)
2026-09-28T14:40:34.8341594Z    ━━━━━━━━━━━━━━━━━━━━━━━━━━━━━━━━━━━━━━━━ 804.6/804.6 kB 15.4 MB/s  0:00:00
2026-09-28T14:40:34.8447839Z Downloading requests-2.34.2-py3-none-any.whl (73 kB)
2026-09-28T14:40:34.8589523Z Downloading charset_normalizer-3.5.1-cp312-cp312-manylinux2014_x86_64.manylinux_2_17_x86_64.manylinux_2_28_x86_64.whl (248 kB)
2026-09-28T14:40:34.8824172Z Downloading idna-3.20-py3-none-any.whl (69 kB)
2026-09-28T14:40:34.8962557Z Downloading urllib3-2.8.0-py3-none-any.whl (135 kB)
2026-09-28T14:40:34.9123155Z Downloading certifi-2026.7.22-py3-none-any.whl (136 kB)
2026-09-28T14:40:34.9982418Z Installing collected packages: urllib3, typing-extensions, rpds-py, regex, idna, charset_normalizer, certifi, attrs, requests, referencing, tiktoken, jsonschema-specifications, jsonschema
2026-09-28T14:40:35.4810975Z 
2026-09-28T14:40:35.4828461Z Successfully installed attrs-26.1.0 certifi-2026.7.22 charset_normalizer-3.5.1 idna-3.20 jsonschema-4.26.0 jsonschema-specifications-2025.9.1 referencing-0.37.0 regex-2026.9.10 requests-2.34.2 rpds-py-2026.6.3 tiktoken-0.14.0 typing-extensions-4.16.0 urllib3-2.8.0
2026-09-28T14:40:35.5703028Z ##[group]Run python3 knowledge/_build_survey.py --timeout 60
2026-09-28T14:40:35.5703603Z [36;1mpython3 knowledge/_build_survey.py --timeout 60[0m
2026-09-28T14:40:35.5749909Z shell: /usr/bin/bash -e {0}
2026-09-28T14:40:35.5750376Z env:
2026-09-28T14:40:35.5750859Z   pythonLocation: /opt/hostedtoolcache/Python/3.12.14/x64
2026-09-28T14:40:35.5751386Z   PKG_CONFIG_PATH: /opt/hostedtoolcache/Python/3.12.14/x64/lib/pkgconfig
2026-09-28T14:40:35.5751909Z   Python_ROOT_DIR: /opt/hostedtoolcache/Python/3.12.14/x64
2026-09-28T14:40:35.5752417Z   Python2_ROOT_DIR: /opt/hostedtoolcache/Python/3.12.14/x64
2026-09-28T14:40:35.5753104Z   Python3_ROOT_DIR: /opt/hostedtoolcache/Python/3.12.14/x64
2026-09-28T14:40:35.5753598Z   LD_LIBRARY_PATH: /opt/hostedtoolcache/Python/3.12.14/x64/lib
2026-09-28T14:40:35.5754007Z ##[endgroup]
2026-09-28T14:44:11.8460228Z — 154 steps read from _build_all.STEPS by ast (never imported) · per-step timeout 60s · non-mutating steps only
2026-09-28T14:44:11.8461024Z 
2026-09-28T14:44:11.8461337Z   ✅ [ 3] token blast-radius + graph report — determinism/staleness chec
2026-09-28T14:44:11.8461913Z   ✅ [ 4] token blast-radius + graph report selftest (#79 P6)
2026-09-28T14:44:11.8462577Z   ✅ [ 9] help-gate selftest — 5 mutation bites (#158 class gate)
2026-09-28T14:44:11.8463612Z   ✅ [11] assertion veracity selftest — verbs bite + registry well-forme
2026-09-28T14:44:11.8464376Z   ⊘ [13] capture/provenance selftest (Memento §4.1)  COULD-NOT-ASK
2026-09-28T14:44:11.8465234Z   ✅ [14] gauge-tokens selftest -- counting path + cache + degraded-meas
2026-09-28T14:44:11.8465926Z   ✅ [15] roll-state measurer selftest (#77 T1)
2026-09-28T14:44:11.8466645Z   ✅ [16] commit-seam harness — _git_commit.sh fixture-repo arms (#78-D1
2026-09-28T14:44:11.8467304Z   ✅ [17] GM/LS mover selftest — hardened move mechanics (M5)
2026-09-28T14:44:11.8467883Z   ✅ [18] section-usage instrumentation selftest (#23)
2026-09-28T14:44:11.8468717Z   ✅ [20] lane records determinism check (O1′ #24)
2026-09-28T14:44:11.8469366Z   ✅ [21] lane records selftest — schema refusals + routing contract (O1
2026-09-28T14:44:11.8470107Z   ✅ [26] worklist store selftest — schema presence gates incl. priority
2026-09-28T14:44:11.8470783Z   ✅ [28] decision-graph selftest — conflict gate bites on unresolved/op
2026-09-28T14:44:11.8471567Z   ✅ [29] spine-writer selftest — splice invariants + no-half-writes (#7
2026-09-28T14:44:11.8472474Z   ✅ [38] component-partials sync — AUTO-PARTIAL injection + contracts (
2026-09-28T14:44:11.8473470Z   ✅ [39] component-partials selftest (ADR-0013)
2026-09-28T14:44:11.8474261Z   ✅ [40] token-set distribution sync — AUTO-TOKENS injection (s121-D1)
2026-09-28T14:44:11.8474899Z   ✅ [41] token-set distribution selftest (s121-D1)
2026-09-28T14:44:11.8475372Z   ✅ [43] Behaviour contract selftest (ADR-0015)
2026-09-28T14:44:11.8475859Z   ✅ [45] canon components determinism check (ADR-0013 ruling 4)
2026-09-28T14:44:11.8476389Z   ✅ [47] partial-ratchet selftest (ADR-0013)
2026-09-28T14:44:11.8476938Z   ✅ [50] theme cascade sync — [data-apollo-theme] layer (ADR-0011)
2026-09-28T14:44:11.8477416Z   ✅ [51] theme cascade selftest (ADR-0014)
2026-09-28T14:44:11.8477841Z   ✅ [53] state-snap selftest (ADR-0014)
2026-09-28T14:44:11.8478692Z   ✅ [55] stale-queue selftest — 13 bites incl. both mutation directions
2026-09-28T14:44:11.8479217Z   ✅ [57] palette-tier selftest — 10 mutation bites (s157-D2)
2026-09-28T14:44:11.8479811Z   ✅ [59] showroom sync — generated component library (RULED 2026-07-21)
2026-09-28T14:44:11.8480376Z   ✅ [60] showroom URL-rebase selftest — the srcdoc base-URL trap (2026-
2026-09-28T14:44:11.8481047Z   ⊘ [61] dashboard sync — generated progress dashboard (RULED #164, bui  COULD-NOT-ASK
2026-09-28T14:44:11.8481607Z   ✅ [67] a11y target-measurement selftest (s114-D5)
2026-09-28T14:44:11.8482022Z   ✅ [70] wiring gate selftest — 4 bites
2026-09-28T14:44:11.8482833Z   ⊘ [74] state-contrast gate selftest — paint stack, report arithmetic,  COULD-NOT-ASK
2026-09-28T14:44:11.8483686Z   ✅ [76] type-composites selftest
2026-09-28T14:44:11.8484533Z   ✅ [85] KG edge gate selftest (6 bites)
2026-09-28T14:44:11.8485100Z   ✅ [86] KG token-group generator drift check — _token_nodes.json vs th
2026-09-28T14:44:11.8485671Z   ✅ [87] KG token-group generator selftest — 8 bites (s277-D12)
2026-09-28T14:44:11.8486276Z   ❌ [88] KG node-title generator drift check — _node_titles.json vs the  exit 1
2026-09-28T14:44:11.8486855Z   ✅ [89] KG node-title generator selftest — 15 bites (#304 W5c; +3 #305
2026-09-28T14:44:11.8487367Z   ✅ [90] KG sources generator in sync — s305-D26 step 5
2026-09-28T14:44:11.8487860Z   ✅ [91] KG sources generator selftest — 9 bites (s305-D26)
2026-09-28T14:44:11.8488346Z   ✅ [93] Token fork-ban selftest (2-direction)
2026-09-28T14:44:11.8488923Z   ✅ [97] binds-resolve selftest — 5 bites incl. any-store clause (#146)
2026-09-28T14:44:11.8489487Z   ✅ [99] chart-intent resolve selftest — 4 bites incl. list case + abse
2026-09-28T14:44:11.8490071Z   ✅ [101] roles/answers resolve selftest — 15 bites incl. in-role priori
2026-09-28T14:44:11.8490663Z   ✅ [103] DataViz gate selftest — bite-tests dv-004 + the dtype vocabula
2026-09-28T14:44:11.8491267Z   ✅ [105] property-resolves gate C2 selftest — 4 bites + a bite-the-bite
2026-09-28T14:44:11.8491870Z   ✅ [107] dataviz var-resolution gate selftest — 8 arms incl. alias chai
2026-09-28T14:44:11.8492438Z   ✅ [109] minted-consumption selftest — 10 arms incl. both false-positiv
2026-09-28T14:44:11.8493280Z   ✅ [111] hidden-attr display selftest — 16 bites incl. the real #218 mu
2026-09-28T14:44:11.8493835Z   ✅ [116] consult tool selftest (advisory)
2026-09-28T14:44:11.8494346Z   ✅ [117] search core selftest — two-stage engine + receipt format (O2′ 
2026-09-28T14:44:11.8494884Z   ✅ [119] memento index determinism check (O2′ #25)
2026-09-28T14:44:11.8495414Z   ✅ [120] memento index selftest — contract refusals + determinism (O2′ 
2026-09-28T14:44:11.8495955Z   ✅ [121] memento search selftest — known-answer retrieval + fetch refus
2026-09-28T14:44:11.8496546Z   ✅ [123] graph mention map determinism check (#115 step 0)
2026-09-28T14:44:11.8497117Z   ✅ [124] graph mention map selftest — hit/miss/refusal bites (#115 step
2026-09-28T14:44:11.8497757Z   ✅ [126] read chain determinism check — stale _CHAIN.md serves a PREVIO
2026-09-28T14:44:11.8498313Z   ✅ [127] read chain selftest — verbatim terms + the CUT + refusal on a 
2026-09-28T14:44:11.8498849Z   ✅ [128] GM size stamp check — a TYPED `size:` figure / drift past the 
2026-09-28T14:44:11.8499429Z   ✅ [129] GM size stamp selftest — the fixed point, the 2-cycle refusal,
2026-09-28T14:44:11.8500011Z   ✅ [131] memento schematic determinism check — a stale diagram publishe
2026-09-28T14:44:11.8500577Z   ✅ [132] memento schematic selftest — figure provenance, caption geomet
2026-09-28T14:44:11.8501155Z   ✅ [134] memento-package delta-audit selftest — mutation-tested, all 4 
2026-09-28T14:44:11.8501715Z   ✅ [136] instrument-fit selftest (advisory, ds-015)
2026-09-28T14:44:11.8502384Z   ✅ [139] could-not-ask convention selftest (#193 — the third verdict's 
2026-09-28T14:44:11.8503232Z   ⊘ [142] governs matcher selftest — the [12]/[13] trigger-index arm, na  COULD-NOT-ASK
2026-09-28T14:44:11.8503977Z   ✅ [143] frozen-release gate — v1/v2 and any baked Spider surface may n
2026-09-28T14:44:11.8504556Z   ✅ [144] frozen-release selftest — 11 bites on a fixture repo incl. the
2026-09-28T14:44:11.8505126Z   ✅ [145] pack ship-list audit — the manifest is byte-identical to a fre
2026-09-28T14:44:11.8505771Z   ✅ [146] release-audit selftest — manifest compare + the pack arm's res
2026-09-28T14:44:11.8506391Z   ⊘ [147] pack-side CI template — parses, ships what it calls, hides not  COULD-NOT-ASK
2026-09-28T14:44:11.8507051Z   ⊘ [148] pack-side CI template selftest — 10 mutants incl. a smuggled c  COULD-NOT-ASK
2026-09-28T14:44:11.8507666Z   ✅ [151] polarity gate — five refusals + content-fresh derived status/e
2026-09-28T14:44:11.8508228Z   ✅ [152] polarity gate selftest — control + every refusal arm on a copy
2026-09-28T14:44:11.8508676Z 
2026-09-28T14:44:11.8508858Z ==============================================================================
2026-09-28T14:44:11.8509629Z SURVEY: 68 pass · 1 FAIL · 6 COULD-NOT-ASK (self-declared refusals) · 0 unaskable (missing/timed out) · 79 not asked (mutating)
2026-09-28T14:44:11.8510443Z ⚠ 'not asked' is NOT 'passing' — it is excluded from the exit code, deliberately.
2026-09-28T14:44:11.8511097Z ⚠ 'COULD-NOT-ASK' is NOT 'passing' either. It is a step that named the input it could
2026-09-28T14:44:11.8511699Z   not reach, so the job does not go red for an ENVIRONMENT fact dressed as an artefact
2026-09-28T14:44:11.8512330Z   verdict (#173/#183, generalised #193). Every one is printed in full below. A step
2026-09-28T14:44:11.8513045Z   that timed out or is MISSING is a different thing and still fails: nobody asked it
2026-09-28T14:44:11.8513508Z   and it never said why.
2026-09-28T14:44:11.8513752Z 
2026-09-28T14:44:11.8514133Z THE FULL FAILURE SET (1) — this is the number no single `_build_all.py` run can tell you:
2026-09-28T14:44:11.8514465Z 
2026-09-28T14:44:11.8514822Z   [88] KG node-title generator drift check — _node_titles.json vs the records (#304 W5c)
2026-09-28T14:44:11.8515418Z       python3 knowledge/gen_kg_titles.py --check   (exit 1)
2026-09-28T14:44:11.8515884Z       (no ✗/FAIL line — see full output)
2026-09-28T14:44:11.8516125Z 
2026-09-28T14:44:11.8516401Z COULD-NOT-ASK (6) — each step's OWN words about the input it could not reach.
2026-09-28T14:44:11.8517003Z These do NOT fail the survey; they also do not pass. If one of them is here because the
2026-09-28T14:44:11.8517642Z environment is wrong rather than because the input is genuinely unreachable, FIX THE ENVIRONMENT:
2026-09-28T14:44:11.8518057Z 
2026-09-28T14:44:11.8518343Z   [13] capture/provenance selftest (Memento §4.1)
2026-09-28T14:44:11.8518790Z       python3 knowledge/_capture_gate.py --selftest   (exit 77)
2026-09-28T14:44:11.8524011Z       COULD-NOT-ASK: _capture_gate.py --selftest — 4 arm(s) read an input this checkout cannot hold — trigger index: ruling ds-034's evidence `outputs/_FINDING-canon-pri-hover-brand-mono-fork-2026-08-06-v1.md` is excluded by this repo's own .gitignore — no checkout can hold it, so whether it has rotted is UNASKABLE here; the machine that wrote it is where that question has an answer · trigger index: ruling ds-034's evidence `outputs/_PARTITION-button-primary-2026-08-06-v1.md` is excluded by this repo's own .gitignore — no checkout can hold it, so whether it has rotted is UNASKABLE here; the machine that wrote it is where that question has an answer · trigger index: ruling ds-035's evidence `outputs/_FINDING-canon-pri-hover-brand-mono-fork-2026-08-06-v1.md` is excluded by this repo's own .gitignore — no checkout can hold it, so whether it has rotted is UNASKABLE here; the machine that wrote it is where that question has an answer · trigger index: ruling s245-D6's evidence `knowledge/_tmp/l3-245/rename-plan.json` is excluded by this repo's own .gitignore — no checkout can hold it, so whether it has rotted is UNASKABLE here; the machine that wrote it is where that question has an answer ⇒ THIS IS NOT A SKIP: every other arm passed here, and these arms have their proof of record on a tree that carries the ignored artefacts (a working session's own repo), never on a bare clone.
2026-09-28T14:44:11.8529954Z 
2026-09-28T14:44:11.8530451Z   [61] dashboard sync — generated progress dashboard (RULED #164, built #165)
2026-09-28T14:44:11.8828088Z       python3 knowledge/gen_dashboard.py --check   (exit 77)
2026-09-28T14:44:11.8831923Z       COULD-NOT-ASK: dashboard/index.html — the page differs, but a live gate baked into it is reading INPUTS OUTSIDE THE COMMITTED TREE, so its verdict — and therefore this page — cannot be reproduced here: provenance names `knowledge/_tmp/l3-245/rename-plan.json`; provenance names `outputs/_FINDING-canon-pri-hover-brand-mono-fork-2026-08-06-v1.md`; provenance names `outputs/_PARTITION-button-primary-2026-08-06-v1.md`. Every one of those paths is untracked, so an environment that has them and one that does not will render different prose from the SAME commit. This is a REFUSAL, not a staleness verdict in either direction: the page's agreement with the stores is UNKNOWN here and is reported as unknown. Ask it where those inputs are present (a working tree that holds them), or commit them.
2026-09-28T14:44:11.8834490Z 
2026-09-28T14:44:11.8834855Z   [74] state-contrast gate selftest — paint stack, report arithmetic, named args
2026-09-28T14:44:11.8835418Z       python3 knowledge/_validate_state_contrast.py --selftest   (exit 77)
2026-09-28T14:44:11.8837607Z       COULD-NOT-ASK: _validate_state_contrast.py — the 'playwright' module is not installed (ModuleNotFoundError("No module named 'playwright'")) — this gate cannot be proven without it; run `pip install playwright && playwright install chromium` ⇒ THIS IS NOT A SKIP: these arms (including the s152-D1 mutation control) run BLOCKING in the `render` job of .github/workflows/gates.yml, which installs chromium — that job is where this gate's proof of record lives. Nothing here is claimed green; the question was unaskable on this box.
2026-09-28T14:44:11.8839158Z 
2026-09-28T14:44:11.8839516Z   [142] governs matcher selftest — the [12]/[13] trigger-index arm, named (#208 legibility)
2026-09-28T14:44:11.8840051Z       python3 knowledge/_governs.py --selftest   (exit 77)
2026-09-28T14:44:11.8844315Z       COULD-NOT-ASK: _governs.py --selftest — 4 evidence pointer(s) name paths this checkout cannot hold: ruling ds-034's evidence `outputs/_FINDING-canon-pri-hover-brand-mono-fork-2026-08-06-v1.md` is excluded by this repo's own .gitignore — no checkout can hold it, so whether it has rotted is UNASKABLE here; the machine that wrote it is where that question has an answer · ruling ds-034's evidence `outputs/_PARTITION-button-primary-2026-08-06-v1.md` is excluded by this repo's own .gitignore — no checkout can hold it, so whether it has rotted is UNASKABLE here; the machine that wrote it is where that question has an answer · ruling ds-035's evidence `outputs/_FINDING-canon-pri-hover-brand-mono-fork-2026-08-06-v1.md` is excluded by this repo's own .gitignore — no checkout can hold it, so whether it has rotted is UNASKABLE here; the machine that wrote it is where that question has an answer · ruling s245-D6's evidence `knowledge/_tmp/l3-245/rename-plan.json` is excluded by this repo's own .gitignore — no checkout can hold it, so whether it has rotted is UNASKABLE here; the machine that wrote it is where that question has an answer
2026-09-28T14:44:11.8847839Z 
2026-09-28T14:44:11.8848269Z   [147] pack-side CI template — parses, ships what it calls, hides nothing (BLOCKING, built #219)
2026-09-28T14:44:11.8848877Z       python3 knowledge/_release/_gate_ci_template.py --check   (exit 77)
2026-09-28T14:44:11.8850207Z       COULD-NOT-ASK: apollo-spider/ci-template/gates.yml — PyYAML is not importable in this environment, and this gate parses the template in YAML rather than guessing at it with string matching. Install it (pip install pyyaml) — the release job in .github/workflows/gates.yml does exactly that
2026-09-28T14:44:11.8851132Z 
2026-09-28T14:44:11.8851511Z   [148] pack-side CI template selftest — 10 mutants incl. a smuggled continue-on-error (#219)
2026-09-28T14:44:11.8852240Z       python3 knowledge/_release/_gate_ci_template.py --selftest   (exit 77)
2026-09-28T14:44:11.8853386Z       COULD-NOT-ASK: the ci-template selftest — PyYAML is not importable, and every arm below parses YAML. Install it (pip install pyyaml).
2026-09-28T14:44:11.8854053Z 
2026-09-28T14:44:11.8854391Z NOT ASKED (79 mutating steps) — run --include-mutating on a clean tree to include them:
2026-09-28T14:44:11.8854884Z   [1] compliance knowledge graph
2026-09-28T14:44:11.8855283Z   [2] token blast-radius + graph report
2026-09-28T14:44:11.8855660Z   [5] guideline rules index (gate)
2026-09-28T14:44:11.8856026Z   [6] runbook index (generated)
2026-09-28T14:44:11.8856397Z   [7] standing-instructions reachability gate
2026-09-28T14:44:11.8856988Z   [8] help-gate — no entry point may write before it reads argv (#158 cl
2026-09-28T14:44:11.8857523Z   [10] assertion veracity gate — claims that can rot
2026-09-28T14:44:11.8858078Z   [12] capture/provenance gate — status+provenance on new notes+dossiers 
2026-09-28T14:44:11.8858539Z   … and 71 more
2026-09-28T14:44:11.8858750Z 
2026-09-28T14:44:11.8859085Z — recorded → /home/runner/work/UX-design/UX-design/notes/_BUILD-VERDICT-LOG.jsonl
2026-09-28T14:44:11.8895633Z ##[error]Process completed with exit code 1.
2026-09-28T14:44:11.8955056Z ##[group]Run python3 knowledge/_build_all.py
2026-09-28T14:44:11.8955521Z [36;1mpython3 knowledge/_build_all.py[0m
2026-09-28T14:44:11.8998037Z shell: /usr/bin/bash -e {0}
2026-09-28T14:44:11.8998400Z env:
2026-09-28T14:44:11.8998792Z   pythonLocation: /opt/hostedtoolcache/Python/3.12.14/x64
2026-09-28T14:44:11.8999322Z   PKG_CONFIG_PATH: /opt/hostedtoolcache/Python/3.12.14/x64/lib/pkgconfig
2026-09-28T14:44:11.8999875Z   Python_ROOT_DIR: /opt/hostedtoolcache/Python/3.12.14/x64
2026-09-28T14:44:11.9000364Z   Python2_ROOT_DIR: /opt/hostedtoolcache/Python/3.12.14/x64
2026-09-28T14:44:11.9000828Z   Python3_ROOT_DIR: /opt/hostedtoolcache/Python/3.12.14/x64
2026-09-28T14:44:11.9001321Z   LD_LIBRARY_PATH: /opt/hostedtoolcache/Python/3.12.14/x64/lib
2026-09-28T14:44:11.9001740Z ##[endgroup]
2026-09-28T14:44:11.9894254Z Wrote 38 rule files to compliance/rules/
2026-09-28T14:44:11.9895004Z Index: 38 SCs x 135 components
2026-09-28T14:44:11.9895362Z Validation errors: none
2026-09-28T14:44:11.9896008Z Levels: {'AA': 17, 'A': 18, 'AAA': 3} | Severities: {'serious': 29, 'critical': 3, 'minor': 6}
2026-09-28T14:44:11.9896557Z AAA (beyond AA bar): ['2.3.3', '2.4.8', '2.5.5']
2026-09-28T14:44:25.1473497Z 
2026-09-28T14:44:25.1475231Z PARKED DUE — 4 parked item(s) are due at token-report — python3 knowledge/_parked.py --due token-report
2026-09-28T14:44:25.1476165Z wrote tokens/_blast-radius.json and _GRAPH-REPORT.md
2026-09-28T14:44:25.1476931Z tokens defined=1047 referenced=140 components=137
2026-09-28T14:44:25.1477826Z top god-nodes: [('text/default', 109), ('background/default', 74), ('tertiary/background/default', 51), ('icon/default', 46), ('border-radius/surface', 43), ('focus/ring', 40), ('border/subtle', 39), ('text/secondary', 37)]
2026-09-28T14:44:25.1478809Z depricate-still-bound components: 19
2026-09-28T14:44:25.1479239Z orphans: 907
2026-09-28T14:44:38.3095207Z 
2026-09-28T14:44:38.3096745Z PARKED DUE — 4 parked item(s) are due at token-report — python3 knowledge/_parked.py --due token-report
2026-09-28T14:44:38.3098319Z ✓ _build_blast_radius --check PASS — tokens/_blast-radius.json and _GRAPH-REPORT.md match a fresh compute() (content, not mtime)
2026-09-28T14:45:04.2488806Z 
2026-09-28T14:45:04.2490553Z PARKED DUE — 4 parked item(s) are due at token-report — python3 knowledge/_parked.py --due token-report
2026-09-28T14:45:04.2491296Z   selftest (a): compute() is deterministic across two calls ✓
2026-09-28T14:45:04.2492035Z   selftest (b1): identical fixture pair reports zero drift ✓
2026-09-28T14:45:04.2492611Z   selftest (b2): a doctored fixture pair is flagged on BOTH files, each named ✓
2026-09-28T14:45:04.2493717Z   selftest (b3): a missing on-disk file is flagged, never silently treated as a match ✓
2026-09-28T14:45:04.2494951Z selftest PASS — compute() deterministic; --check bites on drift, quiet on a match, never silently passes a missing file (#79 P6)
2026-09-28T14:45:04.3020435Z rules index: 475 rules from 35 engine-era files — {'ADVISORY': 323, 'BLOCKING': 62, 'REVIEW': 34, 'TASTE': 56}
2026-09-28T14:45:04.3268712Z runbook index: 17 runbooks -> _RUNBOOKS.md
2026-09-28T14:45:04.7702036Z selftest OK — discovers 28 standing docs by glob + STANDING: self-declaration.
2026-09-28T14:45:04.7703685Z STANDING-INSTRUCTIONS GATE PASS — 28 standing doc(s) reachable from the spine; GOOD-MORNING structure intact.
2026-09-28T14:45:04.7705212Z   NOTE: memory files live outside the repo and CANNOT be checked here — capture-ritual step 3 is still a human step.
2026-09-28T14:45:06.4544312Z help-gate OK — 262 script(s) scanned; every entry point answers --help before it can write.
2026-09-28T14:45:06.4811678Z   ✓ guard first -> GREEN                             -> GREEN
2026-09-28T14:45:06.4813544Z   ✓ write before guard -> RED                        -> RED  [knowledge/_mutant.py: help gate at statement 4 is TOO LATE — Expr on line 4 runs first]
2026-09-28T14:45:06.4814784Z   ✓ no guard at all -> RED                           -> RED  [knowledge/_mutant.py: NO HELP GATE — add]
2026-09-28T14:45:06.4816375Z   ✓ library module -> GREEN (not an entry point)     -> GREEN
2026-09-28T14:45:06.4817252Z   ✓ argparse owns --help -> GREEN                    -> GREEN
2026-09-28T14:45:06.4818568Z _validate_help_gate --selftest OK — 5 bites (guard-first · write-before-guard RED · missing-guard RED · library · argparse).
2026-09-28T14:45:06.5129339Z selftest OK — 5 verbs bite-tested, 0 native check(s), 8 assertion(s) well-formed, 3 mutation(s) killed.
2026-09-28T14:45:06.5130372Z   [✓] ASSERT-001 blocker      0 matches in root=repo
2026-09-28T14:45:06.5131166Z       ⚠ last verified 40d ago, window is 30d
2026-09-28T14:45:06.5131888Z   [✓] ASSERT-002 environment  1 match(es) in root=repo
2026-09-28T14:45:06.5133112Z   [✓] ASSERT-004 regression   needle='text-transform:uppercase' in root=repo
2026-09-28T14:45:06.5134063Z   [✓] ASSERT-005 environment  needle='knowledge/assets/fonts/' in root=repo
2026-09-28T14:45:06.5134859Z   [✓] ASSERT-006 environment  1 match(es) in root=repo
2026-09-28T14:45:06.5136656Z   [⊘] ASSERT-007 blocker      ROOT UNRESOLVED — root 'mount' unreachable HERE: no '<session>/mnt' ancestor of ROOT=/home/runner/work/UX-design/UX-design (running outside the sandbox mount) — an environment fact, not a registry defect
2026-09-28T14:45:06.5138462Z       ⚠ last verified 53d ago, window is 30d
2026-09-28T14:45:06.5139299Z   [✓] ASSERT-008 environment  1 match(es) in root=repo
2026-09-28T14:45:06.5140081Z   [✓] ASSERT-009 environment  count=138 (want eq 138) in root=repo
2026-09-28T14:45:06.5140526Z 
2026-09-28T14:45:06.5141030Z   ⚠ 2 blocker(s) past their recheck window — re-test deliberately:
2026-09-28T14:45:06.5141772Z       ASSERT-001: last verified 40d ago, window is 30d
2026-09-28T14:45:06.5143645Z         clears when: The Latin webfont files (WOFF + WOFF2) physically land in knowledge/assets/fonts/. Watch for Ultralight in the pack — a sixth weight below Thin = a TYPE RULING, not an asset drop.
2026-09-28T14:45:06.5144998Z       ASSERT-007: last verified 53d ago, window is 30d
2026-09-28T14:45:06.5146961Z         clears when: The mount layout changes and .auto-memory/ is no longer reachable from the shell — at which point the zero-fill route is genuinely gone and every doc telling a session to check disk first is wrong.
2026-09-28T14:45:06.5148116Z 
2026-09-28T14:45:06.5150018Z COULD-NOT-ASK: assertion gate — 1 of 8 claim(s) untestable in this environment, 0 false — ASSERT-007: ROOT UNRESOLVED — root 'mount' unreachable HERE: no '<session>/mnt' ancestor of ROOT=/home/runner/work/UX-design/UX-design (running outside the sandbox mount) — an environment fact, not a registry defect
2026-09-28T14:45:06.5401716Z selftest OK — 5 verbs bite-tested, 0 native check(s), 8 assertion(s) well-formed, 3 mutation(s) killed.
2026-09-28T14:45:07.0687038Z   ⚠️  WARN ds-021 (C) DECLARED GAP — `knowledge/_boot_decompose.py` counts in cl100k and cannot name a REAL tier. BUILT #242 lane F (the boot DECOMPOSITION `_boot_remeasure.py`'s two hard-coded paths could not give), REGISTERED AT THE WRAP THAT SHIPPED IT — ds-021 (C) caught it unregistered on its first gate run, which is the birth-catch the bite exists for. WHY 'estimate-only': every component figure it prints is a cl100k TAPE count over the DISK-RESIDENT boot inputs; a REAL boot figure comes only from `message.usage`, which this file never sees — it takes the real total as `--real N` from the caller and prints the harness remainder as `<real> − Σ(ours, tape)` labelled ESTIMATED-BY-SUBTRACTION, because that subtraction mixes units BY CONSTRUCTION. ⛔ Its tape figures are never summed with, scaled to, or compared against a `real` measurement [[measure-dont-convert-units]].
2026-09-28T14:45:07.0692996Z   ⚠️  WARN ds-021 (C) DECLARED GAP — `knowledge/_boot_remeasure.py` counts in cl100k and cannot name a REAL tier. BUILT #214 under `s214-D5` half 2 (per-session boot re-measure over the mounted disk-resident boot inputs), and REGISTERED HERE AT THE WRAP THAT SHIPPED IT — the ds-021 (C) bite caught it unregistered on its first gate run, which is the birth-catch the bite exists for. It counts in tiktoken cl100k ONLY and can name NO real tier: its output is a TAPE PROXY kept for SHAPE and DELTA across sessions, and the row that owns it (`W-99za`) already declares exactly that — this entry MIRRORS that declaration, it does not make a new one. ⛔ Its figures are NEVER summed with, scaled to, or compared against a `real` measurement [[measure-dont-convert-units]]; the consumer is the boot-band re-base sitting, which is DAVE'S.
2026-09-28T14:45:07.0698468Z   ⚠️  WARN ds-021 (C) DECLARED GAP — `knowledge/_compose_slice.py` counts in cl100k and cannot name a REAL tier. BORN #270 (lane 2, the compose-time door). It encodes with tiktoken cl100k ONLY to report the SIZE of a context slice against the metas it replaces (the ~6x / ~25x figures on notes/_PROPOSAL-compose-time-door-2026-09-14-v1.html) - a RATIO between two texts it measures the SAME way, never a budget figure and never a FILL claim. It cannot name a REAL tier: it does not call _gauge_tokens.count() and has no API path, so estimate-only is the honest label rather than a tier it would have to borrow. REGISTERED AT THE #270 WRAP AS A DECLARATION, NOT A RULING - ds-021 (C) asks a counting site to declare what it can name, and leaving it unregistered is the 27-sessions-of-silence failure this registry exists to stop. Whether the door is WIRED at all is Dave's, and is untouched by this entry.
2026-09-28T14:45:07.0701973Z   ⚠️  WARN ds-021 (C) DECLARED GAP — `knowledge/_context_gauge.py` counts in cl100k and cannot name a REAL tier. REFUSES without tiktoken unless --estimate labels the output (#74). Honest about estimate-vs-nothing; still blind to cl100k-vs-real.
2026-09-28T14:45:07.0706297Z   ⚠️  WARN ds-021 (C) DECLARED GAP — `knowledge/_memory_cap_check.py` counts in cl100k and cannot name a REAL tier. BUILT #244 lane C (the mechanised `MEMORY.md` cap), REGISTERED AT #244 lane V — ds-021 (C) caught it unregistered on its first gate run, which is the birth-catch the bite exists for. WHY 'estimate-only': cl100k tape of a non-repo file; never a real-token claim. The file it grades is the Cowork auto-memory index resolved through the `/sessions/*/mnt` glob, so it is OUTSIDE the repo and no `message.usage` figure can ever be taken over it — the only reading available is a tiktoken cl100k TAPE count, kept for SHAPE and DELTA (the `s243-D1` stub measured 1,502 tape against a MEMORY_CAP_TAPE of 1,802). ⛔ Its tape figures are never summed with, scaled to, or compared against a `real` measurement [[measure-dont-convert-units]]; the arm it feeds (`memory_cap_check`) is ADVISORY (`MEMORY_CAP_BLOCKING = False`) precisely because the graded file does not exist on a non-Cowork tree [[gate-cannot-pass-in-one-environment]].
2026-09-28T14:45:07.0717694Z   ⚠️  WARN ds-021 (C) DECLARED GAP — `knowledge/_seam.py` counts in cl100k and cannot name a REAL tier. BORN #283 (the lane-seam check, `s283-D1`); the FIRST COUNTING SITE was added at #285 by lane SC with the fourth STANDING block (Dave: "yes to the seam re-quoting the standing constraints"), the SECOND at #286 by lane T with the INSEAT block (#285's move 2: "`_seam.py` measures the conductor's own tool-output tokens since the last seam and warns above a threshold"). BOTH are estimate-only for the SAME reason, and the second is declared here rather than left to ride on the first entry's coat-tails — a registry entry that names one site while the file has two is the stale pin this gate exists to catch. `inseat_tokens()` encodes the CONDUCTOR'S OWN `tool_result` text out of the live transcript (non-sidechain records, lane returns split out) with tiktoken cl100k ONLY, to size what was spent in the seat since the last seam; the threshold it is judged against (`INSEAT_WARN_TK` = 10,000) is PICKED, NOT RULED, and says so on the line it prints on. ⚠ It is NEVER a FILL claim: the seam's FILL line is `_checkin.py`'s REAL reading, and this number measures a DIFFERENT OBJECT (tool output landing in the window, not the window) — they are never converted into one another [[measure-dont-convert-units]]. Unavailable tiktoken makes the line read `?` and the verdict read UNMEASURED; it is never read as 0, and the seam's selftest holds that arm. `standing_tokens()` encodes the printed constraint block with tiktoken cl100k ONLY, to size the tail it prints — it never calls `_gauge_tokens.count()`, has no API path, and the figure is never a FILL claim or a budget figure; the seam's FILL line is `_checkin.py`'s REAL reading, imported, not re-derived here. So estimate-only is the honest label rather than a tier it would have to borrow, and the unit is NAMED on the line it prints on (`STANDING <n> lines · <tokens> cl100k`). ⚠ Unavailable tiktoken prints `?`, never a guessed number, and the seam's selftest FAILS on `?` rather than passing a blind arm. REGISTERED AT THE #285 WRAP AS A DECLARATION, NOT A RULING — the `_compose_slice.py` precedent (#270 wrap) exactly: ds-021 (C) asks a counting site to declare what it can name, this site was born unregistered in this session's own commit `b99d092c`, and it is THIS SEAT'S fail to close rather than an inherited one. Whether `_standing.md` itself is ever inscribed is Dave's and is untouched by this entry.
2026-09-28T14:45:07.0725420Z capture gate [build]: 243 in scope · 0 fail · 6 warn
2026-09-28T14:45:07.6493336Z ⚠ DUPLICATE HEADING: gm-archive:2b-wave-1-rulings-1-7-unchanged-rule-with-the-above at _GM-ARCHIVE.md:5594 and _GM-ARCHIVE.md:6674
2026-09-28T14:45:07.6495199Z ⚠ DUPLICATE HEADING: gm-archive:3-the-standing-eyeball-set-non-blocking-your-foundations-fir at _GM-ARCHIVE.md:5616 and _GM-ARCHIVE.md:6697
2026-09-28T14:45:07.6496452Z ⚠ DUPLICATE HEADING: gm-archive:4b-queued-button-states-finesse-pass-dave-2026-07-22-not-now at _GM-ARCHIVE.md:5578 and _GM-ARCHIVE.md:6771
2026-09-28T14:45:07.6497849Z ⚠ DUPLICATE HEADING: gm-archive:5-parked-unchanged at _GM-ARCHIVE.md:5589 and _GM-ARCHIVE.md:6782
2026-09-28T14:45:07.6498926Z ⚠ DUPLICATE HEADING: ls-archive:prior-delta-2026-07-26-sun-evening-opus-solo-self-conducting at _LIVE-STATE-ARCHIVE.md:5457 and _LIVE-STATE-ARCHIVE.md:5472
2026-09-28T14:45:07.6500154Z ⚠ DUPLICATE HEADING: component:icon-button at knowledge/_proforma/icon-button.meta.json:1 and knowledge/components/icon-button.meta.json:1
2026-09-28T14:45:08.6293468Z ⚠ DUPLICATE HEADING: gm-archive:2b-wave-1-rulings-1-7-unchanged-rule-with-the-above at _GM-ARCHIVE.md:5594 and _GM-ARCHIVE.md:6674
2026-09-28T14:45:08.6295663Z ⚠ DUPLICATE HEADING: gm-archive:3-the-standing-eyeball-set-non-blocking-your-foundations-fir at _GM-ARCHIVE.md:5616 and _GM-ARCHIVE.md:6697
2026-09-28T14:45:08.6297617Z ⚠ DUPLICATE HEADING: gm-archive:4b-queued-button-states-finesse-pass-dave-2026-07-22-not-now at _GM-ARCHIVE.md:5578 and _GM-ARCHIVE.md:6771
2026-09-28T14:45:08.6299098Z ⚠ DUPLICATE HEADING: gm-archive:5-parked-unchanged at _GM-ARCHIVE.md:5589 and _GM-ARCHIVE.md:6782
2026-09-28T14:45:08.6301241Z ⚠ DUPLICATE HEADING: ls-archive:prior-delta-2026-07-26-sun-evening-opus-solo-self-conducting at _LIVE-STATE-ARCHIVE.md:5457 and _LIVE-STATE-ARCHIVE.md:5472
2026-09-28T14:45:08.6304008Z ⚠ DUPLICATE HEADING: component:icon-button at knowledge/_proforma/icon-button.meta.json:1 and knowledge/components/icon-button.meta.json:1
2026-09-28T14:45:17.9978360Z   ❌ FAIL GOOD-MORNING.md: no `pre-flight:` stamp — the handoff must carry the estimate the session was priced with (runbook § ★ Half 0b). Form (Dave #56, REAL TOKENS): `pre-flight: boot N (disk N measured · harness ~N est ±N) + job N est + wrap N est = N of 320,000 — BAND`
2026-09-28T14:45:17.9979851Z   ❌ FAIL GOOD-MORNING.md: section marker(s) not found (DO-FIRST, §A, §C) — ritual step 2
2026-09-28T14:45:17.9981792Z   ❌ FAIL boot-drift: notes/_GAUGE-LOG.md is MISSING — the boot band is DERIVED from that file (`s240-D1`), so with it absent there is no band and nothing to check. This is the #109 condition (a rule with no consumer), not a clean pass.
2026-09-28T14:45:17.9983962Z   ❌ FAIL lane-routing: GM §C·1 eager ROUTING line MISSING (⛔ ROUTING) — externalised records without the eager pointer is the cold-session-defaults-onto-Apollo failure
2026-09-28T14:45:17.9985910Z   ❌ FAIL TITLE GENERATION: no `knowledge/_gen_titles_receipt.json` found — `python3 knowledge/_gen_titles.py --session <N>` was not run this wrap. RENAME and NEXT-TITLE must be MECHANISED (#120 residual ⓪), never hand-authored prose.
2026-09-28T14:45:17.9987163Z   ❌ FAIL _LIVE-STATE.md: "Last refreshed" zone does not carry today (2026-07-27) — refresh it (ritual steps 1 / 2) before closing
2026-09-28T14:45:17.9988135Z   ❌ FAIL GOOD-MORNING.md: header date zone does not carry today (2026-07-27) — refresh it (ritual steps 1 / 2) before closing
2026-09-28T14:45:17.9989151Z   ⚠️  WARN B2 PLAN BLOCK check SKIPPED — no `_CHAIN.md` under /tmp/tmpiqnod98y, so this is not a state tree. NOT a pass: the seam was not graded here.
2026-09-28T14:45:17.9990269Z   ⚠️  WARN ⛔ INSTRUMENT-STRAY GATE DID NOT RUN for `knowledge/assets` (git exit 128: fatal: not a git repository (or any of the parent directories): .git) — UNKNOWN, not clean.
2026-09-28T14:45:17.9991452Z   ⚠️  WARN SHARED HELPER: the dedup comparer DID NOT RUN — `git ls-files` could not answer under /tmp/tmpiqnod98y. UNKNOWN, not a single implementation.
2026-09-28T14:45:17.9992472Z   ▫️  s263-D10 RULINGS PAGE check SKIPPED — no `knowledge/_rulings.json` under /tmp/tmpiqnod98y, so this is not a state tree. NOT a pass.
2026-09-28T14:45:17.9993731Z   ▫️  REGISTER↔STORE JOIN SKIPPED — register not present under /tmp/tmpiqnod98y. NOT a pass: the join was not made here.
2026-09-28T14:45:17.9994897Z   ▫️  REGEN SERIAL SKIPPED — the serial's own home is unreadable (no `knowledge/_build_all.py` under this tree). NOT a pass: the ordered set was never read, so nothing was compared.
2026-09-28T14:45:17.9996002Z   ▫️  FILED SUB-REPORTS: no `notes/_subreports/` under /tmp/tmpiqnod98y — nothing filed here, so nothing to cite. NOT a pass: the check did not run.
2026-09-28T14:45:17.9997051Z   ▫️  FILED SUB-REPORT LINES: no `notes/_subreports/` under /tmp/tmpiqnod98y — nothing filed here. NOT a pass: the check did not run.
2026-09-28T14:45:17.9997800Z   ▫️  · no `_to_delete/` in this tree — nothing held, nothing to age.
2026-09-28T14:45:17.9999146Z   ▫️  memory-cap: DID NOT RUN — no Cowork mount matched /sessions/*/mnt and no --path was given — the auto-memory index lives OUTSIDE this repo, so on a non-Cowork tree there is genuinely nothing to grade. This is UNKNOWN, not a pass: the auto-memory index is a Cowork surface outside this repo.
2026-09-28T14:45:18.0000378Z   ▫️  section-usage: strata marker absent — probe skipped (honest skip, not a pass)
2026-09-28T14:45:18.0000989Z   ▫️  usage-history: no testimony found — UNMEASURED, not assumed clean.
2026-09-28T14:45:18.0001668Z   ▫️  consult-receipts: strata marker absent — probe skipped (honest skip, not a pass)
2026-09-28T14:45:18.0002453Z   ▫️  retrieval index: FRESH — 2343 records byte-match the live corpus, so retrieval-first quotes this session's truth.
2026-09-28T14:45:18.0003772Z   ▫️  s295-D2 ENACTED-SHA check SKIPPED — no `knowledge/_rulings.json` in this tree. A fixture tree is not a state the rule has an opinion about.
2026-09-28T14:45:18.0005758Z   ▫️  hook re-check (`s271-D4`): DECLARED SKIP — no Cowork mount matched /sessions/*/mnt and no --path was given — the auto-memory index lives OUTSIDE this repo, so on a non-Cowork tree there is genuinely nothing to grade. The memory store lives OUTSIDE this repo (a Cowork surface); on a tree without it there is genuinely nothing to re-read. This is UNKNOWN, never a pass. Pass an explicit hook path to drive it.
2026-09-28T14:45:18.0007302Z   ▫️  ds-022 continuity: no _GAUGE-LOG.md or no GOOD-MORNING.md — UNMEASURED, not assumed clean.
2026-09-28T14:45:18.0007979Z   ▫️  subs-line: no notes/_GAUGE-LOG.md — UNMEASURED, not assumed clean.
2026-09-28T14:45:18.0008616Z   ▫️  stop-line: knowledge/_RUNBOOK-context-gauge.md absent — UNMEASURED, not passed.
2026-09-28T14:45:18.0009325Z   ▫️  stop-line: knowledge/_RUNBOOK-capture-ritual.md absent — UNMEASURED, not passed.
2026-09-28T14:45:18.0010139Z   ▫️  ds-023 stop line: STATED in all 2 trigger homes (reconciled #54 — the runbook used to contradict itself).
2026-09-28T14:45:18.0011108Z   ▫️  ds-022 (d) unkeyed: no notes/_GAUGE-LOG.md — UNMEASURED, not assumed clean. (An absent file is not a clean file; the M10 refusal pattern.)
2026-09-28T14:45:18.0012132Z   ▫️  roll-claim check: no ★ LATEST banner found — UNMEASURED (a different check already fails the wrap for this state; not re-raised here).
2026-09-28T14:45:18.0013664Z   ▫️  stale-top-item fence: `knowledge/_rulings.json` UNREADABLE (knowledge/_rulings.json does not exist) — the fence is UNMEASURED this wrap. That is NOT the same as 'no owed claim is contradicted'.
2026-09-28T14:45:18.0015073Z   ▫️  2c carry gate: no ★ LATEST + ★ PRIOR pair found — UNMEASURED. ⛔ Not a pass: with one banner there is nothing to carry FROM, and the banner structure itself is graded by other checks.
2026-09-28T14:45:18.0016978Z   ▫️  PRE-FLIGHT stamp: graded in REAL TOKENS (Dave #56 — amber 160,000 · working 320,000 · hard 350,000); the % band's enforcement was RETIRED #74-D3 (history: ledger § #36, runbook ds-023). Whether the fill figure is HONEST is still not observable here — and the wrap term is RING-FENCED at any mid-session re-price (#74-D2, runbook § Half 0b (a′)).
2026-09-28T14:45:18.0018909Z   ▫️  PRE-FLIGHT stamp: FORM checked only. Whether the fill figure is honest, and whether a mid-job re-price actually happened, are NOT observable here — discipline, not enforcement (_RUNBOOK-context-gauge.md § ★ Half 0b).
2026-09-28T14:45:18.0021036Z   ▫️  HONEST SKIP — memory-store checks (MEMORY.md pointers, memory-file fields): outside the repo, invisible to this gate. Session checks them by hand at ritual step 3 (D1a — unenforced by design).
2026-09-28T14:45:18.0022313Z   ▫️  #119 sweep re-checker (s186-D2, pass 6 P1): 21 frozen 'UNPROVEN by this sweep' status string(s) in `_rulings.json` — unchanged. Counted, never rewritten; refuses only on growth.
2026-09-28T14:45:18.0023442Z capture gate [wrap]: 0 in scope · 7 fail · 3 warn
2026-09-28T14:45:18.0024705Z   ⛔ STRUCTURAL GOOD-MORNING.md: no `pre-flight:` stamp — the handoff must carry the estimate the session was priced with (runbook § ★ Half 0b). Form (Dave #56, REAL TOKENS): `pre-flight: boot N (disk N measured · harness ~N est ±N) + job N est + wrap N est = N of 320,000 — BAND`
2026-09-28T14:45:18.0025899Z   ⛔ STRUCTURAL GOOD-MORNING.md: section marker(s) not found (DO-FIRST, §A, §C) — ritual step 2
2026-09-28T14:45:18.0027117Z   ⛔ STRUCTURAL boot-drift: notes/_GAUGE-LOG.md is MISSING — the boot band is DERIVED from that file (`s240-D1`), so with it absent there is no band and nothing to check. This is the #109 condition (a rule with no consumer), not a clean pass.
2026-09-28T14:45:18.0028498Z   ⛔ STRUCTURAL lane-routing: GM §C·1 eager ROUTING line MISSING (⛔ ROUTING) — externalised records without the eager pointer is the cold-session-defaults-onto-Apollo failure
2026-09-28T14:45:18.0030131Z   ⛔ STRUCTURAL TITLE GENERATION: no `knowledge/_gen_titles_receipt.json` found — `python3 knowledge/_gen_titles.py --session <N>` was not run this wrap. RENAME and NEXT-TITLE must be MECHANISED (#120 residual ⓪), never hand-authored prose.
2026-09-28T14:45:18.0031365Z   ▫️  heals-at-wrap: _LIVE-STATE.md: "Last refreshed" zone does not carry today (2026-07-27) — refresh it (ritual steps 1
2026-09-28T14:45:18.0032222Z   ▫️  heals-at-wrap: GOOD-MORNING.md: header date zone does not carry today (2026-07-27) — refresh it (ritual steps 1 / 2
2026-09-28T14:45:18.0033780Z rehearsal [wrap-gate, early]: 5 STRUCTURAL fail(s) — fix NOW, cheap · 2 heals-at-wrap (ritual steps 1/2) · 3 warn(s) (was 3 at the last logged run) (run --wrap for bodies) · logged → notes/_REHEARSAL-LOG.jsonl
2026-09-28T14:45:18.0034719Z capture gate [build]: 0 in scope · 0 fail · 0 warn
2026-09-28T14:45:18.0035398Z   ▫️  #82-D1 real tier UNSUPPRESSED for one probe: observed 'cl100k' (offline/absent — legal, and declared)
2026-09-28T14:45:34.6281563Z _governs: ⬛ DECLARED (#208) — ruling s202-D3 governs the BARE token `knowledge`, which is a real DIRECTORY. Before #208 it matched every path carrying a `knowledge` segment (the too-loose arm, and the reason the negative control and [13] were red); it now governs NOTHING. REACH LOST HERE. Remedy: name the files/symbols it really governs, via `_inscribe_ruling.py` — the only legal writer of _rulings.json. ⛔ That scope is Dave's call, not this gate's.
2026-09-28T14:45:34.6284679Z _governs: ⬛ DECLARED (#208) — ruling s217-D5 governs the BARE token `showroom`, which is a real DIRECTORY. Before #208 it matched every path carrying a `showroom` segment (the too-loose arm, and the reason the negative control and [13] were red); it now governs NOTHING. REACH LOST HERE. Remedy: name the files/symbols it really governs, via `_inscribe_ruling.py` — the only legal writer of _rulings.json. ⛔ That scope is Dave's call, not this gate's.
2026-09-28T14:45:34.6287657Z _governs: ⬛ DECLARED (#208) — ruling s237-D9 governs the BARE token `apollo-spider`, which is a real DIRECTORY. Before #208 it matched every path carrying a `apollo-spider` segment (the too-loose arm, and the reason the negative control and [13] were red); it now governs NOTHING. REACH LOST HERE. Remedy: name the files/symbols it really governs, via `_inscribe_ruling.py` — the only legal writer of _rulings.json. ⛔ That scope is Dave's call, not this gate's.
2026-09-28T14:45:34.6290481Z _governs: ⬛ DECLARED (#208) — ruling s238-D5 governs the BARE token `apollo-spider`, which is a real DIRECTORY. Before #208 it matched every path carrying a `apollo-spider` segment (the too-loose arm, and the reason the negative control and [13] were red); it now governs NOTHING. REACH LOST HERE. Remedy: name the files/symbols it really governs, via `_inscribe_ruling.py` — the only legal writer of _rulings.json. ⛔ That scope is Dave's call, not this gate's.
2026-09-28T14:45:34.6308283Z _governs: ⬛ DECLARED (#208) — 89 `governs` entr(ies) name a DIRECTORY with a path separator; they governed no file BEFORE #208 and govern none after (unchanged, pre-existing under-specification, not a #208 narrowing): dv-2px-separation→knowledge/snippets, opacity-primitives→knowledge/canon, opacity-primitives→knowledge/snippets, showroom-one-bar-chrome→knowledge/snippets/, showroom-one-bar-chrome→showroom/, snippets-pure-canon→knowledge/snippets/, opacity-primitives-4pct→knowledge/, ds-028→knowledge/snippets/, ds-030→knowledge/snippets/, ds-034→knowledge/snippets/, ds-035→knowledge/tokens/themes/, s114-D4→designer-skills-v1/, s114-D4→designer-skills-v2/, s114-D7→memento-package/, s135-D3→knowledge/components/, s193-D1→memento-package/, s198-D1→knowledge/tokens, s198-D2→knowledge/tokens, s199-D1→knowledge/tokens, s199-D2→knowledge/tokens, s199-D3→knowledge/tokens, s200-D1→knowledge/tokens, s200-D2→knowledge/tokens, s200-D3→knowledge/tokens, s200-D4→knowledge/tokens, s201-D1→knowledge/tokens, s201-D2→knowledge/tokens, s201-D3→knowledge/tokens, s201-D4→knowledge/tokens, s201-D5→knowledge/tokens, s202-D1→knowledge/tokens, s202-D2→knowledge/tokens, s216-D1→knowledge/tokens/themes, s217-D2→knowledge/canon, s217-D2→knowledge/tokens/themes, s217-D3→knowledge/canon, s217-D5→knowledge/canon, s219-D4→designer-skills-v1/, s219-D4→designer-skills-v2/, s219-D4→memento-package/, s219-D5→knowledge/_release/, s219-D6→knowledge/_release/, s219-D7→knowledge/_release/, s219-D7→memento-package/, s219-D8→knowledge/_release/, s219-D9→knowledge/_release/, s219-D9→apollo-spider/, s219-D10→knowledge/_release/, s219-D10→apollo-spider/, s237-D7→notes/_briefs, s245-D1→knowledge/components/, s245-D3→knowledge/components/, s245-D4→knowledge/components/, s245-D5→knowledge/components/, s245-D10→knowledge/tokens, s251-D3→knowledge/components/, s251-D4→knowledge/components/, s251-D5→knowledge/components/, s251-D6→knowledge/components/, s251-D7→knowledge/components/, s251-D8→knowledge/components/, s251-D9→knowledge/components/, s251-D10→knowledge/components/, s251-D11→knowledge/components/, s251-D12→knowledge/components/, s260-D3→knowledge/_tests/chart-engine/, s261-D1→knowledge/snippets/, s261-D1→apollo-spider/, s261-D8→showroom/, s261-D8→reviews/, s268-D1→apollo-spider/dist/, s268-D2→apollo-spider/dist/, s268-D3→apollo-spider/dist/, s268-D4→apollo-spider/dist/, s268-D6→knowledge/components/, s273-D1→knowledge/components, s273-D2→knowledge/components, s276-D1→knowledge/compliance/rules, s276-D2→knowledge/compliance/rules, s277-D4→knowledge/assets/logos/, s277-D5→knowledge/components/, s277-D7→knowledge/assets/logos/, s277-D9→knowledge/guidelines/, s277-D10→designer-skills-v2/, s277-D12→knowledge/tokens/, s278-D1→designer-skills-v2/, s279-D1→designer-skills-v2/, s279-D1→knowledge/_release/, s282-D4→knowledge/assets/logos/
2026-09-28T14:45:34.6321702Z _governs: COULD-NOT-ASK — ruling ds-034's evidence `outputs/_FINDING-canon-pri-hover-brand-mono-fork-2026-08-06-v1.md` is excluded by this repo's own .gitignore — no checkout can hold it, so whether it has rotted is UNASKABLE here; the machine that wrote it is where that question has an answer
2026-09-28T14:45:34.6324018Z _governs: COULD-NOT-ASK — ruling ds-034's evidence `outputs/_PARTITION-button-primary-2026-08-06-v1.md` is excluded by this repo's own .gitignore — no checkout can hold it, so whether it has rotted is UNASKABLE here; the machine that wrote it is where that question has an answer
2026-09-28T14:45:34.6325955Z _governs: COULD-NOT-ASK — ruling ds-035's evidence `outputs/_FINDING-canon-pri-hover-brand-mono-fork-2026-08-06-v1.md` is excluded by this repo's own .gitignore — no checkout can hold it, so whether it has rotted is UNASKABLE here; the machine that wrote it is where that question has an answer
2026-09-28T14:45:34.6327667Z _governs: SKIPPED anchor on superseded ruling s129-D1 (superseded_by s171-D1): `knowledge/_gauge_tokens.py#BOOT_FIRSTTURN_TK = 54_859`
2026-09-28T14:45:34.6329017Z _governs: SKIPPED anchor on superseded ruling s129-D1 (superseded_by s171-D1): `knowledge/_gauge_tokens.py#RE-BASED #129, 2026-08-08`
2026-09-28T14:45:34.6330536Z _governs: SKIPPED anchor on superseded ruling s129-D1 (superseded_by s171-D1): `knowledge/_capture_gate.py#if "boot" not in ln.lower():`
2026-09-28T14:45:34.6331886Z _governs: SKIPPED anchor on superseded ruling s129-D1 (superseded_by s171-D1): `notes/_GAUGE-LOG.md##### 2026-08-08 #129`
2026-09-28T14:45:34.6333323Z _governs: SKIPPED anchor on superseded ruling s129-D1 (superseded_by s171-D1): `notes/_MEMENTO-DECISIONS.md#THE BOOT FLOOR IS RE-BASED: 75,899`
2026-09-28T14:45:34.6335115Z _governs: COULD-NOT-ASK — ruling s245-D6's evidence `knowledge/_tmp/l3-245/rename-plan.json` is excluded by this repo's own .gitignore — no checkout can hold it, so whether it has rotted is UNASKABLE here; the machine that wrote it is where that question has an answer
2026-09-28T14:45:34.6335961Z 
2026-09-28T14:45:34.6336151Z -- index freshness (#32) --
2026-09-28T14:45:34.6336648Z [OK] index-freshness: FRESH index passes and reports it (the detectable-when-present half)
2026-09-28T14:45:34.6337345Z [OK] index-freshness: STALE index fails — the #32 defect itself
2026-09-28T14:45:34.6337792Z [OK] index-freshness: ABSENT index fails
2026-09-28T14:45:34.6338297Z [OK] index-freshness: corpus REFUSAL fails and names the offending source (the #30 case)
2026-09-28T14:45:34.6338716Z 
2026-09-28T14:45:34.6338904Z -- rulings page freshness (s263-D10) --
2026-09-28T14:45:34.6339457Z [OK] rulings-freshness: no _rulings.json ⇒ SKIPPED out loud and declared NOT a pass
2026-09-28T14:45:34.6340043Z [OK] rulings-freshness: a never-generated _RULINGS.html FAILS
2026-09-28T14:45:34.6340625Z [OK] rulings-freshness: a FRESH page passes AND reports FRESH (the detectable-when-present half)
2026-09-28T14:45:34.6341335Z [OK] rulings-freshness: a page STALE against the store FAILS, and the failure names the fix command
2026-09-28T14:45:34.6341751Z 
2026-09-28T14:45:34.6341900Z -- stale-top-item fence (s161-D4, #161) --
2026-09-28T14:45:34.6343060Z [OK] stale-top: STALE_TOP_BLOCKING pin is True (BLOCKING at birth, s161-D4 — a flip must land WITH its ruled demotion and edit this pin in the same edit; the M10 pattern)
2026-09-28T14:45:34.6343891Z [OK] stale-top: the REAL #160 claim FAILS (the defect itself)
2026-09-28T14:45:34.6344362Z [OK] stale-top: the fail quotes the CLAIMING LINE verbatim
2026-09-28T14:45:34.6345163Z [OK] stale-top: the fail quotes the STORE's status verbatim
2026-09-28T14:45:34.6345755Z [OK] stale-top: it fires once per surface — GM and the chain both scanned
2026-09-28T14:45:34.6346335Z [OK] stale-top: the note reports the measurement (lines scanned + window), never a remedy
2026-09-28T14:45:34.6347216Z [OK] stale-top: MUTATION: with the owed vocabulary emptied the RED fixture PASSES — the bite above is THIS check's, not some other check's
2026-09-28T14:45:34.6347976Z [OK] stale-top: GREEN: an owed claim on a ruling the store calls NOT ENACTED passes
2026-09-28T14:45:34.6348599Z [OK] stale-top: USE vs MENTION: an owed-shaped clause that cites its own enactment is EXEMPT
2026-09-28T14:45:34.6349254Z [OK] stale-top: SCOPE: the identical sentence in a narrative line is NOT scanned (#77's lesson)
2026-09-28T14:45:34.6349921Z [OK] stale-top: an absent store is UNMEASURED and SAYS SO — never silently green
2026-09-28T14:45:34.6350547Z     ✓ generates against the live repo (no refusal on a healthy tree)
2026-09-28T14:45:34.6351113Z     ✓ carries the GM header+LATEST term VERBATIM (not a summary of it)
2026-09-28T14:45:42.9287618Z ⚠ DUPLICATE HEADING: gm-archive:2b-wave-1-rulings-1-7-unchanged-rule-with-the-above at _GM-ARCHIVE.md:5594 and _GM-ARCHIVE.md:6674
2026-09-28T14:45:42.9289828Z ⚠ DUPLICATE HEADING: gm-archive:3-the-standing-eyeball-set-non-blocking-your-foundations-fir at _GM-ARCHIVE.md:5616 and _GM-ARCHIVE.md:6697
2026-09-28T14:45:42.9291626Z ⚠ DUPLICATE HEADING: gm-archive:4b-queued-button-states-finesse-pass-dave-2026-07-22-not-now at _GM-ARCHIVE.md:5578 and _GM-ARCHIVE.md:6771
2026-09-28T14:45:42.9293456Z ⚠ DUPLICATE HEADING: gm-archive:5-parked-unchanged at _GM-ARCHIVE.md:5589 and _GM-ARCHIVE.md:6782
2026-09-28T14:45:42.9295621Z ⚠ DUPLICATE HEADING: ls-archive:prior-delta-2026-07-26-sun-evening-opus-solo-self-conducting at _LIVE-STATE-ARCHIVE.md:5457 and _LIVE-STATE-ARCHIVE.md:5472
2026-09-28T14:45:42.9297449Z ⚠ DUPLICATE HEADING: component:icon-button at knowledge/_proforma/icon-button.meta.json:1 and knowledge/components/icon-button.meta.json:1
2026-09-28T14:45:43.5324237Z     ✓ carries the LS ⏱ LATEST delta VERBATIM
2026-09-28T14:45:43.5325281Z     ✓ is materially smaller than GOOD-MORNING.md (7,798 vs 34,656 tape (cl100k ESTIMATE), 22.5% of it, floor <40%; tier measured, not assumed: tiktoken cl100k_base)
2026-09-28T14:45:43.5326399Z     ✓ BOTH SIDES OF THE RATIO ARE ON ONE MEASURER — chain `tiktoken cl100k_base` vs GOOD-MORNING `tiktoken cl100k_base`, so the percentage above has a unit
2026-09-28T14:45:43.5327286Z     ✓ STAMP IS EXACT — the published figure equals this file's own measured size
2026-09-28T14:45:43.5327991Z     ✓ published figure is the FILE, not the slice — the two differ and the file is bigger
2026-09-28T14:45:43.5328652Z     ✓ footer NAMES THE UNIT — a bare token count is a defect (ds-021)
2026-09-28T14:45:43.5329216Z     ✓ says GENERATED / DO-NOT-HAND-EDIT at the very top (line 1)
2026-09-28T14:45:43.5329769Z     ✓ tells the reader NOT to open GOOD-MORNING.md to check
2026-09-28T14:45:43.5330330Z     ✓ names retrieval as the door for everything else
2026-09-28T14:45:43.5330889Z     ✓ the {{BUILD_VERDICT}} marker NEVER leaks into the chain unrendered
2026-09-28T14:45:43.5331497Z     ✓ BUILD-STEP FIGURE IS RE-DERIVED AND MATCHES DISK (154 steps, measured now)
2026-09-28T14:45:43.5332181Z     ✓ the plant planted — a verdict figure was moved off disk (else the next bite is vacuous)
2026-09-28T14:45:43.5333149Z     ✓ a WRONG verdict figure is CAUGHT even with the true count elsewhere in the file
2026-09-28T14:45:43.5333732Z     ✓ step labels are 1:1 with rows (no duplicates)
2026-09-28T14:45:43.5334268Z     ✓ with NO run record the line says the green count is NOT DERIVABLE
2026-09-28T14:45:43.5334914Z     ✓ …and it names the remedy instead of a number (`_build_survey.py`)
2026-09-28T14:45:43.5335511Z     ✓ …and it re-stamps NOTHING — the old pinned 75-of-N form cannot reappear
2026-09-28T14:45:43.5336381Z     ✓ …and it names BOTH rulings, so the next session cannot 'helpfully' type it
2026-09-28T14:45:43.5337013Z     ✓ with a record the GREEN COUNT IS THE RUN'S, not len(STEPS) at a pinned sha
2026-09-28T14:45:43.5337658Z     ✓ a run of the SAME-sized build declares no size difference (no false alarm)
2026-09-28T14:45:43.5338248Z     ✓ a run of a SMALLER build: the total is STILL disk's, never the run's
2026-09-28T14:45:43.5338958Z     ✓ …and the size difference is DECLARED, naming both counts
2026-09-28T14:45:43.5339531Z     ✓ …and the steps the run never saw are counted in NO record, never green
2026-09-28T14:45:43.5340236Z     ✓ a run of a LARGER build: total is disk's and the vanished steps are DECLARED
2026-09-28T14:45:43.5340923Z     ✓ the run's sha and date are published beside it (an unattributed verdict is not a verdict)
2026-09-28T14:45:43.5341603Z     ✓ a stale record DECLARES itself against HEAD rather than passing as current
2026-09-28T14:45:43.5342231Z     ✓ steps in NO record are called out — never asked is never green
2026-09-28T14:45:43.5342917Z     ✓ the #62 clause SURVIVES as its own fact, generated from its own AST
2026-09-28T14:45:43.5343528Z     ✓ an absent STEPS assignment REFUSES BY NAME (never returns a count)
2026-09-28T14:45:43.5344147Z     ✓ a NON-LITERAL STEPS refuses rather than counting something else
2026-09-28T14:45:43.5344789Z     ✓ TITLE BLOCK IS FIRST — above the verbatim GM slice (position was the defect)
2026-09-28T14:45:43.5345439Z     ✓ DETERMINISTIC — two builds of an unchanged tree are byte-identical
2026-09-28T14:45:43.5346520Z   ✅ _CHAIN.md: 7,737 tiktoken cl100k_base · GM header+LATEST 5375 tk · LS LATEST delta only (of 36 delta lines) 1511 tk · FILE 7,737 tiktoken cl100k_base = slice 6,886 + wrapper 851 · fixed point in 2 pass(es)
2026-09-28T14:45:43.5348130Z   ✅ _CHAIN.md is FRESH — byte-matches the live chain · GM header+LATEST 5375 tk · LS LATEST delta only (of 36 delta lines) 1511 tk · FILE 7,737 tiktoken cl100k_base = slice 6,886 + wrapper 851 · fixed point in 2 pass(es)
2026-09-28T14:45:43.5349665Z     ✓ --check PASSES on a freshly generated file
2026-09-28T14:45:43.5350719Z   ✅ _CHAIN.md: 7,862 tiktoken cl100k_base · GM header+LATEST 5500 tk · LS LATEST delta only (of 36 delta lines) 1511 tk · FILE 7,862 tiktoken cl100k_base = slice 7,011 + wrapper 851 · fixed point in 2 pass(es)
2026-09-28T14:45:43.5351877Z     ✓ the fixture really was generated at another sha (a plant that did not plant would make every bite below vacuous)
2026-09-28T14:45:43.5352960Z     ✓ the fixture DIFFERS from a fresh render — i.e. the old byte comparison WOULD have called this stale, which is the defect being fixed
2026-09-28T14:45:43.5354682Z     ✓ --check is GREEN on a HEAD-ONLY advance — the chain's own content still matches GOOD-MORNING.md / _LIVE-STATE.md
2026-09-28T14:45:43.5355940Z     ✓ and it SAYS SO, naming BOTH shas — the honest comparison stays visible rather than being normalised into silence
2026-09-28T14:45:43.5357317Z     ✓ a HEAD-only advance is NEVER called FRESH without the qualifier (a bare FRESH would claim the file matches a fresh render, which it does not)
2026-09-28T14:45:43.5358825Z     ✓ REAL content staleness is STILL RED even when HEAD has also advanced — the re-ask does not launder drift
2026-09-28T14:45:43.5359817Z     ✓ and it is called STALE, not could-not-ask — real drift is a content verdict
2026-09-28T14:45:43.5360712Z     ✓ a PRE-SET head pin makes --check REFUSE (could-not-ask), never pass
2026-09-28T14:45:43.5361723Z     ✓ the environment refusal does NOT call it STALE either — it is a measurement refusal, not a content verdict
2026-09-28T14:45:43.5363454Z   ✅ _CHAIN.md: 7,862 tiktoken cl100k_base · GM header+LATEST 5500 tk · LS LATEST delta only (of 36 delta lines) 1511 tk · FILE 7,862 tiktoken cl100k_base = slice 7,011 + wrapper 851 · fixed point in 2 pass(es)
2026-09-28T14:45:43.5365573Z   ✅ _CHAIN.md is FRESH — byte-matches the live chain · GM header+LATEST 5500 tk · LS LATEST delta only (of 36 delta lines) 1511 tk · FILE 7,862 tiktoken cl100k_base = slice 7,011 + wrapper 851 · fixed point in 2 pass(es)
2026-09-28T14:45:43.5367242Z     ✓ tree restored — the SAME fresh tree reports FRESH again, unharmed by the arms above
2026-09-28T14:45:43.5368212Z     ✓ --check on a degraded instrument still exits non-zero (refuses, not a silent pass)
2026-09-28T14:45:43.5369441Z     ✓ --check's message does NOT call it STALE — that misnames a measurement problem as a content problem (the #58 defect, reproduced here)
2026-09-28T14:45:43.5370547Z     ✓ --check's message names the DEGRADED INSTRUMENT so the cause is legible
2026-09-28T14:45:43.5372085Z   ✅ _CHAIN.md is FRESH — byte-matches the live chain · GM header+LATEST 5500 tk · LS LATEST delta only (of 36 delta lines) 1511 tk · FILE 7,862 tiktoken cl100k_base = slice 7,011 + wrapper 851 · fixed point in 2 pass(es)
2026-09-28T14:45:43.5373697Z     ✓ instrument restored — the SAME fresh tree reports FRESH again, unharmed
2026-09-28T14:45:43.5374958Z     ✓ the freshly written chain carries a READABLE unit stamp (the clause has something to compare — an unreadable stamp would make the arm below vacuous)
2026-09-28T14:45:43.5376359Z     ✓ the stamp mutation actually changed the file (a plant that did not plant would make every bite below an assertion)
2026-09-28T14:45:43.5377348Z     ✓ stamped_tier() reads the MUTATED stamp back as the other tier
2026-09-28T14:45:43.5378191Z     ✓ --check on a tier divergence exits non-zero (refuses, never a silent pass)
2026-09-28T14:45:43.5379034Z     ✓ --check exits the COULD-NOT-ASK code (77), not the failure code
2026-09-28T14:45:43.5379663Z     ✓ --check calls it COULD-NOT-ASK
2026-09-28T14:45:43.5380189Z     ✓ the refusal's first marked line is machine-readable by `cna.reason_in`
2026-09-28T14:45:43.5381004Z     ✓ --check does NOT call it STALE — a tier divergence is a measurement problem and naming it staleness is the #173 defect, reproduced here
2026-09-28T14:45:43.5382070Z     ✓ the refusal NAMES BOTH TIERS, so a reader can see which two instruments disagreed rather than being handed a shrug
2026-09-28T14:45:43.5383232Z     ✓ --check on an UNREADABLE stamp refuses with the convention's code
2026-09-28T14:45:43.5384370Z     ✓ --check calls an unreadable stamp COULD-NOT-ASK, not STALE
2026-09-28T14:45:43.5386035Z   ✅ _CHAIN.md is FRESH — byte-matches the live chain · GM header+LATEST 5500 tk · LS LATEST delta only (of 36 delta lines) 1511 tk · FILE 7,862 tiktoken cl100k_base = slice 7,011 + wrapper 851 · fixed point in 2 pass(es)
2026-09-28T14:45:43.5387644Z     ✓ stamp restored — the SAME tree reports FRESH again, so the clause does not false-fire on an agreeing stamp
2026-09-28T14:45:43.5389415Z   ✗ _CHAIN.md is STALE — it does not match GOOD-MORNING.md / _LIVE-STATE.md as they now stand, so a cold session would read a PREVIOUS session's record as if it were current. Run `python3 knowledge/_gen_chain.py` and stage the result.
2026-09-28T14:45:43.5390933Z     ✓ --check FAILS on a hand-edited file (the stale-record class)
2026-09-28T14:45:43.5392136Z     ✓ and that failure is a FAILURE, not a refusal — a real staleness on the reachable tier still exits 1, so the COULD-NOT-ASK path did not swallow the gate
2026-09-28T14:45:43.5393557Z   ✗ _CHAIN.md is MISSING — run `python3 knowledge/_gen_chain.py` and stage it
2026-09-28T14:45:43.5394354Z     ✓ --check FAILS when the file is missing entirely
2026-09-28T14:45:43.5395132Z     ✓ REFUSES a STALE title (title #N == ★ LATEST #N, the skipped-mint state)
2026-09-28T14:45:43.5395936Z     ✓ REFUSES (with a reason) when GM has no ★ LATEST banner — no cheerful blank
2026-09-28T14:45:43.5396428Z   ✅ _gen_chain selftest: all bites pass
2026-09-28T14:45:43.5397695Z   ⛔ STRUCTURAL GOOD-MORNING.md: no `pre-flight:` stamp — the handoff must carry the estimate the session was priced with (runbook § ★ Half 0b). Form (Dave #56, REAL TOKENS): `pre-flight: boot N (disk N measured · harness ~N est ±N) + job N est + wrap N est = N of 320,000 — BAND`
2026-09-28T14:45:43.5398912Z   ⛔ STRUCTURAL GOOD-MORNING.md: section marker(s) not found (DO-FIRST, §A, §C) — ritual step 2
2026-09-28T14:45:43.8555993Z ⚠ DUPLICATE HEADING: gm-archive:2b-wave-1-rulings-1-7-unchanged-rule-with-the-above at _GM-ARCHIVE.md:5594 and _GM-ARCHIVE.md:6674
2026-09-28T14:45:43.8557904Z ⚠ DUPLICATE HEADING: gm-archive:3-the-standing-eyeball-set-non-blocking-your-foundations-fir at _GM-ARCHIVE.md:5616 and _GM-ARCHIVE.md:6697
2026-09-28T14:45:43.8560177Z ⚠ DUPLICATE HEADING: gm-archive:4b-queued-button-states-finesse-pass-dave-2026-07-22-not-now at _GM-ARCHIVE.md:5578 and _GM-ARCHIVE.md:6771
2026-09-28T14:45:43.8561816Z ⚠ DUPLICATE HEADING: gm-archive:5-parked-unchanged at _GM-ARCHIVE.md:5589 and _GM-ARCHIVE.md:6782
2026-09-28T14:45:43.8564794Z ⚠ DUPLICATE HEADING: ls-archive:prior-delta-2026-07-26-sun-evening-opus-solo-self-conducting at _LIVE-STATE-ARCHIVE.md:5457 and _LIVE-STATE-ARCHIVE.md:5472
2026-09-28T14:45:43.8566565Z ⚠ DUPLICATE HEADING: component:icon-button at knowledge/_proforma/icon-button.meta.json:1 and knowledge/components/icon-button.meta.json:1
2026-09-28T14:45:44.7888111Z ⚠ DUPLICATE HEADING: gm-archive:2b-wave-1-rulings-1-7-unchanged-rule-with-the-above at _GM-ARCHIVE.md:5594 and _GM-ARCHIVE.md:6674
2026-09-28T14:45:44.7890000Z ⚠ DUPLICATE HEADING: gm-archive:3-the-standing-eyeball-set-non-blocking-your-foundations-fir at _GM-ARCHIVE.md:5616 and _GM-ARCHIVE.md:6697
2026-09-28T14:45:44.7892298Z ⚠ DUPLICATE HEADING: gm-archive:4b-queued-button-states-finesse-pass-dave-2026-07-22-not-now at _GM-ARCHIVE.md:5578 and _GM-ARCHIVE.md:6771
2026-09-28T14:45:44.7894074Z ⚠ DUPLICATE HEADING: gm-archive:5-parked-unchanged at _GM-ARCHIVE.md:5589 and _GM-ARCHIVE.md:6782
2026-09-28T14:45:44.7895780Z ⚠ DUPLICATE HEADING: ls-archive:prior-delta-2026-07-26-sun-evening-opus-solo-self-conducting at _LIVE-STATE-ARCHIVE.md:5457 and _LIVE-STATE-ARCHIVE.md:5472
2026-09-28T14:45:44.7898103Z ⚠ DUPLICATE HEADING: component:icon-button at knowledge/_proforma/icon-button.meta.json:1 and knowledge/components/icon-button.meta.json:1
2026-09-28T14:45:45.4664827Z   ⛔ STRUCTURAL boot-drift: notes/_GAUGE-LOG.md is MISSING — the boot band is DERIVED from that file (`s240-D1`), so with it absent there is no band and nothing to check. This is the #109 condition (a rule with no consumer), not a clean pass.
2026-09-28T14:45:45.4666393Z   ⛔ STRUCTURAL lane-routing: GM §C·1 eager ROUTING line MISSING (⛔ ROUTING) — externalised records without the eager pointer is the cold-session-defaults-onto-Apollo failure
2026-09-28T14:45:45.4668086Z   ⛔ STRUCTURAL TITLE GENERATION: no `knowledge/_gen_titles_receipt.json` found — `python3 knowledge/_gen_titles.py --session <N>` was not run this wrap. RENAME and NEXT-TITLE must be MECHANISED (#120 residual ⓪), never hand-authored prose.
2026-09-28T14:45:45.4669323Z   ▫️  heals-at-wrap: _LIVE-STATE.md: "Last refreshed" zone does not carry today (2026-07-27) — refresh it (ritual steps 1
2026-09-28T14:45:45.4670211Z   ▫️  heals-at-wrap: GOOD-MORNING.md: header date zone does not carry today (2026-07-27) — refresh it (ritual steps 1 / 2
2026-09-28T14:45:45.4671560Z rehearsal [wrap-gate, early]: 5 STRUCTURAL fail(s) — fix NOW, cheap · 2 heals-at-wrap (ritual steps 1/2) · 3 warn(s) (run --wrap for bodies) · logged → notes/_REHEARSAL-LOG.jsonl
2026-09-28T14:45:45.4673360Z   ❌ FAIL GOOD-MORNING.md: no `pre-flight:` stamp — the handoff must carry the estimate the session was priced with (runbook § ★ Half 0b). Form (Dave #56, REAL TOKENS): `pre-flight: boot N (disk N measured · harness ~N est ±N) + job N est + wrap N est = N of 320,000 — BAND`
2026-09-28T14:45:45.4674571Z   ❌ FAIL GOOD-MORNING.md: section marker(s) not found (DO-FIRST, §A, §C) — ritual step 2
2026-09-28T14:45:45.4675709Z   ❌ FAIL boot-drift: notes/_GAUGE-LOG.md is MISSING — the boot band is DERIVED from that file (`s240-D1`), so with it absent there is no band and nothing to check. This is the #109 condition (a rule with no consumer), not a clean pass.
2026-09-28T14:45:45.4677015Z   ❌ FAIL lane-routing: GM §C·1 eager ROUTING line MISSING (⛔ ROUTING) — externalised records without the eager pointer is the cold-session-defaults-onto-Apollo failure
2026-09-28T14:45:45.4678537Z   ❌ FAIL TITLE GENERATION: no `knowledge/_gen_titles_receipt.json` found — `python3 knowledge/_gen_titles.py --session <N>` was not run this wrap. RENAME and NEXT-TITLE must be MECHANISED (#120 residual ⓪), never hand-authored prose.
2026-09-28T14:45:45.4680384Z   ❌ FAIL _LIVE-STATE.md: "Last refreshed" zone does not carry today (2026-07-27) — refresh it (ritual steps 1 / 2) before closing
2026-09-28T14:45:45.4681327Z   ❌ FAIL GOOD-MORNING.md: header date zone does not carry today (2026-07-27) — refresh it (ritual steps 1 / 2) before closing
2026-09-28T14:45:45.4683149Z   ⚠️  WARNS 3 UNCHANGED warn(s) since the rehearse record of 2026-07-27 — NAMED, bodies suppressed (`s241-D2`); run `python3 knowledge/_capture_gate.py --wrap --warns-full` for the bodies: B2 PLAN BLOCK check SKIPPED — no `_CHAIN.md` under /tmp/ · ⛔ INSTRUMENT-STRAY GATE DID NOT RUN for `knowledge/asset · SHARED HELPER: the dedup comparer DID NOT RUN — `git ls-
2026-09-28T14:45:45.4684771Z   ▫️  s263-D10 RULINGS PAGE check SKIPPED — no `knowledge/_rulings.json` under /tmp/tmpxzpgzrt4, so this is not a state tree. NOT a pass.
2026-09-28T14:45:45.4685764Z   ▫️  REGISTER↔STORE JOIN SKIPPED — register not present under /tmp/tmpxzpgzrt4. NOT a pass: the join was not made here.
2026-09-28T14:45:45.4686845Z   ▫️  REGEN SERIAL SKIPPED — the serial's own home is unreadable (no `knowledge/_build_all.py` under this tree). NOT a pass: the ordered set was never read, so nothing was compared.
2026-09-28T14:45:45.4687985Z   ▫️  FILED SUB-REPORTS: no `notes/_subreports/` under /tmp/tmpxzpgzrt4 — nothing filed here, so nothing to cite. NOT a pass: the check did not run.
2026-09-28T14:45:45.4688967Z   ▫️  FILED SUB-REPORT LINES: no `notes/_subreports/` under /tmp/tmpxzpgzrt4 — nothing filed here. NOT a pass: the check did not run.
2026-09-28T14:45:45.4689855Z   ▫️  · no `_to_delete/` in this tree — nothing held, nothing to age.
2026-09-28T14:45:45.4691185Z   ▫️  memory-cap: DID NOT RUN — no Cowork mount matched /sessions/*/mnt and no --path was given — the auto-memory index lives OUTSIDE this repo, so on a non-Cowork tree there is genuinely nothing to grade. This is UNKNOWN, not a pass: the auto-memory index is a Cowork surface outside this repo.
2026-09-28T14:45:45.4692421Z   ▫️  section-usage: strata marker absent — probe skipped (honest skip, not a pass)
2026-09-28T14:45:45.4693256Z   ▫️  usage-history: no testimony found — UNMEASURED, not assumed clean.
2026-09-28T14:45:45.4693898Z   ▫️  consult-receipts: strata marker absent — probe skipped (honest skip, not a pass)
2026-09-28T14:45:45.4694690Z   ▫️  retrieval index: FRESH — 2343 records byte-match the live corpus, so retrieval-first quotes this session's truth.
2026-09-28T14:45:45.4695673Z   ▫️  s295-D2 ENACTED-SHA check SKIPPED — no `knowledge/_rulings.json` in this tree. A fixture tree is not a state the rule has an opinion about.
2026-09-28T14:45:45.4697688Z   ▫️  hook re-check (`s271-D4`): DECLARED SKIP — no Cowork mount matched /sessions/*/mnt and no --path was given — the auto-memory index lives OUTSIDE this repo, so on a non-Cowork tree there is genuinely nothing to grade. The memory store lives OUTSIDE this repo (a Cowork surface); on a tree without it there is genuinely nothing to re-read. This is UNKNOWN, never a pass. Pass an explicit hook path to drive it.
2026-09-28T14:45:45.4699279Z   ▫️  ds-022 continuity: no _GAUGE-LOG.md or no GOOD-MORNING.md — UNMEASURED, not assumed clean.
2026-09-28T14:45:45.4699917Z   ▫️  subs-line: no notes/_GAUGE-LOG.md — UNMEASURED, not assumed clean.
2026-09-28T14:45:45.4700588Z   ▫️  stop-line: knowledge/_RUNBOOK-context-gauge.md absent — UNMEASURED, not passed.
2026-09-28T14:45:45.4701320Z   ▫️  stop-line: knowledge/_RUNBOOK-capture-ritual.md absent — UNMEASURED, not passed.
2026-09-28T14:45:45.4702108Z   ▫️  ds-023 stop line: STATED in all 2 trigger homes (reconciled #54 — the runbook used to contradict itself).
2026-09-28T14:45:45.4703165Z   ▫️  ds-022 (d) unkeyed: no notes/_GAUGE-LOG.md — UNMEASURED, not assumed clean. (An absent file is not a clean file; the M10 refusal pattern.)
2026-09-28T14:45:45.4704168Z   ▫️  roll-claim check: no ★ LATEST banner found — UNMEASURED (a different check already fails the wrap for this state; not re-raised here).
2026-09-28T14:45:45.4705337Z   ▫️  stale-top-item fence: `knowledge/_rulings.json` UNREADABLE (knowledge/_rulings.json does not exist) — the fence is UNMEASURED this wrap. That is NOT the same as 'no owed claim is contradicted'.
2026-09-28T14:45:45.4706653Z   ▫️  2c carry gate: no ★ LATEST + ★ PRIOR pair found — UNMEASURED. ⛔ Not a pass: with one banner there is nothing to carry FROM, and the banner structure itself is graded by other checks.
2026-09-28T14:45:45.4708430Z   ▫️  PRE-FLIGHT stamp: graded in REAL TOKENS (Dave #56 — amber 160,000 · working 320,000 · hard 350,000); the % band's enforcement was RETIRED #74-D3 (history: ledger § #36, runbook ds-023). Whether the fill figure is HONEST is still not observable here — and the wrap term is RING-FENCED at any mid-session re-price (#74-D2, runbook § Half 0b (a′)).
2026-09-28T14:45:45.4710283Z   ▫️  PRE-FLIGHT stamp: FORM checked only. Whether the fill figure is honest, and whether a mid-job re-price actually happened, are NOT observable here — discipline, not enforcement (_RUNBOOK-context-gauge.md § ★ Half 0b).
2026-09-28T14:45:45.4711700Z   ▫️  HONEST SKIP — memory-store checks (MEMORY.md pointers, memory-file fields): outside the repo, invisible to this gate. Session checks them by hand at ritual step 3 (D1a — unenforced by design).
2026-09-28T14:45:45.4713196Z   ▫️  #119 sweep re-checker (s186-D2, pass 6 P1): 21 frozen 'UNPROVEN by this sweep' status string(s) in `_rulings.json` — unchanged. Counted, never rewritten; refuses only on growth.
2026-09-28T14:45:45.4714204Z capture gate [wrap]: 0 in scope · 7 fail · 3 warn
2026-09-28T14:45:45.4715063Z   ❌ FAIL notes/2026-07-26-bad-date.md: `provenance:` carries no parseable YYYY-MM-DD date (take it from `date`, never from belief — T-D12)
2026-09-28T14:45:45.4716077Z   ❌ FAIL notes/2026-07-26-missing-status.md: missing `status:` line (vocab: floated | inferred | observed | ruled | standing)
2026-09-28T14:45:45.4717045Z   ❌ FAIL notes/2026-07-26-ruled-no-pointer.md: `status: ruled` names no ledger — promotion is Dave's alone and must point at its ledger/ADR entry
2026-09-28T14:45:45.4718015Z   ❌ FAIL notes/2026-07-26-unknown-status.md: unknown status `vibes` (vocab: floated | inferred | observed | ruled | standing)
2026-09-28T14:45:45.4718684Z capture gate [build]: 5 in scope · 4 fail · 0 warn
2026-09-28T14:45:45.4719448Z   ❌ FAIL notes/2026-07-26-bad-date.md: `provenance:` carries no parseable YYYY-MM-DD date (take it from `date`, never from belief — T-D12)
2026-09-28T14:45:45.4720392Z   ❌ FAIL notes/2026-07-26-missing-status.md: missing `status:` line (vocab: floated | inferred | observed | ruled | standing)
2026-09-28T14:45:45.4721340Z   ❌ FAIL notes/2026-07-26-ruled-no-pointer.md: `status: ruled` names no ledger — promotion is Dave's alone and must point at its ledger/ADR entry
2026-09-28T14:45:45.4722389Z   ❌ FAIL notes/2026-07-26-unknown-status.md: unknown status `vibes` (vocab: floated | inferred | observed | ruled | standing)
2026-09-28T14:45:45.4723677Z   ⚠️  WARN B2 PLAN BLOCK check SKIPPED — no `_CHAIN.md` under /tmp/tmp_fbmvsli, so this is not a state tree. NOT a pass: the seam was not graded here.
2026-09-28T14:45:45.4724802Z   ⚠️  WARN ⛔ INSTRUMENT-STRAY GATE DID NOT RUN for `knowledge/assets` (git exit 128: fatal: not a git repository (or any of the parent directories): .git) — UNKNOWN, not clean.
2026-09-28T14:45:45.4725967Z   ⚠️  WARN SHARED HELPER: the dedup comparer DID NOT RUN — `git ls-files` could not answer under /tmp/tmp_fbmvsli. UNKNOWN, not a single implementation.
2026-09-28T14:45:45.4726987Z   ▫️  s263-D10 RULINGS PAGE check SKIPPED — no `knowledge/_rulings.json` under /tmp/tmp_fbmvsli, so this is not a state tree. NOT a pass.
2026-09-28T14:45:45.4727926Z   ▫️  REGISTER↔STORE JOIN SKIPPED — register not present under /tmp/tmp_fbmvsli. NOT a pass: the join was not made here.
2026-09-28T14:45:45.4729010Z   ▫️  REGEN SERIAL SKIPPED — the serial's own home is unreadable (no `knowledge/_build_all.py` under this tree). NOT a pass: the ordered set was never read, so nothing was compared.
2026-09-28T14:45:45.4730114Z   ▫️  FILED SUB-REPORTS: no `notes/_subreports/` under /tmp/tmp_fbmvsli — nothing filed here, so nothing to cite. NOT a pass: the check did not run.
2026-09-28T14:45:45.4731105Z   ▫️  FILED SUB-REPORT LINES: no `notes/_subreports/` under /tmp/tmp_fbmvsli — nothing filed here. NOT a pass: the check did not run.
2026-09-28T14:45:45.4731848Z   ▫️  · no `_to_delete/` in this tree — nothing held, nothing to age.
2026-09-28T14:45:45.4733287Z   ▫️  memory-cap: DID NOT RUN — no Cowork mount matched /sessions/*/mnt and no --path was given — the auto-memory index lives OUTSIDE this repo, so on a non-Cowork tree there is genuinely nothing to grade. This is UNKNOWN, not a pass: the auto-memory index is a Cowork surface outside this repo.
2026-09-28T14:45:45.4734846Z   ▫️  LANE WRAP (--lane, S-D2): GOOD-MORNING header check SKIPPED — lane sessions are ruled outside the GM queue; _LIVE-STATE §🔀 is their record and its check still bites.
2026-09-28T14:45:45.4735895Z   ▫️  LANE WRAP: pre-flight-stamp check SKIPPED too — the stamp lives in GOOD-MORNING.md, which lane sessions do not write.
2026-09-28T14:45:45.4737407Z   ▫️  LANE WRAP: section growth contracts (2e/2f), the banner/§A/chain budgets, the retirement-receipts proxy, the section-usage probe, the consult-receipt probe and the lane-routing check are all SKIPPED — same reason. A lane session cannot be charged for a file it is ruled out of writing.
2026-09-28T14:45:45.4739087Z   ▫️  LANE WRAP: the #32 retrieval-index freshness check is SKIPPED — a lane session does not write GM/LS, so it cannot stale the index. ⚠ If lanes ever gain a write path into either file, this exemption must go with it.
2026-09-28T14:45:45.4740321Z   ▫️  LANE WRAP: the roll-claim check (T2, #77) is SKIPPED too — same reason, the residual it grades lives in GOOD-MORNING.md.
2026-09-28T14:45:45.4741729Z   ▫️  LANE WRAP: the stale-top-item fence (s161-D4, #161) is SKIPPED — its scope is the `residual → #N` home in the GOOD-MORNING/_CHAIN ★ LATEST banners, which lane sessions do not write. ⚠ If lanes ever gain a hand-off line of their own, this exemption must go with it.
2026-09-28T14:45:45.4743359Z   ▫️  HONEST SKIP — memory-store checks (MEMORY.md pointers, memory-file fields): outside the repo, invisible to this gate. Session checks them by hand at ritual step 3 (D1a — unenforced by design).
2026-09-28T14:45:45.4744695Z   ▫️  #119 sweep re-checker (s186-D2, pass 6 P1): 21 frozen 'UNPROVEN by this sweep' status string(s) in `_rulings.json` — unchanged. Counted, never rewritten; refuses only on growth.
2026-09-28T14:45:45.4745498Z capture gate [wrap]: 5 in scope · 4 fail · 3 warn
2026-09-28T14:45:45.4746138Z   ⊘ capture-gate selftest: every reachable arm passed; 4 arm(s) could not be asked in this checkout
2026-09-28T14:45:45.4751312Z COULD-NOT-ASK: _capture_gate.py --selftest — 4 arm(s) read an input this checkout cannot hold — trigger index: ruling ds-034's evidence `outputs/_FINDING-canon-pri-hover-brand-mono-fork-2026-08-06-v1.md` is excluded by this repo's own .gitignore — no checkout can hold it, so whether it has rotted is UNASKABLE here; the machine that wrote it is where that question has an answer · trigger index: ruling ds-034's evidence `outputs/_PARTITION-button-primary-2026-08-06-v1.md` is excluded by this repo's own .gitignore — no checkout can hold it, so whether it has rotted is UNASKABLE here; the machine that wrote it is where that question has an answer · trigger index: ruling ds-035's evidence `outputs/_FINDING-canon-pri-hover-brand-mono-fork-2026-08-06-v1.md` is excluded by this repo's own .gitignore — no checkout can hold it, so whether it has rotted is UNASKABLE here; the machine that wrote it is where that question has an answer · trigger index: ruling s245-D6's evidence `knowledge/_tmp/l3-245/rename-plan.json` is excluded by this repo's own .gitignore — no checkout can hold it, so whether it has rotted is UNASKABLE here; the machine that wrote it is where that question has an answer ⇒ THIS IS NOT A SKIP: every other arm passed here, and these arms have their proof of record on a tree that carries the ignored artefacts (a working session's own repo), never on a bare clone.
2026-09-28T14:45:45.7961681Z _gauge_tokens.py selftest OK -- counting path exact on 5 fixtures; cache hit fidelity + content-hash keying + corrupt-file robustness all bite; degraded-measurement honesty holds; band/floor guard logic verified relative to the live constants.
2026-09-28T14:45:45.9131230Z   ✅ _roll_state.py selftest: green control renders exactly; every corrupted surface refuses named; every OVER state bites
2026-09-28T14:45:57.4898272Z == _test_git_commit.py selftest — real script: /home/runner/work/UX-design/UX-design/knowledge/_git_commit.sh (81371 bytes) ==
2026-09-28T14:45:57.4899424Z   PASS  happy_path_commit_lands
2026-09-28T14:45:57.4900138Z   PASS  nonwrap_headline_after_prefix_78D3
2026-09-28T14:45:57.4900639Z   PASS  wrap_headline_no_prefix
2026-09-28T14:45:57.4901113Z   PASS  cap_120_applied_after_prefix
2026-09-28T14:45:57.4901648Z   PASS  warn_split_red_gate_plain_commit_lands
2026-09-28T14:45:57.4902194Z   PASS  warn_split_red_gate_wrap_blocks
2026-09-28T14:45:57.4902964Z   PASS  spine_consumer_warn_plain_78D2
2026-09-28T14:45:57.4903514Z   PASS  spine_consumer_wrap_blocks_78D2
2026-09-28T14:45:57.4903927Z   PASS  gen_chain_check_refusal_pre_stage
2026-09-28T14:45:57.4904304Z   PASS  missing_msgfile_refused
2026-09-28T14:45:57.4904696Z   PASS  empty_msgfile_refused
2026-09-28T14:45:57.4905043Z   PASS  no_args_refused
2026-09-28T14:45:57.4905369Z   PASS  not_reconciled_refused
2026-09-28T14:45:57.4905725Z   PASS  stale_index_lock_moved_aside
2026-09-28T14:45:57.4906352Z   PASS  banner_fallback_note_printed
2026-09-28T14:45:57.4906717Z   PASS  missing_banner_fails_loud
2026-09-28T14:45:57.4907148Z   PASS  wrap_undeclared_session_blocks_120
2026-09-28T14:45:57.4907534Z   PASS  wrap_session_witness_refusal_blocks_120
2026-09-28T14:45:57.4907942Z   PASS  subject_fold_blank_line_inserted_124
2026-09-28T14:45:57.4908580Z   PASS  MUTATION_blank_insert_removed_bites_124 — went RED as required: exit 1; out tail: }
2026-09-28T14:45:57.4909094Z  1 file changed, 1 insertion(+)
2026-09-28T14:45:57.4909485Z  create mode 100644 work.txt
2026-09-28T14:45:57.4910185Z — committed: 34648fb after #77 2026-09-28 — PLACEHOLDER-HEADLINE {"date":"x","fails":0,"kind":"rehearse"} {"date":"x","fails":0,"ki
2026-09-28T14:45:57.4911356Z ✗ commit subject is 292 chars (cap 200) — the 0eacf2d subject-fold class: no blank line after the headline, so git folded the body into %s. The commit LANDED; fix the msgfile and amend BEFORE Dave pushes.
2026-09-28T14:45:57.4912028Z 
2026-09-28T14:45:57.4912779Z   PASS  MUTATION_prefix_stripped_bites — went RED as required: exit 1; out tail: = 0 (must be exactly 1) — the doubled-subject class (#208, 8 documented instances).
2026-09-28T14:45:57.4913565Z     git %s : PLACEHOLDER-HEADLINE-to-be-replaced-by-T3
2026-09-28T14:45:57.4914269Z   0 means T3's prefix never reached the subject (check --cleanup=verbatim survived);
2026-09-28T14:45:57.4914861Z   2+ means a msgfile was reused and the prefix stacked. The commit LANDED: fix the
2026-09-28T14:45:57.4915469Z   msgfile (FRESH file, fresh printf) and 'git commit --amend -F <fresh>' BEFORE Dave pushes.
2026-09-28T14:45:57.4915863Z 
2026-09-28T14:45:57.4916387Z   PASS  MUTATION_lockclear_removed_bites — went RED as required: pre-existing index.lock blocked the run (exit 1); out tail: 0
2026-09-28T14:45:57.4917000Z — session witness agrees (#77)
2026-09-28T14:45:57.4917394Z STUB _capture_gate.py args=['--wrap'] exit=0
2026-09-28T14:45:57.4917878Z — wrap gate green (mid-session commit, DECLARED not-a-wrap)
2026-09-28T14:45:57.4918341Z STUB _build_live_state.py args=['--selftest'] exit=0
2026-09-28T14:45:57.4918914Z — spine-writer selftest green (mid-session commit, DECLARED not-a-wrap)
2026-09-28T14:45:57.4919541Z — T3 headline: after #77 2026-09-28 — PLACEHOLDER-HEADLINE-to-be-replaced-by-T3
2026-09-28T14:45:57.4920127Z ✗ lock survived the mv-aside — do NOT stage; investigate
2026-09-28T14:45:57.4920407Z 
2026-09-28T14:45:57.4920600Z   PASS  declare_dirt_names_instrumentation_W22
2026-09-28T14:45:57.4921021Z   PASS  declare_dirt_silent_without_instrumentation_W22
2026-09-28T14:45:57.4921901Z   PASS  MUTATION_declare_dirt_call_removed_bites_W22 — went RED as required: DECLARED block missing though instrumentation dirt was planted: — dirty paths:
2026-09-28T14:45:57.4922592Z  M notes/_REHEARSAL-LOG.jsonl
2026-09-28T14:45:57.4923080Z ?? msg.txt
2026-09-28T14:45:57.4923363Z ?? work.txt
2026-09-28T14:45:57.4923537Z 
2026-09-28T14:45:57.4924209Z   PASS  MUTATION_declare_dirt_match_widened_bites_W22 — went RED as required: DECLARED block fired with no instrumentation path dirty: uded — its POLICY is ⬛ DAVE'S, unruled (dream pass 6 P2)
2026-09-28T14:45:57.4925163Z     notes/_dream/_GRADE-DECISIONS.jsonl
2026-09-28T14:45:57.4925623Z       written by: _checkin.py B3 grade alerts / _gardener.py --grade-decision
2026-09-28T14:45:57.4926281Z       status:     NOT excluded — its POLICY is ⬛ DAVE'S, unruled (dream pass 6 P2)
2026-09-28T14:45:57.4927116Z   ⇒ this dirt is machine-written, not an uncommitted draft. ⛔ The POLICY (exclude / commit / relocate) is DAVE'S; this line only DECLARES it.
2026-09-28T14:45:57.4927621Z 
2026-09-28T14:45:57.4927745Z   PASS  doc_row_gate_refusal_and_ack_W20
2026-09-28T14:45:57.4928180Z   PASS  showroom_gate_refusal_and_ack_s191D1
2026-09-28T14:45:57.4928592Z   PASS  mention_map_stale_regenerates_and_refuses_208
2026-09-28T14:45:57.4929051Z   PASS  mention_map_regenerated_not_staged_208
2026-09-28T14:45:57.4929480Z   PASS  schematic_stale_regenerates_and_refuses_304R1
2026-09-28T14:45:57.4929876Z   PASS  schematic_regenerated_not_staged_304R1
2026-09-28T14:45:57.4930625Z   PASS  MUTATION_schematic_gate_removed_bites_304R1 — went RED as required: staged despite the schematic refusal — P5 violated
2026-09-28T14:45:57.4931582Z   PASS  MUTATION_schematic_second_half_removed_bites_304R1 — went RED as required: an unstaged regenerated schematic did NOT block the commit
2026-09-28T14:45:57.4932224Z   PASS  scratch_hygiene_advisory_on_wrap_228
2026-09-28T14:45:57.4932621Z   PASS  harness_stub_coverage_W33
2026-09-28T14:45:57.4933582Z   PASS  MUTATION_harness_stub_detector_bites_W33 — went RED on the planted gate and GREEN on the clean tree: ['_gate_totally_unstubbed.py']
2026-09-28T14:45:57.4934271Z   PASS  polarity_gate_refusal_and_ack_s238D7
2026-09-28T14:45:57.4935067Z   PASS  MUTATION_polarity_gate_block_removed_bites_s238D7 — went RED as required: the gate was not invoked with --check on the happy path; out tail: placed-by-T3
2026-09-28T14:45:57.4935732Z  1 file changed, 1 insertion(+)
2026-09-28T14:45:57.4936087Z  create mode 100644 work.txt
2026-09-28T14:45:57.4936603Z — committed: bdf5b00 after #77 2026-09-28 — PLACEHOLDER-HEADLINE-to-be-replaced-by-T3
2026-09-28T14:45:57.4937388Z — subject asserted identical to the headline T3 generated (in memory, not re-read from the msgfile — #171)
2026-09-28T14:45:57.4938171Z — subject carries exactly ONE T3 prefix (#208 doubled-subject assert)
2026-09-28T14:45:57.4938716Z ✓ done — locks clear, safe for Dave to push via GitHub Desktop
2026-09-28T14:45:57.4938977Z 
2026-09-28T14:45:57.4939183Z   PASS  w355_deadlock_reproduced_on_unfixed_script_CONTROL
2026-09-28T14:45:57.4939629Z   PASS  w355_declared_form_lands_from_wrapped_seat
2026-09-28T14:45:57.4940057Z   PASS  w355_declared_form_lands_from_next_seat
2026-09-28T14:45:57.4940424Z   PASS  w355_r3_still_refuses_without_ack
2026-09-28T14:45:57.4941271Z   PASS  w355_declared_form_does_not_bypass_T3_wrap
2026-09-28T14:45:57.4941737Z   PASS  w355_wrap_with_next_handoff_lands
2026-09-28T14:45:57.4942123Z   PASS  w355_ordinary_commit_unaffected
2026-09-28T14:45:57.4942833Z   PASS  MUTATION_w355_declared_form_removed_bites — went RED as required: exit 1; tail: ve.
2026-09-28T14:45:57.4943268Z 
2026-09-28T14:45:57.4943522Z    Legal forms: fix the cause, or state a REAL gap with --acknowledge "<why>".
2026-09-28T14:45:57.4944083Z ✗ _session.py REFUSED for declared session #238 — its named wi
2026-09-28T14:45:57.4944757Z   PASS  MUTATION_w355_restore_removed_bites — went RED at T3 as required (SESSION_N never restored)
2026-09-28T14:45:57.4945270Z --
2026-09-28T14:45:57.4945672Z ALL GREEN — 48 arms (incl. 11 mutation controls)
2026-09-28T14:45:57.7660421Z   ✅ gm-move selftest: every refusal fires · green controls pass · receipts + warn≠block + all-or-nothing proven
2026-09-28T14:45:58.1374245Z [_gm_usage selftest] OK — 78 bites, all fired or held as contracted (sizes method: tiktoken cl100k_base)
2026-09-28T14:45:58.1949272Z ✓ lanes view already current (no write)
2026-09-28T14:45:58.2194607Z ✓ lanes view in sync with records
2026-09-28T14:45:58.2452810Z [_gen_lanes selftest] OK — 21 bites, every refusal fired, green controls held
2026-09-28T14:45:58.2912611Z wrote _XREF-INDEX.json + _XREF-INDEX.md for 137 components
2026-09-28T14:45:58.2913428Z with deprecated bindings: 19
2026-09-28T14:45:58.2916819Z god-nodes (blast>=7): ['background/default', 'border-radius/control', 'border-radius/indicator', 'border-radius/surface', 'border/subtle', 'color/primary', 'data/series/1', 'divider/border/section', 'divider/border/subsection', 'elevation/border', 'elevation/functional', 'focus/ring', 'form/background/default', 'form/background/hover', 'form/background/pressed', 'form/border/active', 'form/border/default', 'icon/default', 'icon/default-reverse', 'icon/disabled', 'overlay/version1', 'primary/background/default', 'primary/border/default', 'rag/error', 'rag/error-ink', 'rag/error-tint', 'rag/information', 'rag/success', 'rag/success-ink', 'rag/success-tint', 'rag/warning', 'rag/warning-tint', 'scale', 'secondary/background/default', 'surface/subtle', 'target/min', 'tertiary/background/default', 'tertiary/background/hover', 'tertiary/background/pressed', 'tertiary/border/default', 'text/default', 'text/disabled', 'text/on-inverse', 'text/reverse', 'text/secondary', 'typography/font-family/default']
2026-09-28T14:45:58.2920851Z topical guideline reach: {'icons.md': 9, 'typography-usage.md': 7, 'elevation.md': 6, 'calls-to-action.md': 6, 'platform-web.md': 5, 'tone-of-voice.md': 5, 'time-based-indicators.md': 5, 'forms.md': 5, 'imagery.md': 4, 'hexagon-masks.md': 3, 'contextual-help.md': 2, 'platform-app.md': 2, 'horizontal-scroll.md': 2, 'view-controls-sort.md': 2, 'logos.md': 1, 'cookie-notifications.md': 1}
2026-09-28T14:45:58.3598950Z sutherland fixtures: 137 component contract(s) -> tokens/_manifests/sutherland-fixtures.json
2026-09-28T14:45:58.5356615Z states probe: 45/51 applicable states demonstrated, 6 advisory gap(s) — wrote _STATES-COMPLETENESS.md + states-probe.json (non-gating)
2026-09-28T14:45:58.7170703Z items 944 · live 566 · conditioned 938 · UNCONDITIONED 6
2026-09-28T14:45:58.7171421Z   by state: {'open': 566, 'blocked': 0, 'ruled': 0, 'done': 330, 'dropped': 1, 'parked': 47}
2026-09-28T14:45:58.7171937Z   live by owner: {'dave': 322, 'claude': 244}
2026-09-28T14:45:58.7173625Z   ⚠ DECLARED DEBT: 6 item(s) carry no close condition (W-05, W-07, W-08, W-09, W-10, W-12). Frozen set size 19 — this number may only fall. Each needs Dave's word, not an agent's guess.
2026-09-28T14:45:58.7175112Z   ⚠ real-input coverage: 1 item(s) carry a deadline, 0 carry an effort; on those items the dashboard's PROXY is REPLACED. The rest of the 566 live item(s) are still scored by prose scan / body length.
2026-09-28T14:45:58.7176331Z   ⚠ project split: apollo 773 · memento 171 (of 944 items). The values written at #172 are DEFAULTS proposed for Dave's eye, not his ruling on each item.
2026-09-28T14:45:58.7177475Z   ⚠ home pointers: 926 resolve by ANCHOR (rot-proof), 18 are still `path:line` (UNVERIFIABLE by content — the #168 rot class), 0 UNRESOLVABLE. Blocking = True (Dave's dial).
2026-09-28T14:45:58.7178878Z   ⚠ Regrowth arming (s305-D40): 61 of 75 pinned document rows still live — the arm turns BLOCKING by itself when this reaches 0: W-100bl, W-107, W-164, W-165, W-171, W-177, W-182, W-185, W-186, W-187, W-201, W-227, W-264, W-265, W-286w …(+46 more)
2026-09-28T14:45:58.7181090Z   ⚠ REGROWTH (advisory, #304): 65 live row(s) close only on opener/wrap events at sessions that have already wrapped (rows opened up to #306) — each is MET (close it by addition, with its receipt) or STALE (restate it): W-49 (#206), W-56 (#208), W-99f (#213), W-99w (#213), W-107 (#215), W-164 (#218), W-165 (#219), W-171 (#219), W-177 (#219), W-182 (#219), W-185 (#219), W-186 (#219), W-187 (#219), W-201 (#220), W-227 (#222) …(+50 more). REGROWTH_BLOCKING is Dave's dial.
2026-09-28T14:45:58.7851207Z _state selftest: 84 bites, all GREEN
2026-09-28T14:45:58.8276551Z decision graph: 102 nodes, 172 edges -> knowledge/_DECISION-GRAPH.md
2026-09-28T14:45:58.8277794Z   states: AMENDED 9 · DEAD 8 · LIVE 84 · OPEN 1
2026-09-28T14:45:58.8553385Z   selftest unresolved: fires ✓
2026-09-28T14:45:58.8555516Z   selftest open: fires ✓
2026-09-28T14:45:58.8556213Z   selftest orphan: fires ✓
2026-09-28T14:45:58.8556590Z   selftest queued+diverge: green ✓
2026-09-28T14:45:58.8557115Z   selftest unknown-edge-type: fires `unknown-edge-type` (only) ✓
2026-09-28T14:45:58.8557678Z   selftest malformed-target: fires `malformed-target` (only) ✓
2026-09-28T14:45:58.8558164Z   selftest self-loop: fires `self-loop` (only) ✓
2026-09-28T14:45:58.8559058Z selftest PASS — gate bites on unresolved/open/orphan/unknown-edge-type/malformed-target/self-loop; queued + diverges-from stay green
2026-09-28T14:45:58.9006622Z   ✓ happy-path: splice lands on a fixture copy, invariants hold
2026-09-28T14:45:58.9007472Z   ✓ idempotency: second run is a no-op
2026-09-28T14:45:58.9008146Z   ✓ refusal: marker-less spine refused loud+named, untouched
2026-09-28T14:45:58.9009077Z   ✓ refusal never half-writes: every failure path leaves the target byte-identical
2026-09-28T14:45:58.9009807Z   ✓ mutation controls: every green above provably able to fail
2026-09-28T14:45:58.9010470Z   ✓ spine-safety: real _LIVE-STATE.md untouched (sha256 identical)
2026-09-28T14:45:58.9010966Z _build_live_state --selftest: all arms green
2026-09-28T14:45:59.6663492Z   [gen] lifecycle block up to date (no change).
2026-09-28T14:45:59.6664316Z _LIVE-STATE check: 0 warning(s), 2 note(s) -> knowledge/_LIVE-STATE-CHECK.md
2026-09-28T14:45:59.6665059Z   i [reference] DEAD artifact _NEXT-SESSION.md is mentioned (no nearby tombstone) in: knowledge/_RUNBOOK-gated-component.md, k
2026-09-28T14:45:59.6666286Z   i [orphan-edge] DEAD The "stale-reading pattern" spine note (07-18) → superseded-by "the **consult mechanism**" — target not r
2026-09-28T14:46:00.5260155Z advisory signals: 144 file(s), 135 signal(s) — see _ADVISORY-SIGNALS.md (non-gating)
2026-09-28T14:46:00.6445301Z wrote _REVIEW-QUEUE.json + .md — 233 items
2026-09-28T14:46:00.6446073Z by tier: {'review': 190, 'inferred': 43}
2026-09-28T14:46:00.6446932Z by category: {'other': 105, 'accessibility': 34, 'anti-pattern': 65, 'token-rebind': 29}
2026-09-28T14:46:00.6447525Z review token-rebinds (migration-gating): 25
2026-09-28T14:46:00.6448344Z top components: [('Confirmation', 10), ('Account card', 9), ('Action bar', 8), ('Button', 7), ('Tab-bar', 7), ('Tags', 7)]
2026-09-28T14:46:00.6860102Z dark-mode audit: 124/131 clean, 7 leaking
2026-09-28T14:46:00.6861153Z leaks by primitive: {'color/primary': 7, 'color/grey/transparent/white-75': 1, 'color/black': 1, 'color/white': 1}
2026-09-28T14:46:00.6862352Z leaking components: ['Badge', 'Cards', 'Hero', 'Links', 'List items', 'Navigations', 'Tabs']
2026-09-28T14:46:00.7271648Z text/icon contrast audit: 17 OK, 5 allowed, 1 MINOR(warn), 0 GATING FAIL, 5 skipped(light-only)
2026-09-28T14:46:00.7272840Z   ⚠ minor (ruled s194-D1) [apollo-mono] rag/text/on-dark: 3.14:1 on #F6604C (rag/error-background) — non-gating
2026-09-28T14:46:00.7273790Z per-theme palette grounds (4 themes declared): 9 regraded, 0 GATING FAIL, 0 MINOR(warn), 0 R-D24 exempted
2026-09-28T14:46:00.7553567Z indicator/accent contrast audit: 46 OK, 0 allowed, 0 GATING FAIL, 5 skipped(light-only)
2026-09-28T14:46:00.8028664Z icon contrast delta: 0 declared dead-zone, 50 exhaustive (upper bound), 5 roundel fail(s), 3 mark fail(s) — see _ICON-CONTRAST-DELTA.md (advisory)
2026-09-28T14:46:00.8271374Z dark-surface gate: 0 flat-white failure(s), 9 annotated exception(s)
2026-09-28T14:46:02.2671397Z gen_component_partials --check OK — all AUTO-PARTIAL blocks in sync, contracts hold.
2026-09-28T14:46:03.5561719Z gen_component_partials selftest OK
2026-09-28T14:46:03.8536610Z gen_token_ramp: 0 file(s) DRIFTED (0 with block, 0 block-removed), 149 already in sync.
2026-09-28T14:46:03.8886337Z gen_token_ramp selftest: 6 bites GREEN + 4 comment bites (#211) GREEN
2026-09-28T14:46:03.9910991Z   [ledger] ledger in sync (not written — the gate does not grade its own record)
2026-09-28T14:46:03.9912078Z   [PASS] dataviz/dv-behaviour — 13590 code-only bytes (13.3 KB of 16) · 24505 raw, 10915 comment/blank · 16 member(s)
2026-09-28T14:46:03.9913570Z   [PASS] dataviz/dv-legend — 7760 code-only bytes (7.6 KB of 16) · 15255 raw, 7495 comment/blank · 16 member(s)
2026-09-28T14:46:03.9914499Z   [PASS] dataviz/dv-donut-sweep — 3889 code-only bytes (3.8 KB of 16) · 5511 raw, 1622 comment/blank · 16 member(s)
2026-09-28T14:46:03.9915307Z   [PASS] dataviz/dp08-anchor — 1821 code-only bytes (1.8 KB of 16) · 3884 raw, 2063 comment/blank · 16 member(s)
2026-09-28T14:46:03.9916066Z   [PASS] dataviz/dv-render — 9783 code-only bytes (9.6 KB of 16) · 21791 raw, 12008 comment/blank · 16 member(s)
2026-09-28T14:46:03.9916902Z   [PASS] dataviz/dv-render-bar — 4613 code-only bytes (4.5 KB of 16) · 9262 raw, 4649 comment/blank · 16 member(s)
2026-09-28T14:46:03.9917758Z   [PASS] dataviz/dv-render-line — 3648 code-only bytes (3.6 KB of 16) · 9795 raw, 6147 comment/blank · 16 member(s)
2026-09-28T14:46:03.9918612Z   [PASS] dataviz/dv-render-stacked-area — 4487 code-only bytes (4.4 KB of 16) · 10893 raw, 6406 comment/blank · 16 member(s)
2026-09-28T14:46:03.9919469Z   [PASS] dataviz/dv-render-donut — 4087 code-only bytes (4.0 KB of 16) · 11466 raw, 7379 comment/blank · 16 member(s)
2026-09-28T14:46:03.9920299Z   [PASS] dataviz/dv-render-sparkline — 3235 code-only bytes (3.2 KB of 16) · 9852 raw, 6617 comment/blank · 16 member(s)
2026-09-28T14:46:03.9921156Z   [PASS] dataviz/dv-render-combo — 5198 code-only bytes (5.1 KB of 16) · 11625 raw, 6427 comment/blank · 16 member(s)
2026-09-28T14:46:03.9921973Z   [PASS] dataviz/dv-render-scatter — 4148 code-only bytes (4.1 KB of 16) · 10020 raw, 5872 comment/blank · 16 member(s)
2026-09-28T14:46:03.9922985Z   [PASS] dataviz/dv-render-histogram — 2218 code-only bytes (2.2 KB of 16) · 6670 raw, 4452 comment/blank · 16 member(s)
2026-09-28T14:46:03.9923824Z   [PASS] dataviz/dv-render-boxplot — 4336 code-only bytes (4.2 KB of 16) · 9882 raw, 5546 comment/blank · 16 member(s)
2026-09-28T14:46:03.9924616Z   [PASS] dataviz/dv-render-bullet — 4443 code-only bytes (4.3 KB of 16) · 10582 raw, 6139 comment/blank · 16 member(s)
2026-09-28T14:46:03.9925505Z   [PASS] dataviz/dv-render-candlestick — 4872 code-only bytes (4.8 KB of 16) · 10765 raw, 5893 comment/blank · 16 member(s)
2026-09-28T14:46:03.9926758Z   [PASS] dataviz/dv-render-butterfly — 4711 code-only bytes (4.6 KB of 16) · 10795 raw, 6084 comment/blank · 16 member(s)
2026-09-28T14:46:03.9927598Z   [PASS] dataviz page budget — worst member 34809 code-only bytes (34.0 KB of 34) across 17 source(s)
2026-09-28T14:46:03.9928318Z          shared, priced ONCE PER PAGE (s260-D1): dv-render — 9783 bytes
2026-09-28T14:46:03.9928983Z          Chart-combo                   34809  consumes dv-behaviour, dv-legend, dv-render, dv-render-bar, dv-render-line, dv-render-combo
2026-09-28T14:46:03.9929816Z          Chart-donut                   29326  consumes dv-behaviour, dv-legend, dv-donut-sweep, dv-render, dv-render-donut
2026-09-28T14:46:03.9930552Z          Chart-butterfly-h             26061  consumes dv-behaviour, dv-legend, dv-render, dv-render-butterfly
2026-09-28T14:46:03.9931257Z          Chart-butterfly-v             26061  consumes dv-behaviour, dv-legend, dv-render, dv-render-butterfly
2026-09-28T14:46:03.9931918Z          Chart-bar                     25963  consumes dv-behaviour, dv-legend, dv-render, dv-render-bar
2026-09-28T14:46:03.9932721Z          Chart-stacked-area            25837  consumes dv-behaviour, dv-legend, dv-render, dv-render-stacked-area
2026-09-28T14:46:03.9933439Z          Chart-scatter                 25498  consumes dv-behaviour, dv-legend, dv-render, dv-render-scatter
2026-09-28T14:46:03.9934097Z          Chart-pie                     25437  consumes dv-behaviour, dv-legend, dv-render, dv-render-donut
2026-09-28T14:46:03.9934715Z          Chart-line                    24998  consumes dv-behaviour, dv-legend, dv-render, dv-render-line
2026-09-28T14:46:03.9935350Z          Chart-candlestick             18462  consumes dv-behaviour, dv-render, dv-render-candlestick
2026-09-28T14:46:03.9936120Z          Chart-bullet                  18033  consumes dv-behaviour, dv-render, dv-render-bullet
2026-09-28T14:46:03.9936800Z          Chart-boxplot                 17926  consumes dv-behaviour, dv-render, dv-render-boxplot
2026-09-28T14:46:03.9937415Z          Chart-sparkline               16825  consumes dv-behaviour, dv-render, dv-render-sparkline
2026-09-28T14:46:03.9938036Z          Chart-histogram               15808  consumes dv-behaviour, dv-render, dv-render-histogram
2026-09-28T14:46:03.9938654Z          Template-dashboard-bento      15411  consumes dv-behaviour, dp08-anchor
2026-09-28T14:46:03.9939163Z          Legend                         7760  consumes dv-legend
2026-09-28T14:46:03.9939735Z Behaviour-contract gate OK — see knowledge/_BEHAVIOUR-GATE.md
2026-09-28T14:46:04.1770355Z _validate_behaviour selftest OK
2026-09-28T14:46:04.6967960Z gen_canon_components: no change (137 components in sync).
2026-09-28T14:46:05.2139216Z gen_canon_components --check OK — 137 components in sync.
2026-09-28T14:46:05.2885762Z _validate_partials: 0 strict fail(s), 67 census rule(s) -> _PARTIALS-GATE.md
2026-09-28T14:46:05.3124485Z _validate_partials selftest OK
2026-09-28T14:46:12.2472940Z 
2026-09-28T14:46:12.2474656Z gen_snippet_tokens: 5124 manifest bindings across 137 snippets + 9 tranches; 0 value(s) would change; 0 canon.css literal(s) would change.
2026-09-28T14:46:12.2475691Z OK — snippets + tranches + canon.css in sync with tokens.
2026-09-28T14:46:12.9247397Z snippet gate: 137 snippet(s), 0 failure(s)
2026-09-28T14:46:12.9924768Z gen_theme_cascade --check OK — 233 override path(s), 397 component projection(s) in sync.
2026-09-28T14:46:13.1733367Z gen_theme_cascade selftest OK
2026-09-28T14:46:13.2074451Z state-snap gate: OK — 7 opacity-state check(s) snapped to their theme ramps.
2026-09-28T14:46:13.2328045Z state-snap selftest OK
2026-09-28T14:46:13.2645713Z queue freshness — §C·1 items measured: 7 (severity: blocking)
2026-09-28T14:46:13.2646626Z RESULT: PASS — no §C·1 item's stated state is contradicted by disk or git. This proves no claim is STALE; it does not prove the queue is RIGHT.
2026-09-28T14:46:13.3008431Z selftest — _validate_queue_fresh.py
2026-09-28T14:46:13.3009182Z   PASS control: landed + open + partial green   -> green  | (4 items, green)
2026-09-28T14:46:13.3010586Z   PASS open item whose artefact EXISTS refuses  -> fail   | FAIL — §C·1 item (a) (GOOD-MORNING.md:4) states state=open and expects knowledge/snippets/Chart-pie.reference.html to be
2026-09-28T14:46:13.3011850Z   PASS landed with unresolvable receipt refuses -> fail   | FAIL — §C·1 item (a) (GOOD-MORNING.md:4) claims state=landed receipt=0000000, but git cannot resolve that sha to a commi
2026-09-28T14:46:13.3013345Z   PASS item with NO tail refuses (presence rule) -> fail   | FAIL — §C·1 item (b) at GOOD-MORNING.md:5 carries NO qprobe tail. An unannotated item is invisible to this gate forever.
2026-09-28T14:46:13.3014219Z   PASS partial WITH declared passes, absent paths unchecked -> green  | (1 items, green)
2026-09-28T14:46:13.3015224Z   PASS partial without declared refuses         -> fail   | FAIL — §C·1 item (a) (GOOD-MORNING.md:4) is state=partial with no declared="…". partial is the LEGAL FORM for an honest 
2026-09-28T14:46:13.3016480Z   PASS empty expects-absent WITHOUT declared refuses -> fail   | FAIL — §C·1 item (a) (GOOD-MORNING.md:4) is state=open with an EMPTY expects-absent and no declared="…". A DECLARED gap 
2026-09-28T14:46:13.3017327Z   PASS empty expects-absent WITH declared passes -> green  | (1 items, green)
2026-09-28T14:46:13.3018255Z   PASS malformed tail is a REFUSAL, not a skip  -> refuse | UNPARSEABLE — GOOD-MORNING.md:4 — qprobe state='whatever' is not one of open/landed/partial
2026-09-28T14:46:13.3019401Z   PASS unknown key is a REFUSAL                 -> refuse | UNPARSEABLE — GOOD-MORNING.md:4 — qprobe carries unknown key 'sha'; legal keys: state, expects-absent, receipt, declared
2026-09-28T14:46:13.3020217Z   PASS non-item prose lines do NOT trigger      -> green  | (1 items, green)
2026-09-28T14:46:13.3020911Z   PASS STRUCK step clause is not a live item    -> green  | (1 items, green)
2026-09-28T14:46:13.3021597Z   PASS §2 items are out of scope (section bound) -> green  | (1 items, green)
2026-09-28T14:46:13.3022027Z RESULT: PASS
2026-09-28T14:46:13.3624926Z palette-tier gate: 4 theme(s), 3 palette(s), 42 declared key(s), 137 component meta(s), 137 snippet manifest(s)
2026-09-28T14:46:13.3626268Z OK — every theme declares a palette per family; every declaration resolves; no theme hand-carries a divergent palette-owned value; no undeclared duplication.
2026-09-28T14:46:13.4274813Z palette-tier selftest OK — 10 bites, all red when mutated
2026-09-28T14:46:13.6306695Z _validate_radius: 0 strict fail(s), 0 advisory file(s) pending migration, 4 physical corner longhand(s) DECLARED ADVISORY (#221) -> _RADIUS-GATE.md
2026-09-28T14:46:13.6309286Z   ⬛ DECLARED (not counted, not a verdict): canon/canon.css: border-top-left-radius:0
2026-09-28T14:46:13.6310187Z   ⬛ DECLARED (not counted, not a verdict): canon/canon.css: border-bottom-left-radius:0
2026-09-28T14:46:13.6311329Z   ⬛ DECLARED (not counted, not a verdict): snippets/Split-button.reference.html: border-top-left-radius:0
2026-09-28T14:46:13.6312573Z   ⬛ DECLARED (not counted, not a verdict): snippets/Split-button.reference.html: border-bottom-left-radius:0
2026-09-28T14:46:13.6314263Z      ⬛ promoting this arm to STRICT is DAVE'S — see notes/_subreports/2026-08-27-221-laneA.md
2026-09-28T14:46:14.1390566Z gen_showroom --check OK — 137 page(s) + index in sync (index owned by knowledge/_render/gen_library_214.py).
2026-09-28T14:46:14.1749593Z gen_showroom GATE — payload URL does not resolve in _selftest.reference.html:
2026-09-28T14:46:14.1750914Z    ../knowledge/canon/type.css              -> /home/runner/work/UX-design/UX-design/knowledge/knowledge/canon/type.css (MISSING)
2026-09-28T14:46:14.1751907Z    A relative URL in a snippet must point at a real file: the showroom
2026-09-28T14:46:14.1753227Z    pane re-resolves it against showroom/ (srcdoc inherits the parent base URL).
2026-09-28T14:46:14.1754433Z gen_showroom GATE — payload URL does not resolve in _selftest.reference.html:
2026-09-28T14:46:14.1755892Z    ../canon/does-not-exist.css              -> /home/runner/work/UX-design/UX-design/knowledge/canon/does-not-exist.css (MISSING)
2026-09-28T14:46:14.1757219Z    A relative URL in a snippet must point at a real file: the showroom
2026-09-28T14:46:14.1758162Z    pane re-resolves it against showroom/ (srcdoc inherits the parent base URL).
2026-09-28T14:46:14.1760057Z gen_showroom --selftest OK — 16 bites (rebase · fragments · absolutes · double-rebase fails loud · missing-target gate · query suffix · #98-D1 one-bar contract ×4 · embed mode ×5).
2026-09-28T14:46:15.8395856Z COULD-NOT-ASK: dashboard/index.html — the page differs, but a live gate baked into it is reading INPUTS OUTSIDE THE COMMITTED TREE, so its verdict — and therefore this page — cannot be reproduced here: provenance names `knowledge/_tmp/l3-245/rename-plan.json`; provenance names `outputs/_FINDING-canon-pri-hover-brand-mono-fork-2026-08-06-v1.md`; provenance names `outputs/_PARTITION-button-primary-2026-08-06-v1.md`. Every one of those paths is untracked, so an environment that has them and one that does not will render different prose from the SAME commit. This is a REFUSAL, not a staleness verdict in either direction: the page's agreement with the stores is UNKNOWN here and is reported as unknown. Ask it where those inputs are present (a working tree that holds them), or commit them.
2026-09-28T14:46:15.8887159Z legacy-leak gate: 0 unwaived leak(s), 0 waived.
2026-09-28T14:46:15.9707161Z theme-provenance gate (ADVISORY): 50 hardcoded foreign-theme hex(es) in 166 Mono files. See _THEME-PROVENANCE-GATE.md
2026-09-28T14:46:15.9956825Z token-tier gate: 0 strict failure(s), 1 advisory.
2026-09-28T14:46:16.1364379Z icon-source audit → _ICON-SOURCE-AUDIT.md
2026-09-28T14:46:16.1365822Z 0 UNKNOWN, 102 bespoke, across 137 snippet(s); 758 library glyphs.
2026-09-28T14:46:16.8231119Z a11y gate: 137 snippet(s), 0 failure(s), 204 warning(s), 732 note(s) · 1458 controls + 68 marks measured · 24 mark(s) below 24
2026-09-28T14:46:16.8890419Z a11y target selftest: 31 clause(s) green, 0 failing
2026-09-28T14:46:16.9212986Z COULD-NOT-ASK: HIT-AREA: HARNESS UNAVAILABLE — playwright not importable (No module named 'playwright'). Install it with `pip install playwright && playwright install chromium`. (Inside this repo's sandbox, stage it per knowledge/_RUNBOOK-render-verify.md instead.) This is NOT a pass.
2026-09-28T14:46:16.9214393Z Hit-area sweep — 137 file(s) × 1180/480 px, min 44px
2026-09-28T14:46:16.9922100Z wiring gate: 59 gate script(s) on disk (51 _validate_* · 8 _gate_*, #221 widened) · 55 wired · 4 exempt by name · 0 failure(s)
2026-09-28T14:46:16.9923717Z   wired by surface: _build_all.STEPS 48 · _git_commit.sh 2 · gates.yml 2 · arm-of-a-wired-script 3
2026-09-28T14:46:16.9924523Z   ⬛ ARM (declared + verified): _gate_harness_stubs.py is run by _test_git_commit.py [2026-08-27]
2026-09-28T14:46:16.9925339Z   ⬛ ARM (declared + verified): _validate_composition.py is run by _validate_screen.py [2026-09-03]
2026-09-28T14:46:16.9926087Z   ⬛ ARM (declared + verified): _validate_receipt.py is run by _validate_screen.py [2026-09-03]
2026-09-28T14:46:16.9927199Z   ⬛ EXEMPT (declared, not counted as wired): _gate_pack_imports.py [2026-08-27] — Built #219 and WIRED NOWHERE — not in _build_all.STEPS, not in gates.yml, not at the commit seam (#220-L1 find…
2026-09-28T14:46:16.9928433Z   ⬛ EXEMPT (declared, not counted as wired): _validate_demo_page.py [2026-09-21] — unwired since #268 (08e315dc); wire-or-retire is Dave's, review page #293…
2026-09-28T14:46:16.9929661Z   ⬛ EXEMPT (declared, not counted as wired): _validate_descender_computed.py [2026-08-22] — G2 render leg (#215, row W-101): drives real pages in headless chromium and reads getComputedStyle — needs a S…
2026-09-28T14:46:16.9930985Z   ⬛ EXEMPT (declared, not counted as wired): _validate_fit_physics.py [2026-09-07] — FIT physics gate (s248-D2/D3, s249-D4; #249 FIT lane): drives the composed page in headless chromium via playw…
2026-09-28T14:46:17.2243893Z wiring selftest: 17 bites · 0 failure(s)
2026-09-28T14:46:17.3610638Z # Composition gate audit
2026-09-28T14:46:17.3611267Z 
2026-09-28T14:46:17.3611784Z ## canon.css
2026-09-28T14:46:17.3612178Z - defs 1024, var() refs 627
2026-09-28T14:46:17.3613377Z - ✅ vars resolve, braces balanced, spine markers present
2026-09-28T14:46:17.3614281Z - ℹ️ canon.css: 1 var(s) resolved via inline-scope (set in snippet markup, not CSS): ['--sc']
2026-09-28T14:46:17.3614771Z 
2026-09-28T14:46:17.3615036Z ## composed screens (7)
2026-09-28T14:46:17.3615740Z - ✅ canon-gallery.canon.html — 76 canon classes, 0 rogue hex, 0 redefines, all resolve
2026-09-28T14:46:17.3616714Z - ✅ nio-dash-console-v1.canon.html — 28 canon classes, 0 rogue hex, 0 redefines, all resolve
2026-09-28T14:46:17.3617734Z - ✅ nio-dash-console-v2.canon.html — 28 canon classes, 0 rogue hex, 0 redefines, all resolve
2026-09-28T14:46:17.3618882Z - ✅ payments-journey.canon.html — 22 canon classes, 0 rogue hex, 0 redefines, all resolve
2026-09-28T14:46:17.3620041Z - ✅ sme-payments-desktop.canon.html — 8 canon classes, 0 rogue hex, 0 redefines, all resolve
2026-09-28T14:46:17.3621202Z - ✅ sme-payments-swiss.canon.html — 3 canon classes, 0 rogue hex, 0 redefines, all resolve
2026-09-28T14:46:17.3622480Z - ✅ sme-payments.canon.html — 10 canon classes, 0 rogue hex, 0 redefines, all resolve
2026-09-28T14:46:17.3623380Z 
2026-09-28T14:46:17.3623576Z ## screen titles (aca-003)
2026-09-28T14:46:17.3624250Z - ✅ 7 screen(s), every <title> present + unique
2026-09-28T14:46:17.3624642Z 
2026-09-28T14:46:17.3624861Z RESULT: PASS ✅
2026-09-28T14:46:18.6987425Z # Composed-screen gate — full pipeline on *.canon.html
2026-09-28T14:46:18.6988037Z 
2026-09-28T14:46:18.6988530Z ## canon-gallery.canon.html
2026-09-28T14:46:18.6989824Z - receipt: UNPROVEN:NO-RECEIPT — this page carries no #provenance-receipt, so nothing about its provenance was measured. Mint one with `python3 knowledge/gen_provenance_receipt.py --mint <path>`; run with --receipt-strict to make this block.
2026-09-28T14:46:18.6991197Z - compose: ✅
2026-09-28T14:46:18.6992796Z - composition: n/a — no .c-bento on this page
2026-09-28T14:46:18.6994007Z - icon-source: ✅ all paths library-matched
2026-09-28T14:46:18.7103693Z - a11y: ✅  (warn: DATA MARK `rect.dv-series` — 219.2x20.2 — under the 24 dense-case minimum (rect w/h attrs) (s116-D1: marks carry the 24 floor, not the 44 target); DATA MARK `rect.dv-series` — 94.0x20.2 — under the 24 dense-case minimum (rect w/h attrs) (s116-D1: marks carry the 24 floor, not the 44 target); DATA MARK `rect.dv-series` — 495.9x20.2 — under the 24 dense-case minimum (rect w/h attrs) (s116-D1: marks carry the 24 floor, not the 44 target); DATA MARK `rect.dv-series` — 135.7x20.2 — under the 24 dense-case minimum (rect w/h attrs) (s116-D1: marks carry the 24 floor, not the 44 target); DATA MARK `rect.dv-series` — 109.6x20.2 — under the 24 dense-case minimum (rect w/h attrs) (s116-D1: marks carry the 24 floor, not the 44 target); DATA MARK `rect.dv-series` — 156.6x20.2 — under the 24 dense-case minimum (rect w/h attrs) (s116-D1: marks carry the 24 floor, not the 44 target); DATA MARK `rect.dv-series` — 133.2x20.0 — under the 24 dense-case minimum (rect w/h attrs) (s116-D1: marks carry the 24 floor, not the 44 target); DATA MARK `rect.dv-series` — 162.8x20.0 — under the 24 dense-case minimum (rect w/h attrs) (s116-D1: marks carry the 24 floor, not the 44 target); DATA MARK `rect.dv-series` — 83.2x20.0 — under the 24 dense-case minimum (rect w/h attrs) (s116-D1: marks carry the 24 floor, not the 44 target); DATA MARK `rect.dv-series` — 112.8x20.0 — under the 24 dense-case minimum (rect w/h attrs) (s116-D1: marks carry the 24 floor, not the 44 target); DATA MARK `rect.dv-series` — 55.5x20.0 — under the 24 dense-case minimum (rect w/h attrs) (s116-D1: marks carry the 24 floor, not the 44 target); DATA MARK `rect.dv-series` — 46.2x20.0 — under the 24 dense-case minimum (rect w/h attrs) (s116-D1: marks carry the 24 floor, not the 44 target); DATA MARK `rect.dv-series` — 166.5x20.0 — under the 24 dense-case minimum (rect w/h attrs) (s116-D1: marks carry the 24 floor, not the 44 target); DATA MARK `rect.dv-series` — 175.8x20.0 — under the 24 dense-case minimum (rect w/h attrs) (s116-D1: marks carry the 24 floor, not the 44 target); DATA MARK `rect.dv-series` — 107.3x20.0 — under the 24 dense-case minimum (rect w/h attrs) (s116-D1: marks carry the 24 floor, not the 44 target); DATA MARK `rect.dv-series` — 74.0x20.0 — under the 24 dense-case minimum (rect w/h attrs) (s116-D1: marks carry the 24 floor, not the 44 target); DATA MARK `rect.dv-series` — 37.0x20.0 — under the 24 dense-case minimum (rect w/h attrs) (s116-D1: marks carry the 24 floor, not the 44 target); DATA MARK `rect.dv-series` — 61.0x20.0 — under the 24 dense-case minimum (rect w/h attrs) (s116-D1: marks carry the 24 floor, not the 44 target); DATA MARK `rect.dv-series` — 48.7x16.2 — under the 24 dense-case minimum (rect w/h attrs) (s116-D1: marks carry the 24 floor, not the 44 target); DATA MARK `rect.dv-series` — 48.7x21.6 — under the 24 dense-case minimum (rect w/h attrs) (s116-D1: marks carry the 24 floor, not the 44 target); DATA MARK `rect.dv-series` — 48.7x23.4 — under the 24 dense-case minimum (rect w/h attrs) (s116-D1: marks carry the 24 floor, not the 44 target); DATA MARK `rect.dv-series` — 48.7x18.9 — under the 24 dense-case minimum (rect w/h attrs) (s116-D1: marks carry the 24 floor, not the 44 target); DATA MARK `rect.dv-series` — 48.7x17.1 — under the 24 dense-case minimum (rect w/h attrs) (s116-D1: marks carry the 24 floor, not the 44 target); DATA MARK `g.dv-marker` — 11.0x11.0 — under the 24 dense-case minimum (<g> wrapper measured from its circle child (circle diameter 2r)) (s116-D1: marks carry the 24 floor, not the 44 target); DATA MARK `g.dv-marker` — 11.0x11.0 — under the 24 dense-case minimum (<g> wrapper measured from its circle child (circle diameter 2r)) (s116-D1: marks carry the 24 floor, not the 44 target); DATA MARK `g.dv-marker` — 11.0x11.0 — under the 24 dense-case minimum (<g> wrapper measured from its circle child (circle diameter 2r)) (s116-D1: marks carry the 24 floor, not the 44 target); DATA MARK `g.dv-marker` — 11.0x11.0 — under the 24 dense-case minimum (<g> wrapper measured from its circle child (circle diameter 2r)) (s116-D1: marks carry the 24 floor, not the 44 target); DATA MARK `g.dv-marker` — 11.0x11.0 — under the 24 dense-case minimum (<g> wrapper measured from its circle child (circle diameter 2r)) (s116-D1: marks carry the 24 floor, not the 44 target); DATA MARK `g.dv-marker` — 11.0x11.0 — under the 24 dense-case minimum (<g> wrapper measured from its circle child (circle diameter 2r)) (s116-D1: marks carry the 24 floor, not the 44 target); DATA MARK `g.dv-marker` — 11.0x11.0 — under the 24 dense-case minimum (<g> wrapper measured from its circle child (circle diameter 2r)) (s116-D1: marks carry the 24 floor, not the 44 target); DATA MARK `g.dv-marker` — 11.0x11.0 — under the 24 dense-case minimum (<g> wrapper measured from its circle child (circle diameter 2r)) (s116-D1: marks carry the 24 floor, not the 44 target); DATA MARK `g.dv-marker` — 11.0x11.0 — under the 24 dense-case minimum (<g> wrapper measured from its circle child (circle diameter 2r)) (s116-D1: marks carry the 24 floor, not the 44 target); DATA MARK `g.dv-marker` — 11.0x11.0 — under the 24 dense-case minimum (<g> wrapper measured from its circle child (circle diameter 2r)) (s116-D1: marks carry the 24 floor, not the 44 target); DATA MARK `g.dv-marker` — 11.0x11.0 — under the 24 dense-case minimum (<g> wrapper measured from its circle child (circle diameter 2r)) (s116-D1: marks carry the 24 floor, not the 44 target); DATA MARK `g.dv-marker` — 11.0x11.0 — under the 24 dense-case minimum (<g> wrapper measured from its circle child (circle diameter 2r)) (s116-D1: marks carry the 24 floor, not the 44 target); DATA MARK `g.dv-marker` — 11.0x11.0 — under the 24 dense-case minimum (<g> wrapper measured from its circle child (circle diameter 2r)) (s116-D1: marks carry the 24 floor, not the 44 target); DATA MARK `g.dv-marker` — 11.0x11.0 — under the 24 dense-case minimum (<g> wrapper measured from its circle child (circle diameter 2r)) (s116-D1: marks carry the 24 floor, not the 44 target); DATA MARK `g.dv-marker` — 11.0x11.0 — under the 24 dense-case minimum (<g> wrapper measured from its circle child (circle diameter 2r)) (s116-D1: marks carry the 24 floor, not the 44 target); DATA MARK `g.dv-marker` — 11.0x11.0 — under the 24 dense-case minimum (<g> wrapper measured from its circle child (circle diameter 2r)) (s116-D1: marks carry the 24 floor, not the 44 target); DATA MARK `g.dv-marker` — 11.0x11.0 — under the 24 dense-case minimum (<g> wrapper measured from its circle child (circle diameter 2r)) (s116-D1: marks carry the 24 floor, not the 44 target); DATA MARK `g.dv-marker` — 11.0x11.0 — under the 24 dense-case minimum (<g> wrapper measured from its circle child (circle diameter 2r)) (s116-D1: marks carry the 24 floor, not the 44 target); DATA MARK `g.dv-marker` — 11.0x11.0 — under the 24 dense-case minimum (<g> wrapper measured from its circle child (circle diameter 2r)) (s116-D1: marks carry the 24 floor, not the 44 target); DATA MARK `g.dv-marker` — 11.0x11.0 — under the 24 dense-case minimum (<g> wrapper measured from its circle child (circle diameter 2r)) (s116-D1: marks carry the 24 floor, not the 44 target); DATA MARK `g.dv-marker` — 11.0x11.0 — under the 24 dense-case minimum (<g> wrapper measured from its circle child (circle diameter 2r)) (s116-D1: marks carry the 24 floor, not the 44 target); DATA MARK `g.dv-marker` — 11.0x11.0 — under the 24 dense-case minimum (<g> wrapper measured from its circle child (circle diameter 2r)) (s116-D1: marks carry the 24 floor, not the 44 target); DATA MARK `g.dv-marker` — 11.0x11.0 — under the 24 dense-case minimum (<g> wrapper measured from its circle child (circle diameter 2r)) (s116-D1: marks carry the 24 floor, not the 44 target); DATA MARK `g.dv-marker` — 11.0x11.0 — under the 24 dense-case minimum (<g> wrapper measured from its circle child (circle diameter 2r)) (s116-D1: marks carry the 24 floor, not the 44 target); DATA MARK `g.dv-marker` — 11.0x11.0 — under the 24 dense-case minimum (<g> wrapper measured from its circle child (circle diameter 2r)) (s116-D1: marks carry the 24 floor, not the 44 target); DATA MARK `g.dv-marker` — 11.0x11.0 — under the 24 dense-case minimum (<g> wrapper measured from its circle child (circle diameter 2r)) (s116-D1: marks carry the 24 floor, not the 44 target); DATA MARK `g.dv-marker` — 11.0x11.0 — under the 24 dense-case minimum (<g> wrapper measured from its circle child (circle diameter 2r)) (s116-D1: marks carry the 24 floor, not the 44 target); DATA MARK `g.dv-marker` — 11.0x11.0 — under the 24 dense-case minimum (<g> wrapper measured from its circle child (circle diameter 2r)) (s116-D1: marks carry the 24 floor, not the 44 target); DATA MARK `g.dv-marker` — 11.0x11.0 — under the 24 dense-case minimum (<g> wrapper measured from its circle child (circle diameter 2r)) (s116-D1: marks carry the 24 floor, not the 44 target); DATA MARK `g.dv-marker` — 11.0x11.0 — under the 24 dense-case minimum (<g> wrapper measured from its circle child (circle diameter 2r)) (s116-D1: marks carry the 24 floor, not the 44 target); DATA MARK `g.dv-marker` — 11.0x11.0 — under the 24 dense-case minimum (<g> wrapper measured from its circle child (circle diameter 2r)) (s116-D1: marks carry the 24 floor, not the 44 target); DATA MARK `g.dv-marker` — 11.0x11.0 — under the 24 dense-case minimum (<g> wrapper measured from its circle child (circle diameter 2r)) (s116-D1: marks carry the 24 floor, not the 44 target); DATA MARK `g.dv-marker` — 11.0x11.0 — under the 24 dense-case minimum (<g> wrapper measured from its circle child (circle diameter 2r)) (s116-D1: marks carry the 24 floor, not the 44 target); DATA MARK `g.dv-marker` — 11.0x11.0 — under the 24 dense-case minimum (<g> wrapper measured from its circle child (circle diameter 2r)) (s116-D1: marks carry the 24 floor, not the 44 target); DATA MARK `g.dv-marker` — 11.0x11.0 — under the 24 dense-case minimum (<g> wrapper measured from its circle child (circle diameter 2r)) (s116-D1: marks carry the 24 floor, not the 44 target); DATA MARK `g.dv-marker` — 11.0x11.0 — under the 24 dense-case minimum (<g> wrapper measured from its circle child (circle diameter 2r)) (s116-D1: marks carry the 24 floor, not the 44 target); DATA MARK `g.dv-marker` — 11.0x11.0 — under the 24 dense-case minimum (<g> wrapper measured from its circle child (circle diameter 2r)) (s116-D1: marks carry the 24 floor, not the 44 target); DATA MARK `g.dv-marker` — 11.0x11.0 — under the 24 dense-case minimum (<g> wrapper measured from its circle child (circle diameter 2r)) (s116-D1: marks carry the 24 floor, not the 44 target); DATA MARK `g.dv-marker` — 11.0x11.0 — under the 24 dense-case minimum (<g> wrapper measured from its circle child (circle diameter 2r)) (s116-D1: marks carry the 24 floor, not the 44 target); DATA MARK `g.dv-marker` — 11.0x11.0 — under the 24 dense-case minimum (<g> wrapper measured from its circle child (circle diameter 2r)) (s116-D1: marks carry the 24 floor, not the 44 target); DATA MARK `g.dv-marker` — 11.0x11.0 — under the 24 dense-case minimum (<g> wrapper measured from its circle child (circle diameter 2r)) (s116-D1: marks carry the 24 floor, not the 44 target); DATA MARK `g.dv-marker` — 11.0x11.0 — under the 24 dense-case minimum (<g> wrapper measured from its circle child (circle diameter 2r)) (s116-D1: marks carry the 24 floor, not the 44 target); DATA MARK `g.dv-marker` — 11.0x11.0 — under the 24 dense-case minimum (<g> wrapper measured from its circle child (circle diameter 2r)) (s116-D1: marks carry the 24 floor, not the 44 target); DATA MARK `g.dv-marker` — 11.0x11.0 — under the 24 dense-case minimum (<g> wrapper measured from its circle child (circle diameter 2r)) (s116-D1: marks carry the 24 floor, not the 44 target); DATA MARK `g.dv-marker` — 11.0x11.0 — under the 24 dense-case minimum (<g> wrapper measured from its circle child (circle diameter 2r)) (s116-D1: marks carry the 24 floor, not the 44 target); DATA MARK `g.dv-marker` — 11.0x11.0 — under the 24 dense-case minimum (<g> wrapper measured from its circle child (circle diameter 2r)) (s116-D1: marks carry the 24 floor, not the 44 target); DATA MARK `g.dv-marker` — 11.0x11.0 — under the 24 dense-case minimum (<g> wrapper measured from its circle child (circle diameter 2r)) (s116-D1: marks carry the 24 floor, not the 44 target); DATA MARK `g.dv-marker` — 11.0x11.0 — under the 24 dense-case minimum (<g> wrapper measured from its circle child (circle diameter 2r)) (s116-D1: marks carry the 24 floor, not the 44 target); DATA MARK `g.dv-marker` — 11.0x11.0 — under the 24 dense-case minimum (<g> wrapper measured from its rect child (rect w/h attrs)) (s116-D1: marks carry the 24 floor, not the 44 target); DATA MARK `g.dv-marker` — 11.0x11.0 — under the 24 dense-case minimum (<g> wrapper measured from its rect child (rect w/h attrs)) (s116-D1: marks carry the 24 floor, not the 44 target); DATA MARK `g.dv-marker` — 11.0x11.0 — under the 24 dense-case minimum (<g> wrapper measured from its rect child (rect w/h attrs)) (s116-D1: marks carry the 24 floor, not the 44 target); DATA MARK `g.dv-marker` — 11.0x11.0 — under the 24 dense-case minimum (<g> wrapper measured from its rect child (rect w/h attrs)) (s116-D1: marks carry the 24 floor, not the 44 target); DATA MARK `g.dv-marker` — 11.0x11.0 — under the 24 dense-case minimum (<g> wrapper measured from its rect child (rect w/h attrs)) (s116-D1: marks carry the 24 floor, not the 44 target); DATA MARK `g.dv-marker` — 11.0x11.0 — under the 24 dense-case minimum (<g> wrapper measured from its rect child (rect w/h attrs)) (s116-D1: marks carry the 24 floor, not the 44 target); DATA MARK `g.dv-marker` — 11.0x11.0 — under the 24 dense-case minimum (<g> wrapper measured from its rect child (rect w/h attrs)) (s116-D1: marks carry the 24 floor, not the 44 target); DATA MARK `g.dv-marker` — 11.0x11.0 — under the 24 dense-case minimum (<g> wrapper measured from its rect child (rect w/h attrs)) (s116-D1: marks carry the 24 floor, not the 44 target); DATA MARK `g.dv-marker` — 11.0x11.0 — under the 24 dense-case minimum (<g> wrapper measured from its rect child (rect w/h attrs)) (s116-D1: marks carry the 24 floor, not the 44 target); DATA MARK `g.dv-marker` — 11.0x11.0 — under the 24 dense-case minimum (<g> wrapper measured from its rect child (rect w/h attrs)) (s116-D1: marks carry the 24 floor, not the 44 target); DATA MARK `g.dv-marker` — 11.0x11.0 — under the 24 dense-case minimum (<g> wrapper measured from its rect child (rect w/h attrs)) (s116-D1: marks carry the 24 floor, not the 44 target); DATA MARK `g.dv-marker` — 11.0x11.0 — under the 24 dense-case minimum (<g> wrapper measured from its rect child (rect w/h attrs)) (s116-D1: marks carry the 24 floor, not the 44 target); DATA MARK `g.dv-marker` — 13.0x13.0 — under the 24 dense-case minimum (<g> wrapper measured from its polygon child (polygon bbox)) (s116-D1: marks carry the 24 floor, not the 44 target); DATA MARK `g.dv-marker` — 13.0x13.0 — under the 24 dense-case minimum (<g> wrapper measured from its polygon child (polygon bbox)) (s116-D1: marks carry the 24 floor, not the 44 target); DATA MARK `g.dv-marker` — 13.0x13.0 — under the 24 dense-case minimum (<g> wrapper measured from its polygon child (polygon bbox)) (s116-D1: marks carry the 24 floor, not the 44 target); DATA MARK `g.dv-marker` — 13.0x13.0 — under the 24 dense-case minimum (<g> wrapper measured from its polygon child (polygon bbox)) (s116-D1: marks carry the 24 floor, not the 44 target); DATA MARK `g.dv-marker` — 13.0x13.0 — under the 24 dense-case minimum (<g> wrapper measured from its polygon child (polygon bbox)) (s116-D1: marks carry the 24 floor, not the 44 target); DATA MARK `g.dv-marker` — 13.0x13.0 — under the 24 dense-case minimum (<g> wrapper measured from its polygon child (polygon bbox)) (s116-D1: marks carry the 24 floor, not the 44 target); DATA MARK `g.dv-marker` — 13.0x13.0 — under the 24 dense-case minimum (<g> wrapper measured from its polygon child (polygon bbox)) (s116-D1: marks carry the 24 floor, not the 44 target); DATA MARK `g.dv-marker` — 13.0x13.0 — under the 24 dense-case minimum (<g> wrapper measured from its polygon child (polygon bbox)) (s116-D1: marks carry the 24 floor, not the 44 target); DATA MARK `g.dv-marker` — 13.0x13.0 — under the 24 dense-case minimum (<g> wrapper measured from its polygon child (polygon bbox)) (s116-D1: marks carry the 24 floor, not the 44 target); DATA MARK `g.dv-marker` — 13.0x13.0 — under the 24 dense-case minimum (<g> wrapper measured from its polygon child (polygon bbox)) (s116-D1: marks carry the 24 floor, not the 44 target); DATA MARK `g.dv-marker` — 13.0x13.0 — under the 24 dense-case minimum (<g> wrapper measured from its polygon child (polygon bbox)) (s116-D1: marks carry the 24 floor, not the 44 target); DATA MARK `g.dv-marker` — 13.0x13.0 — under the 24 dense-case minimum (<g> wrapper measured from its polygon child (polygon bbox)) (s116-D1: marks carry the 24 floor, not the 44 target); DATA MARK `g.dv-marker` — 8.4x8.4 — under the 24 dense-case minimum (<g> wrapper measured from its circle child (circle diameter 2r)) (s116-D1: marks carry the 24 floor, not the 44 target); DATA MARK `g.dv-marker` — 8.4x8.4 — under the 24 dense-case minimum (<g> wrapper measured from its circle child (circle diameter 2r)) (s116-D1: marks carry the 24 floor, not the 44 target); DATA MARK `g.dv-marker` — 8.4x8.4 — under the 24 dense-case minimum (<g> wrapper measured from its circle child (circle diameter 2r)) (s116-D1: marks carry the 24 floor, not the 44 target); DATA MARK `g.dv-marker` — 8.4x8.4 — under the 24 dense-case minimum (<g> wrapper measured from its circle child (circle diameter 2r)) (s116-D1: marks carry the 24 floor, not the 44 target); DATA MARK `g.dv-marker` — 8.4x8.4 — under the 24 dense-case minimum (<g> wrapper measured from its circle child (circle diameter 2r)) (s116-D1: marks carry the 24 floor, not the 44 target); DATA MARK `g.dv-marker` — 8.4x8.4 — under the 24 dense-case minimum (<g> wrapper measured from its circle child (circle diameter 2r)) (s116-D1: marks carry the 24 floor, not the 44 target); DATA MARK `g.dv-marker` — 8.4x8.4 — under the 24 dense-case minimum (<g> wrapper measured from its circle child (circle diameter 2r)) (s116-D1: marks carry the 24 floor, not the 44 target); DATA MARK `g.dv-marker` — 8.4x8.4 — under the 24 dense-case minimum (<g> wrapper measured from its circle child (circle diameter 2r)) (s116-D1: marks carry the 24 floor, not the 44 target); DATA MARK `g.dv-marker` — 8.4x8.4 — under the 24 dense-case minimum (<g> wrapper measured from its circle child (circle diameter 2r)) (s116-D1: marks carry the 24 floor, not the 44 target); DATA MARK `g.dv-marker` — 8.4x8.4 — under the 24 dense-case minimum (<g> wrapper measured from its circle child (circle diameter 2r)) (s116-D1: marks carry the 24 floor, not the 44 target); DATA MARK `g.dv-marker` — 8.4x8.4 — under the 24 dense-case minimum (<g> wrapper measured from its circle child (circle diameter 2r)) (s116-D1: marks carry the 24 floor, not the 44 target); DATA MARK `g.dv-marker` — 8.4x8.4 — under the 24 dense-case minimum (<g> wrapper measured from its circle child (circle diameter 2r)) (s116-D1: marks carry the 24 floor, not the 44 target))
2026-09-28T14:46:18.7195617Z ## nio-dash-console-v1.canon.html
2026-09-28T14:46:18.7197906Z - receipt: UNPROVEN:NO-RECEIPT — this page carries no #provenance-receipt, so nothing about its provenance was measured. Mint one with `python3 knowledge/gen_provenance_receipt.py --mint <path>`; run with --receipt-strict to make this block.
2026-09-28T14:46:18.7199462Z - compose: ✅
2026-09-28T14:46:18.7200204Z - composition: n/a — no .c-bento on this page
2026-09-28T14:46:18.7201154Z - icon-source: ✅ all paths library-matched
2026-09-28T14:46:18.7287718Z - a11y: ✅  (warn: DATA MARK `rect.dv-series` — 14.0x97.2 — under the 24 dense-case minimum (rect w/h attrs) (s116-D1: marks carry the 24 floor, not the 44 target); DATA MARK `rect.dv-series` — 14.0x64.8 — under the 24 dense-case minimum (rect w/h attrs) (s116-D1: marks carry the 24 floor, not the 44 target); DATA MARK `rect.dv-series` — 14.0x133.9 — under the 24 dense-case minimum (rect w/h attrs) (s116-D1: marks carry the 24 floor, not the 44 target); DATA MARK `rect.dv-series` — 14.0x216.0 — under the 24 dense-case minimum (rect w/h attrs) (s116-D1: marks carry the 24 floor, not the 44 target); DATA MARK `rect.dv-series` — 14.0x38.9 — under the 24 dense-case minimum (rect w/h attrs) (s116-D1: marks carry the 24 floor, not the 44 target); DATA MARK `rect.dv-series` — 14.0x47.5 — under the 24 dense-case minimum (rect w/h attrs) (s116-D1: marks carry the 24 floor, not the 44 target); DATA MARK `rect.dv-series` — 14.0x118.8 — under the 24 dense-case minimum (rect w/h attrs) (s116-D1: marks carry the 24 floor, not the 44 target); DATA MARK `rect.dv-series` — 14.0x129.6 — under the 24 dense-case minimum (rect w/h attrs) (s116-D1: marks carry the 24 floor, not the 44 target); DATA MARK `rect.dv-series` — 14.0x183.6 — under the 24 dense-case minimum (rect w/h attrs) (s116-D1: marks carry the 24 floor, not the 44 target); DATA MARK `rect.dv-series` — 14.0x86.4 — under the 24 dense-case minimum (rect w/h attrs) (s116-D1: marks carry the 24 floor, not the 44 target); DATA MARK `rect.dv-series` — 14.0x90.7 — under the 24 dense-case minimum (rect w/h attrs) (s116-D1: marks carry the 24 floor, not the 44 target); DATA MARK `rect.dv-series` — 14.0x64.8 — under the 24 dense-case minimum (rect w/h attrs) (s116-D1: marks carry the 24 floor, not the 44 target); DATA MARK `rect.dv-series` — 14.0x125.3 — under the 24 dense-case minimum (rect w/h attrs) (s116-D1: marks carry the 24 floor, not the 44 target); DATA MARK `rect.dv-series` — 14.0x99.4 — under the 24 dense-case minimum (rect w/h attrs) (s116-D1: marks carry the 24 floor, not the 44 target); DATA MARK `rect.dv-series` — 14.0x108.0 — under the 24 dense-case minimum (rect w/h attrs) (s116-D1: marks carry the 24 floor, not the 44 target); DATA MARK `rect.dv-series` — 14.0x129.6 — under the 24 dense-case minimum (rect w/h attrs) (s116-D1: marks carry the 24 floor, not the 44 target); DATA MARK `rect.dv-series` — 14.0x205.2 — under the 24 dense-case minimum (rect w/h attrs) (s116-D1: marks carry the 24 floor, not the 44 target); DATA MARK `rect.dv-series` — 14.0x155.5 — under the 24 dense-case minimum (rect w/h attrs) (s116-D1: marks carry the 24 floor, not the 44 target); DATA MARK `rect.dv-series` — 14.0x86.4 — under the 24 dense-case minimum (rect w/h attrs) (s116-D1: marks carry the 24 floor, not the 44 target); DATA MARK `rect.dv-series` — 14.0x140.4 — under the 24 dense-case minimum (rect w/h attrs) (s116-D1: marks carry the 24 floor, not the 44 target); DATA MARK `rect.dv-series` — 14.0x64.8 — under the 24 dense-case minimum (rect w/h attrs) (s116-D1: marks carry the 24 floor, not the 44 target); DATA MARK `rect.dv-series` — 14.0x47.5 — under the 24 dense-case minimum (rect w/h attrs) (s116-D1: marks carry the 24 floor, not the 44 target); DATA MARK `rect.dv-series` — 14.0x43.2 — under the 24 dense-case minimum (rect w/h attrs) (s116-D1: marks carry the 24 floor, not the 44 target); DATA MARK `rect.dv-series` — 14.0x54.0 — under the 24 dense-case minimum (rect w/h attrs) (s116-D1: marks carry the 24 floor, not the 44 target); DATA MARK `path.dv-donut-seg.dv-marker.dv-series` — 40.0x11.5 — under the 24 dense-case minimum (arc segment: radial thickness 40.0, mid-radius arc length 11.5) (s116-D1: marks carry the 24 floor, not the 44 target); DATA MARK `path.dv-donut-seg.dv-marker.dv-series` — 40.0x21.2 — under the 24 dense-case minimum (arc segment: radial thickness 40.0, mid-radius arc length 21.2) (s116-D1: marks carry the 24 floor, not the 44 target); DATA MARK `g.dv-marker` — 11.0x11.0 — under the 24 dense-case minimum (<g> wrapper measured from its circle child (circle diameter 2r)) (s116-D1: marks carry the 24 floor, not the 44 target); DATA MARK `g.dv-marker` — 11.0x11.0 — under the 24 dense-case minimum (<g> wrapper measured from its circle child (circle diameter 2r)) (s116-D1: marks carry the 24 floor, not the 44 target); DATA MARK `g.dv-marker` — 11.0x11.0 — under the 24 dense-case minimum (<g> wrapper measured from its circle child (circle diameter 2r)) (s116-D1: marks carry the 24 floor, not the 44 target); DATA MARK `g.dv-marker` — 11.0x11.0 — under the 24 dense-case minimum (<g> wrapper measured from its circle child (circle diameter 2r)) (s116-D1: marks carry the 24 floor, not the 44 target); DATA MARK `g.dv-marker` — 11.0x11.0 — under the 24 dense-case minimum (<g> wrapper measured from its circle child (circle diameter 2r)) (s116-D1: marks carry the 24 floor, not the 44 target); DATA MARK `g.dv-marker` — 11.0x11.0 — under the 24 dense-case minimum (<g> wrapper measured from its circle child (circle diameter 2r)) (s116-D1: marks carry the 24 floor, not the 44 target); DATA MARK `g.dv-marker` — 11.0x11.0 — under the 24 dense-case minimum (<g> wrapper measured from its circle child (circle diameter 2r)) (s116-D1: marks carry the 24 floor, not the 44 target); DATA MARK `g.dv-marker` — 11.0x11.0 — under the 24 dense-case minimum (<g> wrapper measured from its circle child (circle diameter 2r)) (s116-D1: marks carry the 24 floor, not the 44 target); DATA MARK `g.dv-marker` — 11.0x11.0 — under the 24 dense-case minimum (<g> wrapper measured from its circle child (circle diameter 2r)) (s116-D1: marks carry the 24 floor, not the 44 target); DATA MARK `g.dv-marker` — 11.0x11.0 — under the 24 dense-case minimum (<g> wrapper measured from its circle child (circle diameter 2r)) (s116-D1: marks carry the 24 floor, not the 44 target); DATA MARK `g.dv-marker` — 11.0x11.0 — under the 24 dense-case minimum (<g> wrapper measured from its circle child (circle diameter 2r)) (s116-D1: marks carry the 24 floor, not the 44 target); DATA MARK `g.dv-marker` — 11.0x11.0 — under the 24 dense-case minimum (<g> wrapper measured from its circle child (circle diameter 2r)) (s116-D1: marks carry the 24 floor, not the 44 target); DATA MARK `g.dv-marker` — 11.0x11.0 — under the 24 dense-case minimum (<g> wrapper measured from its circle child (circle diameter 2r)) (s116-D1: marks carry the 24 floor, not the 44 target); DATA MARK `g.dv-marker` — 11.0x11.0 — under the 24 dense-case minimum (<g> wrapper measured from its circle child (circle diameter 2r)) (s116-D1: marks carry the 24 floor, not the 44 target); DATA MARK `g.dv-marker` — 11.0x11.0 — under the 24 dense-case minimum (<g> wrapper measured from its circle child (circle diameter 2r)) (s116-D1: marks carry the 24 floor, not the 44 target); DATA MARK `g.dv-marker` — 11.0x11.0 — under the 24 dense-case minimum (<g> wrapper measured from its circle child (circle diameter 2r)) (s116-D1: marks carry the 24 floor, not the 44 target); DATA MARK `g.dv-marker` — 11.0x11.0 — under the 24 dense-case minimum (<g> wrapper measured from its circle child (circle diameter 2r)) (s116-D1: marks carry the 24 floor, not the 44 target); DATA MARK `g.dv-marker` — 11.0x11.0 — under the 24 dense-case minimum (<g> wrapper measured from its circle child (circle diameter 2r)) (s116-D1: marks carry the 24 floor, not the 44 target); DATA MARK `g.dv-marker` — 11.0x11.0 — under the 24 dense-case minimum (<g> wrapper measured from its circle child (circle diameter 2r)) (s116-D1: marks carry the 24 floor, not the 44 target); DATA MARK `g.dv-marker` — 11.0x11.0 — under the 24 dense-case minimum (<g> wrapper measured from its circle child (circle diameter 2r)) (s116-D1: marks carry the 24 floor, not the 44 target); DATA MARK `g.dv-marker` — 11.0x11.0 — under the 24 dense-case minimum (<g> wrapper measured from its circle child (circle diameter 2r)) (s116-D1: marks carry the 24 floor, not the 44 target); DATA MARK `g.dv-marker` — 11.0x11.0 — under the 24 dense-case minimum (<g> wrapper measured from its circle child (circle diameter 2r)) (s116-D1: marks carry the 24 floor, not the 44 target); DATA MARK `g.dv-marker` — 11.0x11.0 — under the 24 dense-case minimum (<g> wrapper measured from its circle child (circle diameter 2r)) (s116-D1: marks carry the 24 floor, not the 44 target); DATA MARK `g.dv-marker` — 11.0x11.0 — under the 24 dense-case minimum (<g> wrapper measured from its circle child (circle diameter 2r)) (s116-D1: marks carry the 24 floor, not the 44 target); DATA MARK `g.dv-marker` — 11.0x11.0 — under the 24 dense-case minimum (<g> wrapper measured from its rect child (rect w/h attrs)) (s116-D1: marks carry the 24 floor, not the 44 target); DATA MARK `g.dv-marker` — 11.0x11.0 — under the 24 dense-case minimum (<g> wrapper measured from its rect child (rect w/h attrs)) (s116-D1: marks carry the 24 floor, not the 44 target); DATA MARK `g.dv-marker` — 11.0x11.0 — under the 24 dense-case minimum (<g> wrapper measured from its rect child (rect w/h attrs)) (s116-D1: marks carry the 24 floor, not the 44 target); DATA MARK `g.dv-marker` — 11.0x11.0 — under the 24 dense-case minimum (<g> wrapper measured from its rect child (rect w/h attrs)) (s116-D1: marks carry the 24 floor, not the 44 target); DATA MARK `g.dv-marker` — 11.0x11.0 — under the 24 dense-case minimum (<g> wrapper measured from its rect child (rect w/h attrs)) (s116-D1: marks carry the 24 floor, not the 44 target); DATA MARK `g.dv-marker` — 11.0x11.0 — under the 24 dense-case minimum (<g> wrapper measured from its rect child (rect w/h attrs)) (s116-D1: marks carry the 24 floor, not the 44 target); DATA MARK `g.dv-marker` — 11.0x11.0 — under the 24 dense-case minimum (<g> wrapper measured from its rect child (rect w/h attrs)) (s116-D1: marks carry the 24 floor, not the 44 target); DATA MARK `g.dv-marker` — 11.0x11.0 — under the 24 dense-case minimum (<g> wrapper measured from its rect child (rect w/h attrs)) (s116-D1: marks carry the 24 floor, not the 44 target); DATA MARK `g.dv-marker` — 11.0x11.0 — under the 24 dense-case minimum (<g> wrapper measured from its rect child (rect w/h attrs)) (s116-D1: marks carry the 24 floor, not the 44 target); DATA MARK `g.dv-marker` — 11.0x11.0 — under the 24 dense-case minimum (<g> wrapper measured from its rect child (rect w/h attrs)) (s116-D1: marks carry the 24 floor, not the 44 target); DATA MARK `g.dv-marker` — 11.0x11.0 — under the 24 dense-case minimum (<g> wrapper measured from its rect child (rect w/h attrs)) (s116-D1: marks carry the 24 floor, not the 44 target); DATA MARK `g.dv-marker` — 11.0x11.0 — under the 24 dense-case minimum (<g> wrapper measured from its rect child (rect w/h attrs)) (s116-D1: marks carry the 24 floor, not the 44 target); DATA MARK `g.dv-marker` — 13.0x13.0 — under the 24 dense-case minimum (<g> wrapper measured from its polygon child (polygon bbox)) (s116-D1: marks carry the 24 floor, not the 44 target); DATA MARK `g.dv-marker` — 13.0x13.0 — under the 24 dense-case minimum (<g> wrapper measured from its polygon child (polygon bbox)) (s116-D1: marks carry the 24 floor, not the 44 target); DATA MARK `g.dv-marker` — 13.0x13.0 — under the 24 dense-case minimum (<g> wrapper measured from its polygon child (polygon bbox)) (s116-D1: marks carry the 24 floor, not the 44 target); DATA MARK `g.dv-marker` — 13.0x13.0 — under the 24 dense-case minimum (<g> wrapper measured from its polygon child (polygon bbox)) (s116-D1: marks carry the 24 floor, not the 44 target); DATA MARK `g.dv-marker` — 13.0x13.0 — under the 24 dense-case minimum (<g> wrapper measured from its polygon child (polygon bbox)) (s116-D1: marks carry the 24 floor, not the 44 target); DATA MARK `g.dv-marker` — 13.0x13.0 — under the 24 dense-case minimum (<g> wrapper measured from its polygon child (polygon bbox)) (s116-D1: marks carry the 24 floor, not the 44 target); DATA MARK `g.dv-marker` — 13.0x13.0 — under the 24 dense-case minimum (<g> wrapper measured from its polygon child (polygon bbox)) (s116-D1: marks carry the 24 floor, not the 44 target); DATA MARK `g.dv-marker` — 13.0x13.0 — under the 24 dense-case minimum (<g> wrapper measured from its polygon child (polygon bbox)) (s116-D1: marks carry the 24 floor, not the 44 target); DATA MARK `g.dv-marker` — 13.0x13.0 — under the 24 dense-case minimum (<g> wrapper measured from its polygon child (polygon bbox)) (s116-D1: marks carry the 24 floor, not the 44 target); DATA MARK `g.dv-marker` — 13.0x13.0 — under the 24 dense-case minimum (<g> wrapper measured from its polygon child (polygon bbox)) (s116-D1: marks carry the 24 floor, not the 44 target); DATA MARK `g.dv-marker` — 13.0x13.0 — under the 24 dense-case minimum (<g> wrapper measured from its polygon child (polygon bbox)) (s116-D1: marks carry the 24 floor, not the 44 target); DATA MARK `g.dv-marker` — 13.0x13.0 — under the 24 dense-case minimum (<g> wrapper measured from its polygon child (polygon bbox)) (s116-D1: marks carry the 24 floor, not the 44 target); DATA MARK `g.dv-marker` — 11.0x11.0 — under the 24 dense-case minimum (<g> wrapper measured from its rect child (rect w/h attrs)) (s116-D1: marks carry the 24 floor, not the 44 target); DATA MARK `g.dv-marker` — 11.0x11.0 — under the 24 dense-case minimum (<g> wrapper measured from its rect child (rect w/h attrs)) (s116-D1: marks carry the 24 floor, not the 44 target); DATA MARK `g.dv-marker` — 11.0x11.0 — under the 24 dense-case minimum (<g> wrapper measured from its rect child (rect w/h attrs)) (s116-D1: marks carry the 24 floor, not the 44 target); DATA MARK `g.dv-marker` — 11.0x11.0 — under the 24 dense-case minimum (<g> wrapper measured from its rect child (rect w/h attrs)) (s116-D1: marks carry the 24 floor, not the 44 target); DATA MARK `g.dv-marker` — 11.0x11.0 — under the 24 dense-case minimum (<g> wrapper measured from its rect child (rect w/h attrs)) (s116-D1: marks carry the 24 floor, not the 44 target); DATA MARK `g.dv-marker` — 11.0x11.0 — under the 24 dense-case minimum (<g> wrapper measured from its rect child (rect w/h attrs)) (s116-D1: marks carry the 24 floor, not the 44 target); DATA MARK `g.dv-marker` — 11.0x11.0 — under the 24 dense-case minimum (<g> wrapper measured from its rect child (rect w/h attrs)) (s116-D1: marks carry the 24 floor, not the 44 target); DATA MARK `g.dv-marker` — 11.0x11.0 — under the 24 dense-case minimum (<g> wrapper measured from its rect child (rect w/h attrs)) (s116-D1: marks carry the 24 floor, not the 44 target); DATA MARK `g.dv-marker` — 11.0x11.0 — under the 24 dense-case minimum (<g> wrapper measured from its rect child (rect w/h attrs)) (s116-D1: marks carry the 24 floor, not the 44 target); DATA MARK `g.dv-marker` — 11.0x11.0 — under the 24 dense-case minimum (<g> wrapper measured from its rect child (rect w/h attrs)) (s116-D1: marks carry the 24 floor, not the 44 target); DATA MARK `g.dv-marker` — 11.0x11.0 — under the 24 dense-case minimum (<g> wrapper measured from its rect child (rect w/h attrs)) (s116-D1: marks carry the 24 floor, not the 44 target); DATA MARK `g.dv-marker` — 11.0x11.0 — under the 24 dense-case minimum (<g> wrapper measured from its rect child (rect w/h attrs)) (s116-D1: marks carry the 24 floor, not the 44 target); DATA MARK `rect.dv-series` — 20.0x64.8 — under the 24 dense-case minimum (rect w/h attrs) (s116-D1: marks carry the 24 floor, not the 44 target); DATA MARK `rect.dv-series` — 20.0x118.8 — under the 24 dense-case minimum (rect w/h attrs) (s116-D1: marks carry the 24 floor, not the 44 target); DATA MARK `rect.dv-series` — 20.0x95.0 — under the 24 dense-case minimum (rect w/h attrs) (s116-D1: marks carry the 24 floor, not the 44 target); DATA MARK `rect.dv-series` — 20.0x108.0 — under the 24 dense-case minimum (rect w/h attrs) (s116-D1: marks carry the 24 floor, not the 44 target); DATA MARK `rect.dv-series` — 20.0x146.9 — under the 24 dense-case minimum (rect w/h attrs) (s116-D1: marks carry the 24 floor, not the 44 target); DATA MARK `rect.dv-series` — 20.0x177.1 — under the 24 dense-case minimum (rect w/h attrs) (s116-D1: marks carry the 24 floor, not the 44 target); DATA MARK `rect.dv-series` — 20.0x38.9 — under the 24 dense-case minimum (rect w/h attrs) (s116-D1: marks carry the 24 floor, not the 44 target); DATA MARK `rect.dv-series` — 20.0x51.8 — under the 24 dense-case minimum (rect w/h attrs) (s116-D1: marks carry the 24 floor, not the 44 target); DATA MARK `rect.dv-series` — 20.0x30.2 — under the 24 dense-case minimum (rect w/h attrs) (s116-D1: marks carry the 24 floor, not the 44 target); DATA MARK `rect.dv-series` — 20.0x86.4 — under the 24 dense-case minimum (rect w/h attrs) (s116-D1: marks carry the 24 floor, not the 44 target); DATA MARK `rect.dv-series` — 20.0x112.3 — under the 24 dense-case minimum (rect w/h attrs) (s116-D1: marks carry the 24 floor, not the 44 target); DATA MARK `rect.dv-series` — 20.0x99.4 — under the 24 dense-case minimum (rect w/h attrs) (s116-D1: marks carry the 24 floor, not the 44 target); DATA MARK `rect.dv-series` — 20.0x198.7 — under the 24 dense-case minimum (rect w/h attrs) (s116-D1: marks carry the 24 floor, not the 44 target); DATA MARK `rect.dv-series` — 20.0x151.2 — under the 24 dense-case minimum (rect w/h attrs) (s116-D1: marks carry the 24 floor, not the 44 target); DATA MARK `rect.dv-series` — 20.0x129.6 — under the 24 dense-case minimum (rect w/h attrs) (s116-D1: marks carry the 24 floor, not the 44 target); DATA MARK `rect.dv-series` — 20.0x47.5 — under the 24 dense-case minimum (rect w/h attrs) (s116-D1: marks carry the 24 floor, not the 44 target); DATA MARK `rect.dv-series` — 20.0x99.4 — under the 24 dense-case minimum (rect w/h attrs) (s116-D1: marks carry the 24 floor, not the 44 target); DATA MARK `rect.dv-series` — 20.0x82.1 — under the 24 dense-case minimum (rect w/h attrs) (s116-D1: marks carry the 24 floor, not the 44 target))
2026-09-28T14:46:18.7333593Z ## nio-dash-console-v2.canon.html
2026-09-28T14:46:18.7334974Z - receipt: UNPROVEN:NO-RECEIPT — this page carries no #provenance-receipt, so nothing about its provenance was measured. Mint one with `python3 knowledge/gen_provenance_receipt.py --mint <path>`; run with --receipt-strict to make this block.
2026-09-28T14:46:18.7336092Z - compose: ✅
2026-09-28T14:46:18.7336527Z - composition: n/a — no .c-bento on this page
2026-09-28T14:46:18.7337136Z - icon-source: ✅ all paths library-matched
2026-09-28T14:46:18.7392880Z - a11y: ✅  (warn: DATA MARK `rect.dv-series` — 14.0x97.2 — under the 24 dense-case minimum (rect w/h attrs) (s116-D1: marks carry the 24 floor, not the 44 target); DATA MARK `rect.dv-series` — 14.0x64.8 — under the 24 dense-case minimum (rect w/h attrs) (s116-D1: marks carry the 24 floor, not the 44 target); DATA MARK `rect.dv-series` — 14.0x133.9 — under the 24 dense-case minimum (rect w/h attrs) (s116-D1: marks carry the 24 floor, not the 44 target); DATA MARK `rect.dv-series` — 14.0x216.0 — under the 24 dense-case minimum (rect w/h attrs) (s116-D1: marks carry the 24 floor, not the 44 target); DATA MARK `rect.dv-series` — 14.0x38.9 — under the 24 dense-case minimum (rect w/h attrs) (s116-D1: marks carry the 24 floor, not the 44 target); DATA MARK `rect.dv-series` — 14.0x47.5 — under the 24 dense-case minimum (rect w/h attrs) (s116-D1: marks carry the 24 floor, not the 44 target); DATA MARK `rect.dv-series` — 14.0x118.8 — under the 24 dense-case minimum (rect w/h attrs) (s116-D1: marks carry the 24 floor, not the 44 target); DATA MARK `rect.dv-series` — 14.0x129.6 — under the 24 dense-case minimum (rect w/h attrs) (s116-D1: marks carry the 24 floor, not the 44 target); DATA MARK `rect.dv-series` — 14.0x183.6 — under the 24 dense-case minimum (rect w/h attrs) (s116-D1: marks carry the 24 floor, not the 44 target); DATA MARK `rect.dv-series` — 14.0x86.4 — under the 24 dense-case minimum (rect w/h attrs) (s116-D1: marks carry the 24 floor, not the 44 target); DATA MARK `rect.dv-series` — 14.0x90.7 — under the 24 dense-case minimum (rect w/h attrs) (s116-D1: marks carry the 24 floor, not the 44 target); DATA MARK `rect.dv-series` — 14.0x64.8 — under the 24 dense-case minimum (rect w/h attrs) (s116-D1: marks carry the 24 floor, not the 44 target); DATA MARK `rect.dv-series` — 14.0x125.3 — under the 24 dense-case minimum (rect w/h attrs) (s116-D1: marks carry the 24 floor, not the 44 target); DATA MARK `rect.dv-series` — 14.0x99.4 — under the 24 dense-case minimum (rect w/h attrs) (s116-D1: marks carry the 24 floor, not the 44 target); DATA MARK `rect.dv-series` — 14.0x108.0 — under the 24 dense-case minimum (rect w/h attrs) (s116-D1: marks carry the 24 floor, not the 44 target); DATA MARK `rect.dv-series` — 14.0x129.6 — under the 24 dense-case minimum (rect w/h attrs) (s116-D1: marks carry the 24 floor, not the 44 target); DATA MARK `rect.dv-series` — 14.0x205.2 — under the 24 dense-case minimum (rect w/h attrs) (s116-D1: marks carry the 24 floor, not the 44 target); DATA MARK `rect.dv-series` — 14.0x155.5 — under the 24 dense-case minimum (rect w/h attrs) (s116-D1: marks carry the 24 floor, not the 44 target); DATA MARK `rect.dv-series` — 14.0x86.4 — under the 24 dense-case minimum (rect w/h attrs) (s116-D1: marks carry the 24 floor, not the 44 target); DATA MARK `rect.dv-series` — 14.0x140.4 — under the 24 dense-case minimum (rect w/h attrs) (s116-D1: marks carry the 24 floor, not the 44 target); DATA MARK `rect.dv-series` — 14.0x64.8 — under the 24 dense-case minimum (rect w/h attrs) (s116-D1: marks carry the 24 floor, not the 44 target); DATA MARK `rect.dv-series` — 14.0x47.5 — under the 24 dense-case minimum (rect w/h attrs) (s116-D1: marks carry the 24 floor, not the 44 target); DATA MARK `rect.dv-series` — 14.0x43.2 — under the 24 dense-case minimum (rect w/h attrs) (s116-D1: marks carry the 24 floor, not the 44 target); DATA MARK `rect.dv-series` — 14.0x54.0 — under the 24 dense-case minimum (rect w/h attrs) (s116-D1: marks carry the 24 floor, not the 44 target); DATA MARK `path.dv-donut-seg.dv-marker.dv-series` — 40.0x11.5 — under the 24 dense-case minimum (arc segment: radial thickness 40.0, mid-radius arc length 11.5) (s116-D1: marks carry the 24 floor, not the 44 target); DATA MARK `path.dv-donut-seg.dv-marker.dv-series` — 40.0x21.2 — under the 24 dense-case minimum (arc segment: radial thickness 40.0, mid-radius arc length 21.2) (s116-D1: marks carry the 24 floor, not the 44 target); DATA MARK `g.dv-marker` — 11.0x11.0 — under the 24 dense-case minimum (<g> wrapper measured from its circle child (circle diameter 2r)) (s116-D1: marks carry the 24 floor, not the 44 target); DATA MARK `g.dv-marker` — 11.0x11.0 — under the 24 dense-case minimum (<g> wrapper measured from its circle child (circle diameter 2r)) (s116-D1: marks carry the 24 floor, not the 44 target); DATA MARK `g.dv-marker` — 11.0x11.0 — under the 24 dense-case minimum (<g> wrapper measured from its circle child (circle diameter 2r)) (s116-D1: marks carry the 24 floor, not the 44 target); DATA MARK `g.dv-marker` — 11.0x11.0 — under the 24 dense-case minimum (<g> wrapper measured from its circle child (circle diameter 2r)) (s116-D1: marks carry the 24 floor, not the 44 target); DATA MARK `g.dv-marker` — 11.0x11.0 — under the 24 dense-case minimum (<g> wrapper measured from its circle child (circle diameter 2r)) (s116-D1: marks carry the 24 floor, not the 44 target); DATA MARK `g.dv-marker` — 11.0x11.0 — under the 24 dense-case minimum (<g> wrapper measured from its circle child (circle diameter 2r)) (s116-D1: marks carry the 24 floor, not the 44 target); DATA MARK `g.dv-marker` — 11.0x11.0 — under the 24 dense-case minimum (<g> wrapper measured from its circle child (circle diameter 2r)) (s116-D1: marks carry the 24 floor, not the 44 target); DATA MARK `g.dv-marker` — 11.0x11.0 — under the 24 dense-case minimum (<g> wrapper measured from its circle child (circle diameter 2r)) (s116-D1: marks carry the 24 floor, not the 44 target); DATA MARK `g.dv-marker` — 11.0x11.0 — under the 24 dense-case minimum (<g> wrapper measured from its circle child (circle diameter 2r)) (s116-D1: marks carry the 24 floor, not the 44 target); DATA MARK `g.dv-marker` — 11.0x11.0 — under the 24 dense-case minimum (<g> wrapper measured from its circle child (circle diameter 2r)) (s116-D1: marks carry the 24 floor, not the 44 target); DATA MARK `g.dv-marker` — 11.0x11.0 — under the 24 dense-case minimum (<g> wrapper measured from its circle child (circle diameter 2r)) (s116-D1: marks carry the 24 floor, not the 44 target); DATA MARK `g.dv-marker` — 11.0x11.0 — under the 24 dense-case minimum (<g> wrapper measured from its circle child (circle diameter 2r)) (s116-D1: marks carry the 24 floor, not the 44 target); DATA MARK `g.dv-marker` — 11.0x11.0 — under the 24 dense-case minimum (<g> wrapper measured from its circle child (circle diameter 2r)) (s116-D1: marks carry the 24 floor, not the 44 target); DATA MARK `g.dv-marker` — 11.0x11.0 — under the 24 dense-case minimum (<g> wrapper measured from its circle child (circle diameter 2r)) (s116-D1: marks carry the 24 floor, not the 44 target); DATA MARK `g.dv-marker` — 11.0x11.0 — under the 24 dense-case minimum (<g> wrapper measured from its circle child (circle diameter 2r)) (s116-D1: marks carry the 24 floor, not the 44 target); DATA MARK `g.dv-marker` — 11.0x11.0 — under the 24 dense-case minimum (<g> wrapper measured from its circle child (circle diameter 2r)) (s116-D1: marks carry the 24 floor, not the 44 target); DATA MARK `g.dv-marker` — 11.0x11.0 — under the 24 dense-case minimum (<g> wrapper measured from its circle child (circle diameter 2r)) (s116-D1: marks carry the 24 floor, not the 44 target); DATA MARK `g.dv-marker` — 11.0x11.0 — under the 24 dense-case minimum (<g> wrapper measured from its circle child (circle diameter 2r)) (s116-D1: marks carry the 24 floor, not the 44 target); DATA MARK `g.dv-marker` — 11.0x11.0 — under the 24 dense-case minimum (<g> wrapper measured from its circle child (circle diameter 2r)) (s116-D1: marks carry the 24 floor, not the 44 target); DATA MARK `g.dv-marker` — 11.0x11.0 — under the 24 dense-case minimum (<g> wrapper measured from its circle child (circle diameter 2r)) (s116-D1: marks carry the 24 floor, not the 44 target); DATA MARK `g.dv-marker` — 11.0x11.0 — under the 24 dense-case minimum (<g> wrapper measured from its circle child (circle diameter 2r)) (s116-D1: marks carry the 24 floor, not the 44 target); DATA MARK `g.dv-marker` — 11.0x11.0 — under the 24 dense-case minimum (<g> wrapper measured from its circle child (circle diameter 2r)) (s116-D1: marks carry the 24 floor, not the 44 target); DATA MARK `g.dv-marker` — 11.0x11.0 — under the 24 dense-case minimum (<g> wrapper measured from its circle child (circle diameter 2r)) (s116-D1: marks carry the 24 floor, not the 44 target); DATA MARK `g.dv-marker` — 11.0x11.0 — under the 24 dense-case minimum (<g> wrapper measured from its circle child (circle diameter 2r)) (s116-D1: marks carry the 24 floor, not the 44 target); DATA MARK `g.dv-marker` — 11.0x11.0 — under the 24 dense-case minimum (<g> wrapper measured from its rect child (rect w/h attrs)) (s116-D1: marks carry the 24 floor, not the 44 target); DATA MARK `g.dv-marker` — 11.0x11.0 — under the 24 dense-case minimum (<g> wrapper measured from its rect child (rect w/h attrs)) (s116-D1: marks carry the 24 floor, not the 44 target); DATA MARK `g.dv-marker` — 11.0x11.0 — under the 24 dense-case minimum (<g> wrapper measured from its rect child (rect w/h attrs)) (s116-D1: marks carry the 24 floor, not the 44 target); DATA MARK `g.dv-marker` — 11.0x11.0 — under the 24 dense-case minimum (<g> wrapper measured from its rect child (rect w/h attrs)) (s116-D1: marks carry the 24 floor, not the 44 target); DATA MARK `g.dv-marker` — 11.0x11.0 — under the 24 dense-case minimum (<g> wrapper measured from its rect child (rect w/h attrs)) (s116-D1: marks carry the 24 floor, not the 44 target); DATA MARK `g.dv-marker` — 11.0x11.0 — under the 24 dense-case minimum (<g> wrapper measured from its rect child (rect w/h attrs)) (s116-D1: marks carry the 24 floor, not the 44 target); DATA MARK `g.dv-marker` — 11.0x11.0 — under the 24 dense-case minimum (<g> wrapper measured from its rect child (rect w/h attrs)) (s116-D1: marks carry the 24 floor, not the 44 target); DATA MARK `g.dv-marker` — 11.0x11.0 — under the 24 dense-case minimum (<g> wrapper measured from its rect child (rect w/h attrs)) (s116-D1: marks carry the 24 floor, not the 44 target); DATA MARK `g.dv-marker` — 11.0x11.0 — under the 24 dense-case minimum (<g> wrapper measured from its rect child (rect w/h attrs)) (s116-D1: marks carry the 24 floor, not the 44 target); DATA MARK `g.dv-marker` — 11.0x11.0 — under the 24 dense-case minimum (<g> wrapper measured from its rect child (rect w/h attrs)) (s116-D1: marks carry the 24 floor, not the 44 target); DATA MARK `g.dv-marker` — 11.0x11.0 — under the 24 dense-case minimum (<g> wrapper measured from its rect child (rect w/h attrs)) (s116-D1: marks carry the 24 floor, not the 44 target); DATA MARK `g.dv-marker` — 11.0x11.0 — under the 24 dense-case minimum (<g> wrapper measured from its rect child (rect w/h attrs)) (s116-D1: marks carry the 24 floor, not the 44 target); DATA MARK `g.dv-marker` — 13.0x13.0 — under the 24 dense-case minimum (<g> wrapper measured from its polygon child (polygon bbox)) (s116-D1: marks carry the 24 floor, not the 44 target); DATA MARK `g.dv-marker` — 13.0x13.0 — under the 24 dense-case minimum (<g> wrapper measured from its polygon child (polygon bbox)) (s116-D1: marks carry the 24 floor, not the 44 target); DATA MARK `g.dv-marker` — 13.0x13.0 — under the 24 dense-case minimum (<g> wrapper measured from its polygon child (polygon bbox)) (s116-D1: marks carry the 24 floor, not the 44 target); DATA MARK `g.dv-marker` — 13.0x13.0 — under the 24 dense-case minimum (<g> wrapper measured from its polygon child (polygon bbox)) (s116-D1: marks carry the 24 floor, not the 44 target); DATA MARK `g.dv-marker` — 13.0x13.0 — under the 24 dense-case minimum (<g> wrapper measured from its polygon child (polygon bbox)) (s116-D1: marks carry the 24 floor, not the 44 target); DATA MARK `g.dv-marker` — 13.0x13.0 — under the 24 dense-case minimum (<g> wrapper measured from its polygon child (polygon bbox)) (s116-D1: marks carry the 24 floor, not the 44 target); DATA MARK `g.dv-marker` — 13.0x13.0 — under the 24 dense-case minimum (<g> wrapper measured from its polygon child (polygon bbox)) (s116-D1: marks carry the 24 floor, not the 44 target); DATA MARK `g.dv-marker` — 13.0x13.0 — under the 24 dense-case minimum (<g> wrapper measured from its polygon child (polygon bbox)) (s116-D1: marks carry the 24 floor, not the 44 target); DATA MARK `g.dv-marker` — 13.0x13.0 — under the 24 dense-case minimum (<g> wrapper measured from its polygon child (polygon bbox)) (s116-D1: marks carry the 24 floor, not the 44 target); DATA MARK `g.dv-marker` — 13.0x13.0 — under the 24 dense-case minimum (<g> wrapper measured from its polygon child (polygon bbox)) (s116-D1: marks carry the 24 floor, not the 44 target); DATA MARK `g.dv-marker` — 13.0x13.0 — under the 24 dense-case minimum (<g> wrapper measured from its polygon child (polygon bbox)) (s116-D1: marks carry the 24 floor, not the 44 target); DATA MARK `g.dv-marker` — 13.0x13.0 — under the 24 dense-case minimum (<g> wrapper measured from its polygon child (polygon bbox)) (s116-D1: marks carry the 24 floor, not the 44 target); DATA MARK `g.dv-marker` — 11.0x11.0 — under the 24 dense-case minimum (<g> wrapper measured from its rect child (rect w/h attrs)) (s116-D1: marks carry the 24 floor, not the 44 target); DATA MARK `g.dv-marker` — 11.0x11.0 — under the 24 dense-case minimum (<g> wrapper measured from its rect child (rect w/h attrs)) (s116-D1: marks carry the 24 floor, not the 44 target); DATA MARK `g.dv-marker` — 11.0x11.0 — under the 24 dense-case minimum (<g> wrapper measured from its rect child (rect w/h attrs)) (s116-D1: marks carry the 24 floor, not the 44 target); DATA MARK `g.dv-marker` — 11.0x11.0 — under the 24 dense-case minimum (<g> wrapper measured from its rect child (rect w/h attrs)) (s116-D1: marks carry the 24 floor, not the 44 target); DATA MARK `g.dv-marker` — 11.0x11.0 — under the 24 dense-case minimum (<g> wrapper measured from its rect child (rect w/h attrs)) (s116-D1: marks carry the 24 floor, not the 44 target); DATA MARK `g.dv-marker` — 11.0x11.0 — under the 24 dense-case minimum (<g> wrapper measured from its rect child (rect w/h attrs)) (s116-D1: marks carry the 24 floor, not the 44 target); DATA MARK `g.dv-marker` — 11.0x11.0 — under the 24 dense-case minimum (<g> wrapper measured from its rect child (rect w/h attrs)) (s116-D1: marks carry the 24 floor, not the 44 target); DATA MARK `g.dv-marker` — 11.0x11.0 — under the 24 dense-case minimum (<g> wrapper measured from its rect child (rect w/h attrs)) (s116-D1: marks carry the 24 floor, not the 44 target); DATA MARK `g.dv-marker` — 11.0x11.0 — under the 24 dense-case minimum (<g> wrapper measured from its rect child (rect w/h attrs)) (s116-D1: marks carry the 24 floor, not the 44 target); DATA MARK `g.dv-marker` — 11.0x11.0 — under the 24 dense-case minimum (<g> wrapper measured from its rect child (rect w/h attrs)) (s116-D1: marks carry the 24 floor, not the 44 target); DATA MARK `g.dv-marker` — 11.0x11.0 — under the 24 dense-case minimum (<g> wrapper measured from its rect child (rect w/h attrs)) (s116-D1: marks carry the 24 floor, not the 44 target); DATA MARK `g.dv-marker` — 11.0x11.0 — under the 24 dense-case minimum (<g> wrapper measured from its rect child (rect w/h attrs)) (s116-D1: marks carry the 24 floor, not the 44 target); DATA MARK `rect.dv-series` — 20.0x64.8 — under the 24 dense-case minimum (rect w/h attrs) (s116-D1: marks carry the 24 floor, not the 44 target); DATA MARK `rect.dv-series` — 20.0x118.8 — under the 24 dense-case minimum (rect w/h attrs) (s116-D1: marks carry the 24 floor, not the 44 target); DATA MARK `rect.dv-series` — 20.0x95.0 — under the 24 dense-case minimum (rect w/h attrs) (s116-D1: marks carry the 24 floor, not the 44 target); DATA MARK `rect.dv-series` — 20.0x108.0 — under the 24 dense-case minimum (rect w/h attrs) (s116-D1: marks carry the 24 floor, not the 44 target); DATA MARK `rect.dv-series` — 20.0x146.9 — under the 24 dense-case minimum (rect w/h attrs) (s116-D1: marks carry the 24 floor, not the 44 target); DATA MARK `rect.dv-series` — 20.0x177.1 — under the 24 dense-case minimum (rect w/h attrs) (s116-D1: marks carry the 24 floor, not the 44 target); DATA MARK `rect.dv-series` — 20.0x38.9 — under the 24 dense-case minimum (rect w/h attrs) (s116-D1: marks carry the 24 floor, not the 44 target); DATA MARK `rect.dv-series` — 20.0x51.8 — under the 24 dense-case minimum (rect w/h attrs) (s116-D1: marks carry the 24 floor, not the 44 target); DATA MARK `rect.dv-series` — 20.0x30.2 — under the 24 dense-case minimum (rect w/h attrs) (s116-D1: marks carry the 24 floor, not the 44 target); DATA MARK `rect.dv-series` — 20.0x86.4 — under the 24 dense-case minimum (rect w/h attrs) (s116-D1: marks carry the 24 floor, not the 44 target); DATA MARK `rect.dv-series` — 20.0x112.3 — under the 24 dense-case minimum (rect w/h attrs) (s116-D1: marks carry the 24 floor, not the 44 target); DATA MARK `rect.dv-series` — 20.0x99.4 — under the 24 dense-case minimum (rect w/h attrs) (s116-D1: marks carry the 24 floor, not the 44 target); DATA MARK `rect.dv-series` — 20.0x198.7 — under the 24 dense-case minimum (rect w/h attrs) (s116-D1: marks carry the 24 floor, not the 44 target); DATA MARK `rect.dv-series` — 20.0x151.2 — under the 24 dense-case minimum (rect w/h attrs) (s116-D1: marks carry the 24 floor, not the 44 target); DATA MARK `rect.dv-series` — 20.0x129.6 — under the 24 dense-case minimum (rect w/h attrs) (s116-D1: marks carry the 24 floor, not the 44 target); DATA MARK `rect.dv-series` — 20.0x47.5 — under the 24 dense-case minimum (rect w/h attrs) (s116-D1: marks carry the 24 floor, not the 44 target); DATA MARK `rect.dv-series` — 20.0x99.4 — under the 24 dense-case minimum (rect w/h attrs) (s116-D1: marks carry the 24 floor, not the 44 target); DATA MARK `rect.dv-series` — 20.0x82.1 — under the 24 dense-case minimum (rect w/h attrs) (s116-D1: marks carry the 24 floor, not the 44 target))
2026-09-28T14:46:18.7439028Z ## payments-journey.canon.html
2026-09-28T14:46:18.7440421Z - receipt: UNPROVEN:NO-RECEIPT — this page carries no #provenance-receipt, so nothing about its provenance was measured. Mint one with `python3 knowledge/gen_provenance_receipt.py --mint <path>`; run with --receipt-strict to make this block.
2026-09-28T14:46:18.7441534Z - compose: ✅
2026-09-28T14:46:18.7441980Z - composition: n/a — no .c-bento on this page
2026-09-28T14:46:18.7442558Z - icon-source: ✅ all paths library-matched
2026-09-28T14:46:18.7443229Z - a11y: ✅
2026-09-28T14:46:18.7443624Z ## sme-payments-desktop.canon.html
2026-09-28T14:46:18.7444950Z - receipt: UNPROVEN:NO-RECEIPT — this page carries no #provenance-receipt, so nothing about its provenance was measured. Mint one with `python3 knowledge/gen_provenance_receipt.py --mint <path>`; run with --receipt-strict to make this block.
2026-09-28T14:46:18.7446058Z - compose: ✅
2026-09-28T14:46:18.7446699Z - composition: n/a — no .c-bento on this page
2026-09-28T14:46:18.7447231Z - icon-source: ✅ all paths library-matched
2026-09-28T14:46:18.7447736Z - a11y: ✅
2026-09-28T14:46:18.7448109Z ## sme-payments-swiss.canon.html
2026-09-28T14:46:18.7449236Z - receipt: UNPROVEN:NO-RECEIPT — this page carries no #provenance-receipt, so nothing about its provenance was measured. Mint one with `python3 knowledge/gen_provenance_receipt.py --mint <path>`; run with --receipt-strict to make this block.
2026-09-28T14:46:18.7450279Z - compose: ✅
2026-09-28T14:46:18.7450758Z - composition: n/a — no .c-bento on this page
2026-09-28T14:46:18.7451256Z - icon-source: ✅ all paths library-matched
2026-09-28T14:46:18.7451669Z - a11y: ✅
2026-09-28T14:46:18.7452004Z ## sme-payments.canon.html
2026-09-28T14:46:18.7453303Z - receipt: UNPROVEN:NO-RECEIPT — this page carries no #provenance-receipt, so nothing about its provenance was measured. Mint one with `python3 knowledge/gen_provenance_receipt.py --mint <path>`; run with --receipt-strict to make this block.
2026-09-28T14:46:18.7454333Z - compose: ✅
2026-09-28T14:46:18.7454713Z - composition: n/a — no .c-bento on this page
2026-09-28T14:46:18.7455274Z - icon-source: ✅ all paths library-matched
2026-09-28T14:46:18.7455725Z - a11y: ✅
2026-09-28T14:46:18.7455874Z 
2026-09-28T14:46:18.7456121Z RESULT: PASS ✅
2026-09-28T14:46:18.7612329Z COULD-NOT-ASK: _validate_state_contrast.py — the 'playwright' module is not installed (ModuleNotFoundError("No module named 'playwright'")) — this gate cannot be proven without it; run `pip install playwright && playwright install chromium` ⇒ THIS IS NOT A SKIP: these arms (including the s152-D1 mutation control) run BLOCKING in the `render` job of .github/workflows/gates.yml, which installs chromium — that job is where this gate's proof of record lives. Nothing here is claimed green; the question was unaskable on this box.
2026-09-28T14:46:18.7974475Z COULD-NOT-ASK: _validate_state_contrast.py — the 'playwright' module is not installed (ModuleNotFoundError("No module named 'playwright'")) — this gate cannot be proven without it; run `pip install playwright && playwright install chromium` ⇒ THIS IS NOT A SKIP: these arms (including the s152-D1 mutation control) run BLOCKING in the `render` job of .github/workflows/gates.yml, which installs chromium — that job is where this gate's proof of record lives. Nothing here is claimed green; the question was unaskable on this box.
2026-09-28T14:46:18.8012101Z 
2026-09-28T14:46:18.8013147Z === [1/154] compliance knowledge graph — compliance/_build_compliance_kg.py ===
2026-09-28T14:46:18.8013783Z 
2026-09-28T14:46:18.8014106Z === [2/154] token blast-radius + graph report — tokens/_build_blast_radius.py ===
2026-09-28T14:46:18.8014466Z 
2026-09-28T14:46:18.8015274Z === [3/154] token blast-radius + graph report — determinism/staleness check (#79 P6) — tokens/_build_blast_radius.py ===
2026-09-28T14:46:18.8015681Z 
2026-09-28T14:46:18.8016120Z === [4/154] token blast-radius + graph report selftest (#79 P6) — tokens/_build_blast_radius.py ===
2026-09-28T14:46:18.8016537Z 
2026-09-28T14:46:18.8016853Z === [5/154] guideline rules index (gate) — guidelines/gen_rules_index.py ===
2026-09-28T14:46:18.8017185Z 
2026-09-28T14:46:18.8017415Z === [6/154] runbook index (generated) — gen_runbook_index.py ===
2026-09-28T14:46:18.8017744Z 
2026-09-28T14:46:18.8018094Z === [7/154] standing-instructions reachability gate — _validate_standing_instructions.py ===
2026-09-28T14:46:18.8018483Z 
2026-09-28T14:46:18.8018917Z === [8/154] help-gate — no entry point may write before it reads argv (#158 class gate) — _validate_help_gate.py ===
2026-09-28T14:46:18.8019298Z 
2026-09-28T14:46:18.8019738Z === [9/154] help-gate selftest — 5 mutation bites (#158 class gate) — _validate_help_gate.py ===
2026-09-28T14:46:18.8020093Z 
2026-09-28T14:46:18.8020456Z === [10/154] assertion veracity gate — claims that can rot — _validate_assertions.py ===
2026-09-28T14:46:18.8020823Z 
2026-09-28T14:46:18.8021372Z ⊘ step 'assertion veracity gate — claims that can rot' COULD-NOT-ASK (exit 77) — declared refusal, build continues
2026-09-28T14:46:18.8021853Z 
2026-09-28T14:46:18.8022296Z === [11/154] assertion veracity selftest — verbs bite + registry well-formed (#77 periphery) — _validate_assertions.py ===
2026-09-28T14:46:18.8022990Z 
2026-09-28T14:46:18.8023468Z === [12/154] capture/provenance gate — status+provenance on new notes+dossiers (Memento §4.1) — _capture_gate.py ===
2026-09-28T14:46:18.8023872Z 
2026-09-28T14:46:18.8024249Z === [13/154] capture/provenance selftest (Memento §4.1) — _capture_gate.py ===
2026-09-28T14:46:18.8024583Z 
2026-09-28T14:46:18.8025003Z ⊘ step 'capture/provenance selftest (Memento §4.1)' COULD-NOT-ASK (exit 77) — declared refusal, build continues
2026-09-28T14:46:18.8025436Z 
2026-09-28T14:46:18.8025891Z === [14/154] gauge-tokens selftest -- counting path + cache + degraded-measurement honesty (#79 P5) — _gauge_tokens.py ===
2026-09-28T14:46:18.8026368Z 
2026-09-28T14:46:18.8026660Z === [15/154] roll-state measurer selftest (#77 T1) — _roll_state.py ===
2026-09-28T14:46:18.8026989Z 
2026-09-28T14:46:18.8027404Z === [16/154] commit-seam harness — _git_commit.sh fixture-repo arms (#78-D1 P1) — _test_git_commit.py ===
2026-09-28T14:46:18.8027751Z 
2026-09-28T14:46:18.8028134Z === [17/154] GM/LS mover selftest — hardened move mechanics (M5) — _gm_move.py ===
2026-09-28T14:46:18.8028464Z 
2026-09-28T14:46:18.8028750Z === [18/154] section-usage instrumentation selftest (#23) — _gm_usage.py ===
2026-09-28T14:46:18.8029071Z 
2026-09-28T14:46:18.8029371Z === [19/154] lane records — regenerate LS §🛤 view (O1′ #24) — _gen_lanes.py ===
2026-09-28T14:46:18.8029731Z 
2026-09-28T14:46:18.8029992Z === [20/154] lane records determinism check (O1′ #24) — _gen_lanes.py ===
2026-09-28T14:46:18.8030359Z 
2026-09-28T14:46:18.8030752Z === [21/154] lane records selftest — schema refusals + routing contract (O1′ #24) — _gen_lanes.py ===
2026-09-28T14:46:18.8031165Z 
2026-09-28T14:46:18.8031417Z === [22/154] cross-reference index — _build_xref_index.py ===
2026-09-28T14:46:18.8031705Z 
2026-09-28T14:46:18.8032013Z === [23/154] sutherland acceptance fixtures — _build_sutherland_fixtures.py ===
2026-09-28T14:46:18.8032353Z 
2026-09-28T14:46:18.8032764Z === [24/154] states-completeness probe (advisory) — _build_states_probe.py ===
2026-09-28T14:46:18.8033097Z 
2026-09-28T14:46:18.8033673Z === [25/154] worklist store gate — open items state what would close them; optional priority_override is Dave's (#88 store, wired #165) — _state.py ===
2026-09-28T14:46:18.8034180Z 
2026-09-28T14:46:18.8034744Z === [26/154] worklist store selftest — schema presence gates incl. priority_override / deadline / effort (#165, extended #166) — _state.py ===
2026-09-28T14:46:18.8035371Z 
2026-09-28T14:46:18.8035779Z === [27/154] decision-graph — typed edges + conflict gate (advisory, ADR-0012) — _build_decision_graph.py ===
2026-09-28T14:46:18.8036291Z 
2026-09-28T14:46:18.8036799Z === [28/154] decision-graph selftest — conflict gate bites on unresolved/open/orphan (ADR-0012, #77 periphery) — _build_decision_graph.py ===
2026-09-28T14:46:18.8037311Z 
2026-09-28T14:46:18.8037776Z === [29/154] spine-writer selftest — splice invariants + no-half-writes (#78-D2) — _build_live_state.py ===
2026-09-28T14:46:18.8038166Z 
2026-09-28T14:46:18.8038622Z === [30/154] _LIVE-STATE staleness gate + lifecycle-block generation (advisory, ADR-0007) — _build_live_state.py ===
2026-09-28T14:46:18.8039037Z 
2026-09-28T14:46:18.8039402Z === [31/154] advisory signals — prose rules (advisory) — _validate_advisory.py ===
2026-09-28T14:46:18.8039738Z 
2026-09-28T14:46:18.8039967Z === [32/154] review queue — _build_review_queue.py ===
2026-09-28T14:46:18.8040237Z 
2026-09-28T14:46:18.8040490Z === [33/154] dark-mode coverage audit — _build_dark_mode_audit.py ===
2026-09-28T14:46:18.8040808Z 
2026-09-28T14:46:18.8041118Z === [34/154] text/icon contrast audit — _build_surface_contrast_audit.py ===
2026-09-28T14:46:18.8041422Z 
2026-09-28T14:46:18.8041754Z === [35/154] indicator/accent contrast audit — _build_indicator_contrast_audit.py ===
2026-09-28T14:46:18.8042105Z 
2026-09-28T14:46:18.8042552Z === [36/154] icon contrast delta — brand 4.5 vs 3 (advisory) — _build_icon_contrast_delta.py ===
2026-09-28T14:46:18.8043183Z 
2026-09-28T14:46:18.8043481Z === [37/154] dark-surface flatness gate — _validate_dark_surfaces.py ===
2026-09-28T14:46:18.8043802Z 
2026-09-28T14:46:18.8044236Z === [38/154] component-partials sync — AUTO-PARTIAL injection + contracts (ADR-0013) — gen_component_partials.py ===
2026-09-28T14:46:18.8044695Z 
2026-09-28T14:46:18.8045061Z === [39/154] component-partials selftest (ADR-0013) — gen_component_partials.py ===
2026-09-28T14:46:18.8045393Z 
2026-09-28T14:46:18.8045802Z === [40/154] token-set distribution sync — AUTO-TOKENS injection (s121-D1) — gen_token_ramp.py ===
2026-09-28T14:46:18.8046179Z 
2026-09-28T14:46:18.8046498Z === [41/154] token-set distribution selftest (s121-D1) — gen_token_ramp.py ===
2026-09-28T14:46:18.8046832Z 
2026-09-28T14:46:18.8047257Z === [42/154] Behaviour contract gate — dv-behaviour size + banned patterns (ADR-0015) — _validate_behaviour.py ===
2026-09-28T14:46:18.8047681Z 
2026-09-28T14:46:18.8047971Z === [43/154] Behaviour contract selftest (ADR-0015) — _validate_behaviour.py ===
2026-09-28T14:46:18.8048308Z 
2026-09-28T14:46:18.8048741Z === [44/154] canon components — regenerate from snippets (ADR-0013 ruling 4) — canon/gen_canon_components.py ===
2026-09-28T14:46:18.8049144Z 
2026-09-28T14:46:18.8049580Z === [45/154] canon components determinism check (ADR-0013 ruling 4) — canon/gen_canon_components.py ===
2026-09-28T14:46:18.8049960Z 
2026-09-28T14:46:18.8050309Z === [46/154] partial re-implementation ratchet (ADR-0013) — _validate_partials.py ===
2026-09-28T14:46:18.8050679Z 
2026-09-28T14:46:18.8050968Z === [47/154] partial-ratchet selftest (ADR-0013) — _validate_partials.py ===
2026-09-28T14:46:18.8051298Z 
2026-09-28T14:46:18.8051733Z === [48/154] token projection sync — snippets/tranches/canon literals (gen_snippet_tokens) — gen_snippet_tokens.py ===
2026-09-28T14:46:18.8052183Z 
2026-09-28T14:46:18.8052447Z === [49/154] snippet gate — _validate_snippets.py ===
2026-09-28T14:46:18.8053049Z 
2026-09-28T14:46:18.8053487Z === [50/154] theme cascade sync — [data-apollo-theme] layer (ADR-0011) — canon/gen_theme_cascade.py ===
2026-09-28T14:46:18.8053858Z 
2026-09-28T14:46:18.8054173Z === [51/154] theme cascade selftest (ADR-0014) — canon/gen_theme_cascade.py ===
2026-09-28T14:46:18.8054547Z 
2026-09-28T14:46:18.8055104Z === [52/154] state-snap gate — opacity states snap to the active theme's ramp (ADR-0014) — _validate_state_snap.py ===
2026-09-28T14:46:18.8055679Z 
2026-09-28T14:46:18.8056080Z === [53/154] state-snap selftest (ADR-0014) — _validate_state_snap.py ===
2026-09-28T14:46:18.8056540Z 
2026-09-28T14:46:18.8057295Z === [54/154] stale-queue gate — §C·1 qprobe claims re-measured vs disk + git (BLOCKING, #198) — _validate_queue_fresh.py ===
2026-09-28T14:46:18.8057861Z 
2026-09-28T14:46:18.8058465Z === [55/154] stale-queue selftest — 13 bites incl. both mutation directions + scope (#196) — _validate_queue_fresh.py ===
2026-09-28T14:46:18.8059148Z 
2026-09-28T14:46:18.8059887Z === [56/154] palette-tier gate — every theme names a palette per family, no divergent hand-carry (s157-D2) — _validate_palette_tier.py ===
2026-09-28T14:46:18.8060571Z 
2026-09-28T14:46:18.8061165Z === [57/154] palette-tier selftest — 10 mutation bites (s157-D2) — _validate_palette_tier.py ===
2026-09-28T14:46:18.8061551Z 
2026-09-28T14:46:18.8062005Z === [58/154] radius gate — no hardcoded border-radius; shape is a theme flex slot (ADR-0010) — _validate_radius.py ===
2026-09-28T14:46:18.8062405Z 
2026-09-28T14:46:18.8063049Z === [59/154] showroom sync — generated component library (RULED 2026-07-21) — gen_showroom.py ===
2026-09-28T14:46:18.8063589Z 
2026-09-28T14:46:18.8064003Z === [60/154] showroom URL-rebase selftest — the srcdoc base-URL trap (2026-07-27) — gen_showroom.py ===
2026-09-28T14:46:18.8064393Z 
2026-09-28T14:46:18.8064767Z === [61/154] dashboard sync — generated progress dashboard (RULED #164, built #165) — gen_dashboard.py ===
2026-09-28T14:46:18.8065259Z 
2026-09-28T14:46:18.8065787Z ⊘ step 'dashboard sync — generated progress dashboard (RULED #164, built #165)' COULD-NOT-ASK (exit 77) — declared refusal, build continues
2026-09-28T14:46:18.8066304Z 
2026-09-28T14:46:18.8066782Z === [62/154] Legacy-colour leakage gate (Mono) — no Legacy-only colour in a Mono surface — _validate_legacy_leak.py ===
2026-09-28T14:46:18.8067186Z 
2026-09-28T14:46:18.8067691Z === [63/154] theme-provenance gate (ADR-0011/R-D19) — no foreign-theme hex in a Mono surface (advisory) — _validate_theme_provenance.py ===
2026-09-28T14:46:18.8068188Z 
2026-09-28T14:46:18.8068516Z === [64/154] token-tier gate (_STANDARDS.md §1) — _validate_token_tiers.py ===
2026-09-28T14:46:18.8068856Z 
2026-09-28T14:46:18.8069066Z === [65/154] icon-source gate — _validate_icons.py ===
2026-09-28T14:46:18.8069314Z 
2026-09-28T14:46:18.8069521Z === [66/154] a11y gate — _validate_a11y.py ===
2026-09-28T14:46:18.8069771Z 
2026-09-28T14:46:18.8070124Z === [67/154] a11y target-measurement selftest (s114-D5) — _validate_a11y.py ===
2026-09-28T14:46:18.8070421Z 
2026-09-28T14:46:18.8070859Z === [68/154] hit-area gate — 44px minimum, rendered geometry (ADVISORY, built #203, wired #209) — _validate_hit_area.py ===
2026-09-28T14:46:18.8071287Z 
2026-09-28T14:46:18.8071842Z ⊘ step 'hit-area gate — 44px minimum, rendered geometry (ADVISORY, built #203, wired #209)' COULD-NOT-ASK (exit 77) — declared refusal, build continues
2026-09-28T14:46:18.8072354Z 
2026-09-28T14:46:18.8072800Z === [69/154] wiring gate — no orphaned validators (#118 seam) — _validate_wiring.py ===
2026-09-28T14:46:18.8073322Z 
2026-09-28T14:46:18.8073604Z === [70/154] wiring gate selftest — 4 bites — _validate_wiring.py ===
2026-09-28T14:46:18.8073941Z 
2026-09-28T14:46:18.8074255Z === [71/154] compose gate (orphan wired #119) — _validate_compose.py ===
2026-09-28T14:46:18.8074531Z 
2026-09-28T14:46:18.8074935Z === [72/154] screen gate — compose+icons+a11y over fitness fixtures (re-wired #120) — _validate_screen.py ===
2026-09-28T14:46:18.8075345Z 
2026-09-28T14:46:18.8075808Z === [73/154] state-contrast gate — driven hover/pressed, light+dark (un-exempted #125) — _validate_state_contrast.py ===
2026-09-28T14:46:18.8076257Z 
2026-09-28T14:46:18.8076771Z ⊘ step 'state-contrast gate — driven hover/pressed, light+dark (un-exempted #125)' COULD-NOT-ASK (exit 77) — declared refusal, build continues
2026-09-28T14:46:18.8077262Z 
2026-09-28T14:46:18.8077706Z === [74/154] state-contrast gate selftest — paint stack, report arithmetic, named args — _validate_state_contrast.py ===
2026-09-28T14:46:18.8078163Z 
2026-09-28T14:46:19.0313575Z ⊘ step 'state-contrast gate selftest — paint stack, report arithmetic, named args' COULD-NOT-ASK (exit 77) — declared refusal, build continuesTYPE RATCHET PASS — declared debt holds at 1089 (0 new). This is DEBT, not a pass of the underlying gate.
2026-09-28T14:46:19.0592187Z selftest OK — ramp from type.css: sizes [12.0, 14.0, 16.0, 20.0, 24.0, 28.0, 32.0, 40.0, 52.0] weights [250, 300, 350, 400, 500, 700]; catches raw decls + off-ramp; exempts chrome/vars/inherit/sentinel block.
2026-09-28T14:46:19.1096331Z coverage gate: 137 meta(s) / 137 snippet(s), 0 failure(s)
2026-09-28T14:46:19.1632602Z   [PASS] _proforma/DataViz-interactive.html  ({'hardcode_leaks': 0, 'real_icons': 0, 'provisional': [], 'refs': '0/0', 'asset_paths': '0/0 real', 'allcaps': 0})
2026-09-28T14:46:19.1634090Z   [PASS] _proforma/Masthead-interactive.html  ({'hardcode_leaks': 0, 'real_icons': 45, 'provisional': ['i-brand-apollo'], 'refs': '14/14', 'asset_paths': '45/45 real', 'allcaps': 0})
2026-09-28T14:46:19.1635145Z   [PASS] _proforma/Tranche-1-interactive.html  ({'hardcode_leaks': 0, 'real_icons': 11, 'provisional': [], 'refs': '10/10', 'asset_paths': '11/11 real', 'allcaps': 0})
2026-09-28T14:46:19.1636203Z   [PASS] _proforma/Tranche-2-interactive.html  ({'hardcode_leaks': 0, 'real_icons': 39, 'provisional': [], 'refs': '11/11', 'asset_paths': '39/39 real', 'allcaps': 0})
2026-09-28T14:46:19.1637422Z   [PASS] _proforma/Tranche-3-interactive.html  ({'hardcode_leaks': 0, 'real_icons': 39, 'provisional': [], 'refs': '3/3', 'asset_paths': '39/39 real', 'allcaps': 0})
2026-09-28T14:46:19.1638440Z   [PASS] _proforma/Tranche-4-interactive.html  ({'hardcode_leaks': 0, 'real_icons': 39, 'provisional': [], 'refs': '7/7', 'asset_paths': '39/39 real', 'allcaps': 0})
2026-09-28T14:46:19.1639431Z   [PASS] _proforma/Tranche-5-interactive.html  ({'hardcode_leaks': 0, 'real_icons': 39, 'provisional': [], 'refs': '14/14', 'asset_paths': '39/39 real', 'allcaps': 0})
2026-09-28T14:46:19.1640385Z   [PASS] _proforma/Tranche-6-interactive.html  ({'hardcode_leaks': 0, 'real_icons': 40, 'provisional': [], 'refs': '7/7', 'asset_paths': '40/40 real', 'allcaps': 0})
2026-09-28T14:46:19.1641349Z   [PASS] _proforma/Tranche-7-interactive.html  ({'hardcode_leaks': 0, 'real_icons': 44, 'provisional': [], 'refs': '14/14', 'asset_paths': '44/44 real', 'allcaps': 0})
2026-09-28T14:46:19.1642315Z   [PASS] _proforma/Tranche-8-interactive.html  ({'hardcode_leaks': 0, 'real_icons': 57, 'provisional': [], 'refs': '23/23', 'asset_paths': '57/57 real', 'allcaps': 0})
2026-09-28T14:46:19.1643617Z   [PASS] _proforma/Tranche-9-interactive.html  ({'hardcode_leaks': 0, 'real_icons': 10, 'provisional': [], 'refs': '6/6', 'asset_paths': '10/10 real', 'allcaps': 0})
2026-09-28T14:46:19.1644158Z 
2026-09-28T14:46:19.1644708Z ✅ pro-forma universal gate passed (11 tranche file(s)).
2026-09-28T14:46:19.1920412Z   [PASS] _proforma/DataViz-interactive.html
2026-09-28T14:46:19.1921119Z   [PASS] _proforma/Masthead-interactive.html
2026-09-28T14:46:19.1921612Z   [PASS] _proforma/Tranche-1-interactive.html
2026-09-28T14:46:19.1922038Z   [PASS] _proforma/Tranche-2-interactive.html
2026-09-28T14:46:19.1922983Z   [PASS] _proforma/Tranche-3-interactive.html
2026-09-28T14:46:19.1923423Z   [PASS] _proforma/Tranche-4-interactive.html
2026-09-28T14:46:19.1923837Z   [PASS] _proforma/Tranche-5-interactive.html
2026-09-28T14:46:19.1924286Z   [PASS] _proforma/Tranche-6-interactive.html
2026-09-28T14:46:19.1924714Z   [PASS] _proforma/Tranche-7-interactive.html
2026-09-28T14:46:19.1925150Z   [PASS] _proforma/Tranche-8-interactive.html
2026-09-28T14:46:19.1925554Z   [PASS] _proforma/Tranche-9-interactive.html
2026-09-28T14:46:19.1925822Z 
2026-09-28T14:46:19.1926241Z ✅ CSS-governed gate passed (11 tranche file(s)).
2026-09-28T14:46:19.2421598Z   [PASS] _proforma/DataViz-interactive.html
2026-09-28T14:46:19.2422134Z   [PASS] _proforma/Masthead-interactive.html
2026-09-28T14:46:19.2422983Z   [PASS] _proforma/Tranche-1-interactive.html
2026-09-28T14:46:19.2423422Z   [PASS] _proforma/Tranche-2-interactive.html
2026-09-28T14:46:19.2423835Z   [PASS] _proforma/Tranche-3-interactive.html
2026-09-28T14:46:19.2424277Z   [PASS] _proforma/Tranche-4-interactive.html
2026-09-28T14:46:19.2424702Z   [PASS] _proforma/Tranche-5-interactive.html
2026-09-28T14:46:19.2425140Z   [PASS] _proforma/Tranche-6-interactive.html
2026-09-28T14:46:19.2425528Z   [PASS] _proforma/Tranche-7-interactive.html
2026-09-28T14:46:19.2425942Z   [PASS] _proforma/Tranche-8-interactive.html
2026-09-28T14:46:19.2426369Z   [PASS] _proforma/Tranche-9-interactive.html
2026-09-28T14:46:19.2426591Z 
2026-09-28T14:46:19.2427041Z ✅ No-hardcode gate passed (11 tranche file(s)).
2026-09-28T14:46:19.4850748Z selftest OK — exempts font-size/letter/radius + hairline(1/3)/negative/square; catches off-grid height/padding.
2026-09-28T14:46:19.4851545Z GRID GATE PASS — all layout dimensions on the 4px grid (153 file(s)).
2026-09-28T14:46:19.5430813Z   [PASS] class         .btn (26)
2026-09-28T14:46:19.5432588Z   [PASS] scoped-element .seg button (14)
2026-09-28T14:46:19.5433506Z   [PASS] class         .stateLabel (12)
2026-09-28T14:46:19.5434277Z   [PASS] class         .status (12)
2026-09-28T14:46:19.5434946Z   [PASS] class         .chip (9)
2026-09-28T14:46:19.5435582Z   [PASS] scoped-element .seg.sm button (6)
2026-09-28T14:46:19.5436335Z   [PASS] class         .spec-h (5)
2026-09-28T14:46:19.5436958Z   [PASS] class         .label (4)
2026-09-28T14:46:19.5437932Z   [PASS] scoped-element .search input (4)
2026-09-28T14:46:19.5438693Z   [PASS] class         .badge (3)
2026-09-28T14:46:19.5439430Z   [PASS] class         .confirm .btn (3)
2026-09-28T14:46:19.5440248Z   [PASS] class         .eyebrow (3)
2026-09-28T14:46:19.5441055Z   [PASS] class         .avatar (2)
2026-09-28T14:46:19.5441826Z   [PASS] class         .hero .cta (2)
2026-09-28T14:46:19.5442552Z   [PASS] class         .pg .ctrl (2)
2026-09-28T14:46:19.5443442Z   [PASS] class         .qbtn (2)
2026-09-28T14:46:19.5444229Z   [PASS] scoped-element .pg a (2)
2026-09-28T14:46:19.5444996Z   [PASS] scoped-element .seg.l button (2)
2026-09-28T14:46:19.5445753Z   [PASS] scoped-element .seg.md button (2)
2026-09-28T14:46:19.5446536Z   [PASS] class         .action-bar .btn (1)
2026-09-28T14:46:19.5447389Z   [PASS] class         .loader (1)
2026-09-28T14:46:19.5448150Z   [PASS] class         .sim (1)
2026-09-28T14:46:19.5448830Z   [PASS] class         .time (1)
2026-09-28T14:46:19.5449534Z   [PASS] scoped-element .nav button (1)
2026-09-28T14:46:19.5450440Z   [PASS] scoped-element .note.global .actions button (1)
2026-09-28T14:46:19.5451345Z   [PASS] scoped-element .seg.lg button (1)
2026-09-28T14:46:19.5452123Z   [PASS] scoped-element nav.main a (1)
2026-09-28T14:46:19.5453325Z   [PASS] class         .tabbar .tabbar__item (0)
2026-09-28T14:46:19.5453898Z 
2026-09-28T14:46:19.5455221Z ✅ type-binding blast-radius gate passed (28 appended selector(s), corpus 151 files).
2026-09-28T14:46:20.7186372Z selftest OK — flags un-overridden ellipsis labels; accepts text-text / overflow-visible / clip-visible (#305) / same-rule / comma-group overrides; ignores containers + sr-only.
2026-09-28T14:46:20.7188171Z selftest OK (specificity leg) — :is()/:not()/:has()/:where() resolved; cascade-dead single-class override caught where leg 1 is blind; two-class form accepted.
2026-09-28T14:46:20.7189142Z 
2026-09-28T14:46:20.7190019Z ✓ SPECIFICITY RATCHET AT ZERO — canon/canon.css: no cascade-dead descender override. The scope classes are specificity-neutral (`:where()`); every ds-005 override wins its cascade. Any regression here is now a RED build, not a report.
2026-09-28T14:46:20.7191470Z DESCENDER-CLIP GATE PASS — every truncating label is descender-safe AND every descender-safe override wins its cascade (153 file(s)).
2026-09-28T14:46:21.0824210Z == _validate_kg.py — KG edge parse-gate (s131-D2 / s133-D1 / s135-D4) ==
2026-09-28T14:46:21.0825492Z metas checked: 139
2026-09-28T14:46:21.0826013Z ref:null + $note (declared, awaiting Dave's-eye migration): 90
2026-09-28T14:46:21.0827102Z resolutions consumed (s135-D4, KG-REVIEW-VERDICTS-2026-08-08-s135-v1.json): 82 ruled verdicts asserted present (MERGE 5 / PROMOTE 52 / ATTACH 25)
2026-09-28T14:46:21.0827854Z 
2026-09-28T14:46:21.0829019Z _validate_kg.py: OK — every ref parses+resolves, every null carries a note, every meta has provenance, edges match schema, gen_kg_edges.py is idempotent-clean, and the s135-D4 resolutions input was consumed.
2026-09-28T14:46:21.1347121Z [OK] selftest corpus is isolated (3 metas seen, none from the live tree)
2026-09-28T14:46:21.1348104Z [OK] arm 1 — deliberately broken ref FAILS
2026-09-28T14:46:21.1348685Z [OK] arm 2 — legal ref:null + $note on meta A does not fail, and is counted
2026-09-28T14:46:21.1349390Z [OK] arm 2b — every OTHER legal ref on meta A resolves clean (renderedBy/commonPattern/governedBy)
2026-09-28T14:46:21.1350035Z [OK] arm 3 — meta missing `provenance` FAILS
2026-09-28T14:46:21.1350432Z [OK] selftest never touched the live corpus
2026-09-28T14:46:21.1350696Z 
2026-09-28T14:46:21.1350832Z selftest OK.
2026-09-28T14:46:21.2533043Z gen_kg_tokens --check OK — 44 token: groups (36 bound) · 835 bindsToken · in sync
2026-09-28T14:46:21.8623924Z   OK   bite 1 — every node is token:<group> at group grain — no leaf id carries a '/'
2026-09-28T14:46:21.8624733Z   OK   bite 2 — every node's tier is one of D-5(a)'s four
2026-09-28T14:46:21.8625533Z   OK   bite 3 — every bindsToken runs component: -> a token: node that exists
2026-09-28T14:46:21.8626382Z   OK   bite 4 — no (component, group) pair twice
2026-09-28T14:46:21.8627001Z   OK   bite 5 — MUTATION: planting alpha/… in Chart-boxplot mints ONE bindsToken to token:alpha
2026-09-28T14:46:21.8627845Z   OK   bite 6 — MUTATION: an unknown group 'zzplanted' adds no node and no edge, and IS counted unresolved
2026-09-28T14:46:21.8628662Z   OK   bite 7 — MUTATION: --land REFUSES with no id, a malformed id and an absent id, and writes no file
2026-09-28T14:46:21.8629405Z gen_kg_tokens --check OK — 44 token: groups (36 bound) · 835 bindsToken · in sync
2026-09-28T14:46:21.8630292Z gen_kg_tokens --check: STALE — _token_nodes.json differs from a fresh compute. Run: python3 knowledge/gen_kg_tokens.py --land --ratified s277-D12
2026-09-28T14:46:21.8631126Z   OK   bite 8 — MUTATION: --check is 0 on a fresh landing and 1 after a meta moves under it
2026-09-28T14:46:21.8631692Z gen_kg_tokens selftest: 8 bite(s), 0 fail(s)
2026-09-28T14:46:22.2234358Z gen_kg_titles --check: STALE — _node_titles.json differs from a fresh compute. Run: python3 knowledge/gen_kg_titles.py --write
2026-09-28T14:46:24.5181584Z   OK   bite 1 — SHOUTING is lowered to corpus casing; an acronym the corpus never lowers (SC) keeps its caps: 'The SC badge is fine'
2026-09-28T14:46:24.5183327Z   OK   bite 2 — ruling/session ids and id-bearing parentheticals are removed: 'The ceiling has its value'
2026-09-28T14:46:24.5184407Z   OK   bite 3 — a long clause is capped at 60 characters on a word boundary with an ellipsis
2026-09-28T14:46:24.5185371Z   OK   bite 4 — a text that is ONLY ids yields no title (the node keeps its code, never an empty label)
2026-09-28T14:46:24.5186364Z   OK   bite 5 — a rule's internal code (`CA-7 —`) is dropped and the first clause kept
2026-09-28T14:46:24.5188015Z   OK   bite 6 — `ruled` that is only a session or record reference (`#167`, `GM-D7-am / #33`) falls back to `says`; a headline is used
2026-09-28T14:46:24.5189427Z   OK   bite 7 — deterministic: two computes are byte-identical, and the rulings store is not written
2026-09-28T14:46:24.5190851Z   OK   bite 8 — every ruling, every rule with text and every minted session is titled or listed untitled
2026-09-28T14:46:24.5192071Z   OK   bite 9 — every label starts with its own code and every title is at most 60 characters
2026-09-28T14:46:24.5193662Z gen_kg_titles --check OK — {'artefact': 2, 'rule': 474, 'ruling': 705, 'session': 92} titled · 0 untitled · in sync
2026-09-28T14:46:24.5195009Z gen_kg_titles --check: STALE — _node_titles.json differs from a fresh compute. Run: python3 knowledge/gen_kg_titles.py --write
2026-09-28T14:46:24.5196381Z   OK   bite 10 — MUTATION: --check is 0 when fresh and 1 after a ruling's text moves under it
2026-09-28T14:46:24.5197504Z   OK   bite 11 — apply_titles replaces a bare-code label only, never a label someone already wrote
2026-09-28T14:46:24.5199345Z   OK   bite 12 — a session counts the rulings the explorer lists for it (ruled starts #n with no digit after — #n, #n-Dk, '#n (…)' — OR id s<n>-), dates as a range; #7 never counts #77's
2026-09-28T14:46:24.5200951Z   OK   bite 13 — apply_titles stamps the bare `code` on a titled node (the canvas prints it alone)
2026-09-28T14:46:24.5202231Z   OK   bite 14 — every polarity is titled from its mediating variable and all 13 WCAG guidelines carry WCAG's own name
2026-09-28T14:46:24.5203921Z   OK   bite 15 — MUTATION: a ruling that names another ruling's bare id as an artefact titles artefact:ds-021 with that ruling's own title
2026-09-28T14:46:24.5204902Z gen_kg_titles selftest: 15 bite(s), 0 fail(s)
2026-09-28T14:46:24.5760972Z gen_kg_sources --check OK — 116 nodes · 402 edges {'setIn': 154, 'behaviourFrom': 73, 'capturedFrom': 80, 'acceptsCapability': 95} · in sync
2026-09-28T14:46:24.7761227Z   OK   bite 1 — every edge is one of the four types and runs component: -> a node this file mints or a base snippet:
2026-09-28T14:46:24.7762364Z   OK   bite 2 — every node is one of the four new kinds and carries the family
2026-09-28T14:46:24.7763712Z   OK   bite 3 — no (component, target, type) triple twice
2026-09-28T14:46:24.7764788Z   OK   bite 4 — all four edge types are present on the live corpus
2026-09-28T14:46:24.7765617Z   OK   bite 5 — MUTATION: naming .t-ed-display-1 in button mints ONE setIn
2026-09-28T14:46:24.7766501Z   OK   bite 6 — MUTATION: .t-cm-zzplanted adds no node and no edge, and IS counted unresolved
2026-09-28T14:46:24.7767534Z   OK   bite 7 — MUTATION: a planted slot capability mints capability:zz-planted-capability and one edge
2026-09-28T14:46:24.7768760Z   OK   bite 8 — MUTATION: --land REFUSES with no id, a malformed id and an absent id, and writes no file
2026-09-28T14:46:24.7770161Z gen_kg_sources --check OK — 116 nodes · 402 edges {'setIn': 154, 'behaviourFrom': 73, 'capturedFrom': 80, 'acceptsCapability': 95} · in sync
2026-09-28T14:46:24.7772152Z gen_kg_sources --check: STALE — _source_nodes.json differs from a fresh compute. Run: python3 knowledge/gen_kg_sources.py --land --ratified s269-D1
2026-09-28T14:46:24.7773863Z   OK   bite 9 — MUTATION: --check is 0 on a fresh landing and 1 after a meta moves under it
2026-09-28T14:46:24.7774662Z gen_kg_sources selftest: 9 bite(s), 0 fail(s)
2026-09-28T14:46:25.1861780Z _validate_token_forks.py - FORK-BAN GATE (s136-D1 clause D)
2026-09-28T14:46:25.1862901Z   glob      : knowledge/canon/*.css  (2 file(s))
2026-09-28T14:46:25.1863385Z   parsed    : 12657 declarations, 18374 (theme,mode,scope) contexts
2026-09-28T14:46:25.1863808Z   names     : 1025
2026-09-28T14:46:25.1864161Z     BENIGN_MODE_AXIS             53
2026-09-28T14:46:25.1864542Z     BENIGN_THEME_AND_MODE_AXIS   337
2026-09-28T14:46:25.1864890Z     BENIGN_THEME_AXIS            35
2026-09-28T14:46:25.1865253Z     FORK                         50
2026-09-28T14:46:25.1865594Z     UNIFORM                      550
2026-09-28T14:46:25.1866518Z   ledger    : knowledge/_TOKEN-FORK-LEDGER.json (55 declared fork(s))
2026-09-28T14:46:25.1866961Z   mode      : baseline
2026-09-28T14:46:25.1867139Z 
2026-09-28T14:46:25.1868164Z GATE GREEN: no UNDECLARED fork. ⚠ This did NOT ask whether forks exist: 107 fork(s) stand and are declared in the ledger. Run --strict for the full list, --reconcile for ledger rows the tree no longer agrees with.
2026-09-28T14:46:25.2210054Z   selftest keyfrm --dvf1 declarations parsed -> 0  want 0  OK
2026-09-28T14:46:25.2210631Z   selftest keyfrm --dvf1 -> None               want (no verdict)       OK
2026-09-28T14:46:25.2211276Z   selftest media  --pri-hover -> FORK               want FORK               OK
2026-09-28T14:46:25.2211912Z   selftest clean  --pri-hover -> BENIGN_THEME_AXIS  want BENIGN_THEME_AXIS  OK
2026-09-28T14:46:25.2212472Z   selftest forked --pri-hover -> FORK               want FORK               OK
2026-09-28T14:46:25.2213028Z      quoted: #db0011 vs #626262
2026-09-28T14:46:25.2213391Z selftest PASS
2026-09-28T14:46:25.2614061Z BINDS RATCHET — s136-D1 axis A (staged by s140-D1 D3)
2026-09-28T14:46:25.2614681Z   metas carrying >=1 props[].binds : 38 of 137
2026-09-28T14:46:25.2615074Z   floor (2026-08-10)                       : 33
2026-09-28T14:46:25.2616786Z   carrying: accordion, account-card, account-selector, action-bar, alert, amount-display, amount-input, avatar, back-to-top, badge, banner, button, chart-line, chart-sparkline, chart-stacked-area, countdown-timer, divider, empty-state, fab, hero, icon-button, input-fields, kpi-tile, links, list-items, loading-indicator, modals, navigations, popconfirm, segmented-control, selection-controls, skeleton-loader, slider, stat-card, status-indicator, tags, timeline, toast
2026-09-28T14:46:25.2618361Z PASS
2026-09-28T14:46:25.2979788Z DTCG GATE — s136-D1 axis A wire format
2026-09-28T14:46:25.2981784Z   note: corpus: 10 files gated, 11 excluded (EXAMPLE-tokens.json, _blast-radius.json, _icon-scale-hsbc-general.json, _spacing-hsbc-general.json, _typography-hsbc-general.json, elevation-pre-s141.json, icon-scale-pre-s141.json, layout-pre-s141.json, spacing-pre-s141.json, typography-composites-pre-s141.json, typography-pre-s141.json)
2026-09-28T14:46:25.2984005Z   note: spine: 939 tokens, 386 groups
2026-09-28T14:46:25.2985609Z   DEFERRED DEF-FIGMA-MODES          layout.json :: layout.web.margin :: mode-keyed node (scale-1,scale-2,scale-3) — Figma variable modes, no DTCG equivalent
2026-09-28T14:46:25.2986775Z   DEFERRED DEF-FIGMA-MODES          layout.json :: layout.web.gutter :: mode-keyed node (scale-1,scale-2,scale-3) — Figma variable modes, no DTCG equivalent
2026-09-28T14:46:25.2987741Z   DEFERRED DEF-COLOR-MISTYPE        semantic-colour.json :: blur.overlay.light :: color $value is not a hex string or alias: 12
2026-09-28T14:46:25.2988665Z   DEFERRED DEF-COLOR-MISTYPE        semantic-colour.json :: blur.overlay.dark :: color $value is not a hex string or alias: 0
2026-09-28T14:46:25.2989543Z   DEFERRED DEF-COLOR-MISTYPE        semantic-colour.json :: blur.background-surface.light :: color $value is not a hex string or alias: 12
2026-09-28T14:46:25.2990470Z   DEFERRED DEF-COLOR-MISTYPE        semantic-colour.json :: blur.background-surface.dark :: color $value is not a hex string or alias: 0
2026-09-28T14:46:25.2991370Z   DEFERRED DEF-COLOR-MISTYPE        semantic-colour.json :: image.opacity.default.light :: color $value is not a hex string or alias: 100
2026-09-28T14:46:25.2992256Z   DEFERRED DEF-COLOR-MISTYPE        semantic-colour.json :: image.opacity.default.dark :: color $value is not a hex string or alias: 100
2026-09-28T14:46:25.2993366Z   DEFERRED DEF-COLOR-MISTYPE        semantic-colour.json :: image.opacity.disabled.light :: color $value is not a hex string or alias: 20
2026-09-28T14:46:25.2994266Z   DEFERRED DEF-COLOR-MISTYPE        semantic-colour.json :: image.opacity.disabled.dark :: color $value is not a hex string or alias: 20
2026-09-28T14:46:25.2995393Z   DEFERRED DEF-FIGMA-MODES          spacing.json :: gap.responsive.content.xsmall :: mode-keyed node (scale-1,scale-2,scale-3) — Figma variable modes, no DTCG equivalent
2026-09-28T14:46:25.2996701Z   DEFERRED DEF-FIGMA-MODES          spacing.json :: gap.responsive.content.small :: mode-keyed node (scale-1,scale-2,scale-3) — Figma variable modes, no DTCG equivalent
2026-09-28T14:46:25.2997908Z   DEFERRED DEF-FIGMA-MODES          spacing.json :: gap.responsive.content.medium :: mode-keyed node (scale-1,scale-2,scale-3) — Figma variable modes, no DTCG equivalent
2026-09-28T14:46:25.2999072Z   DEFERRED DEF-FIGMA-MODES          spacing.json :: gap.responsive.content.large :: mode-keyed node (scale-1,scale-2,scale-3) — Figma variable modes, no DTCG equivalent
2026-09-28T14:46:25.3000222Z   DEFERRED DEF-FIGMA-MODES          spacing.json :: gap.responsive.content.xlarge :: mode-keyed node (scale-1,scale-2,scale-3) — Figma variable modes, no DTCG equivalent
2026-09-28T14:46:25.3001401Z   DEFERRED DEF-FIGMA-MODES          spacing.json :: gap.responsive.content.xxlarge :: mode-keyed node (scale-1,scale-2,scale-3) — Figma variable modes, no DTCG equivalent
2026-09-28T14:46:25.3004538Z   DEFERRED DEF-FIGMA-MODES          spacing.json :: gap.responsive.subsection.xsmall :: mode-keyed node (scale-1,scale-2,scale-3) — Figma variable modes, no DTCG equivalent
2026-09-28T14:46:25.3006276Z   DEFERRED DEF-FIGMA-MODES          spacing.json :: gap.responsive.subsection.small :: mode-keyed node (scale-1,scale-2,scale-3) — Figma variable modes, no DTCG equivalent
2026-09-28T14:46:25.3008206Z   DEFERRED DEF-FIGMA-MODES          spacing.json :: gap.responsive.subsection.medium :: mode-keyed node (scale-1,scale-2,scale-3) — Figma variable modes, no DTCG equivalent
2026-09-28T14:46:25.3009913Z   DEFERRED DEF-FIGMA-MODES          spacing.json :: gap.responsive.subsection.large :: mode-keyed node (scale-1,scale-2,scale-3) — Figma variable modes, no DTCG equivalent
2026-09-28T14:46:25.3011712Z   DEFERRED DEF-FIGMA-MODES          spacing.json :: gap.responsive.section.xsmall :: mode-keyed node (scale-1,scale-2,scale-3) — Figma variable modes, no DTCG equivalent
2026-09-28T14:46:25.3013875Z   DEFERRED DEF-FIGMA-MODES          spacing.json :: gap.responsive.section.small :: mode-keyed node (scale-1,scale-2,scale-3) — Figma variable modes, no DTCG equivalent
2026-09-28T14:46:25.3015901Z   DEFERRED DEF-FIGMA-MODES          spacing.json :: gap.responsive.section.medium :: mode-keyed node (scale-1,scale-2,scale-3) — Figma variable modes, no DTCG equivalent
2026-09-28T14:46:25.3017498Z   DEFERRED DEF-FIGMA-MODES          spacing.json :: gap.responsive.section.large :: mode-keyed node (scale-1,scale-2,scale-3) — Figma variable modes, no DTCG equivalent
2026-09-28T14:46:25.3018684Z   DEFERRED DEF-FIGMA-MODES          spacing.json :: gap.responsive.section.xlarge :: mode-keyed node (scale-1,scale-2,scale-3) — Figma variable modes, no DTCG equivalent
2026-09-28T14:46:25.3019948Z   DEFERRED DEF-FIGMA-MODES          spacing.json :: padding.responsive.xxxsmall :: mode-keyed node (scale-1,scale-2,scale-3) — Figma variable modes, no DTCG equivalent
2026-09-28T14:46:25.3021184Z   DEFERRED DEF-FIGMA-MODES          spacing.json :: padding.responsive.xxsmall :: mode-keyed node (scale-1,scale-2,scale-3) — Figma variable modes, no DTCG equivalent
2026-09-28T14:46:25.3023138Z   DEFERRED DEF-FIGMA-MODES          spacing.json :: padding.responsive.xsmall :: mode-keyed node (scale-1,scale-2,scale-3) — Figma variable modes, no DTCG equivalent
2026-09-28T14:46:25.3024498Z   DEFERRED DEF-FIGMA-MODES          spacing.json :: padding.responsive.small :: mode-keyed node (scale-1,scale-2,scale-3) — Figma variable modes, no DTCG equivalent
2026-09-28T14:46:25.3025814Z   DEFERRED DEF-FIGMA-MODES          spacing.json :: padding.responsive.medium :: mode-keyed node (scale-1,scale-2,scale-3) — Figma variable modes, no DTCG equivalent
2026-09-28T14:46:25.3027219Z   DEFERRED DEF-FIGMA-MODES          spacing.json :: padding.responsive.large :: mode-keyed node (scale-1,scale-2,scale-3) — Figma variable modes, no DTCG equivalent
2026-09-28T14:46:25.3028519Z   DEFERRED DEF-FIGMA-MODES          spacing.json :: padding.responsive.xlarge :: mode-keyed node (scale-1,scale-2,scale-3) — Figma variable modes, no DTCG equivalent
2026-09-28T14:46:25.3029759Z   DEFERRED DEF-COMPONENT-LINEHEIGHT typography-composites.json :: component.figure-1 :: typography $value omits lineHeight — supplying one is a design decision
2026-09-28T14:46:25.3030934Z   DEFERRED DEF-COMPONENT-LINEHEIGHT typography-composites.json :: component.figure-2 :: typography $value omits lineHeight — supplying one is a design decision
2026-09-28T14:46:25.3032070Z   DEFERRED DEF-COMPONENT-LINEHEIGHT typography-composites.json :: component.heading :: typography $value omits lineHeight — supplying one is a design decision
2026-09-28T14:46:25.3033573Z   DEFERRED DEF-COMPONENT-LINEHEIGHT typography-composites.json :: component.section-label :: typography $value omits lineHeight — supplying one is a design decision
2026-09-28T14:46:25.3034777Z   DEFERRED DEF-COMPONENT-LINEHEIGHT typography-composites.json :: component.label :: typography $value omits lineHeight — supplying one is a design decision
2026-09-28T14:46:25.3035971Z   DEFERRED DEF-COMPONENT-LINEHEIGHT typography-composites.json :: component.button :: typography $value omits lineHeight — supplying one is a design decision
2026-09-28T14:46:25.3037128Z   DEFERRED DEF-COMPONENT-LINEHEIGHT typography-composites.json :: component.input :: typography $value omits lineHeight — supplying one is a design decision
2026-09-28T14:46:25.3038279Z   DEFERRED DEF-COMPONENT-LINEHEIGHT typography-composites.json :: component.link :: typography $value omits lineHeight — supplying one is a design decision
2026-09-28T14:46:25.3039499Z   DEFERRED DEF-COMPONENT-LINEHEIGHT typography-composites.json :: component.caption :: typography $value omits lineHeight — supplying one is a design decision
2026-09-28T14:46:25.3040661Z   DEFERRED DEF-COMPONENT-LINEHEIGHT typography-composites.json :: component.tooltip :: typography $value omits lineHeight — supplying one is a design decision
2026-09-28T14:46:25.3041857Z   DEFERRED DEF-COMPONENT-LINEHEIGHT typography-composites.json :: component.legal :: typography $value omits lineHeight — supplying one is a design decision
2026-09-28T14:46:25.3043511Z   DEFERRED DEF-FIGMA-MODES          typography.json :: typography.font-size.font-00 :: mode-keyed node (scale-1,scale-1-200,scale-2,scale-3) — Figma variable modes, no DTCG equivalent
2026-09-28T14:46:25.3044876Z   DEFERRED DEF-FIGMA-MODES          typography.json :: typography.font-size.font-0 :: mode-keyed node (scale-1,scale-1-200,scale-2,scale-3) — Figma variable modes, no DTCG equivalent
2026-09-28T14:46:25.3046136Z   DEFERRED DEF-FIGMA-MODES          typography.json :: typography.font-size.font-1 :: mode-keyed node (scale-1,scale-1-200,scale-2,scale-3) — Figma variable modes, no DTCG equivalent
2026-09-28T14:46:25.3047390Z   DEFERRED DEF-FIGMA-MODES          typography.json :: typography.font-size.font-2 :: mode-keyed node (scale-1,scale-1-200,scale-2,scale-3) — Figma variable modes, no DTCG equivalent
2026-09-28T14:46:25.3048649Z   DEFERRED DEF-FIGMA-MODES          typography.json :: typography.font-size.font-3 :: mode-keyed node (scale-1,scale-1-200,scale-2,scale-3) — Figma variable modes, no DTCG equivalent
2026-09-28T14:46:25.3049963Z   DEFERRED DEF-FIGMA-MODES          typography.json :: typography.font-size.font-4 :: mode-keyed node (scale-1,scale-1-200,scale-2,scale-3) — Figma variable modes, no DTCG equivalent
2026-09-28T14:46:25.3051196Z   DEFERRED DEF-FIGMA-MODES          typography.json :: typography.font-size.font-5 :: mode-keyed node (scale-1,scale-1-200,scale-2,scale-3) — Figma variable modes, no DTCG equivalent
2026-09-28T14:46:25.3052460Z   DEFERRED DEF-FIGMA-MODES          typography.json :: typography.font-size.font-6 :: mode-keyed node (scale-1,scale-1-200,scale-2,scale-3) — Figma variable modes, no DTCG equivalent
2026-09-28T14:46:25.3054036Z   DEFERRED DEF-FIGMA-MODES          typography.json :: typography.font-size.font-7 :: mode-keyed node (scale-1,scale-1-200,scale-2,scale-3) — Figma variable modes, no DTCG equivalent
2026-09-28T14:46:25.3055421Z   DEFERRED DEF-FIGMA-MODES          typography.json :: typography.line-height.font-00 :: mode-keyed node (scale-1,scale-1-200,scale-2,scale-3) — Figma variable modes, no DTCG equivalent
2026-09-28T14:46:25.3056729Z   DEFERRED DEF-FIGMA-MODES          typography.json :: typography.line-height.font-0 :: mode-keyed node (scale-1,scale-1-200,scale-2,scale-3) — Figma variable modes, no DTCG equivalent
2026-09-28T14:46:25.3058001Z   DEFERRED DEF-FIGMA-MODES          typography.json :: typography.line-height.font-1 :: mode-keyed node (scale-1,scale-1-200,scale-2,scale-3) — Figma variable modes, no DTCG equivalent
2026-09-28T14:46:25.3059268Z   DEFERRED DEF-FIGMA-MODES          typography.json :: typography.line-height.font-2 :: mode-keyed node (scale-1,scale-1-200,scale-2,scale-3) — Figma variable modes, no DTCG equivalent
2026-09-28T14:46:25.3060551Z   DEFERRED DEF-FIGMA-MODES          typography.json :: typography.line-height.font-3 :: mode-keyed node (scale-1,scale-1-200,scale-2,scale-3) — Figma variable modes, no DTCG equivalent
2026-09-28T14:46:25.3061847Z   DEFERRED DEF-FIGMA-MODES          typography.json :: typography.line-height.font-4 :: mode-keyed node (scale-1,scale-1-200,scale-2,scale-3) — Figma variable modes, no DTCG equivalent
2026-09-28T14:46:25.3063288Z   DEFERRED DEF-FIGMA-MODES          typography.json :: typography.line-height.font-5 :: mode-keyed node (scale-1,scale-1-200,scale-2,scale-3) — Figma variable modes, no DTCG equivalent
2026-09-28T14:46:25.3064614Z   DEFERRED DEF-FIGMA-MODES          typography.json :: typography.line-height.font-6 :: mode-keyed node (scale-1,scale-1-200,scale-2,scale-3) — Figma variable modes, no DTCG equivalent
2026-09-28T14:46:25.3065871Z   DEFERRED DEF-FIGMA-MODES          typography.json :: typography.line-height.font-7 :: mode-keyed node (scale-1,scale-1-200,scale-2,scale-3) — Figma variable modes, no DTCG equivalent
2026-09-28T14:46:25.3066674Z PASS — 0 failure(s), 61 declared deferral(s)
2026-09-28T14:46:25.4755472Z binds-resolve gate: 137 snippets (137 with manifests, 2324 vars) · 137 metas (116 binds addresses) · 137/137 canon blocks · 0 failure(s)
2026-09-28T14:46:25.5005228Z binds-resolve selftest: 6 bites PASS
2026-09-28T14:46:25.5337229Z intent resolve — metas carrying `intent`: 15, addresses resolved: 16
2026-09-28T14:46:25.5338293Z RESULT: PASS — every intent address resolves into chart-intents.json. This proves no address DANGLES; it does not prove any assignment is RIGHT.
2026-09-28T14:46:25.5633660Z selftest — _validate_intent_resolve.py
2026-09-28T14:46:25.5634161Z   PASS known word resolves                -> green | (green)
2026-09-28T14:46:25.5635168Z   PASS unknown word refuses               -> FAIL | Bad.meta.json: FAIL — UNKNOWN INTENT 'corelation' — not a key of `chart-intent` in ../../../../../tmp/tmprf7t2
2026-09-28T14:46:25.5636267Z   PASS unknown word inside a list refuses -> FAIL | Bad2.meta.json: FAIL — UNKNOWN INTENT 'flow' — not a key of `chart-intent` in ../../../../../tmp/tmpoer2wq3b/c
2026-09-28T14:46:25.5637430Z   PASS absent store fails LOUD            -> FAIL | FAIL — intent store MISSING: /tmp/tmpx48vckn3/chart-intents.json (an absent instrument is not a pass)
2026-09-28T14:46:25.5638095Z RESULT: PASS
2026-09-28T14:46:25.6206418Z roles resolve — metas: 137 · carrying an interchangeability term: 117 · addresses resolved: 179
2026-09-28T14:46:25.6207695Z   field population: provides 108 · answers 26 · shape 26 · span 26 · priority 25 · when 46 · with 3 · not-with 8
2026-09-28T14:46:25.6211064Z   `shape` values in use (23 of the 23 in knowledge/shapes.json — CLOSED store, s254-D2 item 1): ancestor-path × links (1) · bins × frequency (1) · categories × five-number-summary (1) · categories × series (1) · categories × two-series-mirrored (2) · destination-set × links (1) · no-data × arbitrary-blocks (1) · no-data × control (2) · no-data × page-regions (1) · no-data × title-and-optional-action (1) · one-measure × committed-vs-balance-split (1) · one-measure × value-and-delta (1) · one-measure × value-delta-and-series (1) · one-state × dot-and-label (1) · parts-of-whole (2) · periods × ohlc (1) · points × two-measures (1) · rows × measure-target-bands (1) · rows × name-value-pairs (1) · shared-x × two-measures-different-units (1) · time-series × 1–5-series (1) · time-series × parts-of-whole (1) · time-series × single-series-no-axes (1)
2026-09-28T14:46:25.6215195Z   `when` FIELD COUNTS (44 of the 44 in knowledge/when-fields.json — SCRIPT OUTPUT, quote these on a review page rather than counting by eye; this is what closes V-B's M2):
2026-09-28T14:46:25.6216580Z     answers        15  Chart-boxplot, Chart-bullet, Chart-butterfly-h, Chart-butterfly-v, Chart-candlestick, Chart-histogram, Chart-scatter, chart-bar, chart-combo, chart-donut, chart-line, chart-pie, chart-sparkline, chart-stacked-area, runway-bar
2026-09-28T14:46:25.6217840Z     shape           9  Chart-candlestick, breadcrumbs, chart-line, kpi-tile, navigations, runway-bar, stat-card, status-indicator, summary
2026-09-28T14:46:25.6218716Z     span.cols       8  Chart-boxplot, Chart-butterfly-v, chart-donut, chart-line, chart-pie, chart-sparkline, status-indicator, summary
2026-09-28T14:46:25.6219672Z     series          7  Chart-butterfly-h, Chart-butterfly-v, chart-combo, chart-sparkline, kpi-tile, legend, stat-card
2026-09-28T14:46:25.6220311Z     records         4  data-grid, filter-toolbar-bar, list-items, timeline
2026-09-28T14:46:25.6220810Z     interrupts      3  dropdown, modals, split-button
2026-09-28T14:46:25.6221260Z     needs           3  data-grid, filter-toolbar-bar, list-items
2026-09-28T14:46:25.6221762Z     actions         2  button, split-button
2026-09-28T14:46:25.6222173Z     axes            2  chart-line, chart-sparkline
2026-09-28T14:46:25.6222593Z     categories      2  Chart-boxplot, Chart-butterfly-h
2026-09-28T14:46:25.6223125Z     entry           2  input-fields, textarea
2026-09-28T14:46:25.6223534Z     label           2  button, legend
2026-09-28T14:46:25.6224626Z     platform        2  footer, headers
2026-09-28T14:46:25.6225069Z     surface         2  layout-utilities, list-items
2026-09-28T14:46:25.6225466Z     total           2  chart-donut, chart-pie
2026-09-28T14:46:25.6225870Z     units           2  chart-combo, chart-line
2026-09-28T14:46:25.6226308Z     axis.x          1  chart-bar
2026-09-28T14:46:25.6226780Z     baseline        1  Chart-histogram
2026-09-28T14:46:25.6227156Z     bins            1  Chart-histogram
2026-09-28T14:46:25.6227524Z     breadcrumbs     1  app-shell-focused
2026-09-28T14:46:25.6227910Z     cause           1  template-error
2026-09-28T14:46:25.6228286Z     content         1  layout-utilities
2026-09-28T14:46:25.6228624Z     delta           1  stat-card
2026-09-28T14:46:25.6229010Z     depth           1  breadcrumbs
2026-09-28T14:46:25.6229370Z     destinations    1  app-shell-top-nav
2026-09-28T14:46:25.6229789Z     emphasis        1  button
2026-09-28T14:46:25.6230153Z     exits           1  app-shell-focused
2026-09-28T14:46:25.6230493Z     full            1  limits-meter
2026-09-28T14:46:25.6230889Z     job.count       1  app-shell-focused
2026-09-28T14:46:25.6231273Z     layout.grammar  1  template-dashboard-bento
2026-09-28T14:46:25.6231667Z     level           1  headers
2026-09-28T14:46:25.6232032Z     lockup          1  headers
2026-09-28T14:46:25.6232392Z     nav.levels      1  app-shell-top-nav
2026-09-28T14:46:25.6232906Z     options         1  dropdown
2026-09-28T14:46:25.6233263Z     order           1  template-confirmation
2026-09-28T14:46:25.6233634Z     parts           1  chart-pie
2026-09-28T14:46:25.6234024Z     position        1  template-confirmation
2026-09-28T14:46:25.6234407Z     primaryNavigation  1  app-shell-focused
2026-09-28T14:46:25.6234785Z     rows            1  summary
2026-09-28T14:46:25.6235115Z     scope           1  navigations
2026-09-28T14:46:25.6235443Z     search          1  app-shell-focused
2026-09-28T14:46:25.6235860Z     steps           1  template-wizard
2026-09-28T14:46:25.6236246Z     variables       1  Chart-histogram
2026-09-28T14:46:25.6236949Z     verdict         1  runway-bar
2026-09-28T14:46:25.6237625Z     gate clauses carrying NO operator (prose inside the gate — not parsed, not judged, V-B's M2 method): 47
2026-09-28T14:46:25.6238158Z   `when` predicates as authored:
2026-09-28T14:46:25.6239666Z     Chart-boxplot                answers = distribution AND categories >= 2 AND each category carries a five-number summary AND span.cols <= 8 — roles.json when: "distribution per category"; beats Chart-histogram (roles.json: "distribution, one variable") whenever the spread must be read PER CATEGORY; yields to it when variables = 1 and the bin shape is the claim.
2026-09-28T14:46:25.6242061Z     Chart-bullet                 answers=comparison AND the reading is one measure against a target plus qualitative performance bands AND span.cols 4–6 — beats stat-card (60, "default — label · value · delta · period, no series") and kpi-tile (50, "a series exists to show") when the BENCHMARK, not the delta and not a series, is the point; yields to both when no target exists.
2026-09-28T14:46:25.6244567Z     Chart-butterfly-h            answers=comparison AND series=2 mirrored outward from a shared centre gutter AND categories ≥ 6 — beats chart-bar (grouped) when the two series must read as OPPOSED directions rather than adjacent columns; yields to Chart-butterfly-v (36, "as above, wide panel") when the category axis is ordered left-to-right and span.cols ≥ 8.
2026-09-28T14:46:25.6247048Z     Chart-butterfly-v            answers=comparison AND series=2 mirrored above/below ONE horizontal baseline AND the category axis is ordered left-to-right (time, rank) AND span.cols ≥ 8 — yields to Chart-butterfly-h (40, "exactly two series mirrored, categories ≥ 6") whenever the categories are unordered or the panel is narrower than 8 cols; both yield to chart-bar for an ordinary grouped comparison.
2026-09-28T14:46:25.6249448Z     Chart-candlestick            answers = change-over-time AND shape = periods × OHLC (open · high · low · close per session) — roles.json when: "OHLC per period"; beats chart-line (roles.json: "change-over-time") only when all four price points per period are the claim; yields to chart-line whenever one measure's path is enough.
2026-09-28T14:46:25.6252619Z     Chart-histogram              answers = distribution AND variables = 1 AND bins = contiguous (no inter-bar gap) AND baseline = 0 — roles.json when: "distribution, one variable"; beats Chart-boxplot (roles.json: "distribution per category") when the frequency shape of ONE variable is the claim; yields to Chart-boxplot when categories >= 2; the no-gap rule is not cosmetic — the FT gives the same reason: "keep the gaps between columns small to highlight the 'shape' of the data".
2026-09-28T14:46:25.6255662Z     Chart-scatter                answers=relationship AND both axes carry quantitative measures — the ONLY provider of relationship in the role, so it beats every sibling on the answers gate alone and needs no further test; yields to chart-combo (56) when the two measures share one x axis in different units instead of being plotted against each other. span.cols max 8 because a runtime fit is not baked (this meta's own responsive rule).
2026-09-28T14:46:25.6259911Z     alert                        the message is IN FLOW (inside the page or form it refers to) AND it persists until resolved or dismissed AND it carries a status glyph and a title, never colour alone AND an error alert never auto-dismisses — CANON-ADJACENT — our own purpose already states the three-way rule: "Use Toast for transient confirmations and Banner for page-level persistent messages; use inline field validation (Input-fields) for single-control errors"; beats toast (proposed "transient, no answer required") whenever the reader must act; beats banner (proposed "the condition governs the whole page or session") whenever the message belongs to one form or section — Atlassian draws the identical line: "For messages with information affecting the whole site, use a banner"; yields to inline field validation for a single control.
2026-09-28T14:46:25.6263882Z     app-shell-focused            primaryNavigation = absent AND breadcrumbs = absent AND search = absent AND exits = 1 AND job.count = 1 — the only frame defined by removal; beats every other shell (roles.json: all six carry navigation) whenever abandoning the task is the failure mode — authentication, a wizard, a passcode; yields to app-shell-top-nav the moment the user must be able to go somewhere else.
2026-09-28T14:46:25.6268082Z     app-shell-top-nav            destinations <= 7 AND nav.levels <= 2 — the default for dashboards — the bento template composes it; beats app-shell-side-nav (roles.json when: "> 7 destinations or two nav levels") below those bounds and app-shell-nav-rail (when: "dense app, content cannot spare 248px") when the content can spare the column; yields to app-shell-multi-column (when: "list-and-detail job") and to app-shell-focused (when: "one job, no navigation (auth, wizard)") when the job has no navigation. Co-providers of page-frame are mutually exclusive by construction (roles.json §05: one-at-a-time facility), so no not-with is authored.
2026-09-28T14:46:25.6271613Z     breadcrumbs                  shape = ancestor-path × links AND depth >= 2 — beats anchor-nav (roles.json when: "in-page, long document") when the trail is ancestry rather than in-page position; yields to navigations (when: "global — masthead / main-nav family") for global movement and to tabs (when: "local — peer views in one context") for peer views — it answers where-am-i, they answer where-can-i-go, so it complements rather than replaces them.
2026-09-28T14:46:25.6274782Z     button                       emphasis in (primary, secondary, tertiary, quaternary) AND label = text AND actions <= 1 — the default of the role; yields to icon-button (roles.json when: "space is tight and the glyph is universal") when label = glyph, to split-button (when: "one main action plus a menu of related ones") when a menu hangs off the action, and to links (when: "the action is navigation inside running text") when the action is navigation in prose.
2026-09-28T14:46:25.6277818Z     chart-bar                    answers = comparison AND axis.x = categorical — beats chart-line (roles.json when: "change-over-time") when the x-dimension is categorical rather than a time continuum, and beats chart-pie (when: "composition, no centre figure, ≤ 5 parts") when the parts do not sum to a whole; the stacked variant takes composition across categories, where it yields to chart-stacked-area (when: "composition over time") if the axis is time.
2026-09-28T14:46:25.6280458Z     chart-combo                  answers=change-over-time AND series=2 AND units=different AND both read against ONE shared x (dv-line-006) — beats chart-line (88, "change-over-time") on the different-units test and on nothing else; yields to chart-line (multi-series) or chart-bar (grouped) for a same-unit pair, which this meta's own antiPattern forbids drawing as a combo.
2026-09-28T14:46:25.6283401Z     chart-donut                  answers=composition AND parts sum to a whole AND total=printed as a centre figure AND span.cols ≤ 6 — beats chart-pie (48, "composition, no centre figure, ≤ 5 parts") whenever the total is worth printing, and beats it on nothing else; yields to chart-stacked-area (64, "composition over time") when the split MOVES. A ring does not stretch with its tile (ds-030), so it takes a half-width column and never a full-width row (s305-D9).
2026-09-28T14:46:25.6286599Z     chart-line                   answers=change-over-time AND series 1–5 on ONE continuous time axis AND axes=present AND span.cols ≥ 6 AND units = same AND shape = time-series × 1–5-series — the role's default at this intent, and it beats every sibling whose own `when` adds a further condition; yields to chart-combo (56, "two measures in different units over one axis") when units differ, to Chart-candlestick (44, "OHLC per period") when all four price points per period are the claim, and to chart-sparkline (30, "inline scale, no axes") when span.cols < 6.
2026-09-28T14:46:25.6289823Z     chart-pie                    answers=composition AND parts ≤ 5 AND total=not printed AND span.cols ≤ 6 — yields to chart-donut (80, "composition, a centre total is meaningful") whenever a centre total is wanted, which is the only thing separating the two; yields to chart-stacked-area (64) when the split moves over time. A ring does not stretch with its tile (ds-030), so it takes a half-width column and never a full-width row (s305-D9).
2026-09-28T14:46:25.6292200Z     chart-sparkline              answers=change-over-time AND series=1 AND axes=absent AND span.cols ≤ 4 (inline, or a trend cell in a table) — yields to chart-line (88, "change-over-time") whenever the panel can carry axes, and is normally a complement of headline-metric rather than a chart-panel in its own right (ROLES-REVIEW §03).
2026-09-28T14:46:25.6294641Z     chart-stacked-area           answers spans change-over-time AND composition AND cumulative bands share ONE total across the time axis — beats chart-donut (80, "composition, a centre total is meaningful") and chart-pie (48) when the split MOVES rather than being a snapshot; yields to chart-line (88, "change-over-time") when the total is not meaningful.
2026-09-28T14:46:25.6296648Z     data-grid                    records >= 2 AND needs in (sort, filter, select, edit) — the record-list for rows the person works on as a set: it beats list-items (the role's default, s274-D6) whenever sorting, filtering, selecting or editing is required, and yields to list-items when needs = none.
2026-09-28T14:46:25.6298210Z     dropdown                     options >= 5 AND interrupts = none — one choice from a list, made in place (s270-D1: "we use dropdowns for 5 and above"); beats modals whenever the choice does not need to stop the person.
2026-09-28T14:46:25.6299922Z     filter-toolbar-bar           records >= 2 AND needs in (filter, sort) — one row of controls that drives the record-list and the panels beside it (edges.drivesConsumer, s268-D5; the wiring is the author's, s258-D1); it is placed only above the thing it drives, never on its own.
2026-09-28T14:46:25.6301658Z     footer                       platform = app — every app page shell ends in the app footer, the body-level sibling after the main region and never inside the bento wall (the meta's own $finding-site-footer, #258: "the page shells should include the footer").
2026-09-28T14:46:25.6304449Z     headers                      level in (page, screen, section) AND platform = app AND lockup = none — yields to page-header-lockup (roles.json when: "page level, with actions or tabs") whenever actions or tabs ride the band; beats section-heading-lockup (when: "section level, above one board / table / panel") because the Header Section Titles type covers the section level app-side, and beats eyebrow (when: "a kicker alone is enough (rare; normally a part of the above)") whenever a title, not a kicker, is wanted.
2026-09-28T14:46:25.6308057Z     icon-button                  the control performs an action AND space is tight OR the glyph is universal AND an accessible name is supplied AND the hit target is at least 44x44 AND a tooltip carries the label — CANON on the first half (roles.json: "space is tight and the glyph is universal"); beats button only where the glyph is unambiguous — our own meta: "Use a labelled Button when the action is not unambiguous from a glyph alone"; the tooltip is not optional company: Atlassian ("Use tooltips with icon buttons to display the button label") and Polaris ("Be provided for icon-only buttons") both make it a requirement, which our meta states only as an antiPattern.
2026-09-28T14:46:25.6311962Z     input-fields                 entry = free text AND expected answer fits ONE line AND no fixed option list exists AND the value is not money, a date, a time or a secret — the default text-entry field; beats textarea (proposed "the answer may span multiple lines") whenever the answer is a name, a reference or a phone number; yields to amount-input when the value is money, to date-picker / time-picker when it is a date or time, to secure-entry when it is a one-time code or PIN, and to dropdown or combobox whenever the answer must come from a list at all (Carbon: free text there "is likely to result in an error").
2026-09-28T14:46:25.6315448Z     kpi-tile                     shape = one-measure × value-delta-and-series AND series != none — beats stat-card (roles.json when: "default — label · value · delta · period, no series") whenever a series exists to show; yields to Chart-bullet (when: "a target or performance band is the point, not the delta") when target != none, and to runway-bar (when: "the number is 'money vs what is already scheduled'") when the measure is money-vs-scheduled.
2026-09-28T14:46:25.6318158Z     layout-utilities             content = arbitrary-blocks AND surface = none — the default of the role; beats cards (roles.json when: "a bordered surface per item") whenever the arrangement must paint nothing, and beats stats-band-lockup (when: "3–6 headline-metrics in a labelled row") whenever the blocks are not headline-metrics; yields to divider (when: "a rule alone") when a rule alone is the whole need.
2026-09-28T14:46:25.6320772Z     legend                       series ≥ 2 AND label = text — a key is needed only where more than one series is drawn; a single-series chart names its series in the title (chart-sparkline's rule). Placed on its own only when the charts it keys are more than one (small multiples, a comparison row); a lone chart carries its legend inside its own figure, which is what every registered chart type already does.
2026-09-28T14:46:25.6323461Z     limits-meter                 INHERITS meter's gate, variant = allowance: the value is a cap being spent against AND full = BLOCKED, not done — a thin category alias of meter.meta.json (s210-D5); carries no independent when because writing spec into the alias is an explicit antiPattern on the parent — the reading is "how much of my limit is left", which is what roles.json already names.
2026-09-28T14:46:25.6328205Z     list-items                   records >= 2 AND the records are the same kind, each read ACROSS its own row AND surface in (none, bordered-per-record) AND needs = none — surface ALONE decides the container (s274-D1): unbordered ⇒ simple-list (one line per record) or structured-list (aligned fields); a bordered surface drawn around EACH record ⇒ card-list. Actions are a ROW property, allowed in any of the three, so they decide nothing. No field count, row count or column count gates this (s274-D4): the comparison test decides — if a field must be read DOWN a column across records, it is a table, not a list. A list-level heading is OPTIONAL on all three containers (s274-D5); a per-card title is a ROW field, distinct from the list heading. Beats table (roles.json when: "default, read-mostly") and data-grid (when: "sort / filter / select / edit-in-place is required") whenever each record is read across its own row; yields to timeline (when: "time is the structure, records have happened") and to tree (when: "records nest").
2026-09-28T14:46:25.6332732Z     modals                       interrupts = required — the person must stop: confirm a consequential action, or finish a task that cannot share the screen; yields to split-button when interrupts = none AND actions >= 2 (one main action with a few related ones beside it), and to dropdown when interrupts = none AND options >= 5 (one choice from a list, made in place, s270-D1).
2026-09-28T14:46:25.6335692Z     navigations                  shape = destination-set × links AND scope = global — the default of the role; beats breadcrumbs (roles.json when: "ancestry, depth ≥ 2") and tabs (when: "local — peer views in one context") because those are ancestry and local peers, not the global set; yields to sidebar-nav (when: "global, desktop, persistent column (pairs with app-shell-side-nav)") when the page-frame is app-shell-side-nav, and to tab-bar (when: "mobile bottom, 3–5 destinations") on mobile.
2026-09-28T14:46:25.6339590Z     popover                      the content is STRUCTURED and FOCUSABLE AND it opens on CLICK from a labelled trigger AND it does not scroll AND it is non-modal (no focus trap, no aria-modal) AND only one is open — CANON-ADJACENT — our purpose already carries the three-way rule: "If the user can act inside it, it is a Popover; if it is a sentence of help text, it is a Tooltip; if it must interrupt, it is a Modal"; Atlassian states both halves independently ("For interactive overlays, use the modal dialog component" / "For non-essential, non-interactive messages, use the tooltip component"); yields to drawer or modals once the content scrolls (our antiPatterns[2], Atlassian: "Don't make popups that scroll", Carbon: past four columns wide use a modal).
2026-09-28T14:46:25.6344041Z     runway-bar                   answers = one-number AND shape = one-measure × committed-vs-balance-split AND verdict != none — beats stat-card (60, "default — label · value · delta · period, no series") and kpi-tile (50, "a series exists to show") when the reading is "money vs what is already scheduled" and the takeaway is a VERDICT WITH A DATE rather than a delta or a trend; yields to stat-card when there is nothing committed to net off, to kpi-tile when a series is the claim, and to Chart-bullet (40, "a target or performance band is the point, not the delta") when a target band, not a coverage date, is the benchmark.
2026-09-28T14:46:25.6346701Z     split-button                 actions >= 2 AND interrupts = none — one main action plus a menu of related ones, offered in place (button's own `when` already hands this case here); beats modals whenever the related actions can be offered without stopping the person.
2026-09-28T14:46:25.6348905Z     stat-card                    shape = one-measure × value-and-delta AND series = none AND delta != none — the default of the role; beats kpi-tile (roles.json when: "a series exists to show (s247-D3 / DP-08: no series ⇒ not a KPI tile)") exactly when no series exists, and beats Chart-bullet (when: "a target or performance band is the point, not the delta") when the delta, not a band, is the claim.
2026-09-28T14:46:25.6351353Z     status-indicator             shape = one-state × dot-and-label AND span.cols <= 4 — the default of the role; beats summary (roles.json when: "n × count as a key/value list, 6–12 cols") whenever exactly one state is read; yields to badge (when: "inline, attached to another element, count only") when the dot is attached to another element rather than standing alone.
2026-09-28T14:46:25.6354040Z     summary                      shape = rows × name-value-pairs AND rows >= 2 AND span.cols >= 6 — beats status-indicator (roles.json when: "one state, one dot + label, 2–4 cols") whenever more than one row must be read at once; yields to meter (when: "the threshold is a cap being spent against (limits-meter reading)") when threshold = cap-spent-against, and to badge (when: "inline, attached to another element, count only") when the reading is inline.
2026-09-28T14:46:25.6356817Z     template-confirmation        position = end of an instruction AND order = message, then FACTS, then actions, then what-happens-next AND a reference is shown if one exists — beats the Confirmation component (roles.json feedback role) because a confirmation PAGE is also the RECEIPT — that reordering is the template's whole contribution; ends a flow that template-wizard began.
2026-09-28T14:46:25.6359444Z     template-dashboard-bento     the question is 'how are things, and what needs me?' AND layout.grammar = bento — the dashboard frame when the designer's answer to 'dashboard bento — is that right?' is yes (s230-D1 beat 2); its tiles are themselves bentos (s217-D2, s217-D3). A composer borrows its grammar ($bentoGrammar) and chooses every module from the graph; it yields to template-dashboard when layout.grammar = grid.
2026-09-28T14:46:25.6361975Z     template-error               cause in (404, 500) AND RAG colour = unbound AND no support semantics invented AND one page serves ALL unexpected failures — beats template-empty (proposed "the query succeeded and returned nothing") because here the page could not be produced at all; beats an inline Alert (slice A) because the failure is the PAGE, not a field.
2026-09-28T14:46:25.6364597Z     template-wizard              steps >= 2 AND order is enforced AND next is gated AND a review step precedes the end AND the end is a receipt — beats template-create-edit (proposed "one page, no enforced order") on order; composes app-shell-focused (roles.json when: "one job, no navigation (auth, wizard)") and borrows the step mechanism whole from Stepper.
2026-09-28T14:46:25.6367903Z     textarea                     entry = free text AND the answer may run to more than one line AND there is no fixed option list AND a length limit is shown only where a real limit exists — beats input-fields (proposed "the answer fits one line") the moment a sentence is expected rather than a value — notes to approvers, a reason for payment, a secure message body; yields to input-fields for anything shorter (GOV.UK, verbatim: "enter shorter answers no longer than a single line, such as a phone number"); the counter is added only when a limit genuinely exists (GOV.UK: "Only use the character count component when there is a good reason for limiting").
2026-09-28T14:46:25.6371561Z     timeline                     records >= 2 AND time IS the structure AND every record has ALREADY HAPPENED AND entries are not buttons AND order is newest-first with date headings — roles.json when: "time is the structure, records have happened"; beats list-items when the date rail is the reading rather than a sort order; yields to list-items inside a date group the moment entries must open (our AP1), and never borrows Progress-tracker's aria-current because there is no current step (our AP0).
2026-09-28T14:46:25.6374520Z     view-options                 NEVER — superseded 2026-07-24; the view switch is Segmented-control — carries no selection criterion because it is not a choice any composer should make: filter-toolbar-bar's AP1 already says "Consuming View-options instead of Segmented-control for the view switch — View-options was superseded"; the honest `when` here is a redirect, not a predicate.
2026-09-28T14:46:25.6375978Z DERIVED (printed, NEVER written into a meta — s251-D6, ISO 25964):
2026-09-28T14:46:25.6376669Z     preferred:  role action           PREFERRED TERM button (priority 60) — 7 co-provider(s)
2026-09-28T14:46:25.6377437Z     preferred:  role arrangement      PREFERRED TERM layout-utilities (priority 60) — 7 co-provider(s)
2026-09-28T14:46:25.6378219Z     preferred:  role chart-panel      PREFERRED TERM chart-bar (priority 92) — 11 co-provider(s)
2026-09-28T14:46:25.6378919Z     preferred:  role feedback         PREFERRED TERM alert (priority None) — 10 co-provider(s)
2026-09-28T14:46:25.6379681Z     preferred:  role headline-metric  PREFERRED TERM stat-card (priority 60) — 3 co-provider(s)
2026-09-28T14:46:25.6380430Z     preferred:  role input            PREFERRED TERM account-selector (priority None) — 26 co-provider(s)
2026-09-28T14:46:25.6381252Z     preferred:  role overlay          PREFERRED TERM command-palette (priority None) — 6 co-provider(s)
2026-09-28T14:46:25.6382048Z     preferred:  role page-frame       PREFERRED TERM app-shell-top-nav (priority 60) — 6 co-provider(s)
2026-09-28T14:46:25.6383056Z     preferred:  role page-title       PREFERRED TERM headers (priority 50) — 3 co-provider(s)
2026-09-28T14:46:25.6383838Z     preferred:  role record-list      PREFERRED TERM list-items (priority 60) — 7 co-provider(s)
2026-09-28T14:46:25.6384597Z     preferred:  role status-surface   PREFERRED TERM status-indicator (priority 60) — 3 co-provider(s)
2026-09-28T14:46:25.6385359Z     preferred:  role wayfinding       PREFERRED TERM navigations (priority 60) — 7 co-provider(s)
2026-09-28T14:46:25.6386119Z     instead-of: action-bar                   instead-of button                       [distant] role=action shape=differs span=unknown
2026-09-28T14:46:25.6386882Z     instead-of: cta-lockup                   instead-of button                       [distant] role=action shape=differs span=unknown
2026-09-28T14:46:25.6387696Z     instead-of: fab                          instead-of button                       [distant] role=action shape=differs span=unknown
2026-09-28T14:46:25.6388414Z     instead-of: icon-button                  instead-of button                       [distant] role=action shape=differs span=unknown
2026-09-28T14:46:25.6389117Z     instead-of: links                        instead-of button                       [distant] role=action shape=differs span=unknown
2026-09-28T14:46:25.6389868Z     instead-of: quick-actions                instead-of button                       [distant] role=action shape=differs span=unknown
2026-09-28T14:46:25.6390620Z     instead-of: split-button                 instead-of button                       [distant] role=action shape=differs span=unknown
2026-09-28T14:46:25.6391421Z     instead-of: accordion                    instead-of layout-utilities             [distant] role=arrangement shape=differs span=unknown
2026-09-28T14:46:25.6392781Z     instead-of: cards                        instead-of layout-utilities             [distant] role=arrangement shape=differs span=unknown
2026-09-28T14:46:25.6393780Z     instead-of: carousel                     instead-of layout-utilities             [distant] role=arrangement shape=differs span=unknown
2026-09-28T14:46:25.6394651Z     instead-of: divider                      instead-of layout-utilities             [distant] role=arrangement shape=differs span=unknown
2026-09-28T14:46:25.6395451Z     instead-of: feature-grid-lockup          instead-of layout-utilities             [distant] role=arrangement shape=differs span=unknown
2026-09-28T14:46:25.6396302Z     instead-of: splitter                     instead-of layout-utilities             [distant] role=arrangement shape=differs span=unknown
2026-09-28T14:46:25.6397106Z     instead-of: stats-band-lockup            instead-of layout-utilities             [distant] role=arrangement shape=differs span=unknown
2026-09-28T14:46:25.6397972Z     instead-of: chart-line                   instead-of chart-bar                    [near] role=chart-panel shape=differs span=overlaps
2026-09-28T14:46:25.6398742Z     instead-of: chart-donut                  instead-of chart-bar                    [near] role=chart-panel shape=differs span=overlaps
2026-09-28T14:46:25.6399495Z     instead-of: Chart-histogram              instead-of chart-bar                    [near] role=chart-panel shape=differs span=overlaps
2026-09-28T14:46:25.6400282Z     instead-of: Chart-scatter                instead-of chart-bar                    [near] role=chart-panel shape=differs span=overlaps
2026-09-28T14:46:25.6401044Z     instead-of: chart-stacked-area           instead-of chart-bar                    [near] role=chart-panel shape=differs span=overlaps
2026-09-28T14:46:25.6401902Z     instead-of: Chart-boxplot                instead-of chart-bar                    [near] role=chart-panel shape=differs span=overlaps
2026-09-28T14:46:25.6402751Z     instead-of: chart-combo                  instead-of chart-bar                    [near] role=chart-panel shape=differs span=overlaps
2026-09-28T14:46:25.6403507Z     instead-of: chart-pie                    instead-of chart-bar                    [near] role=chart-panel shape=differs span=overlaps
2026-09-28T14:46:25.6404311Z     instead-of: Chart-candlestick            instead-of chart-bar                    [near] role=chart-panel shape=differs span=overlaps
2026-09-28T14:46:25.6405089Z     instead-of: Chart-butterfly-h            instead-of chart-bar                    [near] role=chart-panel shape=differs span=overlaps
2026-09-28T14:46:25.6405912Z     instead-of: Chart-butterfly-v            instead-of chart-bar                    [near] role=chart-panel shape=differs span=overlaps
2026-09-28T14:46:25.6406702Z     instead-of: banner                       instead-of alert                        [distant] role=feedback shape=differs span=unknown
2026-09-28T14:46:25.6407408Z     instead-of: confirmation                 instead-of alert                        [distant] role=feedback shape=differs span=unknown
2026-09-28T14:46:25.6408274Z     instead-of: countdown-timer              instead-of alert                        [distant] role=feedback shape=differs span=unknown
2026-09-28T14:46:25.6409034Z     instead-of: empty-state                  instead-of alert                        [distant] role=feedback shape=differs span=unknown
2026-09-28T14:46:25.6409785Z     instead-of: loading-indicator            instead-of alert                        [distant] role=feedback shape=differs span=unknown
2026-09-28T14:46:25.6410588Z     instead-of: notifications                instead-of alert                        [distant] role=feedback shape=differs span=unknown
2026-09-28T14:46:25.6411308Z     instead-of: progress-bar                 instead-of alert                        [distant] role=feedback shape=differs span=unknown
2026-09-28T14:46:25.6412083Z     instead-of: progress-tracker             instead-of alert                        [distant] role=feedback shape=differs span=unknown
2026-09-28T14:46:25.6413048Z     instead-of: skeleton-loader              instead-of alert                        [distant] role=feedback shape=differs span=unknown
2026-09-28T14:46:25.6413843Z     instead-of: toast                        instead-of alert                        [distant] role=feedback shape=differs span=unknown
2026-09-28T14:46:25.6414596Z     instead-of: kpi-tile                     instead-of stat-card                    [near] role=headline-metric shape=differs span=overlaps
2026-09-28T14:46:25.6415393Z     instead-of: Chart-bullet                 instead-of stat-card                    [near] role=headline-metric shape=differs span=overlaps
2026-09-28T14:46:25.6416204Z     instead-of: runway-bar                   instead-of stat-card                    [near] role=headline-metric shape=differs span=overlaps
2026-09-28T14:46:25.6417014Z     instead-of: amount-display               instead-of account-selector             [distant] role=input shape=differs span=unknown
2026-09-28T14:46:25.6417810Z     instead-of: amount-input                 instead-of account-selector             [distant] role=input shape=differs span=unknown
2026-09-28T14:46:25.6418590Z     instead-of: calendar                     instead-of account-selector             [distant] role=input shape=differs span=unknown
2026-09-28T14:46:25.6419362Z     instead-of: cascader                     instead-of account-selector             [distant] role=input shape=differs span=unknown
2026-09-28T14:46:25.6420161Z     instead-of: combobox                     instead-of account-selector             [distant] role=input shape=differs span=unknown
2026-09-28T14:46:25.6420920Z     instead-of: date-picker                  instead-of account-selector             [distant] role=input shape=differs span=unknown
2026-09-28T14:46:25.6421698Z     instead-of: date-range-picker            instead-of account-selector             [distant] role=input shape=differs span=unknown
2026-09-28T14:46:25.6422480Z     instead-of: dropdown                     instead-of account-selector             [distant] role=input shape=differs span=unknown
2026-09-28T14:46:25.6423483Z     instead-of: file-upload                  instead-of account-selector             [distant] role=input shape=differs span=unknown
2026-09-28T14:46:25.6424344Z     instead-of: form-layout                  instead-of account-selector             [distant] role=input shape=differs span=unknown
2026-09-28T14:46:25.6425108Z     instead-of: input-fields                 instead-of account-selector             [distant] role=input shape=differs span=unknown
2026-09-28T14:46:25.6425904Z     instead-of: multi-select                 instead-of account-selector             [distant] role=input shape=differs span=unknown
2026-09-28T14:46:25.6426688Z     instead-of: range-slider                 instead-of account-selector             [distant] role=input shape=differs span=unknown
2026-09-28T14:46:25.6427443Z     instead-of: rating                       instead-of account-selector             [distant] role=input shape=differs span=unknown
2026-09-28T14:46:25.6428335Z     instead-of: reorder                      instead-of account-selector             [distant] role=input shape=differs span=unknown
2026-09-28T14:46:25.6429090Z     instead-of: search-field                 instead-of account-selector             [distant] role=input shape=differs span=unknown
2026-09-28T14:46:25.6429865Z     instead-of: secure-entry                 instead-of account-selector             [distant] role=input shape=differs span=unknown
2026-09-28T14:46:25.6430653Z     instead-of: segmented-control            instead-of account-selector             [distant] role=input shape=differs span=unknown
2026-09-28T14:46:25.6431447Z     instead-of: selection-controls           instead-of account-selector             [distant] role=input shape=differs span=unknown
2026-09-28T14:46:25.6432248Z     instead-of: slider                       instead-of account-selector             [distant] role=input shape=differs span=unknown
2026-09-28T14:46:25.6433260Z     instead-of: stepper                      instead-of account-selector             [distant] role=input shape=differs span=unknown
2026-09-28T14:46:25.6434092Z     instead-of: tags-input                   instead-of account-selector             [distant] role=input shape=differs span=unknown
2026-09-28T14:46:25.6434875Z     instead-of: textarea                     instead-of account-selector             [distant] role=input shape=differs span=unknown
2026-09-28T14:46:25.6435658Z     instead-of: time-picker                  instead-of account-selector             [distant] role=input shape=differs span=unknown
2026-09-28T14:46:25.6436445Z     instead-of: transfer-list                instead-of account-selector             [distant] role=input shape=differs span=unknown
2026-09-28T14:46:25.6437250Z     instead-of: view-options                 instead-of account-selector             [distant] role=input shape=differs span=unknown
2026-09-28T14:46:25.6438296Z     instead-of: drawer                       instead-of command-palette              [distant] role=overlay shape=differs span=unknown
2026-09-28T14:46:25.6568406Z     instead-of: modal-lightbox               instead-of command-palette              [distant] role=overlay shape=differs span=unknown
2026-09-28T14:46:25.6569474Z     instead-of: modals                       instead-of command-palette              [distant] role=overlay shape=differs span=unknown
2026-09-28T14:46:25.6570431Z     instead-of: popconfirm                   instead-of command-palette              [distant] role=overlay shape=differs span=unknown
2026-09-28T14:46:25.6571313Z     instead-of: popover                      instead-of command-palette              [distant] role=overlay shape=differs span=unknown
2026-09-28T14:46:25.6572294Z     instead-of: tooltip                      instead-of command-palette              [distant] role=overlay shape=differs span=unknown
2026-09-28T14:46:25.6573463Z     instead-of: app-shell-doormat            instead-of app-shell-top-nav            [distant] role=page-frame shape=differs span=unknown
2026-09-28T14:46:25.6574653Z     instead-of: app-shell-focused            instead-of app-shell-top-nav            [distant] role=page-frame shape=differs span=unknown
2026-09-28T14:46:25.6575755Z     instead-of: app-shell-multi-column       instead-of app-shell-top-nav            [distant] role=page-frame shape=differs span=unknown
2026-09-28T14:46:25.6576854Z     instead-of: app-shell-nav-rail           instead-of app-shell-top-nav            [distant] role=page-frame shape=differs span=unknown
2026-09-28T14:46:25.6578038Z     instead-of: app-shell-side-nav           instead-of app-shell-top-nav            [distant] role=page-frame shape=differs span=unknown
2026-09-28T14:46:25.6579104Z     instead-of: app-shell-split              instead-of app-shell-top-nav            [distant] role=page-frame shape=differs span=unknown
2026-09-28T14:46:25.6579951Z     instead-of: eyebrow                      instead-of headers                      [distant] role=page-title shape=differs span=unknown
2026-09-28T14:46:25.6581168Z     instead-of: page-header-lockup           instead-of headers                      [distant] role=page-title shape=differs span=unknown
2026-09-28T14:46:25.6582245Z     instead-of: section-heading-lockup       instead-of headers                      [distant] role=page-title shape=differs span=unknown
2026-09-28T14:46:25.6583739Z     instead-of: data-grid                    instead-of list-items                   [distant] role=record-list shape=differs span=unknown
2026-09-28T14:46:25.6584782Z     instead-of: document-row                 instead-of list-items                   [distant] role=record-list shape=differs span=unknown
2026-09-28T14:46:25.6585962Z     instead-of: standing-order-mandate-row   instead-of list-items                   [distant] role=record-list shape=differs span=unknown
2026-09-28T14:46:25.6587075Z     instead-of: table                        instead-of list-items                   [distant] role=record-list shape=differs span=unknown
2026-09-28T14:46:25.6588161Z     instead-of: timeline                     instead-of list-items                   [distant] role=record-list shape=differs span=unknown
2026-09-28T14:46:25.6589464Z     instead-of: transaction-row              instead-of list-items                   [distant] role=record-list shape=differs span=unknown
2026-09-28T14:46:25.6590527Z     instead-of: tree                         instead-of list-items                   [distant] role=record-list shape=differs span=unknown
2026-09-28T14:46:25.6591618Z     instead-of: summary                      instead-of status-indicator             [distant] role=status-surface shape=differs span=disjoint
2026-09-28T14:46:25.6592863Z     instead-of: badge                        instead-of status-indicator             [distant] role=status-surface shape=differs span=unknown
2026-09-28T14:46:25.6593816Z     instead-of: meter                        instead-of status-indicator             [distant] role=status-surface shape=differs span=unknown
2026-09-28T14:46:25.6594737Z     instead-of: breadcrumbs                  instead-of navigations                  [near] role=wayfinding shape=differs span=overlaps
2026-09-28T14:46:25.6595420Z     instead-of: anchor-nav                   instead-of navigations                  [distant] role=wayfinding shape=differs span=unknown
2026-09-28T14:46:25.6596076Z     instead-of: back-to-top                  instead-of navigations                  [distant] role=wayfinding shape=differs span=unknown
2026-09-28T14:46:25.6596731Z     instead-of: pagination                   instead-of navigations                  [distant] role=wayfinding shape=differs span=unknown
2026-09-28T14:46:25.6597376Z     instead-of: sidebar-nav                  instead-of navigations                  [distant] role=wayfinding shape=differs span=unknown
2026-09-28T14:46:25.6598027Z     instead-of: tab-bar                      instead-of navigations                  [distant] role=wayfinding shape=differs span=unknown
2026-09-28T14:46:25.6598675Z     instead-of: tabs                         instead-of navigations                  [distant] role=wayfinding shape=differs span=unknown
2026-09-28T14:46:25.6599281Z     not-with:   stat-card                    not-with Chart-butterfly-h            -> DERIVED (symmetric)
2026-09-28T14:46:25.6599817Z     not-with:   stat-card                    not-with Chart-butterfly-v            -> DERIVED (symmetric)
2026-09-28T14:46:25.6600340Z     not-with:   chart-bar                    not-with Chart-histogram              -> DERIVED (symmetric)
2026-09-28T14:46:25.6600851Z     not-with:   stat-card                    not-with Chart-histogram              -> DERIVED (symmetric)
2026-09-28T14:46:25.6601361Z     not-with:   chart-donut                  not-with chart-pie                    -> DERIVED (symmetric)
2026-09-28T14:46:25.6601874Z     not-with:   chart-line                   not-with chart-sparkline              -> DERIVED (symmetric)
2026-09-28T14:46:25.6602549Z     not-with:   chart-bar                    not-with chart-stacked-area           -> DERIVED (symmetric)
2026-09-28T14:46:25.6603408Z     not-with:   status-surface               not-with kpi-tile                     -> reciprocal NOT DERIVABLE (target is a ROLE, not a meta)
2026-09-28T14:46:25.6604037Z     not-with:   chart-sparkline              not-with legend                       -> DERIVED (symmetric)
2026-09-28T14:46:25.6605080Z     with:       filter-toolbar-bar           with data-grid                    -> DERIVED suggests (from suggests; NOT asserted — a complement is one-way until Dave says otherwise)
2026-09-28T14:46:25.6606096Z     with:       pagination                   with data-grid                    -> DERIVED suggests (from suggests; NOT asserted — a complement is one-way until Dave says otherwise)
2026-09-28T14:46:25.6607106Z     with:       search-field                 with data-grid                    -> DERIVED suggests (from suggests; NOT asserted — a complement is one-way until Dave says otherwise)
2026-09-28T14:46:25.6608153Z     with:       selection-controls           with data-grid                    -> DERIVED suggests (from suggests; NOT asserted — a complement is one-way until Dave says otherwise)
2026-09-28T14:46:25.6609288Z     with:       skeleton-loader              with data-grid                    -> DERIVED suggests (from suggests; NOT asserted — a complement is one-way until Dave says otherwise)
2026-09-28T14:46:25.6610291Z     with:       tags                         with data-grid                    -> DERIVED suggests (from suggests; NOT asserted — a complement is one-way until Dave says otherwise)
2026-09-28T14:46:25.6611307Z     with:       chart-sparkline              with kpi-tile                     -> DERIVED suggests (from recommends; NOT asserted — a complement is one-way until Dave says otherwise)
2026-09-28T14:46:25.6612101Z     with:       chart-panel                  with legend                       -> reciprocal NOT DERIVABLE (target is a ROLE, not a meta)
2026-09-28T14:46:25.6613417Z CROSS-CHECK roles.json <-> metas (REPORT ONLY, never a fail — s252-D1):
2026-09-28T14:46:25.6613980Z     roles.json membership and the metas' `provides` AGREE for every meta that carries the field (108).
2026-09-28T14:46:25.6615728Z RESULT: PASS — every role/answers/shape/not-with/with address resolves, every `when` field name is legal, priorities are unique in-role, and intent agrees with answers. This proves no address DANGLES; it does not prove any assignment is RIGHT (Dave's eye, against each meta's own `purpose` prose), and it does not prove a `when` predicate is TRUE of its component — only that its field names are in the store.
2026-09-28T14:46:25.6649609Z selftest — _validate_roles_resolve.py
2026-09-28T14:46:25.6650279Z   PASS a fully-tagged meta resolves           -> green | (green)
2026-09-28T14:46:25.6651125Z   PASS unknown role refuses                   -> FAIL | Bad: FAIL [provides-resolves] — UNKNOWN ROLE 'chart-pane' — not a key of `roles` in knowledge/roles.json. Lega
2026-09-28T14:46:25.6652189Z   PASS unknown answer refuses                 -> FAIL | Bad2: FAIL [answers-resolves] — UNKNOWN ANSWER 'count-vs-threshold' — not a key of `chart-intent` in knowledge
2026-09-28T14:46:25.6653592Z   PASS not-with slug resolving to nothing refuses -> FAIL | Bad3: FAIL [notwith-resolves] — UNKNOWN SLUG 'ghost-card' in `not-with` — resolves to neither a meta stem unde
2026-09-28T14:46:25.6654695Z   PASS duplicate priority inside one role refuses -> FAIL | A: FAIL [priority-unique] — priority 60 is claimed by 2 providers of role 'chart-panel': A, B. Priority is the
2026-09-28T14:46:25.6655394Z   PASS same priority in DIFFERENT roles is legal -> green | (green)
2026-09-28T14:46:25.6656210Z   PASS priority with no provides refuses      -> FAIL | Bad6: FAIL [priority-in-role] — `priority` 60 with no resolving `provides`. Priority is compared ONLY within o
2026-09-28T14:46:25.6657237Z   PASS intent != answers refuses              -> FAIL | Bad4: FAIL [intent-equals-answers] — `intent` 'comparison' and `answers` 'distribution' DISAGREE. `answers` is
2026-09-28T14:46:25.6658451Z   PASS span min > max refuses                 -> FAIL | Bad5: FAIL [span-ordered] — `span.cols.min` 9 > `max` 4. The 1..12 bounds are the schema's; draft-07 cannot co
2026-09-28T14:46:25.6659403Z   PASS absent roles store fails LOUD          -> FAIL | FAIL — roles store MISSING: /tmp/tmpsj_fk2ll/roles.json (an absent instrument is not a pass)
2026-09-28T14:46:25.6660379Z   PASS unknown shape refuses                  -> FAIL | Bad7: FAIL [shape-known] — UNKNOWN SHAPE 'bins × frequency' — not a key of `shapes` in knowledge/shapes.json. 
2026-09-28T14:46:25.6661020Z   PASS a shape IN the store resolves          -> green | (green)
2026-09-28T14:46:25.6661788Z   PASS unknown `when` field refuses           -> FAIL | Bad8: FAIL [when-fields-known] — UNKNOWN `when` FIELD 'prominence' in clause 'prominence >= 2' — not a key of 
2026-09-28T14:46:25.6662431Z   PASS prose in the gate is NOT a field claim -> green | (green)
2026-09-28T14:46:25.6663073Z   PASS a field named only AFTER the em-dash is not parsed -> green | (green)
2026-09-28T14:46:25.6663446Z RESULT: PASS
2026-09-28T14:46:25.7911457Z   [PASS] _proforma/DataViz-interactive.html  (16 charts, 0 blocking, 16 advisory)
2026-09-28T14:46:25.7913761Z   [PASS] snippets/Chart-bar.reference.html  (5 charts, 0 blocking, 48 advisory)
2026-09-28T14:46:25.7915133Z   [PASS] snippets/Chart-boxplot.reference.html  (1 charts, 0 blocking, 2 advisory)
2026-09-28T14:46:25.7916546Z   [PASS] snippets/Chart-bullet.reference.html  (1 charts, 0 blocking, 2 advisory)
2026-09-28T14:46:25.7917717Z   [PASS] snippets/Chart-butterfly-h.reference.html  (1 charts, 0 blocking, 2 advisory)
2026-09-28T14:46:25.7918468Z   [PASS] snippets/Chart-butterfly-v.reference.html  (1 charts, 0 blocking, 3 advisory)
2026-09-28T14:46:25.7919230Z   [PASS] snippets/Chart-candlestick.reference.html  (1 charts, 0 blocking, 2 advisory)
2026-09-28T14:46:25.7919978Z   [PASS] snippets/Chart-combo.reference.html  (1 charts, 0 blocking, 10 advisory)
2026-09-28T14:46:25.7920720Z   [PASS] snippets/Chart-donut.reference.html  (2 charts, 0 blocking, 3 advisory)
2026-09-28T14:46:25.7921415Z   [PASS] snippets/Chart-histogram.reference.html  (1 charts, 0 blocking, 2 advisory)
2026-09-28T14:46:25.7922100Z   [PASS] snippets/Chart-line.reference.html  (2 charts, 0 blocking, 19 advisory)
2026-09-28T14:46:25.7923026Z   [PASS] snippets/Chart-pie.reference.html  (2 charts, 0 blocking, 3 advisory)
2026-09-28T14:46:25.7923744Z   [PASS] snippets/Chart-scatter.reference.html  (2 charts, 0 blocking, 19 advisory)
2026-09-28T14:46:25.7924386Z   [PASS] snippets/Chart-sparkline.reference.html  (3 charts, 0 blocking, 4 advisory)
2026-09-28T14:46:25.7925074Z   [PASS] snippets/Chart-stacked-area.reference.html  (1 charts, 0 blocking, 10 advisory)
2026-09-28T14:46:25.7925561Z 
2026-09-28T14:46:25.7926406Z ✅ DataViz gate passed (15 chart surface file(s)).
2026-09-28T14:46:25.8540062Z   [ok] ★ #260 ENGINE_TEST_PAGE maps every engine-drawn member to a test page that EXISTS
2026-09-28T14:46:25.8540566Z   [ok] GOOD column passes blocking
2026-09-28T14:46:25.8540841Z   [ok] dv-009 gradient
2026-09-28T14:46:25.8541196Z   [ok] ★ DV-D02-A fires when a cartesian plot LOSES dv-fit
2026-09-28T14:46:25.8541693Z   [ok] ★ DV-D02-A fires the OTHER way — an excluded donut that CARRIES dv-fit
2026-09-28T14:46:25.8542161Z   [ok] DV-D02-A silent on an excluded chart with no dv-fit (donut, the normal case)
2026-09-28T14:46:25.8542960Z   [ok] ★ scatter is BLOCKING since the #72 discharge — no waiver left to demote it
2026-09-28T14:46:25.8543511Z   [ok] ★ scatter WITH dv-fit is silent — the green control for the discharge
2026-09-28T14:46:25.8544018Z   [ok] ★ h-bar is IN scope after DV-D02-A — the rot the amendment corrected
2026-09-28T14:46:25.8544377Z   [ok] dv-009 two patterns
2026-09-28T14:46:25.8544634Z   [ok] dv-017 raw hex fill
2026-09-28T14:46:25.8544892Z   [ok] dv-016 low-contrast series
2026-09-28T14:46:25.8545164Z   [ok] dv-bar-009 missing baseline
2026-09-28T14:46:25.8545726Z   [ok] dv-bar-009 NEVER fires on a line
2026-09-28T14:46:25.8546023Z   [ok] dv-bar-007 negative horizontal bar
2026-09-28T14:46:25.8546316Z   [ok] dv-pie-009 >6 slices
2026-09-28T14:46:25.8546614Z   [ok] dv-pie-010 sum!=total
2026-09-28T14:46:25.8546898Z   [ok] dv-004 donut without separating stroke
2026-09-28T14:46:25.8547355Z   [ok] ★ dv-004 FIRES on the ds-014 figure — stacked-column, 0.0px gap, no stroke
2026-09-28T14:46:25.8547878Z   [ok] ★ dv-004 PASSES on 2px of REAL GEOMETRY (Dave's ruling, no stroke needed)
2026-09-28T14:46:25.8548327Z   [ok] dv-004 boundary — 1.9px gap is still a failure
2026-09-28T14:46:25.8548665Z   [ok] dv-004 accepts MORE than the minimum (6px gap)
2026-09-28T14:46:25.8549016Z   [ok] dv-004 stroke mechanism still passes with a 0px gap
2026-09-28T14:46:25.8549416Z   [ok] dv-004 unmeasurable geometry fails SAFE (no x/y/height, no stroke)
2026-09-28T14:46:25.8549899Z   [ok] ★ dv-vocab FIRES on a dtype the gate has never heard of
2026-09-28T14:46:25.8550293Z   [ok] dv-vocab silent on the three values that were blind (scatter)
2026-09-28T14:46:25.8550778Z   [ok] dtype synonym normalises — grouped-column reaches dv-bar-009
2026-09-28T14:46:25.8551134Z   [ok] dv-line-011 curved series path
2026-09-28T14:46:25.8551434Z   [ok] vibration advisory fires on a shimmer pair
2026-09-28T14:46:25.8551993Z   [ok] ★ s260-D3 driven receipt: fresh + all 8 combos >=2px PASSES (and says so)
2026-09-28T14:46:25.8552539Z   [ok] ★ s260-D3 driven receipt: ONE combo at 1.9px is BLOCKING, quoting combo + px
2026-09-28T14:46:25.8553191Z   [ok] ★ s260-D3 driven receipt: STALE source hash is BLOCKING and names the file
2026-09-28T14:46:25.8553710Z   [ok] ★ s260-D3 driven receipt: NO receipt at all is BLOCKING, never a skip
2026-09-28T14:46:25.8554199Z   [ok] ★ s260-D3 driven receipt: an UNMAPPED engine snippet is BLOCKING
2026-09-28T14:46:25.8554724Z   [ok] ★ s260-D3 control: a STATIC donut with a >=2px stroke still passes the STATIC route
2026-09-28T14:46:25.8555291Z   [ok] ★ #260 recorded dv-004 figure BELOW 2px is BLOCKING outside donut/pie/stacked
2026-09-28T14:46:25.8555795Z   [ok] ★ #260 recorded dv-004 figure at 2.200px PASSES and says so
2026-09-28T14:46:25.8556263Z   [ok] ★ #260 a receipt that measures NOTHING (dv004_px null) invents no rule
2026-09-28T14:46:25.8556816Z   [ok] ★ #260 a FRESH receipt with no measured dv-004 figure still passes (no rule invented)
2026-09-28T14:46:25.8557344Z   [ok] ★ #260 the SAME receipt with one source hash changed is BLOCKING STALE
2026-09-28T14:46:25.8557863Z   [ok] ★ #260 a mapped engine page with NO receipt at all is BLOCKING, never a skip
2026-09-28T14:46:25.8558144Z 
2026-09-28T14:46:25.8558269Z ✅ selftest
2026-09-28T14:46:26.0065104Z property-resolves gate (C2): 149 file(s), 0 failure(s)
2026-09-28T14:46:26.0541958Z   [PASS] green control — the shipping file passes (0 failure(s))
2026-09-28T14:46:26.0542792Z   [PASS] bite 1 — ds-018 reintroduced (--border-disabled/--text-disabled): 2 failure(s), expected 2
2026-09-28T14:46:26.0543409Z   [PASS] bite 2 — --muted reintroduced: 1 failure(s), expected 1
2026-09-28T14:46:26.0543974Z   [PASS] bite 3 — var() WITH a fallback is intent, not a defect: 0 failure(s), expected 0
2026-09-28T14:46:26.0544569Z   [PASS] bite 4 — 404 stylesheet is caught, not swallowed: 1 failure(s), expected ≥1
2026-09-28T14:46:26.0545294Z   [PASS] bite-the-bite — a blinded detector reports 0 on a known-bad file (0), so the bites above are measuring something
2026-09-28T14:46:26.0545912Z   ✅ C2 selftest: all failure classes bite; green control passes
2026-09-28T14:46:26.5159298Z dataviz var-resolution gate — 9 file(s) with colour presentation attributes, 380 reference(s), 4 theme(s): mono, legacy, console, supercharge
2026-09-28T14:46:26.5160396Z ✅ every colour presentation attribute resolves in at least one theme
2026-09-28T14:46:27.6003435Z   [1] green control (real Chart-bar, 58 refs) -> 0 dead : PASS
2026-09-28T14:46:27.6004212Z   [2] plant undeclared --gate-selftest-ghost -> 1 dead ['--gate-selftest-ghost'] : PASS
2026-09-28T14:46:27.6005167Z   [3] same name, now DECLARED -> 0 dead : PASS
2026-09-28T14:46:27.6005658Z   [4] alias chain --ghost -> --void (undeclared) -> 1 dead : PASS
2026-09-28T14:46:27.6006306Z   [5] declared in console block only -> partial=[('--gate-selftest-ghost', ['console'])] : PASS
2026-09-28T14:46:27.6006938Z   [6] var(--void, #ccc) fallback -> 0 dead : PASS
2026-09-28T14:46:27.6007947Z   [7] empty population -> GateError: EMPTY POPULATION — globs ['knowledge/snippets/*.reference.ht : PASS
2026-09-28T14:46:27.6008887Z   [8] missing canon.css -> GateError: MISSING TARGET canon.css at /tmp/dvvars-zpehjtv6/knowledge/c : PASS
2026-09-28T14:46:27.6009448Z 
2026-09-28T14:46:27.6009805Z ✅ selftest PASS — the gate can fail, and fails on the right shapes
2026-09-28T14:46:28.1387278Z minted-token consumption inventory (ADVISORY) — canon.css declares 1024 custom properties (base tier 1021 · theme tier 419)
2026-09-28T14:46:28.1388213Z   consumed by a var() in the glob ......... 656
2026-09-28T14:46:28.1388636Z   unconsumed .............................. 368
2026-09-28T14:46:28.1389216Z     ├─ ALIAS-TARGET (mint-time $alias) ..... 83
2026-09-28T14:46:28.1389683Z     ├─ ALIAS-SHADOW (alias expansion) ..... 23
2026-09-28T14:46:28.1390254Z     └─ ORPHAN       (declared, never read) 262   [6 of them minted per-theme]
2026-09-28T14:46:28.1391100Z 
2026-09-28T14:46:28.1392460Z ⚠ ADVISORY: an unconsumed mint is not a defect on its face — a forgotten wire and a reserved slot wear the same shape, and no presence test can tell them apart. Promotion to blocking needs a $consumer/$reserved declaration on the token, and is Dave's word.
2026-09-28T14:46:31.5538187Z   [1] green control: real canon.css parses and classifies            PASS  — declared=1024 consumed=656 orphan=262
2026-09-28T14:46:31.5539537Z   [2] a heavily-consumed var (--border-radius-default) is not flagged PASS  — (absent)
2026-09-28T14:46:31.5540420Z   [3] plant --gate-selftest-orphan in a console block -> ORPHAN      PASS  — ORPHAN
2026-09-28T14:46:31.5541211Z   [4] same name, now var()-ed by a file in the glob -> not flagged   PASS  — (absent)
2026-09-28T14:46:31.5542007Z   [5] consumer moved to reviews/ (excluded) -> ORPHAN again          PASS  — ORPHAN
2026-09-28T14:46:31.5543101Z   [6] $alias target --color-neutral-15 classed ALIAS-TARGET, not ORPHAN PASS  — ALIAS-TARGET
2026-09-28T14:46:31.5544020Z   [7] MUTANT subtract_alias_targets=False -> --color-neutral-15 goes ORPHAN PASS  — ORPHAN
2026-09-28T14:46:31.5544935Z   [8] --tooltip-background ALIAS-SHADOW, and ORPHAN under the mutant PASS  — ALIAS-SHADOW / mutant ORPHAN
2026-09-28T14:46:31.5546029Z   [9] missing canon.css -> GateError                                 PASS  — MISSING TARGET canon.css at /tmp/mintcons-0jvdjez9/k
2026-09-28T14:46:31.5547147Z   [10] empty consumer population -> GateError                         PASS  — EMPTY CONSUMER POPULATION — no scannable file under 
2026-09-28T14:46:31.5547993Z 
2026-09-28T14:46:31.5548673Z ✅ selftest PASS — the inventory can flag, can stop flagging, and both false-positive subtractions are mutation-proved (10 bites)
2026-09-28T14:46:33.6472613Z [hidden]-vs-author-display sweep — ADVISORY, non-gating (#218 W3 F1 class, s218-D5 clause 3)
2026-09-28T14:46:33.6476577Z 137 snippet(s) scanned, 17 with signals · 3 STATIC · 0 DYNAMIC · 3 STATIC? · 6 DYNAMIC? · 21 UNRESOLVED
2026-09-28T14:46:33.6477049Z 
2026-09-28T14:46:33.6477280Z ## Avatar-group.reference.html — 1 signal(s)
2026-09-28T14:46:33.6478611Z   [UNRESOLVED] Avatar-group.reference.html: line 348 sets `hidden` — `p.pop.hidden = !open;` — but this reader cannot resolve the receiver to a selector, so the element is UNCHECKED, which is a gap in this instrument's reach, NOT evidence the file is clean
2026-09-28T14:46:33.6479549Z 
2026-09-28T14:46:33.6479730Z ## Cascader.reference.html — 2 signal(s)
2026-09-28T14:46:33.6480874Z   [UNRESOLVED] Cascader.reference.html: line 538 sets `hidden` — `if(!node){ col.hidden = true; return; }` — but this reader cannot resolve the receiver to a selector, so the element is UNCHECKED, which is a gap in this instrument's reach, NOT evidence the file is clean
2026-09-28T14:46:33.6483058Z   [UNRESOLVED] Cascader.reference.html: line 539 sets `hidden` — `col.hidden = false;` — but this reader cannot resolve the receiver to a selector, so the element is UNCHECKED, which is a gap in this instrument's reach, NOT evidence the file is clean
2026-09-28T14:46:33.6483801Z 
2026-09-28T14:46:33.6484008Z ## Chart-butterfly-h.reference.html — 1 signal(s)
2026-09-28T14:46:33.6485549Z   [STATIC] Chart-butterfly-h.reference.html: STATIC hidden-bearing <div> (class=dv-empty-frame) at line 296 is painted by `.dv-empty-frame{display:flex}` (line 219, specificity (0, 1, 0)); the file has NO matching `[hidden]{display:none}` remedy — the UA `[hidden]{display:none}` is (0,1,0) and loses, so the element renders while `hidden` tells AT it is gone (#218 W3 F1 class, s218-D5 clause 3)
2026-09-28T14:46:33.6486666Z 
2026-09-28T14:46:33.6486848Z ## Chart-butterfly-v.reference.html — 1 signal(s)
2026-09-28T14:46:33.6488458Z   [STATIC] Chart-butterfly-v.reference.html: STATIC hidden-bearing <div> (class=dv-empty-frame) at line 301 is painted by `.dv-empty-frame{display:flex}` (line 224, specificity (0, 1, 0)); the file has NO matching `[hidden]{display:none}` remedy — the UA `[hidden]{display:none}` is (0,1,0) and loses, so the element renders while `hidden` tells AT it is gone (#218 W3 F1 class, s218-D5 clause 3)
2026-09-28T14:46:33.6489555Z 
2026-09-28T14:46:33.6489744Z ## Chart-histogram.reference.html — 1 signal(s)
2026-09-28T14:46:33.6491199Z   [STATIC] Chart-histogram.reference.html: STATIC hidden-bearing <div> (class=dv-empty-frame) at line 246 is painted by `.dv-empty-frame{display:flex}` (line 182, specificity (0, 1, 0)); the file has NO matching `[hidden]{display:none}` remedy — the UA `[hidden]{display:none}` is (0,1,0) and loses, so the element renders while `hidden` tells AT it is gone (#218 W3 F1 class, s218-D5 clause 3)
2026-09-28T14:46:33.6492308Z 
2026-09-28T14:46:33.6492485Z ## Command-palette.reference.html — 4 signal(s)
2026-09-28T14:46:33.6494623Z   [STATIC?] Command-palette.reference.html: STATIC? hidden-bearing <span> (id=cp1-title) at line 153 is painted by `.cp-stage-mock span{display:block}` (line 54, specificity (0, 0, 1)); the file has NO matching `[hidden]{display:none}` remedy ⚠ POSSIBLE ONLY: `.cp-stage-mock span` states an ancestor/sibling condition this reader does not check, so the pair may never meet in the real DOM — the UA `[hidden]{display:none}` is (0,1,0) and loses, so the element renders while `hidden` tells AT it is gone (#218 W3 F1 class, s218-D5 clause 3)
2026-09-28T14:46:33.6497772Z   [STATIC?] Command-palette.reference.html: STATIC? hidden-bearing <span> (tag=span) at line 202 is painted by `.cp-stage-mock span{display:block}` (line 54, specificity (0, 0, 1)); the file has NO matching `[hidden]{display:none}` remedy ⚠ POSSIBLE ONLY: `.cp-stage-mock span` states an ancestor/sibling condition this reader does not check, so the pair may never meet in the real DOM — the UA `[hidden]{display:none}` is (0,1,0) and loses, so the element renders while `hidden` tells AT it is gone (#218 W3 F1 class, s218-D5 clause 3)
2026-09-28T14:46:33.6500931Z   [STATIC?] Command-palette.reference.html: STATIC? hidden-bearing <span> (id=cp2-title) at line 215 is painted by `.cp-stage-mock span{display:block}` (line 54, specificity (0, 0, 1)); the file has NO matching `[hidden]{display:none}` remedy ⚠ POSSIBLE ONLY: `.cp-stage-mock span` states an ancestor/sibling condition this reader does not check, so the pair may never meet in the real DOM — the UA `[hidden]{display:none}` is (0,1,0) and loses, so the element renders while `hidden` tells AT it is gone (#218 W3 F1 class, s218-D5 clause 3)
2026-09-28T14:46:33.6503325Z   [UNRESOLVED] Command-palette.reference.html: line 334 sets `hidden` — `el.hidden = !on;` — but this reader cannot resolve the receiver to a selector, so the element is UNCHECKED, which is a gap in this instrument's reach, NOT evidence the file is clean
2026-09-28T14:46:33.6504092Z 
2026-09-28T14:46:33.6504335Z ## Data-grid.reference.html — 1 signal(s)
2026-09-28T14:46:33.6506135Z   [DYNAMIC?] Data-grid.reference.html: DYNAMIC? hidden-bearing <*> (id=fbar) at line 1012 is painted by `.sort .ic svg{display:block}` (line 232, specificity (0, 0, 1)); the file has NO matching `[hidden]{display:none}` remedy ⚠ POSSIBLE ONLY: `.sort .ic svg` states an ancestor/sibling condition this reader does not check, so the pair may never meet in the real DOM — the UA `[hidden]{display:none}` is (0,1,0) and loses, so the element renders while `hidden` tells AT it is gone (#218 W3 F1 class, s218-D5 clause 3)
2026-09-28T14:46:33.6507475Z 
2026-09-28T14:46:33.6507666Z ## Filter-toolbar-bar.reference.html — 6 signal(s)
2026-09-28T14:46:33.6509211Z   [UNRESOLVED] Filter-toolbar-bar.reference.html: line 939 sets `hidden` — `state.filters.forEach((f,i)=>{ const n=chipNode(f); if(!expanded && i>=MAXCHIPS) n.hidden=true; chipRow.appendChild(n); ` — but this reader cannot resolve the receiver to a selector, so the element is UNCHECKED, which is a gap in this instrument's reach, NOT evidence the file is clean
2026-09-28T14:46:33.6512375Z   [UNRESOLVED] Filter-toolbar-bar.reference.html: line 1073 sets `hidden` — `table.hidden = s.view!=='table'; cards.hidden = s.view==='cards' ? false : true;` — but this reader cannot resolve the receiver to a selector, so the element is UNCHECKED, which is a gap in this instrument's reach, NOT evidence the file is clean
2026-09-28T14:46:33.6514804Z   [UNRESOLVED] Filter-toolbar-bar.reference.html: line 1073 sets `hidden` — `table.hidden = s.view!=='table'; cards.hidden = s.view==='cards' ? false : true;` — but this reader cannot resolve the receiver to a selector, so the element is UNCHECKED, which is a gap in this instrument's reach, NOT evidence the file is clean
2026-09-28T14:46:33.6516758Z   [UNRESOLVED] Filter-toolbar-bar.reference.html: line 1076 sets `hidden` — `emptyEl.hidden = st!=='empty'; errEl.hidden = true; results.hidden = st==='empty';` — but this reader cannot resolve the receiver to a selector, so the element is UNCHECKED, which is a gap in this instrument's reach, NOT evidence the file is clean
2026-09-28T14:46:33.6518715Z   [UNRESOLVED] Filter-toolbar-bar.reference.html: line 1076 sets `hidden` — `emptyEl.hidden = st!=='empty'; errEl.hidden = true; results.hidden = st==='empty';` — but this reader cannot resolve the receiver to a selector, so the element is UNCHECKED, which is a gap in this instrument's reach, NOT evidence the file is clean
2026-09-28T14:46:33.6520650Z   [UNRESOLVED] Filter-toolbar-bar.reference.html: line 1076 sets `hidden` — `emptyEl.hidden = st!=='empty'; errEl.hidden = true; results.hidden = st==='empty';` — but this reader cannot resolve the receiver to a selector, so the element is UNCHECKED, which is a gap in this instrument's reach, NOT evidence the file is clean
2026-09-28T14:46:33.6521559Z 
2026-09-28T14:46:33.6521752Z ## Page-header-lockup.reference.html — 2 signal(s)
2026-09-28T14:46:33.6523807Z   [DYNAMIC?] Page-header-lockup.reference.html: DYNAMIC? hidden-bearing <*> (tag=*) at line 430 is painted by `nav ol{display:flex}` (line 130, specificity (0, 0, 1)); the file has NO matching `[hidden]{display:none}` remedy ⚠ POSSIBLE ONLY: `nav ol` states an ancestor/sibling condition this reader does not check, so the pair may never meet in the real DOM — the UA `[hidden]{display:none}` is (0,1,0) and loses, so the element renders while `hidden` tells AT it is gone (#218 W3 F1 class, s218-D5 clause 3)
2026-09-28T14:46:33.6526756Z   [DYNAMIC?] Page-header-lockup.reference.html: DYNAMIC? hidden-bearing <*> (tag=*) at line 437 is painted by `nav ol{display:flex}` (line 130, specificity (0, 0, 1)); the file has NO matching `[hidden]{display:none}` remedy ⚠ POSSIBLE ONLY: `nav ol` states an ancestor/sibling condition this reader does not check, so the pair may never meet in the real DOM — the UA `[hidden]{display:none}` is (0,1,0) and loses, so the element renders while `hidden` tells AT it is gone (#218 W3 F1 class, s218-D5 clause 3)
2026-09-28T14:46:33.6528086Z 
2026-09-28T14:46:33.6528343Z ## Secure-entry.reference.html — 2 signal(s)
2026-09-28T14:46:33.6529605Z   [UNRESOLVED] Secure-entry.reference.html: line 387 sets `hidden` — `if (left <= 0){ clearInterval(tick); tick = null; btn.disabled = false; wait.hidden = true; }` — but this reader cannot resolve the receiver to a selector, so the element is UNCHECKED, which is a gap in this instrument's reach, NOT evidence the file is clean
2026-09-28T14:46:33.6531542Z   [UNRESOLVED] Secure-entry.reference.html: line 394 sets `hidden` — `btn.disabled = true; wait.hidden = false; left = 30; n.textContent = left;` — but this reader cannot resolve the receiver to a selector, so the element is UNCHECKED, which is a gap in this instrument's reach, NOT evidence the file is clean
2026-09-28T14:46:33.6532433Z 
2026-09-28T14:46:33.6532601Z ## Sidebar-nav.reference.html — 4 signal(s)
2026-09-28T14:46:33.6534724Z   [DYNAMIC?] Sidebar-nav.reference.html: DYNAMIC? hidden-bearing <*> (tag=*) at line 617 is painted by `.sn-canvas > span{display:block}` (line 148, specificity (0, 0, 1)); the file has NO matching `[hidden]{display:none}` remedy ⚠ POSSIBLE ONLY: `.sn-canvas > span` states an ancestor/sibling condition this reader does not check, so the pair may never meet in the real DOM — the UA `[hidden]{display:none}` is (0,1,0) and loses, so the element renders while `hidden` tells AT it is gone (#218 W3 F1 class, s218-D5 clause 3)
2026-09-28T14:46:33.6536987Z   [UNRESOLVED] Sidebar-nav.reference.html: line 631 sets `hidden` — `if (sub) sub.hidden = open;` — but this reader cannot resolve the receiver to a selector, so the element is UNCHECKED, which is a gap in this instrument's reach, NOT evidence the file is clean
2026-09-28T14:46:33.6538565Z   [UNRESOLVED] Sidebar-nav.reference.html: line 656 sets `hidden` — `if (sub) sub.hidden = true;` — but this reader cannot resolve the receiver to a selector, so the element is UNCHECKED, which is a gap in this instrument's reach, NOT evidence the file is clean
2026-09-28T14:46:33.6540137Z   [UNRESOLVED] Sidebar-nav.reference.html: line 660 sets `hidden` — `if (sub) sub.hidden = !back;` — but this reader cannot resolve the receiver to a selector, so the element is UNCHECKED, which is a gap in this instrument's reach, NOT evidence the file is clean
2026-09-28T14:46:33.6540889Z 
2026-09-28T14:46:33.6541111Z ## Standing-order-mandate-row.reference.html — 1 signal(s)
2026-09-28T14:46:33.6542247Z   [UNRESOLVED] Standing-order-mandate-row.reference.html: line 677 sets `hidden` — `panel.hidden = !open;` — but this reader cannot resolve the receiver to a selector, so the element is UNCHECKED, which is a gap in this instrument's reach, NOT evidence the file is clean
2026-09-28T14:46:33.6543224Z 
2026-09-28T14:46:33.6543394Z ## Stepper.reference.html — 1 signal(s)
2026-09-28T14:46:33.6544599Z   [UNRESOLVED] Stepper.reference.html: line 443 sets `hidden` — `STEPS.forEach((s, i) => { document.getElementById('p-' + (i + 1)).hidden = (i + 1) !== current; });` — but this reader cannot resolve the receiver to a selector, so the element is UNCHECKED, which is a gap in this instrument's reach, NOT evidence the file is clean
2026-09-28T14:46:33.6545502Z 
2026-09-28T14:46:33.6545660Z ## Tabs.reference.html — 1 signal(s)
2026-09-28T14:46:33.6546939Z   [UNRESOLVED] Tabs.reference.html: line 226 sets `hidden` — `allTabs.forEach(x => { const on = x === t; x.setAttribute('aria-selected', on); x.tabIndex = on ? 0 : -1; panelOf(x).hid` — but this reader cannot resolve the receiver to a selector, so the element is UNCHECKED, which is a gap in this instrument's reach, NOT evidence the file is clean
2026-09-28T14:46:33.6547882Z 
2026-09-28T14:46:33.6548051Z ## Template-auth.reference.html — 2 signal(s)
2026-09-28T14:46:33.6549268Z   [UNRESOLVED] Template-auth.reference.html: line 815 sets `hidden` — `if (left <= 0){ clearInterval(tick); btn.disabled = false; wait.hidden = true; }` — but this reader cannot resolve the receiver to a selector, so the element is UNCHECKED, which is a gap in this instrument's reach, NOT evidence the file is clean
2026-09-28T14:46:33.6551216Z   [UNRESOLVED] Template-auth.reference.html: line 818 sets `hidden` — `btn.disabled = true; wait.hidden = false; left = 30; n.textContent = left;` — but this reader cannot resolve the receiver to a selector, so the element is UNCHECKED, which is a gap in this instrument's reach, NOT evidence the file is clean
2026-09-28T14:46:33.6552105Z 
2026-09-28T14:46:33.6552299Z ## Template-create-edit.reference.html — 1 signal(s)
2026-09-28T14:46:33.6554608Z   [DYNAMIC?] Template-create-edit.reference.html: DYNAMIC? hidden-bearing <*> (id=ef-dirty) at line 816 is painted by `.content-header button{display:inline-flex}` (line 220, specificity (0, 0, 1)); the file has NO matching `[hidden]{display:none}` remedy ⚠ POSSIBLE ONLY: `.content-header button` states an ancestor/sibling condition this reader does not check, so the pair may never meet in the real DOM — the UA `[hidden]{display:none}` is (0,1,0) and loses, so the element renders while `hidden` tells AT it is gone (#218 W3 F1 class, s218-D5 clause 3)
2026-09-28T14:46:33.6556164Z 
2026-09-28T14:46:33.6556359Z ## Template-wizard.reference.html — 2 signal(s)
2026-09-28T14:46:33.6558397Z   [DYNAMIC?] Template-wizard.reference.html: DYNAMIC? hidden-bearing <*> (id=wiz-bar) at line 782 is painted by `.content-header button{display:inline-flex}` (line 229, specificity (0, 0, 1)); the file has NO matching `[hidden]{display:none}` remedy ⚠ POSSIBLE ONLY: `.content-header button` states an ancestor/sibling condition this reader does not check, so the pair may never meet in the real DOM — the UA `[hidden]{display:none}` is (0,1,0) and loses, so the element renders while `hidden` tells AT it is gone (#218 W3 F1 class, s218-D5 clause 3)
2026-09-28T14:46:33.6560961Z   [UNRESOLVED] Template-wizard.reference.html: line 779 sets `hidden` — `STEPS.forEach((s, i) => { document.getElementById('wp-' + (i + 1)).hidden = (i + 1) !== current; });` — but this reader cannot resolve the receiver to a selector, so the element is UNCHECKED, which is a gap in this instrument's reach, NOT evidence the file is clean
2026-09-28T14:46:33.6561897Z 
2026-09-28T14:46:33.6562935Z ⚠ TRIAGE INPUT, NOT A REPAIR LIST. CERTAIN tiers (STATIC/DYNAMIC) name a painter with no ancestor condition. `?` tiers are combinator-blind and may never meet in the real DOM. UNRESOLVED is this instrument's own blind spot, not a clean bill.
2026-09-28T14:46:33.7226911Z   ✓ STATIC defect is CAUGHT and names the class, the painting rule and the missing remedy
2026-09-28T14:46:33.7228938Z       quoted: F.reference.html: STATIC hidden-bearing <div> (class=x) at line 1 is painted by `.x{display:flex}` (line 1, specificity (0, 1, 0)); the file has NO matching `[hidden]{display:none}` remedy — the UA `[hidden]{display:none}` is (0,1,0) and loses, so the element renders while `hidden` tells AT it is gone (#218 W3 F1 class, s218-D5 clause 3)
2026-09-28T14:46:33.7230314Z   ✓ the RULED remedy `.x[hidden]{display:none}` clears the finding (no false positive on the s218-D5 fix shape)
2026-09-28T14:46:33.7231010Z   ✓ a LOWER-specificity [hidden] remedy is still caught, and the message quotes both specificities
2026-09-28T14:46:33.7232584Z       quoted: F.reference.html: STATIC hidden-bearing <div> (class=a.b) at line 1 is painted by `.a.b{display:flex}` (line 1, specificity (0, 2, 0)); the file's only matching [hidden] remedy `[hidden]` (line 1) is WEAKER at (0, 1, 0) — the UA `[hidden]{display:none}` is (0,1,0) and loses, so the element renders while `hidden` tells AT it is gone (#218 W3 F1 class, s218-D5 clause 3)
2026-09-28T14:46:33.7234157Z   ✓ a painting rule inside a CSS comment is NOT counted (comment-masked)
2026-09-28T14:46:33.7234721Z   ✓ a hidden-bearing element inside an HTML comment is NOT counted (shared _htmlmask)
2026-09-28T14:46:33.7235282Z   ✓ a script-set `hidden` on a querySelector-bound element is RESOLVED and caught
2026-09-28T14:46:33.7236653Z       quoted: F.reference.html: DYNAMIC hidden-bearing <*> (class=y) at line 1 is painted by `.y{display:grid}` (line 1, specificity (0, 1, 0)); the file has NO matching `[hidden]{display:none}` remedy — the UA `[hidden]{display:none}` is (0,1,0) and loses, so the element renders while `hidden` tells AT it is gone (#218 W3 F1 class, s218-D5 clause 3)
2026-09-28T14:46:33.7238282Z   ✓ the forEach iteration variable inherits its list's binding (querySelectorAll)
2026-09-28T14:46:33.7238865Z   ✓ an unresolvable script target is DECLARED as UNCHECKED, not silently dropped
2026-09-28T14:46:33.7239992Z       quoted: F.reference.html: line 1 sets `hidden` — `pick(whatever()).hidden = true;` — but this reader cannot resolve the receiver to a selector, so the element is UNCHECKED, which is a gap in this instrument's reach, NOT evidence the file is clean
2026-09-28T14:46:33.7241067Z   ✓ a painter whose own selector carries [hidden] is read as a deliberate override, not the defect
2026-09-28T14:46:33.7241852Z   ✓ REAL #218 case: Command-palette carries NO CERTAIN finding with the ruled fix in place (the check can go green on Dave's own remedy)
2026-09-28T14:46:33.7242805Z   ✓ REAL #218 case MUTANT: delete the ruled one-line remedy and the ORIGINAL phantom option is named again, by file, class and rule
2026-09-28T14:46:33.7244543Z       quoted: Command-palette.reference.html: STATIC hidden-bearing <div> (class=cp-opt) at line 230 is painted by `.cp-opt{display:flex}` (line 93, specificity (0, 1, 0)); the file has NO matching `[hidden]{display:none}` remedy — the UA `[hidden]{display:none}` is (0,1,0) and loses, so the element renders while `hidden` tells AT it is gone (#218 W3 F1 class, s218-D5 clause 3)
2026-09-28T14:46:33.7246118Z   ✓ REAL #218 case MUTANT is CERTAIN-tier, not a hedged POSSIBLE — the one measured instance of this class must land in the tier that means it
2026-09-28T14:46:33.7246854Z   ✓ line numbers are FILE-relative, not block-relative (painter line 6, element line 10)
2026-09-28T14:46:33.7248237Z       quoted: F.reference.html: STATIC hidden-bearing <div> (class=x) at line 10 is painted by `.x{display:flex}` (line 6, specificity (0, 1, 0)); the file has NO matching `[hidden]{display:none}` remedy — the UA `[hidden]{display:none}` is (0,1,0) and loses, so the element renders while `hidden` tells AT it is gone (#218 W3 F1 class, s218-D5 clause 3)
2026-09-28T14:46:33.7249479Z   ✓ a `hidden` write inside a JS comment is NOT counted (prose about the defect is not the defect)
2026-09-28T14:46:33.7250070Z   ✓ an ANCESTOR-conditioned painter lands in the POSSIBLE tier and says why
2026-09-28T14:46:33.7251902Z       quoted: F.reference.html: STATIC? hidden-bearing <span> (class=q) at line 1 is painted by `.wrap span{display:block}` (line 1, specificity (0, 0, 1)); the file has NO matching `[hidden]{display:none}` remedy ⚠ POSSIBLE ONLY: `.wrap span` states an ancestor/sibling condition this reader does not check, so the pair may never meet in the real DOM — the UA `[hidden]{display:none}` is (0,1,0) and loses, so the element renders while `hidden` tells AT it is gone (#218 W3 F1 class, s218-D5 clause 3)
2026-09-28T14:46:33.7254185Z   ✓ when BOTH a certain and a possible painter match, the element reports the CERTAIN one (strongest signal wins, not sheet order)
2026-09-28T14:46:33.7254802Z ✅ _validate_hidden_display selftest: all bites pass
2026-09-28T14:46:34.0255324Z selftest OK — sat ceiling 0.72 · pure-black substitution · weight floor 500@12-19 / 300@20+ / none <12 · dark-on-light ignored.
2026-09-28T14:46:34.0256261Z   ~ EDGE-WEIGHT  12px @ weight 400 — floor is 500 at this size  [:where(.cn-input-fields) .help-btn .tip]  (knowledge/canon/canon.css)
2026-09-28T14:46:34.0257265Z   ~ EDGE-BLACK  pure black ground carrying reverse text — use surface/digital-black #1A1A1A  [.action-bar .btn.secondary]  (knowledge/snippets/Action-bar.reference.html)
2026-09-28T14:46:34.0258113Z   ~ EDGE-CHROMA  ground #DB0011 sat 1.00 > 0.72 ceiling  [.hero .cta]  (knowledge/snippets/Hero-variants.reference.html)
2026-09-28T14:46:34.0258751Z   ~ EDGE-CHROMA  ground #DB0011 sat 1.00 > 0.72 ceiling  [.hero .cta]  (knowledge/snippets/Hero.reference.html)
2026-09-28T14:46:34.0259534Z   ~ EDGE-WEIGHT  12px @ weight 400 — floor is 500 at this size  [.help-btn .tip]  (knowledge/snippets/Input-fields.reference.html)
2026-09-28T14:46:34.0260859Z   ~ EDGE-BLACK  pure black ground carrying reverse text — use surface/digital-black #1A1A1A  [.nv-count]  (knowledge/snippets/Navigations.reference.html)
2026-09-28T14:46:34.0261870Z   ~ EDGE-BLACK  pure black ground carrying reverse text — use surface/digital-black #1A1A1A  [.nv-avatar]  (knowledge/snippets/Navigations.reference.html)
2026-09-28T14:46:34.0263237Z   ~ EDGE-BLACK  pure black ground carrying reverse text — use surface/digital-black #1A1A1A  [.chip[aria-pressed="true"],.chip[aria-checked="true"]]  (knowledge/snippets/Selection-controls.reference.html)
2026-09-28T14:46:34.0264376Z   ~ EDGE-BLACK  pure black ground carrying reverse text — use surface/digital-black #1A1A1A  [.nv-count]  (knowledge/snippets/Sidebar-nav.reference.html)
2026-09-28T14:46:34.0265373Z   ~ EDGE-BLACK  pure black ground carrying reverse text — use surface/digital-black #1A1A1A  [.sn-avatar]  (knowledge/snippets/Sidebar-nav.reference.html)
2026-09-28T14:46:34.0266411Z   ~ EDGE-BLACK  pure black ground carrying reverse text — use surface/digital-black #1A1A1A  [.sn.is-rail .nv-label]  (knowledge/snippets/Sidebar-nav.reference.html)
2026-09-28T14:46:34.0267523Z   ~ EDGE-BLACK  pure black ground carrying reverse text — use surface/digital-black #1A1A1A  [.nv-count]  (knowledge/snippets/Tab-bar.reference.html)
2026-09-28T14:46:34.0268573Z   ~ EDGE-BLACK  pure black ground carrying reverse text — use surface/digital-black #1A1A1A  [.menu-fab[aria-expanded="true"]]  (knowledge/snippets/Tab-bar.reference.html)
2026-09-28T14:46:34.0269599Z   ~ EDGE-BLACK  pure black ground carrying reverse text — use surface/digital-black #1A1A1A  [.bar]  (knowledge/snippets/Video-player.reference.html)
2026-09-28T14:46:34.0270392Z   ~ EDGE-CHROMA  ground #DB0011 sat 1.00 > 0.72 ceiling  [.iconbtn.primary]  (knowledge/_proforma/Icon-button.reference.html)
2026-09-28T14:46:34.0271448Z   ~ EDGE-BLACK  pure black ground carrying reverse text — use surface/digital-black #1A1A1A  [.iconbtn.primary.is-pressed]  (knowledge/_proforma/Icon-button.reference.html)
2026-09-28T14:46:34.0272540Z   ~ EDGE-BLACK  pure black ground carrying reverse text — use surface/digital-black #1A1A1A  [.iconbtn.secondary]  (knowledge/_proforma/Icon-button.reference.html)
2026-09-28T14:46:34.0273786Z   ~ EDGE-WEIGHT  12px @ weight 400 — floor is 500 at this size  [.ib.f-tip::after]  (knowledge/_proforma/Tranche-6-interactive.html)
2026-09-28T14:46:34.0274204Z 
2026-09-28T14:46:34.0274598Z EDGE-EXTREMITY (advisory, {#col26-020}) — 18 finding(s): EDGE-BLACK ×12 · EDGE-CHROMA ×3 · EDGE-WEIGHT ×3
2026-09-28T14:46:34.0275249Z   advisory only — perceptual rule, blocking status after triage (dv-019 precedent)
2026-09-28T14:46:34.0825742Z verification edges: 4/38 SCs verified (0 failing), 34 applies_to-only
2026-09-28T14:46:34.0826746Z   ✅ 1.4.11: pass (component) [65/67 applies_to components have a bound audited token or a gated snippet contrastPair]
2026-09-28T14:46:34.0827653Z   ✅ 1.4.3: pass (component) [41/42 applies_to components have a bound audited token]
2026-09-28T14:46:34.0828077Z   ✅ 2.3.3: pass (component)
2026-09-28T14:46:34.0828356Z   ✅ 2.5.8: pass (component)
2026-09-28T14:46:34.1265932Z external-automatable-refs: 18/38 SCs have axe-core coverage (16 easy-win, 2 already wired, 20 uncovered)
2026-09-28T14:46:34.2375888Z consult index built: 773 records -> knowledge/_consult-index.json
2026-09-28T14:46:34.2376517Z   adr          17
2026-09-28T14:46:34.2376740Z   assertion    8
2026-09-28T14:46:34.2376950Z   defect       54
2026-09-28T14:46:34.2377154Z   gate         51
2026-09-28T14:46:34.2377363Z   open-item    105
2026-09-28T14:46:34.2377576Z   rule         475
2026-09-28T14:46:34.2377781Z   ruling       63
2026-09-28T14:46:34.3808552Z [OK] "amber glyph contrast white" — expected ['R-D3', 'avd-001'], missing none
2026-09-28T14:46:34.3809231Z [OK] "inline fonts portability" — expected ['T-D9'], missing none
2026-09-28T14:46:34.3809758Z [OK] "univers sandbox render" — expected ['ASSERT-002', 'ASSERT-006'], missing none
2026-09-28T14:46:34.3810242Z [OK] --fetch R-D3 returns the full record (stage 2 hit)
2026-09-28T14:46:34.3810570Z [OK] --fetch unknown id REFUSES (fail-loud)
2026-09-28T14:46:34.3810924Z [OK] edge attach: record with no mention gets no attachment
2026-09-28T14:46:34.3811323Z [OK] edge attach: injected fabricated edge appears via direct id match
2026-09-28T14:46:34.3811803Z [OK] step 3 mark: target-of-supersedes record gets the ⛔ line
2026-09-28T14:46:34.3812317Z selftest OK — all regression queries surfaced their known-answer record(s).
2026-09-28T14:46:34.4117369Z [OK] stem: 'fonts' finds the font-size record
2026-09-28T14:46:34.4117882Z [OK] miss: unrelated query returns zero buckets
2026-09-28T14:46:34.4118329Z [OK] cap bites at 3, total honest at 7
2026-09-28T14:46:34.4118732Z [OK] header quotes total when capped
2026-09-28T14:46:34.4119141Z [OK] header quotes plain count when complete
2026-09-28T14:46:34.4119620Z [OK] fetch hit returns the record
2026-09-28T14:46:34.4119919Z [OK] fetch miss REFUSES
2026-09-28T14:46:34.4120158Z [OK] fetch miss lists a near-miss
2026-09-28T14:46:34.4120593Z [OK] receipt: query→ids form passes
2026-09-28T14:46:34.4120877Z [OK] receipt: honest negative passes
2026-09-28T14:46:34.4121415Z [OK] receipt: bare none REFUSED
2026-09-28T14:46:34.4121696Z [OK] receipt: missing arrow REFUSED
2026-09-28T14:46:34.4121967Z [OK] receipt: empty ids REFUSED
2026-09-28T14:46:34.4122226Z [OK] empty/missing index REFUSES
2026-09-28T14:46:34.4122541Z [OK] builder name is DERIVED from the index name (memento door)
2026-09-28T14:46:34.4123234Z [OK] builder name is DERIVED from the index name (consult door)
2026-09-28T14:46:34.4123588Z [OK] missing index names the builder BESIDE it
2026-09-28T14:46:34.4123921Z [OK] the named builder is the DERIVED one, not a fallback
2026-09-28T14:46:34.4124300Z [OK] no builder on disk ⇒ names NO command
2026-09-28T14:46:34.4124631Z [OK] no builder on disk ⇒ still REFUSES
2026-09-28T14:46:34.4125108Z selftest OK — engine, fetch refusal, honest denominators and receipt form all bite.
2026-09-28T14:46:34.7551712Z ⚠ DUPLICATE HEADING: gm-archive:2b-wave-1-rulings-1-7-unchanged-rule-with-the-above at _GM-ARCHIVE.md:5594 and _GM-ARCHIVE.md:6674
2026-09-28T14:46:34.7553246Z ⚠ DUPLICATE HEADING: gm-archive:3-the-standing-eyeball-set-non-blocking-your-foundations-fir at _GM-ARCHIVE.md:5616 and _GM-ARCHIVE.md:6697
2026-09-28T14:46:34.7554414Z ⚠ DUPLICATE HEADING: gm-archive:4b-queued-button-states-finesse-pass-dave-2026-07-22-not-now at _GM-ARCHIVE.md:5578 and _GM-ARCHIVE.md:6771
2026-09-28T14:46:34.7555713Z ⚠ DUPLICATE HEADING: gm-archive:5-parked-unchanged at _GM-ARCHIVE.md:5589 and _GM-ARCHIVE.md:6782
2026-09-28T14:46:34.7557041Z ⚠ DUPLICATE HEADING: ls-archive:prior-delta-2026-07-26-sun-evening-opus-solo-self-conducting at _LIVE-STATE-ARCHIVE.md:5457 and _LIVE-STATE-ARCHIVE.md:5472
2026-09-28T14:46:34.7558096Z ⚠ DUPLICATE HEADING: component:icon-button at knowledge/_proforma/icon-button.meta.json:1 and knowledge/components/icon-button.meta.json:1
2026-09-28T14:46:35.4481005Z memento index: 2343 records → knowledge/_memento-index.json (brief:206, carries-section:83, component-meta:139, context-node:222, dream:14, gauge-block:287, gm-archive-section:275, gm-section:20, lane:4, ledger-section:86, ls-archive-section:559, ls-section:11, pattern-node:380, runbook-section:57)
2026-09-28T14:46:35.8026542Z ⚠ DUPLICATE HEADING: gm-archive:2b-wave-1-rulings-1-7-unchanged-rule-with-the-above at _GM-ARCHIVE.md:5594 and _GM-ARCHIVE.md:6674
2026-09-28T14:46:35.8028239Z ⚠ DUPLICATE HEADING: gm-archive:3-the-standing-eyeball-set-non-blocking-your-foundations-fir at _GM-ARCHIVE.md:5616 and _GM-ARCHIVE.md:6697
2026-09-28T14:46:35.8029594Z ⚠ DUPLICATE HEADING: gm-archive:4b-queued-button-states-finesse-pass-dave-2026-07-22-not-now at _GM-ARCHIVE.md:5578 and _GM-ARCHIVE.md:6771
2026-09-28T14:46:35.8030585Z ⚠ DUPLICATE HEADING: gm-archive:5-parked-unchanged at _GM-ARCHIVE.md:5589 and _GM-ARCHIVE.md:6782
2026-09-28T14:46:35.8031559Z ⚠ DUPLICATE HEADING: ls-archive:prior-delta-2026-07-26-sun-evening-opus-solo-self-conducting at _LIVE-STATE-ARCHIVE.md:5457 and _LIVE-STATE-ARCHIVE.md:5472
2026-09-28T14:46:35.8032624Z ⚠ DUPLICATE HEADING: component:icon-button at knowledge/_proforma/icon-button.meta.json:1 and knowledge/components/icon-button.meta.json:1
2026-09-28T14:46:36.3933365Z memento index --check: current (2343 records)
2026-09-28T14:46:36.7432918Z ⚠ DUPLICATE HEADING: gm-archive:2b-wave-1-rulings-1-7-unchanged-rule-with-the-above at _GM-ARCHIVE.md:5594 and _GM-ARCHIVE.md:6674
2026-09-28T14:46:36.7434434Z ⚠ DUPLICATE HEADING: gm-archive:3-the-standing-eyeball-set-non-blocking-your-foundations-fir at _GM-ARCHIVE.md:5616 and _GM-ARCHIVE.md:6697
2026-09-28T14:46:36.7435621Z ⚠ DUPLICATE HEADING: gm-archive:4b-queued-button-states-finesse-pass-dave-2026-07-22-not-now at _GM-ARCHIVE.md:5578 and _GM-ARCHIVE.md:6771
2026-09-28T14:46:36.7436714Z ⚠ DUPLICATE HEADING: gm-archive:5-parked-unchanged at _GM-ARCHIVE.md:5589 and _GM-ARCHIVE.md:6782
2026-09-28T14:46:36.7437697Z ⚠ DUPLICATE HEADING: ls-archive:prior-delta-2026-07-26-sun-evening-opus-solo-self-conducting at _LIVE-STATE-ARCHIVE.md:5457 and _LIVE-STATE-ARCHIVE.md:5472
2026-09-28T14:46:36.7439136Z ⚠ DUPLICATE HEADING: component:icon-button at knowledge/_proforma/icon-button.meta.json:1 and knowledge/components/icon-button.meta.json:1
2026-09-28T14:46:37.0091687Z ⚠ DUPLICATE HEADING: gm-archive:2b-wave-1-rulings-1-7-unchanged-rule-with-the-above at _GM-ARCHIVE.md:5594 and _GM-ARCHIVE.md:6674
2026-09-28T14:46:37.0093766Z ⚠ DUPLICATE HEADING: gm-archive:3-the-standing-eyeball-set-non-blocking-your-foundations-fir at _GM-ARCHIVE.md:5616 and _GM-ARCHIVE.md:6697
2026-09-28T14:46:37.0095543Z ⚠ DUPLICATE HEADING: gm-archive:4b-queued-button-states-finesse-pass-dave-2026-07-22-not-now at _GM-ARCHIVE.md:5578 and _GM-ARCHIVE.md:6771
2026-09-28T14:46:37.0096945Z ⚠ DUPLICATE HEADING: gm-archive:5-parked-unchanged at _GM-ARCHIVE.md:5589 and _GM-ARCHIVE.md:6782
2026-09-28T14:46:37.0098497Z ⚠ DUPLICATE HEADING: ls-archive:prior-delta-2026-07-26-sun-evening-opus-solo-self-conducting at _LIVE-STATE-ARCHIVE.md:5457 and _LIVE-STATE-ARCHIVE.md:5472
2026-09-28T14:46:37.0100268Z ⚠ DUPLICATE HEADING: component:icon-button at knowledge/_proforma/icon-button.meta.json:1 and knowledge/components/icon-button.meta.json:1
2026-09-28T14:46:38.0169666Z [OK] gauge: malformed `#### ` REFUSES
2026-09-28T14:46:38.0170193Z [OK] gauge: zero blocks REFUSES
2026-09-28T14:46:38.0170868Z [OK] gauge: META block ACCEPTED — no refusal
2026-09-28T14:46:38.0171202Z [OK] gauge: META block INDEXED under gauge:meta:*
2026-09-28T14:46:38.0171546Z [OK] gauge: META terminates the session body above it
2026-09-28T14:46:38.0171885Z [OK] gauge: near-miss META spelling STILL REFUSES
2026-09-28T14:46:38.0172203Z [OK] gauge: META-only file REFUSES (no sessions)
2026-09-28T14:46:38.0172996Z [OK] archive: open split — moved `## ` headings become records, no refusal
2026-09-28T14:46:38.0173443Z [OK] missing declared source REFUSES
2026-09-28T14:46:38.0174203Z [OK] collision suffixing deterministic
2026-09-28T14:46:38.0174509Z [OK] collision DECLARES one warning per extra copy
2026-09-28T14:46:38.0174845Z [OK] collision warning names the id and BOTH sites
2026-09-28T14:46:38.0175281Z [OK] no collision ⇒ SILENT (a warner that always fires says nothing)
2026-09-28T14:46:38.0175692Z [OK] collision warning carries file:line for both copies
2026-09-28T14:46:38.0175999Z [OK] slug stable
2026-09-28T14:46:38.0176229Z [OK] real corpus builds clean
2026-09-28T14:46:38.0176584Z [OK] §A: every registered subsection is its own record
2026-09-28T14:46:38.0177036Z [OK] §A: `gm:A` still resolves — no dangling id (retrieval regression guard)
2026-09-28T14:46:38.0177549Z [OK] §A: `gm:A` is a ROUTER, not the payload — it names its children and is small
2026-09-28T14:46:38.0178080Z [OK] §A: the LARGEST child is a fraction of the old whole (2945 B vs 15,817 B)
2026-09-28T14:46:38.0178612Z [OK] §A: children carry honest file:line provenance, ascending through the file
2026-09-28T14:46:38.0179164Z [OK] §A: unregistered subsection REFUSES the build (never indexes around a hole)
2026-09-28T14:46:38.0179579Z [OK] determinism: two builds render identically
2026-09-28T14:46:38.0179891Z [OK] real corpus: every source class present
2026-09-28T14:46:38.0180359Z selftest OK — closed contracts refuse, open contracts split, build deterministic.
2026-09-28T14:46:38.9701321Z [OK] "band table amber threshold remaining budget" — expected ['runbook:context-gauge:the-floor-is-measured-never-assumed-gm-d9'], missing none
2026-09-28T14:46:38.9702198Z [OK] "lane routing check blocking records" — expected ['lane:lane-1-memento'], missing none
2026-09-28T14:46:38.9703317Z [OK] "retirement receipts proxy promoted blocking" — expected ['ledger:23-section-usage-instrumentation-enacted-lane-1-step-2-2026'], missing none
2026-09-28T14:46:38.9704177Z [OK] "dream pass weekly sunday unattended fire" — expected ['lane:lane-dream-pass'], missing none
2026-09-28T14:46:38.9704679Z [OK] --fetch lane:lane-1-memento returns the record verbatim
2026-09-28T14:46:38.9705085Z [OK] --fetch unknown id REFUSES with near-misses
2026-09-28T14:46:38.9705435Z [OK] edge attach: record with no mention gets no attachment
2026-09-28T14:46:38.9705844Z [OK] edge attach: injected fabricated edge appears for a mentioning record
2026-09-28T14:46:38.9706741Z [OK] step 3 mark: target-of-supersedes record gets the ⛔ line
2026-09-28T14:46:38.9707107Z [OK] step 3 mark: non-mentioning record gets no mark
2026-09-28T14:46:38.9707620Z selftest OK — the memento corpus answers its known questions, and fetch refuses the unknown.
2026-09-28T14:46:43.1663303Z graph mention map: 102 of 102 node(s) mentioned, 1979 record hit(s) total -> _graph-mention-map.json
2026-09-28T14:46:47.3577984Z graph mention map --check: current (102 of 102 node(s) mentioned)
2026-09-28T14:46:47.3920784Z [OK] synthetic hit: ADR-0005 mentioned in gm:X is found
2026-09-28T14:46:47.3921303Z [OK] synthetic miss: unmentioned node id has no key
2026-09-28T14:46:47.3921623Z [OK] case-insensitive match
2026-09-28T14:46:47.3921926Z [OK] missing graph input REFUSES
2026-09-28T14:46:47.3922204Z [OK] missing memento index input REFUSES
2026-09-28T14:46:47.3922486Z [OK] empty memento index REFUSES
2026-09-28T14:46:47.3923226Z selftest OK — hit, miss, case-insensitivity and both input refusals all bite.
2026-09-28T14:46:48.1353162Z   ✅ _CHAIN.md: 7,798 tiktoken cl100k_base · GM header+LATEST 5436 tk · LS LATEST delta only (of 36 delta lines) 1511 tk · FILE 7,798 tiktoken cl100k_base = slice 6,947 + wrapper 851 · fixed point in 2 pass(es)
2026-09-28T14:46:48.9156748Z   ✅ _CHAIN.md is FRESH — byte-matches the live chain · GM header+LATEST 5436 tk · LS LATEST delta only (of 36 delta lines) 1511 tk · FILE 7,798 tiktoken cl100k_base = slice 6,947 + wrapper 851 · fixed point in 2 pass(es)
2026-09-28T14:46:58.0097941Z     ✓ generates against the live repo (no refusal on a healthy tree)
2026-09-28T14:46:58.0098531Z     ✓ carries the GM header+LATEST term VERBATIM (not a summary of it)
2026-09-28T14:46:58.0099273Z     ✓ carries the LS ⏱ LATEST delta VERBATIM
2026-09-28T14:46:58.0100024Z     ✓ is materially smaller than GOOD-MORNING.md (7,798 vs 34,656 tape (cl100k ESTIMATE), 22.5% of it, floor <40%; tier measured, not assumed: tiktoken cl100k_base)
2026-09-28T14:46:58.0101064Z     ✓ BOTH SIDES OF THE RATIO ARE ON ONE MEASURER — chain `tiktoken cl100k_base` vs GOOD-MORNING `tiktoken cl100k_base`, so the percentage above has a unit
2026-09-28T14:46:58.0101794Z     ✓ STAMP IS EXACT — the published figure equals this file's own measured size
2026-09-28T14:46:58.0102338Z     ✓ published figure is the FILE, not the slice — the two differ and the file is bigger
2026-09-28T14:46:58.0103118Z     ✓ footer NAMES THE UNIT — a bare token count is a defect (ds-021)
2026-09-28T14:46:58.0103572Z     ✓ says GENERATED / DO-NOT-HAND-EDIT at the very top (line 1)
2026-09-28T14:46:58.0104004Z     ✓ tells the reader NOT to open GOOD-MORNING.md to check
2026-09-28T14:46:58.0104400Z     ✓ names retrieval as the door for everything else
2026-09-28T14:46:58.0104837Z     ✓ the {{BUILD_VERDICT}} marker NEVER leaks into the chain unrendered
2026-09-28T14:46:58.0105332Z     ✓ BUILD-STEP FIGURE IS RE-DERIVED AND MATCHES DISK (154 steps, measured now)
2026-09-28T14:46:58.0105899Z     ✓ the plant planted — a verdict figure was moved off disk (else the next bite is vacuous)
2026-09-28T14:46:58.0106456Z     ✓ a WRONG verdict figure is CAUGHT even with the true count elsewhere in the file
2026-09-28T14:46:58.0106898Z     ✓ step labels are 1:1 with rows (no duplicates)
2026-09-28T14:46:58.0107303Z     ✓ with NO run record the line says the green count is NOT DERIVABLE
2026-09-28T14:46:58.0107779Z     ✓ …and it names the remedy instead of a number (`_build_survey.py`)
2026-09-28T14:46:58.0108254Z     ✓ …and it re-stamps NOTHING — the old pinned 75-of-N form cannot reappear
2026-09-28T14:46:58.0108748Z     ✓ …and it names BOTH rulings, so the next session cannot 'helpfully' type it
2026-09-28T14:46:58.0109252Z     ✓ with a record the GREEN COUNT IS THE RUN'S, not len(STEPS) at a pinned sha
2026-09-28T14:46:58.0109764Z     ✓ a run of the SAME-sized build declares no size difference (no false alarm)
2026-09-28T14:46:58.0110244Z     ✓ a run of a SMALLER build: the total is STILL disk's, never the run's
2026-09-28T14:46:58.0110832Z     ✓ …and the size difference is DECLARED, naming both counts
2026-09-28T14:46:58.0111295Z     ✓ …and the steps the run never saw are counted in NO record, never green
2026-09-28T14:46:58.0111808Z     ✓ a run of a LARGER build: total is disk's and the vanished steps are DECLARED
2026-09-28T14:46:58.0112372Z     ✓ the run's sha and date are published beside it (an unattributed verdict is not a verdict)
2026-09-28T14:46:58.0113092Z     ✓ a stale record DECLARES itself against HEAD rather than passing as current
2026-09-28T14:46:58.0113577Z     ✓ steps in NO record are called out — never asked is never green
2026-09-28T14:46:58.0114042Z     ✓ the #62 clause SURVIVES as its own fact, generated from its own AST
2026-09-28T14:46:58.0114532Z     ✓ an absent STEPS assignment REFUSES BY NAME (never returns a count)
2026-09-28T14:46:58.0114998Z     ✓ a NON-LITERAL STEPS refuses rather than counting something else
2026-09-28T14:46:58.0115496Z     ✓ TITLE BLOCK IS FIRST — above the verbatim GM slice (position was the defect)
2026-09-28T14:46:58.0116013Z     ✓ DETERMINISTIC — two builds of an unchanged tree are byte-identical
2026-09-28T14:46:58.0117000Z   ✅ _CHAIN.md: 7,737 tiktoken cl100k_base · GM header+LATEST 5375 tk · LS LATEST delta only (of 36 delta lines) 1511 tk · FILE 7,737 tiktoken cl100k_base = slice 6,886 + wrapper 851 · fixed point in 2 pass(es)
2026-09-28T14:46:58.0118279Z   ✅ _CHAIN.md is FRESH — byte-matches the live chain · GM header+LATEST 5375 tk · LS LATEST delta only (of 36 delta lines) 1511 tk · FILE 7,737 tiktoken cl100k_base = slice 6,886 + wrapper 851 · fixed point in 2 pass(es)
2026-09-28T14:46:58.0119106Z     ✓ --check PASSES on a freshly generated file
2026-09-28T14:46:58.0119942Z   ✅ _CHAIN.md: 7,862 tiktoken cl100k_base · GM header+LATEST 5500 tk · LS LATEST delta only (of 36 delta lines) 1511 tk · FILE 7,862 tiktoken cl100k_base = slice 7,011 + wrapper 851 · fixed point in 2 pass(es)
2026-09-28T14:46:58.0121051Z     ✓ the fixture really was generated at another sha (a plant that did not plant would make every bite below vacuous)
2026-09-28T14:46:58.0121887Z     ✓ the fixture DIFFERS from a fresh render — i.e. the old byte comparison WOULD have called this stale, which is the defect being fixed
2026-09-28T14:46:58.0122978Z     ✓ --check is GREEN on a HEAD-ONLY advance — the chain's own content still matches GOOD-MORNING.md / _LIVE-STATE.md
2026-09-28T14:46:58.0123950Z     ✓ and it SAYS SO, naming BOTH shas — the honest comparison stays visible rather than being normalised into silence
2026-09-28T14:46:58.0124795Z     ✓ a HEAD-only advance is NEVER called FRESH without the qualifier (a bare FRESH would claim the file matches a fresh render, which it does not)
2026-09-28T14:46:58.0125663Z     ✓ REAL content staleness is STILL RED even when HEAD has also advanced — the re-ask does not launder drift
2026-09-28T14:46:58.0126316Z     ✓ and it is called STALE, not could-not-ask — real drift is a content verdict
2026-09-28T14:46:58.0126829Z     ✓ a PRE-SET head pin makes --check REFUSE (could-not-ask), never pass
2026-09-28T14:46:58.0127450Z     ✓ the environment refusal does NOT call it STALE either — it is a measurement refusal, not a content verdict
2026-09-28T14:46:58.0128453Z   ✅ _CHAIN.md: 7,862 tiktoken cl100k_base · GM header+LATEST 5500 tk · LS LATEST delta only (of 36 delta lines) 1511 tk · FILE 7,862 tiktoken cl100k_base = slice 7,011 + wrapper 851 · fixed point in 2 pass(es)
2026-09-28T14:46:58.0129704Z   ✅ _CHAIN.md is FRESH — byte-matches the live chain · GM header+LATEST 5500 tk · LS LATEST delta only (of 36 delta lines) 1511 tk · FILE 7,862 tiktoken cl100k_base = slice 7,011 + wrapper 851 · fixed point in 2 pass(es)
2026-09-28T14:46:58.0130597Z     ✓ tree restored — the SAME fresh tree reports FRESH again, unharmed by the arms above
2026-09-28T14:46:58.0131257Z     ✓ --check on a degraded instrument still exits non-zero (refuses, not a silent pass)
2026-09-28T14:46:58.0132011Z     ✓ --check's message does NOT call it STALE — that misnames a measurement problem as a content problem (the #58 defect, reproduced here)
2026-09-28T14:46:58.0133017Z     ✓ --check's message names the DEGRADED INSTRUMENT so the cause is legible
2026-09-28T14:46:58.0134020Z   ✅ _CHAIN.md is FRESH — byte-matches the live chain · GM header+LATEST 5500 tk · LS LATEST delta only (of 36 delta lines) 1511 tk · FILE 7,862 tiktoken cl100k_base = slice 7,011 + wrapper 851 · fixed point in 2 pass(es)
2026-09-28T14:46:58.0135378Z     ✓ instrument restored — the SAME fresh tree reports FRESH again, unharmed
2026-09-28T14:46:58.0136195Z     ✓ the freshly written chain carries a READABLE unit stamp (the clause has something to compare — an unreadable stamp would make the arm below vacuous)
2026-09-28T14:46:58.0137058Z     ✓ the stamp mutation actually changed the file (a plant that did not plant would make every bite below an assertion)
2026-09-28T14:46:58.0137660Z     ✓ stamped_tier() reads the MUTATED stamp back as the other tier
2026-09-28T14:46:58.0138147Z     ✓ --check on a tier divergence exits non-zero (refuses, never a silent pass)
2026-09-28T14:46:58.0138641Z     ✓ --check exits the COULD-NOT-ASK code (77), not the failure code
2026-09-28T14:46:58.0139030Z     ✓ --check calls it COULD-NOT-ASK
2026-09-28T14:46:58.0139445Z     ✓ the refusal's first marked line is machine-readable by `cna.reason_in`
2026-09-28T14:46:58.0140148Z     ✓ --check does NOT call it STALE — a tier divergence is a measurement problem and naming it staleness is the #173 defect, reproduced here
2026-09-28T14:46:58.0140934Z     ✓ the refusal NAMES BOTH TIERS, so a reader can see which two instruments disagreed rather than being handed a shrug
2026-09-28T14:46:58.0141522Z     ✓ --check on an UNREADABLE stamp refuses with the convention's code
2026-09-28T14:46:58.0141963Z     ✓ --check calls an unreadable stamp COULD-NOT-ASK, not STALE
2026-09-28T14:46:58.0143182Z   ✅ _CHAIN.md is FRESH — byte-matches the live chain · GM header+LATEST 5500 tk · LS LATEST delta only (of 36 delta lines) 1511 tk · FILE 7,862 tiktoken cl100k_base = slice 7,011 + wrapper 851 · fixed point in 2 pass(es)
2026-09-28T14:46:58.0144173Z     ✓ stamp restored — the SAME tree reports FRESH again, so the clause does not false-fire on an agreeing stamp
2026-09-28T14:46:58.0145274Z   ✗ _CHAIN.md is STALE — it does not match GOOD-MORNING.md / _LIVE-STATE.md as they now stand, so a cold session would read a PREVIOUS session's record as if it were current. Run `python3 knowledge/_gen_chain.py` and stage the result.
2026-09-28T14:46:58.0146201Z     ✓ --check FAILS on a hand-edited file (the stale-record class)
2026-09-28T14:46:58.0146952Z     ✓ and that failure is a FAILURE, not a refusal — a real staleness on the reachable tier still exits 1, so the COULD-NOT-ASK path did not swallow the gate
2026-09-28T14:46:58.0147713Z   ✗ _CHAIN.md is MISSING — run `python3 knowledge/_gen_chain.py` and stage it
2026-09-28T14:46:58.0148172Z     ✓ --check FAILS when the file is missing entirely
2026-09-28T14:46:58.0148649Z     ✓ REFUSES a STALE title (title #N == ★ LATEST #N, the skipped-mint state)
2026-09-28T14:46:58.0149196Z     ✓ REFUSES (with a reason) when GM has no ★ LATEST banner — no cheerful blank
2026-09-28T14:46:58.0149614Z   ✅ _gen_chain selftest: all bites pass
2026-09-28T14:46:58.3387555Z ✅ CORPUS: stamped 94,123 · measured 94,481 tape · drift 0.38% (tolerance 10%, `_capture_gate.SIZE_TOLERANCE`)
2026-09-28T14:46:58.3389273Z ✅     GM: stamped 34,644 · measured 34,656 tape · drift 0.03% (tolerance 10%, `_capture_gate.SIZE_TOLERANCE`)
2026-09-28T14:46:58.3390861Z ✅     LS: stamped 59,479 · measured 59,825 tape · drift 0.58% (tolerance 10%, `_capture_gate.SIZE_TOLERANCE`)
2026-09-28T14:46:58.6220906Z _gen_size_stamp selftest: 23 bites, all GREEN
2026-09-28T14:47:02.9335011Z   ✅ reviews/MEMENTO-SCHEMATIC-2026-08-07-v2.html: 30,550 bytes · 0 declared gap(s) rendered
2026-09-28T14:47:07.2462791Z   ✅ reviews/MEMENTO-SCHEMATIC-2026-08-07-v2.html is FRESH — byte-matches a render against the live tree
2026-09-28T14:47:26.4710292Z     ✓ renders against the live repo without refusing wholesale
2026-09-28T14:47:26.4711309Z     ✓ two consecutive renders are byte-identical (determinism)
2026-09-28T14:47:26.4711776Z     ✓ no unexpected date-shaped string in the output (found [])
2026-09-28T14:47:26.4712235Z     ✓ step count agrees with _gen_chain._steps_in (154 vs 154)
2026-09-28T14:47:26.4712882Z     ✓ no step RENDERED on the page carries an UNROUTED badge
2026-09-28T14:47:26.4713449Z     ✓ and the STEPS ↔ ROUTE_ROWS join is TOTAL over all 154 steps, rendered or not (0 unrouted)
2026-09-28T14:47:26.4714007Z     ✓ rechecks_for finds real steps for a wired script (_gen_chain.py)
2026-09-28T14:47:26.4714546Z     ✓ rechecks_for returns EMPTY for a script with no step (the red arm can fire)
2026-09-28T14:47:26.4715110Z   ✅ /tmp/tmpi9ia96z4/out.html is FRESH — byte-matches a render against the live tree
2026-09-28T14:47:26.4715577Z     ✓ check() PASSES on a faithful copy
2026-09-28T14:47:26.4716288Z   ✗ /tmp/tmpi9ia96z4/out.html is STALE — a figure in it no longer matches disk, so the page is asserting something that has gone false. Regenerate and stage it.
2026-09-28T14:47:26.4716891Z       --- committed
2026-09-28T14:47:26.4717108Z       +++ fresh
2026-09-28T14:47:26.4717328Z       @@ -277 +277 @@
2026-09-28T14:47:26.4717580Z       -<p>27 blocking validators</p></body>
2026-09-28T14:47:26.4717848Z       +</body>
2026-09-28T14:47:26.4718156Z     ✓ check() FAILS on a hand-patched copy (mutation)
2026-09-28T14:47:26.4718760Z     ✓ and that failure is a FAILURE, not a refusal — the tier clause does not swallow a real staleness on the reachable tier
2026-09-28T14:47:26.4719534Z     ✓ the unit-word mutation actually changed the file (a plant that did not plant would make the arms below assertions)
2026-09-28T14:47:26.4720141Z     ✓ stamped_tiers() reads the MUTATED page back as the other tier
2026-09-28T14:47:26.4720778Z     ✓ check() REFUSES (exit 77) when the committed page's unit is unreachable here
2026-09-28T14:47:26.4721496Z     ✓ and it does NOT call it STALE — a tier divergence is a measurement problem, and naming it staleness is the #173 defect reproduced
2026-09-28T14:47:26.4722179Z     ✓ the refusal NAMES BOTH instruments, so a reader can see which two disagreed
2026-09-28T14:47:26.4722858Z   ✗ /tmp/tmpi9ia96z4/out.html is MISSING — run `python3 knowledge/_gen_schematic.py`
2026-09-28T14:47:26.4723324Z     ✓ check() FAILS when the artefact is missing
2026-09-28T14:47:26.4723748Z     ✓ a missing store never raises — every fact is a str or an Unmeasured
2026-09-28T14:47:26.4724232Z     ✓ file-backed facts flip to Unmeasured on an empty tree (6 of 7)
2026-09-28T14:47:26.4724812Z     ✓ every refusal NAMES its cause (exception type + message, not a bare 'error')
2026-09-28T14:47:26.4725395Z     ✓ the ONLY fact that survives an empty tree is the code constant (['the inherited debt'])
2026-09-28T14:47:26.4726168Z     ✓ and it returns the SAME value in both trees (it is not repo-derived)
2026-09-28T14:47:26.4726666Z     ✓ an Unmeasured renders as a visible ⛔ cell, never as a number
2026-09-28T14:47:26.4727153Z     ✓ every map caption fits its box at CAP_CHARS=32 (worst: (32, 'marks'))
2026-09-28T14:47:26.4727691Z     ✓ every box label declares the inside edge of its own box (16 labels, 16 attributes)
2026-09-28T14:47:26.4728261Z     ✓ the page reports its OWN re-check status (red while unwired, computed either way)
2026-09-28T14:47:26.4728815Z     ✓ the figure tally names its own scope (it excludes this panel, and says so)
2026-09-28T14:47:26.4729246Z   ✅ _gen_schematic selftest: all bites pass
2026-09-28T14:47:27.2811996Z 
2026-09-28T14:47:27.2813479Z PARKED DUE — 4 parked item(s) are due at memento-cut — python3 knowledge/_parked.py --due memento-cut
2026-09-28T14:47:27.2814020Z memento-package delta-audit: 0 failure(s)
2026-09-28T14:47:27.2814726Z   ✅ VERBATIM SET byte-identical (both copies) · shim provenance clean (both chains) · copies identical to each other · no unknown files
2026-09-28T14:47:30.3756516Z     ✓ real repo: clean (0 findings; got 0: [])
2026-09-28T14:47:30.3758351Z     ✓ ARM1 mutation: doctored machinery/_gen_chain.py is caught, names the file + copy + a line count
2026-09-28T14:47:30.3759904Z       quoted: VERBATIM SET: memento-package/machinery/_gen_chain.py DIFFERS from knowledge/_gen_chain.py (copy=machinery/ file=_gen_chain.py) — 2 line(s) differ (sha256 61c0dd8b280a vs source 5fa12d24bbd2)
2026-09-28T14:47:30.3761171Z     ✓ ARM1 mutation: a MISSING verbatim file (not just a diff) is caught and named
2026-09-28T14:47:30.3762126Z     ✓ ARM3 mutation: copies diverge on a non-verbatim-set file (the manifest) — caught, names the file and 'DIFFERS between'
2026-09-28T14:47:30.3763782Z       quoted: CROSS-COPY: _MACHINERY-MANIFEST.md DIFFERS between memento-package/machinery/ and memento-package/claude-plugin/memento/machinery/ — 2 line(s) differ
2026-09-28T14:47:30.3765163Z     ✓ ARM3 mutation: a known file missing from BOTH copies (pairwise-invisible) is still caught by the completeness sub-check
2026-09-28T14:47:30.3766108Z       quoted: CROSS-COPY: both copies are missing known file(s): ['_consult-lexicon.json']
2026-09-28T14:47:30.3766922Z     ✓ ARM4 mutation: a rogue file is caught, named with its exact path
2026-09-28T14:47:30.3768125Z     ✓ ARM4 control: __pycache__ present in the SAME fixture is excluded BY NAME and never itself reported (proves the exclusion is narrow, not a silent blanket ignore)
2026-09-28T14:47:30.3770795Z       quoted: UNKNOWN FILE: memento-package/machinery/_ROGUE.py (machinery/) is not on the known-files list ['_MACHINERY-MANIFEST.md', '_capture_gate.py', '_consult-lexicon.json', '_gen_chain.py', '_graph_edges.py', '_memento_search.py', '_search_core.py'] — fail loud rather than silently ignored (scope-blindness rule)
2026-09-28T14:47:30.3773598Z     ✓ ARM2(a) mutation: measure_tokens body changed since port commit 91d7528 — caught, names the function and 'CHANGED since the port'
2026-09-28T14:47:30.3776495Z       quoted: SHIM PROVENANCE chain(a): 'measure_tokens' in knowledge/_capture_gate.py has CHANGED since the port commit ba2c9f5 — 1 line(s) differ. memento-package/machinery/_capture_gate.py may now be stale against its declared source; re-review and re-port, or update the docstring.
2026-09-28T14:47:30.3778593Z     ✓ ARM2(b) mutation: measurement_degraded deleted from current source — caught, names the function and 'GONE from current'
2026-09-28T14:47:30.3780400Z       quoted: SHIM PROVENANCE chain(a): 'measurement_degraded' is GONE from current knowledge/_capture_gate.py (present at the port commit ba2c9f5) — the shim's ported source no longer exists to compare against
2026-09-28T14:47:30.3782174Z     ✓ ARM2(c) mutation: GM_VOCAB changed since port commit ace3ed3 — caught, names GM_VOCAB and 'CHANGED since the port'
2026-09-28T14:47:30.3784829Z       quoted: SHIM PROVENANCE chain(b): 'GM_VOCAB' in knowledge/_gm_usage.py has CHANGED since the port commit ace3ed3 — 1 line(s) differ. memento-package/machinery/_capture_gate.py may now be stale against its declared source; re-review and re-port, or update the docstring.
2026-09-28T14:47:30.3787074Z     ✓ ARM2(d) mutation: shim docstring's claimed commit no longer matches the gate's expectation — caught, names both hashes
2026-09-28T14:47:30.3789004Z       quoted: SHIM PROVENANCE: memento-package/machinery/_capture_gate.py's docstring now claims it was ported from knowledge/_capture_gate.py @ deadbee, but this gate is built against ba2c9f5 — the shim was re-ported and the gate was not updated to match.
2026-09-28T14:47:30.3790965Z     ✓ ARM2(e) mutation: BOTH packed shim copies edited IDENTICALLY (invisible to the cross-copy arm) — caught, names the drifted body and both copies
2026-09-28T14:47:30.3792444Z     ✓ ARM2(e) control: the same fixture's CROSS-COPY arm stays silent, proving arm 2b is what saw it (the copies really are still identical to each other)
2026-09-28T14:47:30.3794299Z       quoted: SHIM BODIES: 'measure_tokens' in memento-package/machinery/_capture_gate.py (machinery/) has DRIFTED from knowledge/_capture_gate.py @ ba2c9f5 — 1 line(s) differ BEYOND the declare
2026-09-28T14:47:30.3796357Z     ✓ ARM2(f) mutation: an edit INSIDE the one declared-difference region still FAILS — the allowance tolerates its exact quoted text and nothing adjacent to it
2026-09-28T14:47:30.3798138Z     ✓ ARM2(g) mutation: a DECLARED-DIFFERENCE rule that no longer matches fails LOUD and named, rather than widening into a silent pass
2026-09-28T14:47:30.3799874Z       quoted: SHIM BODIES: a DECLARED-DIFFERENCE rule no longer applies for 'read_chain_tk' — selftest: a rule whose source text does not exist — its source text was expected 1x, found 0x. The a
2026-09-28T14:47:30.3801695Z     ✓ ARM2(h) control: with the real table restored, the real pack is GREEN — the three declared allowances are load-bearing, and a correct pack is not red
2026-09-28T14:47:30.3803044Z   ✅ _validate_package_delta selftest: all bites pass
2026-09-28T14:47:30.5532379Z enactment register: 84 rulings -> PROVEN 9 · CLAIMED 21 · UNPROVEN 54 · NOT-GATEABLE 0  (knowledge/_ENACTMENT-REGISTER.md)
2026-09-28T14:48:21.9650150Z   ✓ bite1a: icon-005 (44x44 target) requires RENDER
2026-09-28T14:48:21.9650775Z   ✓ bite1b: icon-005 is UNGATED — no check names it
2026-09-28T14:48:21.9651314Z   ✓ bite1c: aid-009 is cited by a gate AND present in the rules index (not dangling)
2026-09-28T14:48:21.9651883Z   ✓ bite1d: the untagged-anchor population is reported, not silently zero
2026-09-28T14:48:21.9652433Z   ✓ bite2: 'chrome' as a WORD does not promote a gate to RENDER
2026-09-28T14:48:21.9653142Z   ✓ bite3: a real Playwright gate IS detected as RENDER
2026-09-28T14:48:21.9653563Z   ✓ bite4: unclassifiable rule -> UNKNOWN, not I0
2026-09-28T14:48:21.9654014Z   ✓ bite5: a literal-text rule + a static gate is FIT, not flagged
2026-09-28T14:48:21.9654427Z   ✓ bite6: unknown instrument code raises
2026-09-28T14:48:21.9654784Z   ✓ bite7: mixed rule takes the HIGHER rung
2026-09-28T14:48:21.9655646Z   ✓ bite8: this script never counts itself as a gate
2026-09-28T14:48:21.9655875Z 
2026-09-28T14:48:21.9655994Z selftest: 11 bites, 0 failed
2026-09-28T14:49:13.3900710Z instrument fit: 475 rules -> UNDER-INSTRUMENTED 17 · UNGATED 163 · UNTAGGED 283 · EYE-ONLY 5 · FIT 7  (knowledge/_INSTRUMENT-FIT.md)
2026-09-28T14:49:13.3902026Z   ⚠ 1 rule IDs cited by gates are ABSENT from the index (260 untagged anchors of 703 declared): axs-003
2026-09-28T14:49:13.4955427Z /home/runner/work/UX-design/UX-design/knowledge/_build_integrity.py:71: DeprecationWarning: jsonschema.RefResolver is deprecated as of v4.18.0, in favor of the https://github.com/python-jsonschema/referencing library, which provides more compliant referencing behavior as well as more flexible APIs for customization. A future release will remove RefResolver. Please file a feature request (on referencing) if you are missing an API for the kind of customization you need.
2026-09-28T14:49:13.4957094Z   _resolver = jsonschema.RefResolver(base_uri="", referrer=schema)
2026-09-28T14:49:13.6834394Z integrity: PASS — 0 errors, 25 warnings
2026-09-28T14:49:13.6835088Z schema valid: 137/137
2026-09-28T14:49:13.7091187Z     ✓ refuse() returns the convention's exit code
2026-09-28T14:49:13.7092511Z     ✓ EXIT is not 0/1/2 — it cannot be confused with pass, fail, or bad-arguments
2026-09-28T14:49:13.7093632Z     ✓ refuse() prints a line that STARTS with the marker
2026-09-28T14:49:13.7094380Z     ✓ the printed line carries the gate's own reason, not a summary
2026-09-28T14:49:13.7095141Z     ✓ is_refusal() is true for EXIT and false for a real failure
2026-09-28T14:49:13.7095784Z     ✓ reason_in() finds the marker line in captured output
2026-09-28T14:49:13.7096517Z     ✓ reason_in() finds it when the gate prefixed the line (✗ / indentation)
2026-09-28T14:49:13.7097485Z     ✓ reason_in() returns None — never a manufactured reason — when the marker is absent
2026-09-28T14:49:13.7098282Z   ✅ _could_not_ask selftest: all bites pass
2026-09-28T14:49:14.2321252Z 
2026-09-28T14:49:14.2322129Z === P-1 · component meta-schema sweep [sandbox]
2026-09-28T14:49:14.2323310Z   ⚪ EXEMPT (declared, never hidden) EXAMPLE-button.meta.json [<root>] 'tokenValidation' is a required property
2026-09-28T14:49:14.2324134Z P-1 meta-schema sweep: 138 meta(s) checked · 0 finding(s) · 1 exempt failure(s) (EXAMPLE-button.meta.json)
2026-09-28T14:49:14.2324646Z PROBE P-1 — findings=0
2026-09-28T14:49:14.2325398Z --- rc=0 findings=0 · /home/runner/work/UX-design/UX-design/knowledge/_probe_registry/probe_meta_schema.py --check
2026-09-28T14:49:14.2325910Z 
2026-09-28T14:49:14.2326082Z === P-2 · duplicate-ID/IDREF scan [sandbox]
2026-09-28T14:49:14.2326548Z   OK  reviews/REVIEW-168-eye-owed-v1.html                        ids= 10 DUP=0 unresolved_idref=0 frag_miss=0
2026-09-28T14:49:14.2327190Z   OK  reviews/REVIEW-168-graphic-amber-blue-picker-v1.html       ids=  2 DUP=0 unresolved_idref=0 frag_miss=0
2026-09-28T14:49:14.2327834Z   OK  reviews/REVIEW-168-rag-glyph-tier-v1.html                  ids=  1 DUP=0 unresolved_idref=0 frag_miss=0
2026-09-28T14:49:14.2328451Z   OK  reviews/REVIEW-168-rag-glyph-tier-v2.html                  ids=  0 DUP=0 unresolved_idref=0 frag_miss=0
2026-09-28T14:49:14.2329107Z   OK  reviews/REVIEW-170-links-ratification-controller-v1.html   ids=  5 DUP=0 unresolved_idref=0 frag_miss=0
2026-09-28T14:49:14.2329783Z   OK  reviews/REVIEW-174-progress-bar-four-themes-v1.html        ids= 24 DUP=0 unresolved_idref=0 frag_miss=0
2026-09-28T14:49:14.2330427Z   OK  reviews/REVIEW-2026-07-02-critical-regroup.html            ids=  1 DUP=0 unresolved_idref=0 frag_miss=0
2026-09-28T14:49:14.2331049Z   OK  reviews/REVIEW-2026-07-10-deep-analysis.html               ids= 22 DUP=0 unresolved_idref=0 frag_miss=0
2026-09-28T14:49:14.2331655Z   OK  reviews/REVIEW-2026-07-10-deep-analysis_rev2.html          ids= 22 DUP=0 unresolved_idref=0 frag_miss=0
2026-09-28T14:49:14.2332268Z   OK  reviews/REVIEW-203-INDEX-2026-08-19-v1.html                ids=  0 DUP=0 unresolved_idref=0 frag_miss=0
2026-09-28T14:49:14.2333388Z   OK  reviews/REVIEW-203-alert-four-themes-v1.html               ids= 21 DUP=0 unresolved_idref=0 frag_miss=0
2026-09-28T14:49:14.2334057Z   OK  reviews/REVIEW-203-amount-display-four-themes-v1.html      ids=  0 DUP=0 unresolved_idref=0 frag_miss=0
2026-09-28T14:49:14.2334735Z   OK  reviews/REVIEW-203-amount-input-four-themes-v1.html        ids= 58 DUP=0 unresolved_idref=0 frag_miss=0
2026-09-28T14:49:14.2335399Z   OK  reviews/REVIEW-203-anchor-nav-four-themes-v1.html          ids=136 DUP=0 unresolved_idref=0 frag_miss=0
2026-09-28T14:49:14.2336068Z   OK  reviews/REVIEW-203-avatar-group-four-themes-v1.html        ids=  8 DUP=0 unresolved_idref=0 frag_miss=0
2026-09-28T14:49:14.2336752Z   OK  reviews/REVIEW-203-canon-dark-repair-before-after-v1.html  ids=449 DUP=0 unresolved_idref=0 frag_miss=0
2026-09-28T14:49:14.2337426Z   OK  reviews/REVIEW-203-combobox-four-themes-v1.html            ids=218 DUP=0 unresolved_idref=0 frag_miss=0
2026-09-28T14:49:14.2338098Z   OK  reviews/REVIEW-203-command-palette-four-themes-v1.html     ids=102 DUP=0 unresolved_idref=0 frag_miss=0
2026-09-28T14:49:14.2338763Z   OK  reviews/REVIEW-203-data-grid-four-themes-v1.html           ids=  0 DUP=0 unresolved_idref=0 frag_miss=0
2026-09-28T14:49:14.2339534Z   OK  reviews/REVIEW-203-date-picker-four-themes-v1.html         ids=160 DUP=0 unresolved_idref=0 frag_miss=0
2026-09-28T14:49:14.2340214Z   OK  reviews/REVIEW-203-date-range-picker-four-themes-v1.html   ids=231 DUP=0 unresolved_idref=0 frag_miss=0
2026-09-28T14:49:14.2340871Z   OK  reviews/REVIEW-203-drawer-four-themes-v1.html              ids=  8 DUP=0 unresolved_idref=0 frag_miss=0
2026-09-28T14:49:14.2341512Z   OK  reviews/REVIEW-203-empty-state-four-themes-v1.html         ids= 26 DUP=0 unresolved_idref=0 frag_miss=0
2026-09-28T14:49:14.2342164Z   OK  reviews/REVIEW-203-file-upload-four-themes-v1.html         ids= 76 DUP=0 unresolved_idref=0 frag_miss=0
2026-09-28T14:49:14.2342945Z   OK  reviews/REVIEW-203-form-layout-four-themes-v1.html         ids=251 DUP=0 unresolved_idref=0 frag_miss=0
2026-09-28T14:49:14.2343595Z   OK  reviews/REVIEW-203-kpi-tile-four-themes-v1.html            ids= 24 DUP=0 unresolved_idref=0 frag_miss=0
2026-09-28T14:49:14.2344265Z   OK  reviews/REVIEW-203-multi-select-four-themes-v1.html        ids=203 DUP=0 unresolved_idref=0 frag_miss=0
2026-09-28T14:49:14.2344927Z   OK  reviews/REVIEW-203-popover-four-themes-v1.html             ids= 33 DUP=0 unresolved_idref=0 frag_miss=0
2026-09-28T14:49:14.2345586Z   OK  reviews/REVIEW-203-secure-entry-four-themes-v1.html        ids= 75 DUP=0 unresolved_idref=0 frag_miss=0
2026-09-28T14:49:14.2346251Z   OK  reviews/REVIEW-203-sidebar-nav-four-themes-v1.html         ids= 65 DUP=0 unresolved_idref=0 frag_miss=0
2026-09-28T14:49:14.2346918Z   OK  reviews/REVIEW-203-skeleton-loader-four-themes-v1.html     ids= 20 DUP=0 unresolved_idref=0 frag_miss=0
2026-09-28T14:49:14.2347581Z   OK  reviews/REVIEW-203-stat-card-four-themes-v1.html           ids=  2 DUP=0 unresolved_idref=0 frag_miss=0
2026-09-28T14:49:14.2348220Z   OK  reviews/REVIEW-203-stepper-four-themes-v1.html             ids=322 DUP=0 unresolved_idref=0 frag_miss=0
2026-09-28T14:49:14.2348881Z   OK  reviews/REVIEW-203-tags-input-four-themes-v1.html          ids=154 DUP=0 unresolved_idref=0 frag_miss=0
2026-09-28T14:49:14.2349537Z   OK  reviews/REVIEW-203-textarea-four-themes-v1.html            ids= 89 DUP=0 unresolved_idref=0 frag_miss=0
2026-09-28T14:49:14.2350184Z   OK  reviews/REVIEW-203-time-picker-four-themes-v1.html         ids= 92 DUP=0 unresolved_idref=0 frag_miss=0
2026-09-28T14:49:14.2350836Z   OK  reviews/REVIEW-203-timeline-four-themes-v1.html            ids= 24 DUP=0 unresolved_idref=0 frag_miss=0
2026-09-28T14:49:14.2351465Z   OK  reviews/REVIEW-203-toast-four-themes-v1.html               ids=  9 DUP=0 unresolved_idref=0 frag_miss=0
2026-09-28T14:49:14.2352119Z   OK  reviews/REVIEW-204-document-row-four-themes-v1.html        ids= 32 DUP=0 unresolved_idref=0 frag_miss=48
2026-09-28T14:49:14.2352905Z   OK  reviews/REVIEW-204-footer-four-themes-v1.html              ids= 40 DUP=0 unresolved_idref=0 frag_miss=8
2026-09-28T14:49:14.2353656Z   OK  reviews/REVIEW-204-layout-utilities-four-themes-v1.html    ids=  0 DUP=0 unresolved_idref=0 frag_miss=0
2026-09-28T14:49:14.2354352Z   OK  reviews/REVIEW-204-payment-card-visual-four-themes-v1.html ids= 56 DUP=0 unresolved_idref=0 frag_miss=0
2026-09-28T14:49:14.2355040Z   OK  reviews/REVIEW-204-popconfirm-four-themes-v1.html          ids= 96 DUP=0 unresolved_idref=0 frag_miss=0
2026-09-28T14:49:14.2355691Z   OK  reviews/REVIEW-204-runway-bar-four-themes-v1.html          ids= 40 DUP=0 unresolved_idref=0 frag_miss=0
2026-09-28T14:49:14.2356336Z   OK  reviews/REVIEW-209-grid-snap-before-after-v1.html          ids=  3 DUP=0 unresolved_idref=0 frag_miss=0
2026-09-28T14:49:14.2356988Z   OK  reviews/REVIEW-209-input-trim-before-after-v1.html         ids=  1 DUP=0 unresolved_idref=0 frag_miss=0
2026-09-28T14:49:14.2357652Z   OK  reviews/REVIEW-210-existence-side-by-side-v1.html          ids=  6 DUP=0 unresolved_idref=0 frag_miss=0
2026-09-28T14:49:14.2358294Z   OK  reviews/REVIEW-210-meter-unification-v1.html               ids=  7 DUP=0 unresolved_idref=0 frag_miss=0
2026-09-28T14:49:14.2358980Z   OK  reviews/REVIEW-210-spacing-fixes-v1.html                   ids=  0 DUP=0 unresolved_idref=0 frag_miss=0
2026-09-28T14:49:14.2359631Z   OK  reviews/REVIEW-212-boot-and-desk-triage-v1.html            ids=  6 DUP=0 unresolved_idref=0 frag_miss=0
2026-09-28T14:49:14.2360218Z   OK  reviews/REVIEW-212-dials-v1.html                           ids=  1 DUP=0 unresolved_idref=0 frag_miss=0
2026-09-28T14:49:14.2360781Z   OK  reviews/REVIEW-212-rule-now-v1.html                        ids=  1 DUP=0 unresolved_idref=0 frag_miss=0
2026-09-28T14:49:14.2361409Z   OK  reviews/REVIEW-213-wave-components-four-theme-v1.html      ids= 60 DUP=0 unresolved_idref=0 frag_miss=0
2026-09-28T14:49:14.2362076Z   OK  reviews/REVIEW-262-nav-supercharge-dark-v1.html            ids=  0 DUP=0 unresolved_idref=0 frag_miss=0
2026-09-28T14:49:14.2362810Z   OK  reviews/REVIEW-tooltip-tip-s162.html                       ids=  4 DUP=0 unresolved_idref=0 frag_miss=0
2026-09-28T14:49:14.2363833Z   ⚠ reviews/REVIEW-204-document-row-four-themes-v1.html:283 href='#doc-jun' targets no id (WARN tier — #204 declared placeholder demo links a design question, not this class)
2026-09-28T14:49:14.2364995Z   ⚠ reviews/REVIEW-204-document-row-four-themes-v1.html:296 href='#doc-may' targets no id (WARN tier — #204 declared placeholder demo links a design question, not this class)
2026-09-28T14:49:14.2366137Z   ⚠ reviews/REVIEW-204-document-row-four-themes-v1.html:308 href='#doc-tax' targets no id (WARN tier — #204 declared placeholder demo links a design question, not this class)
2026-09-28T14:49:14.2367279Z   ⚠ reviews/REVIEW-204-document-row-four-themes-v1.html:321 href='#doc-long' targets no id (WARN tier — #204 declared placeholder demo links a design question, not this class)
2026-09-28T14:49:14.2368404Z   ⚠ reviews/REVIEW-204-document-row-four-themes-v1.html:348 href='#dl-jun' targets no id (WARN tier — #204 declared placeholder demo links a design question, not this class)
2026-09-28T14:49:14.2369540Z   ⚠ reviews/REVIEW-204-document-row-four-themes-v1.html:356 href='#dl-may' targets no id (WARN tier — #204 declared placeholder demo links a design question, not this class)
2026-09-28T14:49:14.2370664Z   ⚠ reviews/REVIEW-204-document-row-four-themes-v1.html:386 href='#doc-jun' targets no id (WARN tier — #204 declared placeholder demo links a design question, not this class)
2026-09-28T14:49:14.2371795Z   ⚠ reviews/REVIEW-204-document-row-four-themes-v1.html:399 href='#doc-may' targets no id (WARN tier — #204 declared placeholder demo links a design question, not this class)
2026-09-28T14:49:14.2373068Z   ⚠ reviews/REVIEW-204-document-row-four-themes-v1.html:411 href='#doc-tax' targets no id (WARN tier — #204 declared placeholder demo links a design question, not this class)
2026-09-28T14:49:14.2374214Z   ⚠ reviews/REVIEW-204-document-row-four-themes-v1.html:424 href='#doc-long' targets no id (WARN tier — #204 declared placeholder demo links a design question, not this class)
2026-09-28T14:49:14.2375439Z   ⚠ reviews/REVIEW-204-document-row-four-themes-v1.html:451 href='#dl-jun' targets no id (WARN tier — #204 declared placeholder demo links a design question, not this class)
2026-09-28T14:49:14.2376567Z   ⚠ reviews/REVIEW-204-document-row-four-themes-v1.html:459 href='#dl-may' targets no id (WARN tier — #204 declared placeholder demo links a design question, not this class)
2026-09-28T14:49:14.2377317Z   ⚠ … 44 more WARN-tier fragment misses (not findings)
2026-09-28T14:49:14.2377942Z P-2 duplicate-ID/IDREF scan: 55 file(s) over ['reviews/REVIEW-*.html'] · 0 finding(s) · 56 WARN-tier fragment miss(es)
2026-09-28T14:49:14.3983335Z PROBE P-2 — findings=0
2026-09-28T14:49:14.3984258Z --- rc=0 findings=0 · /home/runner/work/UX-design/UX-design/knowledge/_probe_registry/probe_dup_ids.py --check
2026-09-28T14:49:14.3984815Z 
2026-09-28T14:49:14.3985238Z === P-3 · dangling-var PIXEL test (render + cascade + pixel) [sandbox-render]
2026-09-28T14:49:14.3987134Z COULD-NOT-ASK: P-3 dangling-var PIXEL test — NOT-IN-THIS-ENVIRONMENT: playwright is not importable. Stage it per knowledge/_RUNBOOK-render-verify.md (PYTHONPATH=/var/tmp/pylibs). REFUSED — not a pass.
2026-09-28T14:49:14.3988432Z PROBE P-3 — findings=UNKNOWN (environment refused, exit 77)
2026-09-28T14:49:14.3989456Z --- rc=77 findings=UNKNOWN · /home/runner/work/UX-design/UX-design/knowledge/_probe_registry/probe_dangling_var_pixel.py --check
2026-09-28T14:49:14.3990122Z 
2026-09-28T14:49:14.3990344Z === P-4 · premise-vs-store diff [sandbox]
2026-09-28T14:49:14.3991469Z   ⛔ STATE-CONTRADICTION  notes/_briefs/2026-08-20-209-w46-gen-brief-demo-lane-2-apollo-charts-v1.md:85 asserts W-05 open; the store says state=done
2026-09-28T14:49:14.3993053Z   ⛔ STATE-CONTRADICTION  notes/_briefs/2026-08-20-209-w46-gen-brief-demo-lane-2-apollo-charts-v1.md:86 asserts W-06 open; the store says state=parked
2026-09-28T14:49:14.3994133Z   ⛔ STATE-CONTRADICTION  notes/_briefs/2026-08-20-209-w46-gen-brief-demo-lane-2-apollo-charts-v1.md:87 asserts W-07 open; the store says state=done
2026-09-28T14:49:14.3995172Z   ⛔ STATE-CONTRADICTION  notes/_briefs/2026-08-20-209-w46-gen-brief-demo-lane-2-apollo-charts-v1.md:88 asserts W-08 open; the store says state=done
2026-09-28T14:49:14.3996186Z   ⛔ STATE-CONTRADICTION  notes/_briefs/2026-08-20-209-w46-gen-brief-demo-lane-2-apollo-charts-v1.md:89 asserts W-09 open; the store says state=done
2026-09-28T14:49:14.3997234Z   ⛔ STATE-CONTRADICTION  notes/_briefs/2026-08-20-209-w46-gen-brief-demo-lane-2-apollo-charts-v1.md:93 asserts W-10 open; the store says state=done
2026-09-28T14:49:14.3998256Z   ⛔ STATE-CONTRADICTION  notes/_briefs/2026-08-20-209-w46-gen-brief-demo-lane-2-apollo-charts-v1.md:95 asserts W-12 open; the store says state=dropped
2026-09-28T14:49:14.3999259Z   ⛔ STATE-CONTRADICTION  notes/_briefs/2026-08-20-209-w46-gen-brief-demo-lane-2-apollo-charts-v1.md:97 asserts W-14 open; the store says state=done
2026-09-28T14:49:14.4000275Z   ⛔ STATE-CONTRADICTION  notes/_briefs/2026-08-20-209-w46-gen-brief-demo-lane-2-apollo-charts-v1.md:98 asserts W-15 open; the store says state=done
2026-09-28T14:49:14.4001287Z   ⛔ STATE-CONTRADICTION  notes/_briefs/2026-08-20-209-w46-gen-brief-demo-lane-2-apollo-charts-v1.md:99 asserts W-16 open; the store says state=done
2026-09-28T14:49:14.4002300Z   ⛔ STATE-CONTRADICTION  notes/_briefs/2026-08-20-209-w46-gen-brief-demo-lane-2-apollo-charts-v1.md:104 asserts W-41 open; the store says state=done
2026-09-28T14:49:14.4003458Z   ⛔ STATE-CONTRADICTION  notes/_briefs/2026-08-20-209-w46-gen-brief-demo-lane-2-apollo-charts-v1.md:106 asserts W-43 open; the store says state=done
2026-09-28T14:49:14.4004470Z   ⛔ STATE-CONTRADICTION  notes/_briefs/2026-08-20-209-w46-gen-brief-demo-lane-2-apollo-charts-v1.md:110 asserts W-47 open; the store says state=done
2026-09-28T14:49:14.4005483Z   ⛔ STATE-CONTRADICTION  notes/_briefs/2026-08-20-209-w46-gen-brief-demo-lane-2-apollo-charts-v1.md:117 asserts W-54 open; the store says state=done
2026-09-28T14:49:14.4006576Z   ⛔ STATE-CONTRADICTION  notes/_briefs/2026-08-20-209-wave3-fanout-brief-v1.md:113 asserts W-05 open; the store says state=done
2026-09-28T14:49:14.4007453Z   ⛔ STATE-CONTRADICTION  notes/_briefs/2026-08-20-209-wave3-fanout-brief-v1.md:114 asserts W-06 open; the store says state=parked
2026-09-28T14:49:14.4008308Z   ⛔ STATE-CONTRADICTION  notes/_briefs/2026-08-20-209-wave3-fanout-brief-v1.md:115 asserts W-07 open; the store says state=done
2026-09-28T14:49:14.4009166Z   ⛔ STATE-CONTRADICTION  notes/_briefs/2026-08-20-209-wave3-fanout-brief-v1.md:116 asserts W-08 open; the store says state=done
2026-09-28T14:49:14.4010010Z   ⛔ STATE-CONTRADICTION  notes/_briefs/2026-08-20-209-wave3-fanout-brief-v1.md:117 asserts W-09 open; the store says state=done
2026-09-28T14:49:14.4010850Z   ⛔ STATE-CONTRADICTION  notes/_briefs/2026-08-20-209-wave3-fanout-brief-v1.md:121 asserts W-10 open; the store says state=done
2026-09-28T14:49:14.4011721Z   ⛔ STATE-CONTRADICTION  notes/_briefs/2026-08-20-209-wave3-fanout-brief-v1.md:123 asserts W-12 open; the store says state=dropped
2026-09-28T14:49:14.4012754Z   ⛔ STATE-CONTRADICTION  notes/_briefs/2026-08-20-209-wave3-fanout-brief-v1.md:125 asserts W-14 open; the store says state=done
2026-09-28T14:49:14.4013631Z   ⛔ STATE-CONTRADICTION  notes/_briefs/2026-08-20-209-wave3-fanout-brief-v1.md:126 asserts W-15 open; the store says state=done
2026-09-28T14:49:14.4014454Z   ⛔ STATE-CONTRADICTION  notes/_briefs/2026-08-20-209-wave3-fanout-brief-v1.md:127 asserts W-16 open; the store says state=done
2026-09-28T14:49:14.4015284Z   ⛔ STATE-CONTRADICTION  notes/_briefs/2026-08-20-209-wave3-fanout-brief-v1.md:132 asserts W-41 open; the store says state=done
2026-09-28T14:49:14.4016113Z   ⛔ STATE-CONTRADICTION  notes/_briefs/2026-08-20-209-wave3-fanout-brief-v1.md:134 asserts W-43 open; the store says state=done
2026-09-28T14:49:14.4016950Z   ⛔ STATE-CONTRADICTION  notes/_briefs/2026-08-20-209-wave3-fanout-brief-v1.md:138 asserts W-47 open; the store says state=done
2026-09-28T14:49:14.4017797Z   ⛔ STATE-CONTRADICTION  notes/_briefs/2026-08-20-209-wave3-fanout-brief-v1.md:145 asserts W-54 open; the store says state=done
2026-09-28T14:49:14.4018638Z   ⛔ STATE-CONTRADICTION  notes/_briefs/2026-08-20-209-wave3-fanout-brief-v1.md:151 asserts W-60 open; the store says state=done
2026-09-28T14:49:14.4019472Z   ⛔ STATE-CONTRADICTION  notes/_briefs/2026-08-20-209-wave3-fanout-brief-v1.md:152 asserts W-61 open; the store says state=done
2026-09-28T14:49:14.4020352Z   ⛔ STATE-CONTRADICTION  notes/_briefs/2026-08-20-210-wave4-heavy7-fanout-brief-v1.md:87 asserts W-05 open; the store says state=done
2026-09-28T14:49:14.4021267Z   ⛔ STATE-CONTRADICTION  notes/_briefs/2026-08-20-210-wave4-heavy7-fanout-brief-v1.md:88 asserts W-06 open; the store says state=parked
2026-09-28T14:49:14.4022182Z   ⛔ STATE-CONTRADICTION  notes/_briefs/2026-08-20-210-wave4-heavy7-fanout-brief-v1.md:89 asserts W-07 open; the store says state=done
2026-09-28T14:49:14.4023250Z   ⛔ STATE-CONTRADICTION  notes/_briefs/2026-08-20-210-wave4-heavy7-fanout-brief-v1.md:90 asserts W-08 open; the store says state=done
2026-09-28T14:49:14.4024161Z   ⛔ STATE-CONTRADICTION  notes/_briefs/2026-08-20-210-wave4-heavy7-fanout-brief-v1.md:91 asserts W-09 open; the store says state=done
2026-09-28T14:49:14.4025063Z   ⛔ STATE-CONTRADICTION  notes/_briefs/2026-08-20-210-wave4-heavy7-fanout-brief-v1.md:95 asserts W-10 open; the store says state=done
2026-09-28T14:49:14.4025960Z   ⛔ STATE-CONTRADICTION  notes/_briefs/2026-08-20-210-wave4-heavy7-fanout-brief-v1.md:97 asserts W-12 open; the store says state=dropped
2026-09-28T14:49:14.4026865Z   ⛔ STATE-CONTRADICTION  notes/_briefs/2026-08-20-210-wave4-heavy7-fanout-brief-v1.md:99 asserts W-14 open; the store says state=done
2026-09-28T14:49:14.4027773Z   ⛔ STATE-CONTRADICTION  notes/_briefs/2026-08-20-210-wave4-heavy7-fanout-brief-v1.md:100 asserts W-15 open; the store says state=done
2026-09-28T14:49:14.4028691Z   ⛔ STATE-CONTRADICTION  notes/_briefs/2026-08-20-210-wave4-heavy7-fanout-brief-v1.md:101 asserts W-16 open; the store says state=done
2026-09-28T14:49:14.4029676Z   ⛔ STATE-CONTRADICTION  notes/_briefs/2026-08-20-210-wave4-heavy7-fanout-brief-v1.md:106 asserts W-41 open; the store says state=done
2026-09-28T14:49:14.4030567Z   ⛔ STATE-CONTRADICTION  notes/_briefs/2026-08-20-210-wave4-heavy7-fanout-brief-v1.md:108 asserts W-43 open; the store says state=done
2026-09-28T14:49:14.4031457Z   ⛔ STATE-CONTRADICTION  notes/_briefs/2026-08-20-210-wave4-heavy7-fanout-brief-v1.md:112 asserts W-47 open; the store says state=done
2026-09-28T14:49:14.4032355Z   ⛔ STATE-CONTRADICTION  notes/_briefs/2026-08-20-210-wave4-heavy7-fanout-brief-v1.md:119 asserts W-54 open; the store says state=done
2026-09-28T14:49:14.4033477Z   ⛔ STATE-CONTRADICTION  notes/_briefs/2026-08-20-210-wave4-heavy7-fanout-brief-v1.md:125 asserts W-62 open; the store says state=parked
2026-09-28T14:49:14.4034379Z   ⛔ STATE-CONTRADICTION  notes/_briefs/2026-08-20-210-wave4-heavy7-fanout-brief-v1.md:127 asserts W-64 open; the store says state=done
2026-09-28T14:49:14.4035291Z   ⛔ STATE-CONTRADICTION  notes/_briefs/2026-08-20-210-wave4-heavy7-fanout-brief-v1.md:129 asserts W-66 open; the store says state=parked
2026-09-28T14:49:14.4036283Z   ⛔ STATE-CONTRADICTION  notes/_briefs/2026-08-20-210-wave5-layer2-p2-fanout-brief-v1.md:88 asserts W-05 open; the store says state=done
2026-09-28T14:49:14.4037202Z   ⛔ STATE-CONTRADICTION  notes/_briefs/2026-08-20-210-wave5-layer2-p2-fanout-brief-v1.md:89 asserts W-06 open; the store says state=parked
2026-09-28T14:49:14.4038123Z   ⛔ STATE-CONTRADICTION  notes/_briefs/2026-08-20-210-wave5-layer2-p2-fanout-brief-v1.md:90 asserts W-07 open; the store says state=done
2026-09-28T14:49:14.4039024Z   ⛔ STATE-CONTRADICTION  notes/_briefs/2026-08-20-210-wave5-layer2-p2-fanout-brief-v1.md:91 asserts W-08 open; the store says state=done
2026-09-28T14:49:14.4039920Z   ⛔ STATE-CONTRADICTION  notes/_briefs/2026-08-20-210-wave5-layer2-p2-fanout-brief-v1.md:92 asserts W-09 open; the store says state=done
2026-09-28T14:49:14.4040837Z   ⛔ STATE-CONTRADICTION  notes/_briefs/2026-08-20-210-wave5-layer2-p2-fanout-brief-v1.md:96 asserts W-10 open; the store says state=done
2026-09-28T14:49:14.4041752Z   ⛔ STATE-CONTRADICTION  notes/_briefs/2026-08-20-210-wave5-layer2-p2-fanout-brief-v1.md:98 asserts W-12 open; the store says state=dropped
2026-09-28T14:49:14.4042784Z   ⛔ STATE-CONTRADICTION  notes/_briefs/2026-08-20-210-wave5-layer2-p2-fanout-brief-v1.md:100 asserts W-14 open; the store says state=done
2026-09-28T14:49:14.4043753Z   ⛔ STATE-CONTRADICTION  notes/_briefs/2026-08-20-210-wave5-layer2-p2-fanout-brief-v1.md:101 asserts W-15 open; the store says state=done
2026-09-28T14:49:14.4044669Z   ⛔ STATE-CONTRADICTION  notes/_briefs/2026-08-20-210-wave5-layer2-p2-fanout-brief-v1.md:102 asserts W-16 open; the store says state=done
2026-09-28T14:49:14.4045589Z   ⛔ STATE-CONTRADICTION  notes/_briefs/2026-08-20-210-wave5-layer2-p2-fanout-brief-v1.md:107 asserts W-41 open; the store says state=done
2026-09-28T14:49:14.4046512Z   ⛔ STATE-CONTRADICTION  notes/_briefs/2026-08-20-210-wave5-layer2-p2-fanout-brief-v1.md:109 asserts W-43 open; the store says state=done
2026-09-28T14:49:14.4047432Z   ⛔ STATE-CONTRADICTION  notes/_briefs/2026-08-20-210-wave5-layer2-p2-fanout-brief-v1.md:113 asserts W-47 open; the store says state=done
2026-09-28T14:49:14.4048342Z   ⛔ STATE-CONTRADICTION  notes/_briefs/2026-08-20-210-wave5-layer2-p2-fanout-brief-v1.md:120 asserts W-54 open; the store says state=done
2026-09-28T14:49:14.4049277Z   ⛔ STATE-CONTRADICTION  notes/_briefs/2026-08-20-210-wave5-layer2-p2-fanout-brief-v1.md:126 asserts W-62 open; the store says state=parked
2026-09-28T14:49:14.4050200Z   ⛔ STATE-CONTRADICTION  notes/_briefs/2026-08-20-210-wave5-layer2-p2-fanout-brief-v1.md:128 asserts W-64 open; the store says state=done
2026-09-28T14:49:14.4051120Z   ⛔ STATE-CONTRADICTION  notes/_briefs/2026-08-20-210-wave5-layer2-p2-fanout-brief-v1.md:130 asserts W-66 open; the store says state=parked
2026-09-28T14:49:14.4052120Z   ⛔ STATE-CONTRADICTION  notes/_briefs/2026-08-20-210-wave5-layer2-p2-fanout-brief-v1.md:136 asserts W-74 open; the store says state=parked
2026-09-28T14:49:14.4053135Z   ⛔ STATE-CONTRADICTION  notes/_briefs/2026-08-20-210-wave6-layer2-p3-fanout-brief-v1.md:95 asserts W-05 open; the store says state=done
2026-09-28T14:49:14.4054054Z   ⛔ STATE-CONTRADICTION  notes/_briefs/2026-08-20-210-wave6-layer2-p3-fanout-brief-v1.md:96 asserts W-06 open; the store says state=parked
2026-09-28T14:49:14.4054992Z   ⛔ STATE-CONTRADICTION  notes/_briefs/2026-08-20-210-wave6-layer2-p3-fanout-brief-v1.md:97 asserts W-07 open; the store says state=done
2026-09-28T14:49:14.4055897Z   ⛔ STATE-CONTRADICTION  notes/_briefs/2026-08-20-210-wave6-layer2-p3-fanout-brief-v1.md:98 asserts W-08 open; the store says state=done
2026-09-28T14:49:14.4056809Z   ⛔ STATE-CONTRADICTION  notes/_briefs/2026-08-20-210-wave6-layer2-p3-fanout-brief-v1.md:99 asserts W-09 open; the store says state=done
2026-09-28T14:49:14.4057733Z   ⛔ STATE-CONTRADICTION  notes/_briefs/2026-08-20-210-wave6-layer2-p3-fanout-brief-v1.md:103 asserts W-10 open; the store says state=done
2026-09-28T14:49:14.4058740Z   ⛔ STATE-CONTRADICTION  notes/_briefs/2026-08-20-210-wave6-layer2-p3-fanout-brief-v1.md:105 asserts W-12 open; the store says state=dropped
2026-09-28T14:49:14.4059678Z   ⛔ STATE-CONTRADICTION  notes/_briefs/2026-08-20-210-wave6-layer2-p3-fanout-brief-v1.md:107 asserts W-14 open; the store says state=done
2026-09-28T14:49:14.4060590Z   ⛔ STATE-CONTRADICTION  notes/_briefs/2026-08-20-210-wave6-layer2-p3-fanout-brief-v1.md:108 asserts W-15 open; the store says state=done
2026-09-28T14:49:14.4061500Z   ⛔ STATE-CONTRADICTION  notes/_briefs/2026-08-20-210-wave6-layer2-p3-fanout-brief-v1.md:109 asserts W-16 open; the store says state=done
2026-09-28T14:49:14.4062404Z   ⛔ STATE-CONTRADICTION  notes/_briefs/2026-08-20-210-wave6-layer2-p3-fanout-brief-v1.md:114 asserts W-41 open; the store says state=done
2026-09-28T14:49:14.4063452Z   ⛔ STATE-CONTRADICTION  notes/_briefs/2026-08-20-210-wave6-layer2-p3-fanout-brief-v1.md:116 asserts W-43 open; the store says state=done
2026-09-28T14:49:14.4064373Z   ⛔ STATE-CONTRADICTION  notes/_briefs/2026-08-20-210-wave6-layer2-p3-fanout-brief-v1.md:120 asserts W-47 open; the store says state=done
2026-09-28T14:49:14.4065280Z   ⛔ STATE-CONTRADICTION  notes/_briefs/2026-08-20-210-wave6-layer2-p3-fanout-brief-v1.md:127 asserts W-54 open; the store says state=done
2026-09-28T14:49:14.4066257Z   ⛔ STATE-CONTRADICTION  notes/_briefs/2026-08-20-210-wave6-layer2-p3-fanout-brief-v1.md:133 asserts W-62 open; the store says state=parked
2026-09-28T14:49:14.4067185Z   ⛔ STATE-CONTRADICTION  notes/_briefs/2026-08-20-210-wave6-layer2-p3-fanout-brief-v1.md:135 asserts W-64 open; the store says state=done
2026-09-28T14:49:14.4068103Z   ⛔ STATE-CONTRADICTION  notes/_briefs/2026-08-20-210-wave6-layer2-p3-fanout-brief-v1.md:137 asserts W-66 open; the store says state=parked
2026-09-28T14:49:14.4069043Z   ⛔ STATE-CONTRADICTION  notes/_briefs/2026-08-20-210-wave6-layer2-p3-fanout-brief-v1.md:143 asserts W-74 open; the store says state=parked
2026-09-28T14:49:14.4069981Z   ⛔ STATE-CONTRADICTION  notes/_briefs/2026-08-20-210-wave6-layer2-p3-fanout-brief-v1.md:144 asserts W-75 open; the store says state=parked
2026-09-28T14:49:14.4070931Z   ⛔ STATE-CONTRADICTION  notes/_briefs/2026-08-20-210-wave6-layer2-p3-fanout-brief-v1.md:145 asserts W-76 open; the store says state=parked
2026-09-28T14:49:14.4071865Z   ⛔ STATE-CONTRADICTION  notes/_briefs/2026-08-20-210-wave6-layer2-p3-fanout-brief-v1.md:146 asserts W-77 open; the store says state=parked
2026-09-28T14:49:14.4072987Z   ⛔ STATE-CONTRADICTION  notes/_briefs/2026-08-20-210-wave6-layer2-p3-fanout-brief-v1.md:147 asserts W-78 open; the store says state=parked
2026-09-28T14:49:14.4073921Z   ⛔ STATE-CONTRADICTION  notes/_briefs/2026-08-20-210-wave6-layer2-p3-fanout-brief-v1.md:148 asserts W-79 open; the store says state=parked
2026-09-28T14:49:14.4074821Z   ⛔ STATE-CONTRADICTION  notes/_briefs/2026-08-21-211-findings-repair-wave1-v1.md:113 asserts W-05 open; the store says state=done
2026-09-28T14:49:14.4075807Z   ⛔ STATE-CONTRADICTION  notes/_briefs/2026-08-21-211-findings-repair-wave1-v1.md:114 asserts W-06 open; the store says state=parked
2026-09-28T14:49:14.4076688Z   ⛔ STATE-CONTRADICTION  notes/_briefs/2026-08-21-211-findings-repair-wave1-v1.md:115 asserts W-07 open; the store says state=done
2026-09-28T14:49:14.4077554Z   ⛔ STATE-CONTRADICTION  notes/_briefs/2026-08-21-211-findings-repair-wave1-v1.md:116 asserts W-08 open; the store says state=done
2026-09-28T14:49:14.4078413Z   ⛔ STATE-CONTRADICTION  notes/_briefs/2026-08-21-211-findings-repair-wave1-v1.md:117 asserts W-09 open; the store says state=done
2026-09-28T14:49:14.4079261Z   ⛔ STATE-CONTRADICTION  notes/_briefs/2026-08-21-211-findings-repair-wave1-v1.md:121 asserts W-10 open; the store says state=done
2026-09-28T14:49:14.4080130Z   ⛔ STATE-CONTRADICTION  notes/_briefs/2026-08-21-211-findings-repair-wave1-v1.md:123 asserts W-12 open; the store says state=dropped
2026-09-28T14:49:14.4081002Z   ⛔ STATE-CONTRADICTION  notes/_briefs/2026-08-21-211-findings-repair-wave1-v1.md:125 asserts W-14 open; the store says state=done
2026-09-28T14:49:14.4081940Z   ⛔ STATE-CONTRADICTION  notes/_briefs/2026-08-21-211-findings-repair-wave1-v1.md:126 asserts W-15 open; the store says state=done
2026-09-28T14:49:14.4082883Z   ⛔ STATE-CONTRADICTION  notes/_briefs/2026-08-21-211-findings-repair-wave1-v1.md:127 asserts W-16 open; the store says state=done
2026-09-28T14:49:14.4083760Z   ⛔ STATE-CONTRADICTION  notes/_briefs/2026-08-21-211-findings-repair-wave1-v1.md:132 asserts W-41 open; the store says state=done
2026-09-28T14:49:14.4084610Z   ⛔ STATE-CONTRADICTION  notes/_briefs/2026-08-21-211-findings-repair-wave1-v1.md:134 asserts W-43 open; the store says state=done
2026-09-28T14:49:14.4085469Z   ⛔ STATE-CONTRADICTION  notes/_briefs/2026-08-21-211-findings-repair-wave1-v1.md:138 asserts W-47 open; the store says state=done
2026-09-28T14:49:14.4086340Z   ⛔ STATE-CONTRADICTION  notes/_briefs/2026-08-21-211-findings-repair-wave1-v1.md:145 asserts W-54 open; the store says state=done
2026-09-28T14:49:14.4087214Z   ⛔ STATE-CONTRADICTION  notes/_briefs/2026-08-21-211-findings-repair-wave1-v1.md:151 asserts W-62 open; the store says state=parked
2026-09-28T14:49:14.4088081Z   ⛔ STATE-CONTRADICTION  notes/_briefs/2026-08-21-211-findings-repair-wave1-v1.md:154 asserts W-66 open; the store says state=parked
2026-09-28T14:49:14.4088949Z   ⛔ STATE-CONTRADICTION  notes/_briefs/2026-08-21-211-findings-repair-wave1-v1.md:160 asserts W-74 open; the store says state=parked
2026-09-28T14:49:14.4089816Z   ⛔ STATE-CONTRADICTION  notes/_briefs/2026-08-21-211-findings-repair-wave1-v1.md:161 asserts W-75 open; the store says state=parked
2026-09-28T14:49:14.4090959Z   ⛔ STATE-CONTRADICTION  notes/_briefs/2026-08-21-211-findings-repair-wave1-v1.md:162 asserts W-76 open; the store says state=parked
2026-09-28T14:49:14.4092118Z   ⛔ STATE-CONTRADICTION  notes/_briefs/2026-08-21-211-findings-repair-wave1-v1.md:163 asserts W-77 open; the store says state=parked
2026-09-28T14:49:14.4093303Z   ⛔ STATE-CONTRADICTION  notes/_briefs/2026-08-21-211-findings-repair-wave1-v1.md:164 asserts W-78 open; the store says state=parked
2026-09-28T14:49:14.4094677Z   ⛔ STATE-CONTRADICTION  notes/_briefs/2026-08-21-211-findings-repair-wave1-v1.md:165 asserts W-79 open; the store says state=parked
2026-09-28T14:49:14.4095991Z   ⛔ STATE-CONTRADICTION  notes/_briefs/2026-08-21-211-findings-repair-wave1-v1.md:166 asserts W-80 open; the store says state=parked
2026-09-28T14:49:14.4097063Z   ⛔ STATE-CONTRADICTION  notes/_briefs/2026-08-21-211-findings-repair-wave1-v1.md:167 asserts W-81 open; the store says state=parked
2026-09-28T14:49:14.4098136Z   ⛔ STATE-CONTRADICTION  notes/_briefs/2026-08-21-211-findings-repair-wave1-v1.md:168 asserts W-82 open; the store says state=parked
2026-09-28T14:49:14.4099469Z   ⛔ STATE-CONTRADICTION  notes/_briefs/2026-08-21-211-findings-repair-wave1-v1.md:169 asserts W-83 open; the store says state=parked
2026-09-28T14:49:14.4100544Z   ⛔ STATE-CONTRADICTION  notes/_briefs/2026-08-21-211-findings-repair-wave1-v1.md:170 asserts W-84 open; the store says state=parked
2026-09-28T14:49:14.4101437Z   ⛔ STATE-CONTRADICTION  notes/_briefs/2026-08-21-212-wrap-brief.md:6 asserts W-96 closed/done; the store says state=open
2026-09-28T14:49:14.4102234Z   ⛔ STATE-CONTRADICTION  notes/_briefs/2026-08-21-212-wrap-brief.md:6 asserts W-98 closed/done; the store says state=open
2026-09-28T14:49:14.4103268Z   ⛔ STATE-CONTRADICTION  notes/_briefs/2026-08-21-212-wrap-brief.md:6 asserts W-99 closed/done; the store says state=open
2026-09-28T14:49:14.4104064Z   ⛔ STATE-CONTRADICTION  notes/_briefs/2026-08-21-212-wrap-brief.md:6 asserts W-95 closed/done; the store says state=open
2026-09-28T14:49:14.4104840Z   ⛔ STATE-CONTRADICTION  notes/_briefs/2026-08-21-212-wrap-brief.md:6 asserts W-97 closed/done; the store says state=open
2026-09-28T14:49:14.4105671Z   ⛔ STATE-CONTRADICTION  notes/_briefs/2026-08-21-213-c1-residual-survey-v1.md:25 asserts W-75 open; the store says state=parked
2026-09-28T14:49:14.4106540Z   ⛔ STATE-CONTRADICTION  notes/_briefs/2026-08-21-213-c1-residual-survey-v1.md:25 asserts W-74 open; the store says state=parked
2026-09-28T14:49:14.4107479Z   ⛔ STATE-CONTRADICTION  notes/_briefs/2026-08-21-213-c1-residual-survey-v1.md:25 asserts W-84 open; the store says state=parked
2026-09-28T14:49:14.4108322Z   ⛔ STATE-CONTRADICTION  notes/_briefs/2026-08-21-213-c1-residual-survey-v1.md:64 asserts W-62 open; the store says state=parked
2026-09-28T14:49:14.4109161Z   ⛔ STATE-CONTRADICTION  notes/_briefs/2026-08-21-213-c1-residual-survey-v1.md:66 asserts W-74 open; the store says state=parked
2026-09-28T14:49:14.4109991Z   ⛔ STATE-CONTRADICTION  notes/_briefs/2026-08-21-213-c1-residual-survey-v1.md:92 asserts W-75 open; the store says state=parked
2026-09-28T14:49:14.4110823Z   ⛔ STATE-CONTRADICTION  notes/_briefs/2026-08-21-213-c1-residual-survey-v1.md:92 asserts W-84 open; the store says state=parked
2026-09-28T14:49:14.4111672Z   ⛔ STATE-CONTRADICTION  notes/_briefs/2026-08-21-213-c1-residual-survey-v1.md:169 asserts W-75 open; the store says state=parked
2026-09-28T14:49:14.4112517Z   ⛔ STATE-CONTRADICTION  notes/_briefs/2026-08-21-213-c1-residual-survey-v1.md:169 asserts W-08 open; the store says state=done
2026-09-28T14:49:14.4113521Z   ⛔ STATE-CONTRADICTION  notes/_briefs/2026-08-21-213-c1-residual-survey-v1.md:169 asserts W-84 open; the store says state=parked
2026-09-28T14:49:14.4114716Z   ⛔ UNROWED-DOC          notes/_briefs/2026-08-22-215-taxonomy-research-v2.md is named by no store row's `home` — the #185 forgotten-document class; the repair is one `_state.add()` row and it is the conductor's, not this probe's
2026-09-28T14:49:14.4115800Z   ⛔ STATE-CONTRADICTION  notes/_briefs/2026-08-26-219-wrap-brief.md:33 asserts W-196 open; the store says state=done
2026-09-28T14:49:14.4116570Z   ⛔ UNKNOWN-RULING       notes/_briefs/2026-08-28-221-wrap-brief.md:6 cites s221-D1 — no such ruling in _rulings.json
2026-09-28T14:49:14.4117333Z   ⛔ UNKNOWN-RULING       notes/_briefs/2026-08-28-221-wrap-brief.md:16 cites s221-D1 — no such ruling in _rulings.json
2026-09-28T14:49:14.4118122Z   ⛔ STATE-CONTRADICTION  notes/_briefs/2026-08-31-228-repair-lane-brief.md:10 asserts W-298 open; the store says state=done
2026-09-28T14:49:14.4118998Z   ⛔ STATE-CONTRADICTION  notes/_briefs/2026-08-31-230-seg-snippets-eye-brief.md:38 asserts W-307 closed/done; the store says state=open
2026-09-28T14:49:14.4119872Z   ⛔ STATE-CONTRADICTION  notes/_briefs/2026-09-01-233-delegated-wrap-brief.md:100 asserts W-308 open; the store says state=done
2026-09-28T14:49:14.4120749Z   ⛔ UNKNOWN-RULING       notes/_briefs/2026-09-02-234-quality-bar-research-brief.md:15 cites s63-D1 — no such ruling in _rulings.json
2026-09-28T14:49:14.4121626Z   ⛔ STATE-CONTRADICTION  notes/_briefs/2026-09-02-235-delegated-wrap-brief.md:14 asserts W-342 closed/done; the store says state=open
2026-09-28T14:49:14.4122496Z   ⛔ STATE-CONTRADICTION  notes/_briefs/2026-09-02-235-delegated-wrap-brief.md:14 asserts W-340 closed/done; the store says state=open
2026-09-28T14:49:14.4123660Z   ⛔ STATE-CONTRADICTION  notes/_briefs/2026-09-02-236-delegated-wrap-brief.md:27 asserts W-342 closed/done; the store says state=open
2026-09-28T14:49:14.4124537Z   ⛔ STATE-CONTRADICTION  notes/_briefs/2026-09-02-236-delegated-wrap-brief.md:27 asserts W-340 closed/done; the store says state=open
2026-09-28T14:49:14.4125407Z   ⛔ STATE-CONTRADICTION  notes/_briefs/2026-09-02-236-delegated-wrap-brief.md:31 asserts W-344 open; the store says state=done
2026-09-28T14:49:14.4126244Z   ⛔ STATE-CONTRADICTION  notes/_briefs/2026-09-02-236-delegated-wrap-brief.md:31 asserts W-348 open; the store says state=done
2026-09-28T14:49:14.4127078Z   ⛔ STATE-CONTRADICTION  notes/_briefs/2026-09-02-236-delegated-wrap-brief.md:31 asserts W-343 open; the store says state=done
2026-09-28T14:49:14.4127909Z   ⛔ STATE-CONTRADICTION  notes/_briefs/2026-09-02-236-delegated-wrap-brief.md:31 asserts W-349 open; the store says state=done
2026-09-28T14:49:14.4128743Z   ⛔ STATE-CONTRADICTION  notes/_briefs/2026-09-02-236-delegated-wrap-brief.md:31 asserts W-347 open; the store says state=done
2026-09-28T14:49:14.4129670Z   ⛔ STATE-CONTRADICTION  notes/_briefs/2026-09-02-239-delegated-wrap-brief.md:17 asserts W-381 closed/done; the store says state=open
2026-09-28T14:49:14.4130537Z   ⛔ STATE-CONTRADICTION  notes/_briefs/2026-09-02-240-delegated-wrap-brief.md:11 asserts W-384 closed/done; the store says state=open
2026-09-28T14:49:14.4131392Z   ⛔ STATE-CONTRADICTION  notes/_briefs/2026-09-03-242-delegated-wrap-brief.md:16 asserts W-374 closed/done; the store says state=open
2026-09-28T14:49:14.4132232Z P-4 premise-vs-store diff: 206 doc(s) over ['notes/_briefs/*.md'] vs 944 store item(s) / 705 ruling(s) · 150 finding(s)
2026-09-28T14:49:15.5884005Z PROBE P-4 — findings=150
2026-09-28T14:49:15.5884825Z --- rc=1 findings=150 · /home/runner/work/UX-design/UX-design/knowledge/_probe_registry/probe_premise_store.py --check
2026-09-28T14:49:15.5885417Z 
2026-09-28T14:49:15.5885616Z === P-5 · stale-figure grep [sandbox]
2026-09-28T14:49:15.5885991Z   live R1 snippets               = 137
2026-09-28T14:49:15.5886334Z   live R2 component metas        = 138
2026-09-28T14:49:15.5886729Z   live R3 showroom pages         = 138
2026-09-28T14:49:15.5887109Z   live R4 type-composite debt    = 1089
2026-09-28T14:49:15.5887515Z   live R5 open store items       = 566
2026-09-28T14:49:15.5888572Z P-5 stale-figure grep: 4 living doc(s) over ['knowledge/_LIVE-STATE.md', 'GOOD-MORNING.md', 'AGENTS.md', 'README.md', 'knowledge/README.md'] · 5 rule(s) live · 0 REFUSED · 0 finding(s)
2026-09-28T14:49:15.5889486Z PROBE P-5 — findings=0
2026-09-28T14:49:15.5890268Z --- rc=0 findings=0 · /home/runner/work/UX-design/UX-design/knowledge/_probe_registry/probe_stale_figure.py --check
2026-09-28T14:49:15.5890812Z 
2026-09-28T14:49:15.5891086Z === P-6 · input leading-trim enactment CANARY [sandbox-render]
2026-09-28T14:49:15.5892327Z COULD-NOT-ASK: P-6 text-box-trim enactment canary — NOT-IN-THIS-ENVIRONMENT: playwright is not importable. Stage it per knowledge/_RUNBOOK-render-verify.md (PYTHONPATH=/var/tmp/pylibs-<n>). REFUSED — not a pass.
2026-09-28T14:49:15.5893565Z PROBE P-6 — findings=UNKNOWN (environment refused, exit 77)
2026-09-28T14:49:15.5894294Z --- rc=77 findings=UNKNOWN · /home/runner/work/UX-design/UX-design/knowledge/_probe_registry/probe_input_trim_enactment.py --check
2026-09-28T14:49:15.5894733Z 
2026-09-28T14:49:15.5894911Z === P-7 · container self-query scan [sandbox]
2026-09-28T14:49:15.5895405Z   OK  knowledge/snippets/Action-bar.reference.html         containers=1  @container-targets=5   FAIL=0 WARN=0
2026-09-28T14:49:15.5896073Z   OK  knowledge/snippets/App-shell-doormat.reference.html  containers=2  @container-targets=10  FAIL=0 WARN=0
2026-09-28T14:49:15.5896743Z   OK  knowledge/snippets/App-shell-focused.reference.html  containers=1  @container-targets=12  FAIL=0 WARN=0
2026-09-28T14:49:15.5897428Z   OK  ledge/snippets/App-shell-multi-column.reference.html containers=1  @container-targets=8   FAIL=0 WARN=0
2026-09-28T14:49:15.5898512Z   OK  knowledge/snippets/App-shell-nav-rail.reference.html containers=1  @container-targets=20  FAIL=0 WARN=0
2026-09-28T14:49:15.5899200Z   OK  knowledge/snippets/App-shell-side-nav.reference.html containers=1  @container-targets=18  FAIL=0 WARN=0
2026-09-28T14:49:15.5899859Z   OK  knowledge/snippets/App-shell-split.reference.html    containers=1  @container-targets=19  FAIL=0 WARN=0
2026-09-28T14:49:15.5900522Z   OK  knowledge/snippets/App-shell-top-nav.reference.html  containers=1  @container-targets=18  FAIL=0 WARN=0
2026-09-28T14:49:15.5901165Z   OK  knowledge/snippets/Banner.reference.html             containers=1  @container-targets=2   FAIL=0 WARN=0
2026-09-28T14:49:15.5901779Z   OK  knowledge/snippets/Button.reference.html             containers=1  @container-targets=4   FAIL=0 WARN=0
2026-09-28T14:49:15.5902401Z   OK  knowledge/snippets/CTA-lockup.reference.html         containers=1  @container-targets=4   FAIL=0 WARN=0
2026-09-28T14:49:15.5903305Z   OK  knowledge/snippets/Card-header-lockup.reference.html containers=1  @container-targets=2   FAIL=0 WARN=0
2026-09-28T14:49:15.5904074Z   OK  knowledge/snippets/Cards.reference.html              containers=1  @container-targets=2   FAIL=0 WARN=0
2026-09-28T14:49:15.5904686Z   OK  knowledge/snippets/Cascader.reference.html           containers=1  @container-targets=4   FAIL=0 WARN=0
2026-09-28T14:49:15.5905332Z   OK  knowledge/snippets/Document-row.reference.html       containers=1  @container-targets=2   FAIL=0 WARN=0
2026-09-28T14:49:15.5906005Z   OK  nowledge/snippets/Feature-grid-lockup.reference.html containers=2  @container-targets=3   FAIL=0 WARN=0
2026-09-28T14:49:15.5906719Z   OK  knowledge/snippets/Filter-toolbar-bar.reference.html containers=2  @container-targets=14  FAIL=0 WARN=0
2026-09-28T14:49:15.5907419Z   OK  wledge/snippets/Footer-doormat-lockup.reference.html containers=2  @container-targets=3   FAIL=0 WARN=0
2026-09-28T14:49:15.5908074Z   OK  knowledge/snippets/Footer.reference.html             containers=1  @container-targets=6   FAIL=0 WARN=0
2026-09-28T14:49:15.5908710Z   OK  knowledge/snippets/Hero-variants.reference.html      containers=1  @container-targets=2   FAIL=0 WARN=0
2026-09-28T14:49:15.5909378Z   OK  knowledge/snippets/Layout-utilities.reference.html   containers=1  @container-targets=1   FAIL=0 WARN=0
2026-09-28T14:49:15.5910020Z   OK  knowledge/snippets/Links.reference.html              containers=1  @container-targets=2   FAIL=0 WARN=0
2026-09-28T14:49:15.5910650Z   OK  knowledge/snippets/List-items.reference.html         containers=1  @container-targets=0   FAIL=0 WARN=0
2026-09-28T14:49:15.5911311Z   OK  knowledge/snippets/Notifications.reference.html      containers=1  @container-targets=2   FAIL=0 WARN=0
2026-09-28T14:49:15.5911985Z   OK  knowledge/snippets/Page-header-lockup.reference.html containers=1  @container-targets=2   FAIL=0 WARN=0
2026-09-28T14:49:15.5912784Z   OK  knowledge/snippets/Progress-tracker.reference.html   containers=1  @container-targets=4   FAIL=0 WARN=0
2026-09-28T14:49:15.5913477Z   OK  knowledge/snippets/Selection-controls.reference.html containers=1  @container-targets=4   FAIL=0 WARN=0
2026-09-28T14:49:15.5914172Z   OK  e/snippets/Standing-order-mandate-row.reference.html containers=1  @container-targets=4   FAIL=0 WARN=0
2026-09-28T14:49:15.5914853Z   OK  knowledge/snippets/Status-indicator.reference.html   containers=1  @container-targets=2   FAIL=0 WARN=0
2026-09-28T14:49:15.5915510Z   OK  knowledge/snippets/Stepper.reference.html            containers=1  @container-targets=4   FAIL=0 WARN=0
2026-09-28T14:49:15.5916126Z   OK  knowledge/snippets/Table.reference.html              containers=1  @container-targets=20  FAIL=0 WARN=0
2026-09-28T14:49:15.5916732Z   OK  knowledge/snippets/Tags.reference.html               containers=1  @container-targets=2   FAIL=0 WARN=0
2026-09-28T14:49:15.5917353Z   OK  knowledge/snippets/Template-auth.reference.html      containers=1  @container-targets=4   FAIL=0 WARN=0
2026-09-28T14:49:15.5918099Z   OK  wledge/snippets/Template-confirmation.reference.html containers=1  @container-targets=1   FAIL=0 WARN=0
2026-09-28T14:49:15.5918783Z   OK  owledge/snippets/Template-create-edit.reference.html containers=1  @container-targets=7   FAIL=0 WARN=0
2026-09-28T14:49:15.5919473Z   OK  dge/snippets/Template-dashboard-bento.reference.html containers=2  @container-targets=10  FAIL=0 WARN=0
2026-09-28T14:49:15.5920154Z   OK  knowledge/snippets/Template-dashboard.reference.html containers=1  @container-targets=1   FAIL=0 WARN=0
2026-09-28T14:49:15.5920825Z   OK  knowledge/snippets/Template-detail.reference.html    containers=2  @container-targets=6   FAIL=0 WARN=0
2026-09-28T14:49:15.5921481Z   OK  knowledge/snippets/Template-empty.reference.html     containers=1  @container-targets=1   FAIL=0 WARN=0
2026-09-28T14:49:15.5922138Z   OK  knowledge/snippets/Template-error.reference.html     containers=1  @container-targets=1   FAIL=0 WARN=0
2026-09-28T14:49:15.5922956Z   OK  nowledge/snippets/Template-list-index.reference.html containers=1  @container-targets=3   FAIL=0 WARN=0
2026-09-28T14:49:15.5923627Z   OK  knowledge/snippets/Template-report.reference.html    containers=1  @container-targets=1   FAIL=0 WARN=0
2026-09-28T14:49:15.5924374Z   OK  knowledge/snippets/Template-settings.reference.html  containers=2  @container-targets=3   FAIL=0 WARN=0
2026-09-28T14:49:15.5925036Z   OK  knowledge/snippets/Template-wizard.reference.html    containers=1  @container-targets=11  FAIL=0 WARN=0
2026-09-28T14:49:15.5925677Z   OK  knowledge/snippets/Timeline.reference.html           containers=1  @container-targets=0   FAIL=0 WARN=0
2026-09-28T14:49:15.5926323Z   OK  knowledge/snippets/Transaction-row.reference.html    containers=1  @container-targets=6   FAIL=0 WARN=0
2026-09-28T14:49:15.5926979Z   OK  knowledge/snippets/Transfer-list.reference.html      containers=1  @container-targets=2   FAIL=0 WARN=0
2026-09-28T14:49:15.5927782Z P-7 container self-query scan: 137 file(s) over ['knowledge/snippets/*.reference.html'] · 0 finding(s) · 0 WARN-tier
2026-09-28T14:49:15.5928300Z PROBE P-7 — findings=0
2026-09-28T14:49:15.5928875Z --- rc=0 findings=0 · /home/runner/work/UX-design/UX-design/knowledge/_probe_registry/probe_container_self_query.py --check
2026-09-28T14:49:15.5929324Z 
2026-09-28T14:49:15.5929523Z === P-8 · dangling-var TEXT scan (no browser) [sandbox]
2026-09-28T14:49:15.5930170Z P-8 dangling-var TEXT scan: 137 file(s) over ['knowledge/snippets/*.reference.html'] · 0 finding(s) in 0 file(s) · by kind {}
2026-09-28T14:49:15.5930706Z PROBE P-8 — findings=0
2026-09-28T14:49:15.5931389Z --- rc=0 findings=0 · /home/runner/work/UX-design/UX-design/knowledge/_probe_registry/probe_dangling_var_text.py --check
2026-09-28T14:49:15.5931785Z 
2026-09-28T14:49:15.5931924Z ==============================================================================
2026-09-28T14:49:15.5932250Z REGISTRY RUN SUMMARY (8 probe(s))
2026-09-28T14:49:15.5932528Z id     env             rc    findings  class
2026-09-28T14:49:15.5933120Z P-1    sandbox         0     0         meta vs meta.schema.json drift
2026-09-28T14:49:15.5933548Z P-2    sandbox         0     0         duplicate id + unresolved IDREF in review pages
2026-09-28T14:49:15.5934059Z P-3    sandbox-render  77    REFUSED   dangling var renders silent black (dataviz)
2026-09-28T14:49:15.5934535Z P-4    sandbox         1     150       premise vs store disagreement (stale carried state)
2026-09-28T14:49:15.5934990Z P-5    sandbox         0     0         stale carried figure vs live measurement
2026-09-28T14:49:15.5935620Z P-6    sandbox-render  77    REFUSED   browser begins ENACTING text-box-trim inside form controls (library-wide field shift, no commit)
2026-09-28T14:49:15.5936273Z P-7    sandbox         0     0         @container rule aimed at its own container (the rule can never fire)
2026-09-28T14:49:15.5936967Z P-8    sandbox         0     0         dangling var(--x) — the property is declared nowhere reachable in the file (TEXT tier)
2026-09-28T14:49:15.5937574Z ⚠ 1 probe(s) reported findings, an UNKNOWN count, or a non-zero rc.
2026-09-28T14:49:15.5937819Z 
2026-09-28T14:49:15.5938134Z ⛔ COULD-NOT-ASK (2) — these probes did NOT run, and this run says NOTHING about their class.
2026-09-28T14:49:15.5938754Z    They do not fail this run; they also do not pass. Each line is the probe's OWN reason:
2026-09-28T14:49:15.5939266Z    [P-3] dangling var renders silent black (dataviz)
2026-09-28T14:49:15.5940512Z        COULD-NOT-ASK: P-3 dangling-var PIXEL test — NOT-IN-THIS-ENVIRONMENT: playwright is not importable. Stage it per knowledge/_RUNBOOK-render-verify.md (PYTHONPATH=/var/tmp/pylibs). REFUSED — not a pass.
2026-09-28T14:49:15.5941557Z    [P-6] browser begins ENACTING text-box-trim inside form controls (library-wide field shift, no commit)
2026-09-28T14:49:15.5942888Z        COULD-NOT-ASK: P-6 text-box-trim enactment canary — NOT-IN-THIS-ENVIRONMENT: playwright is not importable. Stage it per knowledge/_RUNBOOK-render-verify.md (PYTHONPATH=/var/tmp/pylibs-<n>). REFUSED — not a pass.
2026-09-28T14:49:15.5944310Z ⛔ A green registry run proves THE PROBES RAN, not that the tree is clean. Each probe's `blind` field says what it cannot see; the verifier brief keeps free hunting mandatory for exactly that reason.
2026-09-28T14:49:47.0561281Z evidence linter: 336 row(s) from 10 file(s) · 297 mechanical
2026-09-28T14:49:47.0563740Z   ⛔ L1-1 — DEAD POINTER: evidence names `tokens/_blast-radius.json`, which does not exist on disk — a dead pointer reads as evidence. If the ABSENCE is the claim, write `absent:tokens/_blast-radius.json`; if the file lives outside the repo, use the ruled s191-D2 marker `(NON-REPO: <where>)`
2026-09-28T14:49:47.0566117Z   ⛔ L1-4 — s182-D1: MECHANICAL row (tag=PROVEN verdict=None) carries NO probeable token — no command, no existing path, no figure. Evidence: "The verbatim gate line in L1-3. ⛔ Do not quote the brief's numbers"
2026-09-28T14:49:47.0568317Z   ⛔ L1-1 — DEAD POINTER: evidence names `tokens/_blast-radius.json`, which does not exist on disk — a dead pointer reads as evidence. If the ABSENCE is the claim, write `absent:tokens/_blast-radius.json`; if the file lives outside the repo, use the ruled s191-D2 marker `(NON-REPO: <where>)`
2026-09-28T14:49:47.0570816Z   ⛔ C-2 — s182-D1: MECHANICAL row (tag=None verdict=CONFIRMED) carries NO probeable token — no command, no existing path, no figure. Evidence: 'The claim table only counted `PROPOSED` in the snippets. The brief (step 3) requires it in'
2026-09-28T14:49:47.0573456Z   ⛔ H-5 — s182-D1: MECHANICAL row (tag=None verdict=CONFIRMED) carries NO probeable token — no command, no existing path, no figure. Evidence: 'C-6 + L1-10: the six are absent from canon, the generators exist, the reconciliation is av'
2026-09-28T14:49:47.0576714Z   ⛔ W2-13 — DEAD POINTER (truncated): evidence names `notes/x.md…`, and NO path on disk starts with it — the trailing ellipsis does not make a dead pointer legal (#208 laundering hole). Write the full path, or `absent:notes/x.md` if the ABSENCE is the claim, or add the ruled `(NON-REPO: <where>)` marker
2026-09-28T14:49:47.0578923Z ── s182-D1 LINT: 6 failure(s)
2026-09-28T14:49:47.0580560Z ── SAMPLER · seed=205 · pool=230 row(s) with a command · 15 with a declared observation (always drawn) · drawn=20: G-c, W1-5, W2-3, W2-3, W46-11, WIRE-10, WIRE-11, WIRE-13, WIRE-14, WIRE-15, WIRE-18, WIRE-19, WIRE-20, WIRE-21, WIRE-3, WIRE-4, WIRE-5, WIRE-6, WIRE-8, WIRE-9
2026-09-28T14:49:47.0582532Z   ⛔ REFUSED [UNSAFE] G-c — `python3 -c "import _gate_doc_rows as g; g.unrowed(store, pop + [('2026-08-19','notes/_briefs/2026-08`
2026-09-28T14:49:47.0583591Z       `python3 -c` runs arbitrary code — cannot be judged read-only
2026-09-28T14:49:47.0584591Z   ⛔ REFUSED [DOES-NOT-TERMINATE] W1-5 — `python3 knowledge/_capture_gate.py --selftest` did not exit within 30s
2026-09-28T14:49:47.0585717Z   ⛔ REFUSED [SIDE-EFFECTS] W2-3 — `python3 knowledge/_state.py`
2026-09-28T14:49:47.0586821Z       a bare `python3` REWRITES its tracked audit output; #204 declared this exact stop. Only --check/--selftest/--dry-run forms are sampled
2026-09-28T14:49:47.0587948Z   ⛔ REFUSED [SIDE-EFFECTS] W2-3 — `python3 knowledge/_state.py`
2026-09-28T14:49:47.0588958Z       a bare `python3` REWRITES its tracked audit output; #204 declared this exact stop. Only --check/--selftest/--dry-run forms are sampled
2026-09-28T14:49:47.0590195Z   ⛔ REFUSED [SIDE-EFFECTS] W46-11 — `python3 knowledge/_memento_search.py "brief generator mint open items fences"`
2026-09-28T14:49:47.0591330Z       a bare `python3` REWRITES its tracked audit output; #204 declared this exact stop. Only --check/--selftest/--dry-run forms are sampled
2026-09-28T14:49:47.0592367Z   ⛔ REFUSED [UNSAFE] WIRE-10 — `bash knowledge/_git_commit.sh --selftest`
2026-09-28T14:49:47.0593145Z       head verb 'bash' is not on the read-only allowlist
2026-09-28T14:49:47.0593983Z   ✅ RAN WIRE-11 — `grep -c 'pat.match(s)' knowledge/_git_commit.sh` → rc=0 (matches declared + OBSERVATION)
2026-09-28T14:49:47.0594997Z   ✅ RAN WIRE-13 — `grep -c PREFIX_ACK knowledge/_git_commit.sh` → rc=0 (matches declared + OBSERVATION)
2026-09-28T14:49:47.0595960Z   ⛔ OBSERVATION MISMATCH WIRE-14 — `python3 knowledge/_build_all.py --selftest`
2026-09-28T14:49:47.0598041Z       stdout does NOT contain 'exact-ID failure routing over 127 steps' (declared expect_stdout_contains). First 120 chars of stdout: '  selftest (a): 154 registered step ID(s), each resolves to exactly one route ✓\n  selftest (b): unknown step ID refuses,'
2026-09-28T14:49:47.0600162Z   ✅ RAN WIRE-15 — `python3 knowledge/_probe_registry/_registry.py --run --probe P-3` → rc=77 (matches declared + OBSERVATION)
2026-09-28T14:49:47.0601297Z   ⛔ REFUSED [SIDE-EFFECTS] WIRE-18 — `python3 knowledge/_validate_evidence.py notes/_claims`
2026-09-28T14:49:47.0602405Z       a bare `python3` REWRITES its tracked audit output; #204 declared this exact stop. Only --check/--selftest/--dry-run forms are sampled
2026-09-28T14:49:47.0604225Z   ⛔ REFUSED [SIDE-EFFECTS] WIRE-19 — `python3 knowledge/_join_claim_tables.py notes/_claims/208-wave1-claims.jsonl notes/_claims/208-wave2`
2026-09-28T14:49:47.0605703Z       a bare `python3` REWRITES its tracked audit output; #204 declared this exact stop. Only --check/--selftest/--dry-run forms are sampled
2026-09-28T14:49:47.0606969Z   ⛔ RC MISMATCH WIRE-20 — `python3 knowledge/_governs.py --selftest` → rc=77, row declares rc=0
2026-09-28T14:49:47.0607901Z   ⛔ OBSERVATION MISMATCH WIRE-21 — `grep -c 'fetch-depth: 0' .github/workflows/gates.yml`
2026-09-28T14:49:47.0608709Z       expect_count=3 declared, command observed 4
2026-09-28T14:49:47.0609632Z   ✅ RAN WIRE-3 — `grep -c expect_stdout_contains knowledge/_claimtable.py` → rc=0 (matches declared + OBSERVATION)
2026-09-28T14:49:47.0610972Z   ✅ RAN WIRE-4 — `python3 knowledge/_validate_evidence.py --selftest` → rc=0 (matches declared + OBSERVATION)
2026-09-28T14:49:47.0612224Z   ✅ RAN WIRE-5 — `python3 knowledge/_validate_evidence.py --selftest` → rc=0 (matches declared + OBSERVATION)
2026-09-28T14:49:47.0613427Z   ✅ RAN WIRE-6 — `python3 knowledge/_validate_evidence.py --selftest` → rc=0 (matches declared + OBSERVATION)
2026-09-28T14:49:47.0614750Z   ✅ RAN WIRE-8 — `python3 knowledge/_validate_evidence.py --selftest` → rc=0 (matches declared + OBSERVATION)
2026-09-28T14:49:47.0616025Z   ⛔ REFUSED [SIDE-EFFECTS] WIRE-9 — `python3 knowledge/_validate_evidence.py notes/_claims/208-wave1-claims.jsonl notes/_claims/208-wave2`
2026-09-28T14:49:47.0617332Z       a bare `python3` REWRITES its tracked audit output; #204 declared this exact stop. Only --check/--selftest/--dry-run forms are sampled
2026-09-28T14:49:47.0618694Z ── DECLARED GAP: 9 of 20 sampled row(s) were NOT run. Refusal is the honest answer; none of them is counted as a pass.
2026-09-28T14:49:47.0619693Z ⛔ EVIDENCE GATE FAIL — 6 lint · 0 unparsed · 3 rc/observation mismatch
2026-09-28T14:49:47.0632525Z 
2026-09-28T14:49:47.0632536Z 
2026-09-28T14:49:47.0633717Z === [75/154] type-composites ratchet — tier (b), debt 1101 shrink-only (Dave #119) — _validate_type_composites.py ===
2026-09-28T14:49:47.0634340Z 
2026-09-28T14:49:47.0634660Z === [76/154] type-composites selftest — _validate_type_composites.py ===
2026-09-28T14:49:47.0634927Z 
2026-09-28T14:49:47.0635120Z === [77/154] coverage gate — _validate_coverage.py ===
2026-09-28T14:49:47.0635335Z 
2026-09-28T14:49:47.0635576Z === [78/154] pro-forma universal gate — _validate_proforma.py ===
2026-09-28T14:49:47.0635814Z 
2026-09-28T14:49:47.0636116Z === [79/154] pro-forma CSS-governed motion gate (DEF-003) — _validate_css_governed.py ===
2026-09-28T14:49:47.0636432Z 
2026-09-28T14:49:47.0636711Z === [80/154] pro-forma no-hardcode styling gate (DEF-004) — _validate_no_hardcode.py ===
2026-09-28T14:49:47.0637018Z 
2026-09-28T14:49:47.0637212Z === [81/154] 4px-grid gate (DEF-005) — _validate_grid.py ===
2026-09-28T14:49:47.0637438Z 
2026-09-28T14:49:47.0637763Z === [82/154] type-binding blast-radius gate (canon/type.css) — _validate_type_blast_radius.py ===
2026-09-28T14:49:47.0638090Z 
2026-09-28T14:49:47.0638477Z === [83/154] descender-clip gate (ds-005) — truncating labels stay descender-safe — _validate_descender_clip.py ===
2026-09-28T14:49:47.0638868Z 
2026-09-28T14:49:47.0639167Z === [84/154] KG edge parse-gate + s135-D4 resolutions-consumed check — _validate_kg.py ===
2026-09-28T14:49:47.0639473Z 
2026-09-28T14:49:47.0639924Z === [85/154] KG edge gate selftest (6 bites) — _validate_kg.py ===
2026-09-28T14:49:47.0640166Z 
2026-09-28T14:49:47.0640604Z === [86/154] KG token-group generator drift check — _token_nodes.json vs the metas (s277-D12, wired #304 W5c) — gen_kg_tokens.py ===
2026-09-28T14:49:47.0641018Z 
2026-09-28T14:49:47.0641301Z === [87/154] KG token-group generator selftest — 8 bites (s277-D12) — gen_kg_tokens.py ===
2026-09-28T14:49:47.0641610Z 
2026-09-28T14:49:47.0641990Z === [88/154] KG node-title generator drift check — _node_titles.json vs the records (#304 W5c) — gen_kg_titles.py ===
2026-09-28T14:49:47.0642352Z 
2026-09-28T14:49:47.0643047Z ❌ KG node titles are STALE (exit 1) — a ruling or rule text moved under _node_titles.json (an inscription adds one). Run: python3 knowledge/gen_kg_titles.py --write
2026-09-28T14:49:47.0643582Z 
2026-09-28T14:49:47.0643918Z === [89/154] KG node-title generator selftest — 15 bites (#304 W5c; +3 #305 B2) — gen_kg_titles.py ===
2026-09-28T14:49:47.0644253Z 
2026-09-28T14:49:47.0644525Z === [90/154] KG sources generator in sync — s305-D26 step 5 — gen_kg_sources.py ===
2026-09-28T14:49:47.0644809Z 
2026-09-28T14:49:47.0645082Z === [91/154] KG sources generator selftest — 9 bites (s305-D26) — gen_kg_sources.py ===
2026-09-28T14:49:47.0645374Z 
2026-09-28T14:49:47.0645750Z === [92/154] Token fork-ban gate — undeclared same-scope forks (s136-D1 lane, #139) — _validate_token_forks.py ===
2026-09-28T14:49:47.0646109Z 
2026-09-28T14:49:47.0646377Z === [93/154] Token fork-ban selftest (2-direction) — _validate_token_forks.py ===
2026-09-28T14:49:47.0646647Z 
2026-09-28T14:49:47.0647007Z === [94/154] binds shrink-only ratchet (s136-D1 axis A; built #141, wired #146) — _validate_binds_ratchet.py ===
2026-09-28T14:49:47.0647487Z 
2026-09-28T14:49:47.0647820Z === [95/154] DTCG spine conformance gate (s141-D1 axis A; built #141, wired #146) — _validate_dtcg.py ===
2026-09-28T14:49:47.0648156Z 
2026-09-28T14:49:47.0648578Z === [96/154] binds-resolve gate — manifest presence + address→store resolution (#146) — _validate_binds_resolve.py ===
2026-09-28T14:49:47.0648966Z 
2026-09-28T14:49:47.0649318Z === [97/154] binds-resolve selftest — 5 bites incl. any-store clause (#146) — _validate_binds_resolve.py ===
2026-09-28T14:49:47.0649659Z 
2026-09-28T14:49:47.0650113Z === [98/154] chart-intent resolve gate — meta intent address → chart-intents.json (BLOCKING s195-D1) — _validate_intent_resolve.py ===
2026-09-28T14:49:47.0650542Z 
2026-09-28T14:49:47.0650945Z === [99/154] chart-intent resolve selftest — 4 bites incl. list case + absent store (s195-D1) — _validate_intent_resolve.py ===
2026-09-28T14:49:47.0651346Z 
2026-09-28T14:49:47.0651853Z === [100/154] roles/answers resolve gate — meta provides/answers/not-with address → roles.json + chart-intents.json (#253) — _validate_roles_resolve.py ===
2026-09-28T14:49:47.0652356Z 
2026-09-28T14:49:47.0653157Z === [101/154] roles/answers resolve selftest — 15 bites incl. in-role priority ties, absent store, shape-known and when-fields-known (#253/#254) — _validate_roles_resolve.py ===
2026-09-28T14:49:47.0653723Z 
2026-09-28T14:49:47.0654055Z === [102/154] DataViz chart gate (semantic SVG + tokens + table spine) — _validate_dataviz.py ===
2026-09-28T14:49:47.0654375Z 
2026-09-28T14:49:47.0654749Z === [103/154] DataViz gate selftest — bite-tests dv-004 + the dtype vocabulary (ds-014) — _validate_dataviz.py ===
2026-09-28T14:49:47.0655114Z 
2026-09-28T14:49:47.0655567Z === [104/154] property-resolves gate C2 — silent-lookup class (BLOCKING, ds-018, promoted s121-D1) — _validate_property_resolves.py ===
2026-09-28T14:49:47.0656009Z 
2026-09-28T14:49:47.0656380Z === [105/154] property-resolves gate C2 selftest — 4 bites + a bite-the-bite — _validate_property_resolves.py ===
2026-09-28T14:49:47.0656760Z 
2026-09-28T14:49:47.0657219Z === [106/154] dataviz var-resolution gate — markup fill/stroke var() per theme (BLOCKING s191-D3, ds-0NN #184) — _gate_dataviz_vars.py ===
2026-09-28T14:49:47.0657652Z 
2026-09-28T14:49:47.0658171Z === [107/154] dataviz var-resolution gate selftest — 8 arms incl. alias chain + missing target (ds-0NN) — _gate_dataviz_vars.py ===
2026-09-28T14:49:47.0658575Z 
2026-09-28T14:49:47.0659027Z === [108/154] minted-token consumption inventory — declared-but-never-read (ADVISORY, built #219) — _gate_minted_consumption.py ===
2026-09-28T14:49:47.0659465Z 
2026-09-28T14:49:47.0659881Z === [109/154] minted-consumption selftest — 10 arms incl. both false-positive mutants (#219) — _gate_minted_consumption.py ===
2026-09-28T14:49:47.0660292Z 
2026-09-28T14:49:47.0660705Z === [110/154] hidden-attr vs author-display sweep — painted while hidden (ADVISORY, built #219) — _validate_hidden_display.py ===
2026-09-28T14:49:47.0661116Z 
2026-09-28T14:49:47.0661506Z === [111/154] hidden-attr display selftest — 16 bites incl. the real #218 mutant (#219) — _validate_hidden_display.py ===
2026-09-28T14:49:47.0661886Z 
2026-09-28T14:49:47.0662239Z === [112/154] reverse-text edge-extremity check {#col26-020} (advisory) — _validate_edge_extremity.py ===
2026-09-28T14:49:47.0662581Z 
2026-09-28T14:49:47.0663180Z === [113/154] compliance verification edges — applies_to vs verified_by (advisory) — compliance/_build_verification_edges.py ===
2026-09-28T14:49:47.0663597Z 
2026-09-28T14:49:47.0663972Z === [114/154] external automatable-check refs — axe-core import (advisory) — compliance/_import_axe_rules.py ===
2026-09-28T14:49:47.0664347Z 
2026-09-28T14:49:47.0664628Z === [115/154] consult index — problem-domain query surface — _build_consult_index.py ===
2026-09-28T14:49:47.0664932Z 
2026-09-28T14:49:47.0665152Z === [116/154] consult tool selftest (advisory) — _consult.py ===
2026-09-28T14:49:47.0665382Z 
2026-09-28T14:49:47.0665719Z === [117/154] search core selftest — two-stage engine + receipt format (O2′ #25) — _search_core.py ===
2026-09-28T14:49:47.0666143Z 
2026-09-28T14:49:47.0666454Z === [118/154] memento index — the Memento door's corpus (O2′ #25) — _build_memento_index.py ===
2026-09-28T14:49:47.0666769Z 
2026-09-28T14:49:47.0667052Z === [119/154] memento index determinism check (O2′ #25) — _build_memento_index.py ===
2026-09-28T14:49:47.0667344Z 
2026-09-28T14:49:47.0667699Z === [120/154] memento index selftest — contract refusals + determinism (O2′ #25) — _build_memento_index.py ===
2026-09-28T14:49:47.0668058Z 
2026-09-28T14:49:47.0668428Z === [121/154] memento search selftest — known-answer retrieval + fetch refusal (O2′ #25) — _memento_search.py ===
2026-09-28T14:49:47.0668787Z 
2026-09-28T14:49:47.0669187Z === [122/154] graph mention map — the decision-graph/memento-index join (#115 step 0) — _build_graph_mention_map.py ===
2026-09-28T14:49:47.0669572Z 
2026-09-28T14:49:47.0669890Z === [123/154] graph mention map determinism check (#115 step 0) — _build_graph_mention_map.py ===
2026-09-28T14:49:47.0670230Z 
2026-09-28T14:49:47.0670583Z === [124/154] graph mention map selftest — hit/miss/refusal bites (#115 step 0) — _build_graph_mention_map.py ===
2026-09-28T14:49:47.0670942Z 
2026-09-28T14:49:47.0671215Z === [125/154] read chain file — _CHAIN.md, the cold-start door (#41) — _gen_chain.py ===
2026-09-28T14:49:47.0671520Z 
2026-09-28T14:49:47.0671909Z === [126/154] read chain determinism check — stale _CHAIN.md serves a PREVIOUS session's record (#41) — _gen_chain.py ===
2026-09-28T14:49:47.0672283Z 
2026-09-28T14:49:47.0672628Z === [127/154] read chain selftest — verbatim terms + the CUT + refusal on a blank GM (#41) — _gen_chain.py ===
2026-09-28T14:49:47.0673112Z 
2026-09-28T14:49:47.0673524Z === [128/154] GM size stamp check — a TYPED `size:` figure / drift past the gate's tolerance (s294-D8) — _gen_size_stamp.py ===
2026-09-28T14:49:47.0673913Z 
2026-09-28T14:49:47.0674535Z === [129/154] GM size stamp selftest — the fixed point, the 2-cycle refusal, the ESTIMATE-tier refusal and the gate's own regex parsing what this writes (s294-D8) — _gen_size_stamp.py ===
2026-09-28T14:49:47.0675121Z 
2026-09-28T14:49:47.0675509Z === [130/154] memento schematic — the six subsystems, generated from the file inventory (#127) — _gen_schematic.py ===
2026-09-28T14:49:47.0675897Z 
2026-09-28T14:49:47.0676388Z === [131/154] memento schematic determinism check — a stale diagram publishes a PREVIOUS tree (#127) — _gen_schematic.py ===
2026-09-28T14:49:47.0676778Z 
2026-09-28T14:49:47.0677189Z === [132/154] memento schematic selftest — figure provenance, caption geometry, self-recheck (#127) — _gen_schematic.py ===
2026-09-28T14:49:47.0677584Z 
2026-09-28T14:49:47.0677939Z === [133/154] memento-package delta-audit — #64 boundary enforcement (#79) — _validate_package_delta.py ===
2026-09-28T14:49:47.0678291Z 
2026-09-28T14:49:47.0678681Z === [134/154] memento-package delta-audit selftest — mutation-tested, all 4 arms (#79) — _validate_package_delta.py ===
2026-09-28T14:49:47.0679076Z 
2026-09-28T14:49:47.0679440Z === [135/154] enactment register — is each ruling IN FORCE? (advisory, ADR-0016) — _build_enactment_register.py ===
2026-09-28T14:49:47.0679822Z 
2026-09-28T14:49:47.0680112Z === [136/154] instrument-fit selftest (advisory, ds-015) — _build_instrument_fit.py ===
2026-09-28T14:49:47.0680408Z 
2026-09-28T14:49:47.0680771Z === [137/154] instrument fit — can the gate SEE the property? (advisory, ds-015) — _build_instrument_fit.py ===
2026-09-28T14:49:47.0681114Z 
2026-09-28T14:49:47.0681326Z === [138/154] integrity lint (gate) — _build_integrity.py ===
2026-09-28T14:49:47.0681557Z 
2026-09-28T14:49:47.0681936Z === [139/154] could-not-ask convention selftest (#193 — the third verdict's exit code + marker) — _could_not_ask.py ===
2026-09-28T14:49:47.0682324Z 
2026-09-28T14:49:47.0682885Z === [140/154] probe registry — every historically-found defect class, re-driven (W-45, advisory) — _probe_registry/_registry.py ===
2026-09-28T14:49:47.0683358Z 
2026-09-28T14:49:47.0683851Z ⚠ advisory step 'probe registry — every historically-found defect class, re-driven (W-45, advisory)' reported findings (exit 1) — non-gating
2026-09-28T14:49:47.0684475Z 
2026-09-28T14:49:47.0684900Z === [141/154] claim-table evidence linter — s182-D1 tokens + expected observations (W-44, advisory) — _validate_evidence.py ===
2026-09-28T14:49:47.0685327Z 
2026-09-28T14:49:47.0685812Z ⚠ advisory step 'claim-table evidence linter — s182-D1 tokens + expected observations (W-44, advisory)' reported findings (exit 1) — non-gating
2026-09-28T14:49:47.0686268Z 
2026-09-28T14:49:48.0558773Z === [142/154] governs matcher selftest — the [12]/[13] trigger-index arm, named (#208 legibility) — _governs.py ===_governs: ⬛ DECLARED (#208) — ruling s202-D3 governs the BARE token `knowledge`, which is a real DIRECTORY. Before #208 it matched every path carrying a `knowledge` segment (the too-loose arm, and the reason the negative control and [13] were red); it now governs NOTHING. REACH LOST HERE. Remedy: name the files/symbols it really governs, via `_inscribe_ruling.py` — the only legal writer of _rulings.json. ⛔ That scope is Dave's call, not this gate's.
2026-09-28T14:49:48.0564005Z _governs: ⬛ DECLARED (#208) — ruling s217-D5 governs the BARE token `showroom`, which is a real DIRECTORY. Before #208 it matched every path carrying a `showroom` segment (the too-loose arm, and the reason the negative control and [13] were red); it now governs NOTHING. REACH LOST HERE. Remedy: name the files/symbols it really governs, via `_inscribe_ruling.py` — the only legal writer of _rulings.json. ⛔ That scope is Dave's call, not this gate's.
2026-09-28T14:49:48.0569250Z _governs: ⬛ DECLARED (#208) — ruling s237-D9 governs the BARE token `apollo-spider`, which is a real DIRECTORY. Before #208 it matched every path carrying a `apollo-spider` segment (the too-loose arm, and the reason the negative control and [13] were red); it now governs NOTHING. REACH LOST HERE. Remedy: name the files/symbols it really governs, via `_inscribe_ruling.py` — the only legal writer of _rulings.json. ⛔ That scope is Dave's call, not this gate's.
2026-09-28T14:49:48.0574800Z _governs: ⬛ DECLARED (#208) — ruling s238-D5 governs the BARE token `apollo-spider`, which is a real DIRECTORY. Before #208 it matched every path carrying a `apollo-spider` segment (the too-loose arm, and the reason the negative control and [13] were red); it now governs NOTHING. REACH LOST HERE. Remedy: name the files/symbols it really governs, via `_inscribe_ruling.py` — the only legal writer of _rulings.json. ⛔ That scope is Dave's call, not this gate's.
2026-09-28T14:49:48.0594668Z _governs: ⬛ DECLARED (#208) — 89 `governs` entr(ies) name a DIRECTORY with a path separator; they governed no file BEFORE #208 and govern none after (unchanged, pre-existing under-specification, not a #208 narrowing): dv-2px-separation→knowledge/snippets, opacity-primitives→knowledge/canon, opacity-primitives→knowledge/snippets, showroom-one-bar-chrome→knowledge/snippets/, showroom-one-bar-chrome→showroom/, snippets-pure-canon→knowledge/snippets/, opacity-primitives-4pct→knowledge/, ds-028→knowledge/snippets/, ds-030→knowledge/snippets/, ds-034→knowledge/snippets/, ds-035→knowledge/tokens/themes/, s114-D4→designer-skills-v1/, s114-D4→designer-skills-v2/, s114-D7→memento-package/, s135-D3→knowledge/components/, s193-D1→memento-package/, s198-D1→knowledge/tokens, s198-D2→knowledge/tokens, s199-D1→knowledge/tokens, s199-D2→knowledge/tokens, s199-D3→knowledge/tokens, s200-D1→knowledge/tokens, s200-D2→knowledge/tokens, s200-D3→knowledge/tokens, s200-D4→knowledge/tokens, s201-D1→knowledge/tokens, s201-D2→knowledge/tokens, s201-D3→knowledge/tokens, s201-D4→knowledge/tokens, s201-D5→knowledge/tokens, s202-D1→knowledge/tokens, s202-D2→knowledge/tokens, s216-D1→knowledge/tokens/themes, s217-D2→knowledge/canon, s217-D2→knowledge/tokens/themes, s217-D3→knowledge/canon, s217-D5→knowledge/canon, s219-D4→designer-skills-v1/, s219-D4→designer-skills-v2/, s219-D4→memento-package/, s219-D5→knowledge/_release/, s219-D6→knowledge/_release/, s219-D7→knowledge/_release/, s219-D7→memento-package/, s219-D8→knowledge/_release/, s219-D9→knowledge/_release/, s219-D9→apollo-spider/, s219-D10→knowledge/_release/, s219-D10→apollo-spider/, s237-D7→notes/_briefs, s245-D1→knowledge/components/, s245-D3→knowledge/components/, s245-D4→knowledge/components/, s245-D5→knowledge/components/, s245-D10→knowledge/tokens, s251-D3→knowledge/components/, s251-D4→knowledge/components/, s251-D5→knowledge/components/, s251-D6→knowledge/components/, s251-D7→knowledge/components/, s251-D8→knowledge/components/, s251-D9→knowledge/components/, s251-D10→knowledge/components/, s251-D11→knowledge/components/, s251-D12→knowledge/components/, s260-D3→knowledge/_tests/chart-engine/, s261-D1→knowledge/snippets/, s261-D1→apollo-spider/, s261-D8→showroom/, s261-D8→reviews/, s268-D1→apollo-spider/dist/, s268-D2→apollo-spider/dist/, s268-D3→apollo-spider/dist/, s268-D4→apollo-spider/dist/, s268-D6→knowledge/components/, s273-D1→knowledge/components, s273-D2→knowledge/components, s276-D1→knowledge/compliance/rules, s276-D2→knowledge/compliance/rules, s277-D4→knowledge/assets/logos/, s277-D5→knowledge/components/, s277-D7→knowledge/assets/logos/, s277-D9→knowledge/guidelines/, s277-D10→designer-skills-v2/, s277-D12→knowledge/tokens/, s278-D1→designer-skills-v2/, s279-D1→designer-skills-v2/, s279-D1→knowledge/_release/, s282-D4→knowledge/assets/logos/
2026-09-28T14:49:48.0611716Z _governs: COULD-NOT-ASK — ruling ds-034's evidence `outputs/_FINDING-canon-pri-hover-brand-mono-fork-2026-08-06-v1.md` is excluded by this repo's own .gitignore — no checkout can hold it, so whether it has rotted is UNASKABLE here; the machine that wrote it is where that question has an answer
2026-09-28T14:49:48.0614842Z _governs: COULD-NOT-ASK — ruling ds-034's evidence `outputs/_PARTITION-button-primary-2026-08-06-v1.md` is excluded by this repo's own .gitignore — no checkout can hold it, so whether it has rotted is UNASKABLE here; the machine that wrote it is where that question has an answer
2026-09-28T14:49:48.0617486Z _governs: COULD-NOT-ASK — ruling ds-035's evidence `outputs/_FINDING-canon-pri-hover-brand-mono-fork-2026-08-06-v1.md` is excluded by this repo's own .gitignore — no checkout can hold it, so whether it has rotted is UNASKABLE here; the machine that wrote it is where that question has an answer
2026-09-28T14:49:48.0619380Z _governs: SKIPPED anchor on superseded ruling s129-D1 (superseded_by s171-D1): `knowledge/_gauge_tokens.py#BOOT_FIRSTTURN_TK = 54_859`
2026-09-28T14:49:48.0620505Z _governs: SKIPPED anchor on superseded ruling s129-D1 (superseded_by s171-D1): `knowledge/_gauge_tokens.py#RE-BASED #129, 2026-08-08`
2026-09-28T14:49:48.0621615Z _governs: SKIPPED anchor on superseded ruling s129-D1 (superseded_by s171-D1): `knowledge/_capture_gate.py#if "boot" not in ln.lower():`
2026-09-28T14:49:48.0622625Z _governs: SKIPPED anchor on superseded ruling s129-D1 (superseded_by s171-D1): `notes/_GAUGE-LOG.md##### 2026-08-08 #129`
2026-09-28T14:49:48.0623846Z _governs: SKIPPED anchor on superseded ruling s129-D1 (superseded_by s171-D1): `notes/_MEMENTO-DECISIONS.md#THE BOOT FLOOR IS RE-BASED: 75,899`
2026-09-28T14:49:48.0626066Z _governs: COULD-NOT-ASK — ruling s245-D6's evidence `knowledge/_tmp/l3-245/rename-plan.json` is excluded by this repo's own .gitignore — no checkout can hold it, so whether it has rotted is UNASKABLE here; the machine that wrote it is where that question has an answer
2026-09-28T14:49:48.0627674Z   _governs.py selftest: all bites green (4 pointer(s) UNASKABLE in this checkout)
2026-09-28T14:49:48.0633012Z COULD-NOT-ASK: _governs.py --selftest — 4 evidence pointer(s) name paths this checkout cannot hold: ruling ds-034's evidence `outputs/_FINDING-canon-pri-hover-brand-mono-fork-2026-08-06-v1.md` is excluded by this repo's own .gitignore — no checkout can hold it, so whether it has rotted is UNASKABLE here; the machine that wrote it is where that question has an answer · ruling ds-034's evidence `outputs/_PARTITION-button-primary-2026-08-06-v1.md` is excluded by this repo's own .gitignore — no checkout can hold it, so whether it has rotted is UNASKABLE here; the machine that wrote it is where that question has an answer · ruling ds-035's evidence `outputs/_FINDING-canon-pri-hover-brand-mono-fork-2026-08-06-v1.md` is excluded by this repo's own .gitignore — no checkout can hold it, so whether it has rotted is UNASKABLE here; the machine that wrote it is where that question has an answer · ruling s245-D6's evidence `knowledge/_tmp/l3-245/rename-plan.json` is excluded by this repo's own .gitignore — no checkout can hold it, so whether it has rotted is UNASKABLE here; the machine that wrote it is where that question has an answer
2026-09-28T14:49:48.1331232Z frozen-release gate — 3 release(s) at dcb76d815059
2026-09-28T14:49:48.1331887Z   designer-skills-v1   version v1          6 file(s)  b83d048483b7
2026-09-28T14:49:48.1332507Z   designer-skills-v2   version v2.1     1102 file(s)  ae920995c32e
2026-09-28T14:49:48.1333490Z   apollo-spider        version v1.0.14    14 file(s)  444c58d22a68
2026-09-28T14:49:48.1333742Z 
2026-09-28T14:49:48.1333983Z PASS — 3 arm(s) asked, no frozen surface moved.
2026-09-28T14:49:48.9775197Z selftest: 17 bites, 0 fail(s)
2026-09-28T14:49:50.0730867Z PASS — the manifest at knowledge/_release/_pack_manifest.json is byte-identical to a fresh generation at 0ef307460dcf (1781 files, sha256 a5b00c1450dc83c8)
2026-09-28T14:49:50.0731778Z 
2026-09-28T14:49:50.0732156Z PARKED DUE — 7 parked item(s) are due at release-cut — python3 knowledge/_parked.py --due release-cut
2026-09-28T14:49:51.3214395Z SKIPPED — apollo-spider/dist/Apollo-Spider-v1.0.0.zip is FROZEN HISTORY (not the manifest's v1.0.14); its integrity is _gate_frozen_release.py's jurisdiction, not this arm's
2026-09-28T14:49:51.3215796Z SKIPPED — apollo-spider/dist/Apollo-Spider-v1.0.1.zip is FROZEN HISTORY (not the manifest's v1.0.14); its integrity is _gate_frozen_release.py's jurisdiction, not this arm's
2026-09-28T14:49:51.3217384Z SKIPPED — apollo-spider/dist/Apollo-Spider-v1.0.10.zip is FROZEN HISTORY (not the manifest's v1.0.14); its integrity is _gate_frozen_release.py's jurisdiction, not this arm's
2026-09-28T14:49:51.3218978Z SKIPPED — apollo-spider/dist/Apollo-Spider-v1.0.11.zip is FROZEN HISTORY (not the manifest's v1.0.14); its integrity is _gate_frozen_release.py's jurisdiction, not this arm's
2026-09-28T14:49:51.3220244Z SKIPPED — apollo-spider/dist/Apollo-Spider-v1.0.12.zip is FROZEN HISTORY (not the manifest's v1.0.14); its integrity is _gate_frozen_release.py's jurisdiction, not this arm's
2026-09-28T14:49:51.3221449Z SKIPPED — apollo-spider/dist/Apollo-Spider-v1.0.13.zip is FROZEN HISTORY (not the manifest's v1.0.14); its integrity is _gate_frozen_release.py's jurisdiction, not this arm's
2026-09-28T14:49:51.3222428Z PASS — apollo-spider/dist/Apollo-Spider-v1.0.14.zip matches the manifest at 0ef307460dcf
2026-09-28T14:49:51.3223722Z SKIPPED — apollo-spider/dist/Apollo-Spider-v1.0.2.zip is FROZEN HISTORY (not the manifest's v1.0.14); its integrity is _gate_frozen_release.py's jurisdiction, not this arm's
2026-09-28T14:49:51.3224988Z SKIPPED — apollo-spider/dist/Apollo-Spider-v1.0.3.zip is FROZEN HISTORY (not the manifest's v1.0.14); its integrity is _gate_frozen_release.py's jurisdiction, not this arm's
2026-09-28T14:49:51.3226309Z SKIPPED — apollo-spider/dist/Apollo-Spider-v1.0.4.zip is FROZEN HISTORY (not the manifest's v1.0.14); its integrity is _gate_frozen_release.py's jurisdiction, not this arm's
2026-09-28T14:49:51.3227542Z SKIPPED — apollo-spider/dist/Apollo-Spider-v1.0.6.zip is FROZEN HISTORY (not the manifest's v1.0.14); its integrity is _gate_frozen_release.py's jurisdiction, not this arm's
2026-09-28T14:49:51.3228783Z SKIPPED — apollo-spider/dist/Apollo-Spider-v1.0.7.zip is FROZEN HISTORY (not the manifest's v1.0.14); its integrity is _gate_frozen_release.py's jurisdiction, not this arm's
2026-09-28T14:49:51.3230175Z SKIPPED — apollo-spider/dist/Apollo-Spider-v1.0.8.zip is FROZEN HISTORY (not the manifest's v1.0.14); its integrity is _gate_frozen_release.py's jurisdiction, not this arm's
2026-09-28T14:49:51.3231524Z SKIPPED — apollo-spider/dist/Apollo-Spider-v1.0.9.zip is FROZEN HISTORY (not the manifest's v1.0.14); its integrity is _gate_frozen_release.py's jurisdiction, not this arm's
2026-09-28T14:49:51.3234720Z ❌ the manifest reads version 'v1.0.14' and NO zip in dist/ carries it (zips present: Apollo-Spider-v1.0.0.zip, Apollo-Spider-v1.0.1.zip, Apollo-Spider-v1.0.10.zip, Apollo-Spider-v1.0.11.zip, Apollo-Spider-v1.0.12.zip, Apollo-Spider-v1.0.13.zip, Apollo-Spider-v1.0.2.zip, Apollo-Spider-v1.0.3.zip, Apollo-Spider-v1.0.4.zip, Apollo-Spider-v1.0.6.zip, Apollo-Spider-v1.0.7.zip, Apollo-Spider-v1.0.8.zip, Apollo-Spider-v1.0.9.zip) — the manifest names a release nobody baked.
2026-09-28T14:49:51.3236982Z ADVISORY — the manifest was generated at 0ef307460dcf; HEAD is dcb76d815059, 19 commit(s) later.
2026-09-28T14:49:51.3237635Z   A pack cut now would ship the tree as it stood at 0ef307460dcf. That may be exactly right.
2026-09-28T14:49:51.3238354Z   ⬛ WHETHER TO RE-CUT IS DAVE'S (s219-D4(2)): a release is explicit, versioned, his word.
2026-09-28T14:49:51.3239438Z   If he says re-cut: python3 knowledge/_release/_gen_pack_manifest.py --probe --commit <sha> && python3 knowledge/_release/_gen_pack_manifest.py --manifest --commit <sha>
2026-09-28T14:49:51.3240115Z selftest: 10 bites, 0 fail(s)
2026-09-28T14:49:51.3667613Z COULD-NOT-ASK: apollo-spider/ci-template/gates.yml — PyYAML is not importable in this environment, and this gate parses the template in YAML rather than guessing at it with string matching. Install it (pip install pyyaml) — the release job in .github/workflows/gates.yml does exactly that
2026-09-28T14:49:51.4069141Z COULD-NOT-ASK: the ci-template selftest — PyYAML is not importable, and every arm below parses YAML. Install it (pip install pyyaml).
2026-09-28T14:49:51.8546196Z SKIPPED — apollo-spider/dist/Apollo-Spider-v1.0.0.zip is FROZEN HISTORY (not the manifest's v1.0.14); its integrity is _gate_frozen_release.py's jurisdiction, not this arm's
2026-09-28T14:49:51.8548080Z SKIPPED — apollo-spider/dist/Apollo-Spider-v1.0.1.zip is FROZEN HISTORY (not the manifest's v1.0.14); its integrity is _gate_frozen_release.py's jurisdiction, not this arm's
2026-09-28T14:49:51.8549735Z SKIPPED — apollo-spider/dist/Apollo-Spider-v1.0.10.zip is FROZEN HISTORY (not the manifest's v1.0.14); its integrity is _gate_frozen_release.py's jurisdiction, not this arm's
2026-09-28T14:49:51.8551296Z SKIPPED — apollo-spider/dist/Apollo-Spider-v1.0.11.zip is FROZEN HISTORY (not the manifest's v1.0.14); its integrity is _gate_frozen_release.py's jurisdiction, not this arm's
2026-09-28T14:49:51.8554593Z SKIPPED — apollo-spider/dist/Apollo-Spider-v1.0.12.zip is FROZEN HISTORY (not the manifest's v1.0.14); its integrity is _gate_frozen_release.py's jurisdiction, not this arm's
2026-09-28T14:49:51.8556224Z SKIPPED — apollo-spider/dist/Apollo-Spider-v1.0.13.zip is FROZEN HISTORY (not the manifest's v1.0.14); its integrity is _gate_frozen_release.py's jurisdiction, not this arm's
2026-09-28T14:49:51.8557524Z PASS — apollo-spider/dist/Apollo-Spider-v1.0.14.zip matches the manifest at 0ef307460dcf
2026-09-28T14:49:51.8558912Z SKIPPED — apollo-spider/dist/Apollo-Spider-v1.0.2.zip is FROZEN HISTORY (not the manifest's v1.0.14); its integrity is _gate_frozen_release.py's jurisdiction, not this arm's
2026-09-28T14:49:51.8560574Z SKIPPED — apollo-spider/dist/Apollo-Spider-v1.0.3.zip is FROZEN HISTORY (not the manifest's v1.0.14); its integrity is _gate_frozen_release.py's jurisdiction, not this arm's
2026-09-28T14:49:51.8562336Z SKIPPED — apollo-spider/dist/Apollo-Spider-v1.0.4.zip is FROZEN HISTORY (not the manifest's v1.0.14); its integrity is _gate_frozen_release.py's jurisdiction, not this arm's
2026-09-28T14:49:51.8564813Z SKIPPED — apollo-spider/dist/Apollo-Spider-v1.0.6.zip is FROZEN HISTORY (not the manifest's v1.0.14); its integrity is _gate_frozen_release.py's jurisdiction, not this arm's
2026-09-28T14:49:51.8567004Z SKIPPED — apollo-spider/dist/Apollo-Spider-v1.0.7.zip is FROZEN HISTORY (not the manifest's v1.0.14); its integrity is _gate_frozen_release.py's jurisdiction, not this arm's
2026-09-28T14:49:51.8569732Z SKIPPED — apollo-spider/dist/Apollo-Spider-v1.0.8.zip is FROZEN HISTORY (not the manifest's v1.0.14); its integrity is _gate_frozen_release.py's jurisdiction, not this arm's
2026-09-28T14:49:51.8571533Z SKIPPED — apollo-spider/dist/Apollo-Spider-v1.0.9.zip is FROZEN HISTORY (not the manifest's v1.0.14); its integrity is _gate_frozen_release.py's jurisdiction, not this arm's
2026-09-28T14:49:51.9152369Z ADVISORY — the manifest was generated at 0ef307460dcf; HEAD is dcb76d815059, 19 commit(s) later.
2026-09-28T14:49:51.9153944Z   A pack cut now would ship the tree as it stood at 0ef307460dcf. That may be exactly right.
2026-09-28T14:49:51.9155047Z   ⬛ WHETHER TO RE-CUT IS DAVE'S (s219-D4(2)): a release is explicit, versioned, his word.
2026-09-28T14:49:51.9156179Z   If he says re-cut: python3 knowledge/_release/_gen_pack_manifest.py --probe --commit <sha> && python3 knowledge/_release/_gen_pack_manifest.py --manifest --commit <sha>
2026-09-28T14:49:52.0429087Z polarity gate (s238-D7): home knowledge/brain · rows 30 (live 30 · retired 0) · parties 68 (principle 45 · obligation 6 · ruling 2 · stub 15) · stubs declared 15 · links 21 by type challengedBy=4 explainedBy=1 resolvedBy=7 touches=9 · refusals asked: R1 R2 R3 R4 R5 — none fired
2026-09-28T14:49:52.0432409Z   quotes 21: verbatim against their source rows in notes/_subreports/assets/2026-09-02-236-R1-principles-survey/tensions.json — 21 verified (an unverifiable quote is refused, never declared — Q3 #239) · schema pinned c2c165ac126d… + 54 floors · receipt $migration verified
2026-09-28T14:49:52.0434597Z   receipts (s240-D3): ONE pointer per node — R1 register row 30 · $seed ruling id 0 · retiredBy 0
2026-09-28T14:49:52.0435809Z   RULE R-OBLIGATION: >=1 party resolves to a principles.json row whose grade is L (= OBLIGATION, s237-D1; a node type no principle can outrank, s237-D2) -> settled-by-obligation. Applied FIRST.
2026-09-28T14:49:52.0437550Z   RULE R-RESOLVED: >=1 link typed resolvedBy whose ref is a live ruling in knowledge/_rulings.json -> resolved. (237-T's R-RESOLVED read how_it_resolves prose for an id; the typed link IS that citation, migrated.)
2026-09-28T14:49:52.0438700Z   RULE R-OPEN: the complement.
2026-09-28T14:49:52.0440743Z   RULE RULE-K/RULE-D: knowable_how / disposition / ask_when / factory_default are COPIED per open row from 237-T's open-tensions.json, FLOATED — the four ask-whens are Dave's (s238-D3); this file rules nothing. `factory_default` is the GRILL's sense of default (value used because nothing was asked), not s219-D3's shipped option.
2026-09-28T14:49:52.0443460Z   status derived: settled-by-obligation 6 · resolved 4 · open 20   (237-T at its clock: 6 · 3 · 21)
2026-09-28T14:49:52.0446471Z   RULE EDGES: for each polarity, for each unordered pair of parties on DIFFERENT sides whose refs both resolve to principles.json rows (principle or obligation) -> one edge carrying the polarity id and its mediating variable. Same-side pairs produce NO edge (237-T finding 4: tn-19's three persuasion principles are one side). Stubs and rulings produce NO edge (237-T finding 3: an edge needs a register node at both ends). This is a VIEW: the node is the home (s238-D1).
2026-09-28T14:49:52.0448925Z   edges derived: 22
2026-09-28T14:49:52.0450318Z   D-DECLARE (s238-D5): a polarity's factory default is DECLARED iff it BENT AWAY FROM THE CONSERVATIVE SIDE — not all of them, not on demand.  open 20 · declared 0 · UNPROVEN 20 (conservative side not carried as data)
2026-09-28T14:49:52.0452038Z   ✓ _generated/polarity-status.json fresh (generated_at 2026-09-02T15:18:55Z, content byte-identical)
2026-09-28T14:49:52.0453396Z   ✓ _generated/polarity-edges.json fresh (generated_at 2026-09-02T15:18:55Z, content byte-identical)
2026-09-28T14:49:52.0454807Z   ✓ _generated/defaults-declaration.txt fresh (generated_at 2026-09-02T15:18:55Z, content byte-identical)
2026-09-28T14:49:52.0455952Z ✓ polarity gate GREEN — five refusals asked and none fired; generated files content-fresh
2026-09-28T14:50:01.0896238Z ====================================================================================================
2026-09-28T14:50:01.0897685Z _validate_polarities.py --selftest — every arm drives gate() on a copy of the REAL rows
2026-09-28T14:50:01.0898171Z ====================================================================================================
2026-09-28T14:50:01.0898508Z   #  result  expect    rc  named  arm
2026-09-28T14:50:01.0898841Z   1  PASS    green      0  -      CONTROL: the real 30 rows, untouched
2026-09-28T14:50:01.0899245Z   2  PASS    red        1  yes    R1 dangling PARTY ref (pr-does-not-exist)
2026-09-28T14:50:01.0899648Z   3  PASS    red        1  yes    R1 dangling LINK ref (s999-D9)
2026-09-28T14:50:01.0900045Z   4  PASS    red        1  yes    R1 link to a SUPERSEDED ruling (s129-D1, real store)
2026-09-28T14:50:01.0900472Z   5  PASS    red        1  yes    R1 PARTY that is a superseded ruling (s129-D1)
2026-09-28T14:50:01.0900975Z   6  PASS    red        1  yes    V30 R1 resolvedBy a ruling superseded in the store's PROSE only (s200-D2) (#239 Q1)
2026-09-28T14:50:01.0901610Z   7  PASS    red        1  yes    V31 R1 resolvedBy a ruling whose status says OPEN/PARKED/DEFERRED/FORKED (gauge-band) (#239 Q1)
2026-09-28T14:50:01.0902479Z   8  PASS    green      0  -      V31-control: the SAME ruling as `touches` is fine — only a resolvedBy closes (#239 Q1)
2026-09-28T14:50:01.0903277Z   9  PASS    red        1  yes    R1 SELF-PARTY (pl-01 lists itself)
2026-09-28T14:50:01.0904002Z  10  PASS    red        1  yes    R1 CIRCULAR polarity→polarity LINK (pl-01 → pl-02)
2026-09-28T14:50:01.0904593Z  11  PASS    red        1  yes    R1 CIRCULAR polarity as a PARTY of another (pl-02 on pl-01)
2026-09-28T14:50:01.0905031Z  12  PASS    red        1  yes    R1 link to a PRINCIPLE id (wrong register)
2026-09-28T14:50:01.0905413Z  13  PASS    red        1  yes    R1 undeclared STUB (st-not-declared)
2026-09-28T14:50:01.0905852Z  14  PASS    red        1  yes    R1 a declared stub REMOVED from stubs.json (pl-05's party dangles)
2026-09-28T14:50:01.0906443Z  15  PASS    red        1  yes    R1 homoglyph ref (Cyrillic а in pr-jakobs-law) — non-ASCII id
2026-09-28T14:50:01.0906874Z  16  PASS    red        1  yes    R2 UNTYPED link (type key absent)
2026-09-28T14:50:01.0907393Z  17  PASS    red        1  yes    V200 R2 UNTYPED link that is a bare string (#239 misnamed→named)
2026-09-28T14:50:01.0907938Z  18  PASS    red        1  yes    V201 R2 UNTYPED link with type null (#239 misnamed→named)
2026-09-28T14:50:01.0908454Z  19  PASS    red        1  yes    V202 R2 link type is a LIST — named, no crash (#239 Q7)
2026-09-28T14:50:01.0908867Z  20  PASS    red        1  yes    R2 UNKNOWN (fifth) link type `relatedTo`
2026-09-28T14:50:01.0909245Z  21  PASS    red        1  yes    R2 link type wrong case `ResolvedBy`
2026-09-28T14:50:01.0909596Z  22  PASS    red        1  yes    R2 link type empty string
2026-09-28T14:50:01.0909967Z  23  PASS    red        1  yes    R3 judgement field `how_it_resolves` on a node
2026-09-28T14:50:01.0910379Z  24  PASS    red        1  yes    R3 judgement field of ANOTHER name (`verdict`)
2026-09-28T14:50:01.0910802Z  25  PASS    red        1  yes    R3 judgement smuggled into a link `quote` (16 words)
2026-09-28T14:50:01.0911231Z  26  PASS    red        1  yes    R3 judgement smuggled into a party `note` (16 words)
2026-09-28T14:50:01.0911652Z  27  PASS    red        1  yes    R3 judgement field inside a PARTY object (`why`)
2026-09-28T14:50:01.0912095Z  28  PASS    red        1  yes    R3 stub with a third key (`rationale`)
2026-09-28T14:50:01.0912512Z  29  PASS    red        1  yes    R3 link quote PARAPHRASED (not verbatim in the source row)
2026-09-28T14:50:01.0913160Z  30  PASS    red        1  yes    V230 R3 party note that is a 14-word verdict, not verbatim in the source row (#239 Q5)
2026-09-28T14:50:01.0913894Z  31  PASS    red        1  yes    V231 R3 note of 44 visible words joined by U+200B — counted AND the character refused (#239 Q5)
2026-09-28T14:50:01.0914499Z  32  PASS    red        1  yes    V232 R3 mediating_variable of 300 words (#239 Q5: maxWords 25 FLOATED + verbatim)
2026-09-28T14:50:01.0915294Z  33  PASS    red        1  yes    V232b R3 mediating_variable rewritten (short, not verbatim in the source row) (#239 Q5)
2026-09-28T14:50:01.0915916Z  34  PASS    red        1  yes    V233 R3 sources[0].id that is a 300-word verdict (#239 Q5: patterned + maxWords 1)
2026-09-28T14:50:01.0916602Z  35  PASS    red        1  yes    V234 R3 stub phrase that is a 15-word verdict — not verbatim in the register (#239 Q5)
2026-09-28T14:50:01.0917170Z  36  PASS    red        1  yes    V22 R3/S stub whose phrase is one U+200B (visually empty) (#239 Q5)
2026-09-28T14:50:01.0917712Z  37  PASS    red        1  yes    V82 R3 $migration gains a nested `verdicts` map (#239 Q5: shape-fixed)
2026-09-28T14:50:01.0918275Z  38  PASS    red        1  yes    V83 R3 $description replaced by 500 words of verdict (#239 Q5: maxWords FLOATED)
2026-09-28T14:50:01.0918961Z  39  PASS    red        1  yes    V246 S-RECEIPT $migration.sha256 = 64 zeros — the receipt is verified (#239 Q5)
2026-09-28T14:50:01.0919535Z  40  PASS    red        1  yes    V247 S-RECEIPT $migration.from = a path that does not exist (#239 Q5)
2026-09-28T14:50:01.0920200Z  41  PASS    red        1  yes    V220 R3 sources repointed at _rulings.json + 13 words OF THE RULING as the quote (#239 Q3)
2026-09-28T14:50:01.0920847Z  42  PASS    red        1  yes    V300 R3 sources repointed at polarities.json itself + its own words as the quote (#239 Q3)
2026-09-28T14:50:01.0921621Z  43  PASS    red        1  yes    V222 R3 paraphrase + source pointer broken (path → nowhere): UNVERIFIABLE is refused (#239 Q3)
2026-09-28T14:50:01.0922403Z  44  PASS    red        1  yes    V93 S-ID sources[0].id with a fullwidth digit (tn-0１) — the pointer cannot be laundered (#239 Q3)
2026-09-28T14:50:01.0923030Z  45  PASS    red        1  yes    V223 R3 resolvedBy with quote "" (#239 Q3)
2026-09-28T14:50:01.0923512Z  46  PASS    red        1  yes    V224 R3 resolvedBy with the one-word quote "the" (#239 Q3: minWords 3 FLOATED)
2026-09-28T14:50:01.0924182Z  47  PASS    red        1  yes    V400 R3 resolvedBy with NO quote at all — a resolvedBy needs a receipt (#239 Q3)
2026-09-28T14:50:01.0924733Z  48  PASS    green      0  -      V400-control: a `touches` with no quote stays legal (#239 Q3)
2026-09-28T14:50:01.0925360Z  49  PASS    red        1  yes    V401 S-SOURCE pl-04's source id swapped to tn-02 — one row, one node (#239 Q3)
2026-09-28T14:50:01.0926051Z  50  PASS    red        1  yes    V402 S-SOURCE pl-01's body duplicated under pl-31 — the row is claimed twice (#239 Q3)
2026-09-28T14:50:01.0926725Z  51  PASS    red        1  yes    V244 S-SOURCE all 30 rows deleted — 30 frozen rows claimed by no node (#239 Q3)
2026-09-28T14:50:01.0927269Z  52  PASS    red        1  yes    V225 S-SOURCE a source path outside the repo (/etc/hostname) (#239 Q3)
2026-09-28T14:50:01.0927806Z  53  PASS    red        1  yes    S-FORMAT-CHAR a soft hyphen (U+00AD) inside a party ref (#239 Q5)
2026-09-28T14:50:01.0928361Z  54  PASS    red        1  yes    S-FORMAT-CHAR a right-to-left override (U+202E) in $description (#239 Q5)
2026-09-28T14:50:01.0928866Z  55  PASS    red        1  yes    S-FORMAT-CHAR a NUL (U+0000) in a stub phrase (#239 Q5)
2026-09-28T14:50:01.0929326Z  56  PASS    red        1  yes    R4 AUTHORED file at the generated path (no header)
2026-09-28T14:50:01.0929800Z  57  PASS    red        1  yes    R4 generated file HAND-EDITED under its header (self-sha breaks)
2026-09-28T14:50:01.0930311Z  58  PASS    red        1  yes    R4 AUTHORED edge file beside the homes (knowledge/brain/edges.json)
2026-09-28T14:50:01.0930815Z  59  PASS    red        1  yes    R4 STRAY second shape beside the homes (polarities-v2.json)
2026-09-28T14:50:01.0931302Z  60  PASS    red        1  yes    R4 AUTHORED file INSIDE _generated/ beside the derived three
2026-09-28T14:50:01.0931823Z  61  PASS    red        1  yes    R4 defaults-declaration.txt HAND-EDITED (a default declared by hand)
2026-09-28T14:50:01.0932476Z  62  PASS    red        1  yes    V210 R4 dotfile `.edges.json` at the brain top — dotfiles are LISTED (#239 Q6)
2026-09-28T14:50:01.0933128Z  63  PASS    red        1  yes    V211 R4 dotfile inside _generated/ (#239 Q6)
2026-09-28T14:50:01.0933639Z  64  PASS    red        1  yes    V212 R4 a half-written `.polarity-edges.json.tmp` inside _generated/ (#239 Q6)
2026-09-28T14:50:01.0934301Z  65  PASS    red        1  yes    V213 R4 an authored edge list under schema/ — schema/ is LISTED (#239 Q6)
2026-09-28T14:50:01.0934907Z  66  PASS    red        1  yes    V214 R4 a second schema under schema/ — exactly one schema (#239 Q6)
2026-09-28T14:50:01.0935394Z  67  PASS    red        1  yes    V216 R4 __pycache__/ under the home (#239 Q6)
2026-09-28T14:50:01.0935910Z  68  PASS    red        1  yes    V403 R4 polarities.json replaced by a SYMLINK to a file outside the home (#239 Q6)
2026-09-28T14:50:01.0936550Z  69  PASS    red        1  yes    V217 R4 _generated is a FILE — named at --check (#239 Q6/Q7)
2026-09-28T14:50:01.0937241Z  70  PASS    red        1  yes    V217w R4 _generated is a FILE — --write refuses by name, no crash, nothing written (#239 Q7)
2026-09-28T14:50:01.0938004Z  71  PASS    green      0  -      Q6 `.DS_Store` with Finder's magic bytes is IGNORED, declared (#239 Q6)
2026-09-28T14:50:01.0938653Z  72  PASS    red        1  yes    Q6 a JSON edge list wearing the name `.DS_Store` is refused (#239 Q6)
2026-09-28T14:50:01.0939097Z  73  PASS    red        1  yes    R5 typed `status` on a node
2026-09-28T14:50:01.0939506Z  74  PASS    red        1  yes    R5 typed status under another spelling (`derivedStatus`)
2026-09-28T14:50:01.0939914Z  75  PASS    red        1  yes    S 1 party (minItems 2)
2026-09-28T14:50:01.0940295Z  76  PASS    red        1  yes    S DUPLICATE party (same ref twice on pl-01)
2026-09-28T14:50:01.0940675Z  77  PASS    red        1  yes    S DUPLICATE polarity id
2026-09-28T14:50:01.0941039Z  78  PASS    red        1  yes    S unicode polarity id (fullwidth digit)
2026-09-28T14:50:01.0941435Z  79  PASS    red        1  yes    S party role outside the enum (`side_d`)
2026-09-28T14:50:01.0941953Z  80  PASS    red        1  yes    V42 S party role null — named S-ROLE (#239 misnamed→named)
2026-09-28T14:50:01.0942499Z  81  PASS    red        1  yes    V44 S party role is an OBJECT — named, no crash (#239 Q7)
2026-09-28T14:50:01.0943223Z  82  PASS    red        1  yes    V203 S party ref is a LIST — named, no crash (#239 Q7)
2026-09-28T14:50:01.0943737Z  83  PASS    red        1  yes    V204 S stub id is a LIST — named, no crash (#239 Q7)
2026-09-28T14:50:01.0944347Z  84  PASS    red        1  yes    V250 S sources item without `path` on a node with a quote — named, no crash (#239 Q7)
2026-09-28T14:50:01.0944952Z  85  PASS    red        1  yes    V251 S sources[0].path is an int — named, no crash (#239 Q7)
2026-09-28T14:50:01.0945392Z  86  PASS    red        1  yes    S ONE-SIDED: every party on side_a (no pull)
2026-09-28T14:50:01.0945767Z  87  PASS    red        1  yes    S mediating_variable empty
2026-09-28T14:50:01.0946320Z  88  PASS    red        1  yes    S sources missing — no receipt at all (s240-D3 re-cut of the #239 S-SCHEMA arm)
2026-09-28T14:50:01.0946793Z  89  PASS    red        1  yes    S polarities.json does not parse
2026-09-28T14:50:01.0947387Z  90  PASS    red        1  yes    V252 S polarities.json carries one non-UTF-8 byte — S-PARSE, no traceback (#239 Q7)
2026-09-28T14:50:01.0948173Z  91  PASS    red        1  yes    V110 SCHEMA parties.minItems 2→1 + a one-party row: LOOSENED named, S-MIN-PARTIES still fires (#239 Q2)
2026-09-28T14:50:01.0948806Z  92  PASS    red        1  yes    V111 SCHEMA enum widened with a fifth type + a relatedTo link (#239 Q2)
2026-09-28T14:50:01.0949395Z  93  PASS    red        1  yes    V112 SCHEMA parties.items.additionalProperties true + a `why` on a party (#239 Q2)
2026-09-28T14:50:01.0950100Z  94  PASS    red        1  yes    V310 SCHEMA sources.items.additionalProperties true + a `judgement` on a source (V's TOTAL escape) (#239 Q2)
2026-09-28T14:50:01.0950911Z  95  PASS    red        1  yes    V311 SCHEMA sources.minItems 0 + sources [] + a paraphrased quote (#239 Q2/Q3)
2026-09-28T14:50:01.0951457Z  96  PASS    red        1  yes    V312 SCHEMA note.maxWords 500 + a 64-word note (#239 Q2)
2026-09-28T14:50:01.0952030Z  97  PASS    red        1  yes    V113 SCHEMA root additionalProperties true + a `verdict` on a node (#239 Q2)
2026-09-28T14:50:01.0952883Z  98  PASS    red        1  yes    SCHEMA a new property `verdict` ADDED to the schema + used on a node — the key set is pinned (#239 Q2)
2026-09-28T14:50:01.0953617Z  99  PASS    red        1  yes    SCHEMA description-only edit — the sha PIN alone fires (#239 Q2 (b))
2026-09-28T14:50:01.0954241Z 100  PASS    red        1  yes    V256 SCHEMA `properties` is a list — named S-SCHEMA, no crash (#239 Q7)
2026-09-28T14:50:01.0954890Z 101  PASS    red        1  yes    V257 SCHEMA id.pattern is an invalid regex — named S-SCHEMA, no crash (#239 Q7)
2026-09-28T14:50:01.0955510Z 102  PASS    red        1  yes    SCHEMA: a keyword this gate does not implement (maxItems) is REFUSED, never silently ignored
2026-09-28T14:50:01.0956675Z 103  PASS    red        1  yes    BITE-THE-BITE (#239 re-cut): schema TIGHTENED to minItems 3 with the pin moved — the real 2-party rows are refused S-MIN-PARTIES: the schema still drives; only loosening is refused
2026-09-28T14:50:01.0957944Z 104  PASS    green      0  -      s240-D3 GREEN CONTROL: a NEW polarity born after R1 carries `$seed` = a real ruling id and NO `sources` — the legal form #239-F RULING-SHAPED 4 was missing (#242 lane P)
2026-09-28T14:50:01.0958781Z 105  PASS    red        1  yes    s240-D3 BREAK ARM: `$seed` names s999-D9, absent from knowledge/_rulings.json (#242)
2026-09-28T14:50:01.0959610Z 106  PASS    red        1  yes    s240-D3 BREAK ARM: BOTH receipts on one node — its R1 `sources` AND a `$seed` (the receipt is ONE POINTER PER NODE) (#242)
2026-09-28T14:50:01.0960393Z 107  PASS    red        1  yes    s240-D3 BREAK ARM: NEITHER receipt — a node with no `sources` and no `$seed` (#242)
2026-09-28T14:50:01.0961231Z 108  PASS    green      0  -      s240-D3 GREEN CONTROL: a node RETIRED by a real ruling id — it KEEPS its row and the derivation is re-run without it (#242)
2026-09-28T14:50:01.0962192Z 109  PASS    red        1  yes    s240-D3 BREAK ARM: a RETIRED node whose id still appears under _generated/ — R4-RETIRED-GENERATED by name, not just STALE (#242)
2026-09-28T14:50:01.0963054Z 110  PASS    red        1  yes    s240-D3 BREAK ARM: `retiredBy` names s999-D9, absent from knowledge/_rulings.json (#242)
2026-09-28T14:50:01.0964007Z 111  PASS    red        1  yes    s240-D3 BREAK ARM: `$seed` removed from the SCHEMA's properties — the key set is pinned, so the receipt cannot be legislated away by a schema edit (#242 Q2)
2026-09-28T14:50:01.0965647Z 112  PASS    red        1  yes    s240-D3 LEAK ARM (#242 lane P2, V2 finding 3): pl-02 retired → --write and its id is gone from every BYTE of all three generated files; replanted in the derivation's PROSE ONLY (self-consistent sha, invisible to the ROW check) → R4-RETIRED-GENERATED BY NAME. A retired id anywhere under _generated/ is a leak
2026-09-28T14:50:01.0967824Z 113  PASS    red        1  yes    s240-D3 FLOOR ARM (#242 lane P2, V2 finding 4): `sources` put BACK into the schema's `required` with the pin moved honestly — SCHEMA-LOOSENED by name (a schema may tighten a REFUSAL, never a PERMISSION), and the floor is APPLIED REGARDLESS, so the legal `$seed` node beside it is NOT S-SCHEMA
2026-09-28T14:50:01.0969552Z 114  PASS    green      0  yes    s240-D3 DROP-OUT PROOF (#242): pl-30 retired → --check names R4-RETIRED-GENERATED · --write regenerates · the node KEEPS its row in polarities.json and appears in NONE of the three generated files
2026-09-28T14:50:01.0971027Z 115  PASS    green      0  yes    s240-D3 ADD-POLARITY (#242): a BRAND-NEW polarity with a `$seed` receipt is accepted by the writer (dry-run then --write), 31 rows, gate green after — #239-F green control (e), which had no legal form
2026-09-28T14:50:01.0972514Z 116  PASS    red        1  yes    100 LITERAL (#243 s243-D1): V's 31st row (pr-fitts/pr-hick) cites a FICTIONAL R1 path notes/nowhere.json — the node names its own oracle; S-SOURCE at --write, nothing written — #239 Q3 stands
2026-09-28T14:50:01.0973665Z 117  PASS    green      0  -      100 LEGAL (#243 s243-D1): the SAME 31st row with `$seed` = s240-D3 in place of `sources` — --write green
2026-09-28T14:50:01.0974733Z 118  PASS    red        1  yes    225 LITERAL (#243 s243-D1): a NEW node pl-33 whose ONLY receipt is the foreign path /etc/hostname (V225's receipt, verbatim) — S-ID + S-SOURCE (allow-list) at --write, nothing written
2026-09-28T14:50:01.0975959Z 119  PASS    red        1  yes    225 TWO RECEIPTS (#243 s243-D1): the SAME pl-33 carrying the foreign `sources` AND `$seed` = s240-D3 — S-SOURCE (BOTH receipts: ONE POINTER PER NODE), nothing written
2026-09-28T14:50:01.0977007Z 120  PASS    green      0  -      225 LEGAL (#243 s243-D1): the SAME pl-33 reduced to ONE legal receipt — the foreign `sources` gone, `$seed` = s240-D3 — --write green
2026-09-28T14:50:01.0978011Z 121  PASS    red        1  yes    235 LITERAL (#243 s243-D1): an orphan stub whose phrase is INVENTED ('an orphan phrase') — not verbatim in the R1 register; R3-JUDGEMENT-FIELD
2026-09-28T14:50:01.0979412Z 122  PASS    green      0  -      235 LEGAL (#243 s243-D1), lane F's #239 form (a): an orphan stub — declared, never used — whose phrase is VERBATIM from ONE field of the first R1 row, read from the R1 FILE ('Familiarity says converge on') — green
2026-09-28T14:50:01.0980589Z 123  PASS    red        1  yes    248 LITERAL (#243 s243-D1): a node whose BOTH parties are declared stubs cites source path 'x' — S-SOURCE at --write, nothing written
2026-09-28T14:50:01.0981415Z 124  PASS    green      0  -      248 LEGAL (#243 s243-D1): the SAME all-stub node with `$seed` = s240-D3 — --write green
2026-09-28T14:50:01.0982308Z 125  PASS    red        1  yes    321 LITERAL (#243 s243-D1): all 30 rows DELETED, then the writer appends a `$seed` node — 30 frozen rows claimed by no node; S-SOURCE, file untouched
2026-09-28T14:50:01.0984256Z 126  PASS    green      0  -      321 LEGAL (#243 s243-D1): all 30 rows RETIRED (`retiredBy` = s240-D3) and --write green, then the writer appends the `$seed` node — 31 rows KEPT in polarities.json, no retired id in any row or byte under _generated/
2026-09-28T14:50:01.0985655Z 127  PASS    red        1  yes    326 LITERAL (#243 s243-D1): polarities.json re-indented to 2 spaces, the writer's entry cites 'selftest' as its source — S-SOURCE, file untouched
2026-09-28T14:50:01.0986958Z 128  PASS    green      0  -      326 LEGAL (#243 s243-D1): the SAME 2-space file, the SAME entry with `$seed` = s240-D3 — writer green, 31 rows, gate green after
2026-09-28T14:50:01.0987865Z 129  PASS    red        1  yes    V70 R4 generated_at in 2099 on all three derived files — a future clock is a hand edit (#239 Q4)
2026-09-28T14:50:01.0988397Z 130  PASS    red        1  yes    V71 R4 generated_at "banana" (#239 Q4)
2026-09-28T14:50:01.0988861Z 131  PASS    red        1  yes    Q4 R4 generated_at before the R1 asset's date (1999) (#239 Q4)
2026-09-28T14:50:01.0989479Z 132  PASS    red        1  yes    Q4 R4 one file's clock moved one second — the three clocks must agree (#239 Q4)
2026-09-28T14:50:01.0990204Z 133  PASS    red        1  yes    FRESHNESS: home edited, generated files not re-derived → STALE
2026-09-28T14:50:01.0990841Z 134  PASS    red        1  yes    FRESHNESS: a generated file deleted → MISSING
2026-09-28T14:50:01.0991576Z 135  PASS    red        1  yes    Q7 (#239): a check that RAISES inside gate() is NAMED S-SHAPE with its exception class — a crash is not a fail
2026-09-28T14:50:01.0992195Z 136  PASS    red        1  yes    WRITE: --write on a refused home writes NOTHING (hashes equal)
2026-09-28T14:50:01.0992878Z 137  PASS    green      0  yes    WRITE: stale → --write → fresh (rc 1 → 0 → 0)
2026-09-28T14:50:01.0993449Z 138  PASS    green      0  yes    WRITE: determinism — two writes differ only in generated_at
2026-09-28T14:50:01.0994575Z 139  PASS    green      0  yes    ADD-POLARITY: pl-30 dropped then re-added as pl-31 — dry-run leaves bytes; --write = original + one span; 30 rows; gate green after (#239: every frozen row is claimed)
2026-09-28T14:50:01.0995406Z 140  PASS    red        1  yes    ADD-POLARITY: an entry with a typed status is REFUSED by name, nothing written
2026-09-28T14:50:01.0996172Z 141  PASS    red        1  yes    V324 ADD-POLARITY: an entry whose quote has no reachable source is REFUSED (S-SOURCE + R3-QUOTE-NOT-VERBATIM), nothing written (#239 Q3)
2026-09-28T14:50:01.0997142Z 142  PASS    green      0  yes    ADD-STUB: a verbatim phrase appended textually; 3-key stub REFUSED (S-STUB-SHAPE); V328 the U+200B phrase REFUSED (S-FORMAT-CHAR), nothing written
2026-09-28T14:50:01.0998059Z 143  PASS    green      0  yes    CLI: `--check` rc 0 on the real home, rc 1 + R2-UNTYPED on the mutant (via --brain AND via POLARITY_BRAIN_DIR)
2026-09-28T14:50:01.0998699Z 144  PASS    red        2  yes    CLI: bare and unknown argv refuse with rc 2 (argv contract, #208 class)
2026-09-28T14:50:01.0999397Z 145  PASS    red        2  yes    V-A1/A2 CLI: `--dry-run --write`, `--check --write`, `--check --selftest` refuse rc 2 and write nothing (#239 argv contract)
2026-09-28T14:50:01.1000406Z 146  PASS    red        1  yes    V-D1 (#239 Q8): home ABSENT in the SOURCE repo (the store is here) → rc 1 S-SHAPE, never 77 — the build and the seam both stop
2026-09-28T14:50:01.1001356Z 147  PASS    77        77  yes    COULD-NOT-ASK: home absent AND no store (a shipped pack) → rc 77 + marker naming the path (pack classifier reads it as REPO-BOUND)
2026-09-28T14:50:01.1002342Z 148  PASS    77        77  yes    COULD-NOT-ASK: declaration source absent → 77 on a clean home, but a real refusal is STILL rc 1 first (the refusal path is not swallowed)
2026-09-28T14:50:01.1003298Z 149  PASS    red        1  yes    SELFTEST on an absent home refuses by name, no traceback (#239, V finding 16)
2026-09-28T14:50:01.1004253Z 150  PASS    green      0  yes    WIRING: STEPS has --check + --selftest rows; _git_commit.sh invokes --check on a live line, DECLARES a POLARITY_BRAIN_DIR redirect and gates the tree's own home (V-D2, #239); the seam harness stubs it
2026-09-28T14:50:01.1005151Z ----------------------------------------------------------------------------------------------------
2026-09-28T14:50:01.1006076Z arms 150 · red arms 128 (went red by name 128/128) · green arms 20 · no-fire/77 arms 2 · new #239 arms 72 · new #242 (s240-D3 receipt) arms 12 · new #243 (s243-D1 six controls) arms 13 · failures 0
2026-09-28T14:50:01.1006918Z ✓ selftest OK — control green; every refusal arm red by its name; nothing written on refusal
2026-09-28T14:50:01.1356578Z COULD-NOT-ASK: GEOMETRY: HARNESS UNAVAILABLE — playwright not importable (No module named 'playwright'). Install it with `pip install playwright && playwright install chromium`; at the seat, source knowledge/_render/seat_env.sh. This is NOT a pass.
2026-09-28T14:50:01.1823685Z COULD-NOT-ASK: OWN-SIZE: HARNESS UNAVAILABLE — playwright not importable (No module named 'playwright'). Install it with `pip install playwright && playwright install chromium`; at the seat, source knowledge/_render/seat_env.sh. This is NOT a pass.
2026-09-28T14:50:01.1870334Z 
2026-09-28T14:50:01.1870376Z 
2026-09-28T14:50:01.1871577Z ⊘ step 'governs matcher selftest — the [12]/[13] trigger-index arm, named (#208 legibility)' COULD-NOT-ASK (exit 77) — declared refusal, build continues
2026-09-28T14:50:01.1872106Z 
2026-09-28T14:50:01.1872937Z === [143/154] frozen-release gate — v1/v2 and any baked Spider surface may not move without a version bump (BLOCKING, s114-D4, built #219) — _release/_gate_frozen_release.py ===
2026-09-28T14:50:01.1873566Z 
2026-09-28T14:50:01.1874053Z === [144/154] frozen-release selftest — 11 bites on a fixture repo incl. the laundering mutant (#219) — _release/_gate_frozen_release.py ===
2026-09-28T14:50:01.1874492Z 
2026-09-28T14:50:01.1875060Z === [145/154] pack ship-list audit — the manifest is byte-identical to a fresh generation at its own commit (BLOCKING, built #219) — _release/_gate_release_audit.py ===
2026-09-28T14:50:01.1875900Z 
2026-09-28T14:50:01.1876362Z === [146/154] release-audit selftest — manifest compare + the pack arm's resting refusal (#219) — _release/_gate_release_audit.py ===
2026-09-28T14:50:01.1876788Z 
2026-09-28T14:50:01.1877242Z === [147/154] pack-side CI template — parses, ships what it calls, hides nothing (BLOCKING, built #219) — _release/_gate_ci_template.py ===
2026-09-28T14:50:01.1877677Z 
2026-09-28T14:50:01.1878204Z ⊘ step 'pack-side CI template — parses, ships what it calls, hides nothing (BLOCKING, built #219)' COULD-NOT-ASK (exit 77) — declared refusal, build continues
2026-09-28T14:50:01.1878689Z 
2026-09-28T14:50:01.1879150Z === [148/154] pack-side CI template selftest — 10 mutants incl. a smuggled continue-on-error (#219) — _release/_gate_ci_template.py ===
2026-09-28T14:50:01.1879584Z 
2026-09-28T14:50:01.1880091Z ⊘ step 'pack-side CI template selftest — 10 mutants incl. a smuggled continue-on-error (#219)' COULD-NOT-ASK (exit 77) — declared refusal, build continues
2026-09-28T14:50:01.1880594Z 
2026-09-28T14:50:01.1881329Z === [149/154] baked-pack audit — a zip in apollo-spider/dist/ must match the manifest (BLOCKING; refuses while nothing is baked) (#219) — _release/_gate_release_audit.py ===
2026-09-28T14:50:01.1881870Z 
2026-09-28T14:50:01.1882376Z === [150/154] pack ship-list drift — how far behind HEAD the manifest is (ADVISORY, ⬛ re-cutting is Dave's) (#219) — _release/_gate_release_audit.py ===
2026-09-28T14:50:01.1882923Z 
2026-09-28T14:50:01.1883452Z ⚠ advisory step 'pack ship-list drift — how far behind HEAD the manifest is (ADVISORY, ⬛ re-cutting is Dave's) (#219)' reported findings (exit 1) — non-gating
2026-09-28T14:50:01.1883925Z 
2026-09-28T14:50:01.1884458Z === [151/154] polarity gate — five refusals + content-fresh derived status/edges/declaration (BLOCKING, s238-D7, built #238) — _validate_polarities.py ===
2026-09-28T14:50:01.1884971Z 
2026-09-28T14:50:01.1885397Z === [152/154] polarity gate selftest — control + every refusal arm on a copy of the real rows (s238-D7) — _validate_polarities.py ===
2026-09-28T14:50:01.1885812Z 
2026-09-28T14:50:01.1886475Z === [153/154] geometry gate — alignment, gutters, edges, bar width, dead space, overlap, clipped text, overflow, stretch on generated pages (ADVISORY, built #304) — _validate_geometry.py ===
2026-09-28T14:50:01.1887045Z 
2026-09-28T14:50:01.1887778Z ⊘ step 'geometry gate — alignment, gutters, edges, bar width, dead space, overlap, clipped text, overflow, stretch on generated pages (ADVISORY, built #304)' COULD-NOT-ASK (exit 77) — declared refusal, build continues
2026-09-28T14:50:01.1888428Z 
2026-09-28T14:50:01.1888888Z === [154/154] own-size gate — every part at its reference size on generated pages (ADVISORY, built #304) — _validate_own_size.py ===
2026-09-28T14:50:01.1889314Z 
2026-09-28T14:50:01.1889843Z ⊘ step 'own-size gate — every part at its reference size on generated pages (ADVISORY, built #304)' COULD-NOT-ASK (exit 77) — declared refusal, build continues
2026-09-28T14:50:01.1890426Z 
2026-09-28T14:50:01.1890612Z ❌ build gate failed — see the reports above.
2026-09-28T14:50:01.1922059Z ##[error]Process completed with exit code 1.
2026-09-28T14:50:01.1953929Z ##[group]Run python3 knowledge/_tests/test_gates.py
2026-09-28T14:50:01.1954332Z [36;1mpython3 knowledge/_tests/test_gates.py[0m
2026-09-28T14:50:01.1997076Z shell: /usr/bin/bash -e {0}
2026-09-28T14:50:01.1997359Z env:
2026-09-28T14:50:01.1997649Z   pythonLocation: /opt/hostedtoolcache/Python/3.12.14/x64
2026-09-28T14:50:01.1998083Z   PKG_CONFIG_PATH: /opt/hostedtoolcache/Python/3.12.14/x64/lib/pkgconfig
2026-09-28T14:50:01.1998523Z   Python_ROOT_DIR: /opt/hostedtoolcache/Python/3.12.14/x64
2026-09-28T14:50:01.1998905Z   Python2_ROOT_DIR: /opt/hostedtoolcache/Python/3.12.14/x64
2026-09-28T14:50:01.1999279Z   Python3_ROOT_DIR: /opt/hostedtoolcache/Python/3.12.14/x64
2026-09-28T14:50:01.1999654Z   LD_LIBRARY_PATH: /opt/hostedtoolcache/Python/3.12.14/x64/lib
2026-09-28T14:50:01.1999993Z ##[endgroup]
2026-09-28T14:50:19.6688382Z gate self-test: does every gate BITE what it was built to catch?
2026-09-28T14:50:19.6688871Z 
2026-09-28T14:50:19.6689218Z   PASS  control: pristine copy passes all 6 static gates
2026-09-28T14:50:19.6689748Z   PASS  write-gate bites a bare no-args invocation
2026-09-28T14:50:19.6690238Z   PASS  write-gate control: --write proceeds
2026-09-28T14:50:19.6690821Z   PASS  radius gate's own bites run (8 longhand mutants + token controls, #221)
2026-09-28T14:50:19.6691497Z   PASS  no-hardcode gate's own bites run (8 planted + 8 clean, #221)
2026-09-28T14:50:19.6692158Z   PASS  theme-provenance report order is DERIVED, not filesystem order (#221)
2026-09-28T14:50:19.6692868Z   PASS  wiring gate's own bites run (13, incl. the widened glob + the anti-laundering arm, #221)
2026-09-28T14:50:19.6693406Z   PASS  s263-D10 rulings-page wrap check bites a stale page (4 arms, #265-B)
2026-09-28T14:50:19.6693840Z   PASS  snippet gate bites on token drift
2026-09-28T14:50:19.6694280Z   PASS  snippet gate bites on failing contrast
2026-09-28T14:50:19.6694598Z   PASS  snippet gate bites on icon 4.5 dead-zone
2026-09-28T14:50:19.6694908Z   PASS  snippet gate bites on missing focus
2026-09-28T14:50:19.6695211Z   PASS  snippet gate bites on uppercase CSS
2026-09-28T14:50:19.6695519Z   PASS  snippet gate bites on ALL-CAPS text run
2026-09-28T14:50:19.6695821Z   PASS  snippet gate bites on italics
2026-09-28T14:50:19.6696101Z   PASS  snippet gate bites on text-shadow
2026-09-28T14:50:19.6696392Z   PASS  snippet gate bites on raw red text
2026-09-28T14:50:19.6696688Z   PASS  snippet gate bites on possessive HSBC's
2026-09-28T14:50:19.6697000Z   PASS  snippet gate bites on element-type alt
2026-09-28T14:50:19.6697302Z   PASS  snippet gate bites on bare link text
2026-09-28T14:50:19.6697608Z   PASS  a11y gate bites on missing reduced-motion
2026-09-28T14:50:19.6697926Z   PASS  a11y gate bites on sub-24 target floor
2026-09-28T14:50:19.6698222Z   PASS  icon gate bites on invented path
2026-09-28T14:50:19.6698502Z   PASS  icon gate bites on shape-only icon
2026-09-28T14:50:19.6698807Z   PASS  icon gate bites on mis-twinned fill glyph
2026-09-28T14:50:19.6699131Z   PASS  coverage gate bites on orphan snippet
2026-09-28T14:50:19.6699438Z   PASS  coverage gate bites on meta w/o snippet
2026-09-28T14:50:19.6699743Z   PASS  dark-surface gate bites on flat white
2026-09-28T14:50:19.6700035Z   PASS  compose gate bites on rogue hex
2026-09-28T14:50:19.6700321Z   PASS  compose gate bites on undefined class
2026-09-28T14:50:19.6700627Z   PASS  compose gate bites on class redefinition
2026-09-28T14:50:19.6700934Z   PASS  compose gate bites on duplicate title
2026-09-28T14:50:19.6701123Z 
2026-09-28T14:50:19.6701223Z 32 test(s), 0 failure(s)
2026-09-28T14:50:19.6701614Z skipped by design: state-contrast / screen --render (need a browser; see docstring)
2026-09-28T14:50:19.6783495Z ##[group]Run python3 knowledge/_tests/test_advisory.py
2026-09-28T14:50:19.6784101Z [36;1mpython3 knowledge/_tests/test_advisory.py[0m
2026-09-28T14:50:19.6825720Z shell: /usr/bin/bash -e {0}
2026-09-28T14:50:19.6826010Z env:
2026-09-28T14:50:19.6826300Z   pythonLocation: /opt/hostedtoolcache/Python/3.12.14/x64
2026-09-28T14:50:19.6826734Z   PKG_CONFIG_PATH: /opt/hostedtoolcache/Python/3.12.14/x64/lib/pkgconfig
2026-09-28T14:50:19.6827148Z   Python_ROOT_DIR: /opt/hostedtoolcache/Python/3.12.14/x64
2026-09-28T14:50:19.6827530Z   Python2_ROOT_DIR: /opt/hostedtoolcache/Python/3.12.14/x64
2026-09-28T14:50:19.6827917Z   Python3_ROOT_DIR: /opt/hostedtoolcache/Python/3.12.14/x64
2026-09-28T14:50:19.6828288Z   LD_LIBRARY_PATH: /opt/hostedtoolcache/Python/3.12.14/x64/lib
2026-09-28T14:50:19.6828613Z ##[endgroup]
2026-09-28T14:50:20.1824157Z advisory bite-tests: 19 case(s), all bite ✅ (and none block — exit 0 throughout)
2026-09-28T14:50:20.1908872Z ##[group]Run bash knowledge/_git_commit.sh --selftest
2026-09-28T14:50:20.1909282Z [36;1mbash knowledge/_git_commit.sh --selftest[0m
2026-09-28T14:50:20.1951023Z shell: /usr/bin/bash -e {0}
2026-09-28T14:50:20.1951319Z env:
2026-09-28T14:50:20.1951614Z   pythonLocation: /opt/hostedtoolcache/Python/3.12.14/x64
2026-09-28T14:50:20.1952046Z   PKG_CONFIG_PATH: /opt/hostedtoolcache/Python/3.12.14/x64/lib/pkgconfig
2026-09-28T14:50:20.1952462Z   Python_ROOT_DIR: /opt/hostedtoolcache/Python/3.12.14/x64
2026-09-28T14:50:20.1953055Z   Python2_ROOT_DIR: /opt/hostedtoolcache/Python/3.12.14/x64
2026-09-28T14:50:20.1953430Z   Python3_ROOT_DIR: /opt/hostedtoolcache/Python/3.12.14/x64
2026-09-28T14:50:20.1953810Z   LD_LIBRARY_PATH: /opt/hostedtoolcache/Python/3.12.14/x64/lib
2026-09-28T14:50:20.1954143Z ##[endgroup]
2026-09-28T14:50:20.2187150Z — #208 msgfile-prefix gate selftest
2026-09-28T14:50:20.2380517Z   [OK]   non-wrap prefix (the #170 shape) is seen (expected 1)
2026-09-28T14:50:20.2573356Z   [OK]   WRAP prefix (the shape #170 MISSED) is seen (expected 1)
2026-09-28T14:50:20.2765700Z   [OK]   doubled non-wrap prefix counts 2 (expected 2)
2026-09-28T14:50:20.2961678Z   [OK]   wrap-into-non-wrap stack counts 2 (the hole) (expected 2)
2026-09-28T14:50:20.3158699Z   [OK]   tripled counts 3 (expected 3)
2026-09-28T14:50:20.3351536Z   [OK]   a fresh subject carries no prefix (expected 0)
2026-09-28T14:50:20.3544936Z   [OK]   session ref with no date is not a prefix (expected 0)
2026-09-28T14:50:20.3738660Z   [OK]   date with no session ref is not a prefix (expected 0)
2026-09-28T14:50:20.3933097Z   [OK]   hyphen is not the em-dash separator (expected 0)
2026-09-28T14:50:20.4125175Z   [OK]   prose mentioning a session mid-line (expected 0)
2026-09-28T14:50:20.4319799Z   [OK]   honest subject QUOTING a prior prefix mid-line (expected 1)
2026-09-28T14:50:20.4507944Z   [OK]   a quoted prefix with no prefix of its own (expected 0)
2026-09-28T14:50:20.4698982Z   [OK]   a prefix after a leading word is not a stack (expected 0)
2026-09-28T14:50:20.4711636Z   [OK]   PREFIX_ACK hatch present (declared passes, silent fails)
2026-09-28T14:50:20.4712999Z — s294-D5 push-credential expiry gate selftest (fake clock: APOLLO_FAKE_TODAY)
2026-09-28T14:50:20.4737210Z   [OK]   the stamped expiry is READ from the ledger, one place, one date (expected 2026-11-06)
2026-09-28T14:50:20.4802212Z   [OK]   far out (2026-01-01) ⇒ OK (expected OK)
2026-09-28T14:50:20.4866820Z   [OK]   15 days out (2026-10-22) ⇒ OK — the boundary is NOT off by one (expected OK)
2026-09-28T14:50:20.4929896Z   [OK]   14 days out (2026-10-23) ⇒ WARN (expected WARN)
2026-09-28T14:50:20.4992534Z   [OK]   1 day out (2026-11-05) ⇒ WARN (expected WARN)
2026-09-28T14:50:20.5055571Z   [OK]   the day itself (2026-11-06) ⇒ WARN, not yet expired (expected WARN)
2026-09-28T14:50:20.5117780Z   [OK]   one day past (2026-11-07) ⇒ EXPIRED (expected EXPIRED)
2026-09-28T14:50:20.5179336Z   [OK]   long past (2027-03-01) ⇒ EXPIRED (expected EXPIRED)
2026-09-28T14:50:20.5241163Z   [OK]   days-remaining is COMPUTED, not narrated (2026-10-30 ⇒ 7) (expected 7)
2026-09-28T14:50:20.5265404Z   [OK]   an unreadable stamp ⇒ UNREADABLE (a refusal, never a pass) (expected UNREADABLE)
2026-09-28T14:50:20.5284931Z   [OK]   with no fake clock the gate reads the REAL date (YYYY-MM-DD shape) (expected 1)
2026-09-28T14:50:20.5304042Z   [OK]   no refusal instructs pasting a credential into chat (s294-D5) (expected 0)
2026-09-28T14:50:20.5331782Z   [OK]   the credential is only TESTED, never printed (no unpiped git config remote.origin.url) (expected 0)
2026-09-28T14:50:20.5396759Z   [OK]   the expiry gate sits AFTER the credential check and BEFORE the push (expected 1)
2026-09-28T14:50:20.5397943Z — s305-D30 push-credential check selftest (fixture repos, no real credential)
2026-09-28T14:50:20.5624263Z   [OK]   clean URL, no helper ⇒ NO credential (the refusal's condition) (expected 0)
2026-09-28T14:50:20.5692894Z   [OK]   clean URL + the repo-local helper ⇒ credential PRESENT (s305-D30) (expected 1)
2026-09-28T14:50:20.5715128Z   [OK]   token-in-URL form still accepted (a pre-#305 seat) (expected 1)
2026-09-28T14:50:20.5784909Z   [OK]   the helper's answer is only TESTED, never printed (expected 0)
2026-09-28T14:50:20.5812395Z ✓ selftest OK — 32 bites: 6 fire, 7 stay silent, 1 hatch present, 14 on the s294-D5 expiry gate, 4 on the s305-D30 credential check
2026-09-28T14:50:20.5847379Z ##[group]Run python3 knowledge/_validate_evidence.py notes/_claims
2026-09-28T14:50:20.5847867Z [36;1mpython3 knowledge/_validate_evidence.py notes/_claims[0m
2026-09-28T14:50:20.5890129Z shell: /usr/bin/bash -e {0}
2026-09-28T14:50:20.5890421Z env:
2026-09-28T14:50:20.5890712Z   pythonLocation: /opt/hostedtoolcache/Python/3.12.14/x64
2026-09-28T14:50:20.5891155Z   PKG_CONFIG_PATH: /opt/hostedtoolcache/Python/3.12.14/x64/lib/pkgconfig
2026-09-28T14:50:20.5891575Z   Python_ROOT_DIR: /opt/hostedtoolcache/Python/3.12.14/x64
2026-09-28T14:50:20.5891953Z   Python2_ROOT_DIR: /opt/hostedtoolcache/Python/3.12.14/x64
2026-09-28T14:50:20.5892326Z   Python3_ROOT_DIR: /opt/hostedtoolcache/Python/3.12.14/x64
2026-09-28T14:50:20.5892882Z   LD_LIBRARY_PATH: /opt/hostedtoolcache/Python/3.12.14/x64/lib
2026-09-28T14:50:20.5893246Z ##[endgroup]
2026-09-28T14:50:52.0581426Z evidence linter: 336 row(s) from 10 file(s) · 297 mechanical
2026-09-28T14:50:52.0586843Z   ⛔ L1-1 — DEAD POINTER: evidence names `tokens/_blast-radius.json`, which does not exist on disk — a dead pointer reads as evidence. If the ABSENCE is the claim, write `absent:tokens/_blast-radius.json`; if the file lives outside the repo, use the ruled s191-D2 marker `(NON-REPO: <where>)`
2026-09-28T14:50:52.0589370Z   ⛔ L1-4 — s182-D1: MECHANICAL row (tag=PROVEN verdict=None) carries NO probeable token — no command, no existing path, no figure. Evidence: "The verbatim gate line in L1-3. ⛔ Do not quote the brief's numbers"
2026-09-28T14:50:52.0591269Z   ⛔ L1-1 — DEAD POINTER: evidence names `tokens/_blast-radius.json`, which does not exist on disk — a dead pointer reads as evidence. If the ABSENCE is the claim, write `absent:tokens/_blast-radius.json`; if the file lives outside the repo, use the ruled s191-D2 marker `(NON-REPO: <where>)`
2026-09-28T14:50:52.0594185Z   ⛔ C-2 — s182-D1: MECHANICAL row (tag=None verdict=CONFIRMED) carries NO probeable token — no command, no existing path, no figure. Evidence: 'The claim table only counted `PROPOSED` in the snippets. The brief (step 3) requires it in'
2026-09-28T14:50:52.0595693Z   ⛔ H-5 — s182-D1: MECHANICAL row (tag=None verdict=CONFIRMED) carries NO probeable token — no command, no existing path, no figure. Evidence: 'C-6 + L1-10: the six are absent from canon, the generators exist, the reconciliation is av'
2026-09-28T14:50:52.0597399Z   ⛔ W2-13 — DEAD POINTER (truncated): evidence names `notes/x.md…`, and NO path on disk starts with it — the trailing ellipsis does not make a dead pointer legal (#208 laundering hole). Write the full path, or `absent:notes/x.md` if the ABSENCE is the claim, or add the ruled `(NON-REPO: <where>)` marker
2026-09-28T14:50:52.0598408Z ── s182-D1 LINT: 6 failure(s)
2026-09-28T14:50:52.0599454Z ── SAMPLER · seed=205 · pool=230 row(s) with a command · 15 with a declared observation (always drawn) · drawn=20: G-c, W1-5, W2-3, W2-3, W46-11, WIRE-10, WIRE-11, WIRE-13, WIRE-14, WIRE-15, WIRE-18, WIRE-19, WIRE-20, WIRE-21, WIRE-3, WIRE-4, WIRE-5, WIRE-6, WIRE-8, WIRE-9
2026-09-28T14:50:52.0600908Z   ⛔ REFUSED [UNSAFE] G-c — `python3 -c "import _gate_doc_rows as g; g.unrowed(store, pop + [('2026-08-19','notes/_briefs/2026-08`
2026-09-28T14:50:52.0601547Z       `python3 -c` runs arbitrary code — cannot be judged read-only
2026-09-28T14:50:52.0602182Z   ⛔ REFUSED [DOES-NOT-TERMINATE] W1-5 — `python3 knowledge/_capture_gate.py --selftest` did not exit within 30s
2026-09-28T14:50:52.0602941Z   ⛔ REFUSED [SIDE-EFFECTS] W2-3 — `python3 knowledge/_state.py`
2026-09-28T14:50:52.0603549Z       a bare `python3` REWRITES its tracked audit output; #204 declared this exact stop. Only --check/--selftest/--dry-run forms are sampled
2026-09-28T14:50:52.0604236Z   ⛔ REFUSED [SIDE-EFFECTS] W2-3 — `python3 knowledge/_state.py`
2026-09-28T14:50:52.0604825Z       a bare `python3` REWRITES its tracked audit output; #204 declared this exact stop. Only --check/--selftest/--dry-run forms are sampled
2026-09-28T14:50:52.0605821Z   ⛔ REFUSED [SIDE-EFFECTS] W46-11 — `python3 knowledge/_memento_search.py "brief generator mint open items fences"`
2026-09-28T14:50:52.0606600Z       a bare `python3` REWRITES its tracked audit output; #204 declared this exact stop. Only --check/--selftest/--dry-run forms are sampled
2026-09-28T14:50:52.0607305Z   ⛔ REFUSED [UNSAFE] WIRE-10 — `bash knowledge/_git_commit.sh --selftest`
2026-09-28T14:50:52.0607733Z       head verb 'bash' is not on the read-only allowlist
2026-09-28T14:50:52.0608319Z   ✅ RAN WIRE-11 — `grep -c 'pat.match(s)' knowledge/_git_commit.sh` → rc=0 (matches declared + OBSERVATION)
2026-09-28T14:50:52.0609006Z   ✅ RAN WIRE-13 — `grep -c PREFIX_ACK knowledge/_git_commit.sh` → rc=0 (matches declared + OBSERVATION)
2026-09-28T14:50:52.0609613Z   ⛔ OBSERVATION MISMATCH WIRE-14 — `python3 knowledge/_build_all.py --selftest`
2026-09-28T14:50:52.0610769Z       stdout does NOT contain 'exact-ID failure routing over 127 steps' (declared expect_stdout_contains). First 120 chars of stdout: '  selftest (a): 154 registered step ID(s), each resolves to exactly one route ✓\n  selftest (b): unknown step ID refuses,'
2026-09-28T14:50:52.0611958Z   ✅ RAN WIRE-15 — `python3 knowledge/_probe_registry/_registry.py --run --probe P-3` → rc=77 (matches declared + OBSERVATION)
2026-09-28T14:50:52.0613488Z   ⛔ REFUSED [SIDE-EFFECTS] WIRE-18 — `python3 knowledge/_validate_evidence.py notes/_claims`
2026-09-28T14:50:52.0614197Z       a bare `python3` REWRITES its tracked audit output; #204 declared this exact stop. Only --check/--selftest/--dry-run forms are sampled
2026-09-28T14:50:52.0615101Z   ⛔ REFUSED [SIDE-EFFECTS] WIRE-19 — `python3 knowledge/_join_claim_tables.py notes/_claims/208-wave1-claims.jsonl notes/_claims/208-wave2`
2026-09-28T14:50:52.0615891Z       a bare `python3` REWRITES its tracked audit output; #204 declared this exact stop. Only --check/--selftest/--dry-run forms are sampled
2026-09-28T14:50:52.0616648Z   ⛔ RC MISMATCH WIRE-20 — `python3 knowledge/_governs.py --selftest` → rc=77, row declares rc=0
2026-09-28T14:50:52.0617298Z   ⛔ OBSERVATION MISMATCH WIRE-21 — `grep -c 'fetch-depth: 0' .github/workflows/gates.yml`
2026-09-28T14:50:52.0617739Z       expect_count=3 declared, command observed 4
2026-09-28T14:50:52.0618318Z   ✅ RAN WIRE-3 — `grep -c expect_stdout_contains knowledge/_claimtable.py` → rc=0 (matches declared + OBSERVATION)
2026-09-28T14:50:52.0619049Z   ✅ RAN WIRE-4 — `python3 knowledge/_validate_evidence.py --selftest` → rc=0 (matches declared + OBSERVATION)
2026-09-28T14:50:52.0619738Z   ✅ RAN WIRE-5 — `python3 knowledge/_validate_evidence.py --selftest` → rc=0 (matches declared + OBSERVATION)
2026-09-28T14:50:52.0620421Z   ✅ RAN WIRE-6 — `python3 knowledge/_validate_evidence.py --selftest` → rc=0 (matches declared + OBSERVATION)
2026-09-28T14:50:52.0621101Z   ✅ RAN WIRE-8 — `python3 knowledge/_validate_evidence.py --selftest` → rc=0 (matches declared + OBSERVATION)
2026-09-28T14:50:52.0622035Z   ⛔ REFUSED [SIDE-EFFECTS] WIRE-9 — `python3 knowledge/_validate_evidence.py notes/_claims/208-wave1-claims.jsonl notes/_claims/208-wave2`
2026-09-28T14:50:52.0622989Z       a bare `python3` REWRITES its tracked audit output; #204 declared this exact stop. Only --check/--selftest/--dry-run forms are sampled
2026-09-28T14:50:52.0623827Z ── DECLARED GAP: 9 of 20 sampled row(s) were NOT run. Refusal is the honest answer; none of them is counted as a pass.
2026-09-28T14:50:52.0624449Z ⛔ EVIDENCE GATE FAIL — 6 lint · 0 unparsed · 3 rc/observation mismatch
2026-09-28T14:50:52.0642600Z ##[error]Process completed with exit code 1.
2026-09-28T14:50:52.0674120Z ##[group]Run python3 knowledge/_gate_artefact_fresh.py --check
2026-09-28T14:50:52.0674584Z [36;1mpython3 knowledge/_gate_artefact_fresh.py --check[0m
2026-09-28T14:50:52.0715534Z shell: /usr/bin/bash -e {0}
2026-09-28T14:50:52.0715816Z env:
2026-09-28T14:50:52.0716098Z   pythonLocation: /opt/hostedtoolcache/Python/3.12.14/x64
2026-09-28T14:50:52.0716561Z   PKG_CONFIG_PATH: /opt/hostedtoolcache/Python/3.12.14/x64/lib/pkgconfig
2026-09-28T14:50:52.0716980Z   Python_ROOT_DIR: /opt/hostedtoolcache/Python/3.12.14/x64
2026-09-28T14:50:52.0717357Z   Python2_ROOT_DIR: /opt/hostedtoolcache/Python/3.12.14/x64
2026-09-28T14:50:52.0717729Z   Python3_ROOT_DIR: /opt/hostedtoolcache/Python/3.12.14/x64
2026-09-28T14:50:52.0718111Z   LD_LIBRARY_PATH: /opt/hostedtoolcache/Python/3.12.14/x64/lib
2026-09-28T14:50:52.0718436Z ##[endgroup]
2026-09-28T14:51:45.7720215Z artefact-freshness comparer (⬛ ADVISORY at birth, #221) — 7 declared row(s)
2026-09-28T14:51:45.7720955Z   method: snapshot -> run the writer -> compare -> RESTORE. The tree is byte-identical
2026-09-28T14:51:45.7721442Z   either side; the md5 line below is the receipt, not a promise.
2026-09-28T14:51:45.7721958Z   ✅ _validate_a11y.py                  FRESH          byte-identical (1 artefact(s))
2026-09-28T14:51:45.7722478Z   ✅ _validate_advisory.py              FRESH          byte-identical (1 artefact(s))
2026-09-28T14:51:45.7723251Z   ✅ _validate_theme_provenance.py      FRESH          byte-identical (1 artefact(s))
2026-09-28T14:51:45.7723791Z   ✅ _build_integrity.py                FRESH          byte-identical (1 artefact(s))
2026-09-28T14:51:45.7724318Z   ✅ _build_instrument_fit.py           FRESH          byte-identical (2 artefact(s))
2026-09-28T14:51:45.7724831Z   ✅ _validate_radius.py                FRESH          byte-identical (1 artefact(s))
2026-09-28T14:51:45.7725342Z   ✅ _validate_no_hardcode.py           FRESH          byte-identical (1 artefact(s))
2026-09-28T14:51:45.7725822Z   tally: 7 FRESH · 0 STALE · 0 COULD-NOT-ASK
2026-09-28T14:51:45.7726379Z   ⬛ ADVISORY: exit 0 regardless of drift. Promotion to blocking is DAVE'S (#220-L1 ruling-shaped Q3).
2026-09-28T14:51:45.7807079Z ##[group]Run python3 knowledge/_gate_inline_style_parse.py --check
2026-09-28T14:51:45.7807574Z [36;1mpython3 knowledge/_gate_inline_style_parse.py --check[0m
2026-09-28T14:51:45.7850334Z shell: /usr/bin/bash -e {0}
2026-09-28T14:51:45.7850651Z env:
2026-09-28T14:51:45.7850943Z   pythonLocation: /opt/hostedtoolcache/Python/3.12.14/x64
2026-09-28T14:51:45.7851369Z   PKG_CONFIG_PATH: /opt/hostedtoolcache/Python/3.12.14/x64/lib/pkgconfig
2026-09-28T14:51:45.7851785Z   Python_ROOT_DIR: /opt/hostedtoolcache/Python/3.12.14/x64
2026-09-28T14:51:45.7852156Z   Python2_ROOT_DIR: /opt/hostedtoolcache/Python/3.12.14/x64
2026-09-28T14:51:45.7852533Z   Python3_ROOT_DIR: /opt/hostedtoolcache/Python/3.12.14/x64
2026-09-28T14:51:45.7853249Z   LD_LIBRARY_PATH: /opt/hostedtoolcache/Python/3.12.14/x64/lib
2026-09-28T14:51:45.7853575Z ##[endgroup]
2026-09-28T14:51:45.9158715Z inline-style parse gate (⬛ ADVISORY at birth, #221 — the #122 seed)
2026-09-28T14:51:45.9159767Z   reader: html.parser (stdlib) · population: 11 file(s) · scope: DEF-004's own property families
2026-09-28T14:51:45.9160873Z   259 style attribute(s) parsed · 0 hardcode finding(s) · 0 PARSER-ONLY (the regex is blind) · 1 REGEX-ONLY (the regex hallucinates)
2026-09-28T14:51:45.9163229Z   ⬛ REGEX-ONLY: Tranche-1-interactive.html — the tree's pattern reads this as a live style attribute; a parse of the static document does NOT. It is in a comment, a <script> string, or a text node: 'margin-top:var(--space-8)'
2026-09-28T14:51:45.9164702Z      ⚠ READ THIS CAREFULLY BEFORE ACTING ON IT — a REGEX-ONLY hit is not
2026-09-28T14:51:45.9165425Z        automatically the regex being wrong. The one on this tree today is inside a
2026-09-28T14:51:45.9166358Z        `card.innerHTML='…'` string, so the static parse is right about the DOCUMENT
2026-09-28T14:51:45.9167263Z        and the value is nonetheless real at RUNTIME. The honest conclusion is that
2026-09-28T14:51:45.9168142Z        NEITHER reader is authoritative over injected markup, and this gate reports
2026-09-28T14:51:45.9168980Z        the disagreement rather than picking a winner. [[measure-dont-convert-units]]
2026-09-28T14:51:45.9170232Z   ✅ every style attribute in the population parses, and every declaration in one is either untouched by DEF-004 or already a token.
2026-09-28T14:51:45.9171811Z   ⬛ ADVISORY: exit 0 regardless. This is ONE parser over the NARROWEST population where a parser would have caught a proved false green (#220-L1 finding 12).
2026-09-28T14:51:45.9173794Z   ⬛ Widening it to the other seven regex gates is PRICED, not built, and whether a non-stdlib CSS parser may enter the gate set is DAVE'S.
2026-09-28T14:51:45.9324392Z Post job cleanup.
2026-09-28T14:51:46.0188311Z [command]/usr/bin/git version
2026-09-28T14:51:46.0227580Z git version 2.55.0
2026-09-28T14:51:46.0265289Z Temporarily overriding HOME='/home/runner/work/_temp/e68a3ed1-a8ab-45ca-9a17-cfadd4485af9' before making global git config changes
2026-09-28T14:51:46.0266582Z Adding repository directory to the temporary git global config as a safe directory
2026-09-28T14:51:46.0271725Z [command]/usr/bin/git config --global --add safe.directory /home/runner/work/UX-design/UX-design
2026-09-28T14:51:46.0307733Z Removing SSH command configuration
2026-09-28T14:51:46.0315150Z [command]/usr/bin/git config --local --name-only --get-regexp core\.sshCommand
2026-09-28T14:51:46.0352368Z [command]/usr/bin/git submodule foreach --recursive sh -c "git config --local --name-only --get-regexp 'core\.sshCommand' && git config --local --unset-all 'core.sshCommand' || :"
2026-09-28T14:51:46.0592230Z Removing HTTP extra header
2026-09-28T14:51:46.0599751Z [command]/usr/bin/git config --local --name-only --get-regexp http\.https\:\/\/github\.com\/\.extraheader
2026-09-28T14:51:46.0637147Z [command]/usr/bin/git submodule foreach --recursive sh -c "git config --local --name-only --get-regexp 'http\.https\:\/\/github\.com\/\.extraheader' && git config --local --unset-all 'http.https://github.com/.extraheader' || :"
2026-09-28T14:51:46.0880406Z Removing includeIf entries pointing to credentials config files
2026-09-28T14:51:46.0890078Z [command]/usr/bin/git config --local --name-only --get-regexp ^includeIf\.gitdir:
2026-09-28T14:51:46.0912442Z includeif.gitdir:/home/runner/work/UX-design/UX-design/.git.path
2026-09-28T14:51:46.0913507Z includeif.gitdir:/home/runner/work/UX-design/UX-design/.git/worktrees/*.path
2026-09-28T14:51:46.0914167Z includeif.gitdir:/github/workspace/.git.path
2026-09-28T14:51:46.0914692Z includeif.gitdir:/github/workspace/.git/worktrees/*.path
2026-09-28T14:51:46.0929863Z [command]/usr/bin/git config --local --get-all includeif.gitdir:/home/runner/work/UX-design/UX-design/.git.path
2026-09-28T14:51:46.0953521Z /home/runner/work/_temp/git-credentials-8d7d8c05-35ab-4b83-841e-00bc3f9d994b.config
2026-09-28T14:51:46.0965828Z [command]/usr/bin/git config --local --unset includeif.gitdir:/home/runner/work/UX-design/UX-design/.git.path /home/runner/work/_temp/git-credentials-8d7d8c05-35ab-4b83-841e-00bc3f9d994b.config
2026-09-28T14:51:46.1005811Z [command]/usr/bin/git config --local --get-all includeif.gitdir:/home/runner/work/UX-design/UX-design/.git/worktrees/*.path
2026-09-28T14:51:46.1027899Z /home/runner/work/_temp/git-credentials-8d7d8c05-35ab-4b83-841e-00bc3f9d994b.config
2026-09-28T14:51:46.1037606Z [command]/usr/bin/git config --local --unset includeif.gitdir:/home/runner/work/UX-design/UX-design/.git/worktrees/*.path /home/runner/work/_temp/git-credentials-8d7d8c05-35ab-4b83-841e-00bc3f9d994b.config
2026-09-28T14:51:46.1074969Z [command]/usr/bin/git config --local --get-all includeif.gitdir:/github/workspace/.git.path
2026-09-28T14:51:46.1104693Z /github/runner_temp/git-credentials-8d7d8c05-35ab-4b83-841e-00bc3f9d994b.config
2026-09-28T14:51:46.1112190Z [command]/usr/bin/git config --local --unset includeif.gitdir:/github/workspace/.git.path /github/runner_temp/git-credentials-8d7d8c05-35ab-4b83-841e-00bc3f9d994b.config
2026-09-28T14:51:46.1146264Z [command]/usr/bin/git config --local --get-all includeif.gitdir:/github/workspace/.git/worktrees/*.path
2026-09-28T14:51:46.1166915Z /github/runner_temp/git-credentials-8d7d8c05-35ab-4b83-841e-00bc3f9d994b.config
2026-09-28T14:51:46.1175347Z [command]/usr/bin/git config --local --unset includeif.gitdir:/github/workspace/.git/worktrees/*.path /github/runner_temp/git-credentials-8d7d8c05-35ab-4b83-841e-00bc3f9d994b.config
2026-09-28T14:51:46.1212166Z [command]/usr/bin/git submodule foreach --recursive git config --local --show-origin --name-only --get-regexp remote.origin.url
2026-09-28T14:51:46.1421275Z Removing credentials config '/home/runner/work/_temp/git-credentials-8d7d8c05-35ab-4b83-841e-00bc3f9d994b.config'
2026-09-28T14:51:46.1564023Z Cleaning up orphan processes
