2026-09-27T00:08:27.2222941Z Current runner version: '2.337.0'
2026-09-27T00:08:27.2256834Z ##[group]Runner Image Provisioner
2026-09-27T00:08:27.2258568Z Hosted Compute Agent
2026-09-27T00:08:27.2259548Z Version: 20260828.587
2026-09-27T00:08:27.2260546Z Commit: abac92662cab4cc7352de4f9f9d2e2419aad9c29
2026-09-27T00:08:27.2261934Z Build Date: 2026-08-28T16:44:25Z
2026-09-27T00:08:27.2263083Z Worker ID: {a7999bf6-89cf-47a6-a754-63f000e3b683}
2026-09-27T00:08:27.2264380Z Azure Region: eastus2
2026-09-27T00:08:27.2265371Z ##[endgroup]
2026-09-27T00:08:27.2268383Z ##[group]Operating System
2026-09-27T00:08:27.2269460Z Ubuntu
2026-09-27T00:08:27.2270319Z 24.04.5
2026-09-27T00:08:27.2271237Z LTS
2026-09-27T00:08:27.2272126Z ##[endgroup]
2026-09-27T00:08:27.2273071Z ##[group]Runner Image
2026-09-27T00:08:27.2274169Z Image: ubuntu-24.04
2026-09-27T00:08:27.2275162Z Version: 20260920.314.1
2026-09-27T00:08:27.2277548Z Included Software: https://github.com/actions/runner-images/blob/ubuntu24/20260920.314/images/ubuntu/Ubuntu2404-Readme.md
2026-09-27T00:08:27.2280436Z Image Release: https://github.com/actions/runner-images/releases/tag/ubuntu24%2F20260920.314
2026-09-27T00:08:27.2282155Z ##[endgroup]
2026-09-27T00:08:27.2284207Z ##[group]GITHUB_TOKEN Permissions
2026-09-27T00:08:27.2287078Z Contents: read
2026-09-27T00:08:27.2288401Z Metadata: read
2026-09-27T00:08:27.2289365Z Packages: read
2026-09-27T00:08:27.2290253Z ##[endgroup]
2026-09-27T00:08:27.2293318Z Secret source: Actions
2026-09-27T00:08:27.2294788Z Cache mode: write
2026-09-27T00:08:27.2296309Z Prepare workflow directory
2026-09-27T00:08:27.2762311Z Prepare all required actions
2026-09-27T00:08:27.2832722Z Getting action download info
2026-09-27T00:08:27.5039061Z Download action repository 'actions/checkout@v6' (SHA:d23441a48e516b6c34aea4fa41551a30e30af803)
2026-09-27T00:08:27.5991855Z Download action repository 'actions/setup-python@v6' (SHA:ece7cb06caefa5fff74198d8649806c4678c61a1)
2026-09-27T00:08:27.7808823Z Complete job name: gates
2026-09-27T00:08:27.8604946Z ##[group]Run actions/checkout@v6
2026-09-27T00:08:27.8605831Z with:
2026-09-27T00:08:27.8606264Z   fetch-depth: 0
2026-09-27T00:08:27.8606746Z   repository: daveasewen/UX-design
2026-09-27T00:08:27.8610725Z   token: ***
2026-09-27T00:08:27.8611164Z   ssh-strict: true
2026-09-27T00:08:27.8611601Z   ssh-user: git
2026-09-27T00:08:27.8612038Z   persist-credentials: true
2026-09-27T00:08:27.8612521Z   clean: true
2026-09-27T00:08:27.8612962Z   sparse-checkout-cone-mode: true
2026-09-27T00:08:27.8613489Z   fetch-tags: false
2026-09-27T00:08:27.8613925Z   show-progress: true
2026-09-27T00:08:27.8614637Z   lfs: false
2026-09-27T00:08:27.8615069Z   submodules: false
2026-09-27T00:08:27.8615523Z   set-safe-directory: true
2026-09-27T00:08:27.8616032Z   allow-unsafe-pr-checkout: false
2026-09-27T00:08:27.8616873Z ##[endgroup]
2026-09-27T00:08:27.9609331Z Syncing repository: daveasewen/UX-design
2026-09-27T00:08:27.9611839Z ##[group]Getting Git version info
2026-09-27T00:08:27.9613058Z Working directory is '/home/runner/work/UX-design/UX-design'
2026-09-27T00:08:27.9614683Z [command]/usr/bin/git version
2026-09-27T00:08:27.9696239Z git version 2.55.0
2026-09-27T00:08:27.9739014Z ##[endgroup]
2026-09-27T00:08:27.9746443Z Temporarily overriding HOME='/home/runner/work/_temp/7ffb17f6-b190-4b1f-9ad0-8a90f7f91aae' before making global git config changes
2026-09-27T00:08:27.9749158Z Adding repository directory to the temporary git global config as a safe directory
2026-09-27T00:08:27.9751635Z [command]/usr/bin/git config --global --add safe.directory /home/runner/work/UX-design/UX-design
2026-09-27T00:08:27.9797980Z Deleting the contents of '/home/runner/work/UX-design/UX-design'
2026-09-27T00:08:27.9803730Z ##[group]Determining repository object format
2026-09-27T00:08:27.9806358Z ##[endgroup]
2026-09-27T00:08:27.9807982Z ##[group]Initializing the repository
2026-09-27T00:08:27.9812049Z [command]/usr/bin/git init /home/runner/work/UX-design/UX-design
2026-09-27T00:08:27.9935441Z hint: Using 'master' as the name for the initial branch. This default branch name
2026-09-27T00:08:27.9937737Z hint: will change to "main" in Git 3.0. To configure the initial branch name
2026-09-27T00:08:27.9938734Z hint: to use in all of your new repositories, which will suppress this warning,
2026-09-27T00:08:27.9939470Z hint: call:
2026-09-27T00:08:27.9939867Z hint:
2026-09-27T00:08:27.9940384Z hint: 	git config --global init.defaultBranch <name>
2026-09-27T00:08:27.9940999Z hint:
2026-09-27T00:08:27.9941587Z hint: Names commonly chosen instead of 'master' are 'main', 'trunk' and
2026-09-27T00:08:27.9942523Z hint: 'development'. The just-created branch can be renamed via this command:
2026-09-27T00:08:27.9943250Z hint:
2026-09-27T00:08:27.9943663Z hint: 	git branch -m <name>
2026-09-27T00:08:27.9944137Z hint:
2026-09-27T00:08:27.9944808Z hint: Disable this message with "git config set advice.defaultBranchName false"
2026-09-27T00:08:27.9950624Z Initialized empty Git repository in /home/runner/work/UX-design/UX-design/.git/
2026-09-27T00:08:27.9961740Z [command]/usr/bin/git remote add origin https://github.com/daveasewen/UX-design
2026-09-27T00:08:28.0010394Z ##[endgroup]
2026-09-27T00:08:28.0011583Z ##[group]Disabling automatic garbage collection
2026-09-27T00:08:28.0015125Z [command]/usr/bin/git config --local gc.auto 0
2026-09-27T00:08:28.0046403Z ##[endgroup]
2026-09-27T00:08:28.0048000Z ##[group]Setting up auth
2026-09-27T00:08:28.0048821Z Removing SSH command configuration
2026-09-27T00:08:28.0053610Z [command]/usr/bin/git config --local --name-only --get-regexp core\.sshCommand
2026-09-27T00:08:28.0087530Z [command]/usr/bin/git submodule foreach --recursive sh -c "git config --local --name-only --get-regexp 'core\.sshCommand' && git config --local --unset-all 'core.sshCommand' || :"
2026-09-27T00:08:28.0488500Z Removing HTTP extra header
2026-09-27T00:08:28.0495708Z [command]/usr/bin/git config --local --name-only --get-regexp http\.https\:\/\/github\.com\/\.extraheader
2026-09-27T00:08:28.0538375Z [command]/usr/bin/git submodule foreach --recursive sh -c "git config --local --name-only --get-regexp 'http\.https\:\/\/github\.com\/\.extraheader' && git config --local --unset-all 'http.https://github.com/.extraheader' || :"
2026-09-27T00:08:28.0755971Z Removing includeIf entries pointing to credentials config files
2026-09-27T00:08:28.0762999Z [command]/usr/bin/git config --local --name-only --get-regexp ^includeIf\.gitdir:
2026-09-27T00:08:28.0798892Z [command]/usr/bin/git submodule foreach --recursive git config --local --show-origin --name-only --get-regexp remote.origin.url
2026-09-27T00:08:28.1024323Z [command]/usr/bin/git config --file /home/runner/work/_temp/git-credentials-d18e12d0-a403-4470-9ef2-83fe0085411f.config http.https://github.com/.extraheader AUTHORIZATION: basic ***
2026-09-27T00:08:28.1066404Z [command]/usr/bin/git config --local includeIf.gitdir:/home/runner/work/UX-design/UX-design/.git.path /home/runner/work/_temp/git-credentials-d18e12d0-a403-4470-9ef2-83fe0085411f.config
2026-09-27T00:08:28.1102231Z [command]/usr/bin/git config --local includeIf.gitdir:/home/runner/work/UX-design/UX-design/.git/worktrees/*.path /home/runner/work/_temp/git-credentials-d18e12d0-a403-4470-9ef2-83fe0085411f.config
2026-09-27T00:08:28.1143118Z [command]/usr/bin/git config --local includeIf.gitdir:/github/workspace/.git.path /github/runner_temp/git-credentials-d18e12d0-a403-4470-9ef2-83fe0085411f.config
2026-09-27T00:08:28.1202817Z [command]/usr/bin/git config --local includeIf.gitdir:/github/workspace/.git/worktrees/*.path /github/runner_temp/git-credentials-d18e12d0-a403-4470-9ef2-83fe0085411f.config
2026-09-27T00:08:28.1233395Z ##[endgroup]
2026-09-27T00:08:28.1234183Z ##[group]Fetching the repository
2026-09-27T00:08:28.1242025Z [command]/usr/bin/git -c protocol.version=2 fetch --no-tags --prune --no-recurse-submodules origin +refs/heads/*:refs/remotes/origin/* +refs/tags/*:refs/tags/*
2026-09-27T00:08:53.1726802Z From https://github.com/daveasewen/UX-design
2026-09-27T00:08:53.1728485Z  * [new branch]        master     -> origin/master
2026-09-27T00:08:53.1740260Z [command]/usr/bin/git branch --list --remote origin/master
2026-09-27T00:08:53.1770992Z   origin/master
2026-09-27T00:08:53.1780637Z [command]/usr/bin/git rev-parse refs/remotes/origin/master
2026-09-27T00:08:53.1806642Z 862494592c20173c760247cdc429184760fc46c3
2026-09-27T00:08:53.1811586Z ##[endgroup]
2026-09-27T00:08:53.1812190Z ##[group]Determining the checkout info
2026-09-27T00:08:53.1813200Z ##[endgroup]
2026-09-27T00:08:53.1817584Z [command]/usr/bin/git sparse-checkout disable
2026-09-27T00:08:53.1871920Z [command]/usr/bin/git config --local --unset-all extensions.worktreeConfig
2026-09-27T00:08:53.1902569Z ##[group]Checking out the ref
2026-09-27T00:08:53.1906455Z [command]/usr/bin/git checkout --progress --force -B master refs/remotes/origin/master
2026-09-27T00:08:54.2107047Z Updating files:  20% (2229/10858)
2026-09-27T00:08:54.2595933Z Updating files:  21% (2281/10858)
2026-09-27T00:08:54.2638207Z Updating files:  22% (2389/10858)
2026-09-27T00:08:54.2684237Z Updating files:  23% (2498/10858)
2026-09-27T00:08:54.2725900Z Updating files:  24% (2606/10858)
2026-09-27T00:08:54.2768344Z Updating files:  25% (2715/10858)
2026-09-27T00:08:54.2812097Z Updating files:  26% (2824/10858)
2026-09-27T00:08:54.2854634Z Updating files:  27% (2932/10858)
2026-09-27T00:08:54.3219327Z Updating files:  28% (3041/10858)
2026-09-27T00:08:54.3883238Z Updating files:  29% (3149/10858)
2026-09-27T00:08:54.4507481Z Updating files:  30% (3258/10858)
2026-09-27T00:08:54.4582235Z Updating files:  31% (3366/10858)
2026-09-27T00:08:54.4675014Z Updating files:  32% (3475/10858)
2026-09-27T00:08:54.4781938Z Updating files:  33% (3584/10858)
2026-09-27T00:08:54.4917841Z Updating files:  34% (3692/10858)
2026-09-27T00:08:54.5067534Z Updating files:  35% (3801/10858)
2026-09-27T00:08:54.5705204Z Updating files:  36% (3909/10858)
2026-09-27T00:08:54.5787496Z Updating files:  37% (4018/10858)
2026-09-27T00:08:54.5887985Z Updating files:  38% (4127/10858)
2026-09-27T00:08:54.6427188Z Updating files:  39% (4235/10858)
2026-09-27T00:08:54.6717227Z Updating files:  40% (4344/10858)
2026-09-27T00:08:54.7060878Z Updating files:  41% (4452/10858)
2026-09-27T00:08:54.7164889Z Updating files:  42% (4561/10858)
2026-09-27T00:08:54.7245752Z Updating files:  43% (4669/10858)
2026-09-27T00:08:54.9190891Z Updating files:  44% (4778/10858)
2026-09-27T00:08:54.9755455Z Updating files:  45% (4887/10858)
2026-09-27T00:08:55.0071201Z Updating files:  46% (4995/10858)
2026-09-27T00:08:55.1575762Z Updating files:  47% (5104/10858)
2026-09-27T00:08:55.2032412Z Updating files:  48% (5212/10858)
2026-09-27T00:08:55.2373220Z Updating files:  48% (5241/10858)
2026-09-27T00:08:55.2683192Z Updating files:  49% (5321/10858)
2026-09-27T00:08:55.3111541Z Updating files:  50% (5429/10858)
2026-09-27T00:08:55.3617347Z Updating files:  51% (5538/10858)
2026-09-27T00:08:55.4017133Z Updating files:  52% (5647/10858)
2026-09-27T00:08:55.4094863Z Updating files:  53% (5755/10858)
2026-09-27T00:08:55.4235860Z Updating files:  54% (5864/10858)
2026-09-27T00:08:55.4430592Z Updating files:  55% (5972/10858)
2026-09-27T00:08:55.4682945Z Updating files:  56% (6081/10858)
2026-09-27T00:08:55.5224181Z Updating files:  57% (6190/10858)
2026-09-27T00:08:55.5704382Z Updating files:  58% (6298/10858)
2026-09-27T00:08:55.8154078Z Updating files:  59% (6407/10858)
2026-09-27T00:08:55.9098817Z Updating files:  60% (6515/10858)
2026-09-27T00:08:55.9919856Z Updating files:  61% (6624/10858)
2026-09-27T00:08:56.0610976Z Updating files:  62% (6732/10858)
2026-09-27T00:08:56.0886517Z Updating files:  63% (6841/10858)
2026-09-27T00:08:56.1034846Z Updating files:  64% (6950/10858)
2026-09-27T00:08:56.1684457Z Updating files:  65% (7058/10858)
2026-09-27T00:08:56.2032549Z Updating files:  66% (7167/10858)
2026-09-27T00:08:56.2762277Z Updating files:  66% (7203/10858)
2026-09-27T00:08:56.3240221Z Updating files:  67% (7275/10858)
2026-09-27T00:08:56.3425371Z Updating files:  68% (7384/10858)
2026-09-27T00:08:56.3568569Z Updating files:  69% (7493/10858)
2026-09-27T00:08:56.3794223Z Updating files:  70% (7601/10858)
2026-09-27T00:08:56.4035158Z Updating files:  71% (7710/10858)
2026-09-27T00:08:56.4217209Z Updating files:  72% (7818/10858)
2026-09-27T00:08:56.4801426Z Updating files:  73% (7927/10858)
2026-09-27T00:08:56.5719108Z Updating files:  74% (8035/10858)
2026-09-27T00:08:56.6432762Z Updating files:  75% (8144/10858)
2026-09-27T00:08:56.6708828Z Updating files:  76% (8253/10858)
2026-09-27T00:08:56.6864415Z Updating files:  77% (8361/10858)
2026-09-27T00:08:56.7016090Z Updating files:  78% (8470/10858)
2026-09-27T00:08:56.7140801Z Updating files:  79% (8578/10858)
2026-09-27T00:08:56.7247910Z Updating files:  80% (8687/10858)
2026-09-27T00:08:56.7371083Z Updating files:  81% (8795/10858)
2026-09-27T00:08:56.7730820Z Updating files:  82% (8904/10858)
2026-09-27T00:08:56.8418343Z Updating files:  83% (9013/10858)
2026-09-27T00:08:56.8583255Z Updating files:  84% (9121/10858)
2026-09-27T00:08:56.8633719Z Updating files:  85% (9230/10858)
2026-09-27T00:08:56.8684846Z Updating files:  86% (9338/10858)
2026-09-27T00:08:56.8951586Z Updating files:  87% (9447/10858)
2026-09-27T00:08:56.9252973Z Updating files:  88% (9556/10858)
2026-09-27T00:08:56.9821004Z Updating files:  89% (9664/10858)
2026-09-27T00:08:57.0876027Z Updating files:  90% (9773/10858)
2026-09-27T00:08:57.1271765Z Updating files:  91% (9881/10858)
2026-09-27T00:08:57.1627663Z Updating files:  92% (9990/10858)
2026-09-27T00:08:57.1784639Z Updating files:  93% (10098/10858)
2026-09-27T00:08:57.2067881Z Updating files:  94% (10207/10858)
2026-09-27T00:08:57.2195515Z Updating files:  94% (10293/10858)
2026-09-27T00:08:57.2481388Z Updating files:  95% (10316/10858)
2026-09-27T00:08:57.2613499Z Updating files:  96% (10424/10858)
2026-09-27T00:08:57.2702713Z Updating files:  97% (10533/10858)
2026-09-27T00:08:57.2985169Z Updating files:  98% (10641/10858)
2026-09-27T00:08:57.3284883Z Updating files:  99% (10750/10858)
2026-09-27T00:08:57.3285617Z Updating files: 100% (10858/10858)
2026-09-27T00:08:57.3286333Z Updating files: 100% (10858/10858), done.
2026-09-27T00:08:57.3401546Z Reset branch 'master'
2026-09-27T00:08:57.3404909Z branch 'master' set up to track 'origin/master'.
2026-09-27T00:08:57.3499167Z ##[endgroup]
2026-09-27T00:08:57.3546838Z [command]/usr/bin/git log -1 --format=%H
2026-09-27T00:08:57.3576189Z 862494592c20173c760247cdc429184760fc46c3
2026-09-27T00:08:57.3897492Z ##[group]Run actions/setup-python@v6
2026-09-27T00:08:57.3897839Z with:
2026-09-27T00:08:57.3898043Z   python-version: 3.12
2026-09-27T00:08:57.3898274Z   check-latest: false
2026-09-27T00:08:57.3900764Z   token: ***
2026-09-27T00:08:57.3900984Z   update-environment: true
2026-09-27T00:08:57.3901235Z   allow-prereleases: false
2026-09-27T00:08:57.3901470Z   freethreaded: false
2026-09-27T00:08:57.3901684Z ##[endgroup]
2026-09-27T00:08:57.5178408Z ##[group]Installed versions
2026-09-27T00:08:57.5308034Z Successfully set up CPython (3.12.14)
2026-09-27T00:08:57.5309081Z ##[endgroup]
2026-09-27T00:08:57.5495276Z ##[group]Run pip install tiktoken jsonschema
2026-09-27T00:08:57.5495894Z [36;1mpip install tiktoken jsonschema[0m
2026-09-27T00:08:57.5848756Z shell: /usr/bin/bash -e {0}
2026-09-27T00:08:57.5849094Z env:
2026-09-27T00:08:57.5849420Z   pythonLocation: /opt/hostedtoolcache/Python/3.12.14/x64
2026-09-27T00:08:57.5849977Z   PKG_CONFIG_PATH: /opt/hostedtoolcache/Python/3.12.14/x64/lib/pkgconfig
2026-09-27T00:08:57.5850489Z   Python_ROOT_DIR: /opt/hostedtoolcache/Python/3.12.14/x64
2026-09-27T00:08:57.5850954Z   Python2_ROOT_DIR: /opt/hostedtoolcache/Python/3.12.14/x64
2026-09-27T00:08:57.5851414Z   Python3_ROOT_DIR: /opt/hostedtoolcache/Python/3.12.14/x64
2026-09-27T00:08:57.5851881Z   LD_LIBRARY_PATH: /opt/hostedtoolcache/Python/3.12.14/x64/lib
2026-09-27T00:08:57.5852276Z ##[endgroup]
2026-09-27T00:08:58.5530701Z Collecting tiktoken
2026-09-27T00:08:58.6258164Z   Downloading tiktoken-0.14.0-cp312-cp312-manylinux_2_28_x86_64.whl.metadata (6.7 kB)
2026-09-27T00:08:58.6531662Z Collecting jsonschema
2026-09-27T00:08:58.6609199Z   Downloading jsonschema-4.26.0-py3-none-any.whl.metadata (7.6 kB)
2026-09-27T00:08:59.0662000Z Collecting regex (from tiktoken)
2026-09-27T00:08:59.0743296Z   Downloading regex-2026.9.10-cp312-cp312-manylinux2014_x86_64.manylinux_2_17_x86_64.manylinux_2_28_x86_64.whl.metadata (40 kB)
2026-09-27T00:08:59.1120584Z Collecting requests (from tiktoken)
2026-09-27T00:08:59.1206233Z   Downloading requests-2.34.2-py3-none-any.whl.metadata (4.8 kB)
2026-09-27T00:08:59.1401864Z Collecting attrs>=22.2.0 (from jsonschema)
2026-09-27T00:08:59.1477766Z   Downloading attrs-26.1.0-py3-none-any.whl.metadata (8.8 kB)
2026-09-27T00:08:59.1643548Z Collecting jsonschema-specifications>=2023.03.6 (from jsonschema)
2026-09-27T00:08:59.1719143Z   Downloading jsonschema_specifications-2025.9.1-py3-none-any.whl.metadata (2.9 kB)
2026-09-27T00:08:59.1983417Z Collecting referencing>=0.28.4 (from jsonschema)
2026-09-27T00:08:59.2060258Z   Downloading referencing-0.37.0-py3-none-any.whl.metadata (2.8 kB)
2026-09-27T00:08:59.4517986Z Collecting rpds-py>=0.25.0 (from jsonschema)
2026-09-27T00:08:59.4600729Z   Downloading rpds_py-2026.6.3-cp312-cp312-manylinux_2_17_x86_64.manylinux2014_x86_64.whl.metadata (4.1 kB)
2026-09-27T00:08:59.4842852Z Collecting typing-extensions>=4.4.0 (from referencing>=0.28.4->jsonschema)
2026-09-27T00:08:59.4920487Z   Downloading typing_extensions-4.16.0-py3-none-any.whl.metadata (3.3 kB)
2026-09-27T00:08:59.6192709Z Collecting charset_normalizer<4,>=2 (from requests->tiktoken)
2026-09-27T00:08:59.6276019Z   Downloading charset_normalizer-3.5.1-cp312-cp312-manylinux2014_x86_64.manylinux_2_17_x86_64.manylinux_2_28_x86_64.whl.metadata (45 kB)
2026-09-27T00:08:59.6512541Z Collecting idna<4,>=2.5 (from requests->tiktoken)
2026-09-27T00:08:59.6587492Z   Downloading idna-3.20-py3-none-any.whl.metadata (7.2 kB)
2026-09-27T00:08:59.6832300Z Collecting urllib3<3,>=1.26 (from requests->tiktoken)
2026-09-27T00:08:59.6909606Z   Downloading urllib3-2.8.0-py3-none-any.whl.metadata (7.4 kB)
2026-09-27T00:08:59.7112074Z Collecting certifi>=2023.5.7 (from requests->tiktoken)
2026-09-27T00:08:59.7187658Z   Downloading certifi-2026.7.22-py3-none-any.whl.metadata (2.5 kB)
2026-09-27T00:08:59.7306980Z Downloading tiktoken-0.14.0-cp312-cp312-manylinux_2_28_x86_64.whl (1.2 MB)
2026-09-27T00:08:59.8134359Z    ━━━━━━━━━━━━━━━━━━━━━━━━━━━━━━━━━━━━━━━━ 1.2/1.2 MB 15.9 MB/s  0:00:00
2026-09-27T00:08:59.8211049Z Downloading jsonschema-4.26.0-py3-none-any.whl (90 kB)
2026-09-27T00:08:59.8336019Z Downloading attrs-26.1.0-py3-none-any.whl (67 kB)
2026-09-27T00:08:59.8444758Z Downloading jsonschema_specifications-2025.9.1-py3-none-any.whl (18 kB)
2026-09-27T00:08:59.8547347Z Downloading referencing-0.37.0-py3-none-any.whl (26 kB)
2026-09-27T00:08:59.8642416Z Downloading rpds_py-2026.6.3-cp312-cp312-manylinux_2_17_x86_64.manylinux2014_x86_64.whl (366 kB)
2026-09-27T00:08:59.8879249Z Downloading typing_extensions-4.16.0-py3-none-any.whl (45 kB)
2026-09-27T00:08:59.8993066Z Downloading regex-2026.9.10-cp312-cp312-manylinux2014_x86_64.manylinux_2_17_x86_64.manylinux_2_28_x86_64.whl (804 kB)
2026-09-27T00:08:59.9335481Z    ━━━━━━━━━━━━━━━━━━━━━━━━━━━━━━━━━━━━━━━━ 804.6/804.6 kB 23.3 MB/s  0:00:00
2026-09-27T00:08:59.9412724Z Downloading requests-2.34.2-py3-none-any.whl (73 kB)
2026-09-27T00:08:59.9526687Z Downloading charset_normalizer-3.5.1-cp312-cp312-manylinux2014_x86_64.manylinux_2_17_x86_64.manylinux_2_28_x86_64.whl (248 kB)
2026-09-27T00:08:59.9693220Z Downloading idna-3.20-py3-none-any.whl (69 kB)
2026-09-27T00:08:59.9795010Z Downloading urllib3-2.8.0-py3-none-any.whl (135 kB)
2026-09-27T00:08:59.9913124Z Downloading certifi-2026.7.22-py3-none-any.whl (136 kB)
2026-09-27T00:09:00.0831919Z Installing collected packages: urllib3, typing-extensions, rpds-py, regex, idna, charset_normalizer, certifi, attrs, requests, referencing, tiktoken, jsonschema-specifications, jsonschema
2026-09-27T00:09:00.6225837Z 
2026-09-27T00:09:00.6244393Z Successfully installed attrs-26.1.0 certifi-2026.7.22 charset_normalizer-3.5.1 idna-3.20 jsonschema-4.26.0 jsonschema-specifications-2025.9.1 referencing-0.37.0 regex-2026.9.10 requests-2.34.2 rpds-py-2026.6.3 tiktoken-0.14.0 typing-extensions-4.16.0 urllib3-2.8.0
2026-09-27T00:09:00.6869737Z ##[group]Run python3 knowledge/_build_survey.py --timeout 60
2026-09-27T00:09:00.6870225Z [36;1mpython3 knowledge/_build_survey.py --timeout 60[0m
2026-09-27T00:09:00.6936946Z shell: /usr/bin/bash -e {0}
2026-09-27T00:09:00.6937211Z env:
2026-09-27T00:09:00.6937719Z   pythonLocation: /opt/hostedtoolcache/Python/3.12.14/x64
2026-09-27T00:09:00.6938187Z   PKG_CONFIG_PATH: /opt/hostedtoolcache/Python/3.12.14/x64/lib/pkgconfig
2026-09-27T00:09:00.6938648Z   Python_ROOT_DIR: /opt/hostedtoolcache/Python/3.12.14/x64
2026-09-27T00:09:00.6939054Z   Python2_ROOT_DIR: /opt/hostedtoolcache/Python/3.12.14/x64
2026-09-27T00:09:00.6939460Z   Python3_ROOT_DIR: /opt/hostedtoolcache/Python/3.12.14/x64
2026-09-27T00:09:00.6939878Z   LD_LIBRARY_PATH: /opt/hostedtoolcache/Python/3.12.14/x64/lib
2026-09-27T00:09:00.6940221Z ##[endgroup]
2026-09-27T00:12:34.4421517Z — 148 steps read from _build_all.STEPS by ast (never imported) · per-step timeout 60s · non-mutating steps only
2026-09-27T00:12:34.4422372Z 
2026-09-27T00:12:34.4422848Z   ✅ [ 3] token blast-radius + graph report — determinism/staleness chec
2026-09-27T00:12:34.4423618Z   ✅ [ 4] token blast-radius + graph report selftest (#79 P6)
2026-09-27T00:12:34.4424429Z   ✅ [ 9] help-gate selftest — 5 mutation bites (#158 class gate)
2026-09-27T00:12:34.4425182Z   ✅ [11] assertion veracity selftest — verbs bite + registry well-forme
2026-09-27T00:12:34.4426090Z   ⊘ [13] capture/provenance selftest (Memento §4.1)  COULD-NOT-ASK
2026-09-27T00:12:34.4426959Z   ✅ [14] gauge-tokens selftest -- counting path + cache + degraded-meas
2026-09-27T00:12:34.4427999Z   ✅ [15] roll-state measurer selftest (#77 T1)
2026-09-27T00:12:34.4428736Z   ✅ [16] commit-seam harness — _git_commit.sh fixture-repo arms (#78-D1
2026-09-27T00:12:34.4429477Z   ✅ [17] GM/LS mover selftest — hardened move mechanics (M5)
2026-09-27T00:12:34.4430200Z   ✅ [18] section-usage instrumentation selftest (#23)
2026-09-27T00:12:34.4430985Z   ✅ [20] lane records determinism check (O1′ #24)
2026-09-27T00:12:34.4431818Z   ✅ [21] lane records selftest — schema refusals + routing contract (O1
2026-09-27T00:12:34.4432389Z   ✅ [26] worklist store selftest — schema presence gates incl. priority
2026-09-27T00:12:34.4432888Z   ✅ [28] decision-graph selftest — conflict gate bites on unresolved/op
2026-09-27T00:12:34.4433377Z   ✅ [29] spine-writer selftest — splice invariants + no-half-writes (#7
2026-09-27T00:12:34.4434163Z   ✅ [38] component-partials sync — AUTO-PARTIAL injection + contracts (
2026-09-27T00:12:34.4434965Z   ✅ [39] component-partials selftest (ADR-0013)
2026-09-27T00:12:34.4435771Z   ✅ [40] token-set distribution sync — AUTO-TOKENS injection (s121-D1)
2026-09-27T00:12:34.4436565Z   ✅ [41] token-set distribution selftest (s121-D1)
2026-09-27T00:12:34.4437223Z   ✅ [43] Behaviour contract selftest (ADR-0015)
2026-09-27T00:12:34.4438223Z   ✅ [45] canon components determinism check (ADR-0013 ruling 4)
2026-09-27T00:12:34.4439017Z   ✅ [47] partial-ratchet selftest (ADR-0013)
2026-09-27T00:12:34.4439756Z   ✅ [50] theme cascade sync — [data-apollo-theme] layer (ADR-0011)
2026-09-27T00:12:34.4440486Z   ✅ [51] theme cascade selftest (ADR-0014)
2026-09-27T00:12:34.4441125Z   ✅ [53] state-snap selftest (ADR-0014)
2026-09-27T00:12:34.4441856Z   ✅ [55] stale-queue selftest — 13 bites incl. both mutation directions
2026-09-27T00:12:34.4442343Z   ✅ [57] palette-tier selftest — 10 mutation bites (s157-D2)
2026-09-27T00:12:34.4442805Z   ✅ [59] showroom sync — generated component library (RULED 2026-07-21)
2026-09-27T00:12:34.4443311Z   ✅ [60] showroom URL-rebase selftest — the srcdoc base-URL trap (2026-
2026-09-27T00:12:34.4443864Z   ⊘ [61] dashboard sync — generated progress dashboard (RULED #164, bui  COULD-NOT-ASK
2026-09-27T00:12:34.4444352Z   ✅ [67] a11y target-measurement selftest (s114-D5)
2026-09-27T00:12:34.4444691Z   ✅ [70] wiring gate selftest — 4 bites
2026-09-27T00:12:34.4445148Z   ⊘ [74] state-contrast gate selftest — paint stack, report arithmetic,  COULD-NOT-ASK
2026-09-27T00:12:34.4446141Z   ✅ [76] type-composites selftest
2026-09-27T00:12:34.4446469Z   ✅ [85] KG edge gate selftest (6 bites)
2026-09-27T00:12:34.4446804Z   ✅ [87] Token fork-ban selftest (2-direction)
2026-09-27T00:12:34.4447235Z   ✅ [91] binds-resolve selftest — 5 bites incl. any-store clause (#146)
2026-09-27T00:12:34.4450816Z   ✅ [93] chart-intent resolve selftest — 4 bites incl. list case + abse
2026-09-27T00:12:34.4451358Z   ✅ [95] roles/answers resolve selftest — 15 bites incl. in-role priori
2026-09-27T00:12:34.4451857Z   ✅ [97] DataViz gate selftest — bite-tests dv-004 + the dtype vocabula
2026-09-27T00:12:34.4452352Z   ✅ [99] property-resolves gate C2 selftest — 4 bites + a bite-the-bite
2026-09-27T00:12:34.4452875Z   ✅ [101] dataviz var-resolution gate selftest — 8 arms incl. alias chai
2026-09-27T00:12:34.4453411Z   ✅ [103] minted-consumption selftest — 10 arms incl. both false-positiv
2026-09-27T00:12:34.4453928Z   ✅ [105] hidden-attr display selftest — 16 bites incl. the real #218 mu
2026-09-27T00:12:34.4454363Z   ✅ [110] consult tool selftest (advisory)
2026-09-27T00:12:34.4454773Z   ✅ [111] search core selftest — two-stage engine + receipt format (O2′ 
2026-09-27T00:12:34.4455211Z   ✅ [113] memento index determinism check (O2′ #25)
2026-09-27T00:12:34.4455652Z   ✅ [114] memento index selftest — contract refusals + determinism (O2′ 
2026-09-27T00:12:34.4456140Z   ✅ [115] memento search selftest — known-answer retrieval + fetch refus
2026-09-27T00:12:34.4456591Z   ✅ [117] graph mention map determinism check (#115 step 0)
2026-09-27T00:12:34.4457052Z   ✅ [118] graph mention map selftest — hit/miss/refusal bites (#115 step
2026-09-27T00:12:34.4457812Z   ✅ [120] read chain determinism check — stale _CHAIN.md serves a PREVIO
2026-09-27T00:12:34.4458298Z   ✅ [121] read chain selftest — verbatim terms + the CUT + refusal on a 
2026-09-27T00:12:34.4458775Z   ✅ [122] GM size stamp check — a TYPED `size:` figure / drift past the 
2026-09-27T00:12:34.4459260Z   ✅ [123] GM size stamp selftest — the fixed point, the 2-cycle refusal,
2026-09-27T00:12:34.4459780Z   ✅ [125] memento schematic determinism check — a stale diagram publishe
2026-09-27T00:12:34.4460274Z   ✅ [126] memento schematic selftest — figure provenance, caption geomet
2026-09-27T00:12:34.4460840Z   ❌ [128] memento-package delta-audit selftest — mutation-tested, all 4   exit 1
2026-09-27T00:12:34.4461321Z   ✅ [130] instrument-fit selftest (advisory, ds-015)
2026-09-27T00:12:34.4461760Z   ✅ [133] could-not-ask convention selftest (#193 — the third verdict's 
2026-09-27T00:12:34.4462310Z   ⊘ [136] governs matcher selftest — the [12]/[13] trigger-index arm, na  COULD-NOT-ASK
2026-09-27T00:12:34.4462858Z   ✅ [137] frozen-release gate — v1/v2 and any baked Spider surface may n
2026-09-27T00:12:34.4463350Z   ✅ [138] frozen-release selftest — 11 bites on a fixture repo incl. the
2026-09-27T00:12:34.4463845Z   ✅ [139] pack ship-list audit — the manifest is byte-identical to a fre
2026-09-27T00:12:34.4464380Z   ✅ [140] release-audit selftest — manifest compare + the pack arm's res
2026-09-27T00:12:34.4465027Z   ⊘ [141] pack-side CI template — parses, ships what it calls, hides not  COULD-NOT-ASK
2026-09-27T00:12:34.4465637Z   ⊘ [142] pack-side CI template selftest — 10 mutants incl. a smuggled c  COULD-NOT-ASK
2026-09-27T00:12:34.4466181Z   ✅ [145] polarity gate — five refusals + content-fresh derived status/e
2026-09-27T00:12:34.4466675Z   ✅ [146] polarity gate selftest — control + every refusal arm on a copy
2026-09-27T00:12:34.4466950Z 
2026-09-27T00:12:34.4467084Z ==============================================================================
2026-09-27T00:12:34.4468022Z SURVEY: 62 pass · 1 FAIL · 6 COULD-NOT-ASK (self-declared refusals) · 0 unaskable (missing/timed out) · 79 not asked (mutating)
2026-09-27T00:12:34.4468754Z ⚠ 'not asked' is NOT 'passing' — it is excluded from the exit code, deliberately.
2026-09-27T00:12:34.4469339Z ⚠ 'COULD-NOT-ASK' is NOT 'passing' either. It is a step that named the input it could
2026-09-27T00:12:34.4470200Z   not reach, so the job does not go red for an ENVIRONMENT fact dressed as an artefact
2026-09-27T00:12:34.4470741Z   verdict (#173/#183, generalised #193). Every one is printed in full below. A step
2026-09-27T00:12:34.4471267Z   that timed out or is MISSING is a different thing and still fails: nobody asked it
2026-09-27T00:12:34.4471670Z   and it never said why.
2026-09-27T00:12:34.4471812Z 
2026-09-27T00:12:34.4472117Z THE FULL FAILURE SET (1) — this is the number no single `_build_all.py` run can tell you:
2026-09-27T00:12:34.4472443Z 
2026-09-27T00:12:34.4472730Z   [128] memento-package delta-audit selftest — mutation-tested, all 4 arms (#79)
2026-09-27T00:12:34.4473772Z       python3 knowledge/_validate_package_delta.py --selftest   (exit 1)
2026-09-27T00:12:34.4475262Z       ✗ real repo: clean (0 findings; got 4: ['VERBATIM SET: memento-package/machinery/_gen_chain.py DIFFERS from knowledge/_gen_chain.py (copy=machinery/ f
2026-09-27T00:12:34.4475849Z 
2026-09-27T00:12:34.4476155Z COULD-NOT-ASK (6) — each step's OWN words about the input it could not reach.
2026-09-27T00:12:34.4476701Z These do NOT fail the survey; they also do not pass. If one of them is here because the
2026-09-27T00:12:34.4478108Z environment is wrong rather than because the input is genuinely unreachable, FIX THE ENVIRONMENT:
2026-09-27T00:12:34.4478516Z 
2026-09-27T00:12:34.4478708Z   [13] capture/provenance selftest (Memento §4.1)
2026-09-27T00:12:34.4479084Z       python3 knowledge/_capture_gate.py --selftest   (exit 77)
2026-09-27T00:12:34.4485634Z       COULD-NOT-ASK: _capture_gate.py --selftest — 4 arm(s) read an input this checkout cannot hold — trigger index: ruling ds-034's evidence `outputs/_FINDING-canon-pri-hover-brand-mono-fork-2026-08-06-v1.md` is excluded by this repo's own .gitignore — no checkout can hold it, so whether it has rotted is UNASKABLE here; the machine that wrote it is where that question has an answer · trigger index: ruling ds-034's evidence `outputs/_PARTITION-button-primary-2026-08-06-v1.md` is excluded by this repo's own .gitignore — no checkout can hold it, so whether it has rotted is UNASKABLE here; the machine that wrote it is where that question has an answer · trigger index: ruling ds-035's evidence `outputs/_FINDING-canon-pri-hover-brand-mono-fork-2026-08-06-v1.md` is excluded by this repo's own .gitignore — no checkout can hold it, so whether it has rotted is UNASKABLE here; the machine that wrote it is where that question has an answer · trigger index: ruling s245-D6's evidence `knowledge/_tmp/l3-245/rename-plan.json` is excluded by this repo's own .gitignore — no checkout can hold it, so whether it has rotted is UNASKABLE here; the machine that wrote it is where that question has an answer ⇒ THIS IS NOT A SKIP: every other arm passed here, and these arms have their proof of record on a tree that carries the ignored artefacts (a working session's own repo), never on a bare clone.
2026-09-27T00:12:34.4492957Z 
2026-09-27T00:12:34.4493294Z   [61] dashboard sync — generated progress dashboard (RULED #164, built #165)
2026-09-27T00:12:34.4493796Z       python3 knowledge/gen_dashboard.py --check   (exit 77)
2026-09-27T00:12:34.4800453Z       COULD-NOT-ASK: dashboard/index.html — the page differs, but a live gate baked into it is reading INPUTS OUTSIDE THE COMMITTED TREE, so its verdict — and therefore this page — cannot be reproduced here: provenance names `knowledge/_tmp/l3-245/rename-plan.json`; provenance names `outputs/_FINDING-canon-pri-hover-brand-mono-fork-2026-08-06-v1.md`; provenance names `outputs/_PARTITION-button-primary-2026-08-06-v1.md`. Every one of those paths is untracked, so an environment that has them and one that does not will render different prose from the SAME commit. This is a REFUSAL, not a staleness verdict in either direction: the page's agreement with the stores is UNKNOWN here and is reported as unknown. Ask it where those inputs are present (a working tree that holds them), or commit them.
2026-09-27T00:12:34.4805499Z 
2026-09-27T00:12:34.4806629Z   [74] state-contrast gate selftest — paint stack, report arithmetic, named args
2026-09-27T00:12:34.4807871Z       python3 knowledge/_validate_state_contrast.py --selftest   (exit 77)
2026-09-27T00:12:34.4811709Z       COULD-NOT-ASK: _validate_state_contrast.py — the 'playwright' module is not installed (ModuleNotFoundError("No module named 'playwright'")) — this gate cannot be proven without it; run `pip install playwright && playwright install chromium` ⇒ THIS IS NOT A SKIP: these arms (including the s152-D1 mutation control) run BLOCKING in the `render` job of .github/workflows/gates.yml, which installs chromium — that job is where this gate's proof of record lives. Nothing here is claimed green; the question was unaskable on this box.
2026-09-27T00:12:34.4813569Z 
2026-09-27T00:12:34.4813969Z   [136] governs matcher selftest — the [12]/[13] trigger-index arm, named (#208 legibility)
2026-09-27T00:12:34.4814480Z       python3 knowledge/_governs.py --selftest   (exit 77)
2026-09-27T00:12:34.4819373Z       COULD-NOT-ASK: _governs.py --selftest — 4 evidence pointer(s) name paths this checkout cannot hold: ruling ds-034's evidence `outputs/_FINDING-canon-pri-hover-brand-mono-fork-2026-08-06-v1.md` is excluded by this repo's own .gitignore — no checkout can hold it, so whether it has rotted is UNASKABLE here; the machine that wrote it is where that question has an answer · ruling ds-034's evidence `outputs/_PARTITION-button-primary-2026-08-06-v1.md` is excluded by this repo's own .gitignore — no checkout can hold it, so whether it has rotted is UNASKABLE here; the machine that wrote it is where that question has an answer · ruling ds-035's evidence `outputs/_FINDING-canon-pri-hover-brand-mono-fork-2026-08-06-v1.md` is excluded by this repo's own .gitignore — no checkout can hold it, so whether it has rotted is UNASKABLE here; the machine that wrote it is where that question has an answer · ruling s245-D6's evidence `knowledge/_tmp/l3-245/rename-plan.json` is excluded by this repo's own .gitignore — no checkout can hold it, so whether it has rotted is UNASKABLE here; the machine that wrote it is where that question has an answer
2026-09-27T00:12:34.4823338Z 
2026-09-27T00:12:34.4823694Z   [141] pack-side CI template — parses, ships what it calls, hides nothing (BLOCKING, built #219)
2026-09-27T00:12:34.4824260Z       python3 knowledge/_release/_gate_ci_template.py --check   (exit 77)
2026-09-27T00:12:34.4825649Z       COULD-NOT-ASK: apollo-spider/ci-template/gates.yml — PyYAML is not importable in this environment, and this gate parses the template in YAML rather than guessing at it with string matching. Install it (pip install pyyaml) — the release job in .github/workflows/gates.yml does exactly that
2026-09-27T00:12:34.4826665Z 
2026-09-27T00:12:34.4826984Z   [142] pack-side CI template selftest — 10 mutants incl. a smuggled continue-on-error (#219)
2026-09-27T00:12:34.4827782Z       python3 knowledge/_release/_gate_ci_template.py --selftest   (exit 77)
2026-09-27T00:12:34.4828618Z       COULD-NOT-ASK: the ci-template selftest — PyYAML is not importable, and every arm below parses YAML. Install it (pip install pyyaml).
2026-09-27T00:12:34.4829137Z 
2026-09-27T00:12:34.4829454Z NOT ASKED (79 mutating steps) — run --include-mutating on a clean tree to include them:
2026-09-27T00:12:34.4829894Z   [1] compliance knowledge graph
2026-09-27T00:12:34.4830166Z   [2] token blast-radius + graph report
2026-09-27T00:12:34.4830450Z   [5] guideline rules index (gate)
2026-09-27T00:12:34.4830714Z   [6] runbook index (generated)
2026-09-27T00:12:34.4830989Z   [7] standing-instructions reachability gate
2026-09-27T00:12:34.4831446Z   [8] help-gate — no entry point may write before it reads argv (#158 cl
2026-09-27T00:12:34.4831893Z   [10] assertion veracity gate — claims that can rot
2026-09-27T00:12:34.4832356Z   [12] capture/provenance gate — status+provenance on new notes+dossiers 
2026-09-27T00:12:34.4832762Z   … and 71 more
2026-09-27T00:12:34.4832881Z 
2026-09-27T00:12:34.4833176Z — recorded → /home/runner/work/UX-design/UX-design/notes/_BUILD-VERDICT-LOG.jsonl
2026-09-27T00:12:34.4868026Z ##[error]Process completed with exit code 1.
2026-09-27T00:12:34.4921410Z ##[group]Run python3 knowledge/_build_all.py
2026-09-27T00:12:34.4921796Z [36;1mpython3 knowledge/_build_all.py[0m
2026-09-27T00:12:34.4985547Z shell: /usr/bin/bash -e {0}
2026-09-27T00:12:34.4985819Z env:
2026-09-27T00:12:34.4986107Z   pythonLocation: /opt/hostedtoolcache/Python/3.12.14/x64
2026-09-27T00:12:34.4986604Z   PKG_CONFIG_PATH: /opt/hostedtoolcache/Python/3.12.14/x64/lib/pkgconfig
2026-09-27T00:12:34.4987085Z   Python_ROOT_DIR: /opt/hostedtoolcache/Python/3.12.14/x64
2026-09-27T00:12:34.4987726Z   Python2_ROOT_DIR: /opt/hostedtoolcache/Python/3.12.14/x64
2026-09-27T00:12:34.4988150Z   Python3_ROOT_DIR: /opt/hostedtoolcache/Python/3.12.14/x64
2026-09-27T00:12:34.4988578Z   LD_LIBRARY_PATH: /opt/hostedtoolcache/Python/3.12.14/x64/lib
2026-09-27T00:12:34.4988945Z ##[endgroup]
2026-09-27T00:12:34.5885486Z Wrote 38 rule files to compliance/rules/
2026-09-27T00:12:34.5886047Z Index: 38 SCs x 135 components
2026-09-27T00:12:34.5886453Z Validation errors: none
2026-09-27T00:12:34.5887093Z Levels: {'AA': 17, 'A': 18, 'AAA': 3} | Severities: {'serious': 29, 'critical': 3, 'minor': 6}
2026-09-27T00:12:34.5887970Z AAA (beyond AA bar): ['2.3.3', '2.4.8', '2.5.5']
2026-09-27T00:12:49.0755551Z 
2026-09-27T00:12:49.0757022Z PARKED DUE — 5 parked item(s) are due at token-report — python3 knowledge/_parked.py --due token-report
2026-09-27T00:12:49.0758427Z wrote tokens/_blast-radius.json and _GRAPH-REPORT.md
2026-09-27T00:12:49.0759032Z tokens defined=1043 referenced=140 components=137
2026-09-27T00:12:49.0760430Z top god-nodes: [('text/default', 109), ('background/default', 74), ('tertiary/background/default', 51), ('icon/default', 46), ('border-radius/surface', 43), ('focus/ring', 40), ('border/subtle', 39), ('text/secondary', 37)]
2026-09-27T00:12:49.0761816Z depricate-still-bound components: 19
2026-09-27T00:12:49.0762237Z orphans: 903
2026-09-27T00:13:03.5715646Z 
2026-09-27T00:13:03.5717179Z PARKED DUE — 5 parked item(s) are due at token-report — python3 knowledge/_parked.py --due token-report
2026-09-27T00:13:03.5719182Z ✓ _build_blast_radius --check PASS — tokens/_blast-radius.json and _GRAPH-REPORT.md match a fresh compute() (content, not mtime)
2026-09-27T00:13:32.4812556Z 
2026-09-27T00:13:32.4815799Z PARKED DUE — 5 parked item(s) are due at token-report — python3 knowledge/_parked.py --due token-report
2026-09-27T00:13:32.4816789Z   selftest (a): compute() is deterministic across two calls ✓
2026-09-27T00:13:32.4817764Z   selftest (b1): identical fixture pair reports zero drift ✓
2026-09-27T00:13:32.4818530Z   selftest (b2): a doctored fixture pair is flagged on BOTH files, each named ✓
2026-09-27T00:13:32.4819427Z   selftest (b3): a missing on-disk file is flagged, never silently treated as a match ✓
2026-09-27T00:13:32.4820659Z selftest PASS — compute() deterministic; --check bites on drift, quiet on a match, never silently passes a missing file (#79 P6)
2026-09-27T00:13:32.5375603Z rules index: 474 rules from 35 engine-era files — {'ADVISORY': 322, 'BLOCKING': 62, 'REVIEW': 34, 'TASTE': 56}
2026-09-27T00:13:32.5632864Z runbook index: 17 runbooks -> _RUNBOOKS.md
2026-09-27T00:13:33.0284902Z selftest OK — discovers 28 standing docs by glob + STANDING: self-declaration.
2026-09-27T00:13:33.0285904Z STANDING-INSTRUCTIONS GATE PASS — 28 standing doc(s) reachable from the spine; GOOD-MORNING structure intact.
2026-09-27T00:13:33.0287012Z   NOTE: memory files live outside the repo and CANNOT be checked here — capture-ritual step 3 is still a human step.
2026-09-27T00:13:34.9213077Z help-gate OK — 267 script(s) scanned; every entry point answers --help before it can write.
2026-09-27T00:13:34.9498588Z   ✓ guard first -> GREEN                             -> GREEN
2026-09-27T00:13:34.9499727Z   ✓ write before guard -> RED                        -> RED  [knowledge/_mutant.py: help gate at statement 4 is TOO LATE — Expr on line 4 runs first]
2026-09-27T00:13:34.9500855Z   ✓ no guard at all -> RED                           -> RED  [knowledge/_mutant.py: NO HELP GATE — add]
2026-09-27T00:13:34.9502220Z   ✓ library module -> GREEN (not an entry point)     -> GREEN
2026-09-27T00:13:34.9502868Z   ✓ argparse owns --help -> GREEN                    -> GREEN
2026-09-27T00:13:34.9503897Z _validate_help_gate --selftest OK — 5 bites (guard-first · write-before-guard RED · missing-guard RED · library · argparse).
2026-09-27T00:13:34.9828883Z selftest OK — 5 verbs bite-tested, 0 native check(s), 8 assertion(s) well-formed, 3 mutation(s) killed.
2026-09-27T00:13:34.9829910Z   [✓] ASSERT-001 blocker      0 matches in root=repo
2026-09-27T00:13:34.9830532Z       ⚠ last verified 39d ago, window is 30d
2026-09-27T00:13:34.9831187Z   [✓] ASSERT-002 environment  1 match(es) in root=repo
2026-09-27T00:13:34.9832040Z   [✓] ASSERT-004 regression   needle='text-transform:uppercase' in root=repo
2026-09-27T00:13:34.9833004Z   [✓] ASSERT-005 environment  needle='knowledge/assets/fonts/' in root=repo
2026-09-27T00:13:34.9833857Z   [✓] ASSERT-006 environment  1 match(es) in root=repo
2026-09-27T00:13:34.9835763Z   [⊘] ASSERT-007 blocker      ROOT UNRESOLVED — root 'mount' unreachable HERE: no '<session>/mnt' ancestor of ROOT=/home/runner/work/UX-design/UX-design (running outside the sandbox mount) — an environment fact, not a registry defect
2026-09-27T00:13:34.9837536Z       ⚠ last verified 52d ago, window is 30d
2026-09-27T00:13:34.9838187Z   [✓] ASSERT-008 environment  1 match(es) in root=repo
2026-09-27T00:13:34.9838956Z   [✓] ASSERT-009 environment  count=138 (want eq 138) in root=repo
2026-09-27T00:13:34.9839410Z 
2026-09-27T00:13:34.9839805Z   ⚠ 2 blocker(s) past their recheck window — re-test deliberately:
2026-09-27T00:13:34.9840507Z       ASSERT-001: last verified 39d ago, window is 30d
2026-09-27T00:13:34.9842184Z         clears when: The Latin webfont files (WOFF + WOFF2) physically land in knowledge/assets/fonts/. Watch for Ultralight in the pack — a sixth weight below Thin = a TYPE RULING, not an asset drop.
2026-09-27T00:13:34.9843539Z       ASSERT-007: last verified 52d ago, window is 30d
2026-09-27T00:13:34.9845300Z         clears when: The mount layout changes and .auto-memory/ is no longer reachable from the shell — at which point the zero-fill route is genuinely gone and every doc telling a session to check disk first is wrong.
2026-09-27T00:13:34.9846549Z 
2026-09-27T00:13:34.9848813Z COULD-NOT-ASK: assertion gate — 1 of 8 claim(s) untestable in this environment, 0 false — ASSERT-007: ROOT UNRESOLVED — root 'mount' unreachable HERE: no '<session>/mnt' ancestor of ROOT=/home/runner/work/UX-design/UX-design (running outside the sandbox mount) — an environment fact, not a registry defect
2026-09-27T00:13:35.0113739Z selftest OK — 5 verbs bite-tested, 0 native check(s), 8 assertion(s) well-formed, 3 mutation(s) killed.
2026-09-27T00:13:35.5806097Z   ⚠️  WARN ds-021 (C) DECLARED GAP — `knowledge/_boot_decompose.py` counts in cl100k and cannot name a REAL tier. BUILT #242 lane F (the boot DECOMPOSITION `_boot_remeasure.py`'s two hard-coded paths could not give), REGISTERED AT THE WRAP THAT SHIPPED IT — ds-021 (C) caught it unregistered on its first gate run, which is the birth-catch the bite exists for. WHY 'estimate-only': every component figure it prints is a cl100k TAPE count over the DISK-RESIDENT boot inputs; a REAL boot figure comes only from `message.usage`, which this file never sees — it takes the real total as `--real N` from the caller and prints the harness remainder as `<real> − Σ(ours, tape)` labelled ESTIMATED-BY-SUBTRACTION, because that subtraction mixes units BY CONSTRUCTION. ⛔ Its tape figures are never summed with, scaled to, or compared against a `real` measurement [[measure-dont-convert-units]].
2026-09-27T00:13:35.5814706Z   ⚠️  WARN ds-021 (C) DECLARED GAP — `knowledge/_boot_remeasure.py` counts in cl100k and cannot name a REAL tier. BUILT #214 under `s214-D5` half 2 (per-session boot re-measure over the mounted disk-resident boot inputs), and REGISTERED HERE AT THE WRAP THAT SHIPPED IT — the ds-021 (C) bite caught it unregistered on its first gate run, which is the birth-catch the bite exists for. It counts in tiktoken cl100k ONLY and can name NO real tier: its output is a TAPE PROXY kept for SHAPE and DELTA across sessions, and the row that owns it (`W-99za`) already declares exactly that — this entry MIRRORS that declaration, it does not make a new one. ⛔ Its figures are NEVER summed with, scaled to, or compared against a `real` measurement [[measure-dont-convert-units]]; the consumer is the boot-band re-base sitting, which is DAVE'S.
2026-09-27T00:13:35.5821364Z   ⚠️  WARN ds-021 (C) DECLARED GAP — `knowledge/_compose_slice.py` counts in cl100k and cannot name a REAL tier. BORN #270 (lane 2, the compose-time door). It encodes with tiktoken cl100k ONLY to report the SIZE of a context slice against the metas it replaces (the ~6x / ~25x figures on notes/_PROPOSAL-compose-time-door-2026-09-14-v1.html) - a RATIO between two texts it measures the SAME way, never a budget figure and never a FILL claim. It cannot name a REAL tier: it does not call _gauge_tokens.count() and has no API path, so estimate-only is the honest label rather than a tier it would have to borrow. REGISTERED AT THE #270 WRAP AS A DECLARATION, NOT A RULING - ds-021 (C) asks a counting site to declare what it can name, and leaving it unregistered is the 27-sessions-of-silence failure this registry exists to stop. Whether the door is WIRED at all is Dave's, and is untouched by this entry.
2026-09-27T00:13:35.5825281Z   ⚠️  WARN ds-021 (C) DECLARED GAP — `knowledge/_context_gauge.py` counts in cl100k and cannot name a REAL tier. REFUSES without tiktoken unless --estimate labels the output (#74). Honest about estimate-vs-nothing; still blind to cl100k-vs-real.
2026-09-27T00:13:35.5830196Z   ⚠️  WARN ds-021 (C) DECLARED GAP — `knowledge/_memory_cap_check.py` counts in cl100k and cannot name a REAL tier. BUILT #244 lane C (the mechanised `MEMORY.md` cap), REGISTERED AT #244 lane V — ds-021 (C) caught it unregistered on its first gate run, which is the birth-catch the bite exists for. WHY 'estimate-only': cl100k tape of a non-repo file; never a real-token claim. The file it grades is the Cowork auto-memory index resolved through the `/sessions/*/mnt` glob, so it is OUTSIDE the repo and no `message.usage` figure can ever be taken over it — the only reading available is a tiktoken cl100k TAPE count, kept for SHAPE and DELTA (the `s243-D1` stub measured 1,502 tape against a MEMORY_CAP_TAPE of 1,802). ⛔ Its tape figures are never summed with, scaled to, or compared against a `real` measurement [[measure-dont-convert-units]]; the arm it feeds (`memory_cap_check`) is ADVISORY (`MEMORY_CAP_BLOCKING = False`) precisely because the graded file does not exist on a non-Cowork tree [[gate-cannot-pass-in-one-environment]].
2026-09-27T00:13:35.5843257Z   ⚠️  WARN ds-021 (C) DECLARED GAP — `knowledge/_seam.py` counts in cl100k and cannot name a REAL tier. BORN #283 (the lane-seam check, `s283-D1`); the FIRST COUNTING SITE was added at #285 by lane SC with the fourth STANDING block (Dave: "yes to the seam re-quoting the standing constraints"), the SECOND at #286 by lane T with the INSEAT block (#285's move 2: "`_seam.py` measures the conductor's own tool-output tokens since the last seam and warns above a threshold"). BOTH are estimate-only for the SAME reason, and the second is declared here rather than left to ride on the first entry's coat-tails — a registry entry that names one site while the file has two is the stale pin this gate exists to catch. `inseat_tokens()` encodes the CONDUCTOR'S OWN `tool_result` text out of the live transcript (non-sidechain records, lane returns split out) with tiktoken cl100k ONLY, to size what was spent in the seat since the last seam; the threshold it is judged against (`INSEAT_WARN_TK` = 10,000) is PICKED, NOT RULED, and says so on the line it prints on. ⚠ It is NEVER a FILL claim: the seam's FILL line is `_checkin.py`'s REAL reading, and this number measures a DIFFERENT OBJECT (tool output landing in the window, not the window) — they are never converted into one another [[measure-dont-convert-units]]. Unavailable tiktoken makes the line read `?` and the verdict read UNMEASURED; it is never read as 0, and the seam's selftest holds that arm. `standing_tokens()` encodes the printed constraint block with tiktoken cl100k ONLY, to size the tail it prints — it never calls `_gauge_tokens.count()`, has no API path, and the figure is never a FILL claim or a budget figure; the seam's FILL line is `_checkin.py`'s REAL reading, imported, not re-derived here. So estimate-only is the honest label rather than a tier it would have to borrow, and the unit is NAMED on the line it prints on (`STANDING <n> lines · <tokens> cl100k`). ⚠ Unavailable tiktoken prints `?`, never a guessed number, and the seam's selftest FAILS on `?` rather than passing a blind arm. REGISTERED AT THE #285 WRAP AS A DECLARATION, NOT A RULING — the `_compose_slice.py` precedent (#270 wrap) exactly: ds-021 (C) asks a counting site to declare what it can name, this site was born unregistered in this session's own commit `b99d092c`, and it is THIS SEAT'S fail to close rather than an inherited one. Whether `_standing.md` itself is ever inscribed is Dave's and is untouched by this entry.
2026-09-27T00:13:35.5851941Z capture gate [build]: 241 in scope · 0 fail · 6 warn
2026-09-27T00:13:36.1269323Z ⚠ DUPLICATE HEADING: gm-archive:2b-wave-1-rulings-1-7-unchanged-rule-with-the-above at _GM-ARCHIVE.md:5564 and _GM-ARCHIVE.md:6644
2026-09-27T00:13:36.1272318Z ⚠ DUPLICATE HEADING: gm-archive:3-the-standing-eyeball-set-non-blocking-your-foundations-fir at _GM-ARCHIVE.md:5586 and _GM-ARCHIVE.md:6667
2026-09-27T00:13:36.1274772Z ⚠ DUPLICATE HEADING: gm-archive:4b-queued-button-states-finesse-pass-dave-2026-07-22-not-now at _GM-ARCHIVE.md:5548 and _GM-ARCHIVE.md:6741
2026-09-27T00:13:36.1276721Z ⚠ DUPLICATE HEADING: gm-archive:5-parked-unchanged at _GM-ARCHIVE.md:5559 and _GM-ARCHIVE.md:6752
2026-09-27T00:13:36.1278386Z ⚠ DUPLICATE HEADING: ls-archive:prior-delta-2026-07-26-sun-evening-opus-solo-self-conducting at _LIVE-STATE-ARCHIVE.md:5425 and _LIVE-STATE-ARCHIVE.md:5440
2026-09-27T00:13:36.1279981Z ⚠ DUPLICATE HEADING: component:icon-button at knowledge/_proforma/icon-button.meta.json:1 and knowledge/components/icon-button.meta.json:1
2026-09-27T00:13:36.9039465Z ⚠ DUPLICATE HEADING: gm-archive:2b-wave-1-rulings-1-7-unchanged-rule-with-the-above at _GM-ARCHIVE.md:5564 and _GM-ARCHIVE.md:6644
2026-09-27T00:13:36.9042459Z ⚠ DUPLICATE HEADING: gm-archive:3-the-standing-eyeball-set-non-blocking-your-foundations-fir at _GM-ARCHIVE.md:5586 and _GM-ARCHIVE.md:6667
2026-09-27T00:13:36.9045464Z ⚠ DUPLICATE HEADING: gm-archive:4b-queued-button-states-finesse-pass-dave-2026-07-22-not-now at _GM-ARCHIVE.md:5548 and _GM-ARCHIVE.md:6741
2026-09-27T00:13:36.9047813Z ⚠ DUPLICATE HEADING: gm-archive:5-parked-unchanged at _GM-ARCHIVE.md:5559 and _GM-ARCHIVE.md:6752
2026-09-27T00:13:36.9049197Z ⚠ DUPLICATE HEADING: ls-archive:prior-delta-2026-07-26-sun-evening-opus-solo-self-conducting at _LIVE-STATE-ARCHIVE.md:5425 and _LIVE-STATE-ARCHIVE.md:5440
2026-09-27T00:13:36.9050773Z ⚠ DUPLICATE HEADING: component:icon-button at knowledge/_proforma/icon-button.meta.json:1 and knowledge/components/icon-button.meta.json:1
2026-09-27T00:13:44.6582426Z   ❌ FAIL GOOD-MORNING.md: no `pre-flight:` stamp — the handoff must carry the estimate the session was priced with (runbook § ★ Half 0b). Form (Dave #56, REAL TOKENS): `pre-flight: boot N (disk N measured · harness ~N est ±N) + job N est + wrap N est = N of 256,000 — BAND`
2026-09-27T00:13:44.6584821Z   ❌ FAIL GOOD-MORNING.md: section marker(s) not found (DO-FIRST, §A, §C) — ritual step 2
2026-09-27T00:13:44.6586996Z   ❌ FAIL boot-drift: notes/_GAUGE-LOG.md is MISSING — the boot band is DERIVED from that file (`s240-D1`), so with it absent there is no band and nothing to check. This is the #109 condition (a rule with no consumer), not a clean pass.
2026-09-27T00:13:44.6590128Z   ❌ FAIL lane-routing: GM §C·1 eager ROUTING line MISSING (⛔ ROUTING) — externalised records without the eager pointer is the cold-session-defaults-onto-Apollo failure
2026-09-27T00:13:44.6593450Z   ❌ FAIL TITLE GENERATION: no `knowledge/_gen_titles_receipt.json` found — `python3 knowledge/_gen_titles.py --session <N>` was not run this wrap. RENAME and NEXT-TITLE must be MECHANISED (#120 residual ⓪), never hand-authored prose.
2026-09-27T00:13:44.6595764Z   ❌ FAIL _LIVE-STATE.md: "Last refreshed" zone does not carry today (2026-07-27) — refresh it (ritual steps 1 / 2) before closing
2026-09-27T00:13:44.6597627Z   ❌ FAIL GOOD-MORNING.md: header date zone does not carry today (2026-07-27) — refresh it (ritual steps 1 / 2) before closing
2026-09-27T00:13:44.6599440Z   ⚠️  WARN B2 PLAN BLOCK check SKIPPED — no `_CHAIN.md` under /tmp/tmp79uyk1g1, so this is not a state tree. NOT a pass: the seam was not graded here.
2026-09-27T00:13:44.6601534Z   ⚠️  WARN ⛔ INSTRUMENT-STRAY GATE DID NOT RUN for `knowledge/assets` (git exit 128: fatal: not a git repository (or any of the parent directories): .git) — UNKNOWN, not clean.
2026-09-27T00:13:44.6603738Z   ⚠️  WARN SHARED HELPER: the dedup comparer DID NOT RUN — `git ls-files` could not answer under /tmp/tmp79uyk1g1. UNKNOWN, not a single implementation.
2026-09-27T00:13:44.6605648Z   ▫️  s263-D10 RULINGS PAGE check SKIPPED — no `knowledge/_rulings.json` under /tmp/tmp79uyk1g1, so this is not a state tree. NOT a pass.
2026-09-27T00:13:44.6610052Z   ▫️  REGISTER↔STORE JOIN SKIPPED — register not present under /tmp/tmp79uyk1g1. NOT a pass: the join was not made here.
2026-09-27T00:13:44.6612538Z   ▫️  REGEN SERIAL SKIPPED — the serial's own home is unreadable (no `knowledge/_build_all.py` under this tree). NOT a pass: the ordered set was never read, so nothing was compared.
2026-09-27T00:13:44.6614653Z   ▫️  FILED SUB-REPORTS: no `notes/_subreports/` under /tmp/tmp79uyk1g1 — nothing filed here, so nothing to cite. NOT a pass: the check did not run.
2026-09-27T00:13:44.6616490Z   ▫️  FILED SUB-REPORT LINES: no `notes/_subreports/` under /tmp/tmp79uyk1g1 — nothing filed here. NOT a pass: the check did not run.
2026-09-27T00:13:44.6618050Z   ▫️  · no `_to_delete/` in this tree — nothing held, nothing to age.
2026-09-27T00:13:44.6620498Z   ▫️  memory-cap: DID NOT RUN — no Cowork mount matched /sessions/*/mnt and no --path was given — the auto-memory index lives OUTSIDE this repo, so on a non-Cowork tree there is genuinely nothing to grade. This is UNKNOWN, not a pass: the auto-memory index is a Cowork surface outside this repo.
2026-09-27T00:13:44.6622831Z   ▫️  section-usage: strata marker absent — probe skipped (honest skip, not a pass)
2026-09-27T00:13:44.6623878Z   ▫️  usage-history: no testimony found — UNMEASURED, not assumed clean.
2026-09-27T00:13:44.6624941Z   ▫️  consult-receipts: strata marker absent — probe skipped (honest skip, not a pass)
2026-09-27T00:13:44.6626334Z   ▫️  retrieval index: FRESH — 2332 records byte-match the live corpus, so retrieval-first quotes this session's truth.
2026-09-27T00:13:44.6628375Z   ▫️  s295-D2 ENACTED-SHA check SKIPPED — no `knowledge/_rulings.json` in this tree. A fixture tree is not a state the rule has an opinion about.
2026-09-27T00:13:44.6632145Z   ▫️  hook re-check (`s271-D4`): DECLARED SKIP — no Cowork mount matched /sessions/*/mnt and no --path was given — the auto-memory index lives OUTSIDE this repo, so on a non-Cowork tree there is genuinely nothing to grade. The memory store lives OUTSIDE this repo (a Cowork surface); on a tree without it there is genuinely nothing to re-read. This is UNKNOWN, never a pass. Pass an explicit hook path to drive it.
2026-09-27T00:13:44.6635234Z   ▫️  ds-022 continuity: no _GAUGE-LOG.md or no GOOD-MORNING.md — UNMEASURED, not assumed clean.
2026-09-27T00:13:44.6636310Z   ▫️  subs-line: no notes/_GAUGE-LOG.md — UNMEASURED, not assumed clean.
2026-09-27T00:13:44.6637535Z   ▫️  stop-line: knowledge/_RUNBOOK-context-gauge.md absent — UNMEASURED, not passed.
2026-09-27T00:13:44.6638735Z   ▫️  stop-line: knowledge/_RUNBOOK-capture-ritual.md absent — UNMEASURED, not passed.
2026-09-27T00:13:44.6640038Z   ▫️  ds-023 stop line: STATED in all 2 trigger homes (reconciled #54 — the runbook used to contradict itself).
2026-09-27T00:13:44.6642110Z   ▫️  ds-022 (d) unkeyed: no notes/_GAUGE-LOG.md — UNMEASURED, not assumed clean. (An absent file is not a clean file; the M10 refusal pattern.)
2026-09-27T00:13:44.6643977Z   ▫️  roll-claim check: no ★ LATEST banner found — UNMEASURED (a different check already fails the wrap for this state; not re-raised here).
2026-09-27T00:13:44.6646244Z   ▫️  stale-top-item fence: `knowledge/_rulings.json` UNREADABLE (knowledge/_rulings.json does not exist) — the fence is UNMEASURED this wrap. That is NOT the same as 'no owed claim is contradicted'.
2026-09-27T00:13:44.6648978Z   ▫️  2c carry gate: no ★ LATEST + ★ PRIOR pair found — UNMEASURED. ⛔ Not a pass: with one banner there is nothing to carry FROM, and the banner structure itself is graded by other checks.
2026-09-27T00:13:44.6652467Z   ▫️  PRE-FLIGHT stamp: graded in REAL TOKENS (Dave #56 — amber 160,000 · working 256,000 · hard 300,000); the % band's enforcement was RETIRED #74-D3 (history: ledger § #36, runbook ds-023). Whether the fill figure is HONEST is still not observable here — and the wrap term is RING-FENCED at any mid-session re-price (#74-D2, runbook § Half 0b (a′)).
2026-09-27T00:13:44.6656108Z   ▫️  PRE-FLIGHT stamp: FORM checked only. Whether the fill figure is honest, and whether a mid-job re-price actually happened, are NOT observable here — discipline, not enforcement (_RUNBOOK-context-gauge.md § ★ Half 0b).
2026-09-27T00:13:44.6659181Z   ▫️  HONEST SKIP — memory-store checks (MEMORY.md pointers, memory-file fields): outside the repo, invisible to this gate. Session checks them by hand at ritual step 3 (D1a — unenforced by design).
2026-09-27T00:13:44.6661648Z   ▫️  #119 sweep re-checker (s186-D2, pass 6 P1): 21 frozen 'UNPROVEN by this sweep' status string(s) in `_rulings.json` — unchanged. Counted, never rewritten; refuses only on growth.
2026-09-27T00:13:44.6663059Z capture gate [wrap]: 0 in scope · 7 fail · 3 warn
2026-09-27T00:13:44.6665326Z   ⛔ STRUCTURAL GOOD-MORNING.md: no `pre-flight:` stamp — the handoff must carry the estimate the session was priced with (runbook § ★ Half 0b). Form (Dave #56, REAL TOKENS): `pre-flight: boot N (disk N measured · harness ~N est ±N) + job N est + wrap N est = N of 256,000 — BAND`
2026-09-27T00:13:44.6667860Z   ⛔ STRUCTURAL GOOD-MORNING.md: section marker(s) not found (DO-FIRST, §A, §C) — ritual step 2
2026-09-27T00:13:44.6670107Z   ⛔ STRUCTURAL boot-drift: notes/_GAUGE-LOG.md is MISSING — the boot band is DERIVED from that file (`s240-D1`), so with it absent there is no band and nothing to check. This is the #109 condition (a rule with no consumer), not a clean pass.
2026-09-27T00:13:44.6672751Z   ⛔ STRUCTURAL lane-routing: GM §C·1 eager ROUTING line MISSING (⛔ ROUTING) — externalised records without the eager pointer is the cold-session-defaults-onto-Apollo failure
2026-09-27T00:13:44.6675547Z   ⛔ STRUCTURAL TITLE GENERATION: no `knowledge/_gen_titles_receipt.json` found — `python3 knowledge/_gen_titles.py --session <N>` was not run this wrap. RENAME and NEXT-TITLE must be MECHANISED (#120 residual ⓪), never hand-authored prose.
2026-09-27T00:13:44.6678040Z   ▫️  heals-at-wrap: _LIVE-STATE.md: "Last refreshed" zone does not carry today (2026-07-27) — refresh it (ritual steps 1
2026-09-27T00:13:44.6679591Z   ▫️  heals-at-wrap: GOOD-MORNING.md: header date zone does not carry today (2026-07-27) — refresh it (ritual steps 1 / 2
2026-09-27T00:13:44.6681713Z rehearsal [wrap-gate, early]: 5 STRUCTURAL fail(s) — fix NOW, cheap · 2 heals-at-wrap (ritual steps 1/2) · 3 warn(s) (was 3 at the last logged run) (run --wrap for bodies) · logged → notes/_REHEARSAL-LOG.jsonl
2026-09-27T00:13:44.6683269Z capture gate [build]: 0 in scope · 0 fail · 0 warn
2026-09-27T00:13:44.6684304Z   ▫️  #82-D1 real tier UNSUPPRESSED for one probe: observed 'cl100k' (offline/absent — legal, and declared)
2026-09-27T00:13:58.2135860Z _governs: ⬛ DECLARED (#208) — ruling s202-D3 governs the BARE token `knowledge`, which is a real DIRECTORY. Before #208 it matched every path carrying a `knowledge` segment (the too-loose arm, and the reason the negative control and [13] were red); it now governs NOTHING. REACH LOST HERE. Remedy: name the files/symbols it really governs, via `_inscribe_ruling.py` — the only legal writer of _rulings.json. ⛔ That scope is Dave's call, not this gate's.
2026-09-27T00:13:58.2142226Z _governs: ⬛ DECLARED (#208) — ruling s217-D5 governs the BARE token `showroom`, which is a real DIRECTORY. Before #208 it matched every path carrying a `showroom` segment (the too-loose arm, and the reason the negative control and [13] were red); it now governs NOTHING. REACH LOST HERE. Remedy: name the files/symbols it really governs, via `_inscribe_ruling.py` — the only legal writer of _rulings.json. ⛔ That scope is Dave's call, not this gate's.
2026-09-27T00:13:58.2150054Z _governs: ⬛ DECLARED (#208) — ruling s237-D9 governs the BARE token `apollo-spider`, which is a real DIRECTORY. Before #208 it matched every path carrying a `apollo-spider` segment (the too-loose arm, and the reason the negative control and [13] were red); it now governs NOTHING. REACH LOST HERE. Remedy: name the files/symbols it really governs, via `_inscribe_ruling.py` — the only legal writer of _rulings.json. ⛔ That scope is Dave's call, not this gate's.
2026-09-27T00:13:58.2155910Z _governs: ⬛ DECLARED (#208) — ruling s238-D5 governs the BARE token `apollo-spider`, which is a real DIRECTORY. Before #208 it matched every path carrying a `apollo-spider` segment (the too-loose arm, and the reason the negative control and [13] were red); it now governs NOTHING. REACH LOST HERE. Remedy: name the files/symbols it really governs, via `_inscribe_ruling.py` — the only legal writer of _rulings.json. ⛔ That scope is Dave's call, not this gate's.
2026-09-27T00:13:58.2180699Z _governs: ⬛ DECLARED (#208) — 89 `governs` entr(ies) name a DIRECTORY with a path separator; they governed no file BEFORE #208 and govern none after (unchanged, pre-existing under-specification, not a #208 narrowing): dv-2px-separation→knowledge/snippets, opacity-primitives→knowledge/canon, opacity-primitives→knowledge/snippets, showroom-one-bar-chrome→knowledge/snippets/, showroom-one-bar-chrome→showroom/, snippets-pure-canon→knowledge/snippets/, opacity-primitives-4pct→knowledge/, ds-028→knowledge/snippets/, ds-030→knowledge/snippets/, ds-034→knowledge/snippets/, ds-035→knowledge/tokens/themes/, s114-D4→designer-skills-v1/, s114-D4→designer-skills-v2/, s114-D7→memento-package/, s135-D3→knowledge/components/, s193-D1→memento-package/, s198-D1→knowledge/tokens, s198-D2→knowledge/tokens, s199-D1→knowledge/tokens, s199-D2→knowledge/tokens, s199-D3→knowledge/tokens, s200-D1→knowledge/tokens, s200-D2→knowledge/tokens, s200-D3→knowledge/tokens, s200-D4→knowledge/tokens, s201-D1→knowledge/tokens, s201-D2→knowledge/tokens, s201-D3→knowledge/tokens, s201-D4→knowledge/tokens, s201-D5→knowledge/tokens, s202-D1→knowledge/tokens, s202-D2→knowledge/tokens, s216-D1→knowledge/tokens/themes, s217-D2→knowledge/canon, s217-D2→knowledge/tokens/themes, s217-D3→knowledge/canon, s217-D5→knowledge/canon, s219-D4→designer-skills-v1/, s219-D4→designer-skills-v2/, s219-D4→memento-package/, s219-D5→knowledge/_release/, s219-D6→knowledge/_release/, s219-D7→knowledge/_release/, s219-D7→memento-package/, s219-D8→knowledge/_release/, s219-D9→knowledge/_release/, s219-D9→apollo-spider/, s219-D10→knowledge/_release/, s219-D10→apollo-spider/, s237-D7→notes/_briefs, s245-D1→knowledge/components/, s245-D3→knowledge/components/, s245-D4→knowledge/components/, s245-D5→knowledge/components/, s245-D10→knowledge/tokens, s251-D3→knowledge/components/, s251-D4→knowledge/components/, s251-D5→knowledge/components/, s251-D6→knowledge/components/, s251-D7→knowledge/components/, s251-D8→knowledge/components/, s251-D9→knowledge/components/, s251-D10→knowledge/components/, s251-D11→knowledge/components/, s251-D12→knowledge/components/, s260-D3→knowledge/_tests/chart-engine/, s261-D1→knowledge/snippets/, s261-D1→apollo-spider/, s261-D8→showroom/, s261-D8→reviews/, s268-D1→apollo-spider/dist/, s268-D2→apollo-spider/dist/, s268-D3→apollo-spider/dist/, s268-D4→apollo-spider/dist/, s268-D6→knowledge/components/, s273-D1→knowledge/components, s273-D2→knowledge/components, s276-D1→knowledge/compliance/rules, s276-D2→knowledge/compliance/rules, s277-D4→knowledge/assets/logos/, s277-D5→knowledge/components/, s277-D7→knowledge/assets/logos/, s277-D9→knowledge/guidelines/, s277-D10→designer-skills-v2/, s277-D12→knowledge/tokens/, s278-D1→designer-skills-v2/, s279-D1→designer-skills-v2/, s279-D1→knowledge/_release/, s282-D4→knowledge/assets/logos/
2026-09-27T00:13:58.2201613Z _governs: COULD-NOT-ASK — ruling ds-034's evidence `outputs/_FINDING-canon-pri-hover-brand-mono-fork-2026-08-06-v1.md` is excluded by this repo's own .gitignore — no checkout can hold it, so whether it has rotted is UNASKABLE here; the machine that wrote it is where that question has an answer
2026-09-27T00:13:58.2205390Z _governs: COULD-NOT-ASK — ruling ds-034's evidence `outputs/_PARTITION-button-primary-2026-08-06-v1.md` is excluded by this repo's own .gitignore — no checkout can hold it, so whether it has rotted is UNASKABLE here; the machine that wrote it is where that question has an answer
2026-09-27T00:13:58.2209319Z _governs: COULD-NOT-ASK — ruling ds-035's evidence `outputs/_FINDING-canon-pri-hover-brand-mono-fork-2026-08-06-v1.md` is excluded by this repo's own .gitignore — no checkout can hold it, so whether it has rotted is UNASKABLE here; the machine that wrote it is where that question has an answer
2026-09-27T00:13:58.2211876Z _governs: SKIPPED anchor on superseded ruling s129-D1 (superseded_by s171-D1): `knowledge/_gauge_tokens.py#BOOT_FIRSTTURN_TK = 54_859`
2026-09-27T00:13:58.2213434Z _governs: SKIPPED anchor on superseded ruling s129-D1 (superseded_by s171-D1): `knowledge/_gauge_tokens.py#RE-BASED #129, 2026-08-08`
2026-09-27T00:13:58.2214987Z _governs: SKIPPED anchor on superseded ruling s129-D1 (superseded_by s171-D1): `knowledge/_capture_gate.py#if "boot" not in ln.lower():`
2026-09-27T00:13:58.2216484Z _governs: SKIPPED anchor on superseded ruling s129-D1 (superseded_by s171-D1): `notes/_GAUGE-LOG.md##### 2026-08-08 #129`
2026-09-27T00:13:58.2218186Z _governs: SKIPPED anchor on superseded ruling s129-D1 (superseded_by s171-D1): `notes/_MEMENTO-DECISIONS.md#THE BOOT FLOOR IS RE-BASED: 75,899`
2026-09-27T00:13:58.2220896Z _governs: COULD-NOT-ASK — ruling s245-D6's evidence `knowledge/_tmp/l3-245/rename-plan.json` is excluded by this repo's own .gitignore — no checkout can hold it, so whether it has rotted is UNASKABLE here; the machine that wrote it is where that question has an answer
2026-09-27T00:13:58.2222559Z 
2026-09-27T00:13:58.2222730Z -- index freshness (#32) --
2026-09-27T00:13:58.2223446Z [OK] index-freshness: FRESH index passes and reports it (the detectable-when-present half)
2026-09-27T00:13:58.2224549Z [OK] index-freshness: STALE index fails — the #32 defect itself
2026-09-27T00:13:58.2225170Z [OK] index-freshness: ABSENT index fails
2026-09-27T00:13:58.2225906Z [OK] index-freshness: corpus REFUSAL fails and names the offending source (the #30 case)
2026-09-27T00:13:58.2226732Z 
2026-09-27T00:13:58.2226919Z -- rulings page freshness (s263-D10) --
2026-09-27T00:13:58.2228126Z [OK] rulings-freshness: no _rulings.json ⇒ SKIPPED out loud and declared NOT a pass
2026-09-27T00:13:58.2228988Z [OK] rulings-freshness: a never-generated _RULINGS.html FAILS
2026-09-27T00:13:58.2229910Z [OK] rulings-freshness: a FRESH page passes AND reports FRESH (the detectable-when-present half)
2026-09-27T00:13:58.2231052Z [OK] rulings-freshness: a page STALE against the store FAILS, and the failure names the fix command
2026-09-27T00:13:58.2231722Z 
2026-09-27T00:13:58.2231909Z -- stale-top-item fence (s161-D4, #161) --
2026-09-27T00:13:58.2233344Z [OK] stale-top: STALE_TOP_BLOCKING pin is True (BLOCKING at birth, s161-D4 — a flip must land WITH its ruled demotion and edit this pin in the same edit; the M10 pattern)
2026-09-27T00:13:58.2234652Z [OK] stale-top: the REAL #160 claim FAILS (the defect itself)
2026-09-27T00:13:58.2235331Z [OK] stale-top: the fail quotes the CLAIMING LINE verbatim
2026-09-27T00:13:58.2236162Z [OK] stale-top: the fail quotes the STORE's status verbatim
2026-09-27T00:13:58.2237012Z [OK] stale-top: it fires once per surface — GM and the chain both scanned
2026-09-27T00:13:58.2238076Z [OK] stale-top: the note reports the measurement (lines scanned + window), never a remedy
2026-09-27T00:13:58.2239575Z [OK] stale-top: MUTATION: with the owed vocabulary emptied the RED fixture PASSES — the bite above is THIS check's, not some other check's
2026-09-27T00:13:58.2240831Z [OK] stale-top: GREEN: an owed claim on a ruling the store calls NOT ENACTED passes
2026-09-27T00:13:58.2241797Z [OK] stale-top: USE vs MENTION: an owed-shaped clause that cites its own enactment is EXEMPT
2026-09-27T00:13:58.2242848Z [OK] stale-top: SCOPE: the identical sentence in a narrative line is NOT scanned (#77's lesson)
2026-09-27T00:13:58.2243950Z [OK] stale-top: an absent store is UNMEASURED and SAYS SO — never silently green
2026-09-27T00:13:58.2244910Z     ✓ generates against the live repo (no refusal on a healthy tree)
2026-09-27T00:13:58.2245804Z     ✓ carries the GM header+LATEST term VERBATIM (not a summary of it)
2026-09-27T00:14:05.1061533Z ⚠ DUPLICATE HEADING: gm-archive:2b-wave-1-rulings-1-7-unchanged-rule-with-the-above at _GM-ARCHIVE.md:5564 and _GM-ARCHIVE.md:6644
2026-09-27T00:14:05.1063688Z ⚠ DUPLICATE HEADING: gm-archive:3-the-standing-eyeball-set-non-blocking-your-foundations-fir at _GM-ARCHIVE.md:5586 and _GM-ARCHIVE.md:6667
2026-09-27T00:14:05.1065783Z ⚠ DUPLICATE HEADING: gm-archive:4b-queued-button-states-finesse-pass-dave-2026-07-22-not-now at _GM-ARCHIVE.md:5548 and _GM-ARCHIVE.md:6741
2026-09-27T00:14:05.1067807Z ⚠ DUPLICATE HEADING: gm-archive:5-parked-unchanged at _GM-ARCHIVE.md:5559 and _GM-ARCHIVE.md:6752
2026-09-27T00:14:05.1069698Z ⚠ DUPLICATE HEADING: ls-archive:prior-delta-2026-07-26-sun-evening-opus-solo-self-conducting at _LIVE-STATE-ARCHIVE.md:5425 and _LIVE-STATE-ARCHIVE.md:5440
2026-09-27T00:14:05.1071848Z ⚠ DUPLICATE HEADING: component:icon-button at knowledge/_proforma/icon-button.meta.json:1 and knowledge/components/icon-button.meta.json:1
2026-09-27T00:14:05.5696761Z     ✓ carries the LS ⏱ LATEST delta VERBATIM
2026-09-27T00:14:05.5698571Z     ✓ is materially smaller than GOOD-MORNING.md (7,688 vs 34,136 tape (cl100k ESTIMATE), 22.5% of it, floor <40%; tier measured, not assumed: tiktoken cl100k_base)
2026-09-27T00:14:05.5700136Z     ✓ BOTH SIDES OF THE RATIO ARE ON ONE MEASURER — chain `tiktoken cl100k_base` vs GOOD-MORNING `tiktoken cl100k_base`, so the percentage above has a unit
2026-09-27T00:14:05.5701019Z     ✓ STAMP IS EXACT — the published figure equals this file's own measured size
2026-09-27T00:14:05.5702012Z     ✓ published figure is the FILE, not the slice — the two differ and the file is bigger
2026-09-27T00:14:05.5702739Z     ✓ footer NAMES THE UNIT — a bare token count is a defect (ds-021)
2026-09-27T00:14:05.5703242Z     ✓ says GENERATED / DO-NOT-HAND-EDIT at the very top (line 1)
2026-09-27T00:14:05.5703986Z     ✓ tells the reader NOT to open GOOD-MORNING.md to check
2026-09-27T00:14:05.5704413Z     ✓ names retrieval as the door for everything else
2026-09-27T00:14:05.5704884Z     ✓ the {{BUILD_VERDICT}} marker NEVER leaks into the chain unrendered
2026-09-27T00:14:05.5705454Z     ✓ BUILD-STEP FIGURE IS RE-DERIVED AND MATCHES DISK (148 steps, measured now)
2026-09-27T00:14:05.5706101Z     ✓ the plant planted — a verdict figure was moved off disk (else the next bite is vacuous)
2026-09-27T00:14:05.5706756Z     ✓ a WRONG verdict figure is CAUGHT even with the true count elsewhere in the file
2026-09-27T00:14:05.5707252Z     ✓ step labels are 1:1 with rows (no duplicates)
2026-09-27T00:14:05.5708076Z     ✓ with NO run record the line says the green count is NOT DERIVABLE
2026-09-27T00:14:05.5708582Z     ✓ …and it names the remedy instead of a number (`_build_survey.py`)
2026-09-27T00:14:05.5709118Z     ✓ …and it re-stamps NOTHING — the old pinned 75-of-N form cannot reappear
2026-09-27T00:14:05.5709848Z     ✓ …and it names BOTH rulings, so the next session cannot 'helpfully' type it
2026-09-27T00:14:05.5710409Z     ✓ with a record the GREEN COUNT IS THE RUN'S, not len(STEPS) at a pinned sha
2026-09-27T00:14:05.5710957Z     ✓ a run of the SAME-sized build declares no size difference (no false alarm)
2026-09-27T00:14:05.5711476Z     ✓ a run of a SMALLER build: the total is STILL disk's, never the run's
2026-09-27T00:14:05.5711945Z     ✓ …and the size difference is DECLARED, naming both counts
2026-09-27T00:14:05.5712425Z     ✓ …and the steps the run never saw are counted in NO record, never green
2026-09-27T00:14:05.5712973Z     ✓ a run of a LARGER build: total is disk's and the vanished steps are DECLARED
2026-09-27T00:14:05.5713588Z     ✓ the run's sha and date are published beside it (an unattributed verdict is not a verdict)
2026-09-27T00:14:05.5714198Z     ✓ a stale record DECLARES itself against HEAD rather than passing as current
2026-09-27T00:14:05.5714726Z     ✓ steps in NO record are called out — never asked is never green
2026-09-27T00:14:05.5715219Z     ✓ the #62 clause SURVIVES as its own fact, generated from its own AST
2026-09-27T00:14:05.5715719Z     ✓ an absent STEPS assignment REFUSES BY NAME (never returns a count)
2026-09-27T00:14:05.5716207Z     ✓ a NON-LITERAL STEPS refuses rather than counting something else
2026-09-27T00:14:05.5716735Z     ✓ TITLE BLOCK IS FIRST — above the verbatim GM slice (position was the defect)
2026-09-27T00:14:05.5717485Z     ✓ DETERMINISTIC — two builds of an unchanged tree are byte-identical
2026-09-27T00:14:05.5718685Z   ✅ _CHAIN.md: 7,627 tiktoken cl100k_base · GM header+LATEST 4982 tk · LS LATEST delta only (of 36 delta lines) 1798 tk · FILE 7,627 tiktoken cl100k_base = slice 6,780 + wrapper 847 · fixed point in 2 pass(es)
2026-09-27T00:14:05.5720172Z   ✅ _CHAIN.md is FRESH — byte-matches the live chain · GM header+LATEST 4982 tk · LS LATEST delta only (of 36 delta lines) 1798 tk · FILE 7,627 tiktoken cl100k_base = slice 6,780 + wrapper 847 · fixed point in 2 pass(es)
2026-09-27T00:14:05.5721328Z     ✓ --check PASSES on a freshly generated file
2026-09-27T00:14:05.5722264Z   ✅ _CHAIN.md: 7,750 tiktoken cl100k_base · GM header+LATEST 5105 tk · LS LATEST delta only (of 36 delta lines) 1798 tk · FILE 7,750 tiktoken cl100k_base = slice 6,903 + wrapper 847 · fixed point in 2 pass(es)
2026-09-27T00:14:05.5723342Z     ✓ the fixture really was generated at another sha (a plant that did not plant would make every bite below vacuous)
2026-09-27T00:14:05.5724247Z     ✓ the fixture DIFFERS from a fresh render — i.e. the old byte comparison WOULD have called this stale, which is the defect being fixed
2026-09-27T00:14:05.5725127Z     ✓ --check is GREEN on a HEAD-ONLY advance — the chain's own content still matches GOOD-MORNING.md / _LIVE-STATE.md
2026-09-27T00:14:05.5726371Z     ✓ and it SAYS SO, naming BOTH shas — the honest comparison stays visible rather than being normalised into silence
2026-09-27T00:14:05.5728249Z     ✓ a HEAD-only advance is NEVER called FRESH without the qualifier (a bare FRESH would claim the file matches a fresh render, which it does not)
2026-09-27T00:14:05.5730015Z     ✓ REAL content staleness is STILL RED even when HEAD has also advanced — the re-ask does not launder drift
2026-09-27T00:14:05.5731143Z     ✓ and it is called STALE, not could-not-ask — real drift is a content verdict
2026-09-27T00:14:05.5732066Z     ✓ a PRE-SET head pin makes --check REFUSE (could-not-ask), never pass
2026-09-27T00:14:05.5733202Z     ✓ the environment refusal does NOT call it STALE either — it is a measurement refusal, not a content verdict
2026-09-27T00:14:05.5735162Z   ✅ _CHAIN.md: 7,750 tiktoken cl100k_base · GM header+LATEST 5105 tk · LS LATEST delta only (of 36 delta lines) 1798 tk · FILE 7,750 tiktoken cl100k_base = slice 6,903 + wrapper 847 · fixed point in 2 pass(es)
2026-09-27T00:14:05.5737879Z   ✅ _CHAIN.md is FRESH — byte-matches the live chain · GM header+LATEST 5105 tk · LS LATEST delta only (of 36 delta lines) 1798 tk · FILE 7,750 tiktoken cl100k_base = slice 6,903 + wrapper 847 · fixed point in 2 pass(es)
2026-09-27T00:14:05.5768747Z     ✓ tree restored — the SAME fresh tree reports FRESH again, unharmed by the arms above
2026-09-27T00:14:05.5769888Z     ✓ --check on a degraded instrument still exits non-zero (refuses, not a silent pass)
2026-09-27T00:14:05.5771330Z     ✓ --check's message does NOT call it STALE — that misnames a measurement problem as a content problem (the #58 defect, reproduced here)
2026-09-27T00:14:05.5772611Z     ✓ --check's message names the DEGRADED INSTRUMENT so the cause is legible
2026-09-27T00:14:05.5774469Z   ✅ _CHAIN.md is FRESH — byte-matches the live chain · GM header+LATEST 5105 tk · LS LATEST delta only (of 36 delta lines) 1798 tk · FILE 7,750 tiktoken cl100k_base = slice 6,903 + wrapper 847 · fixed point in 2 pass(es)
2026-09-27T00:14:05.5776197Z     ✓ instrument restored — the SAME fresh tree reports FRESH again, unharmed
2026-09-27T00:14:05.5777934Z     ✓ the freshly written chain carries a READABLE unit stamp (the clause has something to compare — an unreadable stamp would make the arm below vacuous)
2026-09-27T00:14:05.5779623Z     ✓ the stamp mutation actually changed the file (a plant that did not plant would make every bite below an assertion)
2026-09-27T00:14:05.5780737Z     ✓ stamped_tier() reads the MUTATED stamp back as the other tier
2026-09-27T00:14:05.5781629Z     ✓ --check on a tier divergence exits non-zero (refuses, never a silent pass)
2026-09-27T00:14:05.5782524Z     ✓ --check exits the COULD-NOT-ASK code (77), not the failure code
2026-09-27T00:14:05.5783202Z     ✓ --check calls it COULD-NOT-ASK
2026-09-27T00:14:05.5783916Z     ✓ the refusal's first marked line is machine-readable by `cna.reason_in`
2026-09-27T00:14:05.5785261Z     ✓ --check does NOT call it STALE — a tier divergence is a measurement problem and naming it staleness is the #173 defect, reproduced here
2026-09-27T00:14:05.5786826Z     ✓ the refusal NAMES BOTH TIERS, so a reader can see which two instruments disagreed rather than being handed a shrug
2026-09-27T00:14:05.5788186Z     ✓ --check on an UNREADABLE stamp refuses with the convention's code
2026-09-27T00:14:05.5788997Z     ✓ --check calls an unreadable stamp COULD-NOT-ASK, not STALE
2026-09-27T00:14:05.5790765Z   ✅ _CHAIN.md is FRESH — byte-matches the live chain · GM header+LATEST 5105 tk · LS LATEST delta only (of 36 delta lines) 1798 tk · FILE 7,750 tiktoken cl100k_base = slice 6,903 + wrapper 847 · fixed point in 2 pass(es)
2026-09-27T00:14:05.5792655Z     ✓ stamp restored — the SAME tree reports FRESH again, so the clause does not false-fire on an agreeing stamp
2026-09-27T00:14:05.5794799Z   ✗ _CHAIN.md is STALE — it does not match GOOD-MORNING.md / _LIVE-STATE.md as they now stand, so a cold session would read a PREVIOUS session's record as if it were current. Run `python3 knowledge/_gen_chain.py` and stage the result.
2026-09-27T00:14:05.5796527Z     ✓ --check FAILS on a hand-edited file (the stale-record class)
2026-09-27T00:14:05.5798860Z     ✓ and that failure is a FAILURE, not a refusal — a real staleness on the reachable tier still exits 1, so the COULD-NOT-ASK path did not swallow the gate
2026-09-27T00:14:05.5800252Z   ✗ _CHAIN.md is MISSING — run `python3 knowledge/_gen_chain.py` and stage it
2026-09-27T00:14:05.5800993Z     ✓ --check FAILS when the file is missing entirely
2026-09-27T00:14:05.5801466Z     ✓ REFUSES a STALE title (title #N == ★ LATEST #N, the skipped-mint state)
2026-09-27T00:14:05.5802029Z     ✓ REFUSES (with a reason) when GM has no ★ LATEST banner — no cheerful blank
2026-09-27T00:14:05.5802467Z   ✅ _gen_chain selftest: all bites pass
2026-09-27T00:14:05.5803692Z   ⛔ STRUCTURAL GOOD-MORNING.md: no `pre-flight:` stamp — the handoff must carry the estimate the session was priced with (runbook § ★ Half 0b). Form (Dave #56, REAL TOKENS): `pre-flight: boot N (disk N measured · harness ~N est ±N) + job N est + wrap N est = N of 256,000 — BAND`
2026-09-27T00:14:05.5804953Z   ⛔ STRUCTURAL GOOD-MORNING.md: section marker(s) not found (DO-FIRST, §A, §C) — ritual step 2
2026-09-27T00:14:05.8562598Z ⚠ DUPLICATE HEADING: gm-archive:2b-wave-1-rulings-1-7-unchanged-rule-with-the-above at _GM-ARCHIVE.md:5564 and _GM-ARCHIVE.md:6644
2026-09-27T00:14:05.8564756Z ⚠ DUPLICATE HEADING: gm-archive:3-the-standing-eyeball-set-non-blocking-your-foundations-fir at _GM-ARCHIVE.md:5586 and _GM-ARCHIVE.md:6667
2026-09-27T00:14:05.8566867Z ⚠ DUPLICATE HEADING: gm-archive:4b-queued-button-states-finesse-pass-dave-2026-07-22-not-now at _GM-ARCHIVE.md:5548 and _GM-ARCHIVE.md:6741
2026-09-27T00:14:05.8568909Z ⚠ DUPLICATE HEADING: gm-archive:5-parked-unchanged at _GM-ARCHIVE.md:5559 and _GM-ARCHIVE.md:6752
2026-09-27T00:14:05.8570801Z ⚠ DUPLICATE HEADING: ls-archive:prior-delta-2026-07-26-sun-evening-opus-solo-self-conducting at _LIVE-STATE-ARCHIVE.md:5425 and _LIVE-STATE-ARCHIVE.md:5440
2026-09-27T00:14:05.8572925Z ⚠ DUPLICATE HEADING: component:icon-button at knowledge/_proforma/icon-button.meta.json:1 and knowledge/components/icon-button.meta.json:1
2026-09-27T00:14:06.6095022Z ⚠ DUPLICATE HEADING: gm-archive:2b-wave-1-rulings-1-7-unchanged-rule-with-the-above at _GM-ARCHIVE.md:5564 and _GM-ARCHIVE.md:6644
2026-09-27T00:14:06.6097876Z ⚠ DUPLICATE HEADING: gm-archive:3-the-standing-eyeball-set-non-blocking-your-foundations-fir at _GM-ARCHIVE.md:5586 and _GM-ARCHIVE.md:6667
2026-09-27T00:14:06.6100052Z ⚠ DUPLICATE HEADING: gm-archive:4b-queued-button-states-finesse-pass-dave-2026-07-22-not-now at _GM-ARCHIVE.md:5548 and _GM-ARCHIVE.md:6741
2026-09-27T00:14:06.6101567Z ⚠ DUPLICATE HEADING: gm-archive:5-parked-unchanged at _GM-ARCHIVE.md:5559 and _GM-ARCHIVE.md:6752
2026-09-27T00:14:06.6103237Z ⚠ DUPLICATE HEADING: ls-archive:prior-delta-2026-07-26-sun-evening-opus-solo-self-conducting at _LIVE-STATE-ARCHIVE.md:5425 and _LIVE-STATE-ARCHIVE.md:5440
2026-09-27T00:14:06.6105134Z ⚠ DUPLICATE HEADING: component:icon-button at knowledge/_proforma/icon-button.meta.json:1 and knowledge/components/icon-button.meta.json:1
2026-09-27T00:14:07.1406479Z   ⛔ STRUCTURAL boot-drift: notes/_GAUGE-LOG.md is MISSING — the boot band is DERIVED from that file (`s240-D1`), so with it absent there is no band and nothing to check. This is the #109 condition (a rule with no consumer), not a clean pass.
2026-09-27T00:14:07.1408777Z   ⛔ STRUCTURAL lane-routing: GM §C·1 eager ROUTING line MISSING (⛔ ROUTING) — externalised records without the eager pointer is the cold-session-defaults-onto-Apollo failure
2026-09-27T00:14:07.1410862Z   ⛔ STRUCTURAL TITLE GENERATION: no `knowledge/_gen_titles_receipt.json` found — `python3 knowledge/_gen_titles.py --session <N>` was not run this wrap. RENAME and NEXT-TITLE must be MECHANISED (#120 residual ⓪), never hand-authored prose.
2026-09-27T00:14:07.1412576Z   ▫️  heals-at-wrap: _LIVE-STATE.md: "Last refreshed" zone does not carry today (2026-07-27) — refresh it (ritual steps 1
2026-09-27T00:14:07.1413716Z   ▫️  heals-at-wrap: GOOD-MORNING.md: header date zone does not carry today (2026-07-27) — refresh it (ritual steps 1 / 2
2026-09-27T00:14:07.1415519Z rehearsal [wrap-gate, early]: 5 STRUCTURAL fail(s) — fix NOW, cheap · 2 heals-at-wrap (ritual steps 1/2) · 3 warn(s) (run --wrap for bodies) · logged → notes/_REHEARSAL-LOG.jsonl
2026-09-27T00:14:07.1417706Z   ❌ FAIL GOOD-MORNING.md: no `pre-flight:` stamp — the handoff must carry the estimate the session was priced with (runbook § ★ Half 0b). Form (Dave #56, REAL TOKENS): `pre-flight: boot N (disk N measured · harness ~N est ±N) + job N est + wrap N est = N of 256,000 — BAND`
2026-09-27T00:14:07.1418993Z   ❌ FAIL GOOD-MORNING.md: section marker(s) not found (DO-FIRST, §A, §C) — ritual step 2
2026-09-27T00:14:07.1420263Z   ❌ FAIL boot-drift: notes/_GAUGE-LOG.md is MISSING — the boot band is DERIVED from that file (`s240-D1`), so with it absent there is no band and nothing to check. This is the #109 condition (a rule with no consumer), not a clean pass.
2026-09-27T00:14:07.1421975Z   ❌ FAIL lane-routing: GM §C·1 eager ROUTING line MISSING (⛔ ROUTING) — externalised records without the eager pointer is the cold-session-defaults-onto-Apollo failure
2026-09-27T00:14:07.1423546Z   ❌ FAIL TITLE GENERATION: no `knowledge/_gen_titles_receipt.json` found — `python3 knowledge/_gen_titles.py --session <N>` was not run this wrap. RENAME and NEXT-TITLE must be MECHANISED (#120 residual ⓪), never hand-authored prose.
2026-09-27T00:14:07.1424866Z   ❌ FAIL _LIVE-STATE.md: "Last refreshed" zone does not carry today (2026-07-27) — refresh it (ritual steps 1 / 2) before closing
2026-09-27T00:14:07.1425799Z   ❌ FAIL GOOD-MORNING.md: header date zone does not carry today (2026-07-27) — refresh it (ritual steps 1 / 2) before closing
2026-09-27T00:14:07.1428046Z   ⚠️  WARNS 3 UNCHANGED warn(s) since the rehearse record of 2026-07-27 — NAMED, bodies suppressed (`s241-D2`); run `python3 knowledge/_capture_gate.py --wrap --warns-full` for the bodies: B2 PLAN BLOCK check SKIPPED — no `_CHAIN.md` under /tmp/ · ⛔ INSTRUMENT-STRAY GATE DID NOT RUN for `knowledge/asset · SHARED HELPER: the dedup comparer DID NOT RUN — `git ls-
2026-09-27T00:14:07.1429865Z   ▫️  s263-D10 RULINGS PAGE check SKIPPED — no `knowledge/_rulings.json` under /tmp/tmppo8wgm2d, so this is not a state tree. NOT a pass.
2026-09-27T00:14:07.1430800Z   ▫️  REGISTER↔STORE JOIN SKIPPED — register not present under /tmp/tmppo8wgm2d. NOT a pass: the join was not made here.
2026-09-27T00:14:07.1431896Z   ▫️  REGEN SERIAL SKIPPED — the serial's own home is unreadable (no `knowledge/_build_all.py` under this tree). NOT a pass: the ordered set was never read, so nothing was compared.
2026-09-27T00:14:07.1433037Z   ▫️  FILED SUB-REPORTS: no `notes/_subreports/` under /tmp/tmppo8wgm2d — nothing filed here, so nothing to cite. NOT a pass: the check did not run.
2026-09-27T00:14:07.1434015Z   ▫️  FILED SUB-REPORT LINES: no `notes/_subreports/` under /tmp/tmppo8wgm2d — nothing filed here. NOT a pass: the check did not run.
2026-09-27T00:14:07.1434702Z   ▫️  · no `_to_delete/` in this tree — nothing held, nothing to age.
2026-09-27T00:14:07.1436034Z   ▫️  memory-cap: DID NOT RUN — no Cowork mount matched /sessions/*/mnt and no --path was given — the auto-memory index lives OUTSIDE this repo, so on a non-Cowork tree there is genuinely nothing to grade. This is UNKNOWN, not a pass: the auto-memory index is a Cowork surface outside this repo.
2026-09-27T00:14:07.1437543Z   ▫️  section-usage: strata marker absent — probe skipped (honest skip, not a pass)
2026-09-27T00:14:07.1438115Z   ▫️  usage-history: no testimony found — UNMEASURED, not assumed clean.
2026-09-27T00:14:07.1438687Z   ▫️  consult-receipts: strata marker absent — probe skipped (honest skip, not a pass)
2026-09-27T00:14:07.1439434Z   ▫️  retrieval index: FRESH — 2332 records byte-match the live corpus, so retrieval-first quotes this session's truth.
2026-09-27T00:14:07.1440371Z   ▫️  s295-D2 ENACTED-SHA check SKIPPED — no `knowledge/_rulings.json` in this tree. A fixture tree is not a state the rule has an opinion about.
2026-09-27T00:14:07.1442553Z   ▫️  hook re-check (`s271-D4`): DECLARED SKIP — no Cowork mount matched /sessions/*/mnt and no --path was given — the auto-memory index lives OUTSIDE this repo, so on a non-Cowork tree there is genuinely nothing to grade. The memory store lives OUTSIDE this repo (a Cowork surface); on a tree without it there is genuinely nothing to re-read. This is UNKNOWN, never a pass. Pass an explicit hook path to drive it.
2026-09-27T00:14:07.1444364Z   ▫️  ds-022 continuity: no _GAUGE-LOG.md or no GOOD-MORNING.md — UNMEASURED, not assumed clean.
2026-09-27T00:14:07.1444946Z   ▫️  subs-line: no notes/_GAUGE-LOG.md — UNMEASURED, not assumed clean.
2026-09-27T00:14:07.1445506Z   ▫️  stop-line: knowledge/_RUNBOOK-context-gauge.md absent — UNMEASURED, not passed.
2026-09-27T00:14:07.1446120Z   ▫️  stop-line: knowledge/_RUNBOOK-capture-ritual.md absent — UNMEASURED, not passed.
2026-09-27T00:14:07.1446833Z   ▫️  ds-023 stop line: STATED in all 2 trigger homes (reconciled #54 — the runbook used to contradict itself).
2026-09-27T00:14:07.1447936Z   ▫️  ds-022 (d) unkeyed: no notes/_GAUGE-LOG.md — UNMEASURED, not assumed clean. (An absent file is not a clean file; the M10 refusal pattern.)
2026-09-27T00:14:07.1448938Z   ▫️  roll-claim check: no ★ LATEST banner found — UNMEASURED (a different check already fails the wrap for this state; not re-raised here).
2026-09-27T00:14:07.1450165Z   ▫️  stale-top-item fence: `knowledge/_rulings.json` UNREADABLE (knowledge/_rulings.json does not exist) — the fence is UNMEASURED this wrap. That is NOT the same as 'no owed claim is contradicted'.
2026-09-27T00:14:07.1451506Z   ▫️  2c carry gate: no ★ LATEST + ★ PRIOR pair found — UNMEASURED. ⛔ Not a pass: with one banner there is nothing to carry FROM, and the banner structure itself is graded by other checks.
2026-09-27T00:14:07.1453374Z   ▫️  PRE-FLIGHT stamp: graded in REAL TOKENS (Dave #56 — amber 160,000 · working 256,000 · hard 300,000); the % band's enforcement was RETIRED #74-D3 (history: ledger § #36, runbook ds-023). Whether the fill figure is HONEST is still not observable here — and the wrap term is RING-FENCED at any mid-session re-price (#74-D2, runbook § Half 0b (a′)).
2026-09-27T00:14:07.1455326Z   ▫️  PRE-FLIGHT stamp: FORM checked only. Whether the fill figure is honest, and whether a mid-job re-price actually happened, are NOT observable here — discipline, not enforcement (_RUNBOOK-context-gauge.md § ★ Half 0b).
2026-09-27T00:14:07.1456825Z   ▫️  HONEST SKIP — memory-store checks (MEMORY.md pointers, memory-file fields): outside the repo, invisible to this gate. Session checks them by hand at ritual step 3 (D1a — unenforced by design).
2026-09-27T00:14:07.1458357Z   ▫️  #119 sweep re-checker (s186-D2, pass 6 P1): 21 frozen 'UNPROVEN by this sweep' status string(s) in `_rulings.json` — unchanged. Counted, never rewritten; refuses only on growth.
2026-09-27T00:14:07.1459141Z capture gate [wrap]: 0 in scope · 7 fail · 3 warn
2026-09-27T00:14:07.1459854Z   ❌ FAIL notes/2026-07-26-bad-date.md: `provenance:` carries no parseable YYYY-MM-DD date (take it from `date`, never from belief — T-D12)
2026-09-27T00:14:07.1460808Z   ❌ FAIL notes/2026-07-26-missing-status.md: missing `status:` line (vocab: floated | inferred | observed | ruled | standing)
2026-09-27T00:14:07.1461775Z   ❌ FAIL notes/2026-07-26-ruled-no-pointer.md: `status: ruled` names no ledger — promotion is Dave's alone and must point at its ledger/ADR entry
2026-09-27T00:14:07.1462724Z   ❌ FAIL notes/2026-07-26-unknown-status.md: unknown status `vibes` (vocab: floated | inferred | observed | ruled | standing)
2026-09-27T00:14:07.1463341Z capture gate [build]: 5 in scope · 4 fail · 0 warn
2026-09-27T00:14:07.1464037Z   ❌ FAIL notes/2026-07-26-bad-date.md: `provenance:` carries no parseable YYYY-MM-DD date (take it from `date`, never from belief — T-D12)
2026-09-27T00:14:07.1464958Z   ❌ FAIL notes/2026-07-26-missing-status.md: missing `status:` line (vocab: floated | inferred | observed | ruled | standing)
2026-09-27T00:14:07.1465942Z   ❌ FAIL notes/2026-07-26-ruled-no-pointer.md: `status: ruled` names no ledger — promotion is Dave's alone and must point at its ledger/ADR entry
2026-09-27T00:14:07.1467187Z   ❌ FAIL notes/2026-07-26-unknown-status.md: unknown status `vibes` (vocab: floated | inferred | observed | ruled | standing)
2026-09-27T00:14:07.1468692Z   ⚠️  WARN B2 PLAN BLOCK check SKIPPED — no `_CHAIN.md` under /tmp/tmpmiieplf0, so this is not a state tree. NOT a pass: the seam was not graded here.
2026-09-27T00:14:07.1469821Z   ⚠️  WARN ⛔ INSTRUMENT-STRAY GATE DID NOT RUN for `knowledge/assets` (git exit 128: fatal: not a git repository (or any of the parent directories): .git) — UNKNOWN, not clean.
2026-09-27T00:14:07.1470954Z   ⚠️  WARN SHARED HELPER: the dedup comparer DID NOT RUN — `git ls-files` could not answer under /tmp/tmpmiieplf0. UNKNOWN, not a single implementation.
2026-09-27T00:14:07.1471971Z   ▫️  s263-D10 RULINGS PAGE check SKIPPED — no `knowledge/_rulings.json` under /tmp/tmpmiieplf0, so this is not a state tree. NOT a pass.
2026-09-27T00:14:07.1472893Z   ▫️  REGISTER↔STORE JOIN SKIPPED — register not present under /tmp/tmpmiieplf0. NOT a pass: the join was not made here.
2026-09-27T00:14:07.1473982Z   ▫️  REGEN SERIAL SKIPPED — the serial's own home is unreadable (no `knowledge/_build_all.py` under this tree). NOT a pass: the ordered set was never read, so nothing was compared.
2026-09-27T00:14:07.1475115Z   ▫️  FILED SUB-REPORTS: no `notes/_subreports/` under /tmp/tmpmiieplf0 — nothing filed here, so nothing to cite. NOT a pass: the check did not run.
2026-09-27T00:14:07.1476096Z   ▫️  FILED SUB-REPORT LINES: no `notes/_subreports/` under /tmp/tmpmiieplf0 — nothing filed here. NOT a pass: the check did not run.
2026-09-27T00:14:07.1476786Z   ▫️  · no `_to_delete/` in this tree — nothing held, nothing to age.
2026-09-27T00:14:07.1478355Z   ▫️  memory-cap: DID NOT RUN — no Cowork mount matched /sessions/*/mnt and no --path was given — the auto-memory index lives OUTSIDE this repo, so on a non-Cowork tree there is genuinely nothing to grade. This is UNKNOWN, not a pass: the auto-memory index is a Cowork surface outside this repo.
2026-09-27T00:14:07.1479993Z   ▫️  LANE WRAP (--lane, S-D2): GOOD-MORNING header check SKIPPED — lane sessions are ruled outside the GM queue; _LIVE-STATE §🔀 is their record and its check still bites.
2026-09-27T00:14:07.1481032Z   ▫️  LANE WRAP: pre-flight-stamp check SKIPPED too — the stamp lives in GOOD-MORNING.md, which lane sessions do not write.
2026-09-27T00:14:07.1482566Z   ▫️  LANE WRAP: section growth contracts (2e/2f), the banner/§A/chain budgets, the retirement-receipts proxy, the section-usage probe, the consult-receipt probe and the lane-routing check are all SKIPPED — same reason. A lane session cannot be charged for a file it is ruled out of writing.
2026-09-27T00:14:07.1484331Z   ▫️  LANE WRAP: the #32 retrieval-index freshness check is SKIPPED — a lane session does not write GM/LS, so it cannot stale the index. ⚠ If lanes ever gain a write path into either file, this exemption must go with it.
2026-09-27T00:14:07.1485493Z   ▫️  LANE WRAP: the roll-claim check (T2, #77) is SKIPPED too — same reason, the residual it grades lives in GOOD-MORNING.md.
2026-09-27T00:14:07.1486921Z   ▫️  LANE WRAP: the stale-top-item fence (s161-D4, #161) is SKIPPED — its scope is the `residual → #N` home in the GOOD-MORNING/_CHAIN ★ LATEST banners, which lane sessions do not write. ⚠ If lanes ever gain a hand-off line of their own, this exemption must go with it.
2026-09-27T00:14:07.1488735Z   ▫️  HONEST SKIP — memory-store checks (MEMORY.md pointers, memory-file fields): outside the repo, invisible to this gate. Session checks them by hand at ritual step 3 (D1a — unenforced by design).
2026-09-27T00:14:07.1490059Z   ▫️  #119 sweep re-checker (s186-D2, pass 6 P1): 21 frozen 'UNPROVEN by this sweep' status string(s) in `_rulings.json` — unchanged. Counted, never rewritten; refuses only on growth.
2026-09-27T00:14:07.1490844Z capture gate [wrap]: 5 in scope · 4 fail · 3 warn
2026-09-27T00:14:07.1491400Z   ⊘ capture-gate selftest: every reachable arm passed; 4 arm(s) could not be asked in this checkout
2026-09-27T00:14:07.1497252Z COULD-NOT-ASK: _capture_gate.py --selftest — 4 arm(s) read an input this checkout cannot hold — trigger index: ruling ds-034's evidence `outputs/_FINDING-canon-pri-hover-brand-mono-fork-2026-08-06-v1.md` is excluded by this repo's own .gitignore — no checkout can hold it, so whether it has rotted is UNASKABLE here; the machine that wrote it is where that question has an answer · trigger index: ruling ds-034's evidence `outputs/_PARTITION-button-primary-2026-08-06-v1.md` is excluded by this repo's own .gitignore — no checkout can hold it, so whether it has rotted is UNASKABLE here; the machine that wrote it is where that question has an answer · trigger index: ruling ds-035's evidence `outputs/_FINDING-canon-pri-hover-brand-mono-fork-2026-08-06-v1.md` is excluded by this repo's own .gitignore — no checkout can hold it, so whether it has rotted is UNASKABLE here; the machine that wrote it is where that question has an answer · trigger index: ruling s245-D6's evidence `knowledge/_tmp/l3-245/rename-plan.json` is excluded by this repo's own .gitignore — no checkout can hold it, so whether it has rotted is UNASKABLE here; the machine that wrote it is where that question has an answer ⇒ THIS IS NOT A SKIP: every other arm passed here, and these arms have their proof of record on a tree that carries the ignored artefacts (a working session's own repo), never on a bare clone.
2026-09-27T00:14:07.4797922Z _gauge_tokens.py selftest OK -- counting path exact on 5 fixtures; cache hit fidelity + content-hash keying + corrupt-file robustness all bite; degraded-measurement honesty holds; band/floor guard logic verified relative to the live constants.
2026-09-27T00:14:07.5984695Z   ✅ _roll_state.py selftest: green control renders exactly; every corrupted surface refuses named; every OVER state bites
2026-09-27T00:14:19.6586822Z == _test_git_commit.py selftest — real script: /home/runner/work/UX-design/UX-design/knowledge/_git_commit.sh (77943 bytes) ==
2026-09-27T00:14:19.6590172Z   PASS  happy_path_commit_lands
2026-09-27T00:14:19.6590654Z   PASS  nonwrap_headline_after_prefix_78D3
2026-09-27T00:14:19.6591103Z   PASS  wrap_headline_no_prefix
2026-09-27T00:14:19.6591494Z   PASS  cap_120_applied_after_prefix
2026-09-27T00:14:19.6591927Z   PASS  warn_split_red_gate_plain_commit_lands
2026-09-27T00:14:19.6592381Z   PASS  warn_split_red_gate_wrap_blocks
2026-09-27T00:14:19.6592817Z   PASS  spine_consumer_warn_plain_78D2
2026-09-27T00:14:19.6593234Z   PASS  spine_consumer_wrap_blocks_78D2
2026-09-27T00:14:19.6593661Z   PASS  gen_chain_check_refusal_pre_stage
2026-09-27T00:14:19.6594095Z   PASS  missing_msgfile_refused
2026-09-27T00:14:19.6594472Z   PASS  empty_msgfile_refused
2026-09-27T00:14:19.6594835Z   PASS  no_args_refused
2026-09-27T00:14:19.6595174Z   PASS  not_reconciled_refused
2026-09-27T00:14:19.6595546Z   PASS  stale_index_lock_moved_aside
2026-09-27T00:14:19.6595950Z   PASS  banner_fallback_note_printed
2026-09-27T00:14:19.6596367Z   PASS  missing_banner_fails_loud
2026-09-27T00:14:19.6596876Z   PASS  wrap_undeclared_session_blocks_120
2026-09-27T00:14:19.6597728Z   PASS  wrap_session_witness_refusal_blocks_120
2026-09-27T00:14:19.6598272Z   PASS  subject_fold_blank_line_inserted_124
2026-09-27T00:14:19.6599164Z   PASS  MUTATION_blank_insert_removed_bites_124 — went RED as required: exit 1; out tail: }
2026-09-27T00:14:19.6599879Z  1 file changed, 1 insertion(+)
2026-09-27T00:14:19.6600274Z  create mode 100644 work.txt
2026-09-27T00:14:19.6601327Z — committed: e8b9daf after #77 2026-09-27 — PLACEHOLDER-HEADLINE {"date":"x","fails":0,"kind":"rehearse"} {"date":"x","fails":0,"ki
2026-09-27T00:14:19.6603261Z ✗ commit subject is 292 chars (cap 200) — the 0eacf2d subject-fold class: no blank line after the headline, so git folded the body into %s. The commit LANDED; fix the msgfile and amend BEFORE Dave pushes.
2026-09-27T00:14:19.6604393Z 
2026-09-27T00:14:19.6605357Z   PASS  MUTATION_prefix_stripped_bites — went RED as required: exit 1; out tail: = 0 (must be exactly 1) — the doubled-subject class (#208, 8 documented instances).
2026-09-27T00:14:19.6606846Z     git %s : PLACEHOLDER-HEADLINE-to-be-replaced-by-T3
2026-09-27T00:14:19.6608076Z   0 means T3's prefix never reached the subject (check --cleanup=verbatim survived);
2026-09-27T00:14:19.6608979Z   2+ means a msgfile was reused and the prefix stacked. The commit LANDED: fix the
2026-09-27T00:14:19.6609903Z   msgfile (FRESH file, fresh printf) and 'git commit --amend -F <fresh>' BEFORE Dave pushes.
2026-09-27T00:14:19.6610533Z 
2026-09-27T00:14:19.6611351Z   PASS  MUTATION_lockclear_removed_bites — went RED as required: pre-existing index.lock blocked the run (exit 1); out tail: 0
2026-09-27T00:14:19.6612321Z — session witness agrees (#77)
2026-09-27T00:14:19.6612749Z STUB _capture_gate.py args=['--wrap'] exit=0
2026-09-27T00:14:19.6613422Z — wrap gate green (mid-session commit, DECLARED not-a-wrap)
2026-09-27T00:14:19.6614041Z STUB _build_live_state.py args=['--selftest'] exit=0
2026-09-27T00:14:19.6614840Z — spine-writer selftest green (mid-session commit, DECLARED not-a-wrap)
2026-09-27T00:14:19.6615806Z — T3 headline: after #77 2026-09-27 — PLACEHOLDER-HEADLINE-to-be-replaced-by-T3
2026-09-27T00:14:19.6616655Z ✗ lock survived the mv-aside — do NOT stage; investigate
2026-09-27T00:14:19.6617054Z 
2026-09-27T00:14:19.6617246Z   PASS  declare_dirt_names_instrumentation_W22
2026-09-27T00:14:19.6617984Z   PASS  declare_dirt_silent_without_instrumentation_W22
2026-09-27T00:14:19.6619346Z   PASS  MUTATION_declare_dirt_call_removed_bites_W22 — went RED as required: DECLARED block missing though instrumentation dirt was planted: — dirty paths:
2026-09-27T00:14:19.6620443Z  M notes/_REHEARSAL-LOG.jsonl
2026-09-27T00:14:19.6620816Z ?? msg.txt
2026-09-27T00:14:19.6621116Z ?? work.txt
2026-09-27T00:14:19.6621285Z 
2026-09-27T00:14:19.6622427Z   PASS  MUTATION_declare_dirt_match_widened_bites_W22 — went RED as required: DECLARED block fired with no instrumentation path dirty: uded — its POLICY is ⬛ DAVE'S, unruled (dream pass 6 P2)
2026-09-27T00:14:19.6623693Z     notes/_dream/_GRADE-DECISIONS.jsonl
2026-09-27T00:14:19.6624334Z       written by: _checkin.py B3 grade alerts / _gardener.py --grade-decision
2026-09-27T00:14:19.6625272Z       status:     NOT excluded — its POLICY is ⬛ DAVE'S, unruled (dream pass 6 P2)
2026-09-27T00:14:19.6626626Z   ⇒ this dirt is machine-written, not an uncommitted draft. ⛔ The POLICY (exclude / commit / relocate) is DAVE'S; this line only DECLARES it.
2026-09-27T00:14:19.6627727Z 
2026-09-27T00:14:19.6627896Z   PASS  doc_row_gate_refusal_and_ack_W20
2026-09-27T00:14:19.6628369Z   PASS  showroom_gate_refusal_and_ack_s191D1
2026-09-27T00:14:19.6628911Z   PASS  mention_map_stale_regenerates_and_refuses_208
2026-09-27T00:14:19.6629466Z   PASS  mention_map_regenerated_not_staged_208
2026-09-27T00:14:19.6630016Z   PASS  schematic_stale_regenerates_and_refuses_304R1
2026-09-27T00:14:19.6630546Z   PASS  schematic_regenerated_not_staged_304R1
2026-09-27T00:14:19.6631657Z   PASS  MUTATION_schematic_gate_removed_bites_304R1 — went RED as required: staged despite the schematic refusal — P5 violated
2026-09-27T00:14:19.6633583Z   PASS  MUTATION_schematic_second_half_removed_bites_304R1 — went RED as required: an unstaged regenerated schematic did NOT block the commit
2026-09-27T00:14:19.6634708Z   PASS  scratch_hygiene_advisory_on_wrap_228
2026-09-27T00:14:19.6635196Z   PASS  harness_stub_coverage_W33
2026-09-27T00:14:19.6636369Z   PASS  MUTATION_harness_stub_detector_bites_W33 — went RED on the planted gate and GREEN on the clean tree: ['_gate_totally_unstubbed.py']
2026-09-27T00:14:19.6637651Z   PASS  polarity_gate_refusal_and_ack_s238D7
2026-09-27T00:14:19.6638969Z   PASS  MUTATION_polarity_gate_block_removed_bites_s238D7 — went RED as required: the gate was not invoked with --check on the happy path; out tail: placed-by-T3
2026-09-27T00:14:19.6640102Z  1 file changed, 1 insertion(+)
2026-09-27T00:14:19.6640526Z  create mode 100644 work.txt
2026-09-27T00:14:19.6641292Z — committed: cb75183 after #77 2026-09-27 — PLACEHOLDER-HEADLINE-to-be-replaced-by-T3
2026-09-27T00:14:19.6642555Z — subject asserted identical to the headline T3 generated (in memory, not re-read from the msgfile — #171)
2026-09-27T00:14:19.6643926Z — subject carries exactly ONE T3 prefix (#208 doubled-subject assert)
2026-09-27T00:14:19.6644798Z ✓ done — locks clear, safe for Dave to push via GitHub Desktop
2026-09-27T00:14:19.6645229Z 
2026-09-27T00:14:19.6645471Z   PASS  w355_deadlock_reproduced_on_unfixed_script_CONTROL
2026-09-27T00:14:19.6646055Z   PASS  w355_declared_form_lands_from_wrapped_seat
2026-09-27T00:14:19.6646597Z   PASS  w355_declared_form_lands_from_next_seat
2026-09-27T00:14:19.6647094Z   PASS  w355_r3_still_refuses_without_ack
2026-09-27T00:14:19.6647901Z   PASS  w355_declared_form_does_not_bypass_T3_wrap
2026-09-27T00:14:19.6648417Z   PASS  w355_wrap_with_next_handoff_lands
2026-09-27T00:14:19.6648877Z   PASS  w355_ordinary_commit_unaffected
2026-09-27T00:14:19.6649734Z   PASS  MUTATION_w355_declared_form_removed_bites — went RED as required: exit 1; tail: ve.
2026-09-27T00:14:19.6650333Z 
2026-09-27T00:14:19.6650700Z    Legal forms: fix the cause, or state a REAL gap with --acknowledge "<why>".
2026-09-27T00:14:19.6651558Z ✗ _session.py REFUSED for declared session #238 — its named wi
2026-09-27T00:14:19.6652540Z   PASS  MUTATION_w355_restore_removed_bites — went RED at T3 as required (SESSION_N never restored)
2026-09-27T00:14:19.6653267Z --
2026-09-27T00:14:19.6653685Z ALL GREEN — 48 arms (incl. 11 mutation controls)
2026-09-27T00:14:19.9424472Z   ✅ gm-move selftest: every refusal fires · green controls pass · receipts + warn≠block + all-or-nothing proven
2026-09-27T00:14:20.3210027Z [_gm_usage selftest] OK — 78 bites, all fired or held as contracted (sizes method: tiktoken cl100k_base)
2026-09-27T00:14:20.3784197Z ✓ lanes view already current (no write)
2026-09-27T00:14:20.4038349Z ✓ lanes view in sync with records
2026-09-27T00:14:20.4305553Z [_gen_lanes selftest] OK — 21 bites, every refusal fired, green controls held
2026-09-27T00:14:20.4797821Z wrote _XREF-INDEX.json + _XREF-INDEX.md for 137 components
2026-09-27T00:14:20.4798698Z with deprecated bindings: 19
2026-09-27T00:14:20.4803782Z god-nodes (blast>=7): ['background/default', 'border-radius/control', 'border-radius/indicator', 'border-radius/surface', 'border/subtle', 'color/primary', 'data/series/1', 'divider/border/section', 'divider/border/subsection', 'elevation/border', 'elevation/functional', 'focus/ring', 'form/background/default', 'form/background/hover', 'form/background/pressed', 'form/border/active', 'form/border/default', 'icon/default', 'icon/default-reverse', 'icon/disabled', 'overlay/version1', 'primary/background/default', 'primary/border/default', 'rag/error', 'rag/error-ink', 'rag/error-tint', 'rag/information', 'rag/success', 'rag/success-ink', 'rag/success-tint', 'rag/warning', 'rag/warning-tint', 'scale', 'secondary/background/default', 'surface/subtle', 'target/min', 'tertiary/background/default', 'tertiary/background/hover', 'tertiary/background/pressed', 'tertiary/border/default', 'text/default', 'text/disabled', 'text/on-inverse', 'text/reverse', 'text/secondary', 'typography/font-family/default']
2026-09-27T00:14:20.4810558Z topical guideline reach: {'icons.md': 9, 'typography-usage.md': 7, 'elevation.md': 6, 'calls-to-action.md': 6, 'platform-web.md': 5, 'tone-of-voice.md': 5, 'time-based-indicators.md': 5, 'forms.md': 5, 'imagery.md': 4, 'hexagon-masks.md': 3, 'contextual-help.md': 2, 'platform-app.md': 2, 'horizontal-scroll.md': 2, 'view-controls-sort.md': 2, 'logos.md': 1, 'cookie-notifications.md': 1}
2026-09-27T00:14:20.5539502Z sutherland fixtures: 137 component contract(s) -> tokens/_manifests/sutherland-fixtures.json
2026-09-27T00:14:20.7541289Z states probe: 45/51 applicable states demonstrated, 6 advisory gap(s) — wrote _STATES-COMPLETENESS.md + states-probe.json (non-gating)
2026-09-27T00:14:20.9038156Z items 880 · live 717 · conditioned 866 · UNCONDITIONED 14
2026-09-27T00:14:20.9039035Z   by state: {'open': 717, 'blocked': 0, 'ruled': 0, 'done': 143, 'dropped': 0, 'parked': 20}
2026-09-27T00:14:20.9039817Z   live by owner: {'dave': 451, 'claude': 266}
2026-09-27T00:14:20.9041648Z   ⚠ DECLARED DEBT: 14 item(s) carry no close condition (W-0b, W-01, W-02, W-03, W-04, W-05, W-06, W-07, W-08, W-09, W-10, W-11, W-12, W-13). Frozen set size 19 — this number may only fall. Each needs Dave's word, not an agent's guess.
2026-09-27T00:14:20.9043576Z   ⚠ real-input coverage: 1 item(s) carry a deadline, 0 carry an effort; on those items the dashboard's PROXY is REPLACED. The rest of the 717 live item(s) are still scored by prose scan / body length.
2026-09-27T00:14:20.9045215Z   ⚠ project split: apollo 709 · memento 171 (of 880 items). The values written at #172 are DEFAULTS proposed for Dave's eye, not his ruling on each item.
2026-09-27T00:14:20.9046740Z   ⚠ home pointers: 862 resolve by ANCHOR (rot-proof), 18 are still `path:line` (UNVERIFIABLE by content — the #168 rot class), 0 UNRESOLVABLE. Blocking = True (Dave's dial).
2026-09-27T00:14:20.9049882Z   ⚠ REGROWTH (advisory, #304): 76 live row(s) close only on opener/wrap events at sessions that have already wrapped (rows opened up to #304) — each is MET (close it by addition, with its receipt) or STALE (restate it): W-41 (#203), W-49 (#206), W-56 (#208), W-99f (#213), W-99w (#213), W-107 (#215), W-164 (#218), W-165 (#219), W-171 (#219), W-177 (#219), W-182 (#219), W-185 (#219), W-186 (#219), W-187 (#219), W-201 (#220) …(+61 more). REGROWTH_BLOCKING is Dave's dial.
2026-09-27T00:14:20.9509090Z _state selftest: 72 bites, all GREEN
2026-09-27T00:14:20.9959204Z decision graph: 102 nodes, 172 edges -> knowledge/_DECISION-GRAPH.md
2026-09-27T00:14:20.9960132Z   states: AMENDED 9 · DEAD 8 · LIVE 84 · OPEN 1
2026-09-27T00:14:21.0269207Z   selftest unresolved: fires ✓
2026-09-27T00:14:21.0269676Z   selftest open: fires ✓
2026-09-27T00:14:21.0270044Z   selftest orphan: fires ✓
2026-09-27T00:14:21.0270426Z   selftest queued+diverge: green ✓
2026-09-27T00:14:21.0270964Z   selftest unknown-edge-type: fires `unknown-edge-type` (only) ✓
2026-09-27T00:14:21.0271626Z   selftest malformed-target: fires `malformed-target` (only) ✓
2026-09-27T00:14:21.0272248Z   selftest self-loop: fires `self-loop` (only) ✓
2026-09-27T00:14:21.0273312Z selftest PASS — gate bites on unresolved/open/orphan/unknown-edge-type/malformed-target/self-loop; queued + diverges-from stay green
2026-09-27T00:14:21.0751087Z   ✓ happy-path: splice lands on a fixture copy, invariants hold
2026-09-27T00:14:21.0751734Z   ✓ idempotency: second run is a no-op
2026-09-27T00:14:21.0752293Z   ✓ refusal: marker-less spine refused loud+named, untouched
2026-09-27T00:14:21.0753068Z   ✓ refusal never half-writes: every failure path leaves the target byte-identical
2026-09-27T00:14:21.0753834Z   ✓ mutation controls: every green above provably able to fail
2026-09-27T00:14:21.0754527Z   ✓ spine-safety: real _LIVE-STATE.md untouched (sha256 identical)
2026-09-27T00:14:21.0755081Z _build_live_state --selftest: all arms green
2026-09-27T00:14:21.7396912Z   [gen] lifecycle block up to date (no change).
2026-09-27T00:14:21.7398019Z _LIVE-STATE check: 0 warning(s), 2 note(s) -> knowledge/_LIVE-STATE-CHECK.md
2026-09-27T00:14:21.7399399Z   i [reference] DEAD artifact _NEXT-SESSION.md is mentioned (no nearby tombstone) in: knowledge/_RUNBOOK-gated-component.md, k
2026-09-27T00:14:21.7401046Z   i [orphan-edge] DEAD The "stale-reading pattern" spine note (07-18) → superseded-by "the **consult mechanism**" — target not r
2026-09-27T00:14:22.7092966Z advisory signals: 144 file(s), 135 signal(s) — see _ADVISORY-SIGNALS.md (non-gating)
2026-09-27T00:14:22.8371900Z wrote _REVIEW-QUEUE.json + .md — 233 items
2026-09-27T00:14:22.8372397Z by tier: {'review': 190, 'inferred': 43}
2026-09-27T00:14:22.8372945Z by category: {'other': 105, 'accessibility': 34, 'anti-pattern': 65, 'token-rebind': 29}
2026-09-27T00:14:22.8373533Z review token-rebinds (migration-gating): 25
2026-09-27T00:14:22.8374211Z top components: [('Confirmation', 10), ('Account card', 9), ('Action bar', 8), ('Button', 7), ('Tab-bar', 7), ('Tags', 7)]
2026-09-27T00:14:22.8840179Z dark-mode audit: 124/131 clean, 7 leaking
2026-09-27T00:14:22.8841551Z leaks by primitive: {'color/primary': 7, 'color/grey/transparent/white-75': 1, 'color/black': 1, 'color/white': 1}
2026-09-27T00:14:22.8842642Z leaking components: ['Badge', 'Cards', 'Hero', 'Links', 'List items', 'Navigations', 'Tabs']
2026-09-27T00:14:22.9312737Z text/icon contrast audit: 17 OK, 5 allowed, 1 MINOR(warn), 0 GATING FAIL, 5 skipped(light-only)
2026-09-27T00:14:22.9314373Z   ⚠ minor (ruled s194-D1) [apollo-mono] rag/text/on-dark: 3.14:1 on #F6604C (rag/error-background) — non-gating
2026-09-27T00:14:22.9315551Z per-theme palette grounds (4 themes declared): 9 regraded, 0 GATING FAIL, 0 MINOR(warn), 0 R-D24 exempted
2026-09-27T00:14:22.9637451Z indicator/accent contrast audit: 46 OK, 0 allowed, 0 GATING FAIL, 5 skipped(light-only)
2026-09-27T00:14:23.0181263Z icon contrast delta: 0 declared dead-zone, 49 exhaustive (upper bound), 5 roundel fail(s), 3 mark fail(s) — see _ICON-CONTRAST-DELTA.md (advisory)
2026-09-27T00:14:23.0453143Z dark-surface gate: 0 flat-white failure(s), 9 annotated exception(s)
2026-09-27T00:14:24.4507903Z gen_component_partials --check OK — all AUTO-PARTIAL blocks in sync, contracts hold.
2026-09-27T00:14:25.6201085Z gen_component_partials selftest OK
2026-09-27T00:14:25.9639491Z gen_token_ramp: 0 file(s) DRIFTED (0 with block, 0 block-removed), 149 already in sync.
2026-09-27T00:14:26.0026095Z gen_token_ramp selftest: 6 bites GREEN + 4 comment bites (#211) GREEN
2026-09-27T00:14:26.1179571Z   [ledger] ledger in sync (not written — the gate does not grade its own record)
2026-09-27T00:14:26.1180825Z   [PASS] dataviz/dv-behaviour — 13048 code-only bytes (12.7 KB of 16) · 19768 raw, 6720 comment/blank · 16 member(s)
2026-09-27T00:14:26.1182036Z   [PASS] dataviz/dv-legend — 7760 code-only bytes (7.6 KB of 16) · 15255 raw, 7495 comment/blank · 16 member(s)
2026-09-27T00:14:26.1183210Z   [PASS] dataviz/dv-donut-sweep — 3889 code-only bytes (3.8 KB of 16) · 5511 raw, 1622 comment/blank · 16 member(s)
2026-09-27T00:14:26.1184364Z   [PASS] dataviz/dp08-anchor — 1821 code-only bytes (1.8 KB of 16) · 3884 raw, 2063 comment/blank · 16 member(s)
2026-09-27T00:14:26.1185562Z   [PASS] dataviz/dv-render — 9779 code-only bytes (9.5 KB of 16) · 21590 raw, 11811 comment/blank · 16 member(s)
2026-09-27T00:14:26.1186842Z   [PASS] dataviz/dv-render-bar — 4613 code-only bytes (4.5 KB of 16) · 9262 raw, 4649 comment/blank · 16 member(s)
2026-09-27T00:14:26.1188389Z   [PASS] dataviz/dv-render-line — 3616 code-only bytes (3.5 KB of 16) · 9187 raw, 5571 comment/blank · 16 member(s)
2026-09-27T00:14:26.1189674Z   [PASS] dataviz/dv-render-stacked-area — 4248 code-only bytes (4.1 KB of 16) · 10285 raw, 6037 comment/blank · 16 member(s)
2026-09-27T00:14:26.1191021Z   [PASS] dataviz/dv-render-donut — 3901 code-only bytes (3.8 KB of 16) · 10043 raw, 6142 comment/blank · 16 member(s)
2026-09-27T00:14:26.1192288Z   [PASS] dataviz/dv-render-sparkline — 3235 code-only bytes (3.2 KB of 16) · 9852 raw, 6617 comment/blank · 16 member(s)
2026-09-27T00:14:26.1193681Z   [PASS] dataviz/dv-render-combo — 5198 code-only bytes (5.1 KB of 16) · 11625 raw, 6427 comment/blank · 16 member(s)
2026-09-27T00:14:26.1195605Z   [PASS] dataviz/dv-render-scatter — 4148 code-only bytes (4.1 KB of 16) · 10020 raw, 5872 comment/blank · 16 member(s)
2026-09-27T00:14:26.1196960Z   [PASS] dataviz/dv-render-histogram — 2218 code-only bytes (2.2 KB of 16) · 6670 raw, 4452 comment/blank · 16 member(s)
2026-09-27T00:14:26.1198593Z   [PASS] dataviz/dv-render-boxplot — 4336 code-only bytes (4.2 KB of 16) · 9882 raw, 5546 comment/blank · 16 member(s)
2026-09-27T00:14:26.1199912Z   [PASS] dataviz/dv-render-bullet — 4443 code-only bytes (4.3 KB of 16) · 10582 raw, 6139 comment/blank · 16 member(s)
2026-09-27T00:14:26.1201353Z   [PASS] dataviz/dv-render-candlestick — 4872 code-only bytes (4.8 KB of 16) · 10765 raw, 5893 comment/blank · 16 member(s)
2026-09-27T00:14:26.1202761Z   [PASS] dataviz/dv-render-butterfly — 4711 code-only bytes (4.6 KB of 16) · 10795 raw, 6084 comment/blank · 16 member(s)
2026-09-27T00:14:26.1204346Z   [PASS] dataviz page budget — worst member 34235 code-only bytes (33.4 KB of 34) across 17 source(s)
2026-09-27T00:14:26.1205379Z          shared, priced ONCE PER PAGE (s260-D1): dv-render — 9779 bytes
2026-09-27T00:14:26.1206428Z          Chart-combo                   34235  consumes dv-behaviour, dv-legend, dv-render, dv-render-bar, dv-render-line, dv-render-combo
2026-09-27T00:14:26.1207878Z          Chart-donut                   28598  consumes dv-behaviour, dv-legend, dv-donut-sweep, dv-render, dv-render-donut
2026-09-27T00:14:26.1209031Z          Chart-butterfly-h             25519  consumes dv-behaviour, dv-legend, dv-render, dv-render-butterfly
2026-09-27T00:14:26.1210149Z          Chart-butterfly-v             25519  consumes dv-behaviour, dv-legend, dv-render, dv-render-butterfly
2026-09-27T00:14:26.1211221Z          Chart-bar                     25421  consumes dv-behaviour, dv-legend, dv-render, dv-render-bar
2026-09-27T00:14:26.1212305Z          Chart-stacked-area            25056  consumes dv-behaviour, dv-legend, dv-render, dv-render-stacked-area
2026-09-27T00:14:26.1213466Z          Chart-scatter                 24956  consumes dv-behaviour, dv-legend, dv-render, dv-render-scatter
2026-09-27T00:14:26.1214510Z          Chart-pie                     24709  consumes dv-behaviour, dv-legend, dv-render, dv-render-donut
2026-09-27T00:14:26.1215501Z          Chart-line                    24424  consumes dv-behaviour, dv-legend, dv-render, dv-render-line
2026-09-27T00:14:26.1216491Z          Chart-candlestick             17920  consumes dv-behaviour, dv-render, dv-render-candlestick
2026-09-27T00:14:26.1217603Z          Chart-bullet                  17491  consumes dv-behaviour, dv-render, dv-render-bullet
2026-09-27T00:14:26.1218505Z          Chart-boxplot                 17384  consumes dv-behaviour, dv-render, dv-render-boxplot
2026-09-27T00:14:26.1219427Z          Chart-sparkline               16283  consumes dv-behaviour, dv-render, dv-render-sparkline
2026-09-27T00:14:26.1220407Z          Chart-histogram               15266  consumes dv-behaviour, dv-render, dv-render-histogram
2026-09-27T00:14:26.1221324Z          Template-dashboard-bento      14869  consumes dv-behaviour, dp08-anchor
2026-09-27T00:14:26.1221944Z          Legend                         7760  consumes dv-legend
2026-09-27T00:14:26.1222657Z Behaviour-contract gate OK — see knowledge/_BEHAVIOUR-GATE.md
2026-09-27T00:14:26.3378358Z _validate_behaviour selftest OK
2026-09-27T00:14:26.9433340Z gen_canon_components: no change (137 components in sync).
2026-09-27T00:14:27.5411168Z gen_canon_components --check OK — 137 components in sync.
2026-09-27T00:14:27.6205011Z _validate_partials: 0 strict fail(s), 67 census rule(s) -> _PARTIALS-GATE.md
2026-09-27T00:14:27.6463394Z _validate_partials selftest OK
2026-09-27T00:14:36.3065354Z 
2026-09-27T00:14:36.3066330Z gen_snippet_tokens: 5117 manifest bindings across 137 snippets + 9 tranches; 0 value(s) would change; 0 canon.css literal(s) would change.
2026-09-27T00:14:36.3067826Z OK — snippets + tranches + canon.css in sync with tokens.
2026-09-27T00:14:37.0729777Z snippet gate: 137 snippet(s), 0 failure(s)
2026-09-27T00:14:37.1439321Z gen_theme_cascade --check OK — 230 override path(s), 397 component projection(s) in sync.
2026-09-27T00:14:37.3275735Z gen_theme_cascade selftest OK
2026-09-27T00:14:37.3646151Z state-snap gate: OK — 7 opacity-state check(s) snapped to their theme ramps.
2026-09-27T00:14:37.3912056Z state-snap selftest OK
2026-09-27T00:14:37.4238949Z queue freshness — §C·1 items measured: 7 (severity: blocking)
2026-09-27T00:14:37.4240038Z RESULT: PASS — no §C·1 item's stated state is contradicted by disk or git. This proves no claim is STALE; it does not prove the queue is RIGHT.
2026-09-27T00:14:37.4613503Z selftest — _validate_queue_fresh.py
2026-09-27T00:14:37.4614091Z   PASS control: landed + open + partial green   -> green  | (4 items, green)
2026-09-27T00:14:37.4615527Z   PASS open item whose artefact EXISTS refuses  -> fail   | FAIL — §C·1 item (a) (GOOD-MORNING.md:4) states state=open and expects knowledge/snippets/Chart-pie.reference.html to be
2026-09-27T00:14:37.4617862Z   PASS landed with unresolvable receipt refuses -> fail   | FAIL — §C·1 item (a) (GOOD-MORNING.md:4) claims state=landed receipt=0000000, but git cannot resolve that sha to a commi
2026-09-27T00:14:37.4619748Z   PASS item with NO tail refuses (presence rule) -> fail   | FAIL — §C·1 item (b) at GOOD-MORNING.md:5 carries NO qprobe tail. An unannotated item is invisible to this gate forever.
2026-09-27T00:14:37.4621002Z   PASS partial WITH declared passes, absent paths unchecked -> green  | (1 items, green)
2026-09-27T00:14:37.4622412Z   PASS partial without declared refuses         -> fail   | FAIL — §C·1 item (a) (GOOD-MORNING.md:4) is state=partial with no declared="…". partial is the LEGAL FORM for an honest 
2026-09-27T00:14:37.4624248Z   PASS empty expects-absent WITHOUT declared refuses -> fail   | FAIL — §C·1 item (a) (GOOD-MORNING.md:4) is state=open with an EMPTY expects-absent and no declared="…". A DECLARED gap 
2026-09-27T00:14:37.4625511Z   PASS empty expects-absent WITH declared passes -> green  | (1 items, green)
2026-09-27T00:14:37.4626806Z   PASS malformed tail is a REFUSAL, not a skip  -> refuse | UNPARSEABLE — GOOD-MORNING.md:4 — qprobe state='whatever' is not one of open/landed/partial
2026-09-27T00:14:37.4628664Z   PASS unknown key is a REFUSAL                 -> refuse | UNPARSEABLE — GOOD-MORNING.md:4 — qprobe carries unknown key 'sha'; legal keys: state, expects-absent, receipt, declared
2026-09-27T00:14:37.4629475Z   PASS non-item prose lines do NOT trigger      -> green  | (1 items, green)
2026-09-27T00:14:37.4629972Z   PASS STRUCK step clause is not a live item    -> green  | (1 items, green)
2026-09-27T00:14:37.4630510Z   PASS §2 items are out of scope (section bound) -> green  | (1 items, green)
2026-09-27T00:14:37.4630885Z RESULT: PASS
2026-09-27T00:14:37.5282303Z palette-tier gate: 4 theme(s), 3 palette(s), 42 declared key(s), 137 component meta(s), 137 snippet manifest(s)
2026-09-27T00:14:37.5284196Z OK — every theme declares a palette per family; every declaration resolves; no theme hand-carries a divergent palette-owned value; no undeclared duplication.
2026-09-27T00:14:37.5998563Z palette-tier selftest OK — 10 bites, all red when mutated
2026-09-27T00:14:37.8300603Z _validate_radius: 0 strict fail(s), 0 advisory file(s) pending migration, 4 physical corner longhand(s) DECLARED ADVISORY (#221) -> _RADIUS-GATE.md
2026-09-27T00:14:37.8302170Z   ⬛ DECLARED (not counted, not a verdict): canon/canon.css: border-top-left-radius:0
2026-09-27T00:14:37.8303156Z   ⬛ DECLARED (not counted, not a verdict): canon/canon.css: border-bottom-left-radius:0
2026-09-27T00:14:37.8304226Z   ⬛ DECLARED (not counted, not a verdict): snippets/Split-button.reference.html: border-top-left-radius:0
2026-09-27T00:14:37.8305439Z   ⬛ DECLARED (not counted, not a verdict): snippets/Split-button.reference.html: border-bottom-left-radius:0
2026-09-27T00:14:37.8306666Z      ⬛ promoting this arm to STRICT is DAVE'S — see notes/_subreports/2026-08-27-221-laneA.md
2026-09-27T00:14:38.3804651Z gen_showroom --check OK — 137 page(s) + index in sync (index owned by knowledge/_render/gen_library_214.py).
2026-09-27T00:14:38.4192529Z gen_showroom GATE — payload URL does not resolve in _selftest.reference.html:
2026-09-27T00:14:38.4193818Z    ../knowledge/canon/type.css              -> /home/runner/work/UX-design/UX-design/knowledge/knowledge/canon/type.css (MISSING)
2026-09-27T00:14:38.4194971Z    A relative URL in a snippet must point at a real file: the showroom
2026-09-27T00:14:38.4195917Z    pane re-resolves it against showroom/ (srcdoc inherits the parent base URL).
2026-09-27T00:14:38.4197050Z gen_showroom GATE — payload URL does not resolve in _selftest.reference.html:
2026-09-27T00:14:38.4198526Z    ../canon/does-not-exist.css              -> /home/runner/work/UX-design/UX-design/knowledge/canon/does-not-exist.css (MISSING)
2026-09-27T00:14:38.4199561Z    A relative URL in a snippet must point at a real file: the showroom
2026-09-27T00:14:38.4200776Z    pane re-resolves it against showroom/ (srcdoc inherits the parent base URL).
2026-09-27T00:14:38.4202637Z gen_showroom --selftest OK — 16 bites (rebase · fragments · absolutes · double-rebase fails loud · missing-target gate · query suffix · #98-D1 one-bar contract ×4 · embed mode ×5).
2026-09-27T00:14:39.9810561Z COULD-NOT-ASK: dashboard/index.html — the page differs, but a live gate baked into it is reading INPUTS OUTSIDE THE COMMITTED TREE, so its verdict — and therefore this page — cannot be reproduced here: provenance names `knowledge/_tmp/l3-245/rename-plan.json`; provenance names `outputs/_FINDING-canon-pri-hover-brand-mono-fork-2026-08-06-v1.md`; provenance names `outputs/_PARTITION-button-primary-2026-08-06-v1.md`. Every one of those paths is untracked, so an environment that has them and one that does not will render different prose from the SAME commit. This is a REFUSAL, not a staleness verdict in either direction: the page's agreement with the stores is UNKNOWN here and is reported as unknown. Ask it where those inputs are present (a working tree that holds them), or commit them.
2026-09-27T00:14:40.0336672Z legacy-leak gate: 0 unwaived leak(s), 0 waived.
2026-09-27T00:14:40.1265855Z theme-provenance gate (ADVISORY): 50 hardcoded foreign-theme hex(es) in 166 Mono files. See _THEME-PROVENANCE-GATE.md
2026-09-27T00:14:40.1512302Z token-tier gate: 0 strict failure(s), 1 advisory.
2026-09-27T00:14:40.3203048Z icon-source audit → _ICON-SOURCE-AUDIT.md
2026-09-27T00:14:40.3203752Z 0 UNKNOWN, 102 bespoke, across 137 snippet(s); 758 library glyphs.
2026-09-27T00:14:41.1386745Z a11y gate: 137 snippet(s), 0 failure(s), 204 warning(s), 732 note(s) · 1458 controls + 68 marks measured · 24 mark(s) below 24
2026-09-27T00:14:41.1902775Z a11y target selftest: 25 clause(s) green, 0 failing
2026-09-27T00:14:41.2238449Z COULD-NOT-ASK: HIT-AREA: HARNESS UNAVAILABLE — playwright not importable (No module named 'playwright'). Install it with `pip install playwright && playwright install chromium`. (Inside this repo's sandbox, stage it per knowledge/_RUNBOOK-render-verify.md instead.) This is NOT a pass.
2026-09-27T00:14:41.2240736Z Hit-area sweep — 137 file(s) × 1180/480 px, min 44px
2026-09-27T00:14:41.3035125Z wiring gate: 59 gate script(s) on disk (51 _validate_* · 8 _gate_*, #221 widened) · 55 wired · 4 exempt by name · 0 failure(s)
2026-09-27T00:14:41.3036799Z   wired by surface: _build_all.STEPS 48 · _git_commit.sh 2 · gates.yml 2 · arm-of-a-wired-script 3
2026-09-27T00:14:41.3038698Z   ⬛ ARM (declared + verified): _gate_harness_stubs.py is run by _test_git_commit.py [2026-08-27]
2026-09-27T00:14:41.3040051Z   ⬛ ARM (declared + verified): _validate_composition.py is run by _validate_screen.py [2026-09-03]
2026-09-27T00:14:41.3049058Z   ⬛ ARM (declared + verified): _validate_receipt.py is run by _validate_screen.py [2026-09-03]
2026-09-27T00:14:41.3050809Z   ⬛ EXEMPT (declared, not counted as wired): _gate_pack_imports.py [2026-08-27] — Built #219 and WIRED NOWHERE — not in _build_all.STEPS, not in gates.yml, not at the commit seam (#220-L1 find…
2026-09-27T00:14:41.3052642Z   ⬛ EXEMPT (declared, not counted as wired): _validate_demo_page.py [2026-09-21] — unwired since #268 (08e315dc); wire-or-retire is Dave's, review page #293…
2026-09-27T00:14:41.3054204Z   ⬛ EXEMPT (declared, not counted as wired): _validate_descender_computed.py [2026-08-22] — G2 render leg (#215, row W-101): drives real pages in headless chromium and reads getComputedStyle — needs a S…
2026-09-27T00:14:41.3055899Z   ⬛ EXEMPT (declared, not counted as wired): _validate_fit_physics.py [2026-09-07] — FIT physics gate (s248-D2/D3, s249-D4; #249 FIT lane): drives the composed page in headless chromium via playw…
2026-09-27T00:14:41.5555769Z wiring selftest: 17 bites · 0 failure(s)
2026-09-27T00:14:41.7036708Z # Composition gate audit
2026-09-27T00:14:41.7037082Z 
2026-09-27T00:14:41.7037220Z ## canon.css
2026-09-27T00:14:41.7038629Z - defs 1021, var() refs 623
2026-09-27T00:14:41.7039376Z - ✅ vars resolve, braces balanced, spine markers present
2026-09-27T00:14:41.7040627Z - ℹ️ canon.css: 1 var(s) resolved via inline-scope (set in snippet markup, not CSS): ['--sc']
2026-09-27T00:14:41.7041210Z 
2026-09-27T00:14:41.7041355Z ## composed screens (7)
2026-09-27T00:14:41.7042061Z - ✅ canon-gallery.canon.html — 76 canon classes, 0 rogue hex, 0 redefines, all resolve
2026-09-27T00:14:41.7043145Z - ✅ nio-dash-console-v1.canon.html — 28 canon classes, 0 rogue hex, 0 redefines, all resolve
2026-09-27T00:14:41.7044249Z - ✅ nio-dash-console-v2.canon.html — 28 canon classes, 0 rogue hex, 0 redefines, all resolve
2026-09-27T00:14:41.7045318Z - ✅ payments-journey.canon.html — 22 canon classes, 0 rogue hex, 0 redefines, all resolve
2026-09-27T00:14:41.7046402Z - ✅ sme-payments-desktop.canon.html — 8 canon classes, 0 rogue hex, 0 redefines, all resolve
2026-09-27T00:14:41.7047722Z - ✅ sme-payments-swiss.canon.html — 3 canon classes, 0 rogue hex, 0 redefines, all resolve
2026-09-27T00:14:41.7048445Z - ✅ sme-payments.canon.html — 10 canon classes, 0 rogue hex, 0 redefines, all resolve
2026-09-27T00:14:41.7048783Z 
2026-09-27T00:14:41.7048888Z ## screen titles (aca-003)
2026-09-27T00:14:41.7049193Z - ✅ 7 screen(s), every <title> present + unique
2026-09-27T00:14:41.7049406Z 
2026-09-27T00:14:41.7049503Z RESULT: PASS ✅
2026-09-27T00:14:43.0116763Z # Composed-screen gate — full pipeline on *.canon.html
2026-09-27T00:14:43.0117212Z 
2026-09-27T00:14:43.0117585Z ## canon-gallery.canon.html
2026-09-27T00:14:43.0119443Z - receipt: UNPROVEN:NO-RECEIPT — this page carries no #provenance-receipt, so nothing about its provenance was measured. Mint one with `python3 knowledge/gen_provenance_receipt.py --mint <path>`; run with --receipt-strict to make this block.
2026-09-27T00:14:43.0121178Z - compose: ✅
2026-09-27T00:14:43.0121648Z - composition: n/a — no .c-bento on this page
2026-09-27T00:14:43.0122330Z - icon-source: ✅ all paths library-matched
2026-09-27T00:14:43.0241568Z - a11y: ✅  (warn: DATA MARK `rect.dv-series` — 219.2x20.2 — under the 24 dense-case minimum (rect w/h attrs) (s116-D1: marks carry the 24 floor, not the 44 target); DATA MARK `rect.dv-series` — 94.0x20.2 — under the 24 dense-case minimum (rect w/h attrs) (s116-D1: marks carry the 24 floor, not the 44 target); DATA MARK `rect.dv-series` — 495.9x20.2 — under the 24 dense-case minimum (rect w/h attrs) (s116-D1: marks carry the 24 floor, not the 44 target); DATA MARK `rect.dv-series` — 135.7x20.2 — under the 24 dense-case minimum (rect w/h attrs) (s116-D1: marks carry the 24 floor, not the 44 target); DATA MARK `rect.dv-series` — 109.6x20.2 — under the 24 dense-case minimum (rect w/h attrs) (s116-D1: marks carry the 24 floor, not the 44 target); DATA MARK `rect.dv-series` — 156.6x20.2 — under the 24 dense-case minimum (rect w/h attrs) (s116-D1: marks carry the 24 floor, not the 44 target); DATA MARK `rect.dv-series` — 133.2x20.0 — under the 24 dense-case minimum (rect w/h attrs) (s116-D1: marks carry the 24 floor, not the 44 target); DATA MARK `rect.dv-series` — 162.8x20.0 — under the 24 dense-case minimum (rect w/h attrs) (s116-D1: marks carry the 24 floor, not the 44 target); DATA MARK `rect.dv-series` — 83.2x20.0 — under the 24 dense-case minimum (rect w/h attrs) (s116-D1: marks carry the 24 floor, not the 44 target); DATA MARK `rect.dv-series` — 112.8x20.0 — under the 24 dense-case minimum (rect w/h attrs) (s116-D1: marks carry the 24 floor, not the 44 target); DATA MARK `rect.dv-series` — 55.5x20.0 — under the 24 dense-case minimum (rect w/h attrs) (s116-D1: marks carry the 24 floor, not the 44 target); DATA MARK `rect.dv-series` — 46.2x20.0 — under the 24 dense-case minimum (rect w/h attrs) (s116-D1: marks carry the 24 floor, not the 44 target); DATA MARK `rect.dv-series` — 166.5x20.0 — under the 24 dense-case minimum (rect w/h attrs) (s116-D1: marks carry the 24 floor, not the 44 target); DATA MARK `rect.dv-series` — 175.8x20.0 — under the 24 dense-case minimum (rect w/h attrs) (s116-D1: marks carry the 24 floor, not the 44 target); DATA MARK `rect.dv-series` — 107.3x20.0 — under the 24 dense-case minimum (rect w/h attrs) (s116-D1: marks carry the 24 floor, not the 44 target); DATA MARK `rect.dv-series` — 74.0x20.0 — under the 24 dense-case minimum (rect w/h attrs) (s116-D1: marks carry the 24 floor, not the 44 target); DATA MARK `rect.dv-series` — 37.0x20.0 — under the 24 dense-case minimum (rect w/h attrs) (s116-D1: marks carry the 24 floor, not the 44 target); DATA MARK `rect.dv-series` — 61.0x20.0 — under the 24 dense-case minimum (rect w/h attrs) (s116-D1: marks carry the 24 floor, not the 44 target); DATA MARK `rect.dv-series` — 48.7x16.2 — under the 24 dense-case minimum (rect w/h attrs) (s116-D1: marks carry the 24 floor, not the 44 target); DATA MARK `rect.dv-series` — 48.7x21.6 — under the 24 dense-case minimum (rect w/h attrs) (s116-D1: marks carry the 24 floor, not the 44 target); DATA MARK `rect.dv-series` — 48.7x23.4 — under the 24 dense-case minimum (rect w/h attrs) (s116-D1: marks carry the 24 floor, not the 44 target); DATA MARK `rect.dv-series` — 48.7x18.9 — under the 24 dense-case minimum (rect w/h attrs) (s116-D1: marks carry the 24 floor, not the 44 target); DATA MARK `rect.dv-series` — 48.7x17.1 — under the 24 dense-case minimum (rect w/h attrs) (s116-D1: marks carry the 24 floor, not the 44 target); DATA MARK `g.dv-marker` — 11.0x11.0 — under the 24 dense-case minimum (<g> wrapper measured from its circle child (circle diameter 2r)) (s116-D1: marks carry the 24 floor, not the 44 target); DATA MARK `g.dv-marker` — 11.0x11.0 — under the 24 dense-case minimum (<g> wrapper measured from its circle child (circle diameter 2r)) (s116-D1: marks carry the 24 floor, not the 44 target); DATA MARK `g.dv-marker` — 11.0x11.0 — under the 24 dense-case minimum (<g> wrapper measured from its circle child (circle diameter 2r)) (s116-D1: marks carry the 24 floor, not the 44 target); DATA MARK `g.dv-marker` — 11.0x11.0 — under the 24 dense-case minimum (<g> wrapper measured from its circle child (circle diameter 2r)) (s116-D1: marks carry the 24 floor, not the 44 target); DATA MARK `g.dv-marker` — 11.0x11.0 — under the 24 dense-case minimum (<g> wrapper measured from its circle child (circle diameter 2r)) (s116-D1: marks carry the 24 floor, not the 44 target); DATA MARK `g.dv-marker` — 11.0x11.0 — under the 24 dense-case minimum (<g> wrapper measured from its circle child (circle diameter 2r)) (s116-D1: marks carry the 24 floor, not the 44 target); DATA MARK `g.dv-marker` — 11.0x11.0 — under the 24 dense-case minimum (<g> wrapper measured from its circle child (circle diameter 2r)) (s116-D1: marks carry the 24 floor, not the 44 target); DATA MARK `g.dv-marker` — 11.0x11.0 — under the 24 dense-case minimum (<g> wrapper measured from its circle child (circle diameter 2r)) (s116-D1: marks carry the 24 floor, not the 44 target); DATA MARK `g.dv-marker` — 11.0x11.0 — under the 24 dense-case minimum (<g> wrapper measured from its circle child (circle diameter 2r)) (s116-D1: marks carry the 24 floor, not the 44 target); DATA MARK `g.dv-marker` — 11.0x11.0 — under the 24 dense-case minimum (<g> wrapper measured from its circle child (circle diameter 2r)) (s116-D1: marks carry the 24 floor, not the 44 target); DATA MARK `g.dv-marker` — 11.0x11.0 — under the 24 dense-case minimum (<g> wrapper measured from its circle child (circle diameter 2r)) (s116-D1: marks carry the 24 floor, not the 44 target); DATA MARK `g.dv-marker` — 11.0x11.0 — under the 24 dense-case minimum (<g> wrapper measured from its circle child (circle diameter 2r)) (s116-D1: marks carry the 24 floor, not the 44 target); DATA MARK `g.dv-marker` — 11.0x11.0 — under the 24 dense-case minimum (<g> wrapper measured from its circle child (circle diameter 2r)) (s116-D1: marks carry the 24 floor, not the 44 target); DATA MARK `g.dv-marker` — 11.0x11.0 — under the 24 dense-case minimum (<g> wrapper measured from its circle child (circle diameter 2r)) (s116-D1: marks carry the 24 floor, not the 44 target); DATA MARK `g.dv-marker` — 11.0x11.0 — under the 24 dense-case minimum (<g> wrapper measured from its circle child (circle diameter 2r)) (s116-D1: marks carry the 24 floor, not the 44 target); DATA MARK `g.dv-marker` — 11.0x11.0 — under the 24 dense-case minimum (<g> wrapper measured from its circle child (circle diameter 2r)) (s116-D1: marks carry the 24 floor, not the 44 target); DATA MARK `g.dv-marker` — 11.0x11.0 — under the 24 dense-case minimum (<g> wrapper measured from its circle child (circle diameter 2r)) (s116-D1: marks carry the 24 floor, not the 44 target); DATA MARK `g.dv-marker` — 11.0x11.0 — under the 24 dense-case minimum (<g> wrapper measured from its circle child (circle diameter 2r)) (s116-D1: marks carry the 24 floor, not the 44 target); DATA MARK `g.dv-marker` — 11.0x11.0 — under the 24 dense-case minimum (<g> wrapper measured from its circle child (circle diameter 2r)) (s116-D1: marks carry the 24 floor, not the 44 target); DATA MARK `g.dv-marker` — 11.0x11.0 — under the 24 dense-case minimum (<g> wrapper measured from its circle child (circle diameter 2r)) (s116-D1: marks carry the 24 floor, not the 44 target); DATA MARK `g.dv-marker` — 11.0x11.0 — under the 24 dense-case minimum (<g> wrapper measured from its circle child (circle diameter 2r)) (s116-D1: marks carry the 24 floor, not the 44 target); DATA MARK `g.dv-marker` — 11.0x11.0 — under the 24 dense-case minimum (<g> wrapper measured from its circle child (circle diameter 2r)) (s116-D1: marks carry the 24 floor, not the 44 target); DATA MARK `g.dv-marker` — 11.0x11.0 — under the 24 dense-case minimum (<g> wrapper measured from its circle child (circle diameter 2r)) (s116-D1: marks carry the 24 floor, not the 44 target); DATA MARK `g.dv-marker` — 11.0x11.0 — under the 24 dense-case minimum (<g> wrapper measured from its circle child (circle diameter 2r)) (s116-D1: marks carry the 24 floor, not the 44 target); DATA MARK `g.dv-marker` — 11.0x11.0 — under the 24 dense-case minimum (<g> wrapper measured from its circle child (circle diameter 2r)) (s116-D1: marks carry the 24 floor, not the 44 target); DATA MARK `g.dv-marker` — 11.0x11.0 — under the 24 dense-case minimum (<g> wrapper measured from its circle child (circle diameter 2r)) (s116-D1: marks carry the 24 floor, not the 44 target); DATA MARK `g.dv-marker` — 11.0x11.0 — under the 24 dense-case minimum (<g> wrapper measured from its circle child (circle diameter 2r)) (s116-D1: marks carry the 24 floor, not the 44 target); DATA MARK `g.dv-marker` — 11.0x11.0 — under the 24 dense-case minimum (<g> wrapper measured from its circle child (circle diameter 2r)) (s116-D1: marks carry the 24 floor, not the 44 target); DATA MARK `g.dv-marker` — 11.0x11.0 — under the 24 dense-case minimum (<g> wrapper measured from its circle child (circle diameter 2r)) (s116-D1: marks carry the 24 floor, not the 44 target); DATA MARK `g.dv-marker` — 11.0x11.0 — under the 24 dense-case minimum (<g> wrapper measured from its circle child (circle diameter 2r)) (s116-D1: marks carry the 24 floor, not the 44 target); DATA MARK `g.dv-marker` — 11.0x11.0 — under the 24 dense-case minimum (<g> wrapper measured from its circle child (circle diameter 2r)) (s116-D1: marks carry the 24 floor, not the 44 target); DATA MARK `g.dv-marker` — 11.0x11.0 — under the 24 dense-case minimum (<g> wrapper measured from its circle child (circle diameter 2r)) (s116-D1: marks carry the 24 floor, not the 44 target); DATA MARK `g.dv-marker` — 11.0x11.0 — under the 24 dense-case minimum (<g> wrapper measured from its circle child (circle diameter 2r)) (s116-D1: marks carry the 24 floor, not the 44 target); DATA MARK `g.dv-marker` — 11.0x11.0 — under the 24 dense-case minimum (<g> wrapper measured from its circle child (circle diameter 2r)) (s116-D1: marks carry the 24 floor, not the 44 target); DATA MARK `g.dv-marker` — 11.0x11.0 — under the 24 dense-case minimum (<g> wrapper measured from its circle child (circle diameter 2r)) (s116-D1: marks carry the 24 floor, not the 44 target); DATA MARK `g.dv-marker` — 11.0x11.0 — under the 24 dense-case minimum (<g> wrapper measured from its circle child (circle diameter 2r)) (s116-D1: marks carry the 24 floor, not the 44 target); DATA MARK `g.dv-marker` — 11.0x11.0 — under the 24 dense-case minimum (<g> wrapper measured from its circle child (circle diameter 2r)) (s116-D1: marks carry the 24 floor, not the 44 target); DATA MARK `g.dv-marker` — 11.0x11.0 — under the 24 dense-case minimum (<g> wrapper measured from its circle child (circle diameter 2r)) (s116-D1: marks carry the 24 floor, not the 44 target); DATA MARK `g.dv-marker` — 11.0x11.0 — under the 24 dense-case minimum (<g> wrapper measured from its circle child (circle diameter 2r)) (s116-D1: marks carry the 24 floor, not the 44 target); DATA MARK `g.dv-marker` — 11.0x11.0 — under the 24 dense-case minimum (<g> wrapper measured from its circle child (circle diameter 2r)) (s116-D1: marks carry the 24 floor, not the 44 target); DATA MARK `g.dv-marker` — 11.0x11.0 — under the 24 dense-case minimum (<g> wrapper measured from its circle child (circle diameter 2r)) (s116-D1: marks carry the 24 floor, not the 44 target); DATA MARK `g.dv-marker` — 11.0x11.0 — under the 24 dense-case minimum (<g> wrapper measured from its circle child (circle diameter 2r)) (s116-D1: marks carry the 24 floor, not the 44 target); DATA MARK `g.dv-marker` — 11.0x11.0 — under the 24 dense-case minimum (<g> wrapper measured from its circle child (circle diameter 2r)) (s116-D1: marks carry the 24 floor, not the 44 target); DATA MARK `g.dv-marker` — 11.0x11.0 — under the 24 dense-case minimum (<g> wrapper measured from its circle child (circle diameter 2r)) (s116-D1: marks carry the 24 floor, not the 44 target); DATA MARK `g.dv-marker` — 11.0x11.0 — under the 24 dense-case minimum (<g> wrapper measured from its circle child (circle diameter 2r)) (s116-D1: marks carry the 24 floor, not the 44 target); DATA MARK `g.dv-marker` — 11.0x11.0 — under the 24 dense-case minimum (<g> wrapper measured from its circle child (circle diameter 2r)) (s116-D1: marks carry the 24 floor, not the 44 target); DATA MARK `g.dv-marker` — 11.0x11.0 — under the 24 dense-case minimum (<g> wrapper measured from its circle child (circle diameter 2r)) (s116-D1: marks carry the 24 floor, not the 44 target); DATA MARK `g.dv-marker` — 11.0x11.0 — under the 24 dense-case minimum (<g> wrapper measured from its circle child (circle diameter 2r)) (s116-D1: marks carry the 24 floor, not the 44 target); DATA MARK `g.dv-marker` — 11.0x11.0 — under the 24 dense-case minimum (<g> wrapper measured from its rect child (rect w/h attrs)) (s116-D1: marks carry the 24 floor, not the 44 target); DATA MARK `g.dv-marker` — 11.0x11.0 — under the 24 dense-case minimum (<g> wrapper measured from its rect child (rect w/h attrs)) (s116-D1: marks carry the 24 floor, not the 44 target); DATA MARK `g.dv-marker` — 11.0x11.0 — under the 24 dense-case minimum (<g> wrapper measured from its rect child (rect w/h attrs)) (s116-D1: marks carry the 24 floor, not the 44 target); DATA MARK `g.dv-marker` — 11.0x11.0 — under the 24 dense-case minimum (<g> wrapper measured from its rect child (rect w/h attrs)) (s116-D1: marks carry the 24 floor, not the 44 target); DATA MARK `g.dv-marker` — 11.0x11.0 — under the 24 dense-case minimum (<g> wrapper measured from its rect child (rect w/h attrs)) (s116-D1: marks carry the 24 floor, not the 44 target); DATA MARK `g.dv-marker` — 11.0x11.0 — under the 24 dense-case minimum (<g> wrapper measured from its rect child (rect w/h attrs)) (s116-D1: marks carry the 24 floor, not the 44 target); DATA MARK `g.dv-marker` — 11.0x11.0 — under the 24 dense-case minimum (<g> wrapper measured from its rect child (rect w/h attrs)) (s116-D1: marks carry the 24 floor, not the 44 target); DATA MARK `g.dv-marker` — 11.0x11.0 — under the 24 dense-case minimum (<g> wrapper measured from its rect child (rect w/h attrs)) (s116-D1: marks carry the 24 floor, not the 44 target); DATA MARK `g.dv-marker` — 11.0x11.0 — under the 24 dense-case minimum (<g> wrapper measured from its rect child (rect w/h attrs)) (s116-D1: marks carry the 24 floor, not the 44 target); DATA MARK `g.dv-marker` — 11.0x11.0 — under the 24 dense-case minimum (<g> wrapper measured from its rect child (rect w/h attrs)) (s116-D1: marks carry the 24 floor, not the 44 target); DATA MARK `g.dv-marker` — 11.0x11.0 — under the 24 dense-case minimum (<g> wrapper measured from its rect child (rect w/h attrs)) (s116-D1: marks carry the 24 floor, not the 44 target); DATA MARK `g.dv-marker` — 11.0x11.0 — under the 24 dense-case minimum (<g> wrapper measured from its rect child (rect w/h attrs)) (s116-D1: marks carry the 24 floor, not the 44 target); DATA MARK `g.dv-marker` — 13.0x13.0 — under the 24 dense-case minimum (<g> wrapper measured from its polygon child (polygon bbox)) (s116-D1: marks carry the 24 floor, not the 44 target); DATA MARK `g.dv-marker` — 13.0x13.0 — under the 24 dense-case minimum (<g> wrapper measured from its polygon child (polygon bbox)) (s116-D1: marks carry the 24 floor, not the 44 target); DATA MARK `g.dv-marker` — 13.0x13.0 — under the 24 dense-case minimum (<g> wrapper measured from its polygon child (polygon bbox)) (s116-D1: marks carry the 24 floor, not the 44 target); DATA MARK `g.dv-marker` — 13.0x13.0 — under the 24 dense-case minimum (<g> wrapper measured from its polygon child (polygon bbox)) (s116-D1: marks carry the 24 floor, not the 44 target); DATA MARK `g.dv-marker` — 13.0x13.0 — under the 24 dense-case minimum (<g> wrapper measured from its polygon child (polygon bbox)) (s116-D1: marks carry the 24 floor, not the 44 target); DATA MARK `g.dv-marker` — 13.0x13.0 — under the 24 dense-case minimum (<g> wrapper measured from its polygon child (polygon bbox)) (s116-D1: marks carry the 24 floor, not the 44 target); DATA MARK `g.dv-marker` — 13.0x13.0 — under the 24 dense-case minimum (<g> wrapper measured from its polygon child (polygon bbox)) (s116-D1: marks carry the 24 floor, not the 44 target); DATA MARK `g.dv-marker` — 13.0x13.0 — under the 24 dense-case minimum (<g> wrapper measured from its polygon child (polygon bbox)) (s116-D1: marks carry the 24 floor, not the 44 target); DATA MARK `g.dv-marker` — 13.0x13.0 — under the 24 dense-case minimum (<g> wrapper measured from its polygon child (polygon bbox)) (s116-D1: marks carry the 24 floor, not the 44 target); DATA MARK `g.dv-marker` — 13.0x13.0 — under the 24 dense-case minimum (<g> wrapper measured from its polygon child (polygon bbox)) (s116-D1: marks carry the 24 floor, not the 44 target); DATA MARK `g.dv-marker` — 13.0x13.0 — under the 24 dense-case minimum (<g> wrapper measured from its polygon child (polygon bbox)) (s116-D1: marks carry the 24 floor, not the 44 target); DATA MARK `g.dv-marker` — 13.0x13.0 — under the 24 dense-case minimum (<g> wrapper measured from its polygon child (polygon bbox)) (s116-D1: marks carry the 24 floor, not the 44 target); DATA MARK `g.dv-marker` — 8.4x8.4 — under the 24 dense-case minimum (<g> wrapper measured from its circle child (circle diameter 2r)) (s116-D1: marks carry the 24 floor, not the 44 target); DATA MARK `g.dv-marker` — 8.4x8.4 — under the 24 dense-case minimum (<g> wrapper measured from its circle child (circle diameter 2r)) (s116-D1: marks carry the 24 floor, not the 44 target); DATA MARK `g.dv-marker` — 8.4x8.4 — under the 24 dense-case minimum (<g> wrapper measured from its circle child (circle diameter 2r)) (s116-D1: marks carry the 24 floor, not the 44 target); DATA MARK `g.dv-marker` — 8.4x8.4 — under the 24 dense-case minimum (<g> wrapper measured from its circle child (circle diameter 2r)) (s116-D1: marks carry the 24 floor, not the 44 target); DATA MARK `g.dv-marker` — 8.4x8.4 — under the 24 dense-case minimum (<g> wrapper measured from its circle child (circle diameter 2r)) (s116-D1: marks carry the 24 floor, not the 44 target); DATA MARK `g.dv-marker` — 8.4x8.4 — under the 24 dense-case minimum (<g> wrapper measured from its circle child (circle diameter 2r)) (s116-D1: marks carry the 24 floor, not the 44 target); DATA MARK `g.dv-marker` — 8.4x8.4 — under the 24 dense-case minimum (<g> wrapper measured from its circle child (circle diameter 2r)) (s116-D1: marks carry the 24 floor, not the 44 target); DATA MARK `g.dv-marker` — 8.4x8.4 — under the 24 dense-case minimum (<g> wrapper measured from its circle child (circle diameter 2r)) (s116-D1: marks carry the 24 floor, not the 44 target); DATA MARK `g.dv-marker` — 8.4x8.4 — under the 24 dense-case minimum (<g> wrapper measured from its circle child (circle diameter 2r)) (s116-D1: marks carry the 24 floor, not the 44 target); DATA MARK `g.dv-marker` — 8.4x8.4 — under the 24 dense-case minimum (<g> wrapper measured from its circle child (circle diameter 2r)) (s116-D1: marks carry the 24 floor, not the 44 target); DATA MARK `g.dv-marker` — 8.4x8.4 — under the 24 dense-case minimum (<g> wrapper measured from its circle child (circle diameter 2r)) (s116-D1: marks carry the 24 floor, not the 44 target); DATA MARK `g.dv-marker` — 8.4x8.4 — under the 24 dense-case minimum (<g> wrapper measured from its circle child (circle diameter 2r)) (s116-D1: marks carry the 24 floor, not the 44 target))
2026-09-27T00:14:43.0328842Z ## nio-dash-console-v1.canon.html
2026-09-27T00:14:43.0330059Z - receipt: UNPROVEN:NO-RECEIPT — this page carries no #provenance-receipt, so nothing about its provenance was measured. Mint one with `python3 knowledge/gen_provenance_receipt.py --mint <path>`; run with --receipt-strict to make this block.
2026-09-27T00:14:43.0331095Z - compose: ✅
2026-09-27T00:14:43.0331382Z - composition: n/a — no .c-bento on this page
2026-09-27T00:14:43.0331740Z - icon-source: ✅ all paths library-matched
2026-09-27T00:14:43.0398388Z - a11y: ✅  (warn: DATA MARK `rect.dv-series` — 14.0x97.2 — under the 24 dense-case minimum (rect w/h attrs) (s116-D1: marks carry the 24 floor, not the 44 target); DATA MARK `rect.dv-series` — 14.0x64.8 — under the 24 dense-case minimum (rect w/h attrs) (s116-D1: marks carry the 24 floor, not the 44 target); DATA MARK `rect.dv-series` — 14.0x133.9 — under the 24 dense-case minimum (rect w/h attrs) (s116-D1: marks carry the 24 floor, not the 44 target); DATA MARK `rect.dv-series` — 14.0x216.0 — under the 24 dense-case minimum (rect w/h attrs) (s116-D1: marks carry the 24 floor, not the 44 target); DATA MARK `rect.dv-series` — 14.0x38.9 — under the 24 dense-case minimum (rect w/h attrs) (s116-D1: marks carry the 24 floor, not the 44 target); DATA MARK `rect.dv-series` — 14.0x47.5 — under the 24 dense-case minimum (rect w/h attrs) (s116-D1: marks carry the 24 floor, not the 44 target); DATA MARK `rect.dv-series` — 14.0x118.8 — under the 24 dense-case minimum (rect w/h attrs) (s116-D1: marks carry the 24 floor, not the 44 target); DATA MARK `rect.dv-series` — 14.0x129.6 — under the 24 dense-case minimum (rect w/h attrs) (s116-D1: marks carry the 24 floor, not the 44 target); DATA MARK `rect.dv-series` — 14.0x183.6 — under the 24 dense-case minimum (rect w/h attrs) (s116-D1: marks carry the 24 floor, not the 44 target); DATA MARK `rect.dv-series` — 14.0x86.4 — under the 24 dense-case minimum (rect w/h attrs) (s116-D1: marks carry the 24 floor, not the 44 target); DATA MARK `rect.dv-series` — 14.0x90.7 — under the 24 dense-case minimum (rect w/h attrs) (s116-D1: marks carry the 24 floor, not the 44 target); DATA MARK `rect.dv-series` — 14.0x64.8 — under the 24 dense-case minimum (rect w/h attrs) (s116-D1: marks carry the 24 floor, not the 44 target); DATA MARK `rect.dv-series` — 14.0x125.3 — under the 24 dense-case minimum (rect w/h attrs) (s116-D1: marks carry the 24 floor, not the 44 target); DATA MARK `rect.dv-series` — 14.0x99.4 — under the 24 dense-case minimum (rect w/h attrs) (s116-D1: marks carry the 24 floor, not the 44 target); DATA MARK `rect.dv-series` — 14.0x108.0 — under the 24 dense-case minimum (rect w/h attrs) (s116-D1: marks carry the 24 floor, not the 44 target); DATA MARK `rect.dv-series` — 14.0x129.6 — under the 24 dense-case minimum (rect w/h attrs) (s116-D1: marks carry the 24 floor, not the 44 target); DATA MARK `rect.dv-series` — 14.0x205.2 — under the 24 dense-case minimum (rect w/h attrs) (s116-D1: marks carry the 24 floor, not the 44 target); DATA MARK `rect.dv-series` — 14.0x155.5 — under the 24 dense-case minimum (rect w/h attrs) (s116-D1: marks carry the 24 floor, not the 44 target); DATA MARK `rect.dv-series` — 14.0x86.4 — under the 24 dense-case minimum (rect w/h attrs) (s116-D1: marks carry the 24 floor, not the 44 target); DATA MARK `rect.dv-series` — 14.0x140.4 — under the 24 dense-case minimum (rect w/h attrs) (s116-D1: marks carry the 24 floor, not the 44 target); DATA MARK `rect.dv-series` — 14.0x64.8 — under the 24 dense-case minimum (rect w/h attrs) (s116-D1: marks carry the 24 floor, not the 44 target); DATA MARK `rect.dv-series` — 14.0x47.5 — under the 24 dense-case minimum (rect w/h attrs) (s116-D1: marks carry the 24 floor, not the 44 target); DATA MARK `rect.dv-series` — 14.0x43.2 — under the 24 dense-case minimum (rect w/h attrs) (s116-D1: marks carry the 24 floor, not the 44 target); DATA MARK `rect.dv-series` — 14.0x54.0 — under the 24 dense-case minimum (rect w/h attrs) (s116-D1: marks carry the 24 floor, not the 44 target); DATA MARK `path.dv-donut-seg.dv-marker.dv-series` — 40.0x11.5 — under the 24 dense-case minimum (arc segment: radial thickness 40.0, mid-radius arc length 11.5) (s116-D1: marks carry the 24 floor, not the 44 target); DATA MARK `path.dv-donut-seg.dv-marker.dv-series` — 40.0x21.2 — under the 24 dense-case minimum (arc segment: radial thickness 40.0, mid-radius arc length 21.2) (s116-D1: marks carry the 24 floor, not the 44 target); DATA MARK `g.dv-marker` — 11.0x11.0 — under the 24 dense-case minimum (<g> wrapper measured from its circle child (circle diameter 2r)) (s116-D1: marks carry the 24 floor, not the 44 target); DATA MARK `g.dv-marker` — 11.0x11.0 — under the 24 dense-case minimum (<g> wrapper measured from its circle child (circle diameter 2r)) (s116-D1: marks carry the 24 floor, not the 44 target); DATA MARK `g.dv-marker` — 11.0x11.0 — under the 24 dense-case minimum (<g> wrapper measured from its circle child (circle diameter 2r)) (s116-D1: marks carry the 24 floor, not the 44 target); DATA MARK `g.dv-marker` — 11.0x11.0 — under the 24 dense-case minimum (<g> wrapper measured from its circle child (circle diameter 2r)) (s116-D1: marks carry the 24 floor, not the 44 target); DATA MARK `g.dv-marker` — 11.0x11.0 — under the 24 dense-case minimum (<g> wrapper measured from its circle child (circle diameter 2r)) (s116-D1: marks carry the 24 floor, not the 44 target); DATA MARK `g.dv-marker` — 11.0x11.0 — under the 24 dense-case minimum (<g> wrapper measured from its circle child (circle diameter 2r)) (s116-D1: marks carry the 24 floor, not the 44 target); DATA MARK `g.dv-marker` — 11.0x11.0 — under the 24 dense-case minimum (<g> wrapper measured from its circle child (circle diameter 2r)) (s116-D1: marks carry the 24 floor, not the 44 target); DATA MARK `g.dv-marker` — 11.0x11.0 — under the 24 dense-case minimum (<g> wrapper measured from its circle child (circle diameter 2r)) (s116-D1: marks carry the 24 floor, not the 44 target); DATA MARK `g.dv-marker` — 11.0x11.0 — under the 24 dense-case minimum (<g> wrapper measured from its circle child (circle diameter 2r)) (s116-D1: marks carry the 24 floor, not the 44 target); DATA MARK `g.dv-marker` — 11.0x11.0 — under the 24 dense-case minimum (<g> wrapper measured from its circle child (circle diameter 2r)) (s116-D1: marks carry the 24 floor, not the 44 target); DATA MARK `g.dv-marker` — 11.0x11.0 — under the 24 dense-case minimum (<g> wrapper measured from its circle child (circle diameter 2r)) (s116-D1: marks carry the 24 floor, not the 44 target); DATA MARK `g.dv-marker` — 11.0x11.0 — under the 24 dense-case minimum (<g> wrapper measured from its circle child (circle diameter 2r)) (s116-D1: marks carry the 24 floor, not the 44 target); DATA MARK `g.dv-marker` — 11.0x11.0 — under the 24 dense-case minimum (<g> wrapper measured from its circle child (circle diameter 2r)) (s116-D1: marks carry the 24 floor, not the 44 target); DATA MARK `g.dv-marker` — 11.0x11.0 — under the 24 dense-case minimum (<g> wrapper measured from its circle child (circle diameter 2r)) (s116-D1: marks carry the 24 floor, not the 44 target); DATA MARK `g.dv-marker` — 11.0x11.0 — under the 24 dense-case minimum (<g> wrapper measured from its circle child (circle diameter 2r)) (s116-D1: marks carry the 24 floor, not the 44 target); DATA MARK `g.dv-marker` — 11.0x11.0 — under the 24 dense-case minimum (<g> wrapper measured from its circle child (circle diameter 2r)) (s116-D1: marks carry the 24 floor, not the 44 target); DATA MARK `g.dv-marker` — 11.0x11.0 — under the 24 dense-case minimum (<g> wrapper measured from its circle child (circle diameter 2r)) (s116-D1: marks carry the 24 floor, not the 44 target); DATA MARK `g.dv-marker` — 11.0x11.0 — under the 24 dense-case minimum (<g> wrapper measured from its circle child (circle diameter 2r)) (s116-D1: marks carry the 24 floor, not the 44 target); DATA MARK `g.dv-marker` — 11.0x11.0 — under the 24 dense-case minimum (<g> wrapper measured from its circle child (circle diameter 2r)) (s116-D1: marks carry the 24 floor, not the 44 target); DATA MARK `g.dv-marker` — 11.0x11.0 — under the 24 dense-case minimum (<g> wrapper measured from its circle child (circle diameter 2r)) (s116-D1: marks carry the 24 floor, not the 44 target); DATA MARK `g.dv-marker` — 11.0x11.0 — under the 24 dense-case minimum (<g> wrapper measured from its circle child (circle diameter 2r)) (s116-D1: marks carry the 24 floor, not the 44 target); DATA MARK `g.dv-marker` — 11.0x11.0 — under the 24 dense-case minimum (<g> wrapper measured from its circle child (circle diameter 2r)) (s116-D1: marks carry the 24 floor, not the 44 target); DATA MARK `g.dv-marker` — 11.0x11.0 — under the 24 dense-case minimum (<g> wrapper measured from its circle child (circle diameter 2r)) (s116-D1: marks carry the 24 floor, not the 44 target); DATA MARK `g.dv-marker` — 11.0x11.0 — under the 24 dense-case minimum (<g> wrapper measured from its circle child (circle diameter 2r)) (s116-D1: marks carry the 24 floor, not the 44 target); DATA MARK `g.dv-marker` — 11.0x11.0 — under the 24 dense-case minimum (<g> wrapper measured from its rect child (rect w/h attrs)) (s116-D1: marks carry the 24 floor, not the 44 target); DATA MARK `g.dv-marker` — 11.0x11.0 — under the 24 dense-case minimum (<g> wrapper measured from its rect child (rect w/h attrs)) (s116-D1: marks carry the 24 floor, not the 44 target); DATA MARK `g.dv-marker` — 11.0x11.0 — under the 24 dense-case minimum (<g> wrapper measured from its rect child (rect w/h attrs)) (s116-D1: marks carry the 24 floor, not the 44 target); DATA MARK `g.dv-marker` — 11.0x11.0 — under the 24 dense-case minimum (<g> wrapper measured from its rect child (rect w/h attrs)) (s116-D1: marks carry the 24 floor, not the 44 target); DATA MARK `g.dv-marker` — 11.0x11.0 — under the 24 dense-case minimum (<g> wrapper measured from its rect child (rect w/h attrs)) (s116-D1: marks carry the 24 floor, not the 44 target); DATA MARK `g.dv-marker` — 11.0x11.0 — under the 24 dense-case minimum (<g> wrapper measured from its rect child (rect w/h attrs)) (s116-D1: marks carry the 24 floor, not the 44 target); DATA MARK `g.dv-marker` — 11.0x11.0 — under the 24 dense-case minimum (<g> wrapper measured from its rect child (rect w/h attrs)) (s116-D1: marks carry the 24 floor, not the 44 target); DATA MARK `g.dv-marker` — 11.0x11.0 — under the 24 dense-case minimum (<g> wrapper measured from its rect child (rect w/h attrs)) (s116-D1: marks carry the 24 floor, not the 44 target); DATA MARK `g.dv-marker` — 11.0x11.0 — under the 24 dense-case minimum (<g> wrapper measured from its rect child (rect w/h attrs)) (s116-D1: marks carry the 24 floor, not the 44 target); DATA MARK `g.dv-marker` — 11.0x11.0 — under the 24 dense-case minimum (<g> wrapper measured from its rect child (rect w/h attrs)) (s116-D1: marks carry the 24 floor, not the 44 target); DATA MARK `g.dv-marker` — 11.0x11.0 — under the 24 dense-case minimum (<g> wrapper measured from its rect child (rect w/h attrs)) (s116-D1: marks carry the 24 floor, not the 44 target); DATA MARK `g.dv-marker` — 11.0x11.0 — under the 24 dense-case minimum (<g> wrapper measured from its rect child (rect w/h attrs)) (s116-D1: marks carry the 24 floor, not the 44 target); DATA MARK `g.dv-marker` — 13.0x13.0 — under the 24 dense-case minimum (<g> wrapper measured from its polygon child (polygon bbox)) (s116-D1: marks carry the 24 floor, not the 44 target); DATA MARK `g.dv-marker` — 13.0x13.0 — under the 24 dense-case minimum (<g> wrapper measured from its polygon child (polygon bbox)) (s116-D1: marks carry the 24 floor, not the 44 target); DATA MARK `g.dv-marker` — 13.0x13.0 — under the 24 dense-case minimum (<g> wrapper measured from its polygon child (polygon bbox)) (s116-D1: marks carry the 24 floor, not the 44 target); DATA MARK `g.dv-marker` — 13.0x13.0 — under the 24 dense-case minimum (<g> wrapper measured from its polygon child (polygon bbox)) (s116-D1: marks carry the 24 floor, not the 44 target); DATA MARK `g.dv-marker` — 13.0x13.0 — under the 24 dense-case minimum (<g> wrapper measured from its polygon child (polygon bbox)) (s116-D1: marks carry the 24 floor, not the 44 target); DATA MARK `g.dv-marker` — 13.0x13.0 — under the 24 dense-case minimum (<g> wrapper measured from its polygon child (polygon bbox)) (s116-D1: marks carry the 24 floor, not the 44 target); DATA MARK `g.dv-marker` — 13.0x13.0 — under the 24 dense-case minimum (<g> wrapper measured from its polygon child (polygon bbox)) (s116-D1: marks carry the 24 floor, not the 44 target); DATA MARK `g.dv-marker` — 13.0x13.0 — under the 24 dense-case minimum (<g> wrapper measured from its polygon child (polygon bbox)) (s116-D1: marks carry the 24 floor, not the 44 target); DATA MARK `g.dv-marker` — 13.0x13.0 — under the 24 dense-case minimum (<g> wrapper measured from its polygon child (polygon bbox)) (s116-D1: marks carry the 24 floor, not the 44 target); DATA MARK `g.dv-marker` — 13.0x13.0 — under the 24 dense-case minimum (<g> wrapper measured from its polygon child (polygon bbox)) (s116-D1: marks carry the 24 floor, not the 44 target); DATA MARK `g.dv-marker` — 13.0x13.0 — under the 24 dense-case minimum (<g> wrapper measured from its polygon child (polygon bbox)) (s116-D1: marks carry the 24 floor, not the 44 target); DATA MARK `g.dv-marker` — 13.0x13.0 — under the 24 dense-case minimum (<g> wrapper measured from its polygon child (polygon bbox)) (s116-D1: marks carry the 24 floor, not the 44 target); DATA MARK `g.dv-marker` — 11.0x11.0 — under the 24 dense-case minimum (<g> wrapper measured from its rect child (rect w/h attrs)) (s116-D1: marks carry the 24 floor, not the 44 target); DATA MARK `g.dv-marker` — 11.0x11.0 — under the 24 dense-case minimum (<g> wrapper measured from its rect child (rect w/h attrs)) (s116-D1: marks carry the 24 floor, not the 44 target); DATA MARK `g.dv-marker` — 11.0x11.0 — under the 24 dense-case minimum (<g> wrapper measured from its rect child (rect w/h attrs)) (s116-D1: marks carry the 24 floor, not the 44 target); DATA MARK `g.dv-marker` — 11.0x11.0 — under the 24 dense-case minimum (<g> wrapper measured from its rect child (rect w/h attrs)) (s116-D1: marks carry the 24 floor, not the 44 target); DATA MARK `g.dv-marker` — 11.0x11.0 — under the 24 dense-case minimum (<g> wrapper measured from its rect child (rect w/h attrs)) (s116-D1: marks carry the 24 floor, not the 44 target); DATA MARK `g.dv-marker` — 11.0x11.0 — under the 24 dense-case minimum (<g> wrapper measured from its rect child (rect w/h attrs)) (s116-D1: marks carry the 24 floor, not the 44 target); DATA MARK `g.dv-marker` — 11.0x11.0 — under the 24 dense-case minimum (<g> wrapper measured from its rect child (rect w/h attrs)) (s116-D1: marks carry the 24 floor, not the 44 target); DATA MARK `g.dv-marker` — 11.0x11.0 — under the 24 dense-case minimum (<g> wrapper measured from its rect child (rect w/h attrs)) (s116-D1: marks carry the 24 floor, not the 44 target); DATA MARK `g.dv-marker` — 11.0x11.0 — under the 24 dense-case minimum (<g> wrapper measured from its rect child (rect w/h attrs)) (s116-D1: marks carry the 24 floor, not the 44 target); DATA MARK `g.dv-marker` — 11.0x11.0 — under the 24 dense-case minimum (<g> wrapper measured from its rect child (rect w/h attrs)) (s116-D1: marks carry the 24 floor, not the 44 target); DATA MARK `g.dv-marker` — 11.0x11.0 — under the 24 dense-case minimum (<g> wrapper measured from its rect child (rect w/h attrs)) (s116-D1: marks carry the 24 floor, not the 44 target); DATA MARK `g.dv-marker` — 11.0x11.0 — under the 24 dense-case minimum (<g> wrapper measured from its rect child (rect w/h attrs)) (s116-D1: marks carry the 24 floor, not the 44 target); DATA MARK `rect.dv-series` — 20.0x64.8 — under the 24 dense-case minimum (rect w/h attrs) (s116-D1: marks carry the 24 floor, not the 44 target); DATA MARK `rect.dv-series` — 20.0x118.8 — under the 24 dense-case minimum (rect w/h attrs) (s116-D1: marks carry the 24 floor, not the 44 target); DATA MARK `rect.dv-series` — 20.0x95.0 — under the 24 dense-case minimum (rect w/h attrs) (s116-D1: marks carry the 24 floor, not the 44 target); DATA MARK `rect.dv-series` — 20.0x108.0 — under the 24 dense-case minimum (rect w/h attrs) (s116-D1: marks carry the 24 floor, not the 44 target); DATA MARK `rect.dv-series` — 20.0x146.9 — under the 24 dense-case minimum (rect w/h attrs) (s116-D1: marks carry the 24 floor, not the 44 target); DATA MARK `rect.dv-series` — 20.0x177.1 — under the 24 dense-case minimum (rect w/h attrs) (s116-D1: marks carry the 24 floor, not the 44 target); DATA MARK `rect.dv-series` — 20.0x38.9 — under the 24 dense-case minimum (rect w/h attrs) (s116-D1: marks carry the 24 floor, not the 44 target); DATA MARK `rect.dv-series` — 20.0x51.8 — under the 24 dense-case minimum (rect w/h attrs) (s116-D1: marks carry the 24 floor, not the 44 target); DATA MARK `rect.dv-series` — 20.0x30.2 — under the 24 dense-case minimum (rect w/h attrs) (s116-D1: marks carry the 24 floor, not the 44 target); DATA MARK `rect.dv-series` — 20.0x86.4 — under the 24 dense-case minimum (rect w/h attrs) (s116-D1: marks carry the 24 floor, not the 44 target); DATA MARK `rect.dv-series` — 20.0x112.3 — under the 24 dense-case minimum (rect w/h attrs) (s116-D1: marks carry the 24 floor, not the 44 target); DATA MARK `rect.dv-series` — 20.0x99.4 — under the 24 dense-case minimum (rect w/h attrs) (s116-D1: marks carry the 24 floor, not the 44 target); DATA MARK `rect.dv-series` — 20.0x198.7 — under the 24 dense-case minimum (rect w/h attrs) (s116-D1: marks carry the 24 floor, not the 44 target); DATA MARK `rect.dv-series` — 20.0x151.2 — under the 24 dense-case minimum (rect w/h attrs) (s116-D1: marks carry the 24 floor, not the 44 target); DATA MARK `rect.dv-series` — 20.0x129.6 — under the 24 dense-case minimum (rect w/h attrs) (s116-D1: marks carry the 24 floor, not the 44 target); DATA MARK `rect.dv-series` — 20.0x47.5 — under the 24 dense-case minimum (rect w/h attrs) (s116-D1: marks carry the 24 floor, not the 44 target); DATA MARK `rect.dv-series` — 20.0x99.4 — under the 24 dense-case minimum (rect w/h attrs) (s116-D1: marks carry the 24 floor, not the 44 target); DATA MARK `rect.dv-series` — 20.0x82.1 — under the 24 dense-case minimum (rect w/h attrs) (s116-D1: marks carry the 24 floor, not the 44 target))
2026-09-27T00:14:43.0453757Z ## nio-dash-console-v2.canon.html
2026-09-27T00:14:43.0455104Z - receipt: UNPROVEN:NO-RECEIPT — this page carries no #provenance-receipt, so nothing about its provenance was measured. Mint one with `python3 knowledge/gen_provenance_receipt.py --mint <path>`; run with --receipt-strict to make this block.
2026-09-27T00:14:43.0456091Z - compose: ✅
2026-09-27T00:14:43.0456364Z - composition: n/a — no .c-bento on this page
2026-09-27T00:14:43.0456721Z - icon-source: ✅ all paths library-matched
2026-09-27T00:14:43.0522395Z - a11y: ✅  (warn: DATA MARK `rect.dv-series` — 14.0x97.2 — under the 24 dense-case minimum (rect w/h attrs) (s116-D1: marks carry the 24 floor, not the 44 target); DATA MARK `rect.dv-series` — 14.0x64.8 — under the 24 dense-case minimum (rect w/h attrs) (s116-D1: marks carry the 24 floor, not the 44 target); DATA MARK `rect.dv-series` — 14.0x133.9 — under the 24 dense-case minimum (rect w/h attrs) (s116-D1: marks carry the 24 floor, not the 44 target); DATA MARK `rect.dv-series` — 14.0x216.0 — under the 24 dense-case minimum (rect w/h attrs) (s116-D1: marks carry the 24 floor, not the 44 target); DATA MARK `rect.dv-series` — 14.0x38.9 — under the 24 dense-case minimum (rect w/h attrs) (s116-D1: marks carry the 24 floor, not the 44 target); DATA MARK `rect.dv-series` — 14.0x47.5 — under the 24 dense-case minimum (rect w/h attrs) (s116-D1: marks carry the 24 floor, not the 44 target); DATA MARK `rect.dv-series` — 14.0x118.8 — under the 24 dense-case minimum (rect w/h attrs) (s116-D1: marks carry the 24 floor, not the 44 target); DATA MARK `rect.dv-series` — 14.0x129.6 — under the 24 dense-case minimum (rect w/h attrs) (s116-D1: marks carry the 24 floor, not the 44 target); DATA MARK `rect.dv-series` — 14.0x183.6 — under the 24 dense-case minimum (rect w/h attrs) (s116-D1: marks carry the 24 floor, not the 44 target); DATA MARK `rect.dv-series` — 14.0x86.4 — under the 24 dense-case minimum (rect w/h attrs) (s116-D1: marks carry the 24 floor, not the 44 target); DATA MARK `rect.dv-series` — 14.0x90.7 — under the 24 dense-case minimum (rect w/h attrs) (s116-D1: marks carry the 24 floor, not the 44 target); DATA MARK `rect.dv-series` — 14.0x64.8 — under the 24 dense-case minimum (rect w/h attrs) (s116-D1: marks carry the 24 floor, not the 44 target); DATA MARK `rect.dv-series` — 14.0x125.3 — under the 24 dense-case minimum (rect w/h attrs) (s116-D1: marks carry the 24 floor, not the 44 target); DATA MARK `rect.dv-series` — 14.0x99.4 — under the 24 dense-case minimum (rect w/h attrs) (s116-D1: marks carry the 24 floor, not the 44 target); DATA MARK `rect.dv-series` — 14.0x108.0 — under the 24 dense-case minimum (rect w/h attrs) (s116-D1: marks carry the 24 floor, not the 44 target); DATA MARK `rect.dv-series` — 14.0x129.6 — under the 24 dense-case minimum (rect w/h attrs) (s116-D1: marks carry the 24 floor, not the 44 target); DATA MARK `rect.dv-series` — 14.0x205.2 — under the 24 dense-case minimum (rect w/h attrs) (s116-D1: marks carry the 24 floor, not the 44 target); DATA MARK `rect.dv-series` — 14.0x155.5 — under the 24 dense-case minimum (rect w/h attrs) (s116-D1: marks carry the 24 floor, not the 44 target); DATA MARK `rect.dv-series` — 14.0x86.4 — under the 24 dense-case minimum (rect w/h attrs) (s116-D1: marks carry the 24 floor, not the 44 target); DATA MARK `rect.dv-series` — 14.0x140.4 — under the 24 dense-case minimum (rect w/h attrs) (s116-D1: marks carry the 24 floor, not the 44 target); DATA MARK `rect.dv-series` — 14.0x64.8 — under the 24 dense-case minimum (rect w/h attrs) (s116-D1: marks carry the 24 floor, not the 44 target); DATA MARK `rect.dv-series` — 14.0x47.5 — under the 24 dense-case minimum (rect w/h attrs) (s116-D1: marks carry the 24 floor, not the 44 target); DATA MARK `rect.dv-series` — 14.0x43.2 — under the 24 dense-case minimum (rect w/h attrs) (s116-D1: marks carry the 24 floor, not the 44 target); DATA MARK `rect.dv-series` — 14.0x54.0 — under the 24 dense-case minimum (rect w/h attrs) (s116-D1: marks carry the 24 floor, not the 44 target); DATA MARK `path.dv-donut-seg.dv-marker.dv-series` — 40.0x11.5 — under the 24 dense-case minimum (arc segment: radial thickness 40.0, mid-radius arc length 11.5) (s116-D1: marks carry the 24 floor, not the 44 target); DATA MARK `path.dv-donut-seg.dv-marker.dv-series` — 40.0x21.2 — under the 24 dense-case minimum (arc segment: radial thickness 40.0, mid-radius arc length 21.2) (s116-D1: marks carry the 24 floor, not the 44 target); DATA MARK `g.dv-marker` — 11.0x11.0 — under the 24 dense-case minimum (<g> wrapper measured from its circle child (circle diameter 2r)) (s116-D1: marks carry the 24 floor, not the 44 target); DATA MARK `g.dv-marker` — 11.0x11.0 — under the 24 dense-case minimum (<g> wrapper measured from its circle child (circle diameter 2r)) (s116-D1: marks carry the 24 floor, not the 44 target); DATA MARK `g.dv-marker` — 11.0x11.0 — under the 24 dense-case minimum (<g> wrapper measured from its circle child (circle diameter 2r)) (s116-D1: marks carry the 24 floor, not the 44 target); DATA MARK `g.dv-marker` — 11.0x11.0 — under the 24 dense-case minimum (<g> wrapper measured from its circle child (circle diameter 2r)) (s116-D1: marks carry the 24 floor, not the 44 target); DATA MARK `g.dv-marker` — 11.0x11.0 — under the 24 dense-case minimum (<g> wrapper measured from its circle child (circle diameter 2r)) (s116-D1: marks carry the 24 floor, not the 44 target); DATA MARK `g.dv-marker` — 11.0x11.0 — under the 24 dense-case minimum (<g> wrapper measured from its circle child (circle diameter 2r)) (s116-D1: marks carry the 24 floor, not the 44 target); DATA MARK `g.dv-marker` — 11.0x11.0 — under the 24 dense-case minimum (<g> wrapper measured from its circle child (circle diameter 2r)) (s116-D1: marks carry the 24 floor, not the 44 target); DATA MARK `g.dv-marker` — 11.0x11.0 — under the 24 dense-case minimum (<g> wrapper measured from its circle child (circle diameter 2r)) (s116-D1: marks carry the 24 floor, not the 44 target); DATA MARK `g.dv-marker` — 11.0x11.0 — under the 24 dense-case minimum (<g> wrapper measured from its circle child (circle diameter 2r)) (s116-D1: marks carry the 24 floor, not the 44 target); DATA MARK `g.dv-marker` — 11.0x11.0 — under the 24 dense-case minimum (<g> wrapper measured from its circle child (circle diameter 2r)) (s116-D1: marks carry the 24 floor, not the 44 target); DATA MARK `g.dv-marker` — 11.0x11.0 — under the 24 dense-case minimum (<g> wrapper measured from its circle child (circle diameter 2r)) (s116-D1: marks carry the 24 floor, not the 44 target); DATA MARK `g.dv-marker` — 11.0x11.0 — under the 24 dense-case minimum (<g> wrapper measured from its circle child (circle diameter 2r)) (s116-D1: marks carry the 24 floor, not the 44 target); DATA MARK `g.dv-marker` — 11.0x11.0 — under the 24 dense-case minimum (<g> wrapper measured from its circle child (circle diameter 2r)) (s116-D1: marks carry the 24 floor, not the 44 target); DATA MARK `g.dv-marker` — 11.0x11.0 — under the 24 dense-case minimum (<g> wrapper measured from its circle child (circle diameter 2r)) (s116-D1: marks carry the 24 floor, not the 44 target); DATA MARK `g.dv-marker` — 11.0x11.0 — under the 24 dense-case minimum (<g> wrapper measured from its circle child (circle diameter 2r)) (s116-D1: marks carry the 24 floor, not the 44 target); DATA MARK `g.dv-marker` — 11.0x11.0 — under the 24 dense-case minimum (<g> wrapper measured from its circle child (circle diameter 2r)) (s116-D1: marks carry the 24 floor, not the 44 target); DATA MARK `g.dv-marker` — 11.0x11.0 — under the 24 dense-case minimum (<g> wrapper measured from its circle child (circle diameter 2r)) (s116-D1: marks carry the 24 floor, not the 44 target); DATA MARK `g.dv-marker` — 11.0x11.0 — under the 24 dense-case minimum (<g> wrapper measured from its circle child (circle diameter 2r)) (s116-D1: marks carry the 24 floor, not the 44 target); DATA MARK `g.dv-marker` — 11.0x11.0 — under the 24 dense-case minimum (<g> wrapper measured from its circle child (circle diameter 2r)) (s116-D1: marks carry the 24 floor, not the 44 target); DATA MARK `g.dv-marker` — 11.0x11.0 — under the 24 dense-case minimum (<g> wrapper measured from its circle child (circle diameter 2r)) (s116-D1: marks carry the 24 floor, not the 44 target); DATA MARK `g.dv-marker` — 11.0x11.0 — under the 24 dense-case minimum (<g> wrapper measured from its circle child (circle diameter 2r)) (s116-D1: marks carry the 24 floor, not the 44 target); DATA MARK `g.dv-marker` — 11.0x11.0 — under the 24 dense-case minimum (<g> wrapper measured from its circle child (circle diameter 2r)) (s116-D1: marks carry the 24 floor, not the 44 target); DATA MARK `g.dv-marker` — 11.0x11.0 — under the 24 dense-case minimum (<g> wrapper measured from its circle child (circle diameter 2r)) (s116-D1: marks carry the 24 floor, not the 44 target); DATA MARK `g.dv-marker` — 11.0x11.0 — under the 24 dense-case minimum (<g> wrapper measured from its circle child (circle diameter 2r)) (s116-D1: marks carry the 24 floor, not the 44 target); DATA MARK `g.dv-marker` — 11.0x11.0 — under the 24 dense-case minimum (<g> wrapper measured from its rect child (rect w/h attrs)) (s116-D1: marks carry the 24 floor, not the 44 target); DATA MARK `g.dv-marker` — 11.0x11.0 — under the 24 dense-case minimum (<g> wrapper measured from its rect child (rect w/h attrs)) (s116-D1: marks carry the 24 floor, not the 44 target); DATA MARK `g.dv-marker` — 11.0x11.0 — under the 24 dense-case minimum (<g> wrapper measured from its rect child (rect w/h attrs)) (s116-D1: marks carry the 24 floor, not the 44 target); DATA MARK `g.dv-marker` — 11.0x11.0 — under the 24 dense-case minimum (<g> wrapper measured from its rect child (rect w/h attrs)) (s116-D1: marks carry the 24 floor, not the 44 target); DATA MARK `g.dv-marker` — 11.0x11.0 — under the 24 dense-case minimum (<g> wrapper measured from its rect child (rect w/h attrs)) (s116-D1: marks carry the 24 floor, not the 44 target); DATA MARK `g.dv-marker` — 11.0x11.0 — under the 24 dense-case minimum (<g> wrapper measured from its rect child (rect w/h attrs)) (s116-D1: marks carry the 24 floor, not the 44 target); DATA MARK `g.dv-marker` — 11.0x11.0 — under the 24 dense-case minimum (<g> wrapper measured from its rect child (rect w/h attrs)) (s116-D1: marks carry the 24 floor, not the 44 target); DATA MARK `g.dv-marker` — 11.0x11.0 — under the 24 dense-case minimum (<g> wrapper measured from its rect child (rect w/h attrs)) (s116-D1: marks carry the 24 floor, not the 44 target); DATA MARK `g.dv-marker` — 11.0x11.0 — under the 24 dense-case minimum (<g> wrapper measured from its rect child (rect w/h attrs)) (s116-D1: marks carry the 24 floor, not the 44 target); DATA MARK `g.dv-marker` — 11.0x11.0 — under the 24 dense-case minimum (<g> wrapper measured from its rect child (rect w/h attrs)) (s116-D1: marks carry the 24 floor, not the 44 target); DATA MARK `g.dv-marker` — 11.0x11.0 — under the 24 dense-case minimum (<g> wrapper measured from its rect child (rect w/h attrs)) (s116-D1: marks carry the 24 floor, not the 44 target); DATA MARK `g.dv-marker` — 11.0x11.0 — under the 24 dense-case minimum (<g> wrapper measured from its rect child (rect w/h attrs)) (s116-D1: marks carry the 24 floor, not the 44 target); DATA MARK `g.dv-marker` — 13.0x13.0 — under the 24 dense-case minimum (<g> wrapper measured from its polygon child (polygon bbox)) (s116-D1: marks carry the 24 floor, not the 44 target); DATA MARK `g.dv-marker` — 13.0x13.0 — under the 24 dense-case minimum (<g> wrapper measured from its polygon child (polygon bbox)) (s116-D1: marks carry the 24 floor, not the 44 target); DATA MARK `g.dv-marker` — 13.0x13.0 — under the 24 dense-case minimum (<g> wrapper measured from its polygon child (polygon bbox)) (s116-D1: marks carry the 24 floor, not the 44 target); DATA MARK `g.dv-marker` — 13.0x13.0 — under the 24 dense-case minimum (<g> wrapper measured from its polygon child (polygon bbox)) (s116-D1: marks carry the 24 floor, not the 44 target); DATA MARK `g.dv-marker` — 13.0x13.0 — under the 24 dense-case minimum (<g> wrapper measured from its polygon child (polygon bbox)) (s116-D1: marks carry the 24 floor, not the 44 target); DATA MARK `g.dv-marker` — 13.0x13.0 — under the 24 dense-case minimum (<g> wrapper measured from its polygon child (polygon bbox)) (s116-D1: marks carry the 24 floor, not the 44 target); DATA MARK `g.dv-marker` — 13.0x13.0 — under the 24 dense-case minimum (<g> wrapper measured from its polygon child (polygon bbox)) (s116-D1: marks carry the 24 floor, not the 44 target); DATA MARK `g.dv-marker` — 13.0x13.0 — under the 24 dense-case minimum (<g> wrapper measured from its polygon child (polygon bbox)) (s116-D1: marks carry the 24 floor, not the 44 target); DATA MARK `g.dv-marker` — 13.0x13.0 — under the 24 dense-case minimum (<g> wrapper measured from its polygon child (polygon bbox)) (s116-D1: marks carry the 24 floor, not the 44 target); DATA MARK `g.dv-marker` — 13.0x13.0 — under the 24 dense-case minimum (<g> wrapper measured from its polygon child (polygon bbox)) (s116-D1: marks carry the 24 floor, not the 44 target); DATA MARK `g.dv-marker` — 13.0x13.0 — under the 24 dense-case minimum (<g> wrapper measured from its polygon child (polygon bbox)) (s116-D1: marks carry the 24 floor, not the 44 target); DATA MARK `g.dv-marker` — 13.0x13.0 — under the 24 dense-case minimum (<g> wrapper measured from its polygon child (polygon bbox)) (s116-D1: marks carry the 24 floor, not the 44 target); DATA MARK `g.dv-marker` — 11.0x11.0 — under the 24 dense-case minimum (<g> wrapper measured from its rect child (rect w/h attrs)) (s116-D1: marks carry the 24 floor, not the 44 target); DATA MARK `g.dv-marker` — 11.0x11.0 — under the 24 dense-case minimum (<g> wrapper measured from its rect child (rect w/h attrs)) (s116-D1: marks carry the 24 floor, not the 44 target); DATA MARK `g.dv-marker` — 11.0x11.0 — under the 24 dense-case minimum (<g> wrapper measured from its rect child (rect w/h attrs)) (s116-D1: marks carry the 24 floor, not the 44 target); DATA MARK `g.dv-marker` — 11.0x11.0 — under the 24 dense-case minimum (<g> wrapper measured from its rect child (rect w/h attrs)) (s116-D1: marks carry the 24 floor, not the 44 target); DATA MARK `g.dv-marker` — 11.0x11.0 — under the 24 dense-case minimum (<g> wrapper measured from its rect child (rect w/h attrs)) (s116-D1: marks carry the 24 floor, not the 44 target); DATA MARK `g.dv-marker` — 11.0x11.0 — under the 24 dense-case minimum (<g> wrapper measured from its rect child (rect w/h attrs)) (s116-D1: marks carry the 24 floor, not the 44 target); DATA MARK `g.dv-marker` — 11.0x11.0 — under the 24 dense-case minimum (<g> wrapper measured from its rect child (rect w/h attrs)) (s116-D1: marks carry the 24 floor, not the 44 target); DATA MARK `g.dv-marker` — 11.0x11.0 — under the 24 dense-case minimum (<g> wrapper measured from its rect child (rect w/h attrs)) (s116-D1: marks carry the 24 floor, not the 44 target); DATA MARK `g.dv-marker` — 11.0x11.0 — under the 24 dense-case minimum (<g> wrapper measured from its rect child (rect w/h attrs)) (s116-D1: marks carry the 24 floor, not the 44 target); DATA MARK `g.dv-marker` — 11.0x11.0 — under the 24 dense-case minimum (<g> wrapper measured from its rect child (rect w/h attrs)) (s116-D1: marks carry the 24 floor, not the 44 target); DATA MARK `g.dv-marker` — 11.0x11.0 — under the 24 dense-case minimum (<g> wrapper measured from its rect child (rect w/h attrs)) (s116-D1: marks carry the 24 floor, not the 44 target); DATA MARK `g.dv-marker` — 11.0x11.0 — under the 24 dense-case minimum (<g> wrapper measured from its rect child (rect w/h attrs)) (s116-D1: marks carry the 24 floor, not the 44 target); DATA MARK `rect.dv-series` — 20.0x64.8 — under the 24 dense-case minimum (rect w/h attrs) (s116-D1: marks carry the 24 floor, not the 44 target); DATA MARK `rect.dv-series` — 20.0x118.8 — under the 24 dense-case minimum (rect w/h attrs) (s116-D1: marks carry the 24 floor, not the 44 target); DATA MARK `rect.dv-series` — 20.0x95.0 — under the 24 dense-case minimum (rect w/h attrs) (s116-D1: marks carry the 24 floor, not the 44 target); DATA MARK `rect.dv-series` — 20.0x108.0 — under the 24 dense-case minimum (rect w/h attrs) (s116-D1: marks carry the 24 floor, not the 44 target); DATA MARK `rect.dv-series` — 20.0x146.9 — under the 24 dense-case minimum (rect w/h attrs) (s116-D1: marks carry the 24 floor, not the 44 target); DATA MARK `rect.dv-series` — 20.0x177.1 — under the 24 dense-case minimum (rect w/h attrs) (s116-D1: marks carry the 24 floor, not the 44 target); DATA MARK `rect.dv-series` — 20.0x38.9 — under the 24 dense-case minimum (rect w/h attrs) (s116-D1: marks carry the 24 floor, not the 44 target); DATA MARK `rect.dv-series` — 20.0x51.8 — under the 24 dense-case minimum (rect w/h attrs) (s116-D1: marks carry the 24 floor, not the 44 target); DATA MARK `rect.dv-series` — 20.0x30.2 — under the 24 dense-case minimum (rect w/h attrs) (s116-D1: marks carry the 24 floor, not the 44 target); DATA MARK `rect.dv-series` — 20.0x86.4 — under the 24 dense-case minimum (rect w/h attrs) (s116-D1: marks carry the 24 floor, not the 44 target); DATA MARK `rect.dv-series` — 20.0x112.3 — under the 24 dense-case minimum (rect w/h attrs) (s116-D1: marks carry the 24 floor, not the 44 target); DATA MARK `rect.dv-series` — 20.0x99.4 — under the 24 dense-case minimum (rect w/h attrs) (s116-D1: marks carry the 24 floor, not the 44 target); DATA MARK `rect.dv-series` — 20.0x198.7 — under the 24 dense-case minimum (rect w/h attrs) (s116-D1: marks carry the 24 floor, not the 44 target); DATA MARK `rect.dv-series` — 20.0x151.2 — under the 24 dense-case minimum (rect w/h attrs) (s116-D1: marks carry the 24 floor, not the 44 target); DATA MARK `rect.dv-series` — 20.0x129.6 — under the 24 dense-case minimum (rect w/h attrs) (s116-D1: marks carry the 24 floor, not the 44 target); DATA MARK `rect.dv-series` — 20.0x47.5 — under the 24 dense-case minimum (rect w/h attrs) (s116-D1: marks carry the 24 floor, not the 44 target); DATA MARK `rect.dv-series` — 20.0x99.4 — under the 24 dense-case minimum (rect w/h attrs) (s116-D1: marks carry the 24 floor, not the 44 target); DATA MARK `rect.dv-series` — 20.0x82.1 — under the 24 dense-case minimum (rect w/h attrs) (s116-D1: marks carry the 24 floor, not the 44 target))
2026-09-27T00:14:43.0578407Z ## payments-journey.canon.html
2026-09-27T00:14:43.0579575Z - receipt: UNPROVEN:NO-RECEIPT — this page carries no #provenance-receipt, so nothing about its provenance was measured. Mint one with `python3 knowledge/gen_provenance_receipt.py --mint <path>`; run with --receipt-strict to make this block.
2026-09-27T00:14:43.0580561Z - compose: ✅
2026-09-27T00:14:43.0580845Z - composition: n/a — no .c-bento on this page
2026-09-27T00:14:43.0581200Z - icon-source: ✅ all paths library-matched
2026-09-27T00:14:43.0581479Z - a11y: ✅
2026-09-27T00:14:43.0581691Z ## sme-payments-desktop.canon.html
2026-09-27T00:14:43.0582775Z - receipt: UNPROVEN:NO-RECEIPT — this page carries no #provenance-receipt, so nothing about its provenance was measured. Mint one with `python3 knowledge/gen_provenance_receipt.py --mint <path>`; run with --receipt-strict to make this block.
2026-09-27T00:14:43.0583765Z - compose: ✅
2026-09-27T00:14:43.0584027Z - composition: n/a — no .c-bento on this page
2026-09-27T00:14:43.0584369Z - icon-source: ✅ all paths library-matched
2026-09-27T00:14:43.0584643Z - a11y: ✅
2026-09-27T00:14:43.0585022Z ## sme-payments-swiss.canon.html
2026-09-27T00:14:43.0586205Z - receipt: UNPROVEN:NO-RECEIPT — this page carries no #provenance-receipt, so nothing about its provenance was measured. Mint one with `python3 knowledge/gen_provenance_receipt.py --mint <path>`; run with --receipt-strict to make this block.
2026-09-27T00:14:43.0587157Z - compose: ✅
2026-09-27T00:14:43.0587651Z - composition: n/a — no .c-bento on this page
2026-09-27T00:14:43.0588008Z - icon-source: ✅ all paths library-matched
2026-09-27T00:14:43.0588289Z - a11y: ✅
2026-09-27T00:14:43.0588488Z ## sme-payments.canon.html
2026-09-27T00:14:43.0589533Z - receipt: UNPROVEN:NO-RECEIPT — this page carries no #provenance-receipt, so nothing about its provenance was measured. Mint one with `python3 knowledge/gen_provenance_receipt.py --mint <path>`; run with --receipt-strict to make this block.
2026-09-27T00:14:43.0590467Z - compose: ✅
2026-09-27T00:14:43.0590727Z - composition: n/a — no .c-bento on this page
2026-09-27T00:14:43.0591079Z - icon-source: ✅ all paths library-matched
2026-09-27T00:14:43.0591358Z - a11y: ✅
2026-09-27T00:14:43.0591467Z 
2026-09-27T00:14:43.0591571Z RESULT: PASS ✅
2026-09-27T00:14:43.0697101Z COULD-NOT-ASK: _validate_state_contrast.py — the 'playwright' module is not installed (ModuleNotFoundError("No module named 'playwright'")) — this gate cannot be proven without it; run `pip install playwright && playwright install chromium` ⇒ THIS IS NOT A SKIP: these arms (including the s152-D1 mutation control) run BLOCKING in the `render` job of .github/workflows/gates.yml, which installs chromium — that job is where this gate's proof of record lives. Nothing here is claimed green; the question was unaskable on this box.
2026-09-27T00:14:43.1060680Z COULD-NOT-ASK: _validate_state_contrast.py — the 'playwright' module is not installed (ModuleNotFoundError("No module named 'playwright'")) — this gate cannot be proven without it; run `pip install playwright && playwright install chromium` ⇒ THIS IS NOT A SKIP: these arms (including the s152-D1 mutation control) run BLOCKING in the `render` job of .github/workflows/gates.yml, which installs chromium — that job is where this gate's proof of record lives. Nothing here is claimed green; the question was unaskable on this box.
2026-09-27T00:14:43.1095112Z 
2026-09-27T00:14:43.1095858Z === [1/148] compliance knowledge graph — compliance/_build_compliance_kg.py ===
2026-09-27T00:14:43.1096419Z 
2026-09-27T00:14:43.1096928Z === [2/148] token blast-radius + graph report — tokens/_build_blast_radius.py ===
2026-09-27T00:14:43.1097509Z 
2026-09-27T00:14:43.1098065Z === [3/148] token blast-radius + graph report — determinism/staleness check (#79 P6) — tokens/_build_blast_radius.py ===
2026-09-27T00:14:43.1098538Z 
2026-09-27T00:14:43.1098880Z === [4/148] token blast-radius + graph report selftest (#79 P6) — tokens/_build_blast_radius.py ===
2026-09-27T00:14:43.1099251Z 
2026-09-27T00:14:43.1099508Z === [5/148] guideline rules index (gate) — guidelines/gen_rules_index.py ===
2026-09-27T00:14:43.1099815Z 
2026-09-27T00:14:43.1100031Z === [6/148] runbook index (generated) — gen_runbook_index.py ===
2026-09-27T00:14:43.1100276Z 
2026-09-27T00:14:43.1100605Z === [7/148] standing-instructions reachability gate — _validate_standing_instructions.py ===
2026-09-27T00:14:43.1100970Z 
2026-09-27T00:14:43.1101358Z === [8/148] help-gate — no entry point may write before it reads argv (#158 class gate) — _validate_help_gate.py ===
2026-09-27T00:14:43.1101767Z 
2026-09-27T00:14:43.1102081Z === [9/148] help-gate selftest — 5 mutation bites (#158 class gate) — _validate_help_gate.py ===
2026-09-27T00:14:43.1102431Z 
2026-09-27T00:14:43.1102725Z === [10/148] assertion veracity gate — claims that can rot — _validate_assertions.py ===
2026-09-27T00:14:43.1103049Z 
2026-09-27T00:14:43.1103462Z ⊘ step 'assertion veracity gate — claims that can rot' COULD-NOT-ASK (exit 77) — declared refusal, build continues
2026-09-27T00:14:43.1103889Z 
2026-09-27T00:14:43.1104320Z === [11/148] assertion veracity selftest — verbs bite + registry well-formed (#77 periphery) — _validate_assertions.py ===
2026-09-27T00:14:43.1104981Z 
2026-09-27T00:14:43.1105511Z === [12/148] capture/provenance gate — status+provenance on new notes+dossiers (Memento §4.1) — _capture_gate.py ===
2026-09-27T00:14:43.1105949Z 
2026-09-27T00:14:43.1106211Z === [13/148] capture/provenance selftest (Memento §4.1) — _capture_gate.py ===
2026-09-27T00:14:43.1106551Z 
2026-09-27T00:14:43.1106970Z ⊘ step 'capture/provenance selftest (Memento §4.1)' COULD-NOT-ASK (exit 77) — declared refusal, build continues
2026-09-27T00:14:43.1107564Z 
2026-09-27T00:14:43.1108009Z === [14/148] gauge-tokens selftest -- counting path + cache + degraded-measurement honesty (#79 P5) — _gauge_tokens.py ===
2026-09-27T00:14:43.1108458Z 
2026-09-27T00:14:43.1108689Z === [15/148] roll-state measurer selftest (#77 T1) — _roll_state.py ===
2026-09-27T00:14:43.1108965Z 
2026-09-27T00:14:43.1109326Z === [16/148] commit-seam harness — _git_commit.sh fixture-repo arms (#78-D1 P1) — _test_git_commit.py ===
2026-09-27T00:14:43.1109720Z 
2026-09-27T00:14:43.1110000Z === [17/148] GM/LS mover selftest — hardened move mechanics (M5) — _gm_move.py ===
2026-09-27T00:14:43.1110296Z 
2026-09-27T00:14:43.1110552Z === [18/148] section-usage instrumentation selftest (#23) — _gm_usage.py ===
2026-09-27T00:14:43.1110845Z 
2026-09-27T00:14:43.1111109Z === [19/148] lane records — regenerate LS §🛤 view (O1′ #24) — _gen_lanes.py ===
2026-09-27T00:14:43.1111402Z 
2026-09-27T00:14:43.1111628Z === [20/148] lane records determinism check (O1′ #24) — _gen_lanes.py ===
2026-09-27T00:14:43.1111901Z 
2026-09-27T00:14:43.1112236Z === [21/148] lane records selftest — schema refusals + routing contract (O1′ #24) — _gen_lanes.py ===
2026-09-27T00:14:43.1112596Z 
2026-09-27T00:14:43.1112797Z === [22/148] cross-reference index — _build_xref_index.py ===
2026-09-27T00:14:43.1113032Z 
2026-09-27T00:14:43.1113297Z === [23/148] sutherland acceptance fixtures — _build_sutherland_fixtures.py ===
2026-09-27T00:14:43.1113593Z 
2026-09-27T00:14:43.1113869Z === [24/148] states-completeness probe (advisory) — _build_states_probe.py ===
2026-09-27T00:14:43.1114176Z 
2026-09-27T00:14:43.1114707Z === [25/148] worklist store gate — open items state what would close them; optional priority_override is Dave's (#88 store, wired #165) — _state.py ===
2026-09-27T00:14:43.1115231Z 
2026-09-27T00:14:43.1115722Z === [26/148] worklist store selftest — schema presence gates incl. priority_override / deadline / effort (#165, extended #166) — _state.py ===
2026-09-27T00:14:43.1116225Z 
2026-09-27T00:14:43.1116596Z === [27/148] decision-graph — typed edges + conflict gate (advisory, ADR-0012) — _build_decision_graph.py ===
2026-09-27T00:14:43.1116982Z 
2026-09-27T00:14:43.1117656Z === [28/148] decision-graph selftest — conflict gate bites on unresolved/open/orphan (ADR-0012, #77 periphery) — _build_decision_graph.py ===
2026-09-27T00:14:43.1118165Z 
2026-09-27T00:14:43.1118536Z === [29/148] spine-writer selftest — splice invariants + no-half-writes (#78-D2) — _build_live_state.py ===
2026-09-27T00:14:43.1118940Z 
2026-09-27T00:14:43.1119353Z === [30/148] _LIVE-STATE staleness gate + lifecycle-block generation (advisory, ADR-0007) — _build_live_state.py ===
2026-09-27T00:14:43.1119791Z 
2026-09-27T00:14:43.1120061Z === [31/148] advisory signals — prose rules (advisory) — _validate_advisory.py ===
2026-09-27T00:14:43.1120360Z 
2026-09-27T00:14:43.1120534Z === [32/148] review queue — _build_review_queue.py ===
2026-09-27T00:14:43.1120746Z 
2026-09-27T00:14:43.1120965Z === [33/148] dark-mode coverage audit — _build_dark_mode_audit.py ===
2026-09-27T00:14:43.1121220Z 
2026-09-27T00:14:43.1121466Z === [34/148] text/icon contrast audit — _build_surface_contrast_audit.py ===
2026-09-27T00:14:43.1121748Z 
2026-09-27T00:14:43.1122023Z === [35/148] indicator/accent contrast audit — _build_indicator_contrast_audit.py ===
2026-09-27T00:14:43.1122343Z 
2026-09-27T00:14:43.1122652Z === [36/148] icon contrast delta — brand 4.5 vs 3 (advisory) — _build_icon_contrast_delta.py ===
2026-09-27T00:14:43.1123135Z 
2026-09-27T00:14:43.1123485Z === [37/148] dark-surface flatness gate — _validate_dark_surfaces.py ===
2026-09-27T00:14:43.1123763Z 
2026-09-27T00:14:43.1124187Z === [38/148] component-partials sync — AUTO-PARTIAL injection + contracts (ADR-0013) — gen_component_partials.py ===
2026-09-27T00:14:43.1124617Z 
2026-09-27T00:14:43.1124897Z === [39/148] component-partials selftest (ADR-0013) — gen_component_partials.py ===
2026-09-27T00:14:43.1125214Z 
2026-09-27T00:14:43.1125538Z === [40/148] token-set distribution sync — AUTO-TOKENS injection (s121-D1) — gen_token_ramp.py ===
2026-09-27T00:14:43.1125897Z 
2026-09-27T00:14:43.1126144Z === [41/148] token-set distribution selftest (s121-D1) — gen_token_ramp.py ===
2026-09-27T00:14:43.1126436Z 
2026-09-27T00:14:43.1126817Z === [42/148] Behaviour contract gate — dv-behaviour size + banned patterns (ADR-0015) — _validate_behaviour.py ===
2026-09-27T00:14:43.1127229Z 
2026-09-27T00:14:43.1127763Z === [43/148] Behaviour contract selftest (ADR-0015) — _validate_behaviour.py ===
2026-09-27T00:14:43.1128069Z 
2026-09-27T00:14:43.1128466Z === [44/148] canon components — regenerate from snippets (ADR-0013 ruling 4) — canon/gen_canon_components.py ===
2026-09-27T00:14:43.1128869Z 
2026-09-27T00:14:43.1129224Z === [45/148] canon components determinism check (ADR-0013 ruling 4) — canon/gen_canon_components.py ===
2026-09-27T00:14:43.1129612Z 
2026-09-27T00:14:43.1129893Z === [46/148] partial re-implementation ratchet (ADR-0013) — _validate_partials.py ===
2026-09-27T00:14:43.1130216Z 
2026-09-27T00:14:43.1130460Z === [47/148] partial-ratchet selftest (ADR-0013) — _validate_partials.py ===
2026-09-27T00:14:43.1130750Z 
2026-09-27T00:14:43.1131163Z === [48/148] token projection sync — snippets/tranches/canon literals (gen_snippet_tokens) — gen_snippet_tokens.py ===
2026-09-27T00:14:43.1131593Z 
2026-09-27T00:14:43.1131765Z === [49/148] snippet gate — _validate_snippets.py ===
2026-09-27T00:14:43.1131973Z 
2026-09-27T00:14:43.1132321Z === [50/148] theme cascade sync — [data-apollo-theme] layer (ADR-0011) — canon/gen_theme_cascade.py ===
2026-09-27T00:14:43.1132715Z 
2026-09-27T00:14:43.1132966Z === [51/148] theme cascade selftest (ADR-0014) — canon/gen_theme_cascade.py ===
2026-09-27T00:14:43.1133262Z 
2026-09-27T00:14:43.1133654Z === [52/148] state-snap gate — opacity states snap to the active theme's ramp (ADR-0014) — _validate_state_snap.py ===
2026-09-27T00:14:43.1134079Z 
2026-09-27T00:14:43.1134315Z === [53/148] state-snap selftest (ADR-0014) — _validate_state_snap.py ===
2026-09-27T00:14:43.1134586Z 
2026-09-27T00:14:43.1135042Z === [54/148] stale-queue gate — §C·1 qprobe claims re-measured vs disk + git (BLOCKING, #198) — _validate_queue_fresh.py ===
2026-09-27T00:14:43.1135477Z 
2026-09-27T00:14:43.1135897Z === [55/148] stale-queue selftest — 13 bites incl. both mutation directions + scope (#196) — _validate_queue_fresh.py ===
2026-09-27T00:14:43.1136326Z 
2026-09-27T00:14:43.1136810Z === [56/148] palette-tier gate — every theme names a palette per family, no divergent hand-carry (s157-D2) — _validate_palette_tier.py ===
2026-09-27T00:14:43.1137580Z 
2026-09-27T00:14:43.1137930Z === [57/148] palette-tier selftest — 10 mutation bites (s157-D2) — _validate_palette_tier.py ===
2026-09-27T00:14:43.1138283Z 
2026-09-27T00:14:43.1138686Z === [58/148] radius gate — no hardcoded border-radius; shape is a theme flex slot (ADR-0010) — _validate_radius.py ===
2026-09-27T00:14:43.1139094Z 
2026-09-27T00:14:43.1139419Z === [59/148] showroom sync — generated component library (RULED 2026-07-21) — gen_showroom.py ===
2026-09-27T00:14:43.1139768Z 
2026-09-27T00:14:43.1140119Z === [60/148] showroom URL-rebase selftest — the srcdoc base-URL trap (2026-07-27) — gen_showroom.py ===
2026-09-27T00:14:43.1140494Z 
2026-09-27T00:14:43.1140855Z === [61/148] dashboard sync — generated progress dashboard (RULED #164, built #165) — gen_dashboard.py ===
2026-09-27T00:14:43.1141240Z 
2026-09-27T00:14:43.1141737Z ⊘ step 'dashboard sync — generated progress dashboard (RULED #164, built #165)' COULD-NOT-ASK (exit 77) — declared refusal, build continues
2026-09-27T00:14:43.1142390Z 
2026-09-27T00:14:43.1142913Z === [62/148] Legacy-colour leakage gate (Mono) — no Legacy-only colour in a Mono surface — _validate_legacy_leak.py ===
2026-09-27T00:14:43.1143334Z 
2026-09-27T00:14:43.1143830Z === [63/148] theme-provenance gate (ADR-0011/R-D19) — no foreign-theme hex in a Mono surface (advisory) — _validate_theme_provenance.py ===
2026-09-27T00:14:43.1144325Z 
2026-09-27T00:14:43.1144580Z === [64/148] token-tier gate (_STANDARDS.md §1) — _validate_token_tiers.py ===
2026-09-27T00:14:43.1144874Z 
2026-09-27T00:14:43.1145041Z === [65/148] icon-source gate — _validate_icons.py ===
2026-09-27T00:14:43.1145255Z 
2026-09-27T00:14:43.1145402Z === [66/148] a11y gate — _validate_a11y.py ===
2026-09-27T00:14:43.1145595Z 
2026-09-27T00:14:43.1145849Z === [67/148] a11y target-measurement selftest (s114-D5) — _validate_a11y.py ===
2026-09-27T00:14:43.1146150Z 
2026-09-27T00:14:43.1146573Z === [68/148] hit-area gate — 44px minimum, rendered geometry (ADVISORY, built #203, wired #209) — _validate_hit_area.py ===
2026-09-27T00:14:43.1147025Z 
2026-09-27T00:14:43.1147702Z ⊘ step 'hit-area gate — 44px minimum, rendered geometry (ADVISORY, built #203, wired #209)' COULD-NOT-ASK (exit 77) — declared refusal, build continues
2026-09-27T00:14:43.1148245Z 
2026-09-27T00:14:43.1148531Z === [69/148] wiring gate — no orphaned validators (#118 seam) — _validate_wiring.py ===
2026-09-27T00:14:43.1148848Z 
2026-09-27T00:14:43.1149064Z === [70/148] wiring gate selftest — 4 bites — _validate_wiring.py ===
2026-09-27T00:14:43.1149326Z 
2026-09-27T00:14:43.1149550Z === [71/148] compose gate (orphan wired #119) — _validate_compose.py ===
2026-09-27T00:14:43.1149821Z 
2026-09-27T00:14:43.1150192Z === [72/148] screen gate — compose+icons+a11y over fitness fixtures (re-wired #120) — _validate_screen.py ===
2026-09-27T00:14:43.1150582Z 
2026-09-27T00:14:43.1151001Z === [73/148] state-contrast gate — driven hover/pressed, light+dark (un-exempted #125) — _validate_state_contrast.py ===
2026-09-27T00:14:43.1151449Z 
2026-09-27T00:14:43.1151973Z ⊘ step 'state-contrast gate — driven hover/pressed, light+dark (un-exempted #125)' COULD-NOT-ASK (exit 77) — declared refusal, build continues
2026-09-27T00:14:43.1152490Z 
2026-09-27T00:14:43.1152905Z === [74/148] state-contrast gate selftest — paint stack, report arithmetic, named args — _validate_state_contrast.py ===
2026-09-27T00:14:43.1153343Z 
2026-09-27T00:14:43.3692400Z ⊘ step 'state-contrast gate selftest — paint stack, report arithmetic, named args' COULD-NOT-ASK (exit 77) — declared refusal, build continuesTYPE RATCHET PASS — debt shrank 1091 -> 1089; baseline ratcheted down.
2026-09-27T00:14:43.3962100Z selftest OK — ramp from type.css: sizes [12.0, 14.0, 16.0, 20.0, 24.0, 28.0, 32.0, 40.0, 52.0] weights [250, 300, 350, 400, 500, 700]; catches raw decls + off-ramp; exempts chrome/vars/inherit/sentinel block.
2026-09-27T00:14:43.4509542Z coverage gate: 137 meta(s) / 137 snippet(s), 0 failure(s)
2026-09-27T00:14:43.5103762Z   [PASS] _proforma/DataViz-interactive.html  ({'hardcode_leaks': 0, 'real_icons': 0, 'provisional': [], 'refs': '0/0', 'asset_paths': '0/0 real', 'allcaps': 0})
2026-09-27T00:14:43.5105684Z   [PASS] _proforma/Masthead-interactive.html  ({'hardcode_leaks': 0, 'real_icons': 45, 'provisional': ['i-brand-apollo'], 'refs': '14/14', 'asset_paths': '45/45 real', 'allcaps': 0})
2026-09-27T00:14:43.5107696Z   [PASS] _proforma/Tranche-1-interactive.html  ({'hardcode_leaks': 0, 'real_icons': 11, 'provisional': [], 'refs': '10/10', 'asset_paths': '11/11 real', 'allcaps': 0})
2026-09-27T00:14:43.5109390Z   [PASS] _proforma/Tranche-2-interactive.html  ({'hardcode_leaks': 0, 'real_icons': 39, 'provisional': [], 'refs': '11/11', 'asset_paths': '39/39 real', 'allcaps': 0})
2026-09-27T00:14:43.5111066Z   [PASS] _proforma/Tranche-3-interactive.html  ({'hardcode_leaks': 0, 'real_icons': 39, 'provisional': [], 'refs': '3/3', 'asset_paths': '39/39 real', 'allcaps': 0})
2026-09-27T00:14:43.5112893Z   [PASS] _proforma/Tranche-4-interactive.html  ({'hardcode_leaks': 0, 'real_icons': 39, 'provisional': [], 'refs': '7/7', 'asset_paths': '39/39 real', 'allcaps': 0})
2026-09-27T00:14:43.5114518Z   [PASS] _proforma/Tranche-5-interactive.html  ({'hardcode_leaks': 0, 'real_icons': 39, 'provisional': [], 'refs': '14/14', 'asset_paths': '39/39 real', 'allcaps': 0})
2026-09-27T00:14:43.5115996Z   [PASS] _proforma/Tranche-6-interactive.html  ({'hardcode_leaks': 0, 'real_icons': 40, 'provisional': [], 'refs': '7/7', 'asset_paths': '40/40 real', 'allcaps': 0})
2026-09-27T00:14:43.5117587Z   [PASS] _proforma/Tranche-7-interactive.html  ({'hardcode_leaks': 0, 'real_icons': 44, 'provisional': [], 'refs': '14/14', 'asset_paths': '44/44 real', 'allcaps': 0})
2026-09-27T00:14:43.5119109Z   [PASS] _proforma/Tranche-8-interactive.html  ({'hardcode_leaks': 0, 'real_icons': 57, 'provisional': [], 'refs': '23/23', 'asset_paths': '57/57 real', 'allcaps': 0})
2026-09-27T00:14:43.5120600Z   [PASS] _proforma/Tranche-9-interactive.html  ({'hardcode_leaks': 0, 'real_icons': 10, 'provisional': [], 'refs': '6/6', 'asset_paths': '10/10 real', 'allcaps': 0})
2026-09-27T00:14:43.5121423Z 
2026-09-27T00:14:43.5121846Z ✅ pro-forma universal gate passed (11 tranche file(s)).
2026-09-27T00:14:43.5400105Z   [PASS] _proforma/DataViz-interactive.html
2026-09-27T00:14:43.5400713Z   [PASS] _proforma/Masthead-interactive.html
2026-09-27T00:14:43.5401193Z   [PASS] _proforma/Tranche-1-interactive.html
2026-09-27T00:14:43.5401573Z   [PASS] _proforma/Tranche-2-interactive.html
2026-09-27T00:14:43.5401937Z   [PASS] _proforma/Tranche-3-interactive.html
2026-09-27T00:14:43.5402308Z   [PASS] _proforma/Tranche-4-interactive.html
2026-09-27T00:14:43.5402675Z   [PASS] _proforma/Tranche-5-interactive.html
2026-09-27T00:14:43.5403047Z   [PASS] _proforma/Tranche-6-interactive.html
2026-09-27T00:14:43.5403414Z   [PASS] _proforma/Tranche-7-interactive.html
2026-09-27T00:14:43.5403779Z   [PASS] _proforma/Tranche-8-interactive.html
2026-09-27T00:14:43.5404142Z   [PASS] _proforma/Tranche-9-interactive.html
2026-09-27T00:14:43.5404412Z 
2026-09-27T00:14:43.5404715Z ✅ CSS-governed gate passed (11 tranche file(s)).
2026-09-27T00:14:43.5951174Z   [PASS] _proforma/DataViz-interactive.html
2026-09-27T00:14:43.5952053Z   [PASS] _proforma/Masthead-interactive.html
2026-09-27T00:14:43.5952957Z   [PASS] _proforma/Tranche-1-interactive.html
2026-09-27T00:14:43.5953545Z   [PASS] _proforma/Tranche-2-interactive.html
2026-09-27T00:14:43.5954109Z   [PASS] _proforma/Tranche-3-interactive.html
2026-09-27T00:14:43.5954658Z   [PASS] _proforma/Tranche-4-interactive.html
2026-09-27T00:14:43.5955204Z   [PASS] _proforma/Tranche-5-interactive.html
2026-09-27T00:14:43.5955751Z   [PASS] _proforma/Tranche-6-interactive.html
2026-09-27T00:14:43.5956293Z   [PASS] _proforma/Tranche-7-interactive.html
2026-09-27T00:14:43.5956831Z   [PASS] _proforma/Tranche-8-interactive.html
2026-09-27T00:14:43.5957561Z   [PASS] _proforma/Tranche-9-interactive.html
2026-09-27T00:14:43.5957937Z 
2026-09-27T00:14:43.5958320Z ✅ No-hardcode gate passed (11 tranche file(s)).
2026-09-27T00:14:43.8795003Z selftest OK — exempts font-size/letter/radius + hairline(1/3)/negative/square; catches off-grid height/padding.
2026-09-27T00:14:43.8796326Z   ✗ off-grid: padding: 7px  (knowledge/canon/canon.css) — not a 4px multiple
2026-09-27T00:14:43.8797527Z   ✗ off-grid: padding: 7px  (knowledge/canon/canon.css) — not a 4px multiple
2026-09-27T00:14:43.8798467Z   ✗ off-grid: padding: 7px  (knowledge/canon/canon.css) — not a 4px multiple
2026-09-27T00:14:43.8799357Z   ✗ off-grid: padding: 7px  (knowledge/snippets/Navigations.reference.html) — not a 4px multiple
2026-09-27T00:14:43.8800372Z   ✗ off-grid: padding: 7px  (knowledge/snippets/Sidebar-nav.reference.html) — not a 4px multiple
2026-09-27T00:14:43.8801350Z   ✗ off-grid: padding: 7px  (knowledge/snippets/Tab-bar.reference.html) — not a 4px multiple
2026-09-27T00:14:43.8801865Z 
2026-09-27T00:14:43.8802080Z GRID GATE FAIL — 6 off-grid layout value(s).
2026-09-27T00:14:43.9435987Z   [PASS] class         .btn (26)
2026-09-27T00:14:43.9436999Z   [PASS] scoped-element .seg button (14)
2026-09-27T00:14:43.9438236Z   [PASS] class         .stateLabel (12)
2026-09-27T00:14:43.9438867Z   [PASS] class         .status (12)
2026-09-27T00:14:43.9439451Z   [PASS] class         .chip (9)
2026-09-27T00:14:43.9439970Z   [PASS] scoped-element .seg.sm button (6)
2026-09-27T00:14:43.9440483Z   [PASS] class         .spec-h (5)
2026-09-27T00:14:43.9440897Z   [PASS] class         .label (4)
2026-09-27T00:14:43.9441205Z   [PASS] scoped-element .search input (4)
2026-09-27T00:14:43.9441533Z   [PASS] class         .badge (3)
2026-09-27T00:14:43.9441828Z   [PASS] class         .confirm .btn (3)
2026-09-27T00:14:43.9442143Z   [PASS] class         .eyebrow (3)
2026-09-27T00:14:43.9442446Z   [PASS] class         .avatar (2)
2026-09-27T00:14:43.9442743Z   [PASS] class         .hero .cta (2)
2026-09-27T00:14:43.9443052Z   [PASS] class         .pg .ctrl (2)
2026-09-27T00:14:43.9443367Z   [PASS] class         .qbtn (2)
2026-09-27T00:14:43.9443675Z   [PASS] scoped-element .pg a (2)
2026-09-27T00:14:43.9443997Z   [PASS] scoped-element .seg.l button (2)
2026-09-27T00:14:43.9444339Z   [PASS] scoped-element .seg.md button (2)
2026-09-27T00:14:43.9444681Z   [PASS] class         .action-bar .btn (1)
2026-09-27T00:14:43.9445010Z   [PASS] class         .loader (1)
2026-09-27T00:14:43.9445304Z   [PASS] class         .sim (1)
2026-09-27T00:14:43.9445597Z   [PASS] class         .time (1)
2026-09-27T00:14:43.9445901Z   [PASS] scoped-element .nav button (1)
2026-09-27T00:14:43.9446285Z   [PASS] scoped-element .note.global .actions button (1)
2026-09-27T00:14:43.9446686Z   [PASS] scoped-element .seg.lg button (1)
2026-09-27T00:14:43.9447031Z   [PASS] scoped-element nav.main a (1)
2026-09-27T00:14:43.9447504Z   [PASS] class         .tabbar .tabbar__item (0)
2026-09-27T00:14:43.9447756Z 
2026-09-27T00:14:43.9448257Z ✅ type-binding blast-radius gate passed (28 appended selector(s), corpus 151 files).
2026-09-27T00:14:45.3177266Z selftest OK — flags un-overridden ellipsis labels; accepts text-text / overflow-visible / same-rule / comma-group overrides; ignores containers + sr-only.
2026-09-27T00:14:45.3181059Z selftest OK (specificity leg) — :is()/:not()/:has()/:where() resolved; cascade-dead single-class override caught where leg 1 is blind; two-class form accepted.
2026-09-27T00:14:45.3182098Z 
2026-09-27T00:14:45.3183720Z ✓ SPECIFICITY RATCHET AT ZERO — canon/canon.css: no cascade-dead descender override. The scope classes are specificity-neutral (`:where()`); every ds-005 override wins its cascade. Any regression here is now a RED build, not a report.
2026-09-27T00:14:45.3186053Z DESCENDER-CLIP GATE PASS — every truncating label is descender-safe AND every descender-safe override wins its cascade (153 file(s)).
2026-09-27T00:14:45.7148638Z == _validate_kg.py — KG edge parse-gate (s131-D2 / s133-D1 / s135-D4) ==
2026-09-27T00:14:45.7149322Z metas checked: 139
2026-09-27T00:14:45.7149731Z ref:null + $note (declared, awaiting Dave's-eye migration): 90
2026-09-27T00:14:45.7151113Z resolutions consumed (s135-D4, KG-REVIEW-VERDICTS-2026-08-08-s135-v1.json): 82 ruled verdicts asserted present (MERGE 5 / PROMOTE 52 / ATTACH 25)
2026-09-27T00:14:45.7151898Z 
2026-09-27T00:14:45.7153172Z _validate_kg.py: OK — every ref parses+resolves, every null carries a note, every meta has provenance, edges match schema, gen_kg_edges.py is idempotent-clean, and the s135-D4 resolutions input was consumed.
2026-09-27T00:14:45.7693690Z [OK] selftest corpus is isolated (3 metas seen, none from the live tree)
2026-09-27T00:14:45.7694973Z [OK] arm 1 — deliberately broken ref FAILS
2026-09-27T00:14:45.7696088Z [OK] arm 2 — legal ref:null + $note on meta A does not fail, and is counted
2026-09-27T00:14:45.7697933Z [OK] arm 2b — every OTHER legal ref on meta A resolves clean (renderedBy/commonPattern/governedBy)
2026-09-27T00:14:45.7699041Z [OK] arm 3 — meta missing `provenance` FAILS
2026-09-27T00:14:45.7699530Z [OK] selftest never touched the live corpus
2026-09-27T00:14:45.7699845Z 
2026-09-27T00:14:45.7700007Z selftest OK.
2026-09-27T00:14:46.2591872Z _validate_token_forks.py - FORK-BAN GATE (s136-D1 clause D)
2026-09-27T00:14:46.2592839Z   glob      : knowledge/canon/*.css  (2 file(s))
2026-09-27T00:14:46.2593784Z   parsed    : 12636 declarations, 18336 (theme,mode,scope) contexts
2026-09-27T00:14:46.2594583Z   names     : 1022
2026-09-27T00:14:46.2595064Z     BENIGN_MODE_AXIS             53
2026-09-27T00:14:46.2595680Z     BENIGN_THEME_AND_MODE_AXIS   335
2026-09-27T00:14:46.2596291Z     BENIGN_THEME_AXIS            34
2026-09-27T00:14:46.2596862Z     FORK                         50
2026-09-27T00:14:46.2597652Z     UNIFORM                      550
2026-09-27T00:14:46.2598450Z   ledger    : knowledge/_TOKEN-FORK-LEDGER.json (51 declared fork(s))
2026-09-27T00:14:46.2598989Z   mode      : baseline
2026-09-27T00:14:46.2599180Z 
2026-09-27T00:14:46.2599323Z FORK  --cell-py  theme=mono mode=any
2026-09-27T00:14:46.2599741Z    knowledge/canon/canon.css:2879  .cn-table
2026-09-27T00:14:46.2600165Z       --cell-py: 10px   ->  10px
2026-09-27T00:14:46.2600741Z    knowledge/canon/canon.css:10646  :where(.cn-data-grid) .dg[data-density="compact"]
2026-09-27T00:14:46.2601357Z       --cell-py: 4px   ->  4px
2026-09-27T00:14:46.2601582Z 
2026-09-27T00:14:46.2601753Z FORK  --status-negative  theme=mono mode=any
2026-09-27T00:14:46.2602198Z    knowledge/canon/canon.css:7432  .cn-chart-bar
2026-09-27T00:14:46.2602712Z       --status-negative: var(--rag-error-graphic)   ->  #f3543e
2026-09-27T00:14:46.2603259Z    knowledge/canon/canon.css:9804  .cn-chart-sparkline
2026-09-27T00:14:46.2603769Z       --status-negative: var(--rag-error-ink)   ->  #da1a00
2026-09-27T00:14:46.2604106Z 
2026-09-27T00:14:46.2604258Z FORK  --status-neutral  theme=mono mode=any
2026-09-27T00:14:46.2604705Z    knowledge/canon/canon.css:7435  .cn-chart-bar
2026-09-27T00:14:46.2605239Z       --status-neutral: var(--rag-information-graphic)   ->  #6893d3
2026-09-27T00:14:46.2605809Z    knowledge/canon/canon.css:9806  .cn-chart-sparkline
2026-09-27T00:14:46.2606316Z       --status-neutral: var(--text-default)   ->  #1a1a1a
2026-09-27T00:14:46.2606638Z 
2026-09-27T00:14:46.2606805Z FORK  --status-positive  theme=mono mode=any
2026-09-27T00:14:46.2607246Z    knowledge/canon/canon.css:7434  .cn-chart-bar
2026-09-27T00:14:46.2607899Z       --status-positive: var(--rag-success-graphic)   ->  #57a369
2026-09-27T00:14:46.2608448Z    knowledge/canon/canon.css:9805  .cn-chart-sparkline
2026-09-27T00:14:46.2608964Z       --status-positive: var(--rag-success-ink)   ->  #137f3c
2026-09-27T00:14:46.2609311Z 
2026-09-27T00:14:46.2609466Z GATE RED: 4 fork(s) not in the ledger
2026-09-27T00:14:46.2959912Z   selftest keyfrm --dvf1 declarations parsed -> 0  want 0  OK
2026-09-27T00:14:46.2960898Z   selftest keyfrm --dvf1 -> None               want (no verdict)       OK
2026-09-27T00:14:46.2961592Z   selftest media  --pri-hover -> FORK               want FORK               OK
2026-09-27T00:14:46.2962310Z   selftest clean  --pri-hover -> BENIGN_THEME_AXIS  want BENIGN_THEME_AXIS  OK
2026-09-27T00:14:46.2963304Z   selftest forked --pri-hover -> FORK               want FORK               OK
2026-09-27T00:14:46.2963863Z      quoted: #db0011 vs #626262
2026-09-27T00:14:46.2964199Z selftest PASS
2026-09-27T00:14:46.3385281Z BINDS RATCHET — s136-D1 axis A (staged by s140-D1 D3)
2026-09-27T00:14:46.3386038Z   metas carrying >=1 props[].binds : 38 of 137
2026-09-27T00:14:46.3386529Z   floor (2026-08-10)                       : 33
2026-09-27T00:14:46.3389787Z   carrying: accordion, account-card, account-selector, action-bar, alert, amount-display, amount-input, avatar, back-to-top, badge, banner, button, chart-line, chart-sparkline, chart-stacked-area, countdown-timer, divider, empty-state, fab, hero, icon-button, input-fields, kpi-tile, links, list-items, loading-indicator, modals, navigations, popconfirm, segmented-control, selection-controls, skeleton-loader, slider, stat-card, status-indicator, tags, timeline, toast
2026-09-27T00:14:46.3392811Z PASS
2026-09-27T00:14:46.3759934Z DTCG GATE — s136-D1 axis A wire format
2026-09-27T00:14:46.3763709Z   note: corpus: 10 files gated, 11 excluded (EXAMPLE-tokens.json, _blast-radius.json, _icon-scale-hsbc-general.json, _spacing-hsbc-general.json, _typography-hsbc-general.json, elevation-pre-s141.json, icon-scale-pre-s141.json, layout-pre-s141.json, spacing-pre-s141.json, typography-composites-pre-s141.json, typography-pre-s141.json)
2026-09-27T00:14:46.3767740Z   note: spine: 936 tokens, 382 groups
2026-09-27T00:14:46.3769305Z   DEFERRED DEF-FIGMA-MODES          layout.json :: layout.web.margin :: mode-keyed node (scale-1,scale-2,scale-3) — Figma variable modes, no DTCG equivalent
2026-09-27T00:14:46.3771112Z   DEFERRED DEF-FIGMA-MODES          layout.json :: layout.web.gutter :: mode-keyed node (scale-1,scale-2,scale-3) — Figma variable modes, no DTCG equivalent
2026-09-27T00:14:46.3772610Z   DEFERRED DEF-COLOR-MISTYPE        semantic-colour.json :: blur.overlay.light :: color $value is not a hex string or alias: 12
2026-09-27T00:14:46.3773986Z   DEFERRED DEF-COLOR-MISTYPE        semantic-colour.json :: blur.overlay.dark :: color $value is not a hex string or alias: 0
2026-09-27T00:14:46.3775407Z   DEFERRED DEF-COLOR-MISTYPE        semantic-colour.json :: blur.background-surface.light :: color $value is not a hex string or alias: 12
2026-09-27T00:14:46.3776617Z   DEFERRED DEF-COLOR-MISTYPE        semantic-colour.json :: blur.background-surface.dark :: color $value is not a hex string or alias: 0
2026-09-27T00:14:46.3777869Z   DEFERRED DEF-COLOR-MISTYPE        semantic-colour.json :: image.opacity.default.light :: color $value is not a hex string or alias: 100
2026-09-27T00:14:46.3778895Z   DEFERRED DEF-COLOR-MISTYPE        semantic-colour.json :: image.opacity.default.dark :: color $value is not a hex string or alias: 100
2026-09-27T00:14:46.3779934Z   DEFERRED DEF-COLOR-MISTYPE        semantic-colour.json :: image.opacity.disabled.light :: color $value is not a hex string or alias: 20
2026-09-27T00:14:46.3780970Z   DEFERRED DEF-COLOR-MISTYPE        semantic-colour.json :: image.opacity.disabled.dark :: color $value is not a hex string or alias: 20
2026-09-27T00:14:46.3782258Z   DEFERRED DEF-FIGMA-MODES          spacing.json :: gap.responsive.content.xsmall :: mode-keyed node (scale-1,scale-2,scale-3) — Figma variable modes, no DTCG equivalent
2026-09-27T00:14:46.3783639Z   DEFERRED DEF-FIGMA-MODES          spacing.json :: gap.responsive.content.small :: mode-keyed node (scale-1,scale-2,scale-3) — Figma variable modes, no DTCG equivalent
2026-09-27T00:14:46.3785035Z   DEFERRED DEF-FIGMA-MODES          spacing.json :: gap.responsive.content.medium :: mode-keyed node (scale-1,scale-2,scale-3) — Figma variable modes, no DTCG equivalent
2026-09-27T00:14:46.3786369Z   DEFERRED DEF-FIGMA-MODES          spacing.json :: gap.responsive.content.large :: mode-keyed node (scale-1,scale-2,scale-3) — Figma variable modes, no DTCG equivalent
2026-09-27T00:14:46.3788079Z   DEFERRED DEF-FIGMA-MODES          spacing.json :: gap.responsive.content.xlarge :: mode-keyed node (scale-1,scale-2,scale-3) — Figma variable modes, no DTCG equivalent
2026-09-27T00:14:46.3790312Z   DEFERRED DEF-FIGMA-MODES          spacing.json :: gap.responsive.content.xxlarge :: mode-keyed node (scale-1,scale-2,scale-3) — Figma variable modes, no DTCG equivalent
2026-09-27T00:14:46.3792473Z   DEFERRED DEF-FIGMA-MODES          spacing.json :: gap.responsive.subsection.xsmall :: mode-keyed node (scale-1,scale-2,scale-3) — Figma variable modes, no DTCG equivalent
2026-09-27T00:14:46.3794914Z   DEFERRED DEF-FIGMA-MODES          spacing.json :: gap.responsive.subsection.small :: mode-keyed node (scale-1,scale-2,scale-3) — Figma variable modes, no DTCG equivalent
2026-09-27T00:14:46.3797530Z   DEFERRED DEF-FIGMA-MODES          spacing.json :: gap.responsive.subsection.medium :: mode-keyed node (scale-1,scale-2,scale-3) — Figma variable modes, no DTCG equivalent
2026-09-27T00:14:46.3799828Z   DEFERRED DEF-FIGMA-MODES          spacing.json :: gap.responsive.subsection.large :: mode-keyed node (scale-1,scale-2,scale-3) — Figma variable modes, no DTCG equivalent
2026-09-27T00:14:46.3801629Z   DEFERRED DEF-FIGMA-MODES          spacing.json :: gap.responsive.section.xsmall :: mode-keyed node (scale-1,scale-2,scale-3) — Figma variable modes, no DTCG equivalent
2026-09-27T00:14:46.3802861Z   DEFERRED DEF-FIGMA-MODES          spacing.json :: gap.responsive.section.small :: mode-keyed node (scale-1,scale-2,scale-3) — Figma variable modes, no DTCG equivalent
2026-09-27T00:14:46.3804067Z   DEFERRED DEF-FIGMA-MODES          spacing.json :: gap.responsive.section.medium :: mode-keyed node (scale-1,scale-2,scale-3) — Figma variable modes, no DTCG equivalent
2026-09-27T00:14:46.3805255Z   DEFERRED DEF-FIGMA-MODES          spacing.json :: gap.responsive.section.large :: mode-keyed node (scale-1,scale-2,scale-3) — Figma variable modes, no DTCG equivalent
2026-09-27T00:14:46.3806441Z   DEFERRED DEF-FIGMA-MODES          spacing.json :: gap.responsive.section.xlarge :: mode-keyed node (scale-1,scale-2,scale-3) — Figma variable modes, no DTCG equivalent
2026-09-27T00:14:46.3808482Z   DEFERRED DEF-FIGMA-MODES          spacing.json :: padding.responsive.xxxsmall :: mode-keyed node (scale-1,scale-2,scale-3) — Figma variable modes, no DTCG equivalent
2026-09-27T00:14:46.3810735Z   DEFERRED DEF-FIGMA-MODES          spacing.json :: padding.responsive.xxsmall :: mode-keyed node (scale-1,scale-2,scale-3) — Figma variable modes, no DTCG equivalent
2026-09-27T00:14:46.3812968Z   DEFERRED DEF-FIGMA-MODES          spacing.json :: padding.responsive.xsmall :: mode-keyed node (scale-1,scale-2,scale-3) — Figma variable modes, no DTCG equivalent
2026-09-27T00:14:46.3815152Z   DEFERRED DEF-FIGMA-MODES          spacing.json :: padding.responsive.small :: mode-keyed node (scale-1,scale-2,scale-3) — Figma variable modes, no DTCG equivalent
2026-09-27T00:14:46.3817695Z   DEFERRED DEF-FIGMA-MODES          spacing.json :: padding.responsive.medium :: mode-keyed node (scale-1,scale-2,scale-3) — Figma variable modes, no DTCG equivalent
2026-09-27T00:14:46.3819993Z   DEFERRED DEF-FIGMA-MODES          spacing.json :: padding.responsive.large :: mode-keyed node (scale-1,scale-2,scale-3) — Figma variable modes, no DTCG equivalent
2026-09-27T00:14:46.3822189Z   DEFERRED DEF-FIGMA-MODES          spacing.json :: padding.responsive.xlarge :: mode-keyed node (scale-1,scale-2,scale-3) — Figma variable modes, no DTCG equivalent
2026-09-27T00:14:46.3824452Z   DEFERRED DEF-COMPONENT-LINEHEIGHT typography-composites.json :: component.figure-1 :: typography $value omits lineHeight — supplying one is a design decision
2026-09-27T00:14:46.3826673Z   DEFERRED DEF-COMPONENT-LINEHEIGHT typography-composites.json :: component.figure-2 :: typography $value omits lineHeight — supplying one is a design decision
2026-09-27T00:14:46.3829169Z   DEFERRED DEF-COMPONENT-LINEHEIGHT typography-composites.json :: component.heading :: typography $value omits lineHeight — supplying one is a design decision
2026-09-27T00:14:46.3831548Z   DEFERRED DEF-COMPONENT-LINEHEIGHT typography-composites.json :: component.section-label :: typography $value omits lineHeight — supplying one is a design decision
2026-09-27T00:14:46.3834102Z   DEFERRED DEF-COMPONENT-LINEHEIGHT typography-composites.json :: component.label :: typography $value omits lineHeight — supplying one is a design decision
2026-09-27T00:14:46.3836362Z   DEFERRED DEF-COMPONENT-LINEHEIGHT typography-composites.json :: component.button :: typography $value omits lineHeight — supplying one is a design decision
2026-09-27T00:14:46.3838889Z   DEFERRED DEF-COMPONENT-LINEHEIGHT typography-composites.json :: component.input :: typography $value omits lineHeight — supplying one is a design decision
2026-09-27T00:14:46.3841162Z   DEFERRED DEF-COMPONENT-LINEHEIGHT typography-composites.json :: component.link :: typography $value omits lineHeight — supplying one is a design decision
2026-09-27T00:14:46.3843403Z   DEFERRED DEF-COMPONENT-LINEHEIGHT typography-composites.json :: component.caption :: typography $value omits lineHeight — supplying one is a design decision
2026-09-27T00:14:46.3845953Z   DEFERRED DEF-COMPONENT-LINEHEIGHT typography-composites.json :: component.tooltip :: typography $value omits lineHeight — supplying one is a design decision
2026-09-27T00:14:46.3848548Z   DEFERRED DEF-COMPONENT-LINEHEIGHT typography-composites.json :: component.legal :: typography $value omits lineHeight — supplying one is a design decision
2026-09-27T00:14:46.3850937Z   DEFERRED DEF-FIGMA-MODES          typography.json :: typography.font-size.font-00 :: mode-keyed node (scale-1,scale-1-200,scale-2,scale-3) — Figma variable modes, no DTCG equivalent
2026-09-27T00:14:46.3853390Z   DEFERRED DEF-FIGMA-MODES          typography.json :: typography.font-size.font-0 :: mode-keyed node (scale-1,scale-1-200,scale-2,scale-3) — Figma variable modes, no DTCG equivalent
2026-09-27T00:14:46.3855818Z   DEFERRED DEF-FIGMA-MODES          typography.json :: typography.font-size.font-1 :: mode-keyed node (scale-1,scale-1-200,scale-2,scale-3) — Figma variable modes, no DTCG equivalent
2026-09-27T00:14:46.3858610Z   DEFERRED DEF-FIGMA-MODES          typography.json :: typography.font-size.font-2 :: mode-keyed node (scale-1,scale-1-200,scale-2,scale-3) — Figma variable modes, no DTCG equivalent
2026-09-27T00:14:46.3861127Z   DEFERRED DEF-FIGMA-MODES          typography.json :: typography.font-size.font-3 :: mode-keyed node (scale-1,scale-1-200,scale-2,scale-3) — Figma variable modes, no DTCG equivalent
2026-09-27T00:14:46.3863681Z   DEFERRED DEF-FIGMA-MODES          typography.json :: typography.font-size.font-4 :: mode-keyed node (scale-1,scale-1-200,scale-2,scale-3) — Figma variable modes, no DTCG equivalent
2026-09-27T00:14:46.3866174Z   DEFERRED DEF-FIGMA-MODES          typography.json :: typography.font-size.font-5 :: mode-keyed node (scale-1,scale-1-200,scale-2,scale-3) — Figma variable modes, no DTCG equivalent
2026-09-27T00:14:46.3868974Z   DEFERRED DEF-FIGMA-MODES          typography.json :: typography.font-size.font-6 :: mode-keyed node (scale-1,scale-1-200,scale-2,scale-3) — Figma variable modes, no DTCG equivalent
2026-09-27T00:14:46.3871496Z   DEFERRED DEF-FIGMA-MODES          typography.json :: typography.font-size.font-7 :: mode-keyed node (scale-1,scale-1-200,scale-2,scale-3) — Figma variable modes, no DTCG equivalent
2026-09-27T00:14:46.3873617Z   DEFERRED DEF-FIGMA-MODES          typography.json :: typography.line-height.font-00 :: mode-keyed node (scale-1,scale-1-200,scale-2,scale-3) — Figma variable modes, no DTCG equivalent
2026-09-27T00:14:46.3874992Z   DEFERRED DEF-FIGMA-MODES          typography.json :: typography.line-height.font-0 :: mode-keyed node (scale-1,scale-1-200,scale-2,scale-3) — Figma variable modes, no DTCG equivalent
2026-09-27T00:14:46.3876315Z   DEFERRED DEF-FIGMA-MODES          typography.json :: typography.line-height.font-1 :: mode-keyed node (scale-1,scale-1-200,scale-2,scale-3) — Figma variable modes, no DTCG equivalent
2026-09-27T00:14:46.3877924Z   DEFERRED DEF-FIGMA-MODES          typography.json :: typography.line-height.font-2 :: mode-keyed node (scale-1,scale-1-200,scale-2,scale-3) — Figma variable modes, no DTCG equivalent
2026-09-27T00:14:46.3879457Z   DEFERRED DEF-FIGMA-MODES          typography.json :: typography.line-height.font-3 :: mode-keyed node (scale-1,scale-1-200,scale-2,scale-3) — Figma variable modes, no DTCG equivalent
2026-09-27T00:14:46.3880754Z   DEFERRED DEF-FIGMA-MODES          typography.json :: typography.line-height.font-4 :: mode-keyed node (scale-1,scale-1-200,scale-2,scale-3) — Figma variable modes, no DTCG equivalent
2026-09-27T00:14:46.3882050Z   DEFERRED DEF-FIGMA-MODES          typography.json :: typography.line-height.font-5 :: mode-keyed node (scale-1,scale-1-200,scale-2,scale-3) — Figma variable modes, no DTCG equivalent
2026-09-27T00:14:46.3883351Z   DEFERRED DEF-FIGMA-MODES          typography.json :: typography.line-height.font-6 :: mode-keyed node (scale-1,scale-1-200,scale-2,scale-3) — Figma variable modes, no DTCG equivalent
2026-09-27T00:14:46.3884756Z   DEFERRED DEF-FIGMA-MODES          typography.json :: typography.line-height.font-7 :: mode-keyed node (scale-1,scale-1-200,scale-2,scale-3) — Figma variable modes, no DTCG equivalent
2026-09-27T00:14:46.3885573Z PASS — 0 failure(s), 61 declared deferral(s)
2026-09-27T00:14:46.5462592Z binds-resolve gate: 137 snippets (137 with manifests, 2321 vars) · 137 metas (116 binds addresses) · 137/137 canon blocks · 0 failure(s)
2026-09-27T00:14:46.5729061Z binds-resolve selftest: 6 bites PASS
2026-09-27T00:14:46.6090842Z intent resolve — metas carrying `intent`: 15, addresses resolved: 16
2026-09-27T00:14:46.6092782Z RESULT: PASS — every intent address resolves into chart-intents.json. This proves no address DANGLES; it does not prove any assignment is RIGHT.
2026-09-27T00:14:46.6403812Z selftest — _validate_intent_resolve.py
2026-09-27T00:14:46.6404542Z   PASS known word resolves                -> green | (green)
2026-09-27T00:14:46.6406195Z   PASS unknown word refuses               -> FAIL | Bad.meta.json: FAIL — UNKNOWN INTENT 'corelation' — not a key of `chart-intent` in ../../../../../tmp/tmp9zcic
2026-09-27T00:14:46.6409726Z   PASS unknown word inside a list refuses -> FAIL | Bad2.meta.json: FAIL — UNKNOWN INTENT 'flow' — not a key of `chart-intent` in ../../../../../tmp/tmp6xw7h3_u/c
2026-09-27T00:14:46.6411655Z   PASS absent store fails LOUD            -> FAIL | FAIL — intent store MISSING: /tmp/tmp_qqgkc68/chart-intents.json (an absent instrument is not a pass)
2026-09-27T00:14:46.6412729Z RESULT: PASS
2026-09-27T00:14:46.7029216Z roles resolve — metas: 137 · carrying an interchangeability term: 114 · addresses resolved: 173
2026-09-27T00:14:46.7030706Z   field population: provides 108 · answers 26 · shape 26 · span 26 · priority 25 · when 39 · with 3 · not-with 8
2026-09-27T00:14:46.7037751Z   `shape` values in use (23 of the 23 in knowledge/shapes.json — CLOSED store, s254-D2 item 1): ancestor-path × links (1) · bins × frequency (1) · categories × five-number-summary (1) · categories × series (1) · categories × two-series-mirrored (2) · destination-set × links (1) · no-data × arbitrary-blocks (1) · no-data × control (2) · no-data × page-regions (1) · no-data × title-and-optional-action (1) · one-measure × committed-vs-balance-split (1) · one-measure × value-and-delta (1) · one-measure × value-delta-and-series (1) · one-state × dot-and-label (1) · parts-of-whole (2) · periods × ohlc (1) · points × two-measures (1) · rows × measure-target-bands (1) · rows × name-value-pairs (1) · shared-x × two-measures-different-units (1) · time-series × 1–5-series (1) · time-series × parts-of-whole (1) · time-series × single-series-no-axes (1)
2026-09-27T00:14:46.7043925Z   `when` FIELD COUNTS (39 of the 39 in knowledge/when-fields.json — SCRIPT OUTPUT, quote these on a review page rather than counting by eye; this is what closes V-B's M2):
2026-09-27T00:14:46.7046419Z     answers        15  Chart-boxplot, Chart-bullet, Chart-butterfly-h, Chart-butterfly-v, Chart-candlestick, Chart-histogram, Chart-scatter, chart-bar, chart-combo, chart-donut, chart-line, chart-pie, chart-sparkline, chart-stacked-area, runway-bar
2026-09-27T00:14:46.7049176Z     shape           8  Chart-candlestick, breadcrumbs, kpi-tile, navigations, runway-bar, stat-card, status-indicator, summary
2026-09-27T00:14:46.7050543Z     series          7  Chart-butterfly-h, Chart-butterfly-v, chart-combo, chart-sparkline, kpi-tile, legend, stat-card
2026-09-27T00:14:46.7051847Z     span.cols       6  Chart-boxplot, Chart-butterfly-v, chart-line, chart-sparkline, status-indicator, summary
2026-09-27T00:14:46.7052790Z     axes            2  chart-line, chart-sparkline
2026-09-27T00:14:46.7053388Z     categories      2  Chart-boxplot, Chart-butterfly-h
2026-09-27T00:14:46.7053962Z     entry           2  input-fields, textarea
2026-09-27T00:14:46.7054465Z     label           2  button, legend
2026-09-27T00:14:46.7054927Z     records         2  list-items, timeline
2026-09-27T00:14:46.7055468Z     surface         2  layout-utilities, list-items
2026-09-27T00:14:46.7055992Z     total           2  chart-donut, chart-pie
2026-09-27T00:14:46.7056445Z     axis.x          1  chart-bar
2026-09-27T00:14:46.7057200Z     baseline        1  Chart-histogram
2026-09-27T00:14:46.7057881Z     bins            1  Chart-histogram
2026-09-27T00:14:46.7058360Z     breadcrumbs     1  app-shell-focused
2026-09-27T00:14:46.7058847Z     cause           1  template-error
2026-09-27T00:14:46.7059311Z     content         1  layout-utilities
2026-09-27T00:14:46.7059777Z     delta           1  stat-card
2026-09-27T00:14:46.7060197Z     depth           1  breadcrumbs
2026-09-27T00:14:46.7060675Z     destinations    1  app-shell-top-nav
2026-09-27T00:14:46.7061130Z     emphasis        1  button
2026-09-27T00:14:46.7061561Z     exits           1  app-shell-focused
2026-09-27T00:14:46.7061990Z     full            1  limits-meter
2026-09-27T00:14:46.7062422Z     job.count       1  app-shell-focused
2026-09-27T00:14:46.7062894Z     level           1  headers
2026-09-27T00:14:46.7063269Z     lockup          1  headers
2026-09-27T00:14:46.7063699Z     nav.levels      1  app-shell-top-nav
2026-09-27T00:14:46.7064212Z     order           1  template-confirmation
2026-09-27T00:14:46.7064711Z     parts           1  chart-pie
2026-09-27T00:14:46.7065095Z     platform        1  headers
2026-09-27T00:14:46.7065504Z     position        1  template-confirmation
2026-09-27T00:14:46.7066027Z     primaryNavigation  1  app-shell-focused
2026-09-27T00:14:46.7066518Z     rows            1  summary
2026-09-27T00:14:46.7066929Z     scope           1  navigations
2026-09-27T00:14:46.7067550Z     search          1  app-shell-focused
2026-09-27T00:14:46.7068035Z     steps           1  template-wizard
2026-09-27T00:14:46.7068484Z     units           1  chart-combo
2026-09-27T00:14:46.7068927Z     variables       1  Chart-histogram
2026-09-27T00:14:46.7069381Z     verdict         1  runway-bar
2026-09-27T00:14:46.7070376Z     gate clauses carrying NO operator (prose inside the gate — not parsed, not judged, V-B's M2 method): 46
2026-09-27T00:14:46.7071251Z   `when` predicates as authored:
2026-09-27T00:14:46.7074048Z     Chart-boxplot                answers = distribution AND categories >= 2 AND each category carries a five-number summary AND span.cols <= 8 — roles.json when: "distribution per category"; beats Chart-histogram (roles.json: "distribution, one variable") whenever the spread must be read PER CATEGORY; yields to it when variables = 1 and the bin shape is the claim.
2026-09-27T00:14:46.7078839Z     Chart-bullet                 answers=comparison AND the reading is one measure against a target plus qualitative performance bands AND span.cols 4–6 — beats stat-card (60, "default — label · value · delta · period, no series") and kpi-tile (50, "a series exists to show") when the BENCHMARK, not the delta and not a series, is the point; yields to both when no target exists.
2026-09-27T00:14:46.7083517Z     Chart-butterfly-h            answers=comparison AND series=2 mirrored outward from a shared centre gutter AND categories ≥ 6 — beats chart-bar (grouped) when the two series must read as OPPOSED directions rather than adjacent columns; yields to Chart-butterfly-v (36, "as above, wide panel") when the category axis is ordered left-to-right and span.cols ≥ 8.
2026-09-27T00:14:46.7088889Z     Chart-butterfly-v            answers=comparison AND series=2 mirrored above/below ONE horizontal baseline AND the category axis is ordered left-to-right (time, rank) AND span.cols ≥ 8 — yields to Chart-butterfly-h (40, "exactly two series mirrored, categories ≥ 6") whenever the categories are unordered or the panel is narrower than 8 cols; both yield to chart-bar for an ordinary grouped comparison.
2026-09-27T00:14:46.7093489Z     Chart-candlestick            answers = change-over-time AND shape = periods × OHLC (open · high · low · close per session) — roles.json when: "OHLC per period"; beats chart-line (roles.json: "change-over-time") only when all four price points per period are the claim; yields to chart-line whenever one measure's path is enough.
2026-09-27T00:14:46.7098102Z     Chart-histogram              answers = distribution AND variables = 1 AND bins = contiguous (no inter-bar gap) AND baseline = 0 — roles.json when: "distribution, one variable"; beats Chart-boxplot (roles.json: "distribution per category") when the frequency shape of ONE variable is the claim; yields to Chart-boxplot when categories >= 2; the no-gap rule is not cosmetic — the FT gives the same reason: "keep the gaps between columns small to highlight the 'shape' of the data".
2026-09-27T00:14:46.7101403Z     Chart-scatter                answers=relationship AND both axes carry quantitative measures — the ONLY provider of relationship in the role, so it beats every sibling on the answers gate alone and needs no further test; yields to chart-combo (56) when the two measures share one x axis in different units instead of being plotted against each other. span.cols max 8 because a runtime fit is not baked (this meta's own responsive rule).
2026-09-27T00:14:46.7106049Z     alert                        the message is IN FLOW (inside the page or form it refers to) AND it persists until resolved or dismissed AND it carries a status glyph and a title, never colour alone AND an error alert never auto-dismisses — CANON-ADJACENT — our own purpose already states the three-way rule: "Use Toast for transient confirmations and Banner for page-level persistent messages; use inline field validation (Input-fields) for single-control errors"; beats toast (proposed "transient, no answer required") whenever the reader must act; beats banner (proposed "the condition governs the whole page or session") whenever the message belongs to one form or section — Atlassian draws the identical line: "For messages with information affecting the whole site, use a banner"; yields to inline field validation for a single control.
2026-09-27T00:14:46.7110644Z     app-shell-focused            primaryNavigation = absent AND breadcrumbs = absent AND search = absent AND exits = 1 AND job.count = 1 — the only frame defined by removal; beats every other shell (roles.json: all six carry navigation) whenever abandoning the task is the failure mode — authentication, a wizard, a passcode; yields to app-shell-top-nav the moment the user must be able to go somewhere else.
2026-09-27T00:14:46.7114567Z     app-shell-top-nav            destinations <= 7 AND nav.levels <= 2 — the default for dashboards — the bento template composes it; beats app-shell-side-nav (roles.json when: "> 7 destinations or two nav levels") below those bounds and app-shell-nav-rail (when: "dense app, content cannot spare 248px") when the content can spare the column; yields to app-shell-multi-column (when: "list-and-detail job") and to app-shell-focused (when: "one job, no navigation (auth, wizard)") when the job has no navigation. Co-providers of page-frame are mutually exclusive by construction (roles.json §05: one-at-a-time facility), so no not-with is authored.
2026-09-27T00:14:46.7118584Z     breadcrumbs                  shape = ancestor-path × links AND depth >= 2 — beats anchor-nav (roles.json when: "in-page, long document") when the trail is ancestry rather than in-page position; yields to navigations (when: "global — masthead / main-nav family") for global movement and to tabs (when: "local — peer views in one context") for peer views — it answers where-am-i, they answer where-can-i-go, so it complements rather than replaces them.
2026-09-27T00:14:46.7121846Z     button                       emphasis in (primary, secondary, tertiary, quaternary) AND label = text — the default of the role; yields to icon-button (roles.json when: "space is tight and the glyph is universal") when label = glyph, to split-button (when: "one main action plus a menu of related ones") when a menu hangs off the action, and to links (when: "the action is navigation inside running text") when the action is navigation in prose.
2026-09-27T00:14:46.7125105Z     chart-bar                    answers = comparison AND axis.x = categorical — beats chart-line (roles.json when: "change-over-time") when the x-dimension is categorical rather than a time continuum, and beats chart-pie (when: "composition, no centre figure, ≤ 5 parts") when the parts do not sum to a whole; the stacked variant takes composition across categories, where it yields to chart-stacked-area (when: "composition over time") if the axis is time.
2026-09-27T00:14:46.7128296Z     chart-combo                  answers=change-over-time AND series=2 AND units=different AND both read against ONE shared x (dv-line-006) — beats chart-line (88, "change-over-time") on the different-units test and on nothing else; yields to chart-line (multi-series) or chart-bar (grouped) for a same-unit pair, which this meta's own antiPattern forbids drawing as a combo.
2026-09-27T00:14:46.7130736Z     chart-donut                  answers=composition AND parts sum to a whole AND total=printed as a centre figure — beats chart-pie (48, "composition, no centre figure, ≤ 5 parts") whenever the total is worth printing, and beats it on nothing else; yields to chart-stacked-area (64, "composition over time") when the split MOVES.
2026-09-27T00:14:46.7133678Z     chart-line                   answers=change-over-time AND series 1–5 on ONE continuous time axis AND axes=present AND span.cols ≥ 6 — the role's default at this intent, and it beats every sibling whose own `when` adds a further condition; yields to chart-combo (56, "two measures in different units over one axis") when units differ, to Chart-candlestick (44, "OHLC per period") when all four price points per period are the claim, and to chart-sparkline (30, "inline scale, no axes") when span.cols < 6.
2026-09-27T00:14:46.7136434Z     chart-pie                    answers=composition AND parts ≤ 5 AND total=not printed — yields to chart-donut (80, "composition, a centre total is meaningful") whenever a centre total is wanted, which is the only thing separating the two; yields to chart-stacked-area (64) when the split moves over time.
2026-09-27T00:14:46.7139068Z     chart-sparkline              answers=change-over-time AND series=1 AND axes=absent AND span.cols ≤ 4 (inline, or a trend cell in a table) — yields to chart-line (88, "change-over-time") whenever the panel can carry axes, and is normally a complement of headline-metric rather than a chart-panel in its own right (ROLES-REVIEW §03).
2026-09-27T00:14:46.7141542Z     chart-stacked-area           answers spans change-over-time AND composition AND cumulative bands share ONE total across the time axis — beats chart-donut (80, "composition, a centre total is meaningful") and chart-pie (48) when the split MOVES rather than being a snapshot; yields to chart-line (88, "change-over-time") when the total is not meaningful.
2026-09-27T00:14:46.7144653Z     headers                      level in (page, screen, section) AND platform = app AND lockup = none — yields to page-header-lockup (roles.json when: "page level, with actions or tabs") whenever actions or tabs ride the band; beats section-heading-lockup (when: "section level, above one board / table / panel") because the Header Section Titles type covers the section level app-side, and beats eyebrow (when: "a kicker alone is enough (rare; normally a part of the above)") whenever a title, not a kicker, is wanted.
2026-09-27T00:14:46.7149243Z     icon-button                  the control performs an action AND space is tight OR the glyph is universal AND an accessible name is supplied AND the hit target is at least 44x44 AND a tooltip carries the label — CANON on the first half (roles.json: "space is tight and the glyph is universal"); beats button only where the glyph is unambiguous — our own meta: "Use a labelled Button when the action is not unambiguous from a glyph alone"; the tooltip is not optional company: Atlassian ("Use tooltips with icon buttons to display the button label") and Polaris ("Be provided for icon-only buttons") both make it a requirement, which our meta states only as an antiPattern.
2026-09-27T00:14:46.7153828Z     input-fields                 entry = free text AND expected answer fits ONE line AND no fixed option list exists AND the value is not money, a date, a time or a secret — the default text-entry field; beats textarea (proposed "the answer may span multiple lines") whenever the answer is a name, a reference or a phone number; yields to amount-input when the value is money, to date-picker / time-picker when it is a date or time, to secure-entry when it is a one-time code or PIN, and to dropdown or combobox whenever the answer must come from a list at all (Carbon: free text there "is likely to result in an error").
2026-09-27T00:14:46.7157660Z     kpi-tile                     shape = one-measure × value-delta-and-series AND series != none — beats stat-card (roles.json when: "default — label · value · delta · period, no series") whenever a series exists to show; yields to Chart-bullet (when: "a target or performance band is the point, not the delta") when target != none, and to runway-bar (when: "the number is 'money vs what is already scheduled'") when the measure is money-vs-scheduled.
2026-09-27T00:14:46.7160749Z     layout-utilities             content = arbitrary-blocks AND surface = none — the default of the role; beats cards (roles.json when: "a bordered surface per item") whenever the arrangement must paint nothing, and beats stats-band-lockup (when: "3–6 headline-metrics in a labelled row") whenever the blocks are not headline-metrics; yields to divider (when: "a rule alone") when a rule alone is the whole need.
2026-09-27T00:14:46.7163593Z     legend                       series ≥ 2 AND label = text — a key is needed only where more than one series is drawn; a single-series chart names its series in the title (chart-sparkline's rule). Placed on its own only when the charts it keys are more than one (small multiples, a comparison row); a lone chart carries its legend inside its own figure, which is what every registered chart type already does.
2026-09-27T00:14:46.7166331Z     limits-meter                 INHERITS meter's gate, variant = allowance: the value is a cap being spent against AND full = BLOCKED, not done — a thin category alias of meter.meta.json (s210-D5); carries no independent when because writing spec into the alias is an explicit antiPattern on the parent — the reading is "how much of my limit is left", which is what roles.json already names.
2026-09-27T00:14:46.7171515Z     list-items                   records >= 2 AND the records are the same kind, each read ACROSS its own row AND surface in (none, bordered-per-record) — surface ALONE decides the container (s274-D1): unbordered ⇒ simple-list (one line per record) or structured-list (aligned fields); a bordered surface drawn around EACH record ⇒ card-list. Actions are a ROW property, allowed in any of the three, so they decide nothing. No field count, row count or column count gates this (s274-D4): the comparison test decides — if a field must be read DOWN a column across records, it is a table, not a list. A list-level heading is OPTIONAL on all three containers (s274-D5); a per-card title is a ROW field, distinct from the list heading. Beats table (roles.json when: "default, read-mostly") and data-grid (when: "sort / filter / select / edit-in-place is required") whenever each record is read across its own row; yields to timeline (when: "time is the structure, records have happened") and to tree (when: "records nest").
2026-09-27T00:14:46.7176835Z     navigations                  shape = destination-set × links AND scope = global — the default of the role; beats breadcrumbs (roles.json when: "ancestry, depth ≥ 2") and tabs (when: "local — peer views in one context") because those are ancestry and local peers, not the global set; yields to sidebar-nav (when: "global, desktop, persistent column (pairs with app-shell-side-nav)") when the page-frame is app-shell-side-nav, and to tab-bar (when: "mobile bottom, 3–5 destinations") on mobile.
2026-09-27T00:14:46.7181654Z     popover                      the content is STRUCTURED and FOCUSABLE AND it opens on CLICK from a labelled trigger AND it does not scroll AND it is non-modal (no focus trap, no aria-modal) AND only one is open — CANON-ADJACENT — our purpose already carries the three-way rule: "If the user can act inside it, it is a Popover; if it is a sentence of help text, it is a Tooltip; if it must interrupt, it is a Modal"; Atlassian states both halves independently ("For interactive overlays, use the modal dialog component" / "For non-essential, non-interactive messages, use the tooltip component"); yields to drawer or modals once the content scrolls (our antiPatterns[2], Atlassian: "Don't make popups that scroll", Carbon: past four columns wide use a modal).
2026-09-27T00:14:46.7186414Z     runway-bar                   answers = one-number AND shape = one-measure × committed-vs-balance-split AND verdict != none — beats stat-card (60, "default — label · value · delta · period, no series") and kpi-tile (50, "a series exists to show") when the reading is "money vs what is already scheduled" and the takeaway is a VERDICT WITH A DATE rather than a delta or a trend; yields to stat-card when there is nothing committed to net off, to kpi-tile when a series is the claim, and to Chart-bullet (40, "a target or performance band is the point, not the delta") when a target band, not a coverage date, is the benchmark.
2026-09-27T00:14:46.7189982Z     stat-card                    shape = one-measure × value-and-delta AND series = none AND delta != none — the default of the role; beats kpi-tile (roles.json when: "a series exists to show (s247-D3 / DP-08: no series ⇒ not a KPI tile)") exactly when no series exists, and beats Chart-bullet (when: "a target or performance band is the point, not the delta") when the delta, not a band, is the claim.
2026-09-27T00:14:46.7192574Z     status-indicator             shape = one-state × dot-and-label AND span.cols <= 4 — the default of the role; beats summary (roles.json when: "n × count as a key/value list, 6–12 cols") whenever exactly one state is read; yields to badge (when: "inline, attached to another element, count only") when the dot is attached to another element rather than standing alone.
2026-09-27T00:14:46.7196161Z     summary                      shape = rows × name-value-pairs AND rows >= 2 AND span.cols >= 6 — beats status-indicator (roles.json when: "one state, one dot + label, 2–4 cols") whenever more than one row must be read at once; yields to meter (when: "the threshold is a cap being spent against (limits-meter reading)") when threshold = cap-spent-against, and to badge (when: "inline, attached to another element, count only") when the reading is inline.
2026-09-27T00:14:46.7199430Z     template-confirmation        position = end of an instruction AND order = message, then FACTS, then actions, then what-happens-next AND a reference is shown if one exists — beats the Confirmation component (roles.json feedback role) because a confirmation PAGE is also the RECEIPT — that reordering is the template's whole contribution; ends a flow that template-wizard began.
2026-09-27T00:14:46.7202086Z     template-error               cause in (404, 500) AND RAG colour = unbound AND no support semantics invented AND one page serves ALL unexpected failures — beats template-empty (proposed "the query succeeded and returned nothing") because here the page could not be produced at all; beats an inline Alert (slice A) because the failure is the PAGE, not a field.
2026-09-27T00:14:46.7204775Z     template-wizard              steps >= 2 AND order is enforced AND next is gated AND a review step precedes the end AND the end is a receipt — beats template-create-edit (proposed "one page, no enforced order") on order; composes app-shell-focused (roles.json when: "one job, no navigation (auth, wizard)") and borrows the step mechanism whole from Stepper.
2026-09-27T00:14:46.7208652Z     textarea                     entry = free text AND the answer may run to more than one line AND there is no fixed option list AND a length limit is shown only where a real limit exists — beats input-fields (proposed "the answer fits one line") the moment a sentence is expected rather than a value — notes to approvers, a reason for payment, a secure message body; yields to input-fields for anything shorter (GOV.UK, verbatim: "enter shorter answers no longer than a single line, such as a phone number"); the counter is added only when a limit genuinely exists (GOV.UK: "Only use the character count component when there is a good reason for limiting").
2026-09-27T00:14:46.7212668Z     timeline                     records >= 2 AND time IS the structure AND every record has ALREADY HAPPENED AND entries are not buttons AND order is newest-first with date headings — roles.json when: "time is the structure, records have happened"; beats list-items when the date rail is the reading rather than a sort order; yields to list-items inside a date group the moment entries must open (our AP1), and never borrows Progress-tracker's aria-current because there is no current step (our AP0).
2026-09-27T00:14:46.7215722Z     view-options                 NEVER — superseded 2026-07-24; the view switch is Segmented-control — carries no selection criterion because it is not a choice any composer should make: filter-toolbar-bar's AP1 already says "Consuming View-options instead of Segmented-control for the view switch — View-options was superseded"; the honest `when` here is a redirect, not a predicate.
2026-09-27T00:14:46.7217460Z DERIVED (printed, NEVER written into a meta — s251-D6, ISO 25964):
2026-09-27T00:14:46.7218064Z     preferred:  role action           PREFERRED TERM button (priority 60) — 7 co-provider(s)
2026-09-27T00:14:46.7218749Z     preferred:  role arrangement      PREFERRED TERM layout-utilities (priority 60) — 7 co-provider(s)
2026-09-27T00:14:46.7219450Z     preferred:  role chart-panel      PREFERRED TERM chart-bar (priority 92) — 11 co-provider(s)
2026-09-27T00:14:46.7220098Z     preferred:  role feedback         PREFERRED TERM alert (priority None) — 10 co-provider(s)
2026-09-27T00:14:46.7220764Z     preferred:  role headline-metric  PREFERRED TERM stat-card (priority 60) — 3 co-provider(s)
2026-09-27T00:14:46.7221475Z     preferred:  role input            PREFERRED TERM account-selector (priority None) — 26 co-provider(s)
2026-09-27T00:14:46.7222211Z     preferred:  role overlay          PREFERRED TERM command-palette (priority None) — 6 co-provider(s)
2026-09-27T00:14:46.7223433Z     preferred:  role page-frame       PREFERRED TERM app-shell-top-nav (priority 60) — 6 co-provider(s)
2026-09-27T00:14:46.7224127Z     preferred:  role page-title       PREFERRED TERM headers (priority 50) — 3 co-provider(s)
2026-09-27T00:14:46.7224784Z     preferred:  role record-list      PREFERRED TERM list-items (priority 60) — 7 co-provider(s)
2026-09-27T00:14:46.7225485Z     preferred:  role status-surface   PREFERRED TERM status-indicator (priority 60) — 3 co-provider(s)
2026-09-27T00:14:46.7226185Z     preferred:  role wayfinding       PREFERRED TERM navigations (priority 60) — 7 co-provider(s)
2026-09-27T00:14:46.7226848Z     instead-of: action-bar                   instead-of button                       [distant] role=action shape=differs span=unknown
2026-09-27T00:14:46.7227706Z     instead-of: cta-lockup                   instead-of button                       [distant] role=action shape=differs span=unknown
2026-09-27T00:14:46.7228564Z     instead-of: fab                          instead-of button                       [distant] role=action shape=differs span=unknown
2026-09-27T00:14:46.7229249Z     instead-of: icon-button                  instead-of button                       [distant] role=action shape=differs span=unknown
2026-09-27T00:14:46.7229937Z     instead-of: links                        instead-of button                       [distant] role=action shape=differs span=unknown
2026-09-27T00:14:46.7230626Z     instead-of: quick-actions                instead-of button                       [distant] role=action shape=differs span=unknown
2026-09-27T00:14:46.7231349Z     instead-of: split-button                 instead-of button                       [distant] role=action shape=differs span=unknown
2026-09-27T00:14:46.7232129Z     instead-of: accordion                    instead-of layout-utilities             [distant] role=arrangement shape=differs span=unknown
2026-09-27T00:14:46.7233031Z     instead-of: cards                        instead-of layout-utilities             [distant] role=arrangement shape=differs span=unknown
2026-09-27T00:14:46.7233809Z     instead-of: carousel                     instead-of layout-utilities             [distant] role=arrangement shape=differs span=unknown
2026-09-27T00:14:46.7234581Z     instead-of: divider                      instead-of layout-utilities             [distant] role=arrangement shape=differs span=unknown
2026-09-27T00:14:46.7235385Z     instead-of: feature-grid-lockup          instead-of layout-utilities             [distant] role=arrangement shape=differs span=unknown
2026-09-27T00:14:46.7236193Z     instead-of: splitter                     instead-of layout-utilities             [distant] role=arrangement shape=differs span=unknown
2026-09-27T00:14:46.7236998Z     instead-of: stats-band-lockup            instead-of layout-utilities             [distant] role=arrangement shape=differs span=unknown
2026-09-27T00:14:46.7238090Z     instead-of: chart-line                   instead-of chart-bar                    [near] role=chart-panel shape=differs span=overlaps
2026-09-27T00:14:46.7238836Z     instead-of: chart-donut                  instead-of chart-bar                    [near] role=chart-panel shape=differs span=overlaps
2026-09-27T00:14:46.7239593Z     instead-of: Chart-histogram              instead-of chart-bar                    [near] role=chart-panel shape=differs span=overlaps
2026-09-27T00:14:46.7240345Z     instead-of: Chart-scatter                instead-of chart-bar                    [near] role=chart-panel shape=differs span=overlaps
2026-09-27T00:14:46.7241114Z     instead-of: chart-stacked-area           instead-of chart-bar                    [near] role=chart-panel shape=differs span=overlaps
2026-09-27T00:14:46.7241870Z     instead-of: Chart-boxplot                instead-of chart-bar                    [near] role=chart-panel shape=differs span=overlaps
2026-09-27T00:14:46.7242620Z     instead-of: chart-combo                  instead-of chart-bar                    [near] role=chart-panel shape=differs span=overlaps
2026-09-27T00:14:46.7243352Z     instead-of: chart-pie                    instead-of chart-bar                    [near] role=chart-panel shape=differs span=overlaps
2026-09-27T00:14:46.7244099Z     instead-of: Chart-candlestick            instead-of chart-bar                    [near] role=chart-panel shape=differs span=overlaps
2026-09-27T00:14:46.7244862Z     instead-of: Chart-butterfly-h            instead-of chart-bar                    [near] role=chart-panel shape=differs span=overlaps
2026-09-27T00:14:46.7245630Z     instead-of: Chart-butterfly-v            instead-of chart-bar                    [near] role=chart-panel shape=differs span=overlaps
2026-09-27T00:14:46.7246362Z     instead-of: banner                       instead-of alert                        [distant] role=feedback shape=differs span=unknown
2026-09-27T00:14:46.7247229Z     instead-of: confirmation                 instead-of alert                        [distant] role=feedback shape=differs span=unknown
2026-09-27T00:14:46.7248093Z     instead-of: countdown-timer              instead-of alert                        [distant] role=feedback shape=differs span=unknown
2026-09-27T00:14:46.7248815Z     instead-of: empty-state                  instead-of alert                        [distant] role=feedback shape=differs span=unknown
2026-09-27T00:14:46.7249541Z     instead-of: loading-indicator            instead-of alert                        [distant] role=feedback shape=differs span=unknown
2026-09-27T00:14:46.7250282Z     instead-of: notifications                instead-of alert                        [distant] role=feedback shape=differs span=unknown
2026-09-27T00:14:46.7250998Z     instead-of: progress-bar                 instead-of alert                        [distant] role=feedback shape=differs span=unknown
2026-09-27T00:14:46.7251842Z     instead-of: progress-tracker             instead-of alert                        [distant] role=feedback shape=differs span=unknown
2026-09-27T00:14:46.7252588Z     instead-of: skeleton-loader              instead-of alert                        [distant] role=feedback shape=differs span=unknown
2026-09-27T00:14:46.7253296Z     instead-of: toast                        instead-of alert                        [distant] role=feedback shape=differs span=unknown
2026-09-27T00:14:46.7254018Z     instead-of: kpi-tile                     instead-of stat-card                    [near] role=headline-metric shape=differs span=overlaps
2026-09-27T00:14:46.7254798Z     instead-of: Chart-bullet                 instead-of stat-card                    [near] role=headline-metric shape=differs span=overlaps
2026-09-27T00:14:46.7255561Z     instead-of: runway-bar                   instead-of stat-card                    [near] role=headline-metric shape=differs span=overlaps
2026-09-27T00:14:46.7256339Z     instead-of: amount-display               instead-of account-selector             [distant] role=input shape=differs span=unknown
2026-09-27T00:14:46.7257125Z     instead-of: amount-input                 instead-of account-selector             [distant] role=input shape=differs span=unknown
2026-09-27T00:14:46.7258123Z     instead-of: calendar                     instead-of account-selector             [distant] role=input shape=differs span=unknown
2026-09-27T00:14:46.7258862Z     instead-of: cascader                     instead-of account-selector             [distant] role=input shape=differs span=unknown
2026-09-27T00:14:46.7259600Z     instead-of: combobox                     instead-of account-selector             [distant] role=input shape=differs span=unknown
2026-09-27T00:14:46.7260352Z     instead-of: date-picker                  instead-of account-selector             [distant] role=input shape=differs span=unknown
2026-09-27T00:14:46.7261131Z     instead-of: date-range-picker            instead-of account-selector             [distant] role=input shape=differs span=unknown
2026-09-27T00:14:46.7261923Z     instead-of: dropdown                     instead-of account-selector             [distant] role=input shape=differs span=unknown
2026-09-27T00:14:46.7262675Z     instead-of: file-upload                  instead-of account-selector             [distant] role=input shape=differs span=unknown
2026-09-27T00:14:46.7263439Z     instead-of: form-layout                  instead-of account-selector             [distant] role=input shape=differs span=unknown
2026-09-27T00:14:46.7264205Z     instead-of: input-fields                 instead-of account-selector             [distant] role=input shape=differs span=unknown
2026-09-27T00:14:46.7264964Z     instead-of: multi-select                 instead-of account-selector             [distant] role=input shape=differs span=unknown
2026-09-27T00:14:46.7265724Z     instead-of: range-slider                 instead-of account-selector             [distant] role=input shape=differs span=unknown
2026-09-27T00:14:46.7266651Z     instead-of: rating                       instead-of account-selector             [distant] role=input shape=differs span=unknown
2026-09-27T00:14:46.7267509Z     instead-of: reorder                      instead-of account-selector             [distant] role=input shape=differs span=unknown
2026-09-27T00:14:46.7268264Z     instead-of: search-field                 instead-of account-selector             [distant] role=input shape=differs span=unknown
2026-09-27T00:14:46.7269022Z     instead-of: secure-entry                 instead-of account-selector             [distant] role=input shape=differs span=unknown
2026-09-27T00:14:46.7269795Z     instead-of: segmented-control            instead-of account-selector             [distant] role=input shape=differs span=unknown
2026-09-27T00:14:46.7270586Z     instead-of: selection-controls           instead-of account-selector             [distant] role=input shape=differs span=unknown
2026-09-27T00:14:46.7271462Z     instead-of: slider                       instead-of account-selector             [distant] role=input shape=differs span=unknown
2026-09-27T00:14:46.7272198Z     instead-of: stepper                      instead-of account-selector             [distant] role=input shape=differs span=unknown
2026-09-27T00:14:46.7272944Z     instead-of: tags-input                   instead-of account-selector             [distant] role=input shape=differs span=unknown
2026-09-27T00:14:46.7273688Z     instead-of: textarea                     instead-of account-selector             [distant] role=input shape=differs span=unknown
2026-09-27T00:14:46.7274438Z     instead-of: time-picker                  instead-of account-selector             [distant] role=input shape=differs span=unknown
2026-09-27T00:14:46.7275197Z     instead-of: transfer-list                instead-of account-selector             [distant] role=input shape=differs span=unknown
2026-09-27T00:14:46.7275954Z     instead-of: view-options                 instead-of account-selector             [distant] role=input shape=differs span=unknown
2026-09-27T00:14:46.7276713Z     instead-of: drawer                       instead-of command-palette              [distant] role=overlay shape=differs span=unknown
2026-09-27T00:14:46.7277681Z     instead-of: modal-lightbox               instead-of command-palette              [distant] role=overlay shape=differs span=unknown
2026-09-27T00:14:46.7278520Z     instead-of: modals                       instead-of command-palette              [distant] role=overlay shape=differs span=unknown
2026-09-27T00:14:46.7279270Z     instead-of: popconfirm                   instead-of command-palette              [distant] role=overlay shape=differs span=unknown
2026-09-27T00:14:46.7280032Z     instead-of: popover                      instead-of command-palette              [distant] role=overlay shape=differs span=unknown
2026-09-27T00:14:46.7280773Z     instead-of: tooltip                      instead-of command-palette              [distant] role=overlay shape=differs span=unknown
2026-09-27T00:14:46.7281577Z     instead-of: app-shell-doormat            instead-of app-shell-top-nav            [distant] role=page-frame shape=differs span=unknown
2026-09-27T00:14:46.7282409Z     instead-of: app-shell-focused            instead-of app-shell-top-nav            [distant] role=page-frame shape=differs span=unknown
2026-09-27T00:14:46.7283246Z     instead-of: app-shell-multi-column       instead-of app-shell-top-nav            [distant] role=page-frame shape=differs span=unknown
2026-09-27T00:14:46.7284081Z     instead-of: app-shell-nav-rail           instead-of app-shell-top-nav            [distant] role=page-frame shape=differs span=unknown
2026-09-27T00:14:46.7284904Z     instead-of: app-shell-side-nav           instead-of app-shell-top-nav            [distant] role=page-frame shape=differs span=unknown
2026-09-27T00:14:46.7285717Z     instead-of: app-shell-split              instead-of app-shell-top-nav            [distant] role=page-frame shape=differs span=unknown
2026-09-27T00:14:46.7286625Z     instead-of: eyebrow                      instead-of headers                      [distant] role=page-title shape=differs span=unknown
2026-09-27T00:14:46.7287501Z     instead-of: page-header-lockup           instead-of headers                      [distant] role=page-title shape=differs span=unknown
2026-09-27T00:14:46.7288288Z     instead-of: section-heading-lockup       instead-of headers                      [distant] role=page-title shape=differs span=unknown
2026-09-27T00:14:46.7289054Z     instead-of: data-grid                    instead-of list-items                   [distant] role=record-list shape=differs span=unknown
2026-09-27T00:14:46.7289807Z     instead-of: document-row                 instead-of list-items                   [distant] role=record-list shape=differs span=unknown
2026-09-27T00:14:46.7290605Z     instead-of: standing-order-mandate-row   instead-of list-items                   [distant] role=record-list shape=differs span=unknown
2026-09-27T00:14:46.7291517Z     instead-of: table                        instead-of list-items                   [distant] role=record-list shape=differs span=unknown
2026-09-27T00:14:46.7292257Z     instead-of: timeline                     instead-of list-items                   [distant] role=record-list shape=differs span=unknown
2026-09-27T00:14:46.7293012Z     instead-of: transaction-row              instead-of list-items                   [distant] role=record-list shape=differs span=unknown
2026-09-27T00:14:46.7293756Z     instead-of: tree                         instead-of list-items                   [distant] role=record-list shape=differs span=unknown
2026-09-27T00:14:46.7294515Z     instead-of: summary                      instead-of status-indicator             [distant] role=status-surface shape=differs span=disjoint
2026-09-27T00:14:46.7295310Z     instead-of: badge                        instead-of status-indicator             [distant] role=status-surface shape=differs span=unknown
2026-09-27T00:14:46.7296114Z     instead-of: meter                        instead-of status-indicator             [distant] role=status-surface shape=differs span=unknown
2026-09-27T00:14:46.7296893Z     instead-of: breadcrumbs                  instead-of navigations                  [near] role=wayfinding shape=differs span=overlaps
2026-09-27T00:14:46.7297881Z     instead-of: anchor-nav                   instead-of navigations                  [distant] role=wayfinding shape=differs span=unknown
2026-09-27T00:14:46.7298631Z     instead-of: back-to-top                  instead-of navigations                  [distant] role=wayfinding shape=differs span=unknown
2026-09-27T00:14:46.7299378Z     instead-of: pagination                   instead-of navigations                  [distant] role=wayfinding shape=differs span=unknown
2026-09-27T00:14:46.7300129Z     instead-of: sidebar-nav                  instead-of navigations                  [distant] role=wayfinding shape=differs span=unknown
2026-09-27T00:14:46.7300883Z     instead-of: tab-bar                      instead-of navigations                  [distant] role=wayfinding shape=differs span=unknown
2026-09-27T00:14:46.7301611Z     instead-of: tabs                         instead-of navigations                  [distant] role=wayfinding shape=differs span=unknown
2026-09-27T00:14:46.7302275Z     not-with:   stat-card                    not-with Chart-butterfly-h            -> DERIVED (symmetric)
2026-09-27T00:14:46.7302862Z     not-with:   stat-card                    not-with Chart-butterfly-v            -> DERIVED (symmetric)
2026-09-27T00:14:46.7303437Z     not-with:   chart-bar                    not-with Chart-histogram              -> DERIVED (symmetric)
2026-09-27T00:14:46.7304010Z     not-with:   stat-card                    not-with Chart-histogram              -> DERIVED (symmetric)
2026-09-27T00:14:46.7304592Z     not-with:   chart-donut                  not-with chart-pie                    -> DERIVED (symmetric)
2026-09-27T00:14:46.7305170Z     not-with:   chart-line                   not-with chart-sparkline              -> DERIVED (symmetric)
2026-09-27T00:14:46.7305886Z     not-with:   chart-bar                    not-with chart-stacked-area           -> DERIVED (symmetric)
2026-09-27T00:14:46.7306569Z     not-with:   status-surface               not-with kpi-tile                     -> reciprocal NOT DERIVABLE (target is a ROLE, not a meta)
2026-09-27T00:14:46.7307257Z     not-with:   chart-sparkline              not-with legend                       -> DERIVED (symmetric)
2026-09-27T00:14:46.7308364Z     with:       chart-sparkline              with kpi-tile                     -> DERIVED suggests (from recommends; NOT asserted — a complement is one-way until Dave says otherwise)
2026-09-27T00:14:46.7309254Z     with:       chart-panel                  with legend                       -> reciprocal NOT DERIVABLE (target is a ROLE, not a meta)
2026-09-27T00:14:46.7309912Z CROSS-CHECK roles.json <-> metas (REPORT ONLY, never a fail — s252-D1):
2026-09-27T00:14:46.7310604Z     roles.json membership and the metas' `provides` AGREE for every meta that carries the field (108).
2026-09-27T00:14:46.7311789Z data-grid: FAIL [with-resolves] — every `with` entry needs a `slug` string (s251-D6: the slug is REQUIRED, no ref:null seat), got 'selection-controls (the checkbox — CONSUMED byte-identically, not restated; #261 G3)'
2026-09-27T00:14:46.7313097Z data-grid: FAIL [with-resolves] — every `with` entry needs a `slug` string (s251-D6: the slug is REQUIRED, no ref:null seat), got 'filter-toolbar-bar'
2026-09-27T00:14:46.7314116Z data-grid: FAIL [with-resolves] — every `with` entry needs a `slug` string (s251-D6: the slug is REQUIRED, no ref:null seat), got 'pagination'
2026-09-27T00:14:46.7315116Z data-grid: FAIL [with-resolves] — every `with` entry needs a `slug` string (s251-D6: the slug is REQUIRED, no ref:null seat), got 'search-field'
2026-09-27T00:14:46.7316072Z data-grid: FAIL [with-resolves] — every `with` entry needs a `slug` string (s251-D6: the slug is REQUIRED, no ref:null seat), got 'tags'
2026-09-27T00:14:46.7317060Z data-grid: FAIL [with-resolves] — every `with` entry needs a `slug` string (s251-D6: the slug is REQUIRED, no ref:null seat), got 'skeleton-loader'
2026-09-27T00:14:46.7317924Z RESULT: FAIL (6)
2026-09-27T00:14:46.7569750Z selftest — _validate_roles_resolve.py
2026-09-27T00:14:46.7570576Z   PASS a fully-tagged meta resolves           -> green | (green)
2026-09-27T00:14:46.7572033Z   PASS unknown role refuses                   -> FAIL | Bad: FAIL [provides-resolves] — UNKNOWN ROLE 'chart-pane' — not a key of `roles` in knowledge/roles.json. Lega
2026-09-27T00:14:46.7573822Z   PASS unknown answer refuses                 -> FAIL | Bad2: FAIL [answers-resolves] — UNKNOWN ANSWER 'count-vs-threshold' — not a key of `chart-intent` in knowledge
2026-09-27T00:14:46.7575561Z   PASS not-with slug resolving to nothing refuses -> FAIL | Bad3: FAIL [notwith-resolves] — UNKNOWN SLUG 'ghost-card' in `not-with` — resolves to neither a meta stem unde
2026-09-27T00:14:46.7577579Z   PASS duplicate priority inside one role refuses -> FAIL | A: FAIL [priority-unique] — priority 60 is claimed by 2 providers of role 'chart-panel': A, B. Priority is the
2026-09-27T00:14:46.7578738Z   PASS same priority in DIFFERENT roles is legal -> green | (green)
2026-09-27T00:14:46.7580006Z   PASS priority with no provides refuses      -> FAIL | Bad6: FAIL [priority-in-role] — `priority` 60 with no resolving `provides`. Priority is compared ONLY within o
2026-09-27T00:14:46.7581730Z   PASS intent != answers refuses              -> FAIL | Bad4: FAIL [intent-equals-answers] — `intent` 'comparison' and `answers` 'distribution' DISAGREE. `answers` is
2026-09-27T00:14:46.7583363Z   PASS span min > max refuses                 -> FAIL | Bad5: FAIL [span-ordered] — `span.cols.min` 9 > `max` 4. The 1..12 bounds are the schema's; draft-07 cannot co
2026-09-27T00:14:46.7584423Z   PASS absent roles store fails LOUD          -> FAIL | FAIL — roles store MISSING: /tmp/tmpp3s9_d03/roles.json (an absent instrument is not a pass)
2026-09-27T00:14:46.7585703Z   PASS unknown shape refuses                  -> FAIL | Bad7: FAIL [shape-known] — UNKNOWN SHAPE 'bins × frequency' — not a key of `shapes` in knowledge/shapes.json. 
2026-09-27T00:14:46.7586433Z   PASS a shape IN the store resolves          -> green | (green)
2026-09-27T00:14:46.7587386Z   PASS unknown `when` field refuses           -> FAIL | Bad8: FAIL [when-fields-known] — UNKNOWN `when` FIELD 'prominence' in clause 'prominence >= 2' — not a key of 
2026-09-27T00:14:46.7588125Z   PASS prose in the gate is NOT a field claim -> green | (green)
2026-09-27T00:14:46.7588581Z   PASS a field named only AFTER the em-dash is not parsed -> green | (green)
2026-09-27T00:14:46.7588969Z RESULT: PASS
2026-09-27T00:14:46.8743046Z   [PASS] _proforma/DataViz-interactive.html  (16 charts, 0 blocking, 16 advisory)
2026-09-27T00:14:46.8744319Z   [PASS] snippets/Chart-bar.reference.html  (5 charts, 0 blocking, 48 advisory)
2026-09-27T00:14:46.8745239Z   [PASS] snippets/Chart-boxplot.reference.html  (1 charts, 0 blocking, 2 advisory)
2026-09-27T00:14:46.8746267Z   [PASS] snippets/Chart-bullet.reference.html  (1 charts, 0 blocking, 2 advisory)
2026-09-27T00:14:46.8747092Z   [PASS] snippets/Chart-butterfly-h.reference.html  (1 charts, 0 blocking, 2 advisory)
2026-09-27T00:14:46.8748231Z   [PASS] snippets/Chart-butterfly-v.reference.html  (1 charts, 0 blocking, 3 advisory)
2026-09-27T00:14:46.8749069Z   [PASS] snippets/Chart-candlestick.reference.html  (1 charts, 0 blocking, 2 advisory)
2026-09-27T00:14:46.8749880Z   [PASS] snippets/Chart-combo.reference.html  (1 charts, 0 blocking, 10 advisory)
2026-09-27T00:14:46.8750658Z   [PASS] snippets/Chart-donut.reference.html  (2 charts, 0 blocking, 3 advisory)
2026-09-27T00:14:46.8751449Z   [PASS] snippets/Chart-histogram.reference.html  (1 charts, 0 blocking, 2 advisory)
2026-09-27T00:14:46.8752234Z   [PASS] snippets/Chart-line.reference.html  (2 charts, 0 blocking, 19 advisory)
2026-09-27T00:14:46.8753019Z   [PASS] snippets/Chart-pie.reference.html  (2 charts, 0 blocking, 3 advisory)
2026-09-27T00:14:46.8753807Z   [PASS] snippets/Chart-scatter.reference.html  (2 charts, 0 blocking, 19 advisory)
2026-09-27T00:14:46.8754614Z   [PASS] snippets/Chart-sparkline.reference.html  (3 charts, 0 blocking, 4 advisory)
2026-09-27T00:14:46.8755415Z   [PASS] snippets/Chart-stacked-area.reference.html  (1 charts, 0 blocking, 10 advisory)
2026-09-27T00:14:46.8755800Z 
2026-09-27T00:14:46.8756164Z ✅ DataViz gate passed (15 chart surface file(s)).
2026-09-27T00:14:46.9382709Z   [ok] ★ #260 ENGINE_TEST_PAGE maps every engine-drawn member to a test page that EXISTS
2026-09-27T00:14:46.9383470Z   [ok] GOOD column passes blocking
2026-09-27T00:14:46.9383886Z   [ok] dv-009 gradient
2026-09-27T00:14:46.9384414Z   [ok] ★ DV-D02-A fires when a cartesian plot LOSES dv-fit
2026-09-27T00:14:46.9385195Z   [ok] ★ DV-D02-A fires the OTHER way — an excluded donut that CARRIES dv-fit
2026-09-27T00:14:46.9386004Z   [ok] DV-D02-A silent on an excluded chart with no dv-fit (donut, the normal case)
2026-09-27T00:14:46.9386963Z   [ok] ★ scatter is BLOCKING since the #72 discharge — no waiver left to demote it
2026-09-27T00:14:46.9388166Z   [ok] ★ scatter WITH dv-fit is silent — the green control for the discharge
2026-09-27T00:14:46.9389006Z   [ok] ★ h-bar is IN scope after DV-D02-A — the rot the amendment corrected
2026-09-27T00:14:46.9389593Z   [ok] dv-009 two patterns
2026-09-27T00:14:46.9389964Z   [ok] dv-017 raw hex fill
2026-09-27T00:14:46.9390337Z   [ok] dv-016 low-contrast series
2026-09-27T00:14:46.9390752Z   [ok] dv-bar-009 missing baseline
2026-09-27T00:14:46.9391168Z   [ok] dv-bar-009 NEVER fires on a line
2026-09-27T00:14:46.9391615Z   [ok] dv-bar-007 negative horizontal bar
2026-09-27T00:14:46.9392051Z   [ok] dv-pie-009 >6 slices
2026-09-27T00:14:46.9392438Z   [ok] dv-pie-010 sum!=total
2026-09-27T00:14:46.9392862Z   [ok] dv-004 donut without separating stroke
2026-09-27T00:14:46.9393593Z   [ok] ★ dv-004 FIRES on the ds-014 figure — stacked-column, 0.0px gap, no stroke
2026-09-27T00:14:46.9394725Z   [ok] ★ dv-004 PASSES on 2px of REAL GEOMETRY (Dave's ruling, no stroke needed)
2026-09-27T00:14:46.9395598Z   [ok] dv-004 boundary — 1.9px gap is still a failure
2026-09-27T00:14:46.9396142Z   [ok] dv-004 accepts MORE than the minimum (6px gap)
2026-09-27T00:14:46.9396638Z   [ok] dv-004 stroke mechanism still passes with a 0px gap
2026-09-27T00:14:46.9397108Z   [ok] dv-004 unmeasurable geometry fails SAFE (no x/y/height, no stroke)
2026-09-27T00:14:46.9397816Z   [ok] ★ dv-vocab FIRES on a dtype the gate has never heard of
2026-09-27T00:14:46.9398269Z   [ok] dv-vocab silent on the three values that were blind (scatter)
2026-09-27T00:14:46.9398810Z   [ok] dtype synonym normalises — grouped-column reaches dv-bar-009
2026-09-27T00:14:46.9399219Z   [ok] dv-line-011 curved series path
2026-09-27T00:14:46.9399546Z   [ok] vibration advisory fires on a shimmer pair
2026-09-27T00:14:46.9400066Z   [ok] ★ s260-D3 driven receipt: fresh + all 8 combos >=2px PASSES (and says so)
2026-09-27T00:14:46.9400725Z   [ok] ★ s260-D3 driven receipt: ONE combo at 1.9px is BLOCKING, quoting combo + px
2026-09-27T00:14:46.9401382Z   [ok] ★ s260-D3 driven receipt: STALE source hash is BLOCKING and names the file
2026-09-27T00:14:46.9401998Z   [ok] ★ s260-D3 driven receipt: NO receipt at all is BLOCKING, never a skip
2026-09-27T00:14:46.9402570Z   [ok] ★ s260-D3 driven receipt: an UNMAPPED engine snippet is BLOCKING
2026-09-27T00:14:46.9403203Z   [ok] ★ s260-D3 control: a STATIC donut with a >=2px stroke still passes the STATIC route
2026-09-27T00:14:46.9403884Z   [ok] ★ #260 recorded dv-004 figure BELOW 2px is BLOCKING outside donut/pie/stacked
2026-09-27T00:14:46.9404464Z   [ok] ★ #260 recorded dv-004 figure at 2.200px PASSES and says so
2026-09-27T00:14:46.9405014Z   [ok] ★ #260 a receipt that measures NOTHING (dv004_px null) invents no rule
2026-09-27T00:14:46.9405661Z   [ok] ★ #260 a FRESH receipt with no measured dv-004 figure still passes (no rule invented)
2026-09-27T00:14:46.9406302Z   [ok] ★ #260 the SAME receipt with one source hash changed is BLOCKING STALE
2026-09-27T00:14:46.9406930Z   [ok] ★ #260 a mapped engine page with NO receipt at all is BLOCKING, never a skip
2026-09-27T00:14:46.9407240Z 
2026-09-27T00:14:46.9407472Z ✅ selftest
2026-09-27T00:14:47.1017737Z property-resolves gate (C2): 149 file(s), 0 failure(s)
2026-09-27T00:14:47.1500816Z   [PASS] green control — the shipping file passes (0 failure(s))
2026-09-27T00:14:47.1501870Z   [PASS] bite 1 — ds-018 reintroduced (--border-disabled/--text-disabled): 2 failure(s), expected 2
2026-09-27T00:14:47.1502848Z   [PASS] bite 2 — --muted reintroduced: 1 failure(s), expected 1
2026-09-27T00:14:47.1503719Z   [PASS] bite 3 — var() WITH a fallback is intent, not a defect: 0 failure(s), expected 0
2026-09-27T00:14:47.1504687Z   [PASS] bite 4 — 404 stylesheet is caught, not swallowed: 1 failure(s), expected ≥1
2026-09-27T00:14:47.1505879Z   [PASS] bite-the-bite — a blinded detector reports 0 on a known-bad file (0), so the bites above are measuring something
2026-09-27T00:14:47.1506966Z   ✅ C2 selftest: all failure classes bite; green control passes
2026-09-27T00:14:47.6840879Z dataviz var-resolution gate — 9 file(s) with colour presentation attributes, 380 reference(s), 4 theme(s): mono, legacy, console, supercharge
2026-09-27T00:14:47.6842197Z ✅ every colour presentation attribute resolves in at least one theme
2026-09-27T00:14:49.0070116Z   [1] green control (real Chart-bar, 58 refs) -> 0 dead : PASS
2026-09-27T00:14:49.0071014Z   [2] plant undeclared --gate-selftest-ghost -> 1 dead ['--gate-selftest-ghost'] : PASS
2026-09-27T00:14:49.0071767Z   [3] same name, now DECLARED -> 0 dead : PASS
2026-09-27T00:14:49.0072360Z   [4] alias chain --ghost -> --void (undeclared) -> 1 dead : PASS
2026-09-27T00:14:49.0073125Z   [5] declared in console block only -> partial=[('--gate-selftest-ghost', ['console'])] : PASS
2026-09-27T00:14:49.0073819Z   [6] var(--void, #ccc) fallback -> 0 dead : PASS
2026-09-27T00:14:49.0074906Z   [7] empty population -> GateError: EMPTY POPULATION — globs ['knowledge/snippets/*.reference.ht : PASS
2026-09-27T00:14:49.0076492Z   [8] missing canon.css -> GateError: MISSING TARGET canon.css at /tmp/dvvars-zbc5iqwd/knowledge/c : PASS
2026-09-27T00:14:49.0077096Z 
2026-09-27T00:14:49.0077778Z ✅ selftest PASS — the gate can fail, and fails on the right shapes
2026-09-27T00:14:49.5415499Z minted-token consumption inventory (ADVISORY) — canon.css declares 1021 custom properties (base tier 1018 · theme tier 416)
2026-09-27T00:14:49.5416586Z   consumed by a var() in the glob ......... 653
2026-09-27T00:14:49.5417070Z   unconsumed .............................. 368
2026-09-27T00:14:49.5417949Z     ├─ ALIAS-TARGET (mint-time $alias) ..... 83
2026-09-27T00:14:49.5418534Z     ├─ ALIAS-SHADOW (alias expansion) ..... 23
2026-09-27T00:14:49.5419209Z     └─ ORPHAN       (declared, never read) 262   [6 of them minted per-theme]
2026-09-27T00:14:49.5419639Z 
2026-09-27T00:14:49.5421128Z ⚠ ADVISORY: an unconsumed mint is not a defect on its face — a forgotten wire and a reserved slot wear the same shape, and no presence test can tell them apart. Promotion to blocking needs a $consumer/$reserved declaration on the token, and is Dave's word.
2026-09-27T00:14:52.9643881Z   [1] green control: real canon.css parses and classifies            PASS  — declared=1021 consumed=653 orphan=262
2026-09-27T00:14:52.9645064Z   [2] a heavily-consumed var (--border-radius-default) is not flagged PASS  — (absent)
2026-09-27T00:14:52.9646057Z   [3] plant --gate-selftest-orphan in a console block -> ORPHAN      PASS  — ORPHAN
2026-09-27T00:14:52.9646964Z   [4] same name, now var()-ed by a file in the glob -> not flagged   PASS  — (absent)
2026-09-27T00:14:52.9648141Z   [5] consumer moved to reviews/ (excluded) -> ORPHAN again          PASS  — ORPHAN
2026-09-27T00:14:52.9649114Z   [6] $alias target --color-neutral-15 classed ALIAS-TARGET, not ORPHAN PASS  — ALIAS-TARGET
2026-09-27T00:14:52.9650132Z   [7] MUTANT subtract_alias_targets=False -> --color-neutral-15 goes ORPHAN PASS  — ORPHAN
2026-09-27T00:14:52.9651293Z   [8] --tooltip-background ALIAS-SHADOW, and ORPHAN under the mutant PASS  — ALIAS-SHADOW / mutant ORPHAN
2026-09-27T00:14:52.9652735Z   [9] missing canon.css -> GateError                                 PASS  — MISSING TARGET canon.css at /tmp/mintcons-g8a6y461/k
2026-09-27T00:14:52.9654210Z   [10] empty consumer population -> GateError                         PASS  — EMPTY CONSUMER POPULATION — no scannable file under 
2026-09-27T00:14:52.9654943Z 
2026-09-27T00:14:52.9655738Z ✅ selftest PASS — the inventory can flag, can stop flagging, and both false-positive subtractions are mutation-proved (10 bites)
2026-09-27T00:14:55.4421895Z [hidden]-vs-author-display sweep — ADVISORY, non-gating (#218 W3 F1 class, s218-D5 clause 3)
2026-09-27T00:14:55.4423386Z 137 snippet(s) scanned, 17 with signals · 3 STATIC · 0 DYNAMIC · 3 STATIC? · 6 DYNAMIC? · 21 UNRESOLVED
2026-09-27T00:14:55.4423967Z 
2026-09-27T00:14:55.4424209Z ## Avatar-group.reference.html — 1 signal(s)
2026-09-27T00:14:55.4426062Z   [UNRESOLVED] Avatar-group.reference.html: line 348 sets `hidden` — `p.pop.hidden = !open;` — but this reader cannot resolve the receiver to a selector, so the element is UNCHECKED, which is a gap in this instrument's reach, NOT evidence the file is clean
2026-09-27T00:14:55.4427893Z 
2026-09-27T00:14:55.4428211Z ## Cascader.reference.html — 2 signal(s)
2026-09-27T00:14:55.4429968Z   [UNRESOLVED] Cascader.reference.html: line 538 sets `hidden` — `if(!node){ col.hidden = true; return; }` — but this reader cannot resolve the receiver to a selector, so the element is UNCHECKED, which is a gap in this instrument's reach, NOT evidence the file is clean
2026-09-27T00:14:55.4432676Z   [UNRESOLVED] Cascader.reference.html: line 539 sets `hidden` — `col.hidden = false;` — but this reader cannot resolve the receiver to a selector, so the element is UNCHECKED, which is a gap in this instrument's reach, NOT evidence the file is clean
2026-09-27T00:14:55.4433948Z 
2026-09-27T00:14:55.4434197Z ## Chart-butterfly-h.reference.html — 1 signal(s)
2026-09-27T00:14:55.4437115Z   [STATIC] Chart-butterfly-h.reference.html: STATIC hidden-bearing <div> (class=dv-empty-frame) at line 296 is painted by `.dv-empty-frame{display:flex}` (line 219, specificity (0, 1, 0)); the file has NO matching `[hidden]{display:none}` remedy — the UA `[hidden]{display:none}` is (0,1,0) and loses, so the element renders while `hidden` tells AT it is gone (#218 W3 F1 class, s218-D5 clause 3)
2026-09-27T00:14:55.4438618Z 
2026-09-27T00:14:55.4438808Z ## Chart-butterfly-v.reference.html — 1 signal(s)
2026-09-27T00:14:55.4440541Z   [STATIC] Chart-butterfly-v.reference.html: STATIC hidden-bearing <div> (class=dv-empty-frame) at line 301 is painted by `.dv-empty-frame{display:flex}` (line 224, specificity (0, 1, 0)); the file has NO matching `[hidden]{display:none}` remedy — the UA `[hidden]{display:none}` is (0,1,0) and loses, so the element renders while `hidden` tells AT it is gone (#218 W3 F1 class, s218-D5 clause 3)
2026-09-27T00:14:55.4441912Z 
2026-09-27T00:14:55.4442102Z ## Chart-histogram.reference.html — 1 signal(s)
2026-09-27T00:14:55.4443832Z   [STATIC] Chart-histogram.reference.html: STATIC hidden-bearing <div> (class=dv-empty-frame) at line 246 is painted by `.dv-empty-frame{display:flex}` (line 182, specificity (0, 1, 0)); the file has NO matching `[hidden]{display:none}` remedy — the UA `[hidden]{display:none}` is (0,1,0) and loses, so the element renders while `hidden` tells AT it is gone (#218 W3 F1 class, s218-D5 clause 3)
2026-09-27T00:14:55.4445178Z 
2026-09-27T00:14:55.4445343Z ## Command-palette.reference.html — 4 signal(s)
2026-09-27T00:14:55.4447774Z   [STATIC?] Command-palette.reference.html: STATIC? hidden-bearing <span> (id=cp1-title) at line 153 is painted by `.cp-stage-mock span{display:block}` (line 54, specificity (0, 0, 1)); the file has NO matching `[hidden]{display:none}` remedy ⚠ POSSIBLE ONLY: `.cp-stage-mock span` states an ancestor/sibling condition this reader does not check, so the pair may never meet in the real DOM — the UA `[hidden]{display:none}` is (0,1,0) and loses, so the element renders while `hidden` tells AT it is gone (#218 W3 F1 class, s218-D5 clause 3)
2026-09-27T00:14:55.4451552Z   [STATIC?] Command-palette.reference.html: STATIC? hidden-bearing <span> (tag=span) at line 202 is painted by `.cp-stage-mock span{display:block}` (line 54, specificity (0, 0, 1)); the file has NO matching `[hidden]{display:none}` remedy ⚠ POSSIBLE ONLY: `.cp-stage-mock span` states an ancestor/sibling condition this reader does not check, so the pair may never meet in the real DOM — the UA `[hidden]{display:none}` is (0,1,0) and loses, so the element renders while `hidden` tells AT it is gone (#218 W3 F1 class, s218-D5 clause 3)
2026-09-27T00:14:55.4455596Z   [STATIC?] Command-palette.reference.html: STATIC? hidden-bearing <span> (id=cp2-title) at line 215 is painted by `.cp-stage-mock span{display:block}` (line 54, specificity (0, 0, 1)); the file has NO matching `[hidden]{display:none}` remedy ⚠ POSSIBLE ONLY: `.cp-stage-mock span` states an ancestor/sibling condition this reader does not check, so the pair may never meet in the real DOM — the UA `[hidden]{display:none}` is (0,1,0) and loses, so the element renders while `hidden` tells AT it is gone (#218 W3 F1 class, s218-D5 clause 3)
2026-09-27T00:14:55.4458589Z   [UNRESOLVED] Command-palette.reference.html: line 334 sets `hidden` — `el.hidden = !on;` — but this reader cannot resolve the receiver to a selector, so the element is UNCHECKED, which is a gap in this instrument's reach, NOT evidence the file is clean
2026-09-27T00:14:55.4459458Z 
2026-09-27T00:14:55.4459607Z ## Data-grid.reference.html — 1 signal(s)
2026-09-27T00:14:55.4461984Z   [DYNAMIC?] Data-grid.reference.html: DYNAMIC? hidden-bearing <*> (id=fbar) at line 1012 is painted by `.sort .ic svg{display:block}` (line 232, specificity (0, 0, 1)); the file has NO matching `[hidden]{display:none}` remedy ⚠ POSSIBLE ONLY: `.sort .ic svg` states an ancestor/sibling condition this reader does not check, so the pair may never meet in the real DOM — the UA `[hidden]{display:none}` is (0,1,0) and loses, so the element renders while `hidden` tells AT it is gone (#218 W3 F1 class, s218-D5 clause 3)
2026-09-27T00:14:55.4463755Z 
2026-09-27T00:14:55.4463959Z ## Filter-toolbar-bar.reference.html — 6 signal(s)
2026-09-27T00:14:55.4466602Z   [UNRESOLVED] Filter-toolbar-bar.reference.html: line 939 sets `hidden` — `state.filters.forEach((f,i)=>{ const n=chipNode(f); if(!expanded && i>=MAXCHIPS) n.hidden=true; chipRow.appendChild(n); ` — but this reader cannot resolve the receiver to a selector, so the element is UNCHECKED, which is a gap in this instrument's reach, NOT evidence the file is clean
2026-09-27T00:14:55.4469720Z   [UNRESOLVED] Filter-toolbar-bar.reference.html: line 1073 sets `hidden` — `table.hidden = s.view!=='table'; cards.hidden = s.view==='cards' ? false : true;` — but this reader cannot resolve the receiver to a selector, so the element is UNCHECKED, which is a gap in this instrument's reach, NOT evidence the file is clean
2026-09-27T00:14:55.4472030Z   [UNRESOLVED] Filter-toolbar-bar.reference.html: line 1073 sets `hidden` — `table.hidden = s.view!=='table'; cards.hidden = s.view==='cards' ? false : true;` — but this reader cannot resolve the receiver to a selector, so the element is UNCHECKED, which is a gap in this instrument's reach, NOT evidence the file is clean
2026-09-27T00:14:55.4474302Z   [UNRESOLVED] Filter-toolbar-bar.reference.html: line 1076 sets `hidden` — `emptyEl.hidden = st!=='empty'; errEl.hidden = true; results.hidden = st==='empty';` — but this reader cannot resolve the receiver to a selector, so the element is UNCHECKED, which is a gap in this instrument's reach, NOT evidence the file is clean
2026-09-27T00:14:55.4476565Z   [UNRESOLVED] Filter-toolbar-bar.reference.html: line 1076 sets `hidden` — `emptyEl.hidden = st!=='empty'; errEl.hidden = true; results.hidden = st==='empty';` — but this reader cannot resolve the receiver to a selector, so the element is UNCHECKED, which is a gap in this instrument's reach, NOT evidence the file is clean
2026-09-27T00:14:55.4479065Z   [UNRESOLVED] Filter-toolbar-bar.reference.html: line 1076 sets `hidden` — `emptyEl.hidden = st!=='empty'; errEl.hidden = true; results.hidden = st==='empty';` — but this reader cannot resolve the receiver to a selector, so the element is UNCHECKED, which is a gap in this instrument's reach, NOT evidence the file is clean
2026-09-27T00:14:55.4480143Z 
2026-09-27T00:14:55.4480329Z ## Page-header-lockup.reference.html — 2 signal(s)
2026-09-27T00:14:55.4482404Z   [DYNAMIC?] Page-header-lockup.reference.html: DYNAMIC? hidden-bearing <*> (tag=*) at line 430 is painted by `nav ol{display:flex}` (line 130, specificity (0, 0, 1)); the file has NO matching `[hidden]{display:none}` remedy ⚠ POSSIBLE ONLY: `nav ol` states an ancestor/sibling condition this reader does not check, so the pair may never meet in the real DOM — the UA `[hidden]{display:none}` is (0,1,0) and loses, so the element renders while `hidden` tells AT it is gone (#218 W3 F1 class, s218-D5 clause 3)
2026-09-27T00:14:55.4485859Z   [DYNAMIC?] Page-header-lockup.reference.html: DYNAMIC? hidden-bearing <*> (tag=*) at line 437 is painted by `nav ol{display:flex}` (line 130, specificity (0, 0, 1)); the file has NO matching `[hidden]{display:none}` remedy ⚠ POSSIBLE ONLY: `nav ol` states an ancestor/sibling condition this reader does not check, so the pair may never meet in the real DOM — the UA `[hidden]{display:none}` is (0,1,0) and loses, so the element renders while `hidden` tells AT it is gone (#218 W3 F1 class, s218-D5 clause 3)
2026-09-27T00:14:55.4487696Z 
2026-09-27T00:14:55.4487863Z ## Secure-entry.reference.html — 2 signal(s)
2026-09-27T00:14:55.4489242Z   [UNRESOLVED] Secure-entry.reference.html: line 387 sets `hidden` — `if (left <= 0){ clearInterval(tick); tick = null; btn.disabled = false; wait.hidden = true; }` — but this reader cannot resolve the receiver to a selector, so the element is UNCHECKED, which is a gap in this instrument's reach, NOT evidence the file is clean
2026-09-27T00:14:55.4491771Z   [UNRESOLVED] Secure-entry.reference.html: line 394 sets `hidden` — `btn.disabled = true; wait.hidden = false; left = 30; n.textContent = left;` — but this reader cannot resolve the receiver to a selector, so the element is UNCHECKED, which is a gap in this instrument's reach, NOT evidence the file is clean
2026-09-27T00:14:55.4492813Z 
2026-09-27T00:14:55.4492970Z ## Sidebar-nav.reference.html — 4 signal(s)
2026-09-27T00:14:55.4495073Z   [DYNAMIC?] Sidebar-nav.reference.html: DYNAMIC? hidden-bearing <*> (tag=*) at line 617 is painted by `.sn-canvas > span{display:block}` (line 148, specificity (0, 0, 1)); the file has NO matching `[hidden]{display:none}` remedy ⚠ POSSIBLE ONLY: `.sn-canvas > span` states an ancestor/sibling condition this reader does not check, so the pair may never meet in the real DOM — the UA `[hidden]{display:none}` is (0,1,0) and loses, so the element renders while `hidden` tells AT it is gone (#218 W3 F1 class, s218-D5 clause 3)
2026-09-27T00:14:55.4497938Z   [UNRESOLVED] Sidebar-nav.reference.html: line 631 sets `hidden` — `if (sub) sub.hidden = open;` — but this reader cannot resolve the receiver to a selector, so the element is UNCHECKED, which is a gap in this instrument's reach, NOT evidence the file is clean
2026-09-27T00:14:55.4499758Z   [UNRESOLVED] Sidebar-nav.reference.html: line 656 sets `hidden` — `if (sub) sub.hidden = true;` — but this reader cannot resolve the receiver to a selector, so the element is UNCHECKED, which is a gap in this instrument's reach, NOT evidence the file is clean
2026-09-27T00:14:55.4501559Z   [UNRESOLVED] Sidebar-nav.reference.html: line 660 sets `hidden` — `if (sub) sub.hidden = !back;` — but this reader cannot resolve the receiver to a selector, so the element is UNCHECKED, which is a gap in this instrument's reach, NOT evidence the file is clean
2026-09-27T00:14:55.4502429Z 
2026-09-27T00:14:55.4502636Z ## Standing-order-mandate-row.reference.html — 1 signal(s)
2026-09-27T00:14:55.4503894Z   [UNRESOLVED] Standing-order-mandate-row.reference.html: line 677 sets `hidden` — `panel.hidden = !open;` — but this reader cannot resolve the receiver to a selector, so the element is UNCHECKED, which is a gap in this instrument's reach, NOT evidence the file is clean
2026-09-27T00:14:55.4504830Z 
2026-09-27T00:14:55.4504974Z ## Stepper.reference.html — 1 signal(s)
2026-09-27T00:14:55.4506316Z   [UNRESOLVED] Stepper.reference.html: line 443 sets `hidden` — `STEPS.forEach((s, i) => { document.getElementById('p-' + (i + 1)).hidden = (i + 1) !== current; });` — but this reader cannot resolve the receiver to a selector, so the element is UNCHECKED, which is a gap in this instrument's reach, NOT evidence the file is clean
2026-09-27T00:14:55.4507647Z 
2026-09-27T00:14:55.4507799Z ## Tabs.reference.html — 1 signal(s)
2026-09-27T00:14:55.4509211Z   [UNRESOLVED] Tabs.reference.html: line 226 sets `hidden` — `allTabs.forEach(x => { const on = x === t; x.setAttribute('aria-selected', on); x.tabIndex = on ? 0 : -1; panelOf(x).hid` — but this reader cannot resolve the receiver to a selector, so the element is UNCHECKED, which is a gap in this instrument's reach, NOT evidence the file is clean
2026-09-27T00:14:55.4510332Z 
2026-09-27T00:14:55.4510494Z ## Template-auth.reference.html — 2 signal(s)
2026-09-27T00:14:55.4511837Z   [UNRESOLVED] Template-auth.reference.html: line 815 sets `hidden` — `if (left <= 0){ clearInterval(tick); btn.disabled = false; wait.hidden = true; }` — but this reader cannot resolve the receiver to a selector, so the element is UNCHECKED, which is a gap in this instrument's reach, NOT evidence the file is clean
2026-09-27T00:14:55.4513996Z   [UNRESOLVED] Template-auth.reference.html: line 818 sets `hidden` — `btn.disabled = true; wait.hidden = false; left = 30; n.textContent = left;` — but this reader cannot resolve the receiver to a selector, so the element is UNCHECKED, which is a gap in this instrument's reach, NOT evidence the file is clean
2026-09-27T00:14:55.4515034Z 
2026-09-27T00:14:55.4515215Z ## Template-create-edit.reference.html — 1 signal(s)
2026-09-27T00:14:55.4518024Z   [DYNAMIC?] Template-create-edit.reference.html: DYNAMIC? hidden-bearing <*> (id=ef-dirty) at line 816 is painted by `.content-header button{display:inline-flex}` (line 220, specificity (0, 0, 1)); the file has NO matching `[hidden]{display:none}` remedy ⚠ POSSIBLE ONLY: `.content-header button` states an ancestor/sibling condition this reader does not check, so the pair may never meet in the real DOM — the UA `[hidden]{display:none}` is (0,1,0) and loses, so the element renders while `hidden` tells AT it is gone (#218 W3 F1 class, s218-D5 clause 3)
2026-09-27T00:14:55.4519843Z 
2026-09-27T00:14:55.4520025Z ## Template-wizard.reference.html — 2 signal(s)
2026-09-27T00:14:55.4522255Z   [DYNAMIC?] Template-wizard.reference.html: DYNAMIC? hidden-bearing <*> (id=wiz-bar) at line 782 is painted by `.content-header button{display:inline-flex}` (line 229, specificity (0, 0, 1)); the file has NO matching `[hidden]{display:none}` remedy ⚠ POSSIBLE ONLY: `.content-header button` states an ancestor/sibling condition this reader does not check, so the pair may never meet in the real DOM — the UA `[hidden]{display:none}` is (0,1,0) and loses, so the element renders while `hidden` tells AT it is gone (#218 W3 F1 class, s218-D5 clause 3)
2026-09-27T00:14:55.4525223Z   [UNRESOLVED] Template-wizard.reference.html: line 779 sets `hidden` — `STEPS.forEach((s, i) => { document.getElementById('wp-' + (i + 1)).hidden = (i + 1) !== current; });` — but this reader cannot resolve the receiver to a selector, so the element is UNCHECKED, which is a gap in this instrument's reach, NOT evidence the file is clean
2026-09-27T00:14:55.4526307Z 
2026-09-27T00:14:55.4527196Z ⚠ TRIAGE INPUT, NOT A REPAIR LIST. CERTAIN tiers (STATIC/DYNAMIC) name a painter with no ancestor condition. `?` tiers are combinator-blind and may never meet in the real DOM. UNRESOLVED is this instrument's own blind spot, not a clean bill.
2026-09-27T00:14:55.5298765Z   ✓ STATIC defect is CAUGHT and names the class, the painting rule and the missing remedy
2026-09-27T00:14:55.5301508Z       quoted: F.reference.html: STATIC hidden-bearing <div> (class=x) at line 1 is painted by `.x{display:flex}` (line 1, specificity (0, 1, 0)); the file has NO matching `[hidden]{display:none}` remedy — the UA `[hidden]{display:none}` is (0,1,0) and loses, so the element renders while `hidden` tells AT it is gone (#218 W3 F1 class, s218-D5 clause 3)
2026-09-27T00:14:55.5304025Z   ✓ the RULED remedy `.x[hidden]{display:none}` clears the finding (no false positive on the s218-D5 fix shape)
2026-09-27T00:14:55.5305258Z   ✓ a LOWER-specificity [hidden] remedy is still caught, and the message quotes both specificities
2026-09-27T00:14:55.5308365Z       quoted: F.reference.html: STATIC hidden-bearing <div> (class=a.b) at line 1 is painted by `.a.b{display:flex}` (line 1, specificity (0, 2, 0)); the file's only matching [hidden] remedy `[hidden]` (line 1) is WEAKER at (0, 1, 0) — the UA `[hidden]{display:none}` is (0,1,0) and loses, so the element renders while `hidden` tells AT it is gone (#218 W3 F1 class, s218-D5 clause 3)
2026-09-27T00:14:55.5310277Z   ✓ a painting rule inside a CSS comment is NOT counted (comment-masked)
2026-09-27T00:14:55.5311029Z   ✓ a hidden-bearing element inside an HTML comment is NOT counted (shared _htmlmask)
2026-09-27T00:14:55.5311814Z   ✓ a script-set `hidden` on a querySelector-bound element is RESOLVED and caught
2026-09-27T00:14:55.5313879Z       quoted: F.reference.html: DYNAMIC hidden-bearing <*> (class=y) at line 1 is painted by `.y{display:grid}` (line 1, specificity (0, 1, 0)); the file has NO matching `[hidden]{display:none}` remedy — the UA `[hidden]{display:none}` is (0,1,0) and loses, so the element renders while `hidden` tells AT it is gone (#218 W3 F1 class, s218-D5 clause 3)
2026-09-27T00:14:55.5315719Z   ✓ the forEach iteration variable inherits its list's binding (querySelectorAll)
2026-09-27T00:14:55.5316482Z   ✓ an unresolvable script target is DECLARED as UNCHECKED, not silently dropped
2026-09-27T00:14:55.5318407Z       quoted: F.reference.html: line 1 sets `hidden` — `pick(whatever()).hidden = true;` — but this reader cannot resolve the receiver to a selector, so the element is UNCHECKED, which is a gap in this instrument's reach, NOT evidence the file is clean
2026-09-27T00:14:55.5319780Z   ✓ a painter whose own selector carries [hidden] is read as a deliberate override, not the defect
2026-09-27T00:14:55.5320624Z   ✓ REAL #218 case: Command-palette carries NO CERTAIN finding with the ruled fix in place (the check can go green on Dave's own remedy)
2026-09-27T00:14:55.5321555Z   ✓ REAL #218 case MUTANT: delete the ruled one-line remedy and the ORIGINAL phantom option is named again, by file, class and rule
2026-09-27T00:14:55.5323382Z       quoted: Command-palette.reference.html: STATIC hidden-bearing <div> (class=cp-opt) at line 230 is painted by `.cp-opt{display:flex}` (line 93, specificity (0, 1, 0)); the file has NO matching `[hidden]{display:none}` remedy — the UA `[hidden]{display:none}` is (0,1,0) and loses, so the element renders while `hidden` tells AT it is gone (#218 W3 F1 class, s218-D5 clause 3)
2026-09-27T00:14:55.5325116Z   ✓ REAL #218 case MUTANT is CERTAIN-tier, not a hedged POSSIBLE — the one measured instance of this class must land in the tier that means it
2026-09-27T00:14:55.5325934Z   ✓ line numbers are FILE-relative, not block-relative (painter line 6, element line 10)
2026-09-27T00:14:55.5327812Z       quoted: F.reference.html: STATIC hidden-bearing <div> (class=x) at line 10 is painted by `.x{display:flex}` (line 6, specificity (0, 1, 0)); the file has NO matching `[hidden]{display:none}` remedy — the UA `[hidden]{display:none}` is (0,1,0) and loses, so the element renders while `hidden` tells AT it is gone (#218 W3 F1 class, s218-D5 clause 3)
2026-09-27T00:14:55.5329997Z   ✓ a `hidden` write inside a JS comment is NOT counted (prose about the defect is not the defect)
2026-09-27T00:14:55.5330648Z   ✓ an ANCESTOR-conditioned painter lands in the POSSIBLE tier and says why
2026-09-27T00:14:55.5333128Z       quoted: F.reference.html: STATIC? hidden-bearing <span> (class=q) at line 1 is painted by `.wrap span{display:block}` (line 1, specificity (0, 0, 1)); the file has NO matching `[hidden]{display:none}` remedy ⚠ POSSIBLE ONLY: `.wrap span` states an ancestor/sibling condition this reader does not check, so the pair may never meet in the real DOM — the UA `[hidden]{display:none}` is (0,1,0) and loses, so the element renders while `hidden` tells AT it is gone (#218 W3 F1 class, s218-D5 clause 3)
2026-09-27T00:14:55.5335207Z   ✓ when BOTH a certain and a possible painter match, the element reports the CERTAIN one (strongest signal wins, not sheet order)
2026-09-27T00:14:55.5335860Z ✅ _validate_hidden_display selftest: all bites pass
2026-09-27T00:14:55.8732872Z selftest OK — sat ceiling 0.72 · pure-black substitution · weight floor 500@12-19 / 300@20+ / none <12 · dark-on-light ignored.
2026-09-27T00:14:55.8734290Z   ~ EDGE-WEIGHT  12px @ weight 400 — floor is 500 at this size  [:where(.cn-input-fields) .help-btn .tip]  (knowledge/canon/canon.css)
2026-09-27T00:14:55.8735947Z   ~ EDGE-BLACK  pure black ground carrying reverse text — use surface/digital-black #1A1A1A  [.action-bar .btn.secondary]  (knowledge/snippets/Action-bar.reference.html)
2026-09-27T00:14:55.8737592Z   ~ EDGE-CHROMA  ground #DB0011 sat 1.00 > 0.72 ceiling  [.hero .cta]  (knowledge/snippets/Hero-variants.reference.html)
2026-09-27T00:14:55.8738631Z   ~ EDGE-CHROMA  ground #DB0011 sat 1.00 > 0.72 ceiling  [.hero .cta]  (knowledge/snippets/Hero.reference.html)
2026-09-27T00:14:55.8739841Z   ~ EDGE-WEIGHT  12px @ weight 400 — floor is 500 at this size  [.help-btn .tip]  (knowledge/snippets/Input-fields.reference.html)
2026-09-27T00:14:55.8741325Z   ~ EDGE-BLACK  pure black ground carrying reverse text — use surface/digital-black #1A1A1A  [.nv-count]  (knowledge/snippets/Navigations.reference.html)
2026-09-27T00:14:55.8742968Z   ~ EDGE-BLACK  pure black ground carrying reverse text — use surface/digital-black #1A1A1A  [.nv-avatar]  (knowledge/snippets/Navigations.reference.html)
2026-09-27T00:14:55.8745178Z   ~ EDGE-BLACK  pure black ground carrying reverse text — use surface/digital-black #1A1A1A  [.chip[aria-pressed="true"],.chip[aria-checked="true"]]  (knowledge/snippets/Selection-controls.reference.html)
2026-09-27T00:14:55.8746511Z   ~ EDGE-BLACK  pure black ground carrying reverse text — use surface/digital-black #1A1A1A  [.nv-count]  (knowledge/snippets/Sidebar-nav.reference.html)
2026-09-27T00:14:55.8747770Z   ~ EDGE-BLACK  pure black ground carrying reverse text — use surface/digital-black #1A1A1A  [.sn-avatar]  (knowledge/snippets/Sidebar-nav.reference.html)
2026-09-27T00:14:55.8748960Z   ~ EDGE-BLACK  pure black ground carrying reverse text — use surface/digital-black #1A1A1A  [.sn.is-rail .nv-label]  (knowledge/snippets/Sidebar-nav.reference.html)
2026-09-27T00:14:55.8750137Z   ~ EDGE-BLACK  pure black ground carrying reverse text — use surface/digital-black #1A1A1A  [.nv-count]  (knowledge/snippets/Tab-bar.reference.html)
2026-09-27T00:14:55.8751331Z   ~ EDGE-BLACK  pure black ground carrying reverse text — use surface/digital-black #1A1A1A  [.menu-fab[aria-expanded="true"]]  (knowledge/snippets/Tab-bar.reference.html)
2026-09-27T00:14:55.8752506Z   ~ EDGE-BLACK  pure black ground carrying reverse text — use surface/digital-black #1A1A1A  [.bar]  (knowledge/snippets/Video-player.reference.html)
2026-09-27T00:14:55.8753432Z   ~ EDGE-CHROMA  ground #DB0011 sat 1.00 > 0.72 ceiling  [.iconbtn.primary]  (knowledge/_proforma/Icon-button.reference.html)
2026-09-27T00:14:55.8754538Z   ~ EDGE-BLACK  pure black ground carrying reverse text — use surface/digital-black #1A1A1A  [.iconbtn.primary.is-pressed]  (knowledge/_proforma/Icon-button.reference.html)
2026-09-27T00:14:55.8755770Z   ~ EDGE-BLACK  pure black ground carrying reverse text — use surface/digital-black #1A1A1A  [.iconbtn.secondary]  (knowledge/_proforma/Icon-button.reference.html)
2026-09-27T00:14:55.8756975Z   ~ EDGE-WEIGHT  12px @ weight 400 — floor is 500 at this size  [.ib.f-tip::after]  (knowledge/_proforma/Tranche-6-interactive.html)
2026-09-27T00:14:55.8757556Z 
2026-09-27T00:14:55.8757955Z EDGE-EXTREMITY (advisory, {#col26-020}) — 18 finding(s): EDGE-BLACK ×12 · EDGE-CHROMA ×3 · EDGE-WEIGHT ×3
2026-09-27T00:14:55.8758634Z   advisory only — perceptual rule, blocking status after triage (dv-019 precedent)
2026-09-27T00:14:55.9280926Z verification edges: 4/38 SCs verified (0 failing), 34 applies_to-only
2026-09-27T00:14:55.9282182Z   ✅ 1.4.11: pass (component) [65/67 applies_to components have a bound audited token or a gated snippet contrastPair]
2026-09-27T00:14:55.9283115Z   ✅ 1.4.3: pass (component) [41/42 applies_to components have a bound audited token]
2026-09-27T00:14:55.9283680Z   ✅ 2.3.3: pass (component)
2026-09-27T00:14:55.9284017Z   ✅ 2.5.8: pass (component)
2026-09-27T00:14:55.9656853Z external-automatable-refs: 18/38 SCs have axe-core coverage (16 easy-win, 2 already wired, 20 uncovered)
2026-09-27T00:14:56.0929839Z consult index built: 772 records -> knowledge/_consult-index.json
2026-09-27T00:14:56.0930989Z   adr          17
2026-09-27T00:14:56.0931521Z   assertion    8
2026-09-27T00:14:56.0931943Z   defect       54
2026-09-27T00:14:56.0932327Z   gate         51
2026-09-27T00:14:56.0932722Z   open-item    105
2026-09-27T00:14:56.0933116Z   rule         474
2026-09-27T00:14:56.0933496Z   ruling       63
2026-09-27T00:14:56.2422031Z [OK] "amber glyph contrast white" — expected ['R-D3', 'avd-001'], missing none
2026-09-27T00:14:56.2422989Z [OK] "inline fonts portability" — expected ['T-D9'], missing none
2026-09-27T00:14:56.2423941Z [OK] "univers sandbox render" — expected ['ASSERT-002', 'ASSERT-006'], missing none
2026-09-27T00:14:56.2424778Z [OK] --fetch R-D3 returns the full record (stage 2 hit)
2026-09-27T00:14:56.2425373Z [OK] --fetch unknown id REFUSES (fail-loud)
2026-09-27T00:14:56.2425979Z [OK] edge attach: record with no mention gets no attachment
2026-09-27T00:14:56.2426688Z [OK] edge attach: injected fabricated edge appears via direct id match
2026-09-27T00:14:56.2428151Z [OK] step 3 mark: target-of-supersedes record gets the ⛔ line
2026-09-27T00:14:56.2429243Z selftest OK — all regression queries surfaced their known-answer record(s).
2026-09-27T00:14:56.2735787Z [OK] stem: 'fonts' finds the font-size record
2026-09-27T00:14:56.2736428Z [OK] miss: unrelated query returns zero buckets
2026-09-27T00:14:56.2736997Z [OK] cap bites at 3, total honest at 7
2026-09-27T00:14:56.2737742Z [OK] header quotes total when capped
2026-09-27T00:14:56.2738260Z [OK] header quotes plain count when complete
2026-09-27T00:14:56.2738809Z [OK] fetch hit returns the record
2026-09-27T00:14:56.2739280Z [OK] fetch miss REFUSES
2026-09-27T00:14:56.2739698Z [OK] fetch miss lists a near-miss
2026-09-27T00:14:56.2740330Z [OK] receipt: query→ids form passes
2026-09-27T00:14:56.2740839Z [OK] receipt: honest negative passes
2026-09-27T00:14:56.2741329Z [OK] receipt: bare none REFUSED
2026-09-27T00:14:56.2741769Z [OK] receipt: missing arrow REFUSED
2026-09-27T00:14:56.2742217Z [OK] receipt: empty ids REFUSED
2026-09-27T00:14:56.2742659Z [OK] empty/missing index REFUSES
2026-09-27T00:14:56.2743142Z [OK] builder name is DERIVED from the index name (memento door)
2026-09-27T00:14:56.2743854Z [OK] builder name is DERIVED from the index name (consult door)
2026-09-27T00:14:56.2744459Z [OK] missing index names the builder BESIDE it
2026-09-27T00:14:56.2745056Z [OK] the named builder is the DERIVED one, not a fallback
2026-09-27T00:14:56.2745732Z [OK] no builder on disk ⇒ names NO command
2026-09-27T00:14:56.2746299Z [OK] no builder on disk ⇒ still REFUSES
2026-09-27T00:14:56.2747129Z selftest OK — engine, fetch refusal, honest denominators and receipt form all bite.
2026-09-27T00:14:56.5673752Z ⚠ DUPLICATE HEADING: gm-archive:2b-wave-1-rulings-1-7-unchanged-rule-with-the-above at _GM-ARCHIVE.md:5564 and _GM-ARCHIVE.md:6644
2026-09-27T00:14:56.5676057Z ⚠ DUPLICATE HEADING: gm-archive:3-the-standing-eyeball-set-non-blocking-your-foundations-fir at _GM-ARCHIVE.md:5586 and _GM-ARCHIVE.md:6667
2026-09-27T00:14:56.5678325Z ⚠ DUPLICATE HEADING: gm-archive:4b-queued-button-states-finesse-pass-dave-2026-07-22-not-now at _GM-ARCHIVE.md:5548 and _GM-ARCHIVE.md:6741
2026-09-27T00:14:56.5679701Z ⚠ DUPLICATE HEADING: gm-archive:5-parked-unchanged at _GM-ARCHIVE.md:5559 and _GM-ARCHIVE.md:6752
2026-09-27T00:14:56.5681685Z ⚠ DUPLICATE HEADING: ls-archive:prior-delta-2026-07-26-sun-evening-opus-solo-self-conducting at _LIVE-STATE-ARCHIVE.md:5425 and _LIVE-STATE-ARCHIVE.md:5440
2026-09-27T00:14:56.5685464Z ⚠ DUPLICATE HEADING: component:icon-button at knowledge/_proforma/icon-button.meta.json:1 and knowledge/components/icon-button.meta.json:1
2026-09-27T00:14:57.0332609Z memento index: 2332 records → knowledge/_memento-index.json (brief:206, carries-section:81, component-meta:139, context-node:222, dream:13, gauge-block:285, gm-archive-section:273, gm-section:20, lane:4, ledger-section:86, ls-archive-section:555, ls-section:11, pattern-node:380, runbook-section:57)
2026-09-27T00:14:57.3342135Z ⚠ DUPLICATE HEADING: gm-archive:2b-wave-1-rulings-1-7-unchanged-rule-with-the-above at _GM-ARCHIVE.md:5564 and _GM-ARCHIVE.md:6644
2026-09-27T00:14:57.3344300Z ⚠ DUPLICATE HEADING: gm-archive:3-the-standing-eyeball-set-non-blocking-your-foundations-fir at _GM-ARCHIVE.md:5586 and _GM-ARCHIVE.md:6667
2026-09-27T00:14:57.3346394Z ⚠ DUPLICATE HEADING: gm-archive:4b-queued-button-states-finesse-pass-dave-2026-07-22-not-now at _GM-ARCHIVE.md:5548 and _GM-ARCHIVE.md:6741
2026-09-27T00:14:57.3348371Z ⚠ DUPLICATE HEADING: gm-archive:5-parked-unchanged at _GM-ARCHIVE.md:5559 and _GM-ARCHIVE.md:6752
2026-09-27T00:14:57.3350283Z ⚠ DUPLICATE HEADING: ls-archive:prior-delta-2026-07-26-sun-evening-opus-solo-self-conducting at _LIVE-STATE-ARCHIVE.md:5425 and _LIVE-STATE-ARCHIVE.md:5440
2026-09-27T00:14:57.3352408Z ⚠ DUPLICATE HEADING: component:icon-button at knowledge/_proforma/icon-button.meta.json:1 and knowledge/components/icon-button.meta.json:1
2026-09-27T00:14:57.7859131Z memento index --check: current (2332 records)
2026-09-27T00:14:58.0843088Z ⚠ DUPLICATE HEADING: gm-archive:2b-wave-1-rulings-1-7-unchanged-rule-with-the-above at _GM-ARCHIVE.md:5564 and _GM-ARCHIVE.md:6644
2026-09-27T00:14:58.0845461Z ⚠ DUPLICATE HEADING: gm-archive:3-the-standing-eyeball-set-non-blocking-your-foundations-fir at _GM-ARCHIVE.md:5586 and _GM-ARCHIVE.md:6667
2026-09-27T00:14:58.0847845Z ⚠ DUPLICATE HEADING: gm-archive:4b-queued-button-states-finesse-pass-dave-2026-07-22-not-now at _GM-ARCHIVE.md:5548 and _GM-ARCHIVE.md:6741
2026-09-27T00:14:58.0849570Z ⚠ DUPLICATE HEADING: gm-archive:5-parked-unchanged at _GM-ARCHIVE.md:5559 and _GM-ARCHIVE.md:6752
2026-09-27T00:14:58.0851455Z ⚠ DUPLICATE HEADING: ls-archive:prior-delta-2026-07-26-sun-evening-opus-solo-self-conducting at _LIVE-STATE-ARCHIVE.md:5425 and _LIVE-STATE-ARCHIVE.md:5440
2026-09-27T00:14:58.0853586Z ⚠ DUPLICATE HEADING: component:icon-button at knowledge/_proforma/icon-button.meta.json:1 and knowledge/components/icon-button.meta.json:1
2026-09-27T00:14:58.3103095Z ⚠ DUPLICATE HEADING: gm-archive:2b-wave-1-rulings-1-7-unchanged-rule-with-the-above at _GM-ARCHIVE.md:5564 and _GM-ARCHIVE.md:6644
2026-09-27T00:14:58.3105301Z ⚠ DUPLICATE HEADING: gm-archive:3-the-standing-eyeball-set-non-blocking-your-foundations-fir at _GM-ARCHIVE.md:5586 and _GM-ARCHIVE.md:6667
2026-09-27T00:14:58.3107622Z ⚠ DUPLICATE HEADING: gm-archive:4b-queued-button-states-finesse-pass-dave-2026-07-22-not-now at _GM-ARCHIVE.md:5548 and _GM-ARCHIVE.md:6741
2026-09-27T00:14:58.3109321Z ⚠ DUPLICATE HEADING: gm-archive:5-parked-unchanged at _GM-ARCHIVE.md:5559 and _GM-ARCHIVE.md:6752
2026-09-27T00:14:58.3111192Z ⚠ DUPLICATE HEADING: ls-archive:prior-delta-2026-07-26-sun-evening-opus-solo-self-conducting at _LIVE-STATE-ARCHIVE.md:5425 and _LIVE-STATE-ARCHIVE.md:5440
2026-09-27T00:14:58.3113346Z ⚠ DUPLICATE HEADING: component:icon-button at knowledge/_proforma/icon-button.meta.json:1 and knowledge/components/icon-button.meta.json:1
2026-09-27T00:14:59.0886978Z [OK] gauge: malformed `#### ` REFUSES
2026-09-27T00:14:59.0887709Z [OK] gauge: zero blocks REFUSES
2026-09-27T00:14:59.0888424Z [OK] gauge: META block ACCEPTED — no refusal
2026-09-27T00:14:59.0888938Z [OK] gauge: META block INDEXED under gauge:meta:*
2026-09-27T00:14:59.0889469Z [OK] gauge: META terminates the session body above it
2026-09-27T00:14:59.0889978Z [OK] gauge: near-miss META spelling STILL REFUSES
2026-09-27T00:14:59.0890481Z [OK] gauge: META-only file REFUSES (no sessions)
2026-09-27T00:14:59.0891179Z [OK] archive: open split — moved `## ` headings become records, no refusal
2026-09-27T00:14:59.0891808Z [OK] missing declared source REFUSES
2026-09-27T00:14:59.0892238Z [OK] collision suffixing deterministic
2026-09-27T00:14:59.0892702Z [OK] collision DECLARES one warning per extra copy
2026-09-27T00:14:59.0893212Z [OK] collision warning names the id and BOTH sites
2026-09-27T00:14:59.0893880Z [OK] no collision ⇒ SILENT (a warner that always fires says nothing)
2026-09-27T00:14:59.0894487Z [OK] collision warning carries file:line for both copies
2026-09-27T00:14:59.0895029Z [OK] slug stable
2026-09-27T00:14:59.0895398Z [OK] real corpus builds clean
2026-09-27T00:14:59.0895967Z [OK] §A: every registered subsection is its own record
2026-09-27T00:14:59.0896699Z [OK] §A: `gm:A` still resolves — no dangling id (retrieval regression guard)
2026-09-27T00:14:59.0897757Z [OK] §A: `gm:A` is a ROUTER, not the payload — it names its children and is small
2026-09-27T00:14:59.0898663Z [OK] §A: the LARGEST child is a fraction of the old whole (2945 B vs 15,817 B)
2026-09-27T00:14:59.0899534Z [OK] §A: children carry honest file:line provenance, ascending through the file
2026-09-27T00:14:59.0900485Z [OK] §A: unregistered subsection REFUSES the build (never indexes around a hole)
2026-09-27T00:14:59.0901180Z [OK] determinism: two builds render identically
2026-09-27T00:14:59.0901636Z [OK] real corpus: every source class present
2026-09-27T00:14:59.0902473Z selftest OK — closed contracts refuse, open contracts split, build deterministic.
2026-09-27T00:14:59.9928025Z [OK] "band table amber threshold remaining budget" — expected ['runbook:context-gauge:the-floor-is-measured-never-assumed-gm-d9'], missing none
2026-09-27T00:14:59.9930218Z [OK] "lane routing check blocking records" — expected ['lane:lane-1-memento'], missing none
2026-09-27T00:14:59.9931665Z [OK] "retirement receipts proxy promoted blocking" — expected ['ledger:23-section-usage-instrumentation-enacted-lane-1-step-2-2026'], missing none
2026-09-27T00:14:59.9933181Z [OK] "dream pass weekly sunday unattended fire" — expected ['lane:lane-dream-pass'], missing none
2026-09-27T00:14:59.9934093Z [OK] --fetch lane:lane-1-memento returns the record verbatim
2026-09-27T00:14:59.9934693Z [OK] --fetch unknown id REFUSES with near-misses
2026-09-27T00:14:59.9935248Z [OK] edge attach: record with no mention gets no attachment
2026-09-27T00:14:59.9935941Z [OK] edge attach: injected fabricated edge appears for a mentioning record
2026-09-27T00:14:59.9936745Z [OK] step 3 mark: target-of-supersedes record gets the ⛔ line
2026-09-27T00:14:59.9937614Z [OK] step 3 mark: non-mentioning record gets no mark
2026-09-27T00:14:59.9938594Z selftest OK — the memento corpus answers its known questions, and fetch refuses the unknown.
2026-09-27T00:15:02.7323746Z graph mention map: 102 of 102 node(s) mentioned, 1959 record hit(s) total -> _graph-mention-map.json
2026-09-27T00:15:05.4813186Z graph mention map --check: current (102 of 102 node(s) mentioned)
2026-09-27T00:15:05.5232551Z [OK] synthetic hit: ADR-0005 mentioned in gm:X is found
2026-09-27T00:15:05.5233243Z [OK] synthetic miss: unmentioned node id has no key
2026-09-27T00:15:05.5233798Z [OK] case-insensitive match
2026-09-27T00:15:05.5234228Z [OK] missing graph input REFUSES
2026-09-27T00:15:05.5234700Z [OK] missing memento index input REFUSES
2026-09-27T00:15:05.5235205Z [OK] empty memento index REFUSES
2026-09-27T00:15:05.5236174Z selftest OK — hit, miss, case-insensitivity and both input refusals all bite.
2026-09-27T00:15:06.1933129Z   ✅ _CHAIN.md: 7,688 tiktoken cl100k_base · GM header+LATEST 5043 tk · LS LATEST delta only (of 36 delta lines) 1798 tk · FILE 7,688 tiktoken cl100k_base = slice 6,841 + wrapper 847 · fixed point in 2 pass(es)
2026-09-27T00:15:06.8891222Z   ✅ _CHAIN.md is FRESH — byte-matches the live chain · GM header+LATEST 5043 tk · LS LATEST delta only (of 36 delta lines) 1798 tk · FILE 7,688 tiktoken cl100k_base = slice 6,841 + wrapper 847 · fixed point in 2 pass(es)
2026-09-27T00:15:14.5143888Z     ✓ generates against the live repo (no refusal on a healthy tree)
2026-09-27T00:15:14.5145321Z     ✓ carries the GM header+LATEST term VERBATIM (not a summary of it)
2026-09-27T00:15:14.5146447Z     ✓ carries the LS ⏱ LATEST delta VERBATIM
2026-09-27T00:15:14.5148439Z     ✓ is materially smaller than GOOD-MORNING.md (7,688 vs 34,136 tape (cl100k ESTIMATE), 22.5% of it, floor <40%; tier measured, not assumed: tiktoken cl100k_base)
2026-09-27T00:15:14.5150240Z     ✓ BOTH SIDES OF THE RATIO ARE ON ONE MEASURER — chain `tiktoken cl100k_base` vs GOOD-MORNING `tiktoken cl100k_base`, so the percentage above has a unit
2026-09-27T00:15:14.5151607Z     ✓ STAMP IS EXACT — the published figure equals this file's own measured size
2026-09-27T00:15:14.5152587Z     ✓ published figure is the FILE, not the slice — the two differ and the file is bigger
2026-09-27T00:15:14.5153495Z     ✓ footer NAMES THE UNIT — a bare token count is a defect (ds-021)
2026-09-27T00:15:14.5154249Z     ✓ says GENERATED / DO-NOT-HAND-EDIT at the very top (line 1)
2026-09-27T00:15:14.5154949Z     ✓ tells the reader NOT to open GOOD-MORNING.md to check
2026-09-27T00:15:14.5155593Z     ✓ names retrieval as the door for everything else
2026-09-27T00:15:14.5156185Z     ✓ the {{BUILD_VERDICT}} marker NEVER leaks into the chain unrendered
2026-09-27T00:15:14.5156778Z     ✓ BUILD-STEP FIGURE IS RE-DERIVED AND MATCHES DISK (148 steps, measured now)
2026-09-27T00:15:14.5157613Z     ✓ the plant planted — a verdict figure was moved off disk (else the next bite is vacuous)
2026-09-27T00:15:14.5158327Z     ✓ a WRONG verdict figure is CAUGHT even with the true count elsewhere in the file
2026-09-27T00:15:14.5159134Z     ✓ step labels are 1:1 with rows (no duplicates)
2026-09-27T00:15:14.5159753Z     ✓ with NO run record the line says the green count is NOT DERIVABLE
2026-09-27T00:15:14.5160328Z     ✓ …and it names the remedy instead of a number (`_build_survey.py`)
2026-09-27T00:15:14.5160910Z     ✓ …and it re-stamps NOTHING — the old pinned 75-of-N form cannot reappear
2026-09-27T00:15:14.5161511Z     ✓ …and it names BOTH rulings, so the next session cannot 'helpfully' type it
2026-09-27T00:15:14.5162123Z     ✓ with a record the GREEN COUNT IS THE RUN'S, not len(STEPS) at a pinned sha
2026-09-27T00:15:14.5162737Z     ✓ a run of the SAME-sized build declares no size difference (no false alarm)
2026-09-27T00:15:14.5163317Z     ✓ a run of a SMALLER build: the total is STILL disk's, never the run's
2026-09-27T00:15:14.5163834Z     ✓ …and the size difference is DECLARED, naming both counts
2026-09-27T00:15:14.5164361Z     ✓ …and the steps the run never saw are counted in NO record, never green
2026-09-27T00:15:14.5164978Z     ✓ a run of a LARGER build: total is disk's and the vanished steps are DECLARED
2026-09-27T00:15:14.5165688Z     ✓ the run's sha and date are published beside it (an unattributed verdict is not a verdict)
2026-09-27T00:15:14.5166365Z     ✓ a stale record DECLARES itself against HEAD rather than passing as current
2026-09-27T00:15:14.5166894Z     ✓ steps in NO record are called out — never asked is never green
2026-09-27T00:15:14.5167544Z     ✓ the #62 clause SURVIVES as its own fact, generated from its own AST
2026-09-27T00:15:14.5168064Z     ✓ an absent STEPS assignment REFUSES BY NAME (never returns a count)
2026-09-27T00:15:14.5168569Z     ✓ a NON-LITERAL STEPS refuses rather than counting something else
2026-09-27T00:15:14.5169111Z     ✓ TITLE BLOCK IS FIRST — above the verbatim GM slice (position was the defect)
2026-09-27T00:15:14.5169666Z     ✓ DETERMINISTIC — two builds of an unchanged tree are byte-identical
2026-09-27T00:15:14.5170729Z   ✅ _CHAIN.md: 7,628 tiktoken cl100k_base · GM header+LATEST 4983 tk · LS LATEST delta only (of 36 delta lines) 1798 tk · FILE 7,628 tiktoken cl100k_base = slice 6,781 + wrapper 847 · fixed point in 2 pass(es)
2026-09-27T00:15:14.5172207Z   ✅ _CHAIN.md is FRESH — byte-matches the live chain · GM header+LATEST 4983 tk · LS LATEST delta only (of 36 delta lines) 1798 tk · FILE 7,628 tiktoken cl100k_base = slice 6,781 + wrapper 847 · fixed point in 2 pass(es)
2026-09-27T00:15:14.5173121Z     ✓ --check PASSES on a freshly generated file
2026-09-27T00:15:14.5174073Z   ✅ _CHAIN.md: 7,750 tiktoken cl100k_base · GM header+LATEST 5105 tk · LS LATEST delta only (of 36 delta lines) 1798 tk · FILE 7,750 tiktoken cl100k_base = slice 6,903 + wrapper 847 · fixed point in 2 pass(es)
2026-09-27T00:15:14.5175192Z     ✓ the fixture really was generated at another sha (a plant that did not plant would make every bite below vacuous)
2026-09-27T00:15:14.5176121Z     ✓ the fixture DIFFERS from a fresh render — i.e. the old byte comparison WOULD have called this stale, which is the defect being fixed
2026-09-27T00:15:14.5177261Z     ✓ --check is GREEN on a HEAD-ONLY advance — the chain's own content still matches GOOD-MORNING.md / _LIVE-STATE.md
2026-09-27T00:15:14.5178090Z     ✓ and it SAYS SO, naming BOTH shas — the honest comparison stays visible rather than being normalised into silence
2026-09-27T00:15:14.5179382Z     ✓ a HEAD-only advance is NEVER called FRESH without the qualifier (a bare FRESH would claim the file matches a fresh render, which it does not)
2026-09-27T00:15:14.5180276Z     ✓ REAL content staleness is STILL RED even when HEAD has also advanced — the re-ask does not launder drift
2026-09-27T00:15:14.5180933Z     ✓ and it is called STALE, not could-not-ask — real drift is a content verdict
2026-09-27T00:15:14.5181488Z     ✓ a PRE-SET head pin makes --check REFUSE (could-not-ask), never pass
2026-09-27T00:15:14.5182150Z     ✓ the environment refusal does NOT call it STALE either — it is a measurement refusal, not a content verdict
2026-09-27T00:15:14.5183447Z   ✅ _CHAIN.md: 7,750 tiktoken cl100k_base · GM header+LATEST 5105 tk · LS LATEST delta only (of 36 delta lines) 1798 tk · FILE 7,750 tiktoken cl100k_base = slice 6,903 + wrapper 847 · fixed point in 2 pass(es)
2026-09-27T00:15:14.5184905Z   ✅ _CHAIN.md is FRESH — byte-matches the live chain · GM header+LATEST 5105 tk · LS LATEST delta only (of 36 delta lines) 1798 tk · FILE 7,750 tiktoken cl100k_base = slice 6,903 + wrapper 847 · fixed point in 2 pass(es)
2026-09-27T00:15:14.5185916Z     ✓ tree restored — the SAME fresh tree reports FRESH again, unharmed by the arms above
2026-09-27T00:15:14.5186545Z     ✓ --check on a degraded instrument still exits non-zero (refuses, not a silent pass)
2026-09-27T00:15:14.5187507Z     ✓ --check's message does NOT call it STALE — that misnames a measurement problem as a content problem (the #58 defect, reproduced here)
2026-09-27T00:15:14.5188259Z     ✓ --check's message names the DEGRADED INSTRUMENT so the cause is legible
2026-09-27T00:15:14.5189334Z   ✅ _CHAIN.md is FRESH — byte-matches the live chain · GM header+LATEST 5105 tk · LS LATEST delta only (of 36 delta lines) 1798 tk · FILE 7,750 tiktoken cl100k_base = slice 6,903 + wrapper 847 · fixed point in 2 pass(es)
2026-09-27T00:15:14.5190310Z     ✓ instrument restored — the SAME fresh tree reports FRESH again, unharmed
2026-09-27T00:15:14.5191182Z     ✓ the freshly written chain carries a READABLE unit stamp (the clause has something to compare — an unreadable stamp would make the arm below vacuous)
2026-09-27T00:15:14.5192130Z     ✓ the stamp mutation actually changed the file (a plant that did not plant would make every bite below an assertion)
2026-09-27T00:15:14.5192779Z     ✓ stamped_tier() reads the MUTATED stamp back as the other tier
2026-09-27T00:15:14.5193301Z     ✓ --check on a tier divergence exits non-zero (refuses, never a silent pass)
2026-09-27T00:15:14.5193824Z     ✓ --check exits the COULD-NOT-ASK code (77), not the failure code
2026-09-27T00:15:14.5194218Z     ✓ --check calls it COULD-NOT-ASK
2026-09-27T00:15:14.5194654Z     ✓ the refusal's first marked line is machine-readable by `cna.reason_in`
2026-09-27T00:15:14.5195436Z     ✓ --check does NOT call it STALE — a tier divergence is a measurement problem and naming it staleness is the #173 defect, reproduced here
2026-09-27T00:15:14.5196333Z     ✓ the refusal NAMES BOTH TIERS, so a reader can see which two instruments disagreed rather than being handed a shrug
2026-09-27T00:15:14.5196987Z     ✓ --check on an UNREADABLE stamp refuses with the convention's code
2026-09-27T00:15:14.5197629Z     ✓ --check calls an unreadable stamp COULD-NOT-ASK, not STALE
2026-09-27T00:15:14.5198657Z   ✅ _CHAIN.md is FRESH — byte-matches the live chain · GM header+LATEST 5105 tk · LS LATEST delta only (of 36 delta lines) 1798 tk · FILE 7,750 tiktoken cl100k_base = slice 6,903 + wrapper 847 · fixed point in 2 pass(es)
2026-09-27T00:15:14.5199771Z     ✓ stamp restored — the SAME tree reports FRESH again, so the clause does not false-fire on an agreeing stamp
2026-09-27T00:15:14.5201160Z   ✗ _CHAIN.md is STALE — it does not match GOOD-MORNING.md / _LIVE-STATE.md as they now stand, so a cold session would read a PREVIOUS session's record as if it were current. Run `python3 knowledge/_gen_chain.py` and stage the result.
2026-09-27T00:15:14.5202182Z     ✓ --check FAILS on a hand-edited file (the stale-record class)
2026-09-27T00:15:14.5202994Z     ✓ and that failure is a FAILURE, not a refusal — a real staleness on the reachable tier still exits 1, so the COULD-NOT-ASK path did not swallow the gate
2026-09-27T00:15:14.5203786Z   ✗ _CHAIN.md is MISSING — run `python3 knowledge/_gen_chain.py` and stage it
2026-09-27T00:15:14.5204243Z     ✓ --check FAILS when the file is missing entirely
2026-09-27T00:15:14.5204703Z     ✓ REFUSES a STALE title (title #N == ★ LATEST #N, the skipped-mint state)
2026-09-27T00:15:14.5205249Z     ✓ REFUSES (with a reason) when GM has no ★ LATEST banner — no cheerful blank
2026-09-27T00:15:14.5205691Z   ✅ _gen_chain selftest: all bites pass
2026-09-27T00:15:14.8529194Z ✅ CORPUS: stamped 91,606 · measured 92,780 tape · drift 1.27% (tolerance 10%, `_capture_gate.SIZE_TOLERANCE`)
2026-09-27T00:15:14.8530455Z ✅     GM: stamped 33,667 · measured 34,136 tape · drift 1.37% (tolerance 10%, `_capture_gate.SIZE_TOLERANCE`)
2026-09-27T00:15:14.8531578Z ✅     LS: stamped 57,939 · measured 58,644 tape · drift 1.20% (tolerance 10%, `_capture_gate.SIZE_TOLERANCE`)
2026-09-27T00:15:15.1383268Z _gen_size_stamp selftest: 23 bites, all GREEN
2026-09-27T00:15:19.0379682Z   ✅ reviews/MEMENTO-SCHEMATIC-2026-08-07-v2.html: 30,582 bytes · 0 declared gap(s) rendered
2026-09-27T00:15:23.0323311Z   ✅ reviews/MEMENTO-SCHEMATIC-2026-08-07-v2.html is FRESH — byte-matches a render against the live tree
2026-09-27T00:15:40.2668199Z     ✓ renders against the live repo without refusing wholesale
2026-09-27T00:15:40.2668947Z     ✓ two consecutive renders are byte-identical (determinism)
2026-09-27T00:15:40.2669612Z     ✓ no unexpected date-shaped string in the output (found [])
2026-09-27T00:15:40.2670293Z     ✓ step count agrees with _gen_chain._steps_in (148 vs 148)
2026-09-27T00:15:40.2670928Z     ✓ no step RENDERED on the page carries an UNROUTED badge
2026-09-27T00:15:40.2671713Z     ✓ and the STEPS ↔ ROUTE_ROWS join is TOTAL over all 148 steps, rendered or not (0 unrouted)
2026-09-27T00:15:40.2672542Z     ✓ rechecks_for finds real steps for a wired script (_gen_chain.py)
2026-09-27T00:15:40.2673325Z     ✓ rechecks_for returns EMPTY for a script with no step (the red arm can fire)
2026-09-27T00:15:40.2674204Z   ✅ /tmp/tmp74jeho2q/out.html is FRESH — byte-matches a render against the live tree
2026-09-27T00:15:40.2674861Z     ✓ check() PASSES on a faithful copy
2026-09-27T00:15:40.2675965Z   ✗ /tmp/tmp74jeho2q/out.html is STALE — a figure in it no longer matches disk, so the page is asserting something that has gone false. Regenerate and stage it.
2026-09-27T00:15:40.2676912Z       --- committed
2026-09-27T00:15:40.2677192Z       +++ fresh
2026-09-27T00:15:40.2677748Z       @@ -277 +277 @@
2026-09-27T00:15:40.2678094Z       -<p>27 blocking validators</p></body>
2026-09-27T00:15:40.2678491Z       +</body>
2026-09-27T00:15:40.2678902Z     ✓ check() FAILS on a hand-patched copy (mutation)
2026-09-27T00:15:40.2679828Z     ✓ and that failure is a FAILURE, not a refusal — the tier clause does not swallow a real staleness on the reachable tier
2026-09-27T00:15:40.2681109Z     ✓ the unit-word mutation actually changed the file (a plant that did not plant would make the arms below assertions)
2026-09-27T00:15:40.2681781Z     ✓ stamped_tiers() reads the MUTATED page back as the other tier
2026-09-27T00:15:40.2682326Z     ✓ check() REFUSES (exit 77) when the committed page's unit is unreachable here
2026-09-27T00:15:40.2683134Z     ✓ and it does NOT call it STALE — a tier divergence is a measurement problem, and naming it staleness is the #173 defect reproduced
2026-09-27T00:15:40.2683903Z     ✓ the refusal NAMES BOTH instruments, so a reader can see which two disagreed
2026-09-27T00:15:40.2684906Z   ✗ /tmp/tmp74jeho2q/out.html is MISSING — run `python3 knowledge/_gen_schematic.py`
2026-09-27T00:15:40.2685398Z     ✓ check() FAILS when the artefact is missing
2026-09-27T00:15:40.2685837Z     ✓ a missing store never raises — every fact is a str or an Unmeasured
2026-09-27T00:15:40.2686346Z     ✓ file-backed facts flip to Unmeasured on an empty tree (6 of 7)
2026-09-27T00:15:40.2686883Z     ✓ every refusal NAMES its cause (exception type + message, not a bare 'error')
2026-09-27T00:15:40.2687652Z     ✓ the ONLY fact that survives an empty tree is the code constant (['the inherited debt'])
2026-09-27T00:15:40.2688240Z     ✓ and it returns the SAME value in both trees (it is not repo-derived)
2026-09-27T00:15:40.2688731Z     ✓ an Unmeasured renders as a visible ⛔ cell, never as a number
2026-09-27T00:15:40.2689228Z     ✓ every map caption fits its box at CAP_CHARS=32 (worst: (32, 'marks'))
2026-09-27T00:15:40.2689795Z     ✓ every box label declares the inside edge of its own box (16 labels, 16 attributes)
2026-09-27T00:15:40.2690581Z     ✓ the page reports its OWN re-check status (red while unwired, computed either way)
2026-09-27T00:15:40.2691185Z     ✓ the figure tally names its own scope (it excludes this panel, and says so)
2026-09-27T00:15:40.2691635Z   ✅ _gen_schematic selftest: all bites pass
2026-09-27T00:15:41.0672733Z 
2026-09-27T00:15:41.0673917Z PARKED DUE — 4 parked item(s) are due at memento-cut — python3 knowledge/_parked.py --due memento-cut
2026-09-27T00:15:41.0674635Z memento-package delta-audit: 4 failure(s)
2026-09-27T00:15:41.0675965Z   ✗ VERBATIM SET: memento-package/machinery/_gen_chain.py DIFFERS from knowledge/_gen_chain.py (copy=machinery/ file=_gen_chain.py) — 367 line(s) differ (sha256 42e4887e89ba vs source 5fa12d24bbd2)
2026-09-27T00:15:41.0678480Z   ✗ VERBATIM SET: memento-package/claude-plugin/memento/machinery/_gen_chain.py DIFFERS from knowledge/_gen_chain.py (copy=claude-plugin copy file=_gen_chain.py) — 367 line(s) differ (sha256 42e4887e89ba vs source 5fa12d24bbd2)
2026-09-27T00:15:41.0682934Z   ✗ SHIM BODIES: a DECLARED-DIFFERENCE rule no longer applies for 'measure_tokens' — THE ONE DECLARED OPTIONAL IMPORT (the shim's `measure_tokens` docstring: "the real tier is reached through `_real_gauge()` (optional import) rather than a hard module-level `import _gauge_tokens`, because that module is deliberately not shipped here") — its source text was expected 1x, found 0x. The allowance is stale, so this gate refuses to compare on a rewrite it cannot perform (quoted source text: "try:\n            (n, how) = gauge.count(text)\n            if how == 'real':\n                _TIERS_S").
2026-09-27T00:15:41.0688212Z   ✗ SHIM BODIES: a DECLARED-DIFFERENCE rule no longer applies for 'measure_tokens' — THE ONE DECLARED OPTIONAL IMPORT (the shim's `measure_tokens` docstring: "the real tier is reached through `_real_gauge()` (optional import) rather than a hard module-level `import _gauge_tokens`, because that module is deliberately not shipped here") — its source text was expected 1x, found 0x. The allowance is stale, so this gate refuses to compare on a rewrite it cannot perform (quoted source text: "try:\n            (n, how) = gauge.count(text)\n            if how == 'real':\n                _TIERS_S").
2026-09-27T00:15:41.0690294Z 
2026-09-27T00:15:41.0690990Z ❌ memento-package delta-audit FAILED — 4 finding(s) above. See memento-package/_PACKAGE-SPEC.md:13-14 (Dave's #64 boundary ruling: copies only, every copy delta-audited).
2026-09-27T00:15:44.3204301Z     ✗ real repo: clean (0 findings; got 4: ['VERBATIM SET: memento-package/machinery/_gen_chain.py DIFFERS from knowledge/_gen_chain.py (copy=machinery/ file=_gen_chain.py) — 367 line(s) differ (sha256 42e4887e89ba vs source 5fa12d24bbd2)', 'VERBATIM SET: memento-package/claude-plugin/memento/machinery/_gen_chain.py DIFFERS from knowledge/_gen_chain.py (copy=claude-plugin copy file=_gen_chain.py) — 367 line(s) differ (sha256 42e4887e89ba vs source 5fa12d24bbd2)'])
2026-09-27T00:15:44.3207988Z     ✓ ARM1 mutation: doctored machinery/_gen_chain.py is caught, names the file + copy + a line count
2026-09-27T00:15:44.3210058Z       quoted: VERBATIM SET: memento-package/machinery/_gen_chain.py DIFFERS from knowledge/_gen_chain.py (copy=machinery/ file=_gen_chain.py) — 369 line(s) differ (sha256 bd617d917574 vs source 5fa12d24bbd2)
2026-09-27T00:15:44.3211512Z     ✓ ARM1 mutation: a MISSING verbatim file (not just a diff) is caught and named
2026-09-27T00:15:44.3212591Z     ✓ ARM3 mutation: copies diverge on a non-verbatim-set file (the manifest) — caught, names the file and 'DIFFERS between'
2026-09-27T00:15:44.3214226Z       quoted: CROSS-COPY: _MACHINERY-MANIFEST.md DIFFERS between memento-package/machinery/ and memento-package/claude-plugin/memento/machinery/ — 2 line(s) differ
2026-09-27T00:15:44.3215787Z     ✓ ARM3 mutation: a known file missing from BOTH copies (pairwise-invisible) is still caught by the completeness sub-check
2026-09-27T00:15:44.3216816Z       quoted: CROSS-COPY: both copies are missing known file(s): ['_consult-lexicon.json']
2026-09-27T00:15:44.3217698Z     ✓ ARM4 mutation: a rogue file is caught, named with its exact path
2026-09-27T00:15:44.3218745Z     ✓ ARM4 control: __pycache__ present in the SAME fixture is excluded BY NAME and never itself reported (proves the exclusion is narrow, not a silent blanket ignore)
2026-09-27T00:15:44.3220570Z       quoted: UNKNOWN FILE: memento-package/machinery/_ROGUE.py (machinery/) is not on the known-files list ['_MACHINERY-MANIFEST.md', '_capture_gate.py', '_consult-lexicon.json', '_gen_chain.py', '_graph_edges.py', '_memento_search.py', '_search_core.py'] — fail loud rather than silently ignored (scope-blindness rule)
2026-09-27T00:15:44.3222149Z     ✓ ARM2(a) mutation: measure_tokens body changed since port commit 91d7528 — caught, names the function and 'CHANGED since the port'
2026-09-27T00:15:44.3223710Z       quoted: SHIM PROVENANCE chain(a): 'measure_tokens' in knowledge/_capture_gate.py has CHANGED since the port commit ba2c9f5 — 1 line(s) differ. memento-package/machinery/_capture_gate.py may now be stale against its declared source; re-review and re-port, or update the docstring.
2026-09-27T00:15:44.3225165Z     ✓ ARM2(b) mutation: measurement_degraded deleted from current source — caught, names the function and 'GONE from current'
2026-09-27T00:15:44.3226428Z       quoted: SHIM PROVENANCE chain(a): 'measurement_degraded' is GONE from current knowledge/_capture_gate.py (present at the port commit ba2c9f5) — the shim's ported source no longer exists to compare against
2026-09-27T00:15:44.3227733Z     ✓ ARM2(c) mutation: GM_VOCAB changed since port commit ace3ed3 — caught, names GM_VOCAB and 'CHANGED since the port'
2026-09-27T00:15:44.3229216Z       quoted: SHIM PROVENANCE chain(b): 'GM_VOCAB' in knowledge/_gm_usage.py has CHANGED since the port commit ace3ed3 — 1 line(s) differ. memento-package/machinery/_capture_gate.py may now be stale against its declared source; re-review and re-port, or update the docstring.
2026-09-27T00:15:44.3230579Z     ✓ ARM2(d) mutation: shim docstring's claimed commit no longer matches the gate's expectation — caught, names both hashes
2026-09-27T00:15:44.3231977Z       quoted: SHIM PROVENANCE: memento-package/machinery/_capture_gate.py's docstring now claims it was ported from knowledge/_capture_gate.py @ deadbee, but this gate is built against ba2c9f5 — the shim was re-ported and the gate was not updated to match.
2026-09-27T00:15:44.3233389Z     ✗ ARM2(e) mutation: BOTH packed shim copies edited IDENTICALLY (invisible to the cross-copy arm) — caught, names the drifted body and both copies
2026-09-27T00:15:44.3234440Z     ✓ ARM2(e) control: the same fixture's CROSS-COPY arm stays silent, proving arm 2b is what saw it (the copies really are still identical to each other)
2026-09-27T00:15:44.3235664Z       quoted: SHIM BODIES: a DECLARED-DIFFERENCE rule no longer applies for 'measure_tokens' — THE ONE DECLARED OPTIONAL IMPORT (the shim's `measure_tokens` docstring: "the real tier is reached 
2026-09-27T00:15:44.3236914Z     ✗ ARM2(f) mutation: an edit INSIDE the one declared-difference region still FAILS — the allowance tolerates its exact quoted text and nothing adjacent to it
2026-09-27T00:15:44.3238223Z     ✓ ARM2(g) mutation: a DECLARED-DIFFERENCE rule that no longer matches fails LOUD and named, rather than widening into a silent pass
2026-09-27T00:15:44.3239401Z       quoted: SHIM BODIES: a DECLARED-DIFFERENCE rule no longer applies for 'read_chain_tk' — selftest: a rule whose source text does not exist — its source text was expected 1x, found 0x. The a
2026-09-27T00:15:44.3240599Z     ✗ ARM2(h) control: with the real table restored, the real pack is GREEN — the three declared allowances are load-bearing, and a correct pack is not red
2026-09-27T00:15:44.3241309Z   ✗ _validate_package_delta selftest: 4 bite(s) failed
2026-09-27T00:15:44.3298413Z 
2026-09-27T00:15:44.3298517Z 
2026-09-27T00:15:44.3299352Z === [75/148] type-composites ratchet — tier (b), debt 1101 shrink-only (Dave #119) — _validate_type_composites.py ===
2026-09-27T00:15:44.3299823Z 
2026-09-27T00:15:44.3300260Z === [76/148] type-composites selftest — _validate_type_composites.py ===
2026-09-27T00:15:44.3301015Z 
2026-09-27T00:15:44.3301368Z === [77/148] coverage gate — _validate_coverage.py ===
2026-09-27T00:15:44.3301745Z 
2026-09-27T00:15:44.3302118Z === [78/148] pro-forma universal gate — _validate_proforma.py ===
2026-09-27T00:15:44.3302552Z 
2026-09-27T00:15:44.3303070Z === [79/148] pro-forma CSS-governed motion gate (DEF-003) — _validate_css_governed.py ===
2026-09-27T00:15:44.3303651Z 
2026-09-27T00:15:44.3304156Z === [80/148] pro-forma no-hardcode styling gate (DEF-004) — _validate_no_hardcode.py ===
2026-09-27T00:15:44.3304715Z 
2026-09-27T00:15:44.3305026Z === [81/148] 4px-grid gate (DEF-005) — _validate_grid.py ===
2026-09-27T00:15:44.3305257Z 
2026-09-27T00:15:44.3305636Z ❌ 4px-grid gate (DEF-005) failed (exit 1) — off-grid layout value(s); see _validate_grid.py output
2026-09-27T00:15:44.3306003Z 
2026-09-27T00:15:44.3306351Z === [82/148] type-binding blast-radius gate (canon/type.css) — _validate_type_blast_radius.py ===
2026-09-27T00:15:44.3306746Z 
2026-09-27T00:15:44.3307167Z === [83/148] descender-clip gate (ds-005) — truncating labels stay descender-safe — _validate_descender_clip.py ===
2026-09-27T00:15:44.3307939Z 
2026-09-27T00:15:44.3308260Z === [84/148] KG edge parse-gate + s135-D4 resolutions-consumed check — _validate_kg.py ===
2026-09-27T00:15:44.3308592Z 
2026-09-27T00:15:44.3308798Z === [85/148] KG edge gate selftest (6 bites) — _validate_kg.py ===
2026-09-27T00:15:44.3309043Z 
2026-09-27T00:15:44.3309431Z === [86/148] Token fork-ban gate — undeclared same-scope forks (s136-D1 lane, #139) — _validate_token_forks.py ===
2026-09-27T00:15:44.3309841Z 
2026-09-27T00:15:44.3310400Z ❌ token fork-ban gate failed (exit 1) — an undeclared same-scope fork of a spine token. Declare it or unify. Run: python3 knowledge/_validate_token_forks.py
2026-09-27T00:15:44.3310948Z 
2026-09-27T00:15:44.3311216Z === [87/148] Token fork-ban selftest (2-direction) — _validate_token_forks.py ===
2026-09-27T00:15:44.3311526Z 
2026-09-27T00:15:44.3311912Z === [88/148] binds shrink-only ratchet (s136-D1 axis A; built #141, wired #146) — _validate_binds_ratchet.py ===
2026-09-27T00:15:44.3312302Z 
2026-09-27T00:15:44.3312657Z === [89/148] DTCG spine conformance gate (s141-D1 axis A; built #141, wired #146) — _validate_dtcg.py ===
2026-09-27T00:15:44.3313026Z 
2026-09-27T00:15:44.3313457Z === [90/148] binds-resolve gate — manifest presence + address→store resolution (#146) — _validate_binds_resolve.py ===
2026-09-27T00:15:44.3313894Z 
2026-09-27T00:15:44.3314257Z === [91/148] binds-resolve selftest — 5 bites incl. any-store clause (#146) — _validate_binds_resolve.py ===
2026-09-27T00:15:44.3314648Z 
2026-09-27T00:15:44.3315122Z === [92/148] chart-intent resolve gate — meta intent address → chart-intents.json (BLOCKING s195-D1) — _validate_intent_resolve.py ===
2026-09-27T00:15:44.3315602Z 
2026-09-27T00:15:44.3316039Z === [93/148] chart-intent resolve selftest — 4 bites incl. list case + absent store (s195-D1) — _validate_intent_resolve.py ===
2026-09-27T00:15:44.3316667Z 
2026-09-27T00:15:44.3317242Z === [94/148] roles/answers resolve gate — meta provides/answers/not-with address → roles.json + chart-intents.json (#253) — _validate_roles_resolve.py ===
2026-09-27T00:15:44.3318079Z 
2026-09-27T00:15:44.3320713Z ❌ roles/answers resolve gate failed (exit 1) — a meta's `provides` is not one of the twelve roles in knowledge/roles.json, an `answers` word is not a key of chart-intents.json, a `not-with`/`with` slug resolves to neither a meta nor a role, two providers of one role claim the same `priority`, `intent` and `answers` disagree, a `span.cols` is inverted, a `shape` is not a key of knowledge/shapes.json, or a `when` gate names a field that is not a key of knowledge/when-fields.json (s254-D2 items 1 and 2 closed those two vocabularies). The role and answers vocabularies are ADOPTED (s252-D1 / s251-D11): a new word enters ONLY by Dave's ruling, never silently. Run: python3 knowledge/_validate_roles_resolve.py
2026-09-27T00:15:44.3323067Z 
2026-09-27T00:15:44.3323930Z === [95/148] roles/answers resolve selftest — 15 bites incl. in-role priority ties, absent store, shape-known and when-fields-known (#253/#254) — _validate_roles_resolve.py ===
2026-09-27T00:15:44.3324563Z 
2026-09-27T00:15:44.3324881Z === [96/148] DataViz chart gate (semantic SVG + tokens + table spine) — _validate_dataviz.py ===
2026-09-27T00:15:44.3325233Z 
2026-09-27T00:15:44.3325615Z === [97/148] DataViz gate selftest — bite-tests dv-004 + the dtype vocabulary (ds-014) — _validate_dataviz.py ===
2026-09-27T00:15:44.3326010Z 
2026-09-27T00:15:44.3326486Z === [98/148] property-resolves gate C2 — silent-lookup class (BLOCKING, ds-018, promoted s121-D1) — _validate_property_resolves.py ===
2026-09-27T00:15:44.3326965Z 
2026-09-27T00:15:44.3327567Z === [99/148] property-resolves gate C2 selftest — 4 bites + a bite-the-bite — _validate_property_resolves.py ===
2026-09-27T00:15:44.3327977Z 
2026-09-27T00:15:44.3328480Z === [100/148] dataviz var-resolution gate — markup fill/stroke var() per theme (BLOCKING s191-D3, ds-0NN #184) — _gate_dataviz_vars.py ===
2026-09-27T00:15:44.3328974Z 
2026-09-27T00:15:44.3329426Z === [101/148] dataviz var-resolution gate selftest — 8 arms incl. alias chain + missing target (ds-0NN) — _gate_dataviz_vars.py ===
2026-09-27T00:15:44.3329890Z 
2026-09-27T00:15:44.3330367Z === [102/148] minted-token consumption inventory — declared-but-never-read (ADVISORY, built #219) — _gate_minted_consumption.py ===
2026-09-27T00:15:44.3330851Z 
2026-09-27T00:15:44.3331297Z === [103/148] minted-consumption selftest — 10 arms incl. both false-positive mutants (#219) — _gate_minted_consumption.py ===
2026-09-27T00:15:44.3331750Z 
2026-09-27T00:15:44.3332205Z === [104/148] hidden-attr vs author-display sweep — painted while hidden (ADVISORY, built #219) — _validate_hidden_display.py ===
2026-09-27T00:15:44.3332664Z 
2026-09-27T00:15:44.3333068Z === [105/148] hidden-attr display selftest — 16 bites incl. the real #218 mutant (#219) — _validate_hidden_display.py ===
2026-09-27T00:15:44.3333503Z 
2026-09-27T00:15:44.3333875Z === [106/148] reverse-text edge-extremity check {#col26-020} (advisory) — _validate_edge_extremity.py ===
2026-09-27T00:15:44.3334265Z 
2026-09-27T00:15:44.3334716Z === [107/148] compliance verification edges — applies_to vs verified_by (advisory) — compliance/_build_verification_edges.py ===
2026-09-27T00:15:44.3335176Z 
2026-09-27T00:15:44.3335568Z === [108/148] external automatable-check refs — axe-core import (advisory) — compliance/_import_axe_rules.py ===
2026-09-27T00:15:44.3335975Z 
2026-09-27T00:15:44.3336270Z === [109/148] consult index — problem-domain query surface — _build_consult_index.py ===
2026-09-27T00:15:44.3336600Z 
2026-09-27T00:15:44.3336797Z === [110/148] consult tool selftest (advisory) — _consult.py ===
2026-09-27T00:15:44.3337043Z 
2026-09-27T00:15:44.3337661Z === [111/148] search core selftest — two-stage engine + receipt format (O2′ #25) — _search_core.py ===
2026-09-27T00:15:44.3338085Z 
2026-09-27T00:15:44.3338685Z === [112/148] memento index — the Memento door's corpus (O2′ #25) — _build_memento_index.py ===
2026-09-27T00:15:44.3339033Z 
2026-09-27T00:15:44.3339325Z === [113/148] memento index determinism check (O2′ #25) — _build_memento_index.py ===
2026-09-27T00:15:44.3339637Z 
2026-09-27T00:15:44.3340015Z === [114/148] memento index selftest — contract refusals + determinism (O2′ #25) — _build_memento_index.py ===
2026-09-27T00:15:44.3340412Z 
2026-09-27T00:15:44.3340799Z === [115/148] memento search selftest — known-answer retrieval + fetch refusal (O2′ #25) — _memento_search.py ===
2026-09-27T00:15:44.3341215Z 
2026-09-27T00:15:44.3341635Z === [116/148] graph mention map — the decision-graph/memento-index join (#115 step 0) — _build_graph_mention_map.py ===
2026-09-27T00:15:44.3342066Z 
2026-09-27T00:15:44.3342394Z === [117/148] graph mention map determinism check (#115 step 0) — _build_graph_mention_map.py ===
2026-09-27T00:15:44.3342739Z 
2026-09-27T00:15:44.3343119Z === [118/148] graph mention map selftest — hit/miss/refusal bites (#115 step 0) — _build_graph_mention_map.py ===
2026-09-27T00:15:44.3343543Z 
2026-09-27T00:15:44.3343826Z === [119/148] read chain file — _CHAIN.md, the cold-start door (#41) — _gen_chain.py ===
2026-09-27T00:15:44.3344147Z 
2026-09-27T00:15:44.3344560Z === [120/148] read chain determinism check — stale _CHAIN.md serves a PREVIOUS session's record (#41) — _gen_chain.py ===
2026-09-27T00:15:44.3344991Z 
2026-09-27T00:15:44.3345353Z === [121/148] read chain selftest — verbatim terms + the CUT + refusal on a blank GM (#41) — _gen_chain.py ===
2026-09-27T00:15:44.3345749Z 
2026-09-27T00:15:44.3346190Z === [122/148] GM size stamp check — a TYPED `size:` figure / drift past the gate's tolerance (s294-D8) — _gen_size_stamp.py ===
2026-09-27T00:15:44.3346627Z 
2026-09-27T00:15:44.3347587Z === [123/148] GM size stamp selftest — the fixed point, the 2-cycle refusal, the ESTIMATE-tier refusal and the gate's own regex parsing what this writes (s294-D8) — _gen_size_stamp.py ===
2026-09-27T00:15:44.3348281Z 
2026-09-27T00:15:44.3348722Z === [124/148] memento schematic — the six subsystems, generated from the file inventory (#127) — _gen_schematic.py ===
2026-09-27T00:15:44.3349152Z 
2026-09-27T00:15:44.3349591Z === [125/148] memento schematic determinism check — a stale diagram publishes a PREVIOUS tree (#127) — _gen_schematic.py ===
2026-09-27T00:15:44.3350039Z 
2026-09-27T00:15:44.3350471Z === [126/148] memento schematic selftest — figure provenance, caption geometry, self-recheck (#127) — _gen_schematic.py ===
2026-09-27T00:15:44.3350917Z 
2026-09-27T00:15:44.3351297Z === [127/148] memento-package delta-audit — #64 boundary enforcement (#79) — _validate_package_delta.py ===
2026-09-27T00:15:44.3351689Z 
2026-09-27T00:15:44.3353360Z ❌ memento-package delta-audit failed (exit 1) — a package copy has drifted from its knowledge/ source, the two in-package copies disagree, an unknown file appeared in a machinery/ folder, or a shim-ported function/constant changed since its declared provenance commit. See memento-package/_PACKAGE-SPEC.md:13-14 (Dave's #64 boundary ruling: copies only, every copy delta-audited). Run: python3 knowledge/_validate_package_delta.py
2026-09-27T00:15:44.3354842Z 
2026-09-27T00:15:44.3355268Z === [128/148] memento-package delta-audit selftest — mutation-tested, all 4 arms (#79) — _validate_package_delta.py ===
2026-09-27T00:15:44.3355712Z 
2026-09-27T00:15:44.3357466Z ❌ memento-package delta-audit failed (exit 1) — a package copy has drifted from its knowledge/ source, the two in-package copies disagree, an unknown file appeared in a machinery/ folder, or a shim-ported function/constant changed since its declared provenance commit. See memento-package/_PACKAGE-SPEC.md:13-14 (Dave's #64 boundary ruling: copies only, every copy delta-audited). Run: python3 knowledge/_validate_package_delta.py
2026-09-27T00:15:44.3358938Z 
2026-09-27T00:15:44.5117197Z === [129/148] enactment register — is each ruling IN FORCE? (advisory, ADR-0016) — _build_enactment_register.py ===enactment register: 84 rulings -> PROVEN 9 · CLAIMED 21 · UNPROVEN 54 · NOT-GATEABLE 0  (knowledge/_ENACTMENT-REGISTER.md)
2026-09-27T00:16:40.0972315Z   ✓ bite1a: icon-005 (44x44 target) requires RENDER
2026-09-27T00:16:40.0973070Z   ✓ bite1b: icon-005 is UNGATED — no check names it
2026-09-27T00:16:40.0973863Z   ✓ bite1c: aid-009 is cited by a gate AND present in the rules index (not dangling)
2026-09-27T00:16:40.0974743Z   ✓ bite1d: the untagged-anchor population is reported, not silently zero
2026-09-27T00:16:40.0975495Z   ✓ bite2: 'chrome' as a WORD does not promote a gate to RENDER
2026-09-27T00:16:40.0976155Z   ✓ bite3: a real Playwright gate IS detected as RENDER
2026-09-27T00:16:40.0976741Z   ✓ bite4: unclassifiable rule -> UNKNOWN, not I0
2026-09-27T00:16:40.0977672Z   ✓ bite5: a literal-text rule + a static gate is FIT, not flagged
2026-09-27T00:16:40.0978300Z   ✓ bite6: unknown instrument code raises
2026-09-27T00:16:40.0978817Z   ✓ bite7: mixed rule takes the HIGHER rung
2026-09-27T00:16:40.0979435Z   ✓ bite8: this script never counts itself as a gate
2026-09-27T00:16:40.0979831Z 
2026-09-27T00:16:40.0980014Z selftest: 11 bites, 0 failed
2026-09-27T00:17:35.3604004Z instrument fit: 474 rules -> UNDER-INSTRUMENTED 16 · UNGATED 164 · UNTAGGED 282 · EYE-ONLY 5 · FIT 7  (knowledge/_INSTRUMENT-FIT.md)
2026-09-27T00:17:35.3605706Z   ⚠ 1 rule IDs cited by gates are ABSENT from the index (260 untagged anchors of 702 declared): axs-003
2026-09-27T00:17:35.4713648Z /home/runner/work/UX-design/UX-design/knowledge/_build_integrity.py:71: DeprecationWarning: jsonschema.RefResolver is deprecated as of v4.18.0, in favor of the https://github.com/python-jsonschema/referencing library, which provides more compliant referencing behavior as well as more flexible APIs for customization. A future release will remove RefResolver. Please file a feature request (on referencing) if you are missing an API for the kind of customization you need.
2026-09-27T00:17:35.4717800Z   _resolver = jsonschema.RefResolver(base_uri="", referrer=schema)
2026-09-27T00:17:35.7082926Z integrity: FAIL — 13 errors, 25 warnings
2026-09-27T00:17:35.7083850Z schema valid: 133/137
2026-09-27T00:17:35.7084220Z first errors:
2026-09-27T00:17:35.7084838Z   [Data grid] schema: relationships: Additional properties are not allowed ('$composes-verbatim', 'composes' were unexpected)
2026-09-27T00:17:35.7086004Z   [Data grid] schema: stateModel: {'$scope': "the COLUMN HEADER (#261); the grid's live/loading/empty modes stay on the `state` prop", 'states': ['rest', 
2026-09-27T00:17:35.7087234Z   [Data grid] schema: with/0: 'selection-controls (the checkbox — CONSUMED byte-identically, not restated; #261 G3)' is not of type 'object'
2026-09-27T00:17:35.7095635Z   [Data grid] schema: with/1: 'filter-toolbar-bar' is not of type 'object'
2026-09-27T00:17:35.7096126Z   [Data grid] schema: with/2: 'pagination' is not of type 'object'
2026-09-27T00:17:35.7096565Z   [Data grid] schema: with/3: 'search-field' is not of type 'object'
2026-09-27T00:17:35.7096981Z   [Data grid] schema: with/4: 'tags' is not of type 'object'
2026-09-27T00:17:35.7097960Z   [Data grid] schema: with/5: 'skeleton-loader' is not of type 'object'
2026-09-27T00:17:35.7098793Z   [Filter-toolbar-bar] schema: stateModel: {'attribute': 'data-ftb-state', 'states': [{'name': 'no-filters', 'shows': 'the total count and a `No filters applied` h
2026-09-27T00:17:35.7099798Z   [KPI tile] schema: stateModel: {'states': ['ready', 'loading', 'empty', 'error', 'stale'], 'loading': 'role=group + aria-busy=true, an sr-only sentence
2026-09-27T00:17:35.7100687Z   [Legend] schema: provenance/source: 'hand-authored' is not one of ['figma', 'code', 'both', 'gap-report', 'proforma-promotion']
2026-09-27T00:17:35.7101590Z   [Legend] schema: stateModel: {'rest': 'every series shown; Reset disabled', 'check': "one or more swatches unchecked; the unchecked series ghost at 1
2026-09-27T00:17:35.7333462Z     ✓ refuse() returns the convention's exit code
2026-09-27T00:17:35.7334474Z     ✓ EXIT is not 0/1/2 — it cannot be confused with pass, fail, or bad-arguments
2026-09-27T00:17:35.7335588Z     ✓ refuse() prints a line that STARTS with the marker
2026-09-27T00:17:35.7336224Z     ✓ the printed line carries the gate's own reason, not a summary
2026-09-27T00:17:35.7336891Z     ✓ is_refusal() is true for EXIT and false for a real failure
2026-09-27T00:17:35.7337829Z     ✓ reason_in() finds the marker line in captured output
2026-09-27T00:17:35.7338500Z     ✓ reason_in() finds it when the gate prefixed the line (✗ / indentation)
2026-09-27T00:17:35.7339324Z     ✓ reason_in() returns None — never a manufactured reason — when the marker is absent
2026-09-27T00:17:35.7340002Z   ✅ _could_not_ask selftest: all bites pass
2026-09-27T00:17:36.3350097Z 
2026-09-27T00:17:36.3350863Z === P-1 · component meta-schema sweep [sandbox]
2026-09-27T00:17:36.3352216Z   ⛔ data-grid.meta.json [relationships] Additional properties are not allowed ('$composes-verbatim', 'composes' were unexpected)
2026-09-27T00:17:36.3354476Z   ⛔ data-grid.meta.json [stateModel] {'$scope': "the COLUMN HEADER (#261); the grid's live/loading/empty modes stay on the `state` prop", 'states': ['rest', 'hover', 'focus-visible', 'sorted', 'filtered-active', 'menu-open', 'resizing', 
2026-09-27T00:17:36.3357010Z   ⛔ data-grid.meta.json [with/0] 'selection-controls (the checkbox — CONSUMED byte-identically, not restated; #261 G3)' is not of type 'object'
2026-09-27T00:17:36.3358717Z   ⛔ data-grid.meta.json [with/1] 'filter-toolbar-bar' is not of type 'object'
2026-09-27T00:17:36.3359680Z   ⛔ data-grid.meta.json [with/2] 'pagination' is not of type 'object'
2026-09-27T00:17:36.3360605Z   ⛔ data-grid.meta.json [with/3] 'search-field' is not of type 'object'
2026-09-27T00:17:36.3361472Z   ⛔ data-grid.meta.json [with/4] 'tags' is not of type 'object'
2026-09-27T00:17:36.3362331Z   ⛔ data-grid.meta.json [with/5] 'skeleton-loader' is not of type 'object'
2026-09-27T00:17:36.3364389Z   ⛔ filter-toolbar-bar.meta.json [stateModel] {'attribute': 'data-ftb-state', 'states': [{'name': 'no-filters', 'shows': 'the total count and a `No filters applied` hint; no chip row, no clear-all.'}, {'name': 'filtered', 'shows': '`N of M`, the 
2026-09-27T00:17:36.3367555Z   ⛔ kpi-tile.meta.json [stateModel] {'states': ['ready', 'loading', 'empty', 'error', 'stale'], 'loading': 'role=group + aria-busy=true, an sr-only sentence naming the metric, and four skeleton blocks at text/default alpha-08 with a 1.6
2026-09-27T00:17:36.3369821Z   ⛔ legend.meta.json [provenance/source] 'hand-authored' is not one of ['figma', 'code', 'both', 'gap-report', 'proforma-promotion']
2026-09-27T00:17:36.3372137Z   ⛔ legend.meta.json [stateModel] {'rest': 'every series shown; Reset disabled', 'check': "one or more swatches unchecked; the unchecked series ghost at 12% and the row's swatch is hollow", 'isolate': 'a label is pressed; only that se
2026-09-27T00:17:36.3374002Z   ⛔ legend.meta.json [with/0] 'when' does not match any of the regexes: '^\\$'
2026-09-27T00:17:36.3375214Z   ⚪ EXEMPT (declared, never hidden) EXAMPLE-button.meta.json [<root>] 'tokenValidation' is a required property
2026-09-27T00:17:36.3376708Z P-1 meta-schema sweep: 138 meta(s) checked · 13 finding(s) · 1 exempt failure(s) (EXAMPLE-button.meta.json)
2026-09-27T00:17:36.3377963Z PROBE P-1 — findings=13
2026-09-27T00:17:36.3379003Z --- rc=1 findings=13 · /home/runner/work/UX-design/UX-design/knowledge/_probe_registry/probe_meta_schema.py --check
2026-09-27T00:17:36.3379765Z 
2026-09-27T00:17:36.3380034Z === P-2 · duplicate-ID/IDREF scan [sandbox]
2026-09-27T00:17:36.3380843Z   OK  reviews/REVIEW-168-eye-owed-v1.html                        ids= 10 DUP=0 unresolved_idref=0 frag_miss=0
2026-09-27T00:17:36.3382068Z   OK  reviews/REVIEW-168-graphic-amber-blue-picker-v1.html       ids=  2 DUP=0 unresolved_idref=0 frag_miss=0
2026-09-27T00:17:36.3383311Z   OK  reviews/REVIEW-168-rag-glyph-tier-v1.html                  ids=  1 DUP=0 unresolved_idref=0 frag_miss=0
2026-09-27T00:17:36.3384484Z   OK  reviews/REVIEW-168-rag-glyph-tier-v2.html                  ids=  0 DUP=0 unresolved_idref=0 frag_miss=0
2026-09-27T00:17:36.3386375Z   OK  reviews/REVIEW-170-links-ratification-controller-v1.html   ids=  5 DUP=0 unresolved_idref=0 frag_miss=0
2026-09-27T00:17:36.3388005Z   OK  reviews/REVIEW-174-progress-bar-four-themes-v1.html        ids= 24 DUP=0 unresolved_idref=0 frag_miss=0
2026-09-27T00:17:36.3389302Z   OK  reviews/REVIEW-2026-07-02-critical-regroup.html            ids=  1 DUP=0 unresolved_idref=0 frag_miss=0
2026-09-27T00:17:36.3390533Z   OK  reviews/REVIEW-2026-07-10-deep-analysis.html               ids= 22 DUP=0 unresolved_idref=0 frag_miss=0
2026-09-27T00:17:36.3391765Z   OK  reviews/REVIEW-2026-07-10-deep-analysis_rev2.html          ids= 22 DUP=0 unresolved_idref=0 frag_miss=0
2026-09-27T00:17:36.3392985Z   OK  reviews/REVIEW-203-INDEX-2026-08-19-v1.html                ids=  0 DUP=0 unresolved_idref=0 frag_miss=0
2026-09-27T00:17:36.3394200Z   OK  reviews/REVIEW-203-alert-four-themes-v1.html               ids= 21 DUP=0 unresolved_idref=0 frag_miss=0
2026-09-27T00:17:36.3395509Z   OK  reviews/REVIEW-203-amount-display-four-themes-v1.html      ids=  0 DUP=0 unresolved_idref=0 frag_miss=0
2026-09-27T00:17:36.3396837Z   OK  reviews/REVIEW-203-amount-input-four-themes-v1.html        ids= 58 DUP=0 unresolved_idref=0 frag_miss=0
2026-09-27T00:17:36.3398415Z   OK  reviews/REVIEW-203-anchor-nav-four-themes-v1.html          ids=136 DUP=0 unresolved_idref=0 frag_miss=0
2026-09-27T00:17:36.3399728Z   OK  reviews/REVIEW-203-avatar-group-four-themes-v1.html        ids=  8 DUP=0 unresolved_idref=0 frag_miss=0
2026-09-27T00:17:36.3401088Z   OK  reviews/REVIEW-203-canon-dark-repair-before-after-v1.html  ids=449 DUP=0 unresolved_idref=0 frag_miss=0
2026-09-27T00:17:36.3402424Z   OK  reviews/REVIEW-203-combobox-four-themes-v1.html            ids=218 DUP=0 unresolved_idref=0 frag_miss=0
2026-09-27T00:17:36.3403766Z   OK  reviews/REVIEW-203-command-palette-four-themes-v1.html     ids=102 DUP=0 unresolved_idref=0 frag_miss=0
2026-09-27T00:17:36.3405122Z   OK  reviews/REVIEW-203-data-grid-four-themes-v1.html           ids=  0 DUP=0 unresolved_idref=0 frag_miss=0
2026-09-27T00:17:36.3406474Z   OK  reviews/REVIEW-203-date-picker-four-themes-v1.html         ids=160 DUP=0 unresolved_idref=0 frag_miss=0
2026-09-27T00:17:36.3408088Z   OK  reviews/REVIEW-203-date-range-picker-four-themes-v1.html   ids=231 DUP=0 unresolved_idref=0 frag_miss=0
2026-09-27T00:17:36.3409415Z   OK  reviews/REVIEW-203-drawer-four-themes-v1.html              ids=  8 DUP=0 unresolved_idref=0 frag_miss=0
2026-09-27T00:17:36.3410702Z   OK  reviews/REVIEW-203-empty-state-four-themes-v1.html         ids= 26 DUP=0 unresolved_idref=0 frag_miss=0
2026-09-27T00:17:36.3412055Z   OK  reviews/REVIEW-203-file-upload-four-themes-v1.html         ids= 76 DUP=0 unresolved_idref=0 frag_miss=0
2026-09-27T00:17:36.3413385Z   OK  reviews/REVIEW-203-form-layout-four-themes-v1.html         ids=251 DUP=0 unresolved_idref=0 frag_miss=0
2026-09-27T00:17:36.3414685Z   OK  reviews/REVIEW-203-kpi-tile-four-themes-v1.html            ids= 24 DUP=0 unresolved_idref=0 frag_miss=0
2026-09-27T00:17:36.3416014Z   OK  reviews/REVIEW-203-multi-select-four-themes-v1.html        ids=203 DUP=0 unresolved_idref=0 frag_miss=0
2026-09-27T00:17:36.3417558Z   OK  reviews/REVIEW-203-popover-four-themes-v1.html             ids= 33 DUP=0 unresolved_idref=0 frag_miss=0
2026-09-27T00:17:36.3418889Z   OK  reviews/REVIEW-203-secure-entry-four-themes-v1.html        ids= 75 DUP=0 unresolved_idref=0 frag_miss=0
2026-09-27T00:17:36.3420223Z   OK  reviews/REVIEW-203-sidebar-nav-four-themes-v1.html         ids= 65 DUP=0 unresolved_idref=0 frag_miss=0
2026-09-27T00:17:36.3421575Z   OK  reviews/REVIEW-203-skeleton-loader-four-themes-v1.html     ids= 20 DUP=0 unresolved_idref=0 frag_miss=0
2026-09-27T00:17:36.3422942Z   OK  reviews/REVIEW-203-stat-card-four-themes-v1.html           ids=  2 DUP=0 unresolved_idref=0 frag_miss=0
2026-09-27T00:17:36.3424256Z   OK  reviews/REVIEW-203-stepper-four-themes-v1.html             ids=322 DUP=0 unresolved_idref=0 frag_miss=0
2026-09-27T00:17:36.3425599Z   OK  reviews/REVIEW-203-tags-input-four-themes-v1.html          ids=154 DUP=0 unresolved_idref=0 frag_miss=0
2026-09-27T00:17:36.3427620Z   OK  reviews/REVIEW-203-textarea-four-themes-v1.html            ids= 89 DUP=0 unresolved_idref=0 frag_miss=0
2026-09-27T00:17:36.3428954Z   OK  reviews/REVIEW-203-time-picker-four-themes-v1.html         ids= 92 DUP=0 unresolved_idref=0 frag_miss=0
2026-09-27T00:17:36.3430287Z   OK  reviews/REVIEW-203-timeline-four-themes-v1.html            ids= 24 DUP=0 unresolved_idref=0 frag_miss=0
2026-09-27T00:17:36.3431586Z   OK  reviews/REVIEW-203-toast-four-themes-v1.html               ids=  9 DUP=0 unresolved_idref=0 frag_miss=0
2026-09-27T00:17:36.3432915Z   OK  reviews/REVIEW-204-document-row-four-themes-v1.html        ids= 32 DUP=0 unresolved_idref=0 frag_miss=48
2026-09-27T00:17:36.3434234Z   OK  reviews/REVIEW-204-footer-four-themes-v1.html              ids= 40 DUP=0 unresolved_idref=0 frag_miss=8
2026-09-27T00:17:36.3435552Z   OK  reviews/REVIEW-204-layout-utilities-four-themes-v1.html    ids=  0 DUP=0 unresolved_idref=0 frag_miss=0
2026-09-27T00:17:36.3436996Z   OK  reviews/REVIEW-204-payment-card-visual-four-themes-v1.html ids= 56 DUP=0 unresolved_idref=0 frag_miss=0
2026-09-27T00:17:36.3438613Z   OK  reviews/REVIEW-204-popconfirm-four-themes-v1.html          ids= 96 DUP=0 unresolved_idref=0 frag_miss=0
2026-09-27T00:17:36.3439956Z   OK  reviews/REVIEW-204-runway-bar-four-themes-v1.html          ids= 40 DUP=0 unresolved_idref=0 frag_miss=0
2026-09-27T00:17:36.3441250Z   OK  reviews/REVIEW-209-grid-snap-before-after-v1.html          ids=  3 DUP=0 unresolved_idref=0 frag_miss=0
2026-09-27T00:17:36.3442566Z   OK  reviews/REVIEW-209-input-trim-before-after-v1.html         ids=  1 DUP=0 unresolved_idref=0 frag_miss=0
2026-09-27T00:17:36.3443920Z   OK  reviews/REVIEW-210-existence-side-by-side-v1.html          ids=  6 DUP=0 unresolved_idref=0 frag_miss=0
2026-09-27T00:17:36.3445227Z   OK  reviews/REVIEW-210-meter-unification-v1.html               ids=  7 DUP=0 unresolved_idref=0 frag_miss=0
2026-09-27T00:17:36.3446497Z   OK  reviews/REVIEW-210-spacing-fixes-v1.html                   ids=  0 DUP=0 unresolved_idref=0 frag_miss=0
2026-09-27T00:17:36.3447975Z   OK  reviews/REVIEW-212-boot-and-desk-triage-v1.html            ids=  6 DUP=0 unresolved_idref=0 frag_miss=0
2026-09-27T00:17:36.3449236Z   OK  reviews/REVIEW-212-dials-v1.html                           ids=  1 DUP=0 unresolved_idref=0 frag_miss=0
2026-09-27T00:17:36.3450391Z   OK  reviews/REVIEW-212-rule-now-v1.html                        ids=  1 DUP=0 unresolved_idref=0 frag_miss=0
2026-09-27T00:17:36.3451663Z   OK  reviews/REVIEW-213-wave-components-four-theme-v1.html      ids= 60 DUP=0 unresolved_idref=0 frag_miss=0
2026-09-27T00:17:36.3453044Z   OK  reviews/REVIEW-262-nav-supercharge-dark-v1.html            ids=  0 DUP=0 unresolved_idref=0 frag_miss=0
2026-09-27T00:17:36.3454316Z   OK  reviews/REVIEW-tooltip-tip-s162.html                       ids=  4 DUP=0 unresolved_idref=0 frag_miss=0
2026-09-27T00:17:36.3456323Z   ⚠ reviews/REVIEW-204-document-row-four-themes-v1.html:283 href='#doc-jun' targets no id (WARN tier — #204 declared placeholder demo links a design question, not this class)
2026-09-27T00:17:36.3458961Z   ⚠ reviews/REVIEW-204-document-row-four-themes-v1.html:296 href='#doc-may' targets no id (WARN tier — #204 declared placeholder demo links a design question, not this class)
2026-09-27T00:17:36.3461344Z   ⚠ reviews/REVIEW-204-document-row-four-themes-v1.html:308 href='#doc-tax' targets no id (WARN tier — #204 declared placeholder demo links a design question, not this class)
2026-09-27T00:17:36.3463695Z   ⚠ reviews/REVIEW-204-document-row-four-themes-v1.html:321 href='#doc-long' targets no id (WARN tier — #204 declared placeholder demo links a design question, not this class)
2026-09-27T00:17:36.3466050Z   ⚠ reviews/REVIEW-204-document-row-four-themes-v1.html:348 href='#dl-jun' targets no id (WARN tier — #204 declared placeholder demo links a design question, not this class)
2026-09-27T00:17:36.3468919Z   ⚠ reviews/REVIEW-204-document-row-four-themes-v1.html:356 href='#dl-may' targets no id (WARN tier — #204 declared placeholder demo links a design question, not this class)
2026-09-27T00:17:36.3471493Z   ⚠ reviews/REVIEW-204-document-row-four-themes-v1.html:386 href='#doc-jun' targets no id (WARN tier — #204 declared placeholder demo links a design question, not this class)
2026-09-27T00:17:36.3473902Z   ⚠ reviews/REVIEW-204-document-row-four-themes-v1.html:399 href='#doc-may' targets no id (WARN tier — #204 declared placeholder demo links a design question, not this class)
2026-09-27T00:17:36.3476309Z   ⚠ reviews/REVIEW-204-document-row-four-themes-v1.html:411 href='#doc-tax' targets no id (WARN tier — #204 declared placeholder demo links a design question, not this class)
2026-09-27T00:17:36.3478978Z   ⚠ reviews/REVIEW-204-document-row-four-themes-v1.html:424 href='#doc-long' targets no id (WARN tier — #204 declared placeholder demo links a design question, not this class)
2026-09-27T00:17:36.3481380Z   ⚠ reviews/REVIEW-204-document-row-four-themes-v1.html:451 href='#dl-jun' targets no id (WARN tier — #204 declared placeholder demo links a design question, not this class)
2026-09-27T00:17:36.3483745Z   ⚠ reviews/REVIEW-204-document-row-four-themes-v1.html:459 href='#dl-may' targets no id (WARN tier — #204 declared placeholder demo links a design question, not this class)
2026-09-27T00:17:36.3485228Z   ⚠ … 44 more WARN-tier fragment misses (not findings)
2026-09-27T00:17:36.3486398Z P-2 duplicate-ID/IDREF scan: 55 file(s) over ['reviews/REVIEW-*.html'] · 0 finding(s) · 56 WARN-tier fragment miss(es)
2026-09-27T00:17:36.5057932Z PROBE P-2 — findings=0
2026-09-27T00:17:36.5059255Z --- rc=0 findings=0 · /home/runner/work/UX-design/UX-design/knowledge/_probe_registry/probe_dup_ids.py --check
2026-09-27T00:17:36.5059820Z 
2026-09-27T00:17:36.5060330Z === P-3 · dangling-var PIXEL test (render + cascade + pixel) [sandbox-render]
2026-09-27T00:17:36.5062294Z COULD-NOT-ASK: P-3 dangling-var PIXEL test — NOT-IN-THIS-ENVIRONMENT: playwright is not importable. Stage it per knowledge/_RUNBOOK-render-verify.md (PYTHONPATH=/var/tmp/pylibs). REFUSED — not a pass.
2026-09-27T00:17:36.5064020Z PROBE P-3 — findings=UNKNOWN (environment refused, exit 77)
2026-09-27T00:17:36.5065207Z --- rc=77 findings=UNKNOWN · /home/runner/work/UX-design/UX-design/knowledge/_probe_registry/probe_dangling_var_pixel.py --check
2026-09-27T00:17:36.5066074Z 
2026-09-27T00:17:36.5066369Z === P-4 · premise-vs-store diff [sandbox]
2026-09-27T00:17:36.5067961Z   ⛔ STATE-CONTRADICTION  notes/_briefs/2026-08-20-209-w46-gen-brief-demo-lane-2-apollo-charts-v1.md:97 asserts W-14 open; the store says state=done
2026-09-27T00:17:36.5069710Z   ⛔ STATE-CONTRADICTION  notes/_briefs/2026-08-20-209-w46-gen-brief-demo-lane-2-apollo-charts-v1.md:98 asserts W-15 open; the store says state=done
2026-09-27T00:17:36.5070887Z   ⛔ STATE-CONTRADICTION  notes/_briefs/2026-08-20-209-w46-gen-brief-demo-lane-2-apollo-charts-v1.md:99 asserts W-16 open; the store says state=done
2026-09-27T00:17:36.5072063Z   ⛔ STATE-CONTRADICTION  notes/_briefs/2026-08-20-209-w46-gen-brief-demo-lane-2-apollo-charts-v1.md:106 asserts W-43 open; the store says state=done
2026-09-27T00:17:36.5073213Z   ⛔ STATE-CONTRADICTION  notes/_briefs/2026-08-20-209-w46-gen-brief-demo-lane-2-apollo-charts-v1.md:110 asserts W-47 open; the store says state=done
2026-09-27T00:17:36.5074344Z   ⛔ STATE-CONTRADICTION  notes/_briefs/2026-08-20-209-w46-gen-brief-demo-lane-2-apollo-charts-v1.md:117 asserts W-54 open; the store says state=done
2026-09-27T00:17:36.5075389Z   ⛔ STATE-CONTRADICTION  notes/_briefs/2026-08-20-209-wave3-fanout-brief-v1.md:125 asserts W-14 open; the store says state=done
2026-09-27T00:17:36.5076343Z   ⛔ STATE-CONTRADICTION  notes/_briefs/2026-08-20-209-wave3-fanout-brief-v1.md:126 asserts W-15 open; the store says state=done
2026-09-27T00:17:36.5077275Z   ⛔ STATE-CONTRADICTION  notes/_briefs/2026-08-20-209-wave3-fanout-brief-v1.md:127 asserts W-16 open; the store says state=done
2026-09-27T00:17:36.5078483Z   ⛔ STATE-CONTRADICTION  notes/_briefs/2026-08-20-209-wave3-fanout-brief-v1.md:134 asserts W-43 open; the store says state=done
2026-09-27T00:17:36.5079897Z   ⛔ STATE-CONTRADICTION  notes/_briefs/2026-08-20-209-wave3-fanout-brief-v1.md:138 asserts W-47 open; the store says state=done
2026-09-27T00:17:36.5080834Z   ⛔ STATE-CONTRADICTION  notes/_briefs/2026-08-20-209-wave3-fanout-brief-v1.md:145 asserts W-54 open; the store says state=done
2026-09-27T00:17:36.5081768Z   ⛔ STATE-CONTRADICTION  notes/_briefs/2026-08-20-209-wave3-fanout-brief-v1.md:151 asserts W-60 open; the store says state=done
2026-09-27T00:17:36.5082693Z   ⛔ STATE-CONTRADICTION  notes/_briefs/2026-08-20-209-wave3-fanout-brief-v1.md:152 asserts W-61 open; the store says state=done
2026-09-27T00:17:36.5083665Z   ⛔ STATE-CONTRADICTION  notes/_briefs/2026-08-20-210-wave4-heavy7-fanout-brief-v1.md:99 asserts W-14 open; the store says state=done
2026-09-27T00:17:36.5084672Z   ⛔ STATE-CONTRADICTION  notes/_briefs/2026-08-20-210-wave4-heavy7-fanout-brief-v1.md:100 asserts W-15 open; the store says state=done
2026-09-27T00:17:36.5085689Z   ⛔ STATE-CONTRADICTION  notes/_briefs/2026-08-20-210-wave4-heavy7-fanout-brief-v1.md:101 asserts W-16 open; the store says state=done
2026-09-27T00:17:36.5086694Z   ⛔ STATE-CONTRADICTION  notes/_briefs/2026-08-20-210-wave4-heavy7-fanout-brief-v1.md:108 asserts W-43 open; the store says state=done
2026-09-27T00:17:36.5087934Z   ⛔ STATE-CONTRADICTION  notes/_briefs/2026-08-20-210-wave4-heavy7-fanout-brief-v1.md:112 asserts W-47 open; the store says state=done
2026-09-27T00:17:36.5088945Z   ⛔ STATE-CONTRADICTION  notes/_briefs/2026-08-20-210-wave4-heavy7-fanout-brief-v1.md:119 asserts W-54 open; the store says state=done
2026-09-27T00:17:36.5089937Z   ⛔ STATE-CONTRADICTION  notes/_briefs/2026-08-20-210-wave4-heavy7-fanout-brief-v1.md:127 asserts W-64 open; the store says state=done
2026-09-27T00:17:36.5090969Z   ⛔ STATE-CONTRADICTION  notes/_briefs/2026-08-20-210-wave5-layer2-p2-fanout-brief-v1.md:100 asserts W-14 open; the store says state=done
2026-09-27T00:17:36.5092023Z   ⛔ STATE-CONTRADICTION  notes/_briefs/2026-08-20-210-wave5-layer2-p2-fanout-brief-v1.md:101 asserts W-15 open; the store says state=done
2026-09-27T00:17:36.5093050Z   ⛔ STATE-CONTRADICTION  notes/_briefs/2026-08-20-210-wave5-layer2-p2-fanout-brief-v1.md:102 asserts W-16 open; the store says state=done
2026-09-27T00:17:36.5094081Z   ⛔ STATE-CONTRADICTION  notes/_briefs/2026-08-20-210-wave5-layer2-p2-fanout-brief-v1.md:109 asserts W-43 open; the store says state=done
2026-09-27T00:17:36.5095105Z   ⛔ STATE-CONTRADICTION  notes/_briefs/2026-08-20-210-wave5-layer2-p2-fanout-brief-v1.md:113 asserts W-47 open; the store says state=done
2026-09-27T00:17:36.5096129Z   ⛔ STATE-CONTRADICTION  notes/_briefs/2026-08-20-210-wave5-layer2-p2-fanout-brief-v1.md:120 asserts W-54 open; the store says state=done
2026-09-27T00:17:36.5097148Z   ⛔ STATE-CONTRADICTION  notes/_briefs/2026-08-20-210-wave5-layer2-p2-fanout-brief-v1.md:128 asserts W-64 open; the store says state=done
2026-09-27T00:17:36.5098404Z   ⛔ STATE-CONTRADICTION  notes/_briefs/2026-08-20-210-wave6-layer2-p3-fanout-brief-v1.md:107 asserts W-14 open; the store says state=done
2026-09-27T00:17:36.5099455Z   ⛔ STATE-CONTRADICTION  notes/_briefs/2026-08-20-210-wave6-layer2-p3-fanout-brief-v1.md:108 asserts W-15 open; the store says state=done
2026-09-27T00:17:36.5100512Z   ⛔ STATE-CONTRADICTION  notes/_briefs/2026-08-20-210-wave6-layer2-p3-fanout-brief-v1.md:109 asserts W-16 open; the store says state=done
2026-09-27T00:17:36.5101541Z   ⛔ STATE-CONTRADICTION  notes/_briefs/2026-08-20-210-wave6-layer2-p3-fanout-brief-v1.md:116 asserts W-43 open; the store says state=done
2026-09-27T00:17:36.5102570Z   ⛔ STATE-CONTRADICTION  notes/_briefs/2026-08-20-210-wave6-layer2-p3-fanout-brief-v1.md:120 asserts W-47 open; the store says state=done
2026-09-27T00:17:36.5103621Z   ⛔ STATE-CONTRADICTION  notes/_briefs/2026-08-20-210-wave6-layer2-p3-fanout-brief-v1.md:127 asserts W-54 open; the store says state=done
2026-09-27T00:17:36.5104634Z   ⛔ STATE-CONTRADICTION  notes/_briefs/2026-08-20-210-wave6-layer2-p3-fanout-brief-v1.md:135 asserts W-64 open; the store says state=done
2026-09-27T00:17:36.5105949Z   ⛔ STATE-CONTRADICTION  notes/_briefs/2026-08-20-210-wave6-layer2-p3-fanout-brief-v1.md:144 asserts W-75 open; the store says state=parked
2026-09-27T00:17:36.5107005Z   ⛔ STATE-CONTRADICTION  notes/_briefs/2026-08-20-210-wave6-layer2-p3-fanout-brief-v1.md:145 asserts W-76 open; the store says state=parked
2026-09-27T00:17:36.5108269Z   ⛔ STATE-CONTRADICTION  notes/_briefs/2026-08-20-210-wave6-layer2-p3-fanout-brief-v1.md:146 asserts W-77 open; the store says state=parked
2026-09-27T00:17:36.5109309Z   ⛔ STATE-CONTRADICTION  notes/_briefs/2026-08-20-210-wave6-layer2-p3-fanout-brief-v1.md:147 asserts W-78 open; the store says state=parked
2026-09-27T00:17:36.5110351Z   ⛔ STATE-CONTRADICTION  notes/_briefs/2026-08-20-210-wave6-layer2-p3-fanout-brief-v1.md:148 asserts W-79 open; the store says state=parked
2026-09-27T00:17:36.5111369Z   ⛔ STATE-CONTRADICTION  notes/_briefs/2026-08-21-211-findings-repair-wave1-v1.md:125 asserts W-14 open; the store says state=done
2026-09-27T00:17:36.5112355Z   ⛔ STATE-CONTRADICTION  notes/_briefs/2026-08-21-211-findings-repair-wave1-v1.md:126 asserts W-15 open; the store says state=done
2026-09-27T00:17:36.5113317Z   ⛔ STATE-CONTRADICTION  notes/_briefs/2026-08-21-211-findings-repair-wave1-v1.md:127 asserts W-16 open; the store says state=done
2026-09-27T00:17:36.5114277Z   ⛔ STATE-CONTRADICTION  notes/_briefs/2026-08-21-211-findings-repair-wave1-v1.md:134 asserts W-43 open; the store says state=done
2026-09-27T00:17:36.5115229Z   ⛔ STATE-CONTRADICTION  notes/_briefs/2026-08-21-211-findings-repair-wave1-v1.md:138 asserts W-47 open; the store says state=done
2026-09-27T00:17:36.5116181Z   ⛔ STATE-CONTRADICTION  notes/_briefs/2026-08-21-211-findings-repair-wave1-v1.md:145 asserts W-54 open; the store says state=done
2026-09-27T00:17:36.5117148Z   ⛔ STATE-CONTRADICTION  notes/_briefs/2026-08-21-211-findings-repair-wave1-v1.md:161 asserts W-75 open; the store says state=parked
2026-09-27T00:17:36.5118418Z   ⛔ STATE-CONTRADICTION  notes/_briefs/2026-08-21-211-findings-repair-wave1-v1.md:162 asserts W-76 open; the store says state=parked
2026-09-27T00:17:36.5119408Z   ⛔ STATE-CONTRADICTION  notes/_briefs/2026-08-21-211-findings-repair-wave1-v1.md:163 asserts W-77 open; the store says state=parked
2026-09-27T00:17:36.5120376Z   ⛔ STATE-CONTRADICTION  notes/_briefs/2026-08-21-211-findings-repair-wave1-v1.md:164 asserts W-78 open; the store says state=parked
2026-09-27T00:17:36.5121356Z   ⛔ STATE-CONTRADICTION  notes/_briefs/2026-08-21-211-findings-repair-wave1-v1.md:165 asserts W-79 open; the store says state=parked
2026-09-27T00:17:36.5122317Z   ⛔ STATE-CONTRADICTION  notes/_briefs/2026-08-21-211-findings-repair-wave1-v1.md:166 asserts W-80 open; the store says state=parked
2026-09-27T00:17:36.5123293Z   ⛔ STATE-CONTRADICTION  notes/_briefs/2026-08-21-211-findings-repair-wave1-v1.md:167 asserts W-81 open; the store says state=parked
2026-09-27T00:17:36.5124275Z   ⛔ STATE-CONTRADICTION  notes/_briefs/2026-08-21-211-findings-repair-wave1-v1.md:168 asserts W-82 open; the store says state=parked
2026-09-27T00:17:36.5125238Z   ⛔ STATE-CONTRADICTION  notes/_briefs/2026-08-21-211-findings-repair-wave1-v1.md:169 asserts W-83 open; the store says state=parked
2026-09-27T00:17:36.5126202Z   ⛔ STATE-CONTRADICTION  notes/_briefs/2026-08-21-211-findings-repair-wave1-v1.md:170 asserts W-84 open; the store says state=parked
2026-09-27T00:17:36.5127124Z   ⛔ STATE-CONTRADICTION  notes/_briefs/2026-08-21-212-wrap-brief.md:6 asserts W-95 closed/done; the store says state=open
2026-09-27T00:17:36.5128315Z   ⛔ STATE-CONTRADICTION  notes/_briefs/2026-08-21-212-wrap-brief.md:6 asserts W-98 closed/done; the store says state=open
2026-09-27T00:17:36.5129188Z   ⛔ STATE-CONTRADICTION  notes/_briefs/2026-08-21-212-wrap-brief.md:6 asserts W-99 closed/done; the store says state=open
2026-09-27T00:17:36.5130052Z   ⛔ STATE-CONTRADICTION  notes/_briefs/2026-08-21-212-wrap-brief.md:6 asserts W-97 closed/done; the store says state=open
2026-09-27T00:17:36.5131189Z   ⛔ STATE-CONTRADICTION  notes/_briefs/2026-08-21-212-wrap-brief.md:6 asserts W-96 closed/done; the store says state=open
2026-09-27T00:17:36.5132108Z   ⛔ STATE-CONTRADICTION  notes/_briefs/2026-08-21-213-c1-residual-survey-v1.md:25 asserts W-75 open; the store says state=parked
2026-09-27T00:17:36.5133047Z   ⛔ STATE-CONTRADICTION  notes/_briefs/2026-08-21-213-c1-residual-survey-v1.md:25 asserts W-84 open; the store says state=parked
2026-09-27T00:17:36.5133980Z   ⛔ STATE-CONTRADICTION  notes/_briefs/2026-08-21-213-c1-residual-survey-v1.md:92 asserts W-84 open; the store says state=parked
2026-09-27T00:17:36.5134909Z   ⛔ STATE-CONTRADICTION  notes/_briefs/2026-08-21-213-c1-residual-survey-v1.md:92 asserts W-75 open; the store says state=parked
2026-09-27T00:17:36.5135852Z   ⛔ STATE-CONTRADICTION  notes/_briefs/2026-08-21-213-c1-residual-survey-v1.md:169 asserts W-84 open; the store says state=parked
2026-09-27T00:17:36.5136795Z   ⛔ STATE-CONTRADICTION  notes/_briefs/2026-08-21-213-c1-residual-survey-v1.md:169 asserts W-75 open; the store says state=parked
2026-09-27T00:17:36.5138405Z   ⛔ UNROWED-DOC          notes/_briefs/2026-08-22-215-taxonomy-research-v2.md is named by no store row's `home` — the #185 forgotten-document class; the repair is one `_state.add()` row and it is the conductor's, not this probe's
2026-09-27T00:17:36.5139617Z   ⛔ STATE-CONTRADICTION  notes/_briefs/2026-08-26-219-wrap-brief.md:33 asserts W-196 open; the store says state=done
2026-09-27T00:17:36.5140454Z   ⛔ UNKNOWN-RULING       notes/_briefs/2026-08-28-221-wrap-brief.md:6 cites s221-D1 — no such ruling in _rulings.json
2026-09-27T00:17:36.5141269Z   ⛔ UNKNOWN-RULING       notes/_briefs/2026-08-28-221-wrap-brief.md:16 cites s221-D1 — no such ruling in _rulings.json
2026-09-27T00:17:36.5142187Z   ⛔ STATE-CONTRADICTION  notes/_briefs/2026-08-31-230-seg-snippets-eye-brief.md:38 asserts W-307 closed/done; the store says state=open
2026-09-27T00:17:36.5143191Z   ⛔ STATE-CONTRADICTION  notes/_briefs/2026-08-31-231-delegated-wrap-brief.md:1 asserts W-330 closed/done; the store says state=open
2026-09-27T00:17:36.5144162Z   ⛔ STATE-CONTRADICTION  notes/_briefs/2026-09-01-233-delegated-wrap-brief.md:100 asserts W-308 open; the store says state=done
2026-09-27T00:17:36.5145139Z   ⛔ UNKNOWN-RULING       notes/_briefs/2026-09-02-234-quality-bar-research-brief.md:15 cites s63-D1 — no such ruling in _rulings.json
2026-09-27T00:17:36.5146110Z   ⛔ STATE-CONTRADICTION  notes/_briefs/2026-09-02-235-delegated-wrap-brief.md:14 asserts W-342 closed/done; the store says state=open
2026-09-27T00:17:36.5147079Z   ⛔ STATE-CONTRADICTION  notes/_briefs/2026-09-02-235-delegated-wrap-brief.md:14 asserts W-340 closed/done; the store says state=open
2026-09-27T00:17:36.5148184Z   ⛔ STATE-CONTRADICTION  notes/_briefs/2026-09-02-236-delegated-wrap-brief.md:27 asserts W-340 closed/done; the store says state=open
2026-09-27T00:17:36.5149146Z   ⛔ STATE-CONTRADICTION  notes/_briefs/2026-09-02-236-delegated-wrap-brief.md:27 asserts W-342 closed/done; the store says state=open
2026-09-27T00:17:36.5150101Z   ⛔ STATE-CONTRADICTION  notes/_briefs/2026-09-02-236-delegated-wrap-brief.md:31 asserts W-344 open; the store says state=done
2026-09-27T00:17:36.5151025Z   ⛔ STATE-CONTRADICTION  notes/_briefs/2026-09-02-236-delegated-wrap-brief.md:31 asserts W-347 open; the store says state=done
2026-09-27T00:17:36.5151948Z   ⛔ STATE-CONTRADICTION  notes/_briefs/2026-09-02-236-delegated-wrap-brief.md:31 asserts W-348 open; the store says state=done
2026-09-27T00:17:36.5152889Z   ⛔ STATE-CONTRADICTION  notes/_briefs/2026-09-02-239-delegated-wrap-brief.md:17 asserts W-381 closed/done; the store says state=open
2026-09-27T00:17:36.5153855Z   ⛔ STATE-CONTRADICTION  notes/_briefs/2026-09-02-240-delegated-wrap-brief.md:11 asserts W-384 closed/done; the store says state=open
2026-09-27T00:17:36.5154817Z   ⛔ STATE-CONTRADICTION  notes/_briefs/2026-09-03-242-delegated-wrap-brief.md:16 asserts W-374 closed/done; the store says state=open
2026-09-27T00:17:36.5155983Z P-4 premise-vs-store diff: 206 doc(s) over ['notes/_briefs/*.md'] vs 880 store item(s) / 638 ruling(s) · 85 finding(s)
2026-09-27T00:17:37.8262440Z PROBE P-4 — findings=85
2026-09-27T00:17:37.8263640Z --- rc=1 findings=85 · /home/runner/work/UX-design/UX-design/knowledge/_probe_registry/probe_premise_store.py --check
2026-09-27T00:17:37.8264452Z 
2026-09-27T00:17:37.8264714Z === P-5 · stale-figure grep [sandbox]
2026-09-27T00:17:37.8265196Z   live R1 snippets               = 137
2026-09-27T00:17:37.8265655Z   live R2 component metas        = 138
2026-09-27T00:17:37.8266116Z   live R3 showroom pages         = 138
2026-09-27T00:17:37.8266578Z   live R4 type-composite debt    = 1089
2026-09-27T00:17:37.8266981Z   live R5 open store items       = 717
2026-09-27T00:17:37.8268166Z P-5 stale-figure grep: 4 living doc(s) over ['knowledge/_LIVE-STATE.md', 'GOOD-MORNING.md', 'AGENTS.md', 'README.md', 'knowledge/README.md'] · 5 rule(s) live · 0 REFUSED · 0 finding(s)
2026-09-27T00:17:37.8268974Z PROBE P-5 — findings=0
2026-09-27T00:17:37.8269561Z --- rc=0 findings=0 · /home/runner/work/UX-design/UX-design/knowledge/_probe_registry/probe_stale_figure.py --check
2026-09-27T00:17:37.8270023Z 
2026-09-27T00:17:37.8270243Z === P-6 · input leading-trim enactment CANARY [sandbox-render]
2026-09-27T00:17:37.8271330Z COULD-NOT-ASK: P-6 text-box-trim enactment canary — NOT-IN-THIS-ENVIRONMENT: playwright is not importable. Stage it per knowledge/_RUNBOOK-render-verify.md (PYTHONPATH=/var/tmp/pylibs-<n>). REFUSED — not a pass.
2026-09-27T00:17:37.8272314Z PROBE P-6 — findings=UNKNOWN (environment refused, exit 77)
2026-09-27T00:17:37.8273051Z --- rc=77 findings=UNKNOWN · /home/runner/work/UX-design/UX-design/knowledge/_probe_registry/probe_input_trim_enactment.py --check
2026-09-27T00:17:37.8273540Z 
2026-09-27T00:17:37.8273699Z === P-7 · container self-query scan [sandbox]
2026-09-27T00:17:37.8274219Z   OK  knowledge/snippets/Action-bar.reference.html         containers=1  @container-targets=5   FAIL=0 WARN=0
2026-09-27T00:17:37.8274973Z   OK  knowledge/snippets/App-shell-doormat.reference.html  containers=2  @container-targets=10  FAIL=0 WARN=0
2026-09-27T00:17:37.8275713Z   OK  knowledge/snippets/App-shell-focused.reference.html  containers=1  @container-targets=12  FAIL=0 WARN=0
2026-09-27T00:17:37.8276460Z   OK  ledge/snippets/App-shell-multi-column.reference.html containers=1  @container-targets=8   FAIL=0 WARN=0
2026-09-27T00:17:37.8277202Z   OK  knowledge/snippets/App-shell-nav-rail.reference.html containers=1  @container-targets=20  FAIL=0 WARN=0
2026-09-27T00:17:37.8278152Z   OK  knowledge/snippets/App-shell-side-nav.reference.html containers=1  @container-targets=18  FAIL=0 WARN=0
2026-09-27T00:17:37.8278939Z   OK  knowledge/snippets/App-shell-split.reference.html    containers=1  @container-targets=19  FAIL=0 WARN=0
2026-09-27T00:17:37.8279666Z   OK  knowledge/snippets/App-shell-top-nav.reference.html  containers=1  @container-targets=18  FAIL=0 WARN=0
2026-09-27T00:17:37.8280364Z   OK  knowledge/snippets/Banner.reference.html             containers=1  @container-targets=2   FAIL=0 WARN=0
2026-09-27T00:17:37.8281052Z   OK  knowledge/snippets/Button.reference.html             containers=1  @container-targets=4   FAIL=0 WARN=0
2026-09-27T00:17:37.8281731Z   OK  knowledge/snippets/CTA-lockup.reference.html         containers=1  @container-targets=4   FAIL=0 WARN=0
2026-09-27T00:17:37.8282444Z   OK  knowledge/snippets/Card-header-lockup.reference.html containers=1  @container-targets=2   FAIL=0 WARN=0
2026-09-27T00:17:37.8283170Z   OK  knowledge/snippets/Cards.reference.html              containers=1  @container-targets=2   FAIL=0 WARN=0
2026-09-27T00:17:37.8283842Z   OK  knowledge/snippets/Cascader.reference.html           containers=1  @container-targets=4   FAIL=0 WARN=0
2026-09-27T00:17:37.8284530Z   OK  knowledge/snippets/Document-row.reference.html       containers=1  @container-targets=2   FAIL=0 WARN=0
2026-09-27T00:17:37.8285259Z   OK  nowledge/snippets/Feature-grid-lockup.reference.html containers=2  @container-targets=3   FAIL=0 WARN=0
2026-09-27T00:17:37.8286556Z   OK  knowledge/snippets/Filter-toolbar-bar.reference.html containers=2  @container-targets=14  FAIL=0 WARN=0
2026-09-27T00:17:37.8287436Z   OK  wledge/snippets/Footer-doormat-lockup.reference.html containers=2  @container-targets=3   FAIL=0 WARN=0
2026-09-27T00:17:37.8288141Z   OK  knowledge/snippets/Footer.reference.html             containers=1  @container-targets=6   FAIL=0 WARN=0
2026-09-27T00:17:37.8288828Z   OK  knowledge/snippets/Hero-variants.reference.html      containers=1  @container-targets=2   FAIL=0 WARN=0
2026-09-27T00:17:37.8289549Z   OK  knowledge/snippets/Layout-utilities.reference.html   containers=1  @container-targets=1   FAIL=0 WARN=0
2026-09-27T00:17:37.8290237Z   OK  knowledge/snippets/Links.reference.html              containers=1  @container-targets=2   FAIL=0 WARN=0
2026-09-27T00:17:37.8290920Z   OK  knowledge/snippets/List-items.reference.html         containers=1  @container-targets=0   FAIL=0 WARN=0
2026-09-27T00:17:37.8291633Z   OK  knowledge/snippets/Notifications.reference.html      containers=1  @container-targets=2   FAIL=0 WARN=0
2026-09-27T00:17:37.8292359Z   OK  knowledge/snippets/Page-header-lockup.reference.html containers=1  @container-targets=2   FAIL=0 WARN=0
2026-09-27T00:17:37.8293094Z   OK  knowledge/snippets/Progress-tracker.reference.html   containers=1  @container-targets=4   FAIL=0 WARN=0
2026-09-27T00:17:37.8293829Z   OK  knowledge/snippets/Selection-controls.reference.html containers=1  @container-targets=4   FAIL=0 WARN=0
2026-09-27T00:17:37.8294569Z   OK  e/snippets/Standing-order-mandate-row.reference.html containers=1  @container-targets=4   FAIL=0 WARN=0
2026-09-27T00:17:37.8295316Z   OK  knowledge/snippets/Status-indicator.reference.html   containers=1  @container-targets=2   FAIL=0 WARN=0
2026-09-27T00:17:37.8296018Z   OK  knowledge/snippets/Stepper.reference.html            containers=1  @container-targets=4   FAIL=0 WARN=0
2026-09-27T00:17:37.8296687Z   OK  knowledge/snippets/Table.reference.html              containers=1  @container-targets=20  FAIL=0 WARN=0
2026-09-27T00:17:37.8297646Z   OK  knowledge/snippets/Tags.reference.html               containers=1  @container-targets=2   FAIL=0 WARN=0
2026-09-27T00:17:37.8298400Z   OK  knowledge/snippets/Template-auth.reference.html      containers=1  @container-targets=4   FAIL=0 WARN=0
2026-09-27T00:17:37.8299131Z   OK  wledge/snippets/Template-confirmation.reference.html containers=1  @container-targets=1   FAIL=0 WARN=0
2026-09-27T00:17:37.8299873Z   OK  owledge/snippets/Template-create-edit.reference.html containers=1  @container-targets=7   FAIL=0 WARN=0
2026-09-27T00:17:37.8300627Z   OK  dge/snippets/Template-dashboard-bento.reference.html containers=2  @container-targets=10  FAIL=0 WARN=0
2026-09-27T00:17:37.8301374Z   OK  knowledge/snippets/Template-dashboard.reference.html containers=1  @container-targets=1   FAIL=0 WARN=0
2026-09-27T00:17:37.8302102Z   OK  knowledge/snippets/Template-detail.reference.html    containers=2  @container-targets=6   FAIL=0 WARN=0
2026-09-27T00:17:37.8302832Z   OK  knowledge/snippets/Template-empty.reference.html     containers=1  @container-targets=1   FAIL=0 WARN=0
2026-09-27T00:17:37.8303550Z   OK  knowledge/snippets/Template-error.reference.html     containers=1  @container-targets=1   FAIL=0 WARN=0
2026-09-27T00:17:37.8304272Z   OK  nowledge/snippets/Template-list-index.reference.html containers=1  @container-targets=3   FAIL=0 WARN=0
2026-09-27T00:17:37.8305011Z   OK  knowledge/snippets/Template-report.reference.html    containers=1  @container-targets=1   FAIL=0 WARN=0
2026-09-27T00:17:37.8305740Z   OK  knowledge/snippets/Template-settings.reference.html  containers=2  @container-targets=3   FAIL=0 WARN=0
2026-09-27T00:17:37.8306467Z   OK  knowledge/snippets/Template-wizard.reference.html    containers=1  @container-targets=11  FAIL=0 WARN=0
2026-09-27T00:17:37.8307171Z   OK  knowledge/snippets/Timeline.reference.html           containers=1  @container-targets=0   FAIL=0 WARN=0
2026-09-27T00:17:37.8308367Z   OK  knowledge/snippets/Transaction-row.reference.html    containers=1  @container-targets=6   FAIL=0 WARN=0
2026-09-27T00:17:37.8309096Z   OK  knowledge/snippets/Transfer-list.reference.html      containers=1  @container-targets=2   FAIL=0 WARN=0
2026-09-27T00:17:37.8309955Z P-7 container self-query scan: 137 file(s) over ['knowledge/snippets/*.reference.html'] · 0 finding(s) · 0 WARN-tier
2026-09-27T00:17:37.8310511Z PROBE P-7 — findings=0
2026-09-27T00:17:37.8311108Z --- rc=0 findings=0 · /home/runner/work/UX-design/UX-design/knowledge/_probe_registry/probe_container_self_query.py --check
2026-09-27T00:17:37.8311581Z 
2026-09-27T00:17:37.8311766Z === P-8 · dangling-var TEXT scan (no browser) [sandbox]
2026-09-27T00:17:37.8312434Z P-8 dangling-var TEXT scan: 137 file(s) over ['knowledge/snippets/*.reference.html'] · 0 finding(s) in 0 file(s) · by kind {}
2026-09-27T00:17:37.8313034Z PROBE P-8 — findings=0
2026-09-27T00:17:37.8313619Z --- rc=0 findings=0 · /home/runner/work/UX-design/UX-design/knowledge/_probe_registry/probe_dangling_var_text.py --check
2026-09-27T00:17:37.8314073Z 
2026-09-27T00:17:37.8314206Z ==============================================================================
2026-09-27T00:17:37.8314526Z REGISTRY RUN SUMMARY (8 probe(s))
2026-09-27T00:17:37.8314798Z id     env             rc    findings  class
2026-09-27T00:17:37.8315139Z P-1    sandbox         1     13        meta vs meta.schema.json drift
2026-09-27T00:17:37.8315577Z P-2    sandbox         0     0         duplicate id + unresolved IDREF in review pages
2026-09-27T00:17:37.8316065Z P-3    sandbox-render  77    REFUSED   dangling var renders silent black (dataviz)
2026-09-27T00:17:37.8316572Z P-4    sandbox         1     85        premise vs store disagreement (stale carried state)
2026-09-27T00:17:37.8317032Z P-5    sandbox         0     0         stale carried figure vs live measurement
2026-09-27T00:17:37.8317817Z P-6    sandbox-render  77    REFUSED   browser begins ENACTING text-box-trim inside form controls (library-wide field shift, no commit)
2026-09-27T00:17:37.8318567Z P-7    sandbox         0     0         @container rule aimed at its own container (the rule can never fire)
2026-09-27T00:17:37.8319307Z P-8    sandbox         0     0         dangling var(--x) — the property is declared nowhere reachable in the file (TEXT tier)
2026-09-27T00:17:37.8319942Z ⚠ 2 probe(s) reported findings, an UNKNOWN count, or a non-zero rc.
2026-09-27T00:17:37.8320215Z 
2026-09-27T00:17:37.8320528Z ⛔ COULD-NOT-ASK (2) — these probes did NOT run, and this run says NOTHING about their class.
2026-09-27T00:17:37.8321109Z    They do not fail this run; they also do not pass. Each line is the probe's OWN reason:
2026-09-27T00:17:37.8321565Z    [P-3] dangling var renders silent black (dataviz)
2026-09-27T00:17:37.8322993Z        COULD-NOT-ASK: P-3 dangling-var PIXEL test — NOT-IN-THIS-ENVIRONMENT: playwright is not importable. Stage it per knowledge/_RUNBOOK-render-verify.md (PYTHONPATH=/var/tmp/pylibs). REFUSED — not a pass.
2026-09-27T00:17:37.8326733Z    [P-6] browser begins ENACTING text-box-trim inside form controls (library-wide field shift, no commit)
2026-09-27T00:17:37.8329228Z        COULD-NOT-ASK: P-6 text-box-trim enactment canary — NOT-IN-THIS-ENVIRONMENT: playwright is not importable. Stage it per knowledge/_RUNBOOK-render-verify.md (PYTHONPATH=/var/tmp/pylibs-<n>). REFUSED — not a pass.
2026-09-27T00:17:37.8331795Z ⛔ A green registry run proves THE PROBES RAN, not that the tree is clean. Each probe's `blind` field says what it cannot see; the verifier brief keeps free hunting mandatory for exactly that reason.
2026-09-27T00:18:09.3283851Z evidence linter: 336 row(s) from 10 file(s) · 297 mechanical
2026-09-27T00:18:09.3286742Z   ⛔ L1-1 — DEAD POINTER: evidence names `tokens/_blast-radius.json`, which does not exist on disk — a dead pointer reads as evidence. If the ABSENCE is the claim, write `absent:tokens/_blast-radius.json`; if the file lives outside the repo, use the ruled s191-D2 marker `(NON-REPO: <where>)`
2026-09-27T00:18:09.3290861Z   ⛔ L1-4 — s182-D1: MECHANICAL row (tag=PROVEN verdict=None) carries NO probeable token — no command, no existing path, no figure. Evidence: "The verbatim gate line in L1-3. ⛔ Do not quote the brief's numbers"
2026-09-27T00:18:09.3293279Z   ⛔ L1-1 — DEAD POINTER: evidence names `tokens/_blast-radius.json`, which does not exist on disk — a dead pointer reads as evidence. If the ABSENCE is the claim, write `absent:tokens/_blast-radius.json`; if the file lives outside the repo, use the ruled s191-D2 marker `(NON-REPO: <where>)`
2026-09-27T00:18:09.3295768Z   ⛔ C-2 — s182-D1: MECHANICAL row (tag=None verdict=CONFIRMED) carries NO probeable token — no command, no existing path, no figure. Evidence: 'The claim table only counted `PROPOSED` in the snippets. The brief (step 3) requires it in'
2026-09-27T00:18:09.3298211Z   ⛔ H-5 — s182-D1: MECHANICAL row (tag=None verdict=CONFIRMED) carries NO probeable token — no command, no existing path, no figure. Evidence: 'C-6 + L1-10: the six are absent from canon, the generators exist, the reconciliation is av'
2026-09-27T00:18:09.3300804Z   ⛔ W2-13 — DEAD POINTER (truncated): evidence names `notes/x.md…`, and NO path on disk starts with it — the trailing ellipsis does not make a dead pointer legal (#208 laundering hole). Write the full path, or `absent:notes/x.md` if the ABSENCE is the claim, or add the ruled `(NON-REPO: <where>)` marker
2026-09-27T00:18:09.3302323Z ── s182-D1 LINT: 6 failure(s)
2026-09-27T00:18:09.3303793Z ── SAMPLER · seed=205 · pool=230 row(s) with a command · 15 with a declared observation (always drawn) · drawn=20: G-c, W1-5, W2-3, W2-3, W46-11, WIRE-10, WIRE-11, WIRE-13, WIRE-14, WIRE-15, WIRE-18, WIRE-19, WIRE-20, WIRE-21, WIRE-3, WIRE-4, WIRE-5, WIRE-6, WIRE-8, WIRE-9
2026-09-27T00:18:09.3305526Z   ⛔ REFUSED [UNSAFE] G-c — `python3 -c "import _gate_doc_rows as g; g.unrowed(store, pop + [('2026-08-19','notes/_briefs/2026-08`
2026-09-27T00:18:09.3306340Z       `python3 -c` runs arbitrary code — cannot be judged read-only
2026-09-27T00:18:09.3307049Z   ⛔ REFUSED [DOES-NOT-TERMINATE] W1-5 — `python3 knowledge/_capture_gate.py --selftest` did not exit within 30s
2026-09-27T00:18:09.3308068Z   ⛔ REFUSED [SIDE-EFFECTS] W2-3 — `python3 knowledge/_state.py`
2026-09-27T00:18:09.3308736Z       a bare `python3` REWRITES its tracked audit output; #204 declared this exact stop. Only --check/--selftest/--dry-run forms are sampled
2026-09-27T00:18:09.3309441Z   ⛔ REFUSED [SIDE-EFFECTS] W2-3 — `python3 knowledge/_state.py`
2026-09-27T00:18:09.3310105Z       a bare `python3` REWRITES its tracked audit output; #204 declared this exact stop. Only --check/--selftest/--dry-run forms are sampled
2026-09-27T00:18:09.3311035Z   ⛔ REFUSED [SIDE-EFFECTS] W46-11 — `python3 knowledge/_memento_search.py "brief generator mint open items fences"`
2026-09-27T00:18:09.3311866Z       a bare `python3` REWRITES its tracked audit output; #204 declared this exact stop. Only --check/--selftest/--dry-run forms are sampled
2026-09-27T00:18:09.3312602Z   ⛔ REFUSED [UNSAFE] WIRE-10 — `bash knowledge/_git_commit.sh --selftest`
2026-09-27T00:18:09.3313232Z       head verb 'bash' is not on the read-only allowlist
2026-09-27T00:18:09.3313836Z   ✅ RAN WIRE-11 — `grep -c 'pat.match(s)' knowledge/_git_commit.sh` → rc=0 (matches declared + OBSERVATION)
2026-09-27T00:18:09.3314564Z   ✅ RAN WIRE-13 — `grep -c PREFIX_ACK knowledge/_git_commit.sh` → rc=0 (matches declared + OBSERVATION)
2026-09-27T00:18:09.3315255Z   ⛔ OBSERVATION MISMATCH WIRE-14 — `python3 knowledge/_build_all.py --selftest`
2026-09-27T00:18:09.3316508Z       stdout does NOT contain 'exact-ID failure routing over 127 steps' (declared expect_stdout_contains). First 120 chars of stdout: '  selftest (a): 148 registered step ID(s), each resolves to exactly one route ✓\n  selftest (b): unknown step ID refuses,'
2026-09-27T00:18:09.3318100Z   ✅ RAN WIRE-15 — `python3 knowledge/_probe_registry/_registry.py --run --probe P-3` → rc=77 (matches declared + OBSERVATION)
2026-09-27T00:18:09.3318888Z   ⛔ REFUSED [SIDE-EFFECTS] WIRE-18 — `python3 knowledge/_validate_evidence.py notes/_claims`
2026-09-27T00:18:09.3319817Z       a bare `python3` REWRITES its tracked audit output; #204 declared this exact stop. Only --check/--selftest/--dry-run forms are sampled
2026-09-27T00:18:09.3320839Z   ⛔ REFUSED [SIDE-EFFECTS] WIRE-19 — `python3 knowledge/_join_claim_tables.py notes/_claims/208-wave1-claims.jsonl notes/_claims/208-wave2`
2026-09-27T00:18:09.3321737Z       a bare `python3` REWRITES its tracked audit output; #204 declared this exact stop. Only --check/--selftest/--dry-run forms are sampled
2026-09-27T00:18:09.3322566Z   ⛔ RC MISMATCH WIRE-20 — `python3 knowledge/_governs.py --selftest` → rc=77, row declares rc=0
2026-09-27T00:18:09.3323253Z   ⛔ OBSERVATION MISMATCH WIRE-21 — `grep -c 'fetch-depth: 0' .github/workflows/gates.yml`
2026-09-27T00:18:09.3323723Z       expect_count=3 declared, command observed 4
2026-09-27T00:18:09.3324341Z   ✅ RAN WIRE-3 — `grep -c expect_stdout_contains knowledge/_claimtable.py` → rc=0 (matches declared + OBSERVATION)
2026-09-27T00:18:09.3325164Z   ✅ RAN WIRE-4 — `python3 knowledge/_validate_evidence.py --selftest` → rc=0 (matches declared + OBSERVATION)
2026-09-27T00:18:09.3325933Z   ✅ RAN WIRE-5 — `python3 knowledge/_validate_evidence.py --selftest` → rc=0 (matches declared + OBSERVATION)
2026-09-27T00:18:09.3326696Z   ✅ RAN WIRE-6 — `python3 knowledge/_validate_evidence.py --selftest` → rc=0 (matches declared + OBSERVATION)
2026-09-27T00:18:09.3327695Z   ✅ RAN WIRE-8 — `python3 knowledge/_validate_evidence.py --selftest` → rc=0 (matches declared + OBSERVATION)
2026-09-27T00:18:09.3328604Z   ⛔ REFUSED [SIDE-EFFECTS] WIRE-9 — `python3 knowledge/_validate_evidence.py notes/_claims/208-wave1-claims.jsonl notes/_claims/208-wave2`
2026-09-27T00:18:09.3329509Z       a bare `python3` REWRITES its tracked audit output; #204 declared this exact stop. Only --check/--selftest/--dry-run forms are sampled
2026-09-27T00:18:09.3330409Z ── DECLARED GAP: 9 of 20 sampled row(s) were NOT run. Refusal is the honest answer; none of them is counted as a pass.
2026-09-27T00:18:09.3331094Z ⛔ EVIDENCE GATE FAIL — 6 lint · 0 unparsed · 3 rc/observation mismatch
2026-09-27T00:18:10.3044127Z _governs: ⬛ DECLARED (#208) — ruling s202-D3 governs the BARE token `knowledge`, which is a real DIRECTORY. Before #208 it matched every path carrying a `knowledge` segment (the too-loose arm, and the reason the negative control and [13] were red); it now governs NOTHING. REACH LOST HERE. Remedy: name the files/symbols it really governs, via `_inscribe_ruling.py` — the only legal writer of _rulings.json. ⛔ That scope is Dave's call, not this gate's.
2026-09-27T00:18:10.3050039Z _governs: ⬛ DECLARED (#208) — ruling s217-D5 governs the BARE token `showroom`, which is a real DIRECTORY. Before #208 it matched every path carrying a `showroom` segment (the too-loose arm, and the reason the negative control and [13] were red); it now governs NOTHING. REACH LOST HERE. Remedy: name the files/symbols it really governs, via `_inscribe_ruling.py` — the only legal writer of _rulings.json. ⛔ That scope is Dave's call, not this gate's.
2026-09-27T00:18:10.3055187Z _governs: ⬛ DECLARED (#208) — ruling s237-D9 governs the BARE token `apollo-spider`, which is a real DIRECTORY. Before #208 it matched every path carrying a `apollo-spider` segment (the too-loose arm, and the reason the negative control and [13] were red); it now governs NOTHING. REACH LOST HERE. Remedy: name the files/symbols it really governs, via `_inscribe_ruling.py` — the only legal writer of _rulings.json. ⛔ That scope is Dave's call, not this gate's.
2026-09-27T00:18:10.3059620Z _governs: ⬛ DECLARED (#208) — ruling s238-D5 governs the BARE token `apollo-spider`, which is a real DIRECTORY. Before #208 it matched every path carrying a `apollo-spider` segment (the too-loose arm, and the reason the negative control and [13] were red); it now governs NOTHING. REACH LOST HERE. Remedy: name the files/symbols it really governs, via `_inscribe_ruling.py` — the only legal writer of _rulings.json. ⛔ That scope is Dave's call, not this gate's.
2026-09-27T00:18:10.3073019Z _governs: ⬛ DECLARED (#208) — 89 `governs` entr(ies) name a DIRECTORY with a path separator; they governed no file BEFORE #208 and govern none after (unchanged, pre-existing under-specification, not a #208 narrowing): dv-2px-separation→knowledge/snippets, opacity-primitives→knowledge/canon, opacity-primitives→knowledge/snippets, showroom-one-bar-chrome→knowledge/snippets/, showroom-one-bar-chrome→showroom/, snippets-pure-canon→knowledge/snippets/, opacity-primitives-4pct→knowledge/, ds-028→knowledge/snippets/, ds-030→knowledge/snippets/, ds-034→knowledge/snippets/, ds-035→knowledge/tokens/themes/, s114-D4→designer-skills-v1/, s114-D4→designer-skills-v2/, s114-D7→memento-package/, s135-D3→knowledge/components/, s193-D1→memento-package/, s198-D1→knowledge/tokens, s198-D2→knowledge/tokens, s199-D1→knowledge/tokens, s199-D2→knowledge/tokens, s199-D3→knowledge/tokens, s200-D1→knowledge/tokens, s200-D2→knowledge/tokens, s200-D3→knowledge/tokens, s200-D4→knowledge/tokens, s201-D1→knowledge/tokens, s201-D2→knowledge/tokens, s201-D3→knowledge/tokens, s201-D4→knowledge/tokens, s201-D5→knowledge/tokens, s202-D1→knowledge/tokens, s202-D2→knowledge/tokens, s216-D1→knowledge/tokens/themes, s217-D2→knowledge/canon, s217-D2→knowledge/tokens/themes, s217-D3→knowledge/canon, s217-D5→knowledge/canon, s219-D4→designer-skills-v1/, s219-D4→designer-skills-v2/, s219-D4→memento-package/, s219-D5→knowledge/_release/, s219-D6→knowledge/_release/, s219-D7→knowledge/_release/, s219-D7→memento-package/, s219-D8→knowledge/_release/, s219-D9→knowledge/_release/, s219-D9→apollo-spider/, s219-D10→knowledge/_release/, s219-D10→apollo-spider/, s237-D7→notes/_briefs, s245-D1→knowledge/components/, s245-D3→knowledge/components/, s245-D4→knowledge/components/, s245-D5→knowledge/components/, s245-D10→knowledge/tokens, s251-D3→knowledge/components/, s251-D4→knowledge/components/, s251-D5→knowledge/components/, s251-D6→knowledge/components/, s251-D7→knowledge/components/, s251-D8→knowledge/components/, s251-D9→knowledge/components/, s251-D10→knowledge/components/, s251-D11→knowledge/components/, s251-D12→knowledge/components/, s260-D3→knowledge/_tests/chart-engine/, s261-D1→knowledge/snippets/, s261-D1→apollo-spider/, s261-D8→showroom/, s261-D8→reviews/, s268-D1→apollo-spider/dist/, s268-D2→apollo-spider/dist/, s268-D3→apollo-spider/dist/, s268-D4→apollo-spider/dist/, s268-D6→knowledge/components/, s273-D1→knowledge/components, s273-D2→knowledge/components, s276-D1→knowledge/compliance/rules, s276-D2→knowledge/compliance/rules, s277-D4→knowledge/assets/logos/, s277-D5→knowledge/components/, s277-D7→knowledge/assets/logos/, s277-D9→knowledge/guidelines/, s277-D10→designer-skills-v2/, s277-D12→knowledge/tokens/, s278-D1→designer-skills-v2/, s279-D1→designer-skills-v2/, s279-D1→knowledge/_release/, s282-D4→knowledge/assets/logos/
2026-09-27T00:18:10.3084227Z _governs: COULD-NOT-ASK — ruling ds-034's evidence `outputs/_FINDING-canon-pri-hover-brand-mono-fork-2026-08-06-v1.md` is excluded by this repo's own .gitignore — no checkout can hold it, so whether it has rotted is UNASKABLE here; the machine that wrote it is where that question has an answer
2026-09-27T00:18:10.3086525Z _governs: COULD-NOT-ASK — ruling ds-034's evidence `outputs/_PARTITION-button-primary-2026-08-06-v1.md` is excluded by this repo's own .gitignore — no checkout can hold it, so whether it has rotted is UNASKABLE here; the machine that wrote it is where that question has an answer
2026-09-27T00:18:10.3088932Z _governs: COULD-NOT-ASK — ruling ds-035's evidence `outputs/_FINDING-canon-pri-hover-brand-mono-fork-2026-08-06-v1.md` is excluded by this repo's own .gitignore — no checkout can hold it, so whether it has rotted is UNASKABLE here; the machine that wrote it is where that question has an answer
2026-09-27T00:18:10.3090364Z _governs: SKIPPED anchor on superseded ruling s129-D1 (superseded_by s171-D1): `knowledge/_gauge_tokens.py#BOOT_FIRSTTURN_TK = 54_859`
2026-09-27T00:18:10.3091233Z _governs: SKIPPED anchor on superseded ruling s129-D1 (superseded_by s171-D1): `knowledge/_gauge_tokens.py#RE-BASED #129, 2026-08-08`
2026-09-27T00:18:10.3092255Z _governs: SKIPPED anchor on superseded ruling s129-D1 (superseded_by s171-D1): `knowledge/_capture_gate.py#if "boot" not in ln.lower():`
2026-09-27T00:18:10.3093095Z _governs: SKIPPED anchor on superseded ruling s129-D1 (superseded_by s171-D1): `notes/_GAUGE-LOG.md##### 2026-08-08 #129`
2026-09-27T00:18:10.3093991Z _governs: SKIPPED anchor on superseded ruling s129-D1 (superseded_by s171-D1): `notes/_MEMENTO-DECISIONS.md#THE BOOT FLOOR IS RE-BASED: 75,899`
2026-09-27T00:18:10.3095503Z _governs: COULD-NOT-ASK — ruling s245-D6's evidence `knowledge/_tmp/l3-245/rename-plan.json` is excluded by this repo's own .gitignore — no checkout can hold it, so whether it has rotted is UNASKABLE here; the machine that wrote it is where that question has an answer
2026-09-27T00:18:10.3096634Z   _governs.py selftest: all bites green (4 pointer(s) UNASKABLE in this checkout)
2026-09-27T00:18:10.3101646Z COULD-NOT-ASK: _governs.py --selftest — 4 evidence pointer(s) name paths this checkout cannot hold: ruling ds-034's evidence `outputs/_FINDING-canon-pri-hover-brand-mono-fork-2026-08-06-v1.md` is excluded by this repo's own .gitignore — no checkout can hold it, so whether it has rotted is UNASKABLE here; the machine that wrote it is where that question has an answer · ruling ds-034's evidence `outputs/_PARTITION-button-primary-2026-08-06-v1.md` is excluded by this repo's own .gitignore — no checkout can hold it, so whether it has rotted is UNASKABLE here; the machine that wrote it is where that question has an answer · ruling ds-035's evidence `outputs/_FINDING-canon-pri-hover-brand-mono-fork-2026-08-06-v1.md` is excluded by this repo's own .gitignore — no checkout can hold it, so whether it has rotted is UNASKABLE here; the machine that wrote it is where that question has an answer · ruling s245-D6's evidence `knowledge/_tmp/l3-245/rename-plan.json` is excluded by this repo's own .gitignore — no checkout can hold it, so whether it has rotted is UNASKABLE here; the machine that wrote it is where that question has an answer
2026-09-27T00:18:10.3815189Z frozen-release gate — 3 release(s) at 862494592c20
2026-09-27T00:18:10.3815944Z   designer-skills-v1   version v1          6 file(s)  b83d048483b7
2026-09-27T00:18:10.3816628Z   designer-skills-v2   version v2.1     1102 file(s)  ae920995c32e
2026-09-27T00:18:10.3817089Z   apollo-spider        version v1.0.13    13 file(s)  60604b8d109e
2026-09-27T00:18:10.3817560Z 
2026-09-27T00:18:10.3817896Z PASS — 3 arm(s) asked, no frozen surface moved.
2026-09-27T00:18:11.2455619Z selftest: 17 bites, 0 fail(s)
2026-09-27T00:18:12.2634413Z PASS — the manifest at knowledge/_release/_pack_manifest.json is byte-identical to a fresh generation at 08e315dca376 (1714 files, sha256 499c144ccbf84f34)
2026-09-27T00:18:12.2635033Z 
2026-09-27T00:18:12.2635420Z PARKED DUE — 5 parked item(s) are due at release-cut — python3 knowledge/_parked.py --due release-cut
2026-09-27T00:18:13.3995859Z SKIPPED — apollo-spider/dist/Apollo-Spider-v1.0.0.zip is FROZEN HISTORY (not the manifest's v1.0.13); its integrity is _gate_frozen_release.py's jurisdiction, not this arm's
2026-09-27T00:18:13.3998943Z SKIPPED — apollo-spider/dist/Apollo-Spider-v1.0.1.zip is FROZEN HISTORY (not the manifest's v1.0.13); its integrity is _gate_frozen_release.py's jurisdiction, not this arm's
2026-09-27T00:18:13.4001352Z SKIPPED — apollo-spider/dist/Apollo-Spider-v1.0.10.zip is FROZEN HISTORY (not the manifest's v1.0.13); its integrity is _gate_frozen_release.py's jurisdiction, not this arm's
2026-09-27T00:18:13.4003713Z SKIPPED — apollo-spider/dist/Apollo-Spider-v1.0.11.zip is FROZEN HISTORY (not the manifest's v1.0.13); its integrity is _gate_frozen_release.py's jurisdiction, not this arm's
2026-09-27T00:18:13.4006109Z SKIPPED — apollo-spider/dist/Apollo-Spider-v1.0.12.zip is FROZEN HISTORY (not the manifest's v1.0.13); its integrity is _gate_frozen_release.py's jurisdiction, not this arm's
2026-09-27T00:18:13.4007829Z PASS — apollo-spider/dist/Apollo-Spider-v1.0.13.zip matches the manifest at 08e315dca376
2026-09-27T00:18:13.4009656Z SKIPPED — apollo-spider/dist/Apollo-Spider-v1.0.2.zip is FROZEN HISTORY (not the manifest's v1.0.13); its integrity is _gate_frozen_release.py's jurisdiction, not this arm's
2026-09-27T00:18:13.4011705Z SKIPPED — apollo-spider/dist/Apollo-Spider-v1.0.3.zip is FROZEN HISTORY (not the manifest's v1.0.13); its integrity is _gate_frozen_release.py's jurisdiction, not this arm's
2026-09-27T00:18:13.4013669Z SKIPPED — apollo-spider/dist/Apollo-Spider-v1.0.4.zip is FROZEN HISTORY (not the manifest's v1.0.13); its integrity is _gate_frozen_release.py's jurisdiction, not this arm's
2026-09-27T00:18:13.4015624Z SKIPPED — apollo-spider/dist/Apollo-Spider-v1.0.6.zip is FROZEN HISTORY (not the manifest's v1.0.13); its integrity is _gate_frozen_release.py's jurisdiction, not this arm's
2026-09-27T00:18:13.4017806Z SKIPPED — apollo-spider/dist/Apollo-Spider-v1.0.7.zip is FROZEN HISTORY (not the manifest's v1.0.13); its integrity is _gate_frozen_release.py's jurisdiction, not this arm's
2026-09-27T00:18:13.4019835Z SKIPPED — apollo-spider/dist/Apollo-Spider-v1.0.8.zip is FROZEN HISTORY (not the manifest's v1.0.13); its integrity is _gate_frozen_release.py's jurisdiction, not this arm's
2026-09-27T00:18:13.4021757Z SKIPPED — apollo-spider/dist/Apollo-Spider-v1.0.9.zip is FROZEN HISTORY (not the manifest's v1.0.13); its integrity is _gate_frozen_release.py's jurisdiction, not this arm's
2026-09-27T00:18:13.4025638Z ❌ the manifest reads version 'v1.0.13' and NO zip in dist/ carries it (zips present: Apollo-Spider-v1.0.0.zip, Apollo-Spider-v1.0.1.zip, Apollo-Spider-v1.0.10.zip, Apollo-Spider-v1.0.11.zip, Apollo-Spider-v1.0.12.zip, Apollo-Spider-v1.0.2.zip, Apollo-Spider-v1.0.3.zip, Apollo-Spider-v1.0.4.zip, Apollo-Spider-v1.0.6.zip, Apollo-Spider-v1.0.7.zip, Apollo-Spider-v1.0.8.zip, Apollo-Spider-v1.0.9.zip) — the manifest names a release nobody baked.
2026-09-27T00:18:13.4029012Z ADVISORY — the manifest was generated at 08e315dca376; HEAD is 862494592c20, 326 commit(s) later.
2026-09-27T00:18:13.4030028Z   A pack cut now would ship the tree as it stood at 08e315dca376. That may be exactly right.
2026-09-27T00:18:13.4031046Z   ⬛ WHETHER TO RE-CUT IS DAVE'S (s219-D4(2)): a release is explicit, versioned, his word.
2026-09-27T00:18:13.4032467Z   If he says re-cut: python3 knowledge/_release/_gen_pack_manifest.py --probe --commit <sha> && python3 knowledge/_release/_gen_pack_manifest.py --manifest --commit <sha>
2026-09-27T00:18:13.4033664Z selftest: 10 bites, 0 fail(s)
2026-09-27T00:18:13.4477149Z COULD-NOT-ASK: apollo-spider/ci-template/gates.yml — PyYAML is not importable in this environment, and this gate parses the template in YAML rather than guessing at it with string matching. Install it (pip install pyyaml) — the release job in .github/workflows/gates.yml does exactly that
2026-09-27T00:18:13.4886219Z COULD-NOT-ASK: the ci-template selftest — PyYAML is not importable, and every arm below parses YAML. Install it (pip install pyyaml).
2026-09-27T00:18:13.8530078Z SKIPPED — apollo-spider/dist/Apollo-Spider-v1.0.0.zip is FROZEN HISTORY (not the manifest's v1.0.13); its integrity is _gate_frozen_release.py's jurisdiction, not this arm's
2026-09-27T00:18:13.8532468Z SKIPPED — apollo-spider/dist/Apollo-Spider-v1.0.1.zip is FROZEN HISTORY (not the manifest's v1.0.13); its integrity is _gate_frozen_release.py's jurisdiction, not this arm's
2026-09-27T00:18:13.8534700Z SKIPPED — apollo-spider/dist/Apollo-Spider-v1.0.10.zip is FROZEN HISTORY (not the manifest's v1.0.13); its integrity is _gate_frozen_release.py's jurisdiction, not this arm's
2026-09-27T00:18:13.8536525Z SKIPPED — apollo-spider/dist/Apollo-Spider-v1.0.11.zip is FROZEN HISTORY (not the manifest's v1.0.13); its integrity is _gate_frozen_release.py's jurisdiction, not this arm's
2026-09-27T00:18:13.8538621Z SKIPPED — apollo-spider/dist/Apollo-Spider-v1.0.12.zip is FROZEN HISTORY (not the manifest's v1.0.13); its integrity is _gate_frozen_release.py's jurisdiction, not this arm's
2026-09-27T00:18:13.8540022Z PASS — apollo-spider/dist/Apollo-Spider-v1.0.13.zip matches the manifest at 08e315dca376
2026-09-27T00:18:13.8541803Z SKIPPED — apollo-spider/dist/Apollo-Spider-v1.0.2.zip is FROZEN HISTORY (not the manifest's v1.0.13); its integrity is _gate_frozen_release.py's jurisdiction, not this arm's
2026-09-27T00:18:13.8543629Z SKIPPED — apollo-spider/dist/Apollo-Spider-v1.0.3.zip is FROZEN HISTORY (not the manifest's v1.0.13); its integrity is _gate_frozen_release.py's jurisdiction, not this arm's
2026-09-27T00:18:13.8545314Z SKIPPED — apollo-spider/dist/Apollo-Spider-v1.0.4.zip is FROZEN HISTORY (not the manifest's v1.0.13); its integrity is _gate_frozen_release.py's jurisdiction, not this arm's
2026-09-27T00:18:13.8546621Z SKIPPED — apollo-spider/dist/Apollo-Spider-v1.0.6.zip is FROZEN HISTORY (not the manifest's v1.0.13); its integrity is _gate_frozen_release.py's jurisdiction, not this arm's
2026-09-27T00:18:13.8548072Z SKIPPED — apollo-spider/dist/Apollo-Spider-v1.0.7.zip is FROZEN HISTORY (not the manifest's v1.0.13); its integrity is _gate_frozen_release.py's jurisdiction, not this arm's
2026-09-27T00:18:13.8549407Z SKIPPED — apollo-spider/dist/Apollo-Spider-v1.0.8.zip is FROZEN HISTORY (not the manifest's v1.0.13); its integrity is _gate_frozen_release.py's jurisdiction, not this arm's
2026-09-27T00:18:13.8550741Z SKIPPED — apollo-spider/dist/Apollo-Spider-v1.0.9.zip is FROZEN HISTORY (not the manifest's v1.0.13); its integrity is _gate_frozen_release.py's jurisdiction, not this arm's
2026-09-27T00:18:13.9179039Z ADVISORY — the manifest was generated at 08e315dca376; HEAD is 862494592c20, 326 commit(s) later.
2026-09-27T00:18:13.9179849Z   A pack cut now would ship the tree as it stood at 08e315dca376. That may be exactly right.
2026-09-27T00:18:13.9180681Z   ⬛ WHETHER TO RE-CUT IS DAVE'S (s219-D4(2)): a release is explicit, versioned, his word.
2026-09-27T00:18:13.9181569Z   If he says re-cut: python3 knowledge/_release/_gen_pack_manifest.py --probe --commit <sha> && python3 knowledge/_release/_gen_pack_manifest.py --manifest --commit <sha>
2026-09-27T00:18:14.0491771Z polarity gate (s238-D7): home knowledge/brain · rows 30 (live 30 · retired 0) · parties 68 (principle 45 · obligation 6 · ruling 2 · stub 15) · stubs declared 15 · links 21 by type challengedBy=4 explainedBy=1 resolvedBy=7 touches=9 · refusals asked: R1 R2 R3 R4 R5 — none fired
2026-09-27T00:18:14.0494669Z   quotes 21: verbatim against their source rows in notes/_subreports/assets/2026-09-02-236-R1-principles-survey/tensions.json — 21 verified (an unverifiable quote is refused, never declared — Q3 #239) · schema pinned c2c165ac126d… + 54 floors · receipt $migration verified
2026-09-27T00:18:14.0496547Z   receipts (s240-D3): ONE pointer per node — R1 register row 30 · $seed ruling id 0 · retiredBy 0
2026-09-27T00:18:14.0498415Z   RULE R-OBLIGATION: >=1 party resolves to a principles.json row whose grade is L (= OBLIGATION, s237-D1; a node type no principle can outrank, s237-D2) -> settled-by-obligation. Applied FIRST.
2026-09-27T00:18:14.0500760Z   RULE R-RESOLVED: >=1 link typed resolvedBy whose ref is a live ruling in knowledge/_rulings.json -> resolved. (237-T's R-RESOLVED read how_it_resolves prose for an id; the typed link IS that citation, migrated.)
2026-09-27T00:18:14.0501990Z   RULE R-OPEN: the complement.
2026-09-27T00:18:14.0504055Z   RULE RULE-K/RULE-D: knowable_how / disposition / ask_when / factory_default are COPIED per open row from 237-T's open-tensions.json, FLOATED — the four ask-whens are Dave's (s238-D3); this file rules nothing. `factory_default` is the GRILL's sense of default (value used because nothing was asked), not s219-D3's shipped option.
2026-09-27T00:18:14.0506210Z   status derived: settled-by-obligation 6 · resolved 4 · open 20   (237-T at its clock: 6 · 3 · 21)
2026-09-27T00:18:14.0508987Z   RULE EDGES: for each polarity, for each unordered pair of parties on DIFFERENT sides whose refs both resolve to principles.json rows (principle or obligation) -> one edge carrying the polarity id and its mediating variable. Same-side pairs produce NO edge (237-T finding 4: tn-19's three persuasion principles are one side). Stubs and rulings produce NO edge (237-T finding 3: an edge needs a register node at both ends). This is a VIEW: the node is the home (s238-D1).
2026-09-27T00:18:14.0510642Z   edges derived: 22
2026-09-27T00:18:14.0511567Z   D-DECLARE (s238-D5): a polarity's factory default is DECLARED iff it BENT AWAY FROM THE CONSERVATIVE SIDE — not all of them, not on demand.  open 20 · declared 0 · UNPROVEN 20 (conservative side not carried as data)
2026-09-27T00:18:14.0512670Z   ✓ _generated/polarity-status.json fresh (generated_at 2026-09-02T15:18:55Z, content byte-identical)
2026-09-27T00:18:14.0513419Z   ✓ _generated/polarity-edges.json fresh (generated_at 2026-09-02T15:18:55Z, content byte-identical)
2026-09-27T00:18:14.0514170Z   ✓ _generated/defaults-declaration.txt fresh (generated_at 2026-09-02T15:18:55Z, content byte-identical)
2026-09-27T00:18:14.0514874Z ✓ polarity gate GREEN — five refusals asked and none fired; generated files content-fresh
2026-09-27T00:18:22.8249668Z ====================================================================================================
2026-09-27T00:18:22.8251045Z _validate_polarities.py --selftest — every arm drives gate() on a copy of the REAL rows
2026-09-27T00:18:22.8252016Z ====================================================================================================
2026-09-27T00:18:22.8252641Z   #  result  expect    rc  named  arm
2026-09-27T00:18:22.8253227Z   1  PASS    green      0  -      CONTROL: the real 30 rows, untouched
2026-09-27T00:18:22.8254024Z   2  PASS    red        1  yes    R1 dangling PARTY ref (pr-does-not-exist)
2026-09-27T00:18:22.8254808Z   3  PASS    red        1  yes    R1 dangling LINK ref (s999-D9)
2026-09-27T00:18:22.8255524Z   4  PASS    red        1  yes    R1 link to a SUPERSEDED ruling (s129-D1, real store)
2026-09-27T00:18:22.8256299Z   5  PASS    red        1  yes    R1 PARTY that is a superseded ruling (s129-D1)
2026-09-27T00:18:22.8257549Z   6  PASS    red        1  yes    V30 R1 resolvedBy a ruling superseded in the store's PROSE only (s200-D2) (#239 Q1)
2026-09-27T00:18:22.8258758Z   7  PASS    red        1  yes    V31 R1 resolvedBy a ruling whose status says OPEN/PARKED/DEFERRED/FORKED (gauge-band) (#239 Q1)
2026-09-27T00:18:22.8260163Z   8  PASS    green      0  -      V31-control: the SAME ruling as `touches` is fine — only a resolvedBy closes (#239 Q1)
2026-09-27T00:18:22.8261070Z   9  PASS    red        1  yes    R1 SELF-PARTY (pl-01 lists itself)
2026-09-27T00:18:22.8261931Z  10  PASS    red        1  yes    R1 CIRCULAR polarity→polarity LINK (pl-01 → pl-02)
2026-09-27T00:18:22.8262806Z  11  PASS    red        1  yes    R1 CIRCULAR polarity as a PARTY of another (pl-02 on pl-01)
2026-09-27T00:18:22.8263614Z  12  PASS    red        1  yes    R1 link to a PRINCIPLE id (wrong register)
2026-09-27T00:18:22.8264322Z  13  PASS    red        1  yes    R1 undeclared STUB (st-not-declared)
2026-09-27T00:18:22.8265082Z  14  PASS    red        1  yes    R1 a declared stub REMOVED from stubs.json (pl-05's party dangles)
2026-09-27T00:18:22.8266683Z  15  PASS    red        1  yes    R1 homoglyph ref (Cyrillic а in pr-jakobs-law) — non-ASCII id
2026-09-27T00:18:22.8267666Z  16  PASS    red        1  yes    R2 UNTYPED link (type key absent)
2026-09-27T00:18:22.8268545Z  17  PASS    red        1  yes    V200 R2 UNTYPED link that is a bare string (#239 misnamed→named)
2026-09-27T00:18:22.8269471Z  18  PASS    red        1  yes    V201 R2 UNTYPED link with type null (#239 misnamed→named)
2026-09-27T00:18:22.8270342Z  19  PASS    red        1  yes    V202 R2 link type is a LIST — named, no crash (#239 Q7)
2026-09-27T00:18:22.8271024Z  20  PASS    red        1  yes    R2 UNKNOWN (fifth) link type `relatedTo`
2026-09-27T00:18:22.8271640Z  21  PASS    red        1  yes    R2 link type wrong case `ResolvedBy`
2026-09-27T00:18:22.8272220Z  22  PASS    red        1  yes    R2 link type empty string
2026-09-27T00:18:22.8272818Z  23  PASS    red        1  yes    R3 judgement field `how_it_resolves` on a node
2026-09-27T00:18:22.8273534Z  24  PASS    red        1  yes    R3 judgement field of ANOTHER name (`verdict`)
2026-09-27T00:18:22.8274235Z  25  PASS    red        1  yes    R3 judgement smuggled into a link `quote` (16 words)
2026-09-27T00:18:22.8274933Z  26  PASS    red        1  yes    R3 judgement smuggled into a party `note` (16 words)
2026-09-27T00:18:22.8275719Z  27  PASS    red        1  yes    R3 judgement field inside a PARTY object (`why`)
2026-09-27T00:18:22.8276491Z  28  PASS    red        1  yes    R3 stub with a third key (`rationale`)
2026-09-27T00:18:22.8277480Z  29  PASS    red        1  yes    R3 link quote PARAPHRASED (not verbatim in the source row)
2026-09-27T00:18:22.8278561Z  30  PASS    red        1  yes    V230 R3 party note that is a 14-word verdict, not verbatim in the source row (#239 Q5)
2026-09-27T00:18:22.8279980Z  31  PASS    red        1  yes    V231 R3 note of 44 visible words joined by U+200B — counted AND the character refused (#239 Q5)
2026-09-27T00:18:22.8281131Z  32  PASS    red        1  yes    V232 R3 mediating_variable of 300 words (#239 Q5: maxWords 25 FLOATED + verbatim)
2026-09-27T00:18:22.8282238Z  33  PASS    red        1  yes    V232b R3 mediating_variable rewritten (short, not verbatim in the source row) (#239 Q5)
2026-09-27T00:18:22.8283417Z  34  PASS    red        1  yes    V233 R3 sources[0].id that is a 300-word verdict (#239 Q5: patterned + maxWords 1)
2026-09-27T00:18:22.8284773Z  35  PASS    red        1  yes    V234 R3 stub phrase that is a 15-word verdict — not verbatim in the register (#239 Q5)
2026-09-27T00:18:22.8285887Z  36  PASS    red        1  yes    V22 R3/S stub whose phrase is one U+200B (visually empty) (#239 Q5)
2026-09-27T00:18:22.8286943Z  37  PASS    red        1  yes    V82 R3 $migration gains a nested `verdicts` map (#239 Q5: shape-fixed)
2026-09-27T00:18:22.8288300Z  38  PASS    red        1  yes    V83 R3 $description replaced by 500 words of verdict (#239 Q5: maxWords FLOATED)
2026-09-27T00:18:22.8289674Z  39  PASS    red        1  yes    V246 S-RECEIPT $migration.sha256 = 64 zeros — the receipt is verified (#239 Q5)
2026-09-27T00:18:22.8290711Z  40  PASS    red        1  yes    V247 S-RECEIPT $migration.from = a path that does not exist (#239 Q5)
2026-09-27T00:18:22.8291806Z  41  PASS    red        1  yes    V220 R3 sources repointed at _rulings.json + 13 words OF THE RULING as the quote (#239 Q3)
2026-09-27T00:18:22.8293088Z  42  PASS    red        1  yes    V300 R3 sources repointed at polarities.json itself + its own words as the quote (#239 Q3)
2026-09-27T00:18:22.8294547Z  43  PASS    red        1  yes    V222 R3 paraphrase + source pointer broken (path → nowhere): UNVERIFIABLE is refused (#239 Q3)
2026-09-27T00:18:22.8295934Z  44  PASS    red        1  yes    V93 S-ID sources[0].id with a fullwidth digit (tn-0１) — the pointer cannot be laundered (#239 Q3)
2026-09-27T00:18:22.8296862Z  45  PASS    red        1  yes    V223 R3 resolvedBy with quote "" (#239 Q3)
2026-09-27T00:18:22.8298139Z  46  PASS    red        1  yes    V224 R3 resolvedBy with the one-word quote "the" (#239 Q3: minWords 3 FLOATED)
2026-09-27T00:18:22.8299546Z  47  PASS    red        1  yes    V400 R3 resolvedBy with NO quote at all — a resolvedBy needs a receipt (#239 Q3)
2026-09-27T00:18:22.8300552Z  48  PASS    green      0  -      V400-control: a `touches` with no quote stays legal (#239 Q3)
2026-09-27T00:18:22.8301673Z  49  PASS    red        1  yes    V401 S-SOURCE pl-04's source id swapped to tn-02 — one row, one node (#239 Q3)
2026-09-27T00:18:22.8302950Z  50  PASS    red        1  yes    V402 S-SOURCE pl-01's body duplicated under pl-31 — the row is claimed twice (#239 Q3)
2026-09-27T00:18:22.8304251Z  51  PASS    red        1  yes    V244 S-SOURCE all 30 rows deleted — 30 frozen rows claimed by no node (#239 Q3)
2026-09-27T00:18:22.8305261Z  52  PASS    red        1  yes    V225 S-SOURCE a source path outside the repo (/etc/hostname) (#239 Q3)
2026-09-27T00:18:22.8306210Z  53  PASS    red        1  yes    S-FORMAT-CHAR a soft hyphen (U+00AD) inside a party ref (#239 Q5)
2026-09-27T00:18:22.8307239Z  54  PASS    red        1  yes    S-FORMAT-CHAR a right-to-left override (U+202E) in $description (#239 Q5)
2026-09-27T00:18:22.8308415Z  55  PASS    red        1  yes    S-FORMAT-CHAR a NUL (U+0000) in a stub phrase (#239 Q5)
2026-09-27T00:18:22.8309249Z  56  PASS    red        1  yes    R4 AUTHORED file at the generated path (no header)
2026-09-27T00:18:22.8310129Z  57  PASS    red        1  yes    R4 generated file HAND-EDITED under its header (self-sha breaks)
2026-09-27T00:18:22.8311117Z  58  PASS    red        1  yes    R4 AUTHORED edge file beside the homes (knowledge/brain/edges.json)
2026-09-27T00:18:22.8312080Z  59  PASS    red        1  yes    R4 STRAY second shape beside the homes (polarities-v2.json)
2026-09-27T00:18:22.8313036Z  60  PASS    red        1  yes    R4 AUTHORED file INSIDE _generated/ beside the derived three
2026-09-27T00:18:22.8314069Z  61  PASS    red        1  yes    R4 defaults-declaration.txt HAND-EDITED (a default declared by hand)
2026-09-27T00:18:22.8315359Z  62  PASS    red        1  yes    V210 R4 dotfile `.edges.json` at the brain top — dotfiles are LISTED (#239 Q6)
2026-09-27T00:18:22.8316278Z  63  PASS    red        1  yes    V211 R4 dotfile inside _generated/ (#239 Q6)
2026-09-27T00:18:22.8317223Z  64  PASS    red        1  yes    V212 R4 a half-written `.polarity-edges.json.tmp` inside _generated/ (#239 Q6)
2026-09-27T00:18:22.8318662Z  65  PASS    red        1  yes    V213 R4 an authored edge list under schema/ — schema/ is LISTED (#239 Q6)
2026-09-27T00:18:22.8319829Z  66  PASS    red        1  yes    V214 R4 a second schema under schema/ — exactly one schema (#239 Q6)
2026-09-27T00:18:22.8320730Z  67  PASS    red        1  yes    V216 R4 __pycache__/ under the home (#239 Q6)
2026-09-27T00:18:22.8321691Z  68  PASS    red        1  yes    V403 R4 polarities.json replaced by a SYMLINK to a file outside the home (#239 Q6)
2026-09-27T00:18:22.8322944Z  69  PASS    red        1  yes    V217 R4 _generated is a FILE — named at --check (#239 Q6/Q7)
2026-09-27T00:18:22.8324224Z  70  PASS    red        1  yes    V217w R4 _generated is a FILE — --write refuses by name, no crash, nothing written (#239 Q7)
2026-09-27T00:18:22.8325509Z  71  PASS    green      0  -      Q6 `.DS_Store` with Finder's magic bytes is IGNORED, declared (#239 Q6)
2026-09-27T00:18:22.8326476Z  72  PASS    red        1  yes    Q6 a JSON edge list wearing the name `.DS_Store` is refused (#239 Q6)
2026-09-27T00:18:22.8327234Z  73  PASS    red        1  yes    R5 typed `status` on a node
2026-09-27T00:18:22.8328152Z  74  PASS    red        1  yes    R5 typed status under another spelling (`derivedStatus`)
2026-09-27T00:18:22.8328864Z  75  PASS    red        1  yes    S 1 party (minItems 2)
2026-09-27T00:18:22.8329514Z  76  PASS    red        1  yes    S DUPLICATE party (same ref twice on pl-01)
2026-09-27T00:18:22.8330193Z  77  PASS    red        1  yes    S DUPLICATE polarity id
2026-09-27T00:18:22.8330802Z  78  PASS    red        1  yes    S unicode polarity id (fullwidth digit)
2026-09-27T00:18:22.8331860Z  79  PASS    red        1  yes    S party role outside the enum (`side_d`)
2026-09-27T00:18:22.8332836Z  80  PASS    red        1  yes    V42 S party role null — named S-ROLE (#239 misnamed→named)
2026-09-27T00:18:22.8333691Z  81  PASS    red        1  yes    V44 S party role is an OBJECT — named, no crash (#239 Q7)
2026-09-27T00:18:22.8334610Z  82  PASS    red        1  yes    V203 S party ref is a LIST — named, no crash (#239 Q7)
2026-09-27T00:18:22.8335505Z  83  PASS    red        1  yes    V204 S stub id is a LIST — named, no crash (#239 Q7)
2026-09-27T00:18:22.8336560Z  84  PASS    red        1  yes    V250 S sources item without `path` on a node with a quote — named, no crash (#239 Q7)
2026-09-27T00:18:22.8337924Z  85  PASS    red        1  yes    V251 S sources[0].path is an int — named, no crash (#239 Q7)
2026-09-27T00:18:22.8338748Z  86  PASS    red        1  yes    S ONE-SIDED: every party on side_a (no pull)
2026-09-27T00:18:22.8339426Z  87  PASS    red        1  yes    S mediating_variable empty
2026-09-27T00:18:22.8340420Z  88  PASS    red        1  yes    S sources missing — no receipt at all (s240-D3 re-cut of the #239 S-SCHEMA arm)
2026-09-27T00:18:22.8341284Z  89  PASS    red        1  yes    S polarities.json does not parse
2026-09-27T00:18:22.8342334Z  90  PASS    red        1  yes    V252 S polarities.json carries one non-UTF-8 byte — S-PARSE, no traceback (#239 Q7)
2026-09-27T00:18:22.8343746Z  91  PASS    red        1  yes    V110 SCHEMA parties.minItems 2→1 + a one-party row: LOOSENED named, S-MIN-PARTIES still fires (#239 Q2)
2026-09-27T00:18:22.8344940Z  92  PASS    red        1  yes    V111 SCHEMA enum widened with a fifth type + a relatedTo link (#239 Q2)
2026-09-27T00:18:22.8346016Z  93  PASS    red        1  yes    V112 SCHEMA parties.items.additionalProperties true + a `why` on a party (#239 Q2)
2026-09-27T00:18:22.8347543Z  94  PASS    red        1  yes    V310 SCHEMA sources.items.additionalProperties true + a `judgement` on a source (V's TOTAL escape) (#239 Q2)
2026-09-27T00:18:22.8348845Z  95  PASS    red        1  yes    V311 SCHEMA sources.minItems 0 + sources [] + a paraphrased quote (#239 Q2/Q3)
2026-09-27T00:18:22.8349771Z  96  PASS    red        1  yes    V312 SCHEMA note.maxWords 500 + a 64-word note (#239 Q2)
2026-09-27T00:18:22.8350720Z  97  PASS    red        1  yes    V113 SCHEMA root additionalProperties true + a `verdict` on a node (#239 Q2)
2026-09-27T00:18:22.8352165Z  98  PASS    red        1  yes    SCHEMA a new property `verdict` ADDED to the schema + used on a node — the key set is pinned (#239 Q2)
2026-09-27T00:18:22.8353516Z  99  PASS    red        1  yes    SCHEMA description-only edit — the sha PIN alone fires (#239 Q2 (b))
2026-09-27T00:18:22.8354686Z 100  PASS    red        1  yes    V256 SCHEMA `properties` is a list — named S-SCHEMA, no crash (#239 Q7)
2026-09-27T00:18:22.8355811Z 101  PASS    red        1  yes    V257 SCHEMA id.pattern is an invalid regex — named S-SCHEMA, no crash (#239 Q7)
2026-09-27T00:18:22.8356960Z 102  PASS    red        1  yes    SCHEMA: a keyword this gate does not implement (maxItems) is REFUSED, never silently ignored
2026-09-27T00:18:22.8359048Z 103  PASS    red        1  yes    BITE-THE-BITE (#239 re-cut): schema TIGHTENED to minItems 3 with the pin moved — the real 2-party rows are refused S-MIN-PARTIES: the schema still drives; only loosening is refused
2026-09-27T00:18:22.8360502Z 104  PASS    green      0  -      s240-D3 GREEN CONTROL: a NEW polarity born after R1 carries `$seed` = a real ruling id and NO `sources` — the legal form #239-F RULING-SHAPED 4 was missing (#242 lane P)
2026-09-27T00:18:22.8361443Z 105  PASS    red        1  yes    s240-D3 BREAK ARM: `$seed` names s999-D9, absent from knowledge/_rulings.json (#242)
2026-09-27T00:18:22.8362333Z 106  PASS    red        1  yes    s240-D3 BREAK ARM: BOTH receipts on one node — its R1 `sources` AND a `$seed` (the receipt is ONE POINTER PER NODE) (#242)
2026-09-27T00:18:22.8363200Z 107  PASS    red        1  yes    s240-D3 BREAK ARM: NEITHER receipt — a node with no `sources` and no `$seed` (#242)
2026-09-27T00:18:22.8364407Z 108  PASS    green      0  -      s240-D3 GREEN CONTROL: a node RETIRED by a real ruling id — it KEEPS its row and the derivation is re-run without it (#242)
2026-09-27T00:18:22.8365472Z 109  PASS    red        1  yes    s240-D3 BREAK ARM: a RETIRED node whose id still appears under _generated/ — R4-RETIRED-GENERATED by name, not just STALE (#242)
2026-09-27T00:18:22.8366305Z 110  PASS    red        1  yes    s240-D3 BREAK ARM: `retiredBy` names s999-D9, absent from knowledge/_rulings.json (#242)
2026-09-27T00:18:22.8367614Z 111  PASS    red        1  yes    s240-D3 BREAK ARM: `$seed` removed from the SCHEMA's properties — the key set is pinned, so the receipt cannot be legislated away by a schema edit (#242 Q2)
2026-09-27T00:18:22.8369489Z 112  PASS    red        1  yes    s240-D3 LEAK ARM (#242 lane P2, V2 finding 3): pl-02 retired → --write and its id is gone from every BYTE of all three generated files; replanted in the derivation's PROSE ONLY (self-consistent sha, invisible to the ROW check) → R4-RETIRED-GENERATED BY NAME. A retired id anywhere under _generated/ is a leak
2026-09-27T00:18:22.8371772Z 113  PASS    red        1  yes    s240-D3 FLOOR ARM (#242 lane P2, V2 finding 4): `sources` put BACK into the schema's `required` with the pin moved honestly — SCHEMA-LOOSENED by name (a schema may tighten a REFUSAL, never a PERMISSION), and the floor is APPLIED REGARDLESS, so the legal `$seed` node beside it is NOT S-SCHEMA
2026-09-27T00:18:22.8373658Z 114  PASS    green      0  yes    s240-D3 DROP-OUT PROOF (#242): pl-30 retired → --check names R4-RETIRED-GENERATED · --write regenerates · the node KEEPS its row in polarities.json and appears in NONE of the three generated files
2026-09-27T00:18:22.8375243Z 115  PASS    green      0  yes    s240-D3 ADD-POLARITY (#242): a BRAND-NEW polarity with a `$seed` receipt is accepted by the writer (dry-run then --write), 31 rows, gate green after — #239-F green control (e), which had no legal form
2026-09-27T00:18:22.8376787Z 116  PASS    red        1  yes    100 LITERAL (#243 s243-D1): V's 31st row (pr-fitts/pr-hick) cites a FICTIONAL R1 path notes/nowhere.json — the node names its own oracle; S-SOURCE at --write, nothing written — #239 Q3 stands
2026-09-27T00:18:22.8378183Z 117  PASS    green      0  -      100 LEGAL (#243 s243-D1): the SAME 31st row with `$seed` = s240-D3 in place of `sources` — --write green
2026-09-27T00:18:22.8379372Z 118  PASS    red        1  yes    225 LITERAL (#243 s243-D1): a NEW node pl-33 whose ONLY receipt is the foreign path /etc/hostname (V225's receipt, verbatim) — S-ID + S-SOURCE (allow-list) at --write, nothing written
2026-09-27T00:18:22.8380743Z 119  PASS    red        1  yes    225 TWO RECEIPTS (#243 s243-D1): the SAME pl-33 carrying the foreign `sources` AND `$seed` = s240-D3 — S-SOURCE (BOTH receipts: ONE POINTER PER NODE), nothing written
2026-09-27T00:18:22.8381933Z 120  PASS    green      0  -      225 LEGAL (#243 s243-D1): the SAME pl-33 reduced to ONE legal receipt — the foreign `sources` gone, `$seed` = s240-D3 — --write green
2026-09-27T00:18:22.8383053Z 121  PASS    red        1  yes    235 LITERAL (#243 s243-D1): an orphan stub whose phrase is INVENTED ('an orphan phrase') — not verbatim in the R1 register; R3-JUDGEMENT-FIELD
2026-09-27T00:18:22.8384441Z 122  PASS    green      0  -      235 LEGAL (#243 s243-D1), lane F's #239 form (a): an orphan stub — declared, never used — whose phrase is VERBATIM from ONE field of the first R1 row, read from the R1 FILE ('Familiarity says converge on') — green
2026-09-27T00:18:22.8385775Z 123  PASS    red        1  yes    248 LITERAL (#243 s243-D1): a node whose BOTH parties are declared stubs cites source path 'x' — S-SOURCE at --write, nothing written
2026-09-27T00:18:22.8386693Z 124  PASS    green      0  -      248 LEGAL (#243 s243-D1): the SAME all-stub node with `$seed` = s240-D3 — --write green
2026-09-27T00:18:22.8388352Z 125  PASS    red        1  yes    321 LITERAL (#243 s243-D1): all 30 rows DELETED, then the writer appends a `$seed` node — 30 frozen rows claimed by no node; S-SOURCE, file untouched
2026-09-27T00:18:22.8390749Z 126  PASS    green      0  -      321 LEGAL (#243 s243-D1): all 30 rows RETIRED (`retiredBy` = s240-D3) and --write green, then the writer appends the `$seed` node — 31 rows KEPT in polarities.json, no retired id in any row or byte under _generated/
2026-09-27T00:18:22.8392153Z 127  PASS    red        1  yes    326 LITERAL (#243 s243-D1): polarities.json re-indented to 2 spaces, the writer's entry cites 'selftest' as its source — S-SOURCE, file untouched
2026-09-27T00:18:22.8393252Z 128  PASS    green      0  -      326 LEGAL (#243 s243-D1): the SAME 2-space file, the SAME entry with `$seed` = s240-D3 — writer green, 31 rows, gate green after
2026-09-27T00:18:22.8394183Z 129  PASS    red        1  yes    V70 R4 generated_at in 2099 on all three derived files — a future clock is a hand edit (#239 Q4)
2026-09-27T00:18:22.8394756Z 130  PASS    red        1  yes    V71 R4 generated_at "banana" (#239 Q4)
2026-09-27T00:18:22.8395246Z 131  PASS    red        1  yes    Q4 R4 generated_at before the R1 asset's date (1999) (#239 Q4)
2026-09-27T00:18:22.8395909Z 132  PASS    red        1  yes    Q4 R4 one file's clock moved one second — the three clocks must agree (#239 Q4)
2026-09-27T00:18:22.8396573Z 133  PASS    red        1  yes    FRESHNESS: home edited, generated files not re-derived → STALE
2026-09-27T00:18:22.8397134Z 134  PASS    red        1  yes    FRESHNESS: a generated file deleted → MISSING
2026-09-27T00:18:22.8398145Z 135  PASS    red        1  yes    Q7 (#239): a check that RAISES inside gate() is NAMED S-SHAPE with its exception class — a crash is not a fail
2026-09-27T00:18:22.8398861Z 136  PASS    red        1  yes    WRITE: --write on a refused home writes NOTHING (hashes equal)
2026-09-27T00:18:22.8399457Z 137  PASS    green      0  yes    WRITE: stale → --write → fresh (rc 1 → 0 → 0)
2026-09-27T00:18:22.8400046Z 138  PASS    green      0  yes    WRITE: determinism — two writes differ only in generated_at
2026-09-27T00:18:22.8401105Z 139  PASS    green      0  yes    ADD-POLARITY: pl-30 dropped then re-added as pl-31 — dry-run leaves bytes; --write = original + one span; 30 rows; gate green after (#239: every frozen row is claimed)
2026-09-27T00:18:22.8402070Z 140  PASS    red        1  yes    ADD-POLARITY: an entry with a typed status is REFUSED by name, nothing written
2026-09-27T00:18:22.8402938Z 141  PASS    red        1  yes    V324 ADD-POLARITY: an entry whose quote has no reachable source is REFUSED (S-SOURCE + R3-QUOTE-NOT-VERBATIM), nothing written (#239 Q3)
2026-09-27T00:18:22.8404028Z 142  PASS    green      0  yes    ADD-STUB: a verbatim phrase appended textually; 3-key stub REFUSED (S-STUB-SHAPE); V328 the U+200B phrase REFUSED (S-FORMAT-CHAR), nothing written
2026-09-27T00:18:22.8405012Z 143  PASS    green      0  yes    CLI: `--check` rc 0 on the real home, rc 1 + R2-UNTYPED on the mutant (via --brain AND via POLARITY_BRAIN_DIR)
2026-09-27T00:18:22.8405734Z 144  PASS    red        2  yes    CLI: bare and unknown argv refuse with rc 2 (argv contract, #208 class)
2026-09-27T00:18:22.8406494Z 145  PASS    red        2  yes    V-A1/A2 CLI: `--dry-run --write`, `--check --write`, `--check --selftest` refuse rc 2 and write nothing (#239 argv contract)
2026-09-27T00:18:22.8407747Z 146  PASS    red        1  yes    V-D1 (#239 Q8): home ABSENT in the SOURCE repo (the store is here) → rc 1 S-SHAPE, never 77 — the build and the seam both stop
2026-09-27T00:18:22.8408815Z 147  PASS    77        77  yes    COULD-NOT-ASK: home absent AND no store (a shipped pack) → rc 77 + marker naming the path (pack classifier reads it as REPO-BOUND)
2026-09-27T00:18:22.8409924Z 148  PASS    77        77  yes    COULD-NOT-ASK: declaration source absent → 77 on a clean home, but a real refusal is STILL rc 1 first (the refusal path is not swallowed)
2026-09-27T00:18:22.8410754Z 149  PASS    red        1  yes    SELFTEST on an absent home refuses by name, no traceback (#239, V finding 16)
2026-09-27T00:18:22.8412073Z 150  PASS    green      0  yes    WIRING: STEPS has --check + --selftest rows; _git_commit.sh invokes --check on a live line, DECLARES a POLARITY_BRAIN_DIR redirect and gates the tree's own home (V-D2, #239); the seam harness stubs it
2026-09-27T00:18:22.8413062Z ----------------------------------------------------------------------------------------------------
2026-09-27T00:18:22.8414052Z arms 150 · red arms 128 (went red by name 128/128) · green arms 20 · no-fire/77 arms 2 · new #239 arms 72 · new #242 (s240-D3 receipt) arms 12 · new #243 (s243-D1 six controls) arms 13 · failures 0
2026-09-27T00:18:22.8414981Z ✓ selftest OK — control green; every refusal arm red by its name; nothing written on refusal
2026-09-27T00:18:22.8730423Z COULD-NOT-ASK: GEOMETRY: HARNESS UNAVAILABLE — playwright not importable (No module named 'playwright'). Install it with `pip install playwright && playwright install chromium`; at the seat, source knowledge/_render/seat_env.sh. This is NOT a pass.
2026-09-27T00:18:22.9191646Z COULD-NOT-ASK: OWN-SIZE: HARNESS UNAVAILABLE — playwright not importable (No module named 'playwright'). Install it with `pip install playwright && playwright install chromium`; at the seat, source knowledge/_render/seat_env.sh. This is NOT a pass.
2026-09-27T00:18:22.9232334Z 
2026-09-27T00:18:22.9232464Z 
2026-09-27T00:18:22.9233259Z === [130/148] instrument-fit selftest (advisory, ds-015) — _build_instrument_fit.py ===
2026-09-27T00:18:22.9233874Z 
2026-09-27T00:18:22.9234551Z === [131/148] instrument fit — can the gate SEE the property? (advisory, ds-015) — _build_instrument_fit.py ===
2026-09-27T00:18:22.9235526Z 
2026-09-27T00:18:22.9235983Z === [132/148] integrity lint (gate) — _build_integrity.py ===
2026-09-27T00:18:22.9236486Z 
2026-09-27T00:18:22.9237013Z ❌ integrity gate failed (exit 1) — see knowledge/_INTEGRITY-REPORT.md
2026-09-27T00:18:22.9237809Z 
2026-09-27T00:18:22.9238696Z === [133/148] could-not-ask convention selftest (#193 — the third verdict's exit code + marker) — _could_not_ask.py ===
2026-09-27T00:18:22.9239634Z 
2026-09-27T00:18:22.9240657Z === [134/148] probe registry — every historically-found defect class, re-driven (W-45, advisory) — _probe_registry/_registry.py ===
2026-09-27T00:18:22.9241888Z 
2026-09-27T00:18:22.9243228Z ⚠ advisory step 'probe registry — every historically-found defect class, re-driven (W-45, advisory)' reported findings (exit 1) — non-gating
2026-09-27T00:18:22.9244510Z 
2026-09-27T00:18:22.9245611Z === [135/148] claim-table evidence linter — s182-D1 tokens + expected observations (W-44, advisory) — _validate_evidence.py ===
2026-09-27T00:18:22.9246435Z 
2026-09-27T00:18:22.9247480Z ⚠ advisory step 'claim-table evidence linter — s182-D1 tokens + expected observations (W-44, advisory)' reported findings (exit 1) — non-gating
2026-09-27T00:18:22.9248302Z 
2026-09-27T00:18:22.9248897Z === [136/148] governs matcher selftest — the [12]/[13] trigger-index arm, named (#208 legibility) — _governs.py ===
2026-09-27T00:18:22.9249615Z 
2026-09-27T00:18:22.9250568Z ⊘ step 'governs matcher selftest — the [12]/[13] trigger-index arm, named (#208 legibility)' COULD-NOT-ASK (exit 77) — declared refusal, build continues
2026-09-27T00:18:22.9251484Z 
2026-09-27T00:18:22.9252552Z === [137/148] frozen-release gate — v1/v2 and any baked Spider surface may not move without a version bump (BLOCKING, s114-D4, built #219) — _release/_gate_frozen_release.py ===
2026-09-27T00:18:22.9253599Z 
2026-09-27T00:18:22.9254516Z === [138/148] frozen-release selftest — 11 bites on a fixture repo incl. the laundering mutant (#219) — _release/_gate_frozen_release.py ===
2026-09-27T00:18:22.9255396Z 
2026-09-27T00:18:22.9256463Z === [139/148] pack ship-list audit — the manifest is byte-identical to a fresh generation at its own commit (BLOCKING, built #219) — _release/_gate_release_audit.py ===
2026-09-27T00:18:22.9257624Z 
2026-09-27T00:18:22.9258453Z === [140/148] release-audit selftest — manifest compare + the pack arm's resting refusal (#219) — _release/_gate_release_audit.py ===
2026-09-27T00:18:22.9259542Z 
2026-09-27T00:18:22.9260587Z === [141/148] pack-side CI template — parses, ships what it calls, hides nothing (BLOCKING, built #219) — _release/_gate_ci_template.py ===
2026-09-27T00:18:22.9261422Z 
2026-09-27T00:18:22.9262407Z ⊘ step 'pack-side CI template — parses, ships what it calls, hides nothing (BLOCKING, built #219)' COULD-NOT-ASK (exit 77) — declared refusal, build continues
2026-09-27T00:18:22.9263366Z 
2026-09-27T00:18:22.9264199Z === [142/148] pack-side CI template selftest — 10 mutants incl. a smuggled continue-on-error (#219) — _release/_gate_ci_template.py ===
2026-09-27T00:18:22.9265040Z 
2026-09-27T00:18:22.9266022Z ⊘ step 'pack-side CI template selftest — 10 mutants incl. a smuggled continue-on-error (#219)' COULD-NOT-ASK (exit 77) — declared refusal, build continues
2026-09-27T00:18:22.9266985Z 
2026-09-27T00:18:22.9268274Z === [143/148] baked-pack audit — a zip in apollo-spider/dist/ must match the manifest (BLOCKING; refuses while nothing is baked) (#219) — _release/_gate_release_audit.py ===
2026-09-27T00:18:22.9269444Z 
2026-09-27T00:18:22.9270405Z === [144/148] pack ship-list drift — how far behind HEAD the manifest is (ADVISORY, ⬛ re-cutting is Dave's) (#219) — _release/_gate_release_audit.py ===
2026-09-27T00:18:22.9271288Z 
2026-09-27T00:18:22.9272262Z ⚠ advisory step 'pack ship-list drift — how far behind HEAD the manifest is (ADVISORY, ⬛ re-cutting is Dave's) (#219)' reported findings (exit 1) — non-gating
2026-09-27T00:18:22.9273202Z 
2026-09-27T00:18:22.9274219Z === [145/148] polarity gate — five refusals + content-fresh derived status/edges/declaration (BLOCKING, s238-D7, built #238) — _validate_polarities.py ===
2026-09-27T00:18:22.9275190Z 
2026-09-27T00:18:22.9276015Z === [146/148] polarity gate selftest — control + every refusal arm on a copy of the real rows (s238-D7) — _validate_polarities.py ===
2026-09-27T00:18:22.9276846Z 
2026-09-27T00:18:22.9278252Z === [147/148] geometry gate — alignment, gutters, edges, bar width, dead space, overlap, clipped text, overflow, stretch on generated pages (ADVISORY, built #304) — _validate_geometry.py ===
2026-09-27T00:18:22.9279403Z 
2026-09-27T00:18:22.9280822Z ⊘ step 'geometry gate — alignment, gutters, edges, bar width, dead space, overlap, clipped text, overflow, stretch on generated pages (ADVISORY, built #304)' COULD-NOT-ASK (exit 77) — declared refusal, build continues
2026-09-27T00:18:22.9282092Z 
2026-09-27T00:18:22.9282894Z === [148/148] own-size gate — every part at its reference size on generated pages (ADVISORY, built #304) — _validate_own_size.py ===
2026-09-27T00:18:22.9283683Z 
2026-09-27T00:18:22.9284699Z ⊘ step 'own-size gate — every part at its reference size on generated pages (ADVISORY, built #304)' COULD-NOT-ASK (exit 77) — declared refusal, build continues
2026-09-27T00:18:22.9296536Z 
2026-09-27T00:18:22.9296922Z ❌ build gate failed — see the reports above.
2026-09-27T00:18:22.9305450Z ##[error]Process completed with exit code 1.
2026-09-27T00:18:22.9335880Z ##[group]Run python3 knowledge/_tests/test_gates.py
2026-09-27T00:18:22.9336285Z [36;1mpython3 knowledge/_tests/test_gates.py[0m
2026-09-27T00:18:22.9399299Z shell: /usr/bin/bash -e {0}
2026-09-27T00:18:22.9399551Z env:
2026-09-27T00:18:22.9399819Z   pythonLocation: /opt/hostedtoolcache/Python/3.12.14/x64
2026-09-27T00:18:22.9400268Z   PKG_CONFIG_PATH: /opt/hostedtoolcache/Python/3.12.14/x64/lib/pkgconfig
2026-09-27T00:18:22.9400694Z   Python_ROOT_DIR: /opt/hostedtoolcache/Python/3.12.14/x64
2026-09-27T00:18:22.9401070Z   Python2_ROOT_DIR: /opt/hostedtoolcache/Python/3.12.14/x64
2026-09-27T00:18:22.9401450Z   Python3_ROOT_DIR: /opt/hostedtoolcache/Python/3.12.14/x64
2026-09-27T00:18:22.9401840Z   LD_LIBRARY_PATH: /opt/hostedtoolcache/Python/3.12.14/x64/lib
2026-09-27T00:18:22.9402163Z ##[endgroup]
2026-09-27T00:18:47.1137472Z gate self-test: does every gate BITE what it was built to catch?
2026-09-27T00:18:47.1138131Z 
2026-09-27T00:18:47.1138455Z   PASS  control: pristine copy passes all 6 static gates
2026-09-27T00:18:47.1139271Z   PASS  write-gate bites a bare no-args invocation
2026-09-27T00:18:47.1139763Z   PASS  write-gate control: --write proceeds
2026-09-27T00:18:47.1140359Z   PASS  radius gate's own bites run (8 longhand mutants + token controls, #221)
2026-09-27T00:18:47.1141061Z   PASS  no-hardcode gate's own bites run (8 planted + 8 clean, #221)
2026-09-27T00:18:47.1141770Z   PASS  theme-provenance report order is DERIVED, not filesystem order (#221)
2026-09-27T00:18:47.1142582Z   PASS  wiring gate's own bites run (13, incl. the widened glob + the anti-laundering arm, #221)
2026-09-27T00:18:47.1143375Z   PASS  s263-D10 rulings-page wrap check bites a stale page (4 arms, #265-B)
2026-09-27T00:18:47.1143956Z   PASS  snippet gate bites on token drift
2026-09-27T00:18:47.1144388Z   PASS  snippet gate bites on failing contrast
2026-09-27T00:18:47.1144843Z   PASS  snippet gate bites on icon 4.5 dead-zone
2026-09-27T00:18:47.1145286Z   PASS  snippet gate bites on missing focus
2026-09-27T00:18:47.1145730Z   PASS  snippet gate bites on uppercase CSS
2026-09-27T00:18:47.1146174Z   PASS  snippet gate bites on ALL-CAPS text run
2026-09-27T00:18:47.1146614Z   PASS  snippet gate bites on italics
2026-09-27T00:18:47.1147016Z   PASS  snippet gate bites on text-shadow
2026-09-27T00:18:47.1147786Z   PASS  snippet gate bites on raw red text
2026-09-27T00:18:47.1148231Z   PASS  snippet gate bites on possessive HSBC's
2026-09-27T00:18:47.1148693Z   PASS  snippet gate bites on element-type alt
2026-09-27T00:18:47.1149136Z   PASS  snippet gate bites on bare link text
2026-09-27T00:18:47.1149584Z   PASS  a11y gate bites on missing reduced-motion
2026-09-27T00:18:47.1150038Z   PASS  a11y gate bites on sub-24 target floor
2026-09-27T00:18:47.1150464Z   PASS  icon gate bites on invented path
2026-09-27T00:18:47.1150871Z   PASS  icon gate bites on shape-only icon
2026-09-27T00:18:47.1151315Z   PASS  icon gate bites on mis-twinned fill glyph
2026-09-27T00:18:47.1151768Z   PASS  coverage gate bites on orphan snippet
2026-09-27T00:18:47.1152094Z   PASS  coverage gate bites on meta w/o snippet
2026-09-27T00:18:47.1152415Z   PASS  dark-surface gate bites on flat white
2026-09-27T00:18:47.1152719Z   PASS  compose gate bites on rogue hex
2026-09-27T00:18:47.1153023Z   PASS  compose gate bites on undefined class
2026-09-27T00:18:47.1153342Z   PASS  compose gate bites on class redefinition
2026-09-27T00:18:47.1153665Z   PASS  compose gate bites on duplicate title
2026-09-27T00:18:47.1153881Z 
2026-09-27T00:18:47.1153974Z 32 test(s), 0 failure(s)
2026-09-27T00:18:47.1154376Z skipped by design: state-contrast / screen --render (need a browser; see docstring)
2026-09-27T00:18:47.1239379Z ##[group]Run python3 knowledge/_tests/test_advisory.py
2026-09-27T00:18:47.1239800Z [36;1mpython3 knowledge/_tests/test_advisory.py[0m
2026-09-27T00:18:47.1302881Z shell: /usr/bin/bash -e {0}
2026-09-27T00:18:47.1303150Z env:
2026-09-27T00:18:47.1303434Z   pythonLocation: /opt/hostedtoolcache/Python/3.12.14/x64
2026-09-27T00:18:47.1303934Z   PKG_CONFIG_PATH: /opt/hostedtoolcache/Python/3.12.14/x64/lib/pkgconfig
2026-09-27T00:18:47.1304449Z   Python_ROOT_DIR: /opt/hostedtoolcache/Python/3.12.14/x64
2026-09-27T00:18:47.1304871Z   Python2_ROOT_DIR: /opt/hostedtoolcache/Python/3.12.14/x64
2026-09-27T00:18:47.1305290Z   Python3_ROOT_DIR: /opt/hostedtoolcache/Python/3.12.14/x64
2026-09-27T00:18:47.1305718Z   LD_LIBRARY_PATH: /opt/hostedtoolcache/Python/3.12.14/x64/lib
2026-09-27T00:18:47.1306075Z ##[endgroup]
2026-09-27T00:18:47.6485014Z advisory bite-tests: 19 case(s), all bite ✅ (and none block — exit 0 throughout)
2026-09-27T00:18:47.6575689Z ##[group]Run bash knowledge/_git_commit.sh --selftest
2026-09-27T00:18:47.6576103Z [36;1mbash knowledge/_git_commit.sh --selftest[0m
2026-09-27T00:18:47.6639127Z shell: /usr/bin/bash -e {0}
2026-09-27T00:18:47.6639398Z env:
2026-09-27T00:18:47.6639685Z   pythonLocation: /opt/hostedtoolcache/Python/3.12.14/x64
2026-09-27T00:18:47.6640190Z   PKG_CONFIG_PATH: /opt/hostedtoolcache/Python/3.12.14/x64/lib/pkgconfig
2026-09-27T00:18:47.6640878Z   Python_ROOT_DIR: /opt/hostedtoolcache/Python/3.12.14/x64
2026-09-27T00:18:47.6641318Z   Python2_ROOT_DIR: /opt/hostedtoolcache/Python/3.12.14/x64
2026-09-27T00:18:47.6641786Z   Python3_ROOT_DIR: /opt/hostedtoolcache/Python/3.12.14/x64
2026-09-27T00:18:47.6642252Z   LD_LIBRARY_PATH: /opt/hostedtoolcache/Python/3.12.14/x64/lib
2026-09-27T00:18:47.6642643Z ##[endgroup]
2026-09-27T00:18:47.6885306Z — #208 msgfile-prefix gate selftest
2026-09-27T00:18:47.7079979Z   [OK]   non-wrap prefix (the #170 shape) is seen (expected 1)
2026-09-27T00:18:47.7269308Z   [OK]   WRAP prefix (the shape #170 MISSED) is seen (expected 1)
2026-09-27T00:18:47.7460891Z   [OK]   doubled non-wrap prefix counts 2 (expected 2)
2026-09-27T00:18:47.7649880Z   [OK]   wrap-into-non-wrap stack counts 2 (the hole) (expected 2)
2026-09-27T00:18:47.7838849Z   [OK]   tripled counts 3 (expected 3)
2026-09-27T00:18:47.8076330Z   [OK]   a fresh subject carries no prefix (expected 0)
2026-09-27T00:18:47.8271418Z   [OK]   session ref with no date is not a prefix (expected 0)
2026-09-27T00:18:47.8460971Z   [OK]   date with no session ref is not a prefix (expected 0)
2026-09-27T00:18:47.8647554Z   [OK]   hyphen is not the em-dash separator (expected 0)
2026-09-27T00:18:47.8831928Z   [OK]   prose mentioning a session mid-line (expected 0)
2026-09-27T00:18:47.9018899Z   [OK]   honest subject QUOTING a prior prefix mid-line (expected 1)
2026-09-27T00:18:47.9205607Z   [OK]   a quoted prefix with no prefix of its own (expected 0)
2026-09-27T00:18:47.9391108Z   [OK]   a prefix after a leading word is not a stack (expected 0)
2026-09-27T00:18:47.9405510Z   [OK]   PREFIX_ACK hatch present (declared passes, silent fails)
2026-09-27T00:18:47.9406723Z — s294-D5 push-credential expiry gate selftest (fake clock: APOLLO_FAKE_TODAY)
2026-09-27T00:18:47.9431335Z   [OK]   the stamped expiry is READ from the ledger, one place, one date (expected 2026-11-06)
2026-09-27T00:18:47.9502733Z   [OK]   far out (2026-01-01) ⇒ OK (expected OK)
2026-09-27T00:18:47.9573438Z   [OK]   15 days out (2026-10-22) ⇒ OK — the boundary is NOT off by one (expected OK)
2026-09-27T00:18:47.9651470Z   [OK]   14 days out (2026-10-23) ⇒ WARN (expected WARN)
2026-09-27T00:18:47.9725130Z   [OK]   1 day out (2026-11-05) ⇒ WARN (expected WARN)
2026-09-27T00:18:47.9795757Z   [OK]   the day itself (2026-11-06) ⇒ WARN, not yet expired (expected WARN)
2026-09-27T00:18:47.9865076Z   [OK]   one day past (2026-11-07) ⇒ EXPIRED (expected EXPIRED)
2026-09-27T00:18:47.9935460Z   [OK]   long past (2027-03-01) ⇒ EXPIRED (expected EXPIRED)
2026-09-27T00:18:48.0005016Z   [OK]   days-remaining is COMPUTED, not narrated (2026-10-30 ⇒ 7) (expected 7)
2026-09-27T00:18:48.0031372Z   [OK]   an unreadable stamp ⇒ UNREADABLE (a refusal, never a pass) (expected UNREADABLE)
2026-09-27T00:18:48.0053245Z   [OK]   with no fake clock the gate reads the REAL date (YYYY-MM-DD shape) (expected 1)
2026-09-27T00:18:48.0073894Z   [OK]   no refusal instructs pasting a credential into chat (s294-D5) (expected 0)
2026-09-27T00:18:48.0103782Z   [OK]   the credential is only TESTED, never printed (no unpiped git config remote.origin.url) (expected 0)
2026-09-27T00:18:48.0172746Z   [OK]   the expiry gate sits AFTER the credential check and BEFORE the push (expected 1)
2026-09-27T00:18:48.0173623Z ✓ selftest OK — 28 bites: 6 fire, 7 stay silent, 1 hatch present, 14 on the s294-D5 expiry gate
2026-09-27T00:18:48.0225184Z ##[group]Run python3 knowledge/_validate_evidence.py notes/_claims
2026-09-27T00:18:48.0226081Z [36;1mpython3 knowledge/_validate_evidence.py notes/_claims[0m
2026-09-27T00:18:48.0292317Z shell: /usr/bin/bash -e {0}
2026-09-27T00:18:48.0292577Z env:
2026-09-27T00:18:48.0292853Z   pythonLocation: /opt/hostedtoolcache/Python/3.12.14/x64
2026-09-27T00:18:48.0293303Z   PKG_CONFIG_PATH: /opt/hostedtoolcache/Python/3.12.14/x64/lib/pkgconfig
2026-09-27T00:18:48.0293758Z   Python_ROOT_DIR: /opt/hostedtoolcache/Python/3.12.14/x64
2026-09-27T00:18:48.0294151Z   Python2_ROOT_DIR: /opt/hostedtoolcache/Python/3.12.14/x64
2026-09-27T00:18:48.0294729Z   Python3_ROOT_DIR: /opt/hostedtoolcache/Python/3.12.14/x64
2026-09-27T00:18:48.0295147Z   LD_LIBRARY_PATH: /opt/hostedtoolcache/Python/3.12.14/x64/lib
2026-09-27T00:18:48.0295484Z ##[endgroup]
2026-09-27T00:19:19.5247602Z evidence linter: 336 row(s) from 10 file(s) · 297 mechanical
2026-09-27T00:19:19.5250365Z   ⛔ L1-1 — DEAD POINTER: evidence names `tokens/_blast-radius.json`, which does not exist on disk — a dead pointer reads as evidence. If the ABSENCE is the claim, write `absent:tokens/_blast-radius.json`; if the file lives outside the repo, use the ruled s191-D2 marker `(NON-REPO: <where>)`
2026-09-27T00:19:19.5253655Z   ⛔ L1-4 — s182-D1: MECHANICAL row (tag=PROVEN verdict=None) carries NO probeable token — no command, no existing path, no figure. Evidence: "The verbatim gate line in L1-3. ⛔ Do not quote the brief's numbers"
2026-09-27T00:19:19.5257501Z   ⛔ L1-1 — DEAD POINTER: evidence names `tokens/_blast-radius.json`, which does not exist on disk — a dead pointer reads as evidence. If the ABSENCE is the claim, write `absent:tokens/_blast-radius.json`; if the file lives outside the repo, use the ruled s191-D2 marker `(NON-REPO: <where>)`
2026-09-27T00:19:19.5261407Z   ⛔ C-2 — s182-D1: MECHANICAL row (tag=None verdict=CONFIRMED) carries NO probeable token — no command, no existing path, no figure. Evidence: 'The claim table only counted `PROPOSED` in the snippets. The brief (step 3) requires it in'
2026-09-27T00:19:19.5264498Z   ⛔ H-5 — s182-D1: MECHANICAL row (tag=None verdict=CONFIRMED) carries NO probeable token — no command, no existing path, no figure. Evidence: 'C-6 + L1-10: the six are absent from canon, the generators exist, the reconciliation is av'
2026-09-27T00:19:19.5269049Z   ⛔ W2-13 — DEAD POINTER (truncated): evidence names `notes/x.md…`, and NO path on disk starts with it — the trailing ellipsis does not make a dead pointer legal (#208 laundering hole). Write the full path, or `absent:notes/x.md` if the ABSENCE is the claim, or add the ruled `(NON-REPO: <where>)` marker
2026-09-27T00:19:19.5270973Z ── s182-D1 LINT: 6 failure(s)
2026-09-27T00:19:19.5272860Z ── SAMPLER · seed=205 · pool=230 row(s) with a command · 15 with a declared observation (always drawn) · drawn=20: G-c, W1-5, W2-3, W2-3, W46-11, WIRE-10, WIRE-11, WIRE-13, WIRE-14, WIRE-15, WIRE-18, WIRE-19, WIRE-20, WIRE-21, WIRE-3, WIRE-4, WIRE-5, WIRE-6, WIRE-8, WIRE-9
2026-09-27T00:19:19.5275057Z   ⛔ REFUSED [UNSAFE] G-c — `python3 -c "import _gate_doc_rows as g; g.unrowed(store, pop + [('2026-08-19','notes/_briefs/2026-08`
2026-09-27T00:19:19.5276205Z       `python3 -c` runs arbitrary code — cannot be judged read-only
2026-09-27T00:19:19.5278249Z   ⛔ REFUSED [DOES-NOT-TERMINATE] W1-5 — `python3 knowledge/_capture_gate.py --selftest` did not exit within 30s
2026-09-27T00:19:19.5279402Z   ⛔ REFUSED [SIDE-EFFECTS] W2-3 — `python3 knowledge/_state.py`
2026-09-27T00:19:19.5280498Z       a bare `python3` REWRITES its tracked audit output; #204 declared this exact stop. Only --check/--selftest/--dry-run forms are sampled
2026-09-27T00:19:19.5281718Z   ⛔ REFUSED [SIDE-EFFECTS] W2-3 — `python3 knowledge/_state.py`
2026-09-27T00:19:19.5282820Z       a bare `python3` REWRITES its tracked audit output; #204 declared this exact stop. Only --check/--selftest/--dry-run forms are sampled
2026-09-27T00:19:19.5284687Z   ⛔ REFUSED [SIDE-EFFECTS] W46-11 — `python3 knowledge/_memento_search.py "brief generator mint open items fences"`
2026-09-27T00:19:19.5286125Z       a bare `python3` REWRITES its tracked audit output; #204 declared this exact stop. Only --check/--selftest/--dry-run forms are sampled
2026-09-27T00:19:19.5287613Z   ⛔ REFUSED [UNSAFE] WIRE-10 — `bash knowledge/_git_commit.sh --selftest`
2026-09-27T00:19:19.5288410Z       head verb 'bash' is not on the read-only allowlist
2026-09-27T00:19:19.5289433Z   ✅ RAN WIRE-11 — `grep -c 'pat.match(s)' knowledge/_git_commit.sh` → rc=0 (matches declared + OBSERVATION)
2026-09-27T00:19:19.5290722Z   ✅ RAN WIRE-13 — `grep -c PREFIX_ACK knowledge/_git_commit.sh` → rc=0 (matches declared + OBSERVATION)
2026-09-27T00:19:19.5292056Z   ⛔ OBSERVATION MISMATCH WIRE-14 — `python3 knowledge/_build_all.py --selftest`
2026-09-27T00:19:19.5294255Z       stdout does NOT contain 'exact-ID failure routing over 127 steps' (declared expect_stdout_contains). First 120 chars of stdout: '  selftest (a): 148 registered step ID(s), each resolves to exactly one route ✓\n  selftest (b): unknown step ID refuses,'
2026-09-27T00:19:19.5296564Z   ✅ RAN WIRE-15 — `python3 knowledge/_probe_registry/_registry.py --run --probe P-3` → rc=77 (matches declared + OBSERVATION)
2026-09-27T00:19:19.5298139Z   ⛔ REFUSED [SIDE-EFFECTS] WIRE-18 — `python3 knowledge/_validate_evidence.py notes/_claims`
2026-09-27T00:19:19.5299401Z       a bare `python3` REWRITES its tracked audit output; #204 declared this exact stop. Only --check/--selftest/--dry-run forms are sampled
2026-09-27T00:19:19.5301162Z   ⛔ REFUSED [SIDE-EFFECTS] WIRE-19 — `python3 knowledge/_join_claim_tables.py notes/_claims/208-wave1-claims.jsonl notes/_claims/208-wave2`
2026-09-27T00:19:19.5302728Z       a bare `python3` REWRITES its tracked audit output; #204 declared this exact stop. Only --check/--selftest/--dry-run forms are sampled
2026-09-27T00:19:19.5304112Z   ⛔ RC MISMATCH WIRE-20 — `python3 knowledge/_governs.py --selftest` → rc=77, row declares rc=0
2026-09-27T00:19:19.5305268Z   ⛔ OBSERVATION MISMATCH WIRE-21 — `grep -c 'fetch-depth: 0' .github/workflows/gates.yml`
2026-09-27T00:19:19.5306047Z       expect_count=3 declared, command observed 4
2026-09-27T00:19:19.5307038Z   ✅ RAN WIRE-3 — `grep -c expect_stdout_contains knowledge/_claimtable.py` → rc=0 (matches declared + OBSERVATION)
2026-09-27T00:19:19.5308503Z   ✅ RAN WIRE-4 — `python3 knowledge/_validate_evidence.py --selftest` → rc=0 (matches declared + OBSERVATION)
2026-09-27T00:19:19.5309906Z   ✅ RAN WIRE-5 — `python3 knowledge/_validate_evidence.py --selftest` → rc=0 (matches declared + OBSERVATION)
2026-09-27T00:19:19.5311162Z   ✅ RAN WIRE-6 — `python3 knowledge/_validate_evidence.py --selftest` → rc=0 (matches declared + OBSERVATION)
2026-09-27T00:19:19.5312416Z   ✅ RAN WIRE-8 — `python3 knowledge/_validate_evidence.py --selftest` → rc=0 (matches declared + OBSERVATION)
2026-09-27T00:19:19.5313955Z   ⛔ REFUSED [SIDE-EFFECTS] WIRE-9 — `python3 knowledge/_validate_evidence.py notes/_claims/208-wave1-claims.jsonl notes/_claims/208-wave2`
2026-09-27T00:19:19.5315534Z       a bare `python3` REWRITES its tracked audit output; #204 declared this exact stop. Only --check/--selftest/--dry-run forms are sampled
2026-09-27T00:19:19.5317130Z ── DECLARED GAP: 9 of 20 sampled row(s) were NOT run. Refusal is the honest answer; none of them is counted as a pass.
2026-09-27T00:19:19.5318476Z ⛔ EVIDENCE GATE FAIL — 6 lint · 0 unparsed · 3 rc/observation mismatch
2026-09-27T00:19:19.5328052Z ##[error]Process completed with exit code 1.
2026-09-27T00:19:19.5358048Z ##[group]Run python3 knowledge/_gate_artefact_fresh.py --check
2026-09-27T00:19:19.5358550Z [36;1mpython3 knowledge/_gate_artefact_fresh.py --check[0m
2026-09-27T00:19:19.5420637Z shell: /usr/bin/bash -e {0}
2026-09-27T00:19:19.5420884Z env:
2026-09-27T00:19:19.5421150Z   pythonLocation: /opt/hostedtoolcache/Python/3.12.14/x64
2026-09-27T00:19:19.5421599Z   PKG_CONFIG_PATH: /opt/hostedtoolcache/Python/3.12.14/x64/lib/pkgconfig
2026-09-27T00:19:19.5422038Z   Python_ROOT_DIR: /opt/hostedtoolcache/Python/3.12.14/x64
2026-09-27T00:19:19.5422425Z   Python2_ROOT_DIR: /opt/hostedtoolcache/Python/3.12.14/x64
2026-09-27T00:19:19.5422804Z   Python3_ROOT_DIR: /opt/hostedtoolcache/Python/3.12.14/x64
2026-09-27T00:19:19.5423191Z   LD_LIBRARY_PATH: /opt/hostedtoolcache/Python/3.12.14/x64/lib
2026-09-27T00:19:19.5423512Z ##[endgroup]
2026-09-27T00:20:16.8958610Z artefact-freshness comparer (⬛ ADVISORY at birth, #221) — 7 declared row(s)
2026-09-27T00:20:16.8959925Z   method: snapshot -> run the writer -> compare -> RESTORE. The tree is byte-identical
2026-09-27T00:20:16.8961141Z   either side; the md5 line below is the receipt, not a promise.
2026-09-27T00:20:16.8962290Z   ✅ _validate_a11y.py                  FRESH          byte-identical (1 artefact(s))
2026-09-27T00:20:16.8963589Z   ✅ _validate_advisory.py              FRESH          byte-identical (1 artefact(s))
2026-09-27T00:20:16.8964839Z   ✅ _validate_theme_provenance.py      FRESH          byte-identical (1 artefact(s))
2026-09-27T00:20:16.8966023Z   ✅ _build_integrity.py                FRESH          byte-identical (1 artefact(s))
2026-09-27T00:20:16.8967530Z   ✅ _build_instrument_fit.py           FRESH          byte-identical (2 artefact(s))
2026-09-27T00:20:16.8969295Z   ✅ _validate_radius.py                FRESH          byte-identical (1 artefact(s))
2026-09-27T00:20:16.8971063Z   ✅ _validate_no_hardcode.py           FRESH          byte-identical (1 artefact(s))
2026-09-27T00:20:16.8972356Z   tally: 7 FRESH · 0 STALE · 0 COULD-NOT-ASK
2026-09-27T00:20:16.8973589Z   ⬛ ADVISORY: exit 0 regardless of drift. Promotion to blocking is DAVE'S (#220-L1 ruling-shaped Q3).
2026-09-27T00:20:16.9070885Z ##[group]Run python3 knowledge/_gate_inline_style_parse.py --check
2026-09-27T00:20:16.9071783Z [36;1mpython3 knowledge/_gate_inline_style_parse.py --check[0m
2026-09-27T00:20:16.9154658Z shell: /usr/bin/bash -e {0}
2026-09-27T00:20:16.9154921Z env:
2026-09-27T00:20:16.9155196Z   pythonLocation: /opt/hostedtoolcache/Python/3.12.14/x64
2026-09-27T00:20:16.9155652Z   PKG_CONFIG_PATH: /opt/hostedtoolcache/Python/3.12.14/x64/lib/pkgconfig
2026-09-27T00:20:16.9156104Z   Python_ROOT_DIR: /opt/hostedtoolcache/Python/3.12.14/x64
2026-09-27T00:20:16.9156493Z   Python2_ROOT_DIR: /opt/hostedtoolcache/Python/3.12.14/x64
2026-09-27T00:20:16.9156887Z   Python3_ROOT_DIR: /opt/hostedtoolcache/Python/3.12.14/x64
2026-09-27T00:20:16.9157554Z   LD_LIBRARY_PATH: /opt/hostedtoolcache/Python/3.12.14/x64/lib
2026-09-27T00:20:16.9157901Z ##[endgroup]
2026-09-27T00:20:17.0681025Z inline-style parse gate (⬛ ADVISORY at birth, #221 — the #122 seed)
2026-09-27T00:20:17.0682853Z   reader: html.parser (stdlib) · population: 11 file(s) · scope: DEF-004's own property families
2026-09-27T00:20:17.0685542Z   259 style attribute(s) parsed · 0 hardcode finding(s) · 0 PARSER-ONLY (the regex is blind) · 1 REGEX-ONLY (the regex hallucinates)
2026-09-27T00:20:17.0689810Z   ⬛ REGEX-ONLY: Tranche-1-interactive.html — the tree's pattern reads this as a live style attribute; a parse of the static document does NOT. It is in a comment, a <script> string, or a text node: 'margin-top:var(--space-8)'
2026-09-27T00:20:17.0692553Z      ⚠ READ THIS CAREFULLY BEFORE ACTING ON IT — a REGEX-ONLY hit is not
2026-09-27T00:20:17.0693944Z        automatically the regex being wrong. The one on this tree today is inside a
2026-09-27T00:20:17.0695523Z        `card.innerHTML='…'` string, so the static parse is right about the DOCUMENT
2026-09-27T00:20:17.0696840Z        and the value is nonetheless real at RUNTIME. The honest conclusion is that
2026-09-27T00:20:17.0698102Z        NEITHER reader is authoritative over injected markup, and this gate reports
2026-09-27T00:20:17.0699114Z        the disagreement rather than picking a winner. [[measure-dont-convert-units]]
2026-09-27T00:20:17.0700974Z   ✅ every style attribute in the population parses, and every declaration in one is either untouched by DEF-004 or already a token.
2026-09-27T00:20:17.0702945Z   ⬛ ADVISORY: exit 0 regardless. This is ONE parser over the NARROWEST population where a parser would have caught a proved false green (#220-L1 finding 12).
2026-09-27T00:20:17.0704215Z   ⬛ Widening it to the other seven regex gates is PRICED, not built, and whether a non-stdlib CSS parser may enter the gate set is DAVE'S.
2026-09-27T00:20:17.0847004Z Post job cleanup.
2026-09-27T00:20:17.1704605Z [command]/usr/bin/git version
2026-09-27T00:20:17.1746499Z git version 2.55.0
2026-09-27T00:20:17.1818329Z Temporarily overriding HOME='/home/runner/work/_temp/e7f77758-a54a-45c1-b666-f2c40070e912' before making global git config changes
2026-09-27T00:20:17.1819754Z Adding repository directory to the temporary git global config as a safe directory
2026-09-27T00:20:17.1824964Z [command]/usr/bin/git config --global --add safe.directory /home/runner/work/UX-design/UX-design
2026-09-27T00:20:17.1856336Z Removing SSH command configuration
2026-09-27T00:20:17.1864315Z [command]/usr/bin/git config --local --name-only --get-regexp core\.sshCommand
2026-09-27T00:20:17.1902579Z [command]/usr/bin/git submodule foreach --recursive sh -c "git config --local --name-only --get-regexp 'core\.sshCommand' && git config --local --unset-all 'core.sshCommand' || :"
2026-09-27T00:20:17.2171927Z Removing HTTP extra header
2026-09-27T00:20:17.2180975Z [command]/usr/bin/git config --local --name-only --get-regexp http\.https\:\/\/github\.com\/\.extraheader
2026-09-27T00:20:17.2222998Z [command]/usr/bin/git submodule foreach --recursive sh -c "git config --local --name-only --get-regexp 'http\.https\:\/\/github\.com\/\.extraheader' && git config --local --unset-all 'http.https://github.com/.extraheader' || :"
2026-09-27T00:20:17.2493465Z Removing includeIf entries pointing to credentials config files
2026-09-27T00:20:17.2502811Z [command]/usr/bin/git config --local --name-only --get-regexp ^includeIf\.gitdir:
2026-09-27T00:20:17.2532083Z includeif.gitdir:/home/runner/work/UX-design/UX-design/.git.path
2026-09-27T00:20:17.2533323Z includeif.gitdir:/home/runner/work/UX-design/UX-design/.git/worktrees/*.path
2026-09-27T00:20:17.2534669Z includeif.gitdir:/github/workspace/.git.path
2026-09-27T00:20:17.2535616Z includeif.gitdir:/github/workspace/.git/worktrees/*.path
2026-09-27T00:20:17.2546491Z [command]/usr/bin/git config --local --get-all includeif.gitdir:/home/runner/work/UX-design/UX-design/.git.path
2026-09-27T00:20:17.2575924Z /home/runner/work/_temp/git-credentials-d18e12d0-a403-4470-9ef2-83fe0085411f.config
2026-09-27T00:20:17.2588328Z [command]/usr/bin/git config --local --unset includeif.gitdir:/home/runner/work/UX-design/UX-design/.git.path /home/runner/work/_temp/git-credentials-d18e12d0-a403-4470-9ef2-83fe0085411f.config
2026-09-27T00:20:17.2631033Z [command]/usr/bin/git config --local --get-all includeif.gitdir:/home/runner/work/UX-design/UX-design/.git/worktrees/*.path
2026-09-27T00:20:17.2658106Z /home/runner/work/_temp/git-credentials-d18e12d0-a403-4470-9ef2-83fe0085411f.config
2026-09-27T00:20:17.2669046Z [command]/usr/bin/git config --local --unset includeif.gitdir:/home/runner/work/UX-design/UX-design/.git/worktrees/*.path /home/runner/work/_temp/git-credentials-d18e12d0-a403-4470-9ef2-83fe0085411f.config
2026-09-27T00:20:17.2707075Z [command]/usr/bin/git config --local --get-all includeif.gitdir:/github/workspace/.git.path
2026-09-27T00:20:17.2732735Z /github/runner_temp/git-credentials-d18e12d0-a403-4470-9ef2-83fe0085411f.config
2026-09-27T00:20:17.2741266Z [command]/usr/bin/git config --local --unset includeif.gitdir:/github/workspace/.git.path /github/runner_temp/git-credentials-d18e12d0-a403-4470-9ef2-83fe0085411f.config
2026-09-27T00:20:17.2778189Z [command]/usr/bin/git config --local --get-all includeif.gitdir:/github/workspace/.git/worktrees/*.path
2026-09-27T00:20:17.2803470Z /github/runner_temp/git-credentials-d18e12d0-a403-4470-9ef2-83fe0085411f.config
2026-09-27T00:20:17.2815164Z [command]/usr/bin/git config --local --unset includeif.gitdir:/github/workspace/.git/worktrees/*.path /github/runner_temp/git-credentials-d18e12d0-a403-4470-9ef2-83fe0085411f.config
2026-09-27T00:20:17.2854316Z [command]/usr/bin/git submodule foreach --recursive git config --local --show-origin --name-only --get-regexp remote.origin.url
2026-09-27T00:20:17.3099756Z Removing credentials config '/home/runner/work/_temp/git-credentials-d18e12d0-a403-4470-9ef2-83fe0085411f.config'
2026-09-27T00:20:17.3247585Z Cleaning up orphan processes
