2026-09-27T08:40:35.7273145Z Current runner version: '2.337.0'
2026-09-27T08:40:35.7300931Z ##[group]Runner Image Provisioner
2026-09-27T08:40:35.7301904Z Hosted Compute Agent
2026-09-27T08:40:35.7302684Z Version: 20260828.587
2026-09-27T08:40:35.7303414Z Commit: abac92662cab4cc7352de4f9f9d2e2419aad9c29
2026-09-27T08:40:35.7304747Z Build Date: 2026-08-28T16:44:25Z
2026-09-27T08:40:35.7305523Z Worker ID: {53a0626c-82fa-464b-9d87-ee7dc150bff3}
2026-09-27T08:40:35.7306352Z Azure Region: centralus
2026-09-27T08:40:35.7307005Z ##[endgroup]
2026-09-27T08:40:35.7308738Z ##[group]Operating System
2026-09-27T08:40:35.7309561Z Ubuntu
2026-09-27T08:40:35.7310443Z 24.04.5
2026-09-27T08:40:35.7311049Z LTS
2026-09-27T08:40:35.7311624Z ##[endgroup]
2026-09-27T08:40:35.7312223Z ##[group]Runner Image
2026-09-27T08:40:35.7313051Z Image: ubuntu-24.04
2026-09-27T08:40:35.7313679Z Version: 20260920.314.1
2026-09-27T08:40:35.7315322Z Included Software: https://github.com/actions/runner-images/blob/ubuntu24/20260920.314/images/ubuntu/Ubuntu2404-Readme.md
2026-09-27T08:40:35.7317265Z Image Release: https://github.com/actions/runner-images/releases/tag/ubuntu24%2F20260920.314
2026-09-27T08:40:35.7318530Z ##[endgroup]
2026-09-27T08:40:35.7320105Z ##[group]GITHUB_TOKEN Permissions
2026-09-27T08:40:35.7322517Z Contents: read
2026-09-27T08:40:35.7323170Z Metadata: read
2026-09-27T08:40:35.7323832Z Packages: read
2026-09-27T08:40:35.7324572Z ##[endgroup]
2026-09-27T08:40:35.7326958Z Secret source: Actions
2026-09-27T08:40:35.7328026Z Cache mode: write
2026-09-27T08:40:35.7328797Z Prepare workflow directory
2026-09-27T08:40:35.7693625Z Prepare all required actions
2026-09-27T08:40:35.7739536Z Getting action download info
2026-09-27T08:40:36.0052802Z Download action repository 'actions/checkout@v6' (SHA:d23441a48e516b6c34aea4fa41551a30e30af803)
2026-09-27T08:40:36.0943126Z Download action repository 'actions/setup-python@v6' (SHA:ece7cb06caefa5fff74198d8649806c4678c61a1)
2026-09-27T08:40:36.4812005Z Complete job name: gates
2026-09-27T08:40:36.5462392Z ##[group]Run actions/checkout@v6
2026-09-27T08:40:36.5463202Z with:
2026-09-27T08:40:36.5463623Z   fetch-depth: 0
2026-09-27T08:40:36.5464145Z   repository: daveasewen/UX-design
2026-09-27T08:40:36.5467635Z   token: ***
2026-09-27T08:40:36.5468042Z   ssh-strict: true
2026-09-27T08:40:36.5468496Z   ssh-user: git
2026-09-27T08:40:36.5468932Z   persist-credentials: true
2026-09-27T08:40:36.5469397Z   clean: true
2026-09-27T08:40:36.5470081Z   sparse-checkout-cone-mode: true
2026-09-27T08:40:36.5470582Z   fetch-tags: false
2026-09-27T08:40:36.5471047Z   show-progress: true
2026-09-27T08:40:36.5471475Z   lfs: false
2026-09-27T08:40:36.5472029Z   submodules: false
2026-09-27T08:40:36.5472492Z   set-safe-directory: true
2026-09-27T08:40:36.5472975Z   allow-unsafe-pr-checkout: false
2026-09-27T08:40:36.5473617Z ##[endgroup]
2026-09-27T08:40:36.6323942Z Syncing repository: daveasewen/UX-design
2026-09-27T08:40:36.6325842Z ##[group]Getting Git version info
2026-09-27T08:40:36.6326687Z Working directory is '/home/runner/work/UX-design/UX-design'
2026-09-27T08:40:36.6327787Z [command]/usr/bin/git version
2026-09-27T08:40:36.6386823Z git version 2.55.0
2026-09-27T08:40:36.6408932Z ##[endgroup]
2026-09-27T08:40:36.6425554Z Temporarily overriding HOME='/home/runner/work/_temp/97cdffd9-6ac6-4173-8fe2-41070ba5e427' before making global git config changes
2026-09-27T08:40:36.6427567Z Adding repository directory to the temporary git global config as a safe directory
2026-09-27T08:40:36.6430103Z [command]/usr/bin/git config --global --add safe.directory /home/runner/work/UX-design/UX-design
2026-09-27T08:40:36.6470612Z Deleting the contents of '/home/runner/work/UX-design/UX-design'
2026-09-27T08:40:36.6474798Z ##[group]Determining repository object format
2026-09-27T08:40:36.6476941Z ##[endgroup]
2026-09-27T08:40:36.6477975Z ##[group]Initializing the repository
2026-09-27T08:40:36.6481303Z [command]/usr/bin/git init /home/runner/work/UX-design/UX-design
2026-09-27T08:40:36.6555288Z hint: Using 'master' as the name for the initial branch. This default branch name
2026-09-27T08:40:36.6556969Z hint: will change to "main" in Git 3.0. To configure the initial branch name
2026-09-27T08:40:36.6558629Z hint: to use in all of your new repositories, which will suppress this warning,
2026-09-27T08:40:36.6559531Z hint: call:
2026-09-27T08:40:36.6560254Z hint:
2026-09-27T08:40:36.6560935Z hint: 	git config --global init.defaultBranch <name>
2026-09-27T08:40:36.6561878Z hint:
2026-09-27T08:40:36.6562806Z hint: Names commonly chosen instead of 'master' are 'main', 'trunk' and
2026-09-27T08:40:36.6563627Z hint: 'development'. The just-created branch can be renamed via this command:
2026-09-27T08:40:36.6564288Z hint:
2026-09-27T08:40:36.6564706Z hint: 	git branch -m <name>
2026-09-27T08:40:36.6565184Z hint:
2026-09-27T08:40:36.6565830Z hint: Disable this message with "git config set advice.defaultBranchName false"
2026-09-27T08:40:36.6566928Z Initialized empty Git repository in /home/runner/work/UX-design/UX-design/.git/
2026-09-27T08:40:36.6568823Z [command]/usr/bin/git remote add origin https://github.com/daveasewen/UX-design
2026-09-27T08:40:36.6609658Z ##[endgroup]
2026-09-27T08:40:36.6610774Z ##[group]Disabling automatic garbage collection
2026-09-27T08:40:36.6613626Z [command]/usr/bin/git config --local gc.auto 0
2026-09-27T08:40:36.6639973Z ##[endgroup]
2026-09-27T08:40:36.6641348Z ##[group]Setting up auth
2026-09-27T08:40:36.6643064Z Removing SSH command configuration
2026-09-27T08:40:36.6646027Z [command]/usr/bin/git config --local --name-only --get-regexp core\.sshCommand
2026-09-27T08:40:36.6673770Z [command]/usr/bin/git submodule foreach --recursive sh -c "git config --local --name-only --get-regexp 'core\.sshCommand' && git config --local --unset-all 'core.sshCommand' || :"
2026-09-27T08:40:36.6946822Z Removing HTTP extra header
2026-09-27T08:40:36.6953712Z [command]/usr/bin/git config --local --name-only --get-regexp http\.https\:\/\/github\.com\/\.extraheader
2026-09-27T08:40:36.6984087Z [command]/usr/bin/git submodule foreach --recursive sh -c "git config --local --name-only --get-regexp 'http\.https\:\/\/github\.com\/\.extraheader' && git config --local --unset-all 'http.https://github.com/.extraheader' || :"
2026-09-27T08:40:36.7182809Z Removing includeIf entries pointing to credentials config files
2026-09-27T08:40:36.7184217Z [command]/usr/bin/git config --local --name-only --get-regexp ^includeIf\.gitdir:
2026-09-27T08:40:36.7208106Z [command]/usr/bin/git submodule foreach --recursive git config --local --show-origin --name-only --get-regexp remote.origin.url
2026-09-27T08:40:36.7369438Z [command]/usr/bin/git config --file /home/runner/work/_temp/git-credentials-b4cf0672-c6e8-49f5-9e39-50c6e82eaba5.config http.https://github.com/.extraheader AUTHORIZATION: basic ***
2026-09-27T08:40:36.7400313Z [command]/usr/bin/git config --local includeIf.gitdir:/home/runner/work/UX-design/UX-design/.git.path /home/runner/work/_temp/git-credentials-b4cf0672-c6e8-49f5-9e39-50c6e82eaba5.config
2026-09-27T08:40:36.7426448Z [command]/usr/bin/git config --local includeIf.gitdir:/home/runner/work/UX-design/UX-design/.git/worktrees/*.path /home/runner/work/_temp/git-credentials-b4cf0672-c6e8-49f5-9e39-50c6e82eaba5.config
2026-09-27T08:40:36.7454862Z [command]/usr/bin/git config --local includeIf.gitdir:/github/workspace/.git.path /github/runner_temp/git-credentials-b4cf0672-c6e8-49f5-9e39-50c6e82eaba5.config
2026-09-27T08:40:36.7485701Z [command]/usr/bin/git config --local includeIf.gitdir:/github/workspace/.git/worktrees/*.path /github/runner_temp/git-credentials-b4cf0672-c6e8-49f5-9e39-50c6e82eaba5.config
2026-09-27T08:40:36.7513925Z ##[endgroup]
2026-09-27T08:40:36.7515208Z ##[group]Fetching the repository
2026-09-27T08:40:36.7516934Z [command]/usr/bin/git -c protocol.version=2 fetch --no-tags --prune --no-recurse-submodules origin +refs/heads/*:refs/remotes/origin/* +refs/tags/*:refs/tags/*
2026-09-27T08:41:02.0992332Z From https://github.com/daveasewen/UX-design
2026-09-27T08:41:02.0993552Z  * [new branch]        master     -> origin/master
2026-09-27T08:41:02.1001185Z [command]/usr/bin/git branch --list --remote origin/master
2026-09-27T08:41:02.1023458Z   origin/master
2026-09-27T08:41:02.1030533Z [command]/usr/bin/git rev-parse refs/remotes/origin/master
2026-09-27T08:41:02.1050555Z 52049781fade1a6f464575af6ab15d457797d0cf
2026-09-27T08:41:02.1052499Z ##[endgroup]
2026-09-27T08:41:02.1053453Z ##[group]Determining the checkout info
2026-09-27T08:41:02.1054251Z ##[endgroup]
2026-09-27T08:41:02.1057915Z [command]/usr/bin/git sparse-checkout disable
2026-09-27T08:41:02.1095964Z [command]/usr/bin/git config --local --unset-all extensions.worktreeConfig
2026-09-27T08:41:02.1118651Z ##[group]Checking out the ref
2026-09-27T08:41:02.1121846Z [command]/usr/bin/git checkout --progress --force -B master refs/remotes/origin/master
2026-09-27T08:41:03.1352781Z Updating files:  18% (2230/12087)
2026-09-27T08:41:03.1840293Z Updating files:  19% (2297/12087)
2026-09-27T08:41:03.1863467Z Updating files:  20% (2418/12087)
2026-09-27T08:41:03.1887027Z Updating files:  21% (2539/12087)
2026-09-27T08:41:03.1909129Z Updating files:  22% (2660/12087)
2026-09-27T08:41:03.1931917Z Updating files:  23% (2781/12087)
2026-09-27T08:41:03.1955640Z Updating files:  24% (2901/12087)
2026-09-27T08:41:03.2306155Z Updating files:  25% (3022/12087)
2026-09-27T08:41:03.3112051Z Updating files:  26% (3143/12087)
2026-09-27T08:41:03.3802213Z Updating files:  27% (3264/12087)
2026-09-27T08:41:03.3861293Z Updating files:  28% (3385/12087)
2026-09-27T08:41:03.3955029Z Updating files:  29% (3506/12087)
2026-09-27T08:41:03.4039070Z Updating files:  30% (3627/12087)
2026-09-27T08:41:03.4179505Z Updating files:  31% (3747/12087)
2026-09-27T08:41:03.6772421Z Updating files:  32% (3868/12087)
2026-09-27T08:41:03.6949852Z Updating files:  33% (3989/12087)
2026-09-27T08:41:03.7011392Z Updating files:  34% (4110/12087)
2026-09-27T08:41:03.7650561Z Updating files:  35% (4231/12087)
2026-09-27T08:41:03.7936619Z Updating files:  36% (4352/12087)
2026-09-27T08:41:03.8302956Z Updating files:  37% (4473/12087)
2026-09-27T08:41:03.8358683Z Updating files:  38% (4594/12087)
2026-09-27T08:41:03.8503807Z Updating files:  39% (4714/12087)
2026-09-27T08:41:04.1096900Z Updating files:  40% (4835/12087)
2026-09-27T08:41:04.1248852Z Updating files:  41% (4956/12087)
2026-09-27T08:41:04.1405981Z Updating files:  41% (5007/12087)
2026-09-27T08:41:04.3181998Z Updating files:  42% (5077/12087)
2026-09-27T08:41:04.4070466Z Updating files:  43% (5198/12087)
2026-09-27T08:41:04.4438268Z Updating files:  44% (5319/12087)
2026-09-27T08:41:04.4925243Z Updating files:  45% (5440/12087)
2026-09-27T08:41:04.5543575Z Updating files:  46% (5561/12087)
2026-09-27T08:41:04.5830200Z Updating files:  47% (5681/12087)
2026-09-27T08:41:04.5891099Z Updating files:  48% (5802/12087)
2026-09-27T08:41:04.6137504Z Updating files:  49% (5923/12087)
2026-09-27T08:41:04.6233135Z Updating files:  50% (6044/12087)
2026-09-27T08:41:04.6770622Z Updating files:  51% (6165/12087)
2026-09-27T08:41:04.7498122Z Updating files:  52% (6286/12087)
2026-09-27T08:41:05.0506406Z Updating files:  53% (6407/12087)
2026-09-27T08:41:05.1259227Z Updating files:  54% (6527/12087)
2026-09-27T08:41:05.1722760Z Updating files:  54% (6596/12087)
2026-09-27T08:41:05.2748340Z Updating files:  55% (6648/12087)
2026-09-27T08:41:05.3230813Z Updating files:  56% (6769/12087)
2026-09-27T08:41:05.3511294Z Updating files:  57% (6890/12087)
2026-09-27T08:41:05.3790572Z Updating files:  58% (7011/12087)
2026-09-27T08:41:05.4568702Z Updating files:  59% (7132/12087)
2026-09-27T08:41:05.5555999Z Updating files:  60% (7253/12087)
2026-09-27T08:41:05.6147050Z Updating files:  61% (7374/12087)
2026-09-27T08:41:05.6504972Z Updating files:  62% (7494/12087)
2026-09-27T08:41:05.6654541Z Updating files:  63% (7615/12087)
2026-09-27T08:41:05.6779882Z Updating files:  64% (7736/12087)
2026-09-27T08:41:05.6978927Z Updating files:  65% (7857/12087)
2026-09-27T08:41:05.7219633Z Updating files:  66% (7978/12087)
2026-09-27T08:41:05.7410595Z Updating files:  67% (8099/12087)
2026-09-27T08:41:05.8083278Z Updating files:  68% (8220/12087)
2026-09-27T08:41:05.8897835Z Updating files:  69% (8341/12087)
2026-09-27T08:41:05.9370494Z Updating files:  70% (8461/12087)
2026-09-27T08:41:06.0315674Z Updating files:  71% (8582/12087)
2026-09-27T08:41:06.1092305Z Updating files:  72% (8703/12087)
2026-09-27T08:41:06.1242050Z Updating files:  73% (8824/12087)
2026-09-27T08:41:06.1412261Z Updating files:  73% (8862/12087)
2026-09-27T08:41:06.1779840Z Updating files:  74% (8945/12087)
2026-09-27T08:41:06.2043635Z Updating files:  75% (9066/12087)
2026-09-27T08:41:06.2260117Z Updating files:  76% (9187/12087)
2026-09-27T08:41:06.2286905Z Updating files:  77% (9307/12087)
2026-09-27T08:41:06.2827435Z Updating files:  78% (9428/12087)
2026-09-27T08:41:06.2965416Z Updating files:  79% (9549/12087)
2026-09-27T08:41:06.3107104Z Updating files:  80% (9670/12087)
2026-09-27T08:41:06.3220528Z Updating files:  81% (9791/12087)
2026-09-27T08:41:06.3316660Z Updating files:  82% (9912/12087)
2026-09-27T08:41:06.3431800Z Updating files:  83% (10033/12087)
2026-09-27T08:41:06.3823806Z Updating files:  84% (10154/12087)
2026-09-27T08:41:06.4708096Z Updating files:  85% (10274/12087)
2026-09-27T08:41:06.4737932Z Updating files:  86% (10395/12087)
2026-09-27T08:41:06.4770946Z Updating files:  87% (10516/12087)
2026-09-27T08:41:06.5063721Z Updating files:  88% (10637/12087)
2026-09-27T08:41:06.5381343Z Updating files:  89% (10758/12087)
2026-09-27T08:41:06.6009935Z Updating files:  90% (10879/12087)
2026-09-27T08:41:06.7271929Z Updating files:  91% (11000/12087)
2026-09-27T08:41:06.7883448Z Updating files:  92% (11121/12087)
2026-09-27T08:41:06.8065487Z Updating files:  93% (11241/12087)
2026-09-27T08:41:06.8233423Z Updating files:  94% (11362/12087)
2026-09-27T08:41:06.8835747Z Updating files:  95% (11483/12087)
2026-09-27T08:41:06.8960837Z Updating files:  96% (11604/12087)
2026-09-27T08:41:06.9048219Z Updating files:  97% (11725/12087)
2026-09-27T08:41:06.9246167Z Updating files:  98% (11846/12087)
2026-09-27T08:41:06.9696047Z Updating files:  99% (11967/12087)
2026-09-27T08:41:06.9697109Z Updating files: 100% (12087/12087)
2026-09-27T08:41:06.9697794Z Updating files: 100% (12087/12087), done.
2026-09-27T08:41:06.9806252Z Reset branch 'master'
2026-09-27T08:41:06.9808075Z branch 'master' set up to track 'origin/master'.
2026-09-27T08:41:06.9869370Z ##[endgroup]
2026-09-27T08:41:06.9911681Z [command]/usr/bin/git log -1 --format=%H
2026-09-27T08:41:06.9933937Z 52049781fade1a6f464575af6ab15d457797d0cf
2026-09-27T08:41:07.0146420Z ##[group]Run actions/setup-python@v6
2026-09-27T08:41:07.0146741Z with:
2026-09-27T08:41:07.0147018Z   python-version: 3.12
2026-09-27T08:41:07.0147291Z   check-latest: false
2026-09-27T08:41:07.0149487Z   token: ***
2026-09-27T08:41:07.0150060Z   update-environment: true
2026-09-27T08:41:07.0150373Z   allow-prereleases: false
2026-09-27T08:41:07.0150667Z   freethreaded: false
2026-09-27T08:41:07.0150932Z ##[endgroup]
2026-09-27T08:41:07.1268991Z ##[group]Installed versions
2026-09-27T08:41:07.1338746Z Successfully set up CPython (3.12.14)
2026-09-27T08:41:07.1339945Z ##[endgroup]
2026-09-27T08:41:07.1444409Z ##[group]Run pip install tiktoken jsonschema
2026-09-27T08:41:07.1444961Z [36;1mpip install tiktoken jsonschema[0m
2026-09-27T08:41:07.1622360Z shell: /usr/bin/bash -e {0}
2026-09-27T08:41:07.1622812Z env:
2026-09-27T08:41:07.1623333Z   pythonLocation: /opt/hostedtoolcache/Python/3.12.14/x64
2026-09-27T08:41:07.1623952Z   PKG_CONFIG_PATH: /opt/hostedtoolcache/Python/3.12.14/x64/lib/pkgconfig
2026-09-27T08:41:07.1624756Z   Python_ROOT_DIR: /opt/hostedtoolcache/Python/3.12.14/x64
2026-09-27T08:41:07.1625260Z   Python2_ROOT_DIR: /opt/hostedtoolcache/Python/3.12.14/x64
2026-09-27T08:41:07.1625839Z   Python3_ROOT_DIR: /opt/hostedtoolcache/Python/3.12.14/x64
2026-09-27T08:41:07.1626448Z   LD_LIBRARY_PATH: /opt/hostedtoolcache/Python/3.12.14/x64/lib
2026-09-27T08:41:07.1626958Z ##[endgroup]
2026-09-27T08:41:08.7029034Z Collecting tiktoken
2026-09-27T08:41:08.7952747Z   Downloading tiktoken-0.14.0-cp312-cp312-manylinux_2_28_x86_64.whl.metadata (6.7 kB)
2026-09-27T08:41:08.8210784Z Collecting jsonschema
2026-09-27T08:41:08.8361731Z   Downloading jsonschema-4.26.0-py3-none-any.whl.metadata (7.6 kB)
2026-09-27T08:41:09.1963344Z Collecting regex (from tiktoken)
2026-09-27T08:41:09.2118014Z   Downloading regex-2026.9.10-cp312-cp312-manylinux2014_x86_64.manylinux_2_17_x86_64.manylinux_2_28_x86_64.whl.metadata (40 kB)
2026-09-27T08:41:09.2497550Z Collecting requests (from tiktoken)
2026-09-27T08:41:09.2652038Z   Downloading requests-2.34.2-py3-none-any.whl.metadata (4.8 kB)
2026-09-27T08:41:09.2828112Z Collecting attrs>=22.2.0 (from jsonschema)
2026-09-27T08:41:09.2983605Z   Downloading attrs-26.1.0-py3-none-any.whl.metadata (8.8 kB)
2026-09-27T08:41:09.3168775Z Collecting jsonschema-specifications>=2023.03.6 (from jsonschema)
2026-09-27T08:41:09.3326650Z   Downloading jsonschema_specifications-2025.9.1-py3-none-any.whl.metadata (2.9 kB)
2026-09-27T08:41:09.3572963Z Collecting referencing>=0.28.4 (from jsonschema)
2026-09-27T08:41:09.3727996Z   Downloading referencing-0.37.0-py3-none-any.whl.metadata (2.8 kB)
2026-09-27T08:41:09.5803360Z Collecting rpds-py>=0.25.0 (from jsonschema)
2026-09-27T08:41:09.5956087Z   Downloading rpds_py-2026.6.3-cp312-cp312-manylinux_2_17_x86_64.manylinux2014_x86_64.whl.metadata (4.1 kB)
2026-09-27T08:41:09.6171544Z Collecting typing-extensions>=4.4.0 (from referencing>=0.28.4->jsonschema)
2026-09-27T08:41:09.6325400Z   Downloading typing_extensions-4.16.0-py3-none-any.whl.metadata (3.3 kB)
2026-09-27T08:41:09.7441244Z Collecting charset_normalizer<4,>=2 (from requests->tiktoken)
2026-09-27T08:41:09.7595619Z   Downloading charset_normalizer-3.5.1-cp312-cp312-manylinux2014_x86_64.manylinux_2_17_x86_64.manylinux_2_28_x86_64.whl.metadata (45 kB)
2026-09-27T08:41:09.7816937Z Collecting idna<4,>=2.5 (from requests->tiktoken)
2026-09-27T08:41:09.7971059Z   Downloading idna-3.20-py3-none-any.whl.metadata (7.2 kB)
2026-09-27T08:41:09.8194953Z Collecting urllib3<3,>=1.26 (from requests->tiktoken)
2026-09-27T08:41:09.8347376Z   Downloading urllib3-2.8.0-py3-none-any.whl.metadata (7.4 kB)
2026-09-27T08:41:09.8542662Z Collecting certifi>=2023.5.7 (from requests->tiktoken)
2026-09-27T08:41:09.8695509Z   Downloading certifi-2026.7.22-py3-none-any.whl.metadata (2.5 kB)
2026-09-27T08:41:09.8883023Z Downloading tiktoken-0.14.0-cp312-cp312-manylinux_2_28_x86_64.whl (1.2 MB)
2026-09-27T08:41:09.9565209Z    ━━━━━━━━━━━━━━━━━━━━━━━━━━━━━━━━━━━━━━━━ 1.2/1.2 MB 24.9 MB/s  0:00:00
2026-09-27T08:41:09.9716023Z Downloading jsonschema-4.26.0-py3-none-any.whl (90 kB)
2026-09-27T08:41:09.9885372Z Downloading attrs-26.1.0-py3-none-any.whl (67 kB)
2026-09-27T08:41:10.0053875Z Downloading jsonschema_specifications-2025.9.1-py3-none-any.whl (18 kB)
2026-09-27T08:41:10.0223632Z Downloading referencing-0.37.0-py3-none-any.whl (26 kB)
2026-09-27T08:41:10.0390094Z Downloading rpds_py-2026.6.3-cp312-cp312-manylinux_2_17_x86_64.manylinux2014_x86_64.whl (366 kB)
2026-09-27T08:41:10.0623204Z Downloading typing_extensions-4.16.0-py3-none-any.whl (45 kB)
2026-09-27T08:41:10.0957004Z Downloading regex-2026.9.10-cp312-cp312-manylinux2014_x86_64.manylinux_2_17_x86_64.manylinux_2_28_x86_64.whl (804 kB)
2026-09-27T08:41:10.1314777Z    ━━━━━━━━━━━━━━━━━━━━━━━━━━━━━━━━━━━━━━━━ 804.6/804.6 kB 16.3 MB/s  0:00:00
2026-09-27T08:41:10.1468952Z Downloading requests-2.34.2-py3-none-any.whl (73 kB)
2026-09-27T08:41:10.1644919Z Downloading charset_normalizer-3.5.1-cp312-cp312-manylinux2014_x86_64.manylinux_2_17_x86_64.manylinux_2_28_x86_64.whl (248 kB)
2026-09-27T08:41:10.1823056Z Downloading idna-3.20-py3-none-any.whl (69 kB)
2026-09-27T08:41:10.1992202Z Downloading urllib3-2.8.0-py3-none-any.whl (135 kB)
2026-09-27T08:41:10.2169198Z Downloading certifi-2026.7.22-py3-none-any.whl (136 kB)
2026-09-27T08:41:10.3595441Z Installing collected packages: urllib3, typing-extensions, rpds-py, regex, idna, charset_normalizer, certifi, attrs, requests, referencing, tiktoken, jsonschema-specifications, jsonschema
2026-09-27T08:41:10.8723876Z 
2026-09-27T08:41:10.8738809Z Successfully installed attrs-26.1.0 certifi-2026.7.22 charset_normalizer-3.5.1 idna-3.20 jsonschema-4.26.0 jsonschema-specifications-2025.9.1 referencing-0.37.0 regex-2026.9.10 requests-2.34.2 rpds-py-2026.6.3 tiktoken-0.14.0 typing-extensions-4.16.0 urllib3-2.8.0
2026-09-27T08:41:10.9455670Z ##[group]Run python3 knowledge/_build_survey.py --timeout 60
2026-09-27T08:41:10.9456213Z [36;1mpython3 knowledge/_build_survey.py --timeout 60[0m
2026-09-27T08:41:10.9495898Z shell: /usr/bin/bash -e {0}
2026-09-27T08:41:10.9496303Z env:
2026-09-27T08:41:10.9496637Z   pythonLocation: /opt/hostedtoolcache/Python/3.12.14/x64
2026-09-27T08:41:10.9497163Z   PKG_CONFIG_PATH: /opt/hostedtoolcache/Python/3.12.14/x64/lib/pkgconfig
2026-09-27T08:41:10.9497585Z   Python_ROOT_DIR: /opt/hostedtoolcache/Python/3.12.14/x64
2026-09-27T08:41:10.9497965Z   Python2_ROOT_DIR: /opt/hostedtoolcache/Python/3.12.14/x64
2026-09-27T08:41:10.9498392Z   Python3_ROOT_DIR: /opt/hostedtoolcache/Python/3.12.14/x64
2026-09-27T08:41:10.9498787Z   LD_LIBRARY_PATH: /opt/hostedtoolcache/Python/3.12.14/x64/lib
2026-09-27T08:41:10.9499142Z ##[endgroup]
2026-09-27T08:44:12.3028575Z — 152 steps read from _build_all.STEPS by ast (never imported) · per-step timeout 60s · non-mutating steps only
2026-09-27T08:44:12.3029546Z 
2026-09-27T08:44:12.3030291Z   ✅ [ 3] token blast-radius + graph report — determinism/staleness chec
2026-09-27T08:44:12.3031204Z   ✅ [ 4] token blast-radius + graph report selftest (#79 P6)
2026-09-27T08:44:12.3031938Z   ✅ [ 9] help-gate selftest — 5 mutation bites (#158 class gate)
2026-09-27T08:44:12.3032746Z   ✅ [11] assertion veracity selftest — verbs bite + registry well-forme
2026-09-27T08:44:12.3033639Z   ⊘ [13] capture/provenance selftest (Memento §4.1)  COULD-NOT-ASK
2026-09-27T08:44:12.3034386Z   ✅ [14] gauge-tokens selftest -- counting path + cache + degraded-meas
2026-09-27T08:44:12.3034998Z   ✅ [15] roll-state measurer selftest (#77 T1)
2026-09-27T08:44:12.3035630Z   ✅ [16] commit-seam harness — _git_commit.sh fixture-repo arms (#78-D1
2026-09-27T08:44:12.3036284Z   ✅ [17] GM/LS mover selftest — hardened move mechanics (M5)
2026-09-27T08:44:12.3036925Z   ✅ [18] section-usage instrumentation selftest (#23)
2026-09-27T08:44:12.3037581Z   ✅ [20] lane records determinism check (O1′ #24)
2026-09-27T08:44:12.3038334Z   ✅ [21] lane records selftest — schema refusals + routing contract (O1
2026-09-27T08:44:12.3038795Z   ✅ [26] worklist store selftest — schema presence gates incl. priority
2026-09-27T08:44:12.3039310Z   ✅ [28] decision-graph selftest — conflict gate bites on unresolved/op
2026-09-27T08:44:12.3039944Z   ✅ [29] spine-writer selftest — splice invariants + no-half-writes (#7
2026-09-27T08:44:12.3040529Z   ✅ [38] component-partials sync — AUTO-PARTIAL injection + contracts (
2026-09-27T08:44:12.3040949Z   ✅ [39] component-partials selftest (ADR-0013)
2026-09-27T08:44:12.3041376Z   ✅ [40] token-set distribution sync — AUTO-TOKENS injection (s121-D1)
2026-09-27T08:44:12.3041826Z   ✅ [41] token-set distribution selftest (s121-D1)
2026-09-27T08:44:12.3042199Z   ✅ [43] Behaviour contract selftest (ADR-0015)
2026-09-27T08:44:12.3042625Z   ✅ [45] canon components determinism check (ADR-0013 ruling 4)
2026-09-27T08:44:12.3043045Z   ✅ [47] partial-ratchet selftest (ADR-0013)
2026-09-27T08:44:12.3043456Z   ✅ [50] theme cascade sync — [data-apollo-theme] layer (ADR-0011)
2026-09-27T08:44:12.3043881Z   ✅ [51] theme cascade selftest (ADR-0014)
2026-09-27T08:44:12.3044223Z   ✅ [53] state-snap selftest (ADR-0014)
2026-09-27T08:44:12.3044648Z   ✅ [55] stale-queue selftest — 13 bites incl. both mutation directions
2026-09-27T08:44:12.3045085Z   ✅ [57] palette-tier selftest — 10 mutation bites (s157-D2)
2026-09-27T08:44:12.3045510Z   ✅ [59] showroom sync — generated component library (RULED 2026-07-21)
2026-09-27T08:44:12.3046036Z   ✅ [60] showroom URL-rebase selftest — the srcdoc base-URL trap (2026-
2026-09-27T08:44:12.3046543Z   ⊘ [61] dashboard sync — generated progress dashboard (RULED #164, bui  COULD-NOT-ASK
2026-09-27T08:44:12.3047008Z   ✅ [67] a11y target-measurement selftest (s114-D5)
2026-09-27T08:44:12.3047669Z   ✅ [70] wiring gate selftest — 4 bites
2026-09-27T08:44:12.3048100Z   ⊘ [74] state-contrast gate selftest — paint stack, report arithmetic,  COULD-NOT-ASK
2026-09-27T08:44:12.3048772Z   ✅ [76] type-composites selftest
2026-09-27T08:44:12.3049122Z   ✅ [85] KG edge gate selftest (6 bites)
2026-09-27T08:44:12.3049532Z   ✅ [86] KG token-group generator drift check — _token_nodes.json vs th
2026-09-27T08:44:12.3055853Z   ✅ [87] KG token-group generator selftest — 8 bites (s277-D12)
2026-09-27T08:44:12.3056290Z   ✅ [88] KG node-title generator drift check — _node_titles.json vs the
2026-09-27T08:44:12.3056794Z   ✅ [89] KG node-title generator selftest — 12 bites (#304 W5c)
2026-09-27T08:44:12.3057185Z   ✅ [91] Token fork-ban selftest (2-direction)
2026-09-27T08:44:12.3057611Z   ✅ [95] binds-resolve selftest — 5 bites incl. any-store clause (#146)
2026-09-27T08:44:12.3058086Z   ✅ [97] chart-intent resolve selftest — 4 bites incl. list case + abse
2026-09-27T08:44:12.3058543Z   ✅ [99] roles/answers resolve selftest — 15 bites incl. in-role priori
2026-09-27T08:44:12.3059062Z   ✅ [101] DataViz gate selftest — bite-tests dv-004 + the dtype vocabula
2026-09-27T08:44:12.3059584Z   ✅ [103] property-resolves gate C2 selftest — 4 bites + a bite-the-bite
2026-09-27T08:44:12.3060293Z   ✅ [105] dataviz var-resolution gate selftest — 8 arms incl. alias chai
2026-09-27T08:44:12.3060778Z   ✅ [107] minted-consumption selftest — 10 arms incl. both false-positiv
2026-09-27T08:44:12.3061271Z   ✅ [109] hidden-attr display selftest — 16 bites incl. the real #218 mu
2026-09-27T08:44:12.3061679Z   ✅ [114] consult tool selftest (advisory)
2026-09-27T08:44:12.3062077Z   ✅ [115] search core selftest — two-stage engine + receipt format (O2′ 
2026-09-27T08:44:12.3062515Z   ❌ [117] memento index determinism check (O2′ #25)  exit 1
2026-09-27T08:44:12.3063005Z   ✅ [118] memento index selftest — contract refusals + determinism (O2′ 
2026-09-27T08:44:12.3063484Z   ✅ [119] memento search selftest — known-answer retrieval + fetch refus
2026-09-27T08:44:12.3064341Z   ✅ [121] graph mention map determinism check (#115 step 0)
2026-09-27T08:44:12.3064824Z   ✅ [122] graph mention map selftest — hit/miss/refusal bites (#115 step
2026-09-27T08:44:12.3065293Z   ✅ [124] read chain determinism check — stale _CHAIN.md serves a PREVIO
2026-09-27T08:44:12.3065782Z   ✅ [125] read chain selftest — verbatim terms + the CUT + refusal on a 
2026-09-27T08:44:12.3066297Z   ✅ [126] GM size stamp check — a TYPED `size:` figure / drift past the 
2026-09-27T08:44:12.3066764Z   ✅ [127] GM size stamp selftest — the fixed point, the 2-cycle refusal,
2026-09-27T08:44:12.3067233Z   ✅ [129] memento schematic determinism check — a stale diagram publishe
2026-09-27T08:44:12.3067693Z   ✅ [130] memento schematic selftest — figure provenance, caption geomet
2026-09-27T08:44:12.3068222Z   ❌ [132] memento-package delta-audit selftest — mutation-tested, all 4   exit 1
2026-09-27T08:44:12.3068695Z   ✅ [134] instrument-fit selftest (advisory, ds-015)
2026-09-27T08:44:12.3069129Z   ✅ [137] could-not-ask convention selftest (#193 — the third verdict's 
2026-09-27T08:44:12.3069686Z   ⊘ [140] governs matcher selftest — the [12]/[13] trigger-index arm, na  COULD-NOT-ASK
2026-09-27T08:44:12.3070581Z   ✅ [141] frozen-release gate — v1/v2 and any baked Spider surface may n
2026-09-27T08:44:12.3071060Z   ✅ [142] frozen-release selftest — 11 bites on a fixture repo incl. the
2026-09-27T08:44:12.3071546Z   ✅ [143] pack ship-list audit — the manifest is byte-identical to a fre
2026-09-27T08:44:12.3072004Z   ✅ [144] release-audit selftest — manifest compare + the pack arm's res
2026-09-27T08:44:12.3072511Z   ⊘ [145] pack-side CI template — parses, ships what it calls, hides not  COULD-NOT-ASK
2026-09-27T08:44:12.3073075Z   ⊘ [146] pack-side CI template selftest — 10 mutants incl. a smuggled c  COULD-NOT-ASK
2026-09-27T08:44:12.3073589Z   ✅ [149] polarity gate — five refusals + content-fresh derived status/e
2026-09-27T08:44:12.3074083Z   ✅ [150] polarity gate selftest — control + every refusal arm on a copy
2026-09-27T08:44:12.3074557Z 
2026-09-27T08:44:12.3074724Z ==============================================================================
2026-09-27T08:44:12.3075459Z SURVEY: 65 pass · 2 FAIL · 6 COULD-NOT-ASK (self-declared refusals) · 0 unaskable (missing/timed out) · 79 not asked (mutating)
2026-09-27T08:44:12.3076084Z ⚠ 'not asked' is NOT 'passing' — it is excluded from the exit code, deliberately.
2026-09-27T08:44:12.3076659Z ⚠ 'COULD-NOT-ASK' is NOT 'passing' either. It is a step that named the input it could
2026-09-27T08:44:12.3077136Z   not reach, so the job does not go red for an ENVIRONMENT fact dressed as an artefact
2026-09-27T08:44:12.3077616Z   verdict (#173/#183, generalised #193). Every one is printed in full below. A step
2026-09-27T08:44:12.3078098Z   that timed out or is MISSING is a different thing and still fails: nobody asked it
2026-09-27T08:44:12.3078484Z   and it never said why.
2026-09-27T08:44:12.3078660Z 
2026-09-27T08:44:12.3078959Z THE FULL FAILURE SET (2) — this is the number no single `_build_all.py` run can tell you:
2026-09-27T08:44:12.3079253Z 
2026-09-27T08:44:12.3079428Z   [117] memento index determinism check (O2′ #25)
2026-09-27T08:44:12.3080167Z       python3 knowledge/_build_memento_index.py --check   (exit 1)
2026-09-27T08:44:12.3080583Z       (no ✗/FAIL line — see full output)
2026-09-27T08:44:12.3080756Z 
2026-09-27T08:44:12.3081035Z   [132] memento-package delta-audit selftest — mutation-tested, all 4 arms (#79)
2026-09-27T08:44:12.3081521Z       python3 knowledge/_validate_package_delta.py --selftest   (exit 1)
2026-09-27T08:44:12.3082286Z       ✗ real repo: clean (0 findings; got 4: ['VERBATIM SET: memento-package/machinery/_gen_chain.py DIFFERS from knowledge/_gen_chain.py (copy=machinery/ f
2026-09-27T08:44:12.3082921Z 
2026-09-27T08:44:12.3083223Z COULD-NOT-ASK (6) — each step's OWN words about the input it could not reach.
2026-09-27T08:44:12.3083943Z These do NOT fail the survey; they also do not pass. If one of them is here because the
2026-09-27T08:44:12.3084693Z environment is wrong rather than because the input is genuinely unreachable, FIX THE ENVIRONMENT:
2026-09-27T08:44:12.3085108Z 
2026-09-27T08:44:12.3085424Z   [13] capture/provenance selftest (Memento §4.1)
2026-09-27T08:44:12.3085907Z       python3 knowledge/_capture_gate.py --selftest   (exit 77)
2026-09-27T08:44:12.3384665Z       COULD-NOT-ASK: _capture_gate.py --selftest — 4 arm(s) read an input this checkout cannot hold — trigger index: ruling ds-034's evidence `outputs/_FINDING-canon-pri-hover-brand-mono-fork-2026-08-06-v1.md` is excluded by this repo's own .gitignore — no checkout can hold it, so whether it has rotted is UNASKABLE here; the machine that wrote it is where that question has an answer · trigger index: ruling ds-034's evidence `outputs/_PARTITION-button-primary-2026-08-06-v1.md` is excluded by this repo's own .gitignore — no checkout can hold it, so whether it has rotted is UNASKABLE here; the machine that wrote it is where that question has an answer · trigger index: ruling ds-035's evidence `outputs/_FINDING-canon-pri-hover-brand-mono-fork-2026-08-06-v1.md` is excluded by this repo's own .gitignore — no checkout can hold it, so whether it has rotted is UNASKABLE here; the machine that wrote it is where that question has an answer · trigger index: ruling s245-D6's evidence `knowledge/_tmp/l3-245/rename-plan.json` is excluded by this repo's own .gitignore — no checkout can hold it, so whether it has rotted is UNASKABLE here; the machine that wrote it is where that question has an answer ⇒ THIS IS NOT A SKIP: every other arm passed here, and these arms have their proof of record on a tree that carries the ignored artefacts (a working session's own repo), never on a bare clone.
2026-09-27T08:44:12.3388275Z 
2026-09-27T08:44:12.3388610Z   [61] dashboard sync — generated progress dashboard (RULED #164, built #165)
2026-09-27T08:44:12.3389072Z       python3 knowledge/gen_dashboard.py --check   (exit 77)
2026-09-27T08:44:12.3391904Z       COULD-NOT-ASK: dashboard/index.html — the page differs, but a live gate baked into it is reading INPUTS OUTSIDE THE COMMITTED TREE, so its verdict — and therefore this page — cannot be reproduced here: provenance names `knowledge/_tmp/l3-245/rename-plan.json`; provenance names `outputs/_FINDING-canon-pri-hover-brand-mono-fork-2026-08-06-v1.md`; provenance names `outputs/_PARTITION-button-primary-2026-08-06-v1.md`. Every one of those paths is untracked, so an environment that has them and one that does not will render different prose from the SAME commit. This is a REFUSAL, not a staleness verdict in either direction: the page's agreement with the stores is UNKNOWN here and is reported as unknown. Ask it where those inputs are present (a working tree that holds them), or commit them.
2026-09-27T08:44:12.3393983Z 
2026-09-27T08:44:12.3394271Z   [74] state-contrast gate selftest — paint stack, report arithmetic, named args
2026-09-27T08:44:12.3394851Z       python3 knowledge/_validate_state_contrast.py --selftest   (exit 77)
2026-09-27T08:44:12.3396821Z       COULD-NOT-ASK: _validate_state_contrast.py — the 'playwright' module is not installed (ModuleNotFoundError("No module named 'playwright'")) — this gate cannot be proven without it; run `pip install playwright && playwright install chromium` ⇒ THIS IS NOT A SKIP: these arms (including the s152-D1 mutation control) run BLOCKING in the `render` job of .github/workflows/gates.yml, which installs chromium — that job is where this gate's proof of record lives. Nothing here is claimed green; the question was unaskable on this box.
2026-09-27T08:44:12.3398109Z 
2026-09-27T08:44:12.3398425Z   [140] governs matcher selftest — the [12]/[13] trigger-index arm, named (#208 legibility)
2026-09-27T08:44:12.3398872Z       python3 knowledge/_governs.py --selftest   (exit 77)
2026-09-27T08:44:12.3402467Z       COULD-NOT-ASK: _governs.py --selftest — 4 evidence pointer(s) name paths this checkout cannot hold: ruling ds-034's evidence `outputs/_FINDING-canon-pri-hover-brand-mono-fork-2026-08-06-v1.md` is excluded by this repo's own .gitignore — no checkout can hold it, so whether it has rotted is UNASKABLE here; the machine that wrote it is where that question has an answer · ruling ds-034's evidence `outputs/_PARTITION-button-primary-2026-08-06-v1.md` is excluded by this repo's own .gitignore — no checkout can hold it, so whether it has rotted is UNASKABLE here; the machine that wrote it is where that question has an answer · ruling ds-035's evidence `outputs/_FINDING-canon-pri-hover-brand-mono-fork-2026-08-06-v1.md` is excluded by this repo's own .gitignore — no checkout can hold it, so whether it has rotted is UNASKABLE here; the machine that wrote it is where that question has an answer · ruling s245-D6's evidence `knowledge/_tmp/l3-245/rename-plan.json` is excluded by this repo's own .gitignore — no checkout can hold it, so whether it has rotted is UNASKABLE here; the machine that wrote it is where that question has an answer
2026-09-27T08:44:12.3405368Z 
2026-09-27T08:44:12.3405694Z   [145] pack-side CI template — parses, ships what it calls, hides nothing (BLOCKING, built #219)
2026-09-27T08:44:12.3406254Z       python3 knowledge/_release/_gate_ci_template.py --check   (exit 77)
2026-09-27T08:44:12.3407417Z       COULD-NOT-ASK: apollo-spider/ci-template/gates.yml — PyYAML is not importable in this environment, and this gate parses the template in YAML rather than guessing at it with string matching. Install it (pip install pyyaml) — the release job in .github/workflows/gates.yml does exactly that
2026-09-27T08:44:12.3408225Z 
2026-09-27T08:44:12.3408510Z   [146] pack-side CI template selftest — 10 mutants incl. a smuggled continue-on-error (#219)
2026-09-27T08:44:12.3409019Z       python3 knowledge/_release/_gate_ci_template.py --selftest   (exit 77)
2026-09-27T08:44:12.3409787Z       COULD-NOT-ASK: the ci-template selftest — PyYAML is not importable, and every arm below parses YAML. Install it (pip install pyyaml).
2026-09-27T08:44:12.3410305Z 
2026-09-27T08:44:12.3410615Z NOT ASKED (79 mutating steps) — run --include-mutating on a clean tree to include them:
2026-09-27T08:44:12.3411101Z   [1] compliance knowledge graph
2026-09-27T08:44:12.3411467Z   [2] token blast-radius + graph report
2026-09-27T08:44:12.3411838Z   [5] guideline rules index (gate)
2026-09-27T08:44:12.3412135Z   [6] runbook index (generated)
2026-09-27T08:44:12.3412460Z   [7] standing-instructions reachability gate
2026-09-27T08:44:12.3412952Z   [8] help-gate — no entry point may write before it reads argv (#158 cl
2026-09-27T08:44:12.3413435Z   [10] assertion veracity gate — claims that can rot
2026-09-27T08:44:12.3413896Z   [12] capture/provenance gate — status+provenance on new notes+dossiers 
2026-09-27T08:44:12.3414302Z   … and 71 more
2026-09-27T08:44:12.3414441Z 
2026-09-27T08:44:12.3414739Z — recorded → /home/runner/work/UX-design/UX-design/notes/_BUILD-VERDICT-LOG.jsonl
2026-09-27T08:44:12.3441970Z ##[error]Process completed with exit code 1.
2026-09-27T08:44:12.3490570Z ##[group]Run python3 knowledge/_build_all.py
2026-09-27T08:44:12.3490945Z [36;1mpython3 knowledge/_build_all.py[0m
2026-09-27T08:44:12.3526526Z shell: /usr/bin/bash -e {0}
2026-09-27T08:44:12.3526900Z env:
2026-09-27T08:44:12.3527224Z   pythonLocation: /opt/hostedtoolcache/Python/3.12.14/x64
2026-09-27T08:44:12.3527682Z   PKG_CONFIG_PATH: /opt/hostedtoolcache/Python/3.12.14/x64/lib/pkgconfig
2026-09-27T08:44:12.3528152Z   Python_ROOT_DIR: /opt/hostedtoolcache/Python/3.12.14/x64
2026-09-27T08:44:12.3528561Z   Python2_ROOT_DIR: /opt/hostedtoolcache/Python/3.12.14/x64
2026-09-27T08:44:12.3528973Z   Python3_ROOT_DIR: /opt/hostedtoolcache/Python/3.12.14/x64
2026-09-27T08:44:12.3529357Z   LD_LIBRARY_PATH: /opt/hostedtoolcache/Python/3.12.14/x64/lib
2026-09-27T08:44:12.3529887Z ##[endgroup]
2026-09-27T08:44:12.4204023Z Wrote 38 rule files to compliance/rules/
2026-09-27T08:44:12.4204698Z Index: 38 SCs x 135 components
2026-09-27T08:44:12.4205046Z Validation errors: none
2026-09-27T08:44:12.4205655Z Levels: {'AA': 17, 'A': 18, 'AAA': 3} | Severities: {'serious': 29, 'critical': 3, 'minor': 6}
2026-09-27T08:44:12.4206109Z AAA (beyond AA bar): ['2.3.3', '2.4.8', '2.5.5']
2026-09-27T08:44:23.2391965Z 
2026-09-27T08:44:23.2393679Z PARKED DUE — 5 parked item(s) are due at token-report — python3 knowledge/_parked.py --due token-report
2026-09-27T08:44:23.2394265Z wrote tokens/_blast-radius.json and _GRAPH-REPORT.md
2026-09-27T08:44:23.2394871Z tokens defined=1043 referenced=140 components=137
2026-09-27T08:44:23.2395759Z top god-nodes: [('text/default', 109), ('background/default', 74), ('tertiary/background/default', 51), ('icon/default', 46), ('border-radius/surface', 43), ('focus/ring', 40), ('border/subtle', 39), ('text/secondary', 37)]
2026-09-27T08:44:23.2396516Z depricate-still-bound components: 19
2026-09-27T08:44:23.2396874Z orphans: 903
2026-09-27T08:44:34.0284826Z 
2026-09-27T08:44:34.0286377Z PARKED DUE — 5 parked item(s) are due at token-report — python3 knowledge/_parked.py --due token-report
2026-09-27T08:44:34.0287466Z ✓ _build_blast_radius --check PASS — tokens/_blast-radius.json and _GRAPH-REPORT.md match a fresh compute() (content, not mtime)
2026-09-27T08:44:55.3887822Z 
2026-09-27T08:44:55.3889400Z PARKED DUE — 5 parked item(s) are due at token-report — python3 knowledge/_parked.py --due token-report
2026-09-27T08:44:55.3890538Z   selftest (a): compute() is deterministic across two calls ✓
2026-09-27T08:44:55.3891025Z   selftest (b1): identical fixture pair reports zero drift ✓
2026-09-27T08:44:55.3891562Z   selftest (b2): a doctored fixture pair is flagged on BOTH files, each named ✓
2026-09-27T08:44:55.3892193Z   selftest (b3): a missing on-disk file is flagged, never silently treated as a match ✓
2026-09-27T08:44:55.3892942Z selftest PASS — compute() deterministic; --check bites on drift, quiet on a match, never silently passes a missing file (#79 P6)
2026-09-27T08:44:55.4316998Z rules index: 474 rules from 35 engine-era files — {'ADVISORY': 322, 'BLOCKING': 62, 'REVIEW': 34, 'TASTE': 56}
2026-09-27T08:44:55.4512515Z runbook index: 17 runbooks -> _RUNBOOKS.md
2026-09-27T08:44:55.8145031Z selftest OK — discovers 28 standing docs by glob + STANDING: self-declaration.
2026-09-27T08:44:55.8146188Z STANDING-INSTRUCTIONS GATE PASS — 28 standing doc(s) reachable from the spine; GOOD-MORNING structure intact.
2026-09-27T08:44:55.8147907Z   NOTE: memory files live outside the repo and CANNOT be checked here — capture-ritual step 3 is still a human step.
2026-09-27T08:44:57.2035406Z help-gate OK — 268 script(s) scanned; every entry point answers --help before it can write.
2026-09-27T08:44:57.2254307Z   ✓ guard first -> GREEN                             -> GREEN
2026-09-27T08:44:57.2255480Z   ✓ write before guard -> RED                        -> RED  [knowledge/_mutant.py: help gate at statement 4 is TOO LATE — Expr on line 4 runs first]
2026-09-27T08:44:57.2256705Z   ✓ no guard at all -> RED                           -> RED  [knowledge/_mutant.py: NO HELP GATE — add]
2026-09-27T08:44:57.2258047Z   ✓ library module -> GREEN (not an entry point)     -> GREEN
2026-09-27T08:44:57.2258726Z   ✓ argparse owns --help -> GREEN                    -> GREEN
2026-09-27T08:44:57.2260322Z _validate_help_gate --selftest OK — 5 bites (guard-first · write-before-guard RED · missing-guard RED · library · argparse).
2026-09-27T08:44:57.2508956Z selftest OK — 5 verbs bite-tested, 0 native check(s), 8 assertion(s) well-formed, 3 mutation(s) killed.
2026-09-27T08:44:57.2510220Z   [✓] ASSERT-001 blocker      0 matches in root=repo
2026-09-27T08:44:57.2510886Z       ⚠ last verified 39d ago, window is 30d
2026-09-27T08:44:57.2511425Z   [✓] ASSERT-002 environment  1 match(es) in root=repo
2026-09-27T08:44:57.2512196Z   [✓] ASSERT-004 regression   needle='text-transform:uppercase' in root=repo
2026-09-27T08:44:57.2513031Z   [✓] ASSERT-005 environment  needle='knowledge/assets/fonts/' in root=repo
2026-09-27T08:44:57.2513748Z   [✓] ASSERT-006 environment  1 match(es) in root=repo
2026-09-27T08:44:57.2515472Z   [⊘] ASSERT-007 blocker      ROOT UNRESOLVED — root 'mount' unreachable HERE: no '<session>/mnt' ancestor of ROOT=/home/runner/work/UX-design/UX-design (running outside the sandbox mount) — an environment fact, not a registry defect
2026-09-27T08:44:57.2516904Z       ⚠ last verified 52d ago, window is 30d
2026-09-27T08:44:57.2517615Z   [✓] ASSERT-008 environment  1 match(es) in root=repo
2026-09-27T08:44:57.2518250Z   [✓] ASSERT-009 environment  count=138 (want eq 138) in root=repo
2026-09-27T08:44:57.2518622Z 
2026-09-27T08:44:57.2518986Z   ⚠ 2 blocker(s) past their recheck window — re-test deliberately:
2026-09-27T08:44:57.2519647Z       ASSERT-001: last verified 39d ago, window is 30d
2026-09-27T08:44:57.2521165Z         clears when: The Latin webfont files (WOFF + WOFF2) physically land in knowledge/assets/fonts/. Watch for Ultralight in the pack — a sixth weight below Thin = a TYPE RULING, not an asset drop.
2026-09-27T08:44:57.2522448Z       ASSERT-007: last verified 52d ago, window is 30d
2026-09-27T08:44:57.2523848Z         clears when: The mount layout changes and .auto-memory/ is no longer reachable from the shell — at which point the zero-fill route is genuinely gone and every doc telling a session to check disk first is wrong.
2026-09-27T08:44:57.2524893Z 
2026-09-27T08:44:57.2526426Z COULD-NOT-ASK: assertion gate — 1 of 8 claim(s) untestable in this environment, 0 false — ASSERT-007: ROOT UNRESOLVED — root 'mount' unreachable HERE: no '<session>/mnt' ancestor of ROOT=/home/runner/work/UX-design/UX-design (running outside the sandbox mount) — an environment fact, not a registry defect
2026-09-27T08:44:57.2723521Z selftest OK — 5 verbs bite-tested, 0 native check(s), 8 assertion(s) well-formed, 3 mutation(s) killed.
2026-09-27T08:44:57.6905307Z   ⚠️  WARN ds-021 (C) DECLARED GAP — `knowledge/_boot_decompose.py` counts in cl100k and cannot name a REAL tier. BUILT #242 lane F (the boot DECOMPOSITION `_boot_remeasure.py`'s two hard-coded paths could not give), REGISTERED AT THE WRAP THAT SHIPPED IT — ds-021 (C) caught it unregistered on its first gate run, which is the birth-catch the bite exists for. WHY 'estimate-only': every component figure it prints is a cl100k TAPE count over the DISK-RESIDENT boot inputs; a REAL boot figure comes only from `message.usage`, which this file never sees — it takes the real total as `--real N` from the caller and prints the harness remainder as `<real> − Σ(ours, tape)` labelled ESTIMATED-BY-SUBTRACTION, because that subtraction mixes units BY CONSTRUCTION. ⛔ Its tape figures are never summed with, scaled to, or compared against a `real` measurement [[measure-dont-convert-units]].
2026-09-27T08:44:57.6913650Z   ⚠️  WARN ds-021 (C) DECLARED GAP — `knowledge/_boot_remeasure.py` counts in cl100k and cannot name a REAL tier. BUILT #214 under `s214-D5` half 2 (per-session boot re-measure over the mounted disk-resident boot inputs), and REGISTERED HERE AT THE WRAP THAT SHIPPED IT — the ds-021 (C) bite caught it unregistered on its first gate run, which is the birth-catch the bite exists for. It counts in tiktoken cl100k ONLY and can name NO real tier: its output is a TAPE PROXY kept for SHAPE and DELTA across sessions, and the row that owns it (`W-99za`) already declares exactly that — this entry MIRRORS that declaration, it does not make a new one. ⛔ Its figures are NEVER summed with, scaled to, or compared against a `real` measurement [[measure-dont-convert-units]]; the consumer is the boot-band re-base sitting, which is DAVE'S.
2026-09-27T08:44:57.6920957Z   ⚠️  WARN ds-021 (C) DECLARED GAP — `knowledge/_compose_slice.py` counts in cl100k and cannot name a REAL tier. BORN #270 (lane 2, the compose-time door). It encodes with tiktoken cl100k ONLY to report the SIZE of a context slice against the metas it replaces (the ~6x / ~25x figures on notes/_PROPOSAL-compose-time-door-2026-09-14-v1.html) - a RATIO between two texts it measures the SAME way, never a budget figure and never a FILL claim. It cannot name a REAL tier: it does not call _gauge_tokens.count() and has no API path, so estimate-only is the honest label rather than a tier it would have to borrow. REGISTERED AT THE #270 WRAP AS A DECLARATION, NOT A RULING - ds-021 (C) asks a counting site to declare what it can name, and leaving it unregistered is the 27-sessions-of-silence failure this registry exists to stop. Whether the door is WIRED at all is Dave's, and is untouched by this entry.
2026-09-27T08:44:57.6926489Z   ⚠️  WARN ds-021 (C) DECLARED GAP — `knowledge/_context_gauge.py` counts in cl100k and cannot name a REAL tier. REFUSES without tiktoken unless --estimate labels the output (#74). Honest about estimate-vs-nothing; still blind to cl100k-vs-real.
2026-09-27T08:44:57.6934268Z   ⚠️  WARN ds-021 (C) DECLARED GAP — `knowledge/_memory_cap_check.py` counts in cl100k and cannot name a REAL tier. BUILT #244 lane C (the mechanised `MEMORY.md` cap), REGISTERED AT #244 lane V — ds-021 (C) caught it unregistered on its first gate run, which is the birth-catch the bite exists for. WHY 'estimate-only': cl100k tape of a non-repo file; never a real-token claim. The file it grades is the Cowork auto-memory index resolved through the `/sessions/*/mnt` glob, so it is OUTSIDE the repo and no `message.usage` figure can ever be taken over it — the only reading available is a tiktoken cl100k TAPE count, kept for SHAPE and DELTA (the `s243-D1` stub measured 1,502 tape against a MEMORY_CAP_TAPE of 1,802). ⛔ Its tape figures are never summed with, scaled to, or compared against a `real` measurement [[measure-dont-convert-units]]; the arm it feeds (`memory_cap_check`) is ADVISORY (`MEMORY_CAP_BLOCKING = False`) precisely because the graded file does not exist on a non-Cowork tree [[gate-cannot-pass-in-one-environment]].
2026-09-27T08:44:57.6953010Z   ⚠️  WARN ds-021 (C) DECLARED GAP — `knowledge/_seam.py` counts in cl100k and cannot name a REAL tier. BORN #283 (the lane-seam check, `s283-D1`); the FIRST COUNTING SITE was added at #285 by lane SC with the fourth STANDING block (Dave: "yes to the seam re-quoting the standing constraints"), the SECOND at #286 by lane T with the INSEAT block (#285's move 2: "`_seam.py` measures the conductor's own tool-output tokens since the last seam and warns above a threshold"). BOTH are estimate-only for the SAME reason, and the second is declared here rather than left to ride on the first entry's coat-tails — a registry entry that names one site while the file has two is the stale pin this gate exists to catch. `inseat_tokens()` encodes the CONDUCTOR'S OWN `tool_result` text out of the live transcript (non-sidechain records, lane returns split out) with tiktoken cl100k ONLY, to size what was spent in the seat since the last seam; the threshold it is judged against (`INSEAT_WARN_TK` = 10,000) is PICKED, NOT RULED, and says so on the line it prints on. ⚠ It is NEVER a FILL claim: the seam's FILL line is `_checkin.py`'s REAL reading, and this number measures a DIFFERENT OBJECT (tool output landing in the window, not the window) — they are never converted into one another [[measure-dont-convert-units]]. Unavailable tiktoken makes the line read `?` and the verdict read UNMEASURED; it is never read as 0, and the seam's selftest holds that arm. `standing_tokens()` encodes the printed constraint block with tiktoken cl100k ONLY, to size the tail it prints — it never calls `_gauge_tokens.count()`, has no API path, and the figure is never a FILL claim or a budget figure; the seam's FILL line is `_checkin.py`'s REAL reading, imported, not re-derived here. So estimate-only is the honest label rather than a tier it would have to borrow, and the unit is NAMED on the line it prints on (`STANDING <n> lines · <tokens> cl100k`). ⚠ Unavailable tiktoken prints `?`, never a guessed number, and the seam's selftest FAILS on `?` rather than passing a blind arm. REGISTERED AT THE #285 WRAP AS A DECLARATION, NOT A RULING — the `_compose_slice.py` precedent (#270 wrap) exactly: ds-021 (C) asks a counting site to declare what it can name, this site was born unregistered in this session's own commit `b99d092c`, and it is THIS SEAT'S fail to close rather than an inherited one. Whether `_standing.md` itself is ever inscribed is Dave's and is untouched by this entry.
2026-09-27T08:44:57.6963432Z capture gate [build]: 241 in scope · 0 fail · 6 warn
2026-09-27T08:44:58.1652089Z ⚠ DUPLICATE HEADING: gm-archive:2b-wave-1-rulings-1-7-unchanged-rule-with-the-above at _GM-ARCHIVE.md:5564 and _GM-ARCHIVE.md:6644
2026-09-27T08:44:58.1653318Z ⚠ DUPLICATE HEADING: gm-archive:3-the-standing-eyeball-set-non-blocking-your-foundations-fir at _GM-ARCHIVE.md:5586 and _GM-ARCHIVE.md:6667
2026-09-27T08:44:58.1654755Z ⚠ DUPLICATE HEADING: gm-archive:4b-queued-button-states-finesse-pass-dave-2026-07-22-not-now at _GM-ARCHIVE.md:5548 and _GM-ARCHIVE.md:6741
2026-09-27T08:44:58.1655605Z ⚠ DUPLICATE HEADING: gm-archive:5-parked-unchanged at _GM-ARCHIVE.md:5559 and _GM-ARCHIVE.md:6752
2026-09-27T08:44:58.1656458Z ⚠ DUPLICATE HEADING: ls-archive:prior-delta-2026-07-26-sun-evening-opus-solo-self-conducting at _LIVE-STATE-ARCHIVE.md:5425 and _LIVE-STATE-ARCHIVE.md:5440
2026-09-27T08:44:58.1657485Z ⚠ DUPLICATE HEADING: component:icon-button at knowledge/_proforma/icon-button.meta.json:1 and knowledge/components/icon-button.meta.json:1
2026-09-27T08:44:58.9518845Z ⚠ DUPLICATE HEADING: gm-archive:2b-wave-1-rulings-1-7-unchanged-rule-with-the-above at _GM-ARCHIVE.md:5564 and _GM-ARCHIVE.md:6644
2026-09-27T08:44:58.9520261Z ⚠ DUPLICATE HEADING: gm-archive:3-the-standing-eyeball-set-non-blocking-your-foundations-fir at _GM-ARCHIVE.md:5586 and _GM-ARCHIVE.md:6667
2026-09-27T08:44:58.9522030Z ⚠ DUPLICATE HEADING: gm-archive:4b-queued-button-states-finesse-pass-dave-2026-07-22-not-now at _GM-ARCHIVE.md:5548 and _GM-ARCHIVE.md:6741
2026-09-27T08:44:58.9523299Z ⚠ DUPLICATE HEADING: gm-archive:5-parked-unchanged at _GM-ARCHIVE.md:5559 and _GM-ARCHIVE.md:6752
2026-09-27T08:44:58.9524380Z ⚠ DUPLICATE HEADING: ls-archive:prior-delta-2026-07-26-sun-evening-opus-solo-self-conducting at _LIVE-STATE-ARCHIVE.md:5425 and _LIVE-STATE-ARCHIVE.md:5440
2026-09-27T08:44:58.9525409Z ⚠ DUPLICATE HEADING: component:icon-button at knowledge/_proforma/icon-button.meta.json:1 and knowledge/components/icon-button.meta.json:1
2026-09-27T08:44:59.4924915Z   ❌ FAIL GOOD-MORNING.md: no `pre-flight:` stamp — the handoff must carry the estimate the session was priced with (runbook § ★ Half 0b). Form (Dave #56, REAL TOKENS): `pre-flight: boot N (disk N measured · harness ~N est ±N) + job N est + wrap N est = N of 256,000 — BAND`
2026-09-27T08:44:59.4926414Z   ❌ FAIL GOOD-MORNING.md: section marker(s) not found (DO-FIRST, §A, §C) — ritual step 2
2026-09-27T08:44:59.4928580Z   ❌ FAIL retrieval index is STALE — it does not match GOOD-MORNING.md / _LIVE-STATE.md as they now stand, so `_memento_search.py` is serving a PREVIOUS session's record. Run `python3 knowledge/_build_memento_index.py` and stage the result (ritual step 2g). This is the #32 defect — do not close over it.
2026-09-27T08:44:59.4931324Z   ❌ FAIL boot-drift: notes/_GAUGE-LOG.md is MISSING — the boot band is DERIVED from that file (`s240-D1`), so with it absent there is no band and nothing to check. This is the #109 condition (a rule with no consumer), not a clean pass.
2026-09-27T08:44:59.4933353Z   ❌ FAIL lane-routing: GM §C·1 eager ROUTING line MISSING (⛔ ROUTING) — externalised records without the eager pointer is the cold-session-defaults-onto-Apollo failure
2026-09-27T08:44:59.4935342Z   ❌ FAIL TITLE GENERATION: no `knowledge/_gen_titles_receipt.json` found — `python3 knowledge/_gen_titles.py --session <N>` was not run this wrap. RENAME and NEXT-TITLE must be MECHANISED (#120 residual ⓪), never hand-authored prose.
2026-09-27T08:44:59.4937125Z   ❌ FAIL _LIVE-STATE.md: "Last refreshed" zone does not carry today (2026-07-27) — refresh it (ritual steps 1 / 2) before closing
2026-09-27T08:44:59.4938224Z   ❌ FAIL GOOD-MORNING.md: header date zone does not carry today (2026-07-27) — refresh it (ritual steps 1 / 2) before closing
2026-09-27T08:44:59.4939582Z   ⚠️  WARN B2 PLAN BLOCK check SKIPPED — no `_CHAIN.md` under /tmp/tmp05dh_90b, so this is not a state tree. NOT a pass: the seam was not graded here.
2026-09-27T08:44:59.4941229Z   ⚠️  WARN ⛔ INSTRUMENT-STRAY GATE DID NOT RUN for `knowledge/assets` (git exit 128: fatal: not a git repository (or any of the parent directories): .git) — UNKNOWN, not clean.
2026-09-27T08:44:59.4942777Z   ⚠️  WARN SHARED HELPER: the dedup comparer DID NOT RUN — `git ls-files` could not answer under /tmp/tmp05dh_90b. UNKNOWN, not a single implementation.
2026-09-27T08:44:59.4944299Z   ▫️  s263-D10 RULINGS PAGE check SKIPPED — no `knowledge/_rulings.json` under /tmp/tmp05dh_90b, so this is not a state tree. NOT a pass.
2026-09-27T08:44:59.4945852Z   ▫️  REGISTER↔STORE JOIN SKIPPED — register not present under /tmp/tmp05dh_90b. NOT a pass: the join was not made here.
2026-09-27T08:44:59.4947373Z   ▫️  REGEN SERIAL SKIPPED — the serial's own home is unreadable (no `knowledge/_build_all.py` under this tree). NOT a pass: the ordered set was never read, so nothing was compared.
2026-09-27T08:44:59.4949010Z   ▫️  FILED SUB-REPORTS: no `notes/_subreports/` under /tmp/tmp05dh_90b — nothing filed here, so nothing to cite. NOT a pass: the check did not run.
2026-09-27T08:44:59.4950555Z   ▫️  FILED SUB-REPORT LINES: no `notes/_subreports/` under /tmp/tmp05dh_90b — nothing filed here. NOT a pass: the check did not run.
2026-09-27T08:44:59.4951684Z   ▫️  · no `_to_delete/` in this tree — nothing held, nothing to age.
2026-09-27T08:44:59.4953518Z   ▫️  memory-cap: DID NOT RUN — no Cowork mount matched /sessions/*/mnt and no --path was given — the auto-memory index lives OUTSIDE this repo, so on a non-Cowork tree there is genuinely nothing to grade. This is UNKNOWN, not a pass: the auto-memory index is a Cowork surface outside this repo.
2026-09-27T08:44:59.4955273Z   ▫️  section-usage: strata marker absent — probe skipped (honest skip, not a pass)
2026-09-27T08:44:59.4956140Z   ▫️  usage-history: no testimony found — UNMEASURED, not assumed clean.
2026-09-27T08:44:59.4957044Z   ▫️  consult-receipts: strata marker absent — probe skipped (honest skip, not a pass)
2026-09-27T08:44:59.4958261Z   ▫️  s295-D2 ENACTED-SHA check SKIPPED — no `knowledge/_rulings.json` in this tree. A fixture tree is not a state the rule has an opinion about.
2026-09-27T08:44:59.4961472Z   ▫️  hook re-check (`s271-D4`): DECLARED SKIP — no Cowork mount matched /sessions/*/mnt and no --path was given — the auto-memory index lives OUTSIDE this repo, so on a non-Cowork tree there is genuinely nothing to grade. The memory store lives OUTSIDE this repo (a Cowork surface); on a tree without it there is genuinely nothing to re-read. This is UNKNOWN, never a pass. Pass an explicit hook path to drive it.
2026-09-27T08:44:59.4963809Z   ▫️  ds-022 continuity: no _GAUGE-LOG.md or no GOOD-MORNING.md — UNMEASURED, not assumed clean.
2026-09-27T08:44:59.4964737Z   ▫️  subs-line: no notes/_GAUGE-LOG.md — UNMEASURED, not assumed clean.
2026-09-27T08:44:59.4965626Z   ▫️  stop-line: knowledge/_RUNBOOK-context-gauge.md absent — UNMEASURED, not passed.
2026-09-27T08:44:59.4966667Z   ▫️  stop-line: knowledge/_RUNBOOK-capture-ritual.md absent — UNMEASURED, not passed.
2026-09-27T08:44:59.4967810Z   ▫️  ds-023 stop line: STATED in all 2 trigger homes (reconciled #54 — the runbook used to contradict itself).
2026-09-27T08:44:59.4969103Z   ▫️  ds-022 (d) unkeyed: no notes/_GAUGE-LOG.md — UNMEASURED, not assumed clean. (An absent file is not a clean file; the M10 refusal pattern.)
2026-09-27T08:44:59.4970915Z   ▫️  roll-claim check: no ★ LATEST banner found — UNMEASURED (a different check already fails the wrap for this state; not re-raised here).
2026-09-27T08:44:59.4972611Z   ▫️  stale-top-item fence: `knowledge/_rulings.json` UNREADABLE (knowledge/_rulings.json does not exist) — the fence is UNMEASURED this wrap. That is NOT the same as 'no owed claim is contradicted'.
2026-09-27T08:44:59.4974449Z   ▫️  2c carry gate: no ★ LATEST + ★ PRIOR pair found — UNMEASURED. ⛔ Not a pass: with one banner there is nothing to carry FROM, and the banner structure itself is graded by other checks.
2026-09-27T08:44:59.4977350Z   ▫️  PRE-FLIGHT stamp: graded in REAL TOKENS (Dave #56 — amber 160,000 · working 256,000 · hard 300,000); the % band's enforcement was RETIRED #74-D3 (history: ledger § #36, runbook ds-023). Whether the fill figure is HONEST is still not observable here — and the wrap term is RING-FENCED at any mid-session re-price (#74-D2, runbook § Half 0b (a′)).
2026-09-27T08:44:59.4980148Z   ▫️  PRE-FLIGHT stamp: FORM checked only. Whether the fill figure is honest, and whether a mid-job re-price actually happened, are NOT observable here — discipline, not enforcement (_RUNBOOK-context-gauge.md § ★ Half 0b).
2026-09-27T08:44:59.4982330Z   ▫️  HONEST SKIP — memory-store checks (MEMORY.md pointers, memory-file fields): outside the repo, invisible to this gate. Session checks them by hand at ritual step 3 (D1a — unenforced by design).
2026-09-27T08:44:59.4984171Z   ▫️  #119 sweep re-checker (s186-D2, pass 6 P1): 21 frozen 'UNPROVEN by this sweep' status string(s) in `_rulings.json` — unchanged. Counted, never rewritten; refuses only on growth.
2026-09-27T08:44:59.4985414Z capture gate [wrap]: 0 in scope · 8 fail · 3 warn
2026-09-27T08:44:59.4987131Z   ⛔ STRUCTURAL GOOD-MORNING.md: no `pre-flight:` stamp — the handoff must carry the estimate the session was priced with (runbook § ★ Half 0b). Form (Dave #56, REAL TOKENS): `pre-flight: boot N (disk N measured · harness ~N est ±N) + job N est + wrap N est = N of 256,000 — BAND`
2026-09-27T08:44:59.4988921Z   ⛔ STRUCTURAL GOOD-MORNING.md: section marker(s) not found (DO-FIRST, §A, §C) — ritual step 2
2026-09-27T08:44:59.4991215Z   ⛔ STRUCTURAL retrieval index is STALE — it does not match GOOD-MORNING.md / _LIVE-STATE.md as they now stand, so `_memento_search.py` is serving a PREVIOUS session's record. Run `python3 knowledge/_build_memento_index.py` and stage the result (ritual step 2g). This is the #32 defect — do not close over it.
2026-09-27T08:44:59.4993820Z   ⛔ STRUCTURAL boot-drift: notes/_GAUGE-LOG.md is MISSING — the boot band is DERIVED from that file (`s240-D1`), so with it absent there is no band and nothing to check. This is the #109 condition (a rule with no consumer), not a clean pass.
2026-09-27T08:44:59.4996116Z   ⛔ STRUCTURAL lane-routing: GM §C·1 eager ROUTING line MISSING (⛔ ROUTING) — externalised records without the eager pointer is the cold-session-defaults-onto-Apollo failure
2026-09-27T08:44:59.4998261Z   ⛔ STRUCTURAL TITLE GENERATION: no `knowledge/_gen_titles_receipt.json` found — `python3 knowledge/_gen_titles.py --session <N>` was not run this wrap. RENAME and NEXT-TITLE must be MECHANISED (#120 residual ⓪), never hand-authored prose.
2026-09-27T08:44:59.5000216Z   ▫️  heals-at-wrap: _LIVE-STATE.md: "Last refreshed" zone does not carry today (2026-07-27) — refresh it (ritual steps 1
2026-09-27T08:44:59.5001583Z   ▫️  heals-at-wrap: GOOD-MORNING.md: header date zone does not carry today (2026-07-27) — refresh it (ritual steps 1 / 2
2026-09-27T08:44:59.5003427Z rehearsal [wrap-gate, early]: 6 STRUCTURAL fail(s) — fix NOW, cheap · 2 heals-at-wrap (ritual steps 1/2) · 3 warn(s) (was 3 at the last logged run) (run --wrap for bodies) · logged → notes/_REHEARSAL-LOG.jsonl
2026-09-27T08:45:20.1718297Z capture gate [build]: 0 in scope · 0 fail · 0 warn
2026-09-27T08:45:20.1719523Z   ▫️  #82-D1 real tier UNSUPPRESSED for one probe: observed 'cl100k' (offline/absent — legal, and declared)
2026-09-27T08:45:20.1721543Z _governs: ⬛ DECLARED (#208) — ruling s202-D3 governs the BARE token `knowledge`, which is a real DIRECTORY. Before #208 it matched every path carrying a `knowledge` segment (the too-loose arm, and the reason the negative control and [13] were red); it now governs NOTHING. REACH LOST HERE. Remedy: name the files/symbols it really governs, via `_inscribe_ruling.py` — the only legal writer of _rulings.json. ⛔ That scope is Dave's call, not this gate's.
2026-09-27T08:45:20.1723965Z _governs: ⬛ DECLARED (#208) — ruling s217-D5 governs the BARE token `showroom`, which is a real DIRECTORY. Before #208 it matched every path carrying a `showroom` segment (the too-loose arm, and the reason the negative control and [13] were red); it now governs NOTHING. REACH LOST HERE. Remedy: name the files/symbols it really governs, via `_inscribe_ruling.py` — the only legal writer of _rulings.json. ⛔ That scope is Dave's call, not this gate's.
2026-09-27T08:45:20.1726353Z _governs: ⬛ DECLARED (#208) — ruling s237-D9 governs the BARE token `apollo-spider`, which is a real DIRECTORY. Before #208 it matched every path carrying a `apollo-spider` segment (the too-loose arm, and the reason the negative control and [13] were red); it now governs NOTHING. REACH LOST HERE. Remedy: name the files/symbols it really governs, via `_inscribe_ruling.py` — the only legal writer of _rulings.json. ⛔ That scope is Dave's call, not this gate's.
2026-09-27T08:45:20.1728720Z _governs: ⬛ DECLARED (#208) — ruling s238-D5 governs the BARE token `apollo-spider`, which is a real DIRECTORY. Before #208 it matched every path carrying a `apollo-spider` segment (the too-loose arm, and the reason the negative control and [13] were red); it now governs NOTHING. REACH LOST HERE. Remedy: name the files/symbols it really governs, via `_inscribe_ruling.py` — the only legal writer of _rulings.json. ⛔ That scope is Dave's call, not this gate's.
2026-09-27T08:45:20.1742188Z _governs: ⬛ DECLARED (#208) — 89 `governs` entr(ies) name a DIRECTORY with a path separator; they governed no file BEFORE #208 and govern none after (unchanged, pre-existing under-specification, not a #208 narrowing): dv-2px-separation→knowledge/snippets, opacity-primitives→knowledge/canon, opacity-primitives→knowledge/snippets, showroom-one-bar-chrome→knowledge/snippets/, showroom-one-bar-chrome→showroom/, snippets-pure-canon→knowledge/snippets/, opacity-primitives-4pct→knowledge/, ds-028→knowledge/snippets/, ds-030→knowledge/snippets/, ds-034→knowledge/snippets/, ds-035→knowledge/tokens/themes/, s114-D4→designer-skills-v1/, s114-D4→designer-skills-v2/, s114-D7→memento-package/, s135-D3→knowledge/components/, s193-D1→memento-package/, s198-D1→knowledge/tokens, s198-D2→knowledge/tokens, s199-D1→knowledge/tokens, s199-D2→knowledge/tokens, s199-D3→knowledge/tokens, s200-D1→knowledge/tokens, s200-D2→knowledge/tokens, s200-D3→knowledge/tokens, s200-D4→knowledge/tokens, s201-D1→knowledge/tokens, s201-D2→knowledge/tokens, s201-D3→knowledge/tokens, s201-D4→knowledge/tokens, s201-D5→knowledge/tokens, s202-D1→knowledge/tokens, s202-D2→knowledge/tokens, s216-D1→knowledge/tokens/themes, s217-D2→knowledge/canon, s217-D2→knowledge/tokens/themes, s217-D3→knowledge/canon, s217-D5→knowledge/canon, s219-D4→designer-skills-v1/, s219-D4→designer-skills-v2/, s219-D4→memento-package/, s219-D5→knowledge/_release/, s219-D6→knowledge/_release/, s219-D7→knowledge/_release/, s219-D7→memento-package/, s219-D8→knowledge/_release/, s219-D9→knowledge/_release/, s219-D9→apollo-spider/, s219-D10→knowledge/_release/, s219-D10→apollo-spider/, s237-D7→notes/_briefs, s245-D1→knowledge/components/, s245-D3→knowledge/components/, s245-D4→knowledge/components/, s245-D5→knowledge/components/, s245-D10→knowledge/tokens, s251-D3→knowledge/components/, s251-D4→knowledge/components/, s251-D5→knowledge/components/, s251-D6→knowledge/components/, s251-D7→knowledge/components/, s251-D8→knowledge/components/, s251-D9→knowledge/components/, s251-D10→knowledge/components/, s251-D11→knowledge/components/, s251-D12→knowledge/components/, s260-D3→knowledge/_tests/chart-engine/, s261-D1→knowledge/snippets/, s261-D1→apollo-spider/, s261-D8→showroom/, s261-D8→reviews/, s268-D1→apollo-spider/dist/, s268-D2→apollo-spider/dist/, s268-D3→apollo-spider/dist/, s268-D4→apollo-spider/dist/, s268-D6→knowledge/components/, s273-D1→knowledge/components, s273-D2→knowledge/components, s276-D1→knowledge/compliance/rules, s276-D2→knowledge/compliance/rules, s277-D4→knowledge/assets/logos/, s277-D5→knowledge/components/, s277-D7→knowledge/assets/logos/, s277-D9→knowledge/guidelines/, s277-D10→designer-skills-v2/, s277-D12→knowledge/tokens/, s278-D1→designer-skills-v2/, s279-D1→designer-skills-v2/, s279-D1→knowledge/_release/, s282-D4→knowledge/assets/logos/
2026-09-27T08:45:20.1753924Z _governs: COULD-NOT-ASK — ruling ds-034's evidence `outputs/_FINDING-canon-pri-hover-brand-mono-fork-2026-08-06-v1.md` is excluded by this repo's own .gitignore — no checkout can hold it, so whether it has rotted is UNASKABLE here; the machine that wrote it is where that question has an answer
2026-09-27T08:45:20.1755629Z _governs: COULD-NOT-ASK — ruling ds-034's evidence `outputs/_PARTITION-button-primary-2026-08-06-v1.md` is excluded by this repo's own .gitignore — no checkout can hold it, so whether it has rotted is UNASKABLE here; the machine that wrote it is where that question has an answer
2026-09-27T08:45:20.1757233Z _governs: COULD-NOT-ASK — ruling ds-035's evidence `outputs/_FINDING-canon-pri-hover-brand-mono-fork-2026-08-06-v1.md` is excluded by this repo's own .gitignore — no checkout can hold it, so whether it has rotted is UNASKABLE here; the machine that wrote it is where that question has an answer
2026-09-27T08:45:20.1758366Z _governs: SKIPPED anchor on superseded ruling s129-D1 (superseded_by s171-D1): `knowledge/_gauge_tokens.py#BOOT_FIRSTTURN_TK = 54_859`
2026-09-27T08:45:20.1759256Z _governs: SKIPPED anchor on superseded ruling s129-D1 (superseded_by s171-D1): `knowledge/_gauge_tokens.py#RE-BASED #129, 2026-08-08`
2026-09-27T08:45:20.1760298Z _governs: SKIPPED anchor on superseded ruling s129-D1 (superseded_by s171-D1): `knowledge/_capture_gate.py#if "boot" not in ln.lower():`
2026-09-27T08:45:20.1761034Z _governs: SKIPPED anchor on superseded ruling s129-D1 (superseded_by s171-D1): `notes/_GAUGE-LOG.md##### 2026-08-08 #129`
2026-09-27T08:45:20.1761751Z _governs: SKIPPED anchor on superseded ruling s129-D1 (superseded_by s171-D1): `notes/_MEMENTO-DECISIONS.md#THE BOOT FLOOR IS RE-BASED: 75,899`
2026-09-27T08:45:20.1763081Z _governs: COULD-NOT-ASK — ruling s245-D6's evidence `knowledge/_tmp/l3-245/rename-plan.json` is excluded by this repo's own .gitignore — no checkout can hold it, so whether it has rotted is UNASKABLE here; the machine that wrote it is where that question has an answer
2026-09-27T08:45:20.1764289Z 
2026-09-27T08:45:20.1764415Z -- index freshness (#32) --
2026-09-27T08:45:20.1764897Z [OK] index-freshness: FRESH index passes and reports it (the detectable-when-present half)
2026-09-27T08:45:20.1765461Z [OK] index-freshness: STALE index fails — the #32 defect itself
2026-09-27T08:45:20.1765831Z [OK] index-freshness: ABSENT index fails
2026-09-27T08:45:20.1766254Z [OK] index-freshness: corpus REFUSAL fails and names the offending source (the #30 case)
2026-09-27T08:45:20.1766566Z 
2026-09-27T08:45:20.1766691Z -- rulings page freshness (s263-D10) --
2026-09-27T08:45:20.1767161Z [OK] rulings-freshness: no _rulings.json ⇒ SKIPPED out loud and declared NOT a pass
2026-09-27T08:45:20.1767628Z [OK] rulings-freshness: a never-generated _RULINGS.html FAILS
2026-09-27T08:45:20.1768145Z [OK] rulings-freshness: a FRESH page passes AND reports FRESH (the detectable-when-present half)
2026-09-27T08:45:20.1768812Z [OK] rulings-freshness: a page STALE against the store FAILS, and the failure names the fix command
2026-09-27T08:45:20.1769112Z 
2026-09-27T08:45:20.1769265Z -- stale-top-item fence (s161-D4, #161) --
2026-09-27T08:45:20.1770214Z [OK] stale-top: STALE_TOP_BLOCKING pin is True (BLOCKING at birth, s161-D4 — a flip must land WITH its ruled demotion and edit this pin in the same edit; the M10 pattern)
2026-09-27T08:45:20.1771092Z [OK] stale-top: the REAL #160 claim FAILS (the defect itself)
2026-09-27T08:45:20.1771469Z [OK] stale-top: the fail quotes the CLAIMING LINE verbatim
2026-09-27T08:45:20.1771882Z [OK] stale-top: the fail quotes the STORE's status verbatim
2026-09-27T08:45:20.1772377Z [OK] stale-top: it fires once per surface — GM and the chain both scanned
2026-09-27T08:45:20.1773088Z [OK] stale-top: the note reports the measurement (lines scanned + window), never a remedy
2026-09-27T08:45:27.4338957Z [OK] stale-top: MUTATION: with the owed vocabulary emptied the RED fixture PASSES — the bite above is THIS check's, not some other check's
2026-09-27T08:45:27.4341214Z [OK] stale-top: GREEN: an owed claim on a ruling the store calls NOT ENACTED passes
2026-09-27T08:45:27.4342237Z [OK] stale-top: USE vs MENTION: an owed-shaped clause that cites its own enactment is EXEMPT
2026-09-27T08:45:27.4343196Z [OK] stale-top: SCOPE: the identical sentence in a narrative line is NOT scanned (#77's lesson)
2026-09-27T08:45:27.4344147Z [OK] stale-top: an absent store is UNMEASURED and SAYS SO — never silently green
2026-09-27T08:45:27.4344974Z     ✓ generates against the live repo (no refusal on a healthy tree)
2026-09-27T08:45:27.4345662Z     ✓ carries the GM header+LATEST term VERBATIM (not a summary of it)
2026-09-27T08:45:27.4346087Z     ✓ carries the LS ⏱ LATEST delta VERBATIM
2026-09-27T08:45:27.4346830Z     ✓ is materially smaller than GOOD-MORNING.md (7,688 vs 34,136 tape (cl100k ESTIMATE), 22.5% of it, floor <40%; tier measured, not assumed: tiktoken cl100k_base)
2026-09-27T08:45:27.4347790Z     ✓ BOTH SIDES OF THE RATIO ARE ON ONE MEASURER — chain `tiktoken cl100k_base` vs GOOD-MORNING `tiktoken cl100k_base`, so the percentage above has a unit
2026-09-27T08:45:27.4348495Z     ✓ STAMP IS EXACT — the published figure equals this file's own measured size
2026-09-27T08:45:27.4349232Z     ✓ published figure is the FILE, not the slice — the two differ and the file is bigger
2026-09-27T08:45:27.4349913Z     ✓ footer NAMES THE UNIT — a bare token count is a defect (ds-021)
2026-09-27T08:45:27.4350505Z     ✓ says GENERATED / DO-NOT-HAND-EDIT at the very top (line 1)
2026-09-27T08:45:27.4350955Z     ✓ tells the reader NOT to open GOOD-MORNING.md to check
2026-09-27T08:45:27.4351428Z     ✓ names retrieval as the door for everything else
2026-09-27T08:45:27.4351879Z     ✓ the {{BUILD_VERDICT}} marker NEVER leaks into the chain unrendered
2026-09-27T08:45:27.4352377Z     ✓ BUILD-STEP FIGURE IS RE-DERIVED AND MATCHES DISK (152 steps, measured now)
2026-09-27T08:45:27.4352983Z     ✓ the plant planted — a verdict figure was moved off disk (else the next bite is vacuous)
2026-09-27T08:45:27.4353557Z     ✓ a WRONG verdict figure is CAUGHT even with the true count elsewhere in the file
2026-09-27T08:45:27.4354047Z     ✓ step labels are 1:1 with rows (no duplicates)
2026-09-27T08:45:27.4354540Z     ✓ with NO run record the line says the green count is NOT DERIVABLE
2026-09-27T08:45:27.4355031Z     ✓ …and it names the remedy instead of a number (`_build_survey.py`)
2026-09-27T08:45:27.4355601Z     ✓ …and it re-stamps NOTHING — the old pinned 75-of-N form cannot reappear
2026-09-27T08:45:27.4356108Z     ✓ …and it names BOTH rulings, so the next session cannot 'helpfully' type it
2026-09-27T08:45:27.4356615Z     ✓ with a record the GREEN COUNT IS THE RUN'S, not len(STEPS) at a pinned sha
2026-09-27T08:45:27.4357130Z     ✓ a run of the SAME-sized build declares no size difference (no false alarm)
2026-09-27T08:45:27.4357618Z     ✓ a run of a SMALLER build: the total is STILL disk's, never the run's
2026-09-27T08:45:27.4358108Z     ✓ …and the size difference is DECLARED, naming both counts
2026-09-27T08:45:27.4358684Z     ✓ …and the steps the run never saw are counted in NO record, never green
2026-09-27T08:45:27.4359237Z     ✓ a run of a LARGER build: total is disk's and the vanished steps are DECLARED
2026-09-27T08:45:27.4360071Z     ✓ the run's sha and date are published beside it (an unattributed verdict is not a verdict)
2026-09-27T08:45:27.4360673Z     ✓ a stale record DECLARES itself against HEAD rather than passing as current
2026-09-27T08:45:27.4361184Z     ✓ steps in NO record are called out — never asked is never green
2026-09-27T08:45:27.4361658Z     ✓ the #62 clause SURVIVES as its own fact, generated from its own AST
2026-09-27T08:45:27.4362121Z     ✓ an absent STEPS assignment REFUSES BY NAME (never returns a count)
2026-09-27T08:45:27.4362618Z     ✓ a NON-LITERAL STEPS refuses rather than counting something else
2026-09-27T08:45:27.4363180Z     ✓ TITLE BLOCK IS FIRST — above the verbatim GM slice (position was the defect)
2026-09-27T08:45:27.4363714Z     ✓ DETERMINISTIC — two builds of an unchanged tree are byte-identical
2026-09-27T08:45:27.4364603Z   ✅ _CHAIN.md: 7,628 tiktoken cl100k_base · GM header+LATEST 4983 tk · LS LATEST delta only (of 36 delta lines) 1798 tk · FILE 7,628 tiktoken cl100k_base = slice 6,781 + wrapper 847 · fixed point in 2 pass(es)
2026-09-27T08:45:27.4365776Z   ✅ _CHAIN.md is FRESH — byte-matches the live chain · GM header+LATEST 4983 tk · LS LATEST delta only (of 36 delta lines) 1798 tk · FILE 7,628 tiktoken cl100k_base = slice 6,781 + wrapper 847 · fixed point in 2 pass(es)
2026-09-27T08:45:27.4366804Z     ✓ --check PASSES on a freshly generated file
2026-09-27T08:45:27.4367708Z   ✅ _CHAIN.md: 7,750 tiktoken cl100k_base · GM header+LATEST 5105 tk · LS LATEST delta only (of 36 delta lines) 1798 tk · FILE 7,750 tiktoken cl100k_base = slice 6,903 + wrapper 847 · fixed point in 2 pass(es)
2026-09-27T08:45:27.4368608Z     ✓ the fixture really was generated at another sha (a plant that did not plant would make every bite below vacuous)
2026-09-27T08:45:27.4369400Z     ✓ the fixture DIFFERS from a fresh render — i.e. the old byte comparison WOULD have called this stale, which is the defect being fixed
2026-09-27T08:45:27.4370589Z     ✓ --check is GREEN on a HEAD-ONLY advance — the chain's own content still matches GOOD-MORNING.md / _LIVE-STATE.md
2026-09-27T08:45:27.4371324Z     ✓ and it SAYS SO, naming BOTH shas — the honest comparison stays visible rather than being normalised into silence
2026-09-27T08:45:27.4372406Z     ✓ a HEAD-only advance is NEVER called FRESH without the qualifier (a bare FRESH would claim the file matches a fresh render, which it does not)
2026-09-27T08:45:27.4373934Z     ✓ REAL content staleness is STILL RED even when HEAD has also advanced — the re-ask does not launder drift
2026-09-27T08:45:27.4374767Z     ✓ and it is called STALE, not could-not-ask — real drift is a content verdict
2026-09-27T08:45:27.4375560Z     ✓ a PRE-SET head pin makes --check REFUSE (could-not-ask), never pass
2026-09-27T08:45:27.4376476Z     ✓ the environment refusal does NOT call it STALE either — it is a measurement refusal, not a content verdict
2026-09-27T08:45:27.4377844Z   ✅ _CHAIN.md: 7,750 tiktoken cl100k_base · GM header+LATEST 5105 tk · LS LATEST delta only (of 36 delta lines) 1798 tk · FILE 7,750 tiktoken cl100k_base = slice 6,903 + wrapper 847 · fixed point in 2 pass(es)
2026-09-27T08:45:27.4379573Z   ✅ _CHAIN.md is FRESH — byte-matches the live chain · GM header+LATEST 5105 tk · LS LATEST delta only (of 36 delta lines) 1798 tk · FILE 7,750 tiktoken cl100k_base = slice 6,903 + wrapper 847 · fixed point in 2 pass(es)
2026-09-27T08:45:27.4380894Z     ✓ tree restored — the SAME fresh tree reports FRESH again, unharmed by the arms above
2026-09-27T08:45:27.4381679Z     ✓ --check on a degraded instrument still exits non-zero (refuses, not a silent pass)
2026-09-27T08:45:27.4382743Z     ✓ --check's message does NOT call it STALE — that misnames a measurement problem as a content problem (the #58 defect, reproduced here)
2026-09-27T08:45:27.4383543Z     ✓ --check's message names the DEGRADED INSTRUMENT so the cause is legible
2026-09-27T08:45:27.4384420Z   ✅ _CHAIN.md is FRESH — byte-matches the live chain · GM header+LATEST 5105 tk · LS LATEST delta only (of 36 delta lines) 1798 tk · FILE 7,750 tiktoken cl100k_base = slice 6,903 + wrapper 847 · fixed point in 2 pass(es)
2026-09-27T08:45:27.4385282Z     ✓ instrument restored — the SAME fresh tree reports FRESH again, unharmed
2026-09-27T08:45:27.4386006Z     ✓ the freshly written chain carries a READABLE unit stamp (the clause has something to compare — an unreadable stamp would make the arm below vacuous)
2026-09-27T08:45:27.4386852Z     ✓ the stamp mutation actually changed the file (a plant that did not plant would make every bite below an assertion)
2026-09-27T08:45:27.4387430Z     ✓ stamped_tier() reads the MUTATED stamp back as the other tier
2026-09-27T08:45:27.4387932Z     ✓ --check on a tier divergence exits non-zero (refuses, never a silent pass)
2026-09-27T08:45:27.4388447Z     ✓ --check exits the COULD-NOT-ASK code (77), not the failure code
2026-09-27T08:45:27.4388855Z     ✓ --check calls it COULD-NOT-ASK
2026-09-27T08:45:27.4389357Z     ✓ the refusal's first marked line is machine-readable by `cna.reason_in`
2026-09-27T08:45:27.4390430Z     ✓ --check does NOT call it STALE — a tier divergence is a measurement problem and naming it staleness is the #173 defect, reproduced here
2026-09-27T08:45:27.4391216Z     ✓ the refusal NAMES BOTH TIERS, so a reader can see which two instruments disagreed rather than being handed a shrug
2026-09-27T08:45:27.4391811Z     ✓ --check on an UNREADABLE stamp refuses with the convention's code
2026-09-27T08:45:27.4392281Z     ✓ --check calls an unreadable stamp COULD-NOT-ASK, not STALE
2026-09-27T08:45:27.4393174Z   ✅ _CHAIN.md is FRESH — byte-matches the live chain · GM header+LATEST 5105 tk · LS LATEST delta only (of 36 delta lines) 1798 tk · FILE 7,750 tiktoken cl100k_base = slice 6,903 + wrapper 847 · fixed point in 2 pass(es)
2026-09-27T08:45:27.4394119Z     ✓ stamp restored — the SAME tree reports FRESH again, so the clause does not false-fire on an agreeing stamp
2026-09-27T08:45:27.4395217Z   ✗ _CHAIN.md is STALE — it does not match GOOD-MORNING.md / _LIVE-STATE.md as they now stand, so a cold session would read a PREVIOUS session's record as if it were current. Run `python3 knowledge/_gen_chain.py` and stage the result.
2026-09-27T08:45:27.4396071Z     ✓ --check FAILS on a hand-edited file (the stale-record class)
2026-09-27T08:45:27.4396794Z     ✓ and that failure is a FAILURE, not a refusal — a real staleness on the reachable tier still exits 1, so the COULD-NOT-ASK path did not swallow the gate
2026-09-27T08:45:27.4397531Z   ✗ _CHAIN.md is MISSING — run `python3 knowledge/_gen_chain.py` and stage it
2026-09-27T08:45:27.4397988Z     ✓ --check FAILS when the file is missing entirely
2026-09-27T08:45:27.4398452Z     ✓ REFUSES a STALE title (title #N == ★ LATEST #N, the skipped-mint state)
2026-09-27T08:45:27.7083194Z ⚠ DUPLICATE HEADING: gm-archive:2b-wave-1-rulings-1-7-unchanged-rule-with-the-above at _GM-ARCHIVE.md:5564 and _GM-ARCHIVE.md:6644
2026-09-27T08:45:27.7084776Z ⚠ DUPLICATE HEADING: gm-archive:3-the-standing-eyeball-set-non-blocking-your-foundations-fir at _GM-ARCHIVE.md:5586 and _GM-ARCHIVE.md:6667
2026-09-27T08:45:27.7086541Z ⚠ DUPLICATE HEADING: gm-archive:4b-queued-button-states-finesse-pass-dave-2026-07-22-not-now at _GM-ARCHIVE.md:5548 and _GM-ARCHIVE.md:6741
2026-09-27T08:45:27.7087755Z ⚠ DUPLICATE HEADING: gm-archive:5-parked-unchanged at _GM-ARCHIVE.md:5559 and _GM-ARCHIVE.md:6752
2026-09-27T08:45:27.7089208Z ⚠ DUPLICATE HEADING: ls-archive:prior-delta-2026-07-26-sun-evening-opus-solo-self-conducting at _LIVE-STATE-ARCHIVE.md:5425 and _LIVE-STATE-ARCHIVE.md:5440
2026-09-27T08:45:27.7091069Z ⚠ DUPLICATE HEADING: component:icon-button at knowledge/_proforma/icon-button.meta.json:1 and knowledge/components/icon-button.meta.json:1
2026-09-27T08:45:28.4814741Z ⚠ DUPLICATE HEADING: gm-archive:2b-wave-1-rulings-1-7-unchanged-rule-with-the-above at _GM-ARCHIVE.md:5564 and _GM-ARCHIVE.md:6644
2026-09-27T08:45:28.4816285Z ⚠ DUPLICATE HEADING: gm-archive:3-the-standing-eyeball-set-non-blocking-your-foundations-fir at _GM-ARCHIVE.md:5586 and _GM-ARCHIVE.md:6667
2026-09-27T08:45:28.4818052Z ⚠ DUPLICATE HEADING: gm-archive:4b-queued-button-states-finesse-pass-dave-2026-07-22-not-now at _GM-ARCHIVE.md:5548 and _GM-ARCHIVE.md:6741
2026-09-27T08:45:28.4819308Z ⚠ DUPLICATE HEADING: gm-archive:5-parked-unchanged at _GM-ARCHIVE.md:5559 and _GM-ARCHIVE.md:6752
2026-09-27T08:45:28.4821018Z ⚠ DUPLICATE HEADING: ls-archive:prior-delta-2026-07-26-sun-evening-opus-solo-self-conducting at _LIVE-STATE-ARCHIVE.md:5425 and _LIVE-STATE-ARCHIVE.md:5440
2026-09-27T08:45:28.4822440Z ⚠ DUPLICATE HEADING: component:icon-button at knowledge/_proforma/icon-button.meta.json:1 and knowledge/components/icon-button.meta.json:1
2026-09-27T08:45:29.0315039Z     ✓ REFUSES (with a reason) when GM has no ★ LATEST banner — no cheerful blank
2026-09-27T08:45:29.0315795Z   ✅ _gen_chain selftest: all bites pass
2026-09-27T08:45:29.0317265Z   ⛔ STRUCTURAL GOOD-MORNING.md: no `pre-flight:` stamp — the handoff must carry the estimate the session was priced with (runbook § ★ Half 0b). Form (Dave #56, REAL TOKENS): `pre-flight: boot N (disk N measured · harness ~N est ±N) + job N est + wrap N est = N of 256,000 — BAND`
2026-09-27T08:45:29.0318519Z   ⛔ STRUCTURAL GOOD-MORNING.md: section marker(s) not found (DO-FIRST, §A, §C) — ritual step 2
2026-09-27T08:45:29.0319962Z   ⛔ STRUCTURAL retrieval index is STALE — it does not match GOOD-MORNING.md / _LIVE-STATE.md as they now stand, so `_memento_search.py` is serving a PREVIOUS session's record. Run `python3 knowledge/_build_memento_index.py` and stage the result (ritual step 2g). This is the #32 defect — do not close over it.
2026-09-27T08:45:29.0321622Z   ⛔ STRUCTURAL boot-drift: notes/_GAUGE-LOG.md is MISSING — the boot band is DERIVED from that file (`s240-D1`), so with it absent there is no band and nothing to check. This is the #109 condition (a rule with no consumer), not a clean pass.
2026-09-27T08:45:29.0322793Z   ⛔ STRUCTURAL lane-routing: GM §C·1 eager ROUTING line MISSING (⛔ ROUTING) — externalised records without the eager pointer is the cold-session-defaults-onto-Apollo failure
2026-09-27T08:45:29.0324282Z   ⛔ STRUCTURAL TITLE GENERATION: no `knowledge/_gen_titles_receipt.json` found — `python3 knowledge/_gen_titles.py --session <N>` was not run this wrap. RENAME and NEXT-TITLE must be MECHANISED (#120 residual ⓪), never hand-authored prose.
2026-09-27T08:45:29.0325352Z   ▫️  heals-at-wrap: _LIVE-STATE.md: "Last refreshed" zone does not carry today (2026-07-27) — refresh it (ritual steps 1
2026-09-27T08:45:29.0326070Z   ▫️  heals-at-wrap: GOOD-MORNING.md: header date zone does not carry today (2026-07-27) — refresh it (ritual steps 1 / 2
2026-09-27T08:45:29.0326960Z rehearsal [wrap-gate, early]: 6 STRUCTURAL fail(s) — fix NOW, cheap · 2 heals-at-wrap (ritual steps 1/2) · 3 warn(s) (run --wrap for bodies) · logged → notes/_REHEARSAL-LOG.jsonl
2026-09-27T08:45:29.0328314Z   ❌ FAIL GOOD-MORNING.md: no `pre-flight:` stamp — the handoff must carry the estimate the session was priced with (runbook § ★ Half 0b). Form (Dave #56, REAL TOKENS): `pre-flight: boot N (disk N measured · harness ~N est ±N) + job N est + wrap N est = N of 256,000 — BAND`
2026-09-27T08:45:29.0329297Z   ❌ FAIL GOOD-MORNING.md: section marker(s) not found (DO-FIRST, §A, §C) — ritual step 2
2026-09-27T08:45:29.0330533Z   ❌ FAIL retrieval index is STALE — it does not match GOOD-MORNING.md / _LIVE-STATE.md as they now stand, so `_memento_search.py` is serving a PREVIOUS session's record. Run `python3 knowledge/_build_memento_index.py` and stage the result (ritual step 2g). This is the #32 defect — do not close over it.
2026-09-27T08:45:29.0331957Z   ❌ FAIL boot-drift: notes/_GAUGE-LOG.md is MISSING — the boot band is DERIVED from that file (`s240-D1`), so with it absent there is no band and nothing to check. This is the #109 condition (a rule with no consumer), not a clean pass.
2026-09-27T08:45:29.0333098Z   ❌ FAIL lane-routing: GM §C·1 eager ROUTING line MISSING (⛔ ROUTING) — externalised records without the eager pointer is the cold-session-defaults-onto-Apollo failure
2026-09-27T08:45:29.0334232Z   ❌ FAIL TITLE GENERATION: no `knowledge/_gen_titles_receipt.json` found — `python3 knowledge/_gen_titles.py --session <N>` was not run this wrap. RENAME and NEXT-TITLE must be MECHANISED (#120 residual ⓪), never hand-authored prose.
2026-09-27T08:45:29.0335269Z   ❌ FAIL _LIVE-STATE.md: "Last refreshed" zone does not carry today (2026-07-27) — refresh it (ritual steps 1 / 2) before closing
2026-09-27T08:45:29.0336001Z   ❌ FAIL GOOD-MORNING.md: header date zone does not carry today (2026-07-27) — refresh it (ritual steps 1 / 2) before closing
2026-09-27T08:45:29.0337401Z   ⚠️  WARNS 3 UNCHANGED warn(s) since the rehearse record of 2026-07-27 — NAMED, bodies suppressed (`s241-D2`); run `python3 knowledge/_capture_gate.py --wrap --warns-full` for the bodies: B2 PLAN BLOCK check SKIPPED — no `_CHAIN.md` under /tmp/ · ⛔ INSTRUMENT-STRAY GATE DID NOT RUN for `knowledge/asset · SHARED HELPER: the dedup comparer DID NOT RUN — `git ls-
2026-09-27T08:45:29.0338741Z   ▫️  s263-D10 RULINGS PAGE check SKIPPED — no `knowledge/_rulings.json` under /tmp/tmpyalvik0e, so this is not a state tree. NOT a pass.
2026-09-27T08:45:29.0339502Z   ▫️  REGISTER↔STORE JOIN SKIPPED — register not present under /tmp/tmpyalvik0e. NOT a pass: the join was not made here.
2026-09-27T08:45:29.0340668Z   ▫️  REGEN SERIAL SKIPPED — the serial's own home is unreadable (no `knowledge/_build_all.py` under this tree). NOT a pass: the ordered set was never read, so nothing was compared.
2026-09-27T08:45:29.0341587Z   ▫️  FILED SUB-REPORTS: no `notes/_subreports/` under /tmp/tmpyalvik0e — nothing filed here, so nothing to cite. NOT a pass: the check did not run.
2026-09-27T08:45:29.0342836Z   ▫️  FILED SUB-REPORT LINES: no `notes/_subreports/` under /tmp/tmpyalvik0e — nothing filed here. NOT a pass: the check did not run.
2026-09-27T08:45:29.0343464Z   ▫️  · no `_to_delete/` in this tree — nothing held, nothing to age.
2026-09-27T08:45:29.0344515Z   ▫️  memory-cap: DID NOT RUN — no Cowork mount matched /sessions/*/mnt and no --path was given — the auto-memory index lives OUTSIDE this repo, so on a non-Cowork tree there is genuinely nothing to grade. This is UNKNOWN, not a pass: the auto-memory index is a Cowork surface outside this repo.
2026-09-27T08:45:29.0345630Z   ▫️  section-usage: strata marker absent — probe skipped (honest skip, not a pass)
2026-09-27T08:45:29.0346143Z   ▫️  usage-history: no testimony found — UNMEASURED, not assumed clean.
2026-09-27T08:45:29.0346664Z   ▫️  consult-receipts: strata marker absent — probe skipped (honest skip, not a pass)
2026-09-27T08:45:29.0347407Z   ▫️  s295-D2 ENACTED-SHA check SKIPPED — no `knowledge/_rulings.json` in this tree. A fixture tree is not a state the rule has an opinion about.
2026-09-27T08:45:29.0349019Z   ▫️  hook re-check (`s271-D4`): DECLARED SKIP — no Cowork mount matched /sessions/*/mnt and no --path was given — the auto-memory index lives OUTSIDE this repo, so on a non-Cowork tree there is genuinely nothing to grade. The memory store lives OUTSIDE this repo (a Cowork surface); on a tree without it there is genuinely nothing to re-read. This is UNKNOWN, never a pass. Pass an explicit hook path to drive it.
2026-09-27T08:45:29.0350394Z   ▫️  ds-022 continuity: no _GAUGE-LOG.md or no GOOD-MORNING.md — UNMEASURED, not assumed clean.
2026-09-27T08:45:29.0350923Z   ▫️  subs-line: no notes/_GAUGE-LOG.md — UNMEASURED, not assumed clean.
2026-09-27T08:45:29.0351435Z   ▫️  stop-line: knowledge/_RUNBOOK-context-gauge.md absent — UNMEASURED, not passed.
2026-09-27T08:45:29.0352030Z   ▫️  stop-line: knowledge/_RUNBOOK-capture-ritual.md absent — UNMEASURED, not passed.
2026-09-27T08:45:29.0352660Z   ▫️  ds-023 stop line: STATED in all 2 trigger homes (reconciled #54 — the runbook used to contradict itself).
2026-09-27T08:45:29.0353433Z   ▫️  ds-022 (d) unkeyed: no notes/_GAUGE-LOG.md — UNMEASURED, not assumed clean. (An absent file is not a clean file; the M10 refusal pattern.)
2026-09-27T08:45:29.0354237Z   ▫️  roll-claim check: no ★ LATEST banner found — UNMEASURED (a different check already fails the wrap for this state; not re-raised here).
2026-09-27T08:45:29.0355245Z   ▫️  stale-top-item fence: `knowledge/_rulings.json` UNREADABLE (knowledge/_rulings.json does not exist) — the fence is UNMEASURED this wrap. That is NOT the same as 'no owed claim is contradicted'.
2026-09-27T08:45:29.0356364Z   ▫️  2c carry gate: no ★ LATEST + ★ PRIOR pair found — UNMEASURED. ⛔ Not a pass: with one banner there is nothing to carry FROM, and the banner structure itself is graded by other checks.
2026-09-27T08:45:29.0357840Z   ▫️  PRE-FLIGHT stamp: graded in REAL TOKENS (Dave #56 — amber 160,000 · working 256,000 · hard 300,000); the % band's enforcement was RETIRED #74-D3 (history: ledger § #36, runbook ds-023). Whether the fill figure is HONEST is still not observable here — and the wrap term is RING-FENCED at any mid-session re-price (#74-D2, runbook § Half 0b (a′)).
2026-09-27T08:45:29.0359348Z   ▫️  PRE-FLIGHT stamp: FORM checked only. Whether the fill figure is honest, and whether a mid-job re-price actually happened, are NOT observable here — discipline, not enforcement (_RUNBOOK-context-gauge.md § ★ Half 0b).
2026-09-27T08:45:29.0360613Z   ▫️  HONEST SKIP — memory-store checks (MEMORY.md pointers, memory-file fields): outside the repo, invisible to this gate. Session checks them by hand at ritual step 3 (D1a — unenforced by design).
2026-09-27T08:45:29.0361694Z   ▫️  #119 sweep re-checker (s186-D2, pass 6 P1): 21 frozen 'UNPROVEN by this sweep' status string(s) in `_rulings.json` — unchanged. Counted, never rewritten; refuses only on growth.
2026-09-27T08:45:29.0362373Z capture gate [wrap]: 0 in scope · 8 fail · 3 warn
2026-09-27T08:45:29.2565146Z ⚠ DUPLICATE HEADING: gm-archive:2b-wave-1-rulings-1-7-unchanged-rule-with-the-above at _GM-ARCHIVE.md:5564 and _GM-ARCHIVE.md:6644
2026-09-27T08:45:29.2567045Z ⚠ DUPLICATE HEADING: gm-archive:3-the-standing-eyeball-set-non-blocking-your-foundations-fir at _GM-ARCHIVE.md:5586 and _GM-ARCHIVE.md:6667
2026-09-27T08:45:29.2568947Z ⚠ DUPLICATE HEADING: gm-archive:4b-queued-button-states-finesse-pass-dave-2026-07-22-not-now at _GM-ARCHIVE.md:5548 and _GM-ARCHIVE.md:6741
2026-09-27T08:45:29.2570693Z ⚠ DUPLICATE HEADING: gm-archive:5-parked-unchanged at _GM-ARCHIVE.md:5559 and _GM-ARCHIVE.md:6752
2026-09-27T08:45:29.2572082Z ⚠ DUPLICATE HEADING: ls-archive:prior-delta-2026-07-26-sun-evening-opus-solo-self-conducting at _LIVE-STATE-ARCHIVE.md:5425 and _LIVE-STATE-ARCHIVE.md:5440
2026-09-27T08:45:29.2573457Z ⚠ DUPLICATE HEADING: component:icon-button at knowledge/_proforma/icon-button.meta.json:1 and knowledge/components/icon-button.meta.json:1
2026-09-27T08:45:29.8036269Z   ❌ FAIL notes/2026-07-26-bad-date.md: `provenance:` carries no parseable YYYY-MM-DD date (take it from `date`, never from belief — T-D12)
2026-09-27T08:45:29.8037670Z   ❌ FAIL notes/2026-07-26-missing-status.md: missing `status:` line (vocab: floated | inferred | observed | ruled | standing)
2026-09-27T08:45:29.8038587Z   ❌ FAIL notes/2026-07-26-ruled-no-pointer.md: `status: ruled` names no ledger — promotion is Dave's alone and must point at its ledger/ADR entry
2026-09-27T08:45:29.8039398Z   ❌ FAIL notes/2026-07-26-unknown-status.md: unknown status `vibes` (vocab: floated | inferred | observed | ruled | standing)
2026-09-27T08:45:29.8040108Z capture gate [build]: 5 in scope · 4 fail · 0 warn
2026-09-27T08:45:29.8040731Z   ❌ FAIL notes/2026-07-26-bad-date.md: `provenance:` carries no parseable YYYY-MM-DD date (take it from `date`, never from belief — T-D12)
2026-09-27T08:45:29.8041518Z   ❌ FAIL notes/2026-07-26-missing-status.md: missing `status:` line (vocab: floated | inferred | observed | ruled | standing)
2026-09-27T08:45:29.8042283Z   ❌ FAIL notes/2026-07-26-ruled-no-pointer.md: `status: ruled` names no ledger — promotion is Dave's alone and must point at its ledger/ADR entry
2026-09-27T08:45:29.8043065Z   ❌ FAIL notes/2026-07-26-unknown-status.md: unknown status `vibes` (vocab: floated | inferred | observed | ruled | standing)
2026-09-27T08:45:29.8043881Z   ⚠️  WARN B2 PLAN BLOCK check SKIPPED — no `_CHAIN.md` under /tmp/tmpbz9qj702, so this is not a state tree. NOT a pass: the seam was not graded here.
2026-09-27T08:45:29.8044790Z   ⚠️  WARN ⛔ INSTRUMENT-STRAY GATE DID NOT RUN for `knowledge/assets` (git exit 128: fatal: not a git repository (or any of the parent directories): .git) — UNKNOWN, not clean.
2026-09-27T08:45:29.8045736Z   ⚠️  WARN SHARED HELPER: the dedup comparer DID NOT RUN — `git ls-files` could not answer under /tmp/tmpbz9qj702. UNKNOWN, not a single implementation.
2026-09-27T08:45:29.8046569Z   ▫️  s263-D10 RULINGS PAGE check SKIPPED — no `knowledge/_rulings.json` under /tmp/tmpbz9qj702, so this is not a state tree. NOT a pass.
2026-09-27T08:45:29.8047362Z   ▫️  REGISTER↔STORE JOIN SKIPPED — register not present under /tmp/tmpbz9qj702. NOT a pass: the join was not made here.
2026-09-27T08:45:29.8048272Z   ▫️  REGEN SERIAL SKIPPED — the serial's own home is unreadable (no `knowledge/_build_all.py` under this tree). NOT a pass: the ordered set was never read, so nothing was compared.
2026-09-27T08:45:29.8049190Z   ▫️  FILED SUB-REPORTS: no `notes/_subreports/` under /tmp/tmpbz9qj702 — nothing filed here, so nothing to cite. NOT a pass: the check did not run.
2026-09-27T08:45:29.8050093Z   ▫️  FILED SUB-REPORT LINES: no `notes/_subreports/` under /tmp/tmpbz9qj702 — nothing filed here. NOT a pass: the check did not run.
2026-09-27T08:45:29.8050693Z   ▫️  · no `_to_delete/` in this tree — nothing held, nothing to age.
2026-09-27T08:45:29.8051774Z   ▫️  memory-cap: DID NOT RUN — no Cowork mount matched /sessions/*/mnt and no --path was given — the auto-memory index lives OUTSIDE this repo, so on a non-Cowork tree there is genuinely nothing to grade. This is UNKNOWN, not a pass: the auto-memory index is a Cowork surface outside this repo.
2026-09-27T08:45:29.8053122Z   ▫️  LANE WRAP (--lane, S-D2): GOOD-MORNING header check SKIPPED — lane sessions are ruled outside the GM queue; _LIVE-STATE §🔀 is their record and its check still bites.
2026-09-27T08:45:29.8054070Z   ▫️  LANE WRAP: pre-flight-stamp check SKIPPED too — the stamp lives in GOOD-MORNING.md, which lane sessions do not write.
2026-09-27T08:45:29.8055317Z   ▫️  LANE WRAP: section growth contracts (2e/2f), the banner/§A/chain budgets, the retirement-receipts proxy, the section-usage probe, the consult-receipt probe and the lane-routing check are all SKIPPED — same reason. A lane session cannot be charged for a file it is ruled out of writing.
2026-09-27T08:45:29.8056675Z   ▫️  LANE WRAP: the #32 retrieval-index freshness check is SKIPPED — a lane session does not write GM/LS, so it cannot stale the index. ⚠ If lanes ever gain a write path into either file, this exemption must go with it.
2026-09-27T08:45:29.8057606Z   ▫️  LANE WRAP: the roll-claim check (T2, #77) is SKIPPED too — same reason, the residual it grades lives in GOOD-MORNING.md.
2026-09-27T08:45:29.8058802Z   ▫️  LANE WRAP: the stale-top-item fence (s161-D4, #161) is SKIPPED — its scope is the `residual → #N` home in the GOOD-MORNING/_CHAIN ★ LATEST banners, which lane sessions do not write. ⚠ If lanes ever gain a hand-off line of their own, this exemption must go with it.
2026-09-27T08:45:29.8060346Z   ▫️  HONEST SKIP — memory-store checks (MEMORY.md pointers, memory-file fields): outside the repo, invisible to this gate. Session checks them by hand at ritual step 3 (D1a — unenforced by design).
2026-09-27T08:45:29.8061425Z   ▫️  #119 sweep re-checker (s186-D2, pass 6 P1): 21 frozen 'UNPROVEN by this sweep' status string(s) in `_rulings.json` — unchanged. Counted, never rewritten; refuses only on growth.
2026-09-27T08:45:29.8062081Z capture gate [wrap]: 5 in scope · 4 fail · 3 warn
2026-09-27T08:45:29.8062623Z   ⊘ capture-gate selftest: every reachable arm passed; 4 arm(s) could not be asked in this checkout
2026-09-27T08:45:29.8066982Z COULD-NOT-ASK: _capture_gate.py --selftest — 4 arm(s) read an input this checkout cannot hold — trigger index: ruling ds-034's evidence `outputs/_FINDING-canon-pri-hover-brand-mono-fork-2026-08-06-v1.md` is excluded by this repo's own .gitignore — no checkout can hold it, so whether it has rotted is UNASKABLE here; the machine that wrote it is where that question has an answer · trigger index: ruling ds-034's evidence `outputs/_PARTITION-button-primary-2026-08-06-v1.md` is excluded by this repo's own .gitignore — no checkout can hold it, so whether it has rotted is UNASKABLE here; the machine that wrote it is where that question has an answer · trigger index: ruling ds-035's evidence `outputs/_FINDING-canon-pri-hover-brand-mono-fork-2026-08-06-v1.md` is excluded by this repo's own .gitignore — no checkout can hold it, so whether it has rotted is UNASKABLE here; the machine that wrote it is where that question has an answer · trigger index: ruling s245-D6's evidence `knowledge/_tmp/l3-245/rename-plan.json` is excluded by this repo's own .gitignore — no checkout can hold it, so whether it has rotted is UNASKABLE here; the machine that wrote it is where that question has an answer ⇒ THIS IS NOT A SKIP: every other arm passed here, and these arms have their proof of record on a tree that carries the ignored artefacts (a working session's own repo), never on a bare clone.
2026-09-27T08:45:30.0734315Z _gauge_tokens.py selftest OK -- counting path exact on 5 fixtures; cache hit fidelity + content-hash keying + corrupt-file robustness all bite; degraded-measurement honesty holds; band/floor guard logic verified relative to the live constants.
2026-09-27T08:45:30.1680354Z   ✅ _roll_state.py selftest: green control renders exactly; every corrupted surface refuses named; every OVER state bites
2026-09-27T08:45:39.8893136Z == _test_git_commit.py selftest — real script: /home/runner/work/UX-design/UX-design/knowledge/_git_commit.sh (77943 bytes) ==
2026-09-27T08:45:39.8894319Z   PASS  happy_path_commit_lands
2026-09-27T08:45:39.8894761Z   PASS  nonwrap_headline_after_prefix_78D3
2026-09-27T08:45:39.8895220Z   PASS  wrap_headline_no_prefix
2026-09-27T08:45:39.8895692Z   PASS  cap_120_applied_after_prefix
2026-09-27T08:45:39.8896438Z   PASS  warn_split_red_gate_plain_commit_lands
2026-09-27T08:45:39.8896901Z   PASS  warn_split_red_gate_wrap_blocks
2026-09-27T08:45:39.8897319Z   PASS  spine_consumer_warn_plain_78D2
2026-09-27T08:45:39.8897713Z   PASS  spine_consumer_wrap_blocks_78D2
2026-09-27T08:45:39.8898143Z   PASS  gen_chain_check_refusal_pre_stage
2026-09-27T08:45:39.8898571Z   PASS  missing_msgfile_refused
2026-09-27T08:45:39.8898933Z   PASS  empty_msgfile_refused
2026-09-27T08:45:39.8899357Z   PASS  no_args_refused
2026-09-27T08:45:39.8899878Z   PASS  not_reconciled_refused
2026-09-27T08:45:39.8900282Z   PASS  stale_index_lock_moved_aside
2026-09-27T08:45:39.8900732Z   PASS  banner_fallback_note_printed
2026-09-27T08:45:39.8901131Z   PASS  missing_banner_fails_loud
2026-09-27T08:45:39.8901600Z   PASS  wrap_undeclared_session_blocks_120
2026-09-27T08:45:39.8902051Z   PASS  wrap_session_witness_refusal_blocks_120
2026-09-27T08:45:39.8902748Z   PASS  subject_fold_blank_line_inserted_124
2026-09-27T08:45:39.8903615Z   PASS  MUTATION_blank_insert_removed_bites_124 — went RED as required: exit 1; out tail: }
2026-09-27T08:45:39.8904338Z  1 file changed, 1 insertion(+)
2026-09-27T08:45:39.8904910Z  create mode 100644 work.txt
2026-09-27T08:45:39.8905921Z — committed: 64b2da7 after #77 2026-09-27 — PLACEHOLDER-HEADLINE {"date":"x","fails":0,"kind":"rehearse"} {"date":"x","fails":0,"ki
2026-09-27T08:45:39.8907643Z ✗ commit subject is 292 chars (cap 200) — the 0eacf2d subject-fold class: no blank line after the headline, so git folded the body into %s. The commit LANDED; fix the msgfile and amend BEFORE Dave pushes.
2026-09-27T08:45:39.8908635Z 
2026-09-27T08:45:39.8909391Z   PASS  MUTATION_prefix_stripped_bites — went RED as required: exit 1; out tail: = 0 (must be exactly 1) — the doubled-subject class (#208, 8 documented instances).
2026-09-27T08:45:39.8910588Z     git %s : PLACEHOLDER-HEADLINE-to-be-replaced-by-T3
2026-09-27T08:45:39.8911391Z   0 means T3's prefix never reached the subject (check --cleanup=verbatim survived);
2026-09-27T08:45:39.8912211Z   2+ means a msgfile was reused and the prefix stacked. The commit LANDED: fix the
2026-09-27T08:45:39.8913033Z   msgfile (FRESH file, fresh printf) and 'git commit --amend -F <fresh>' BEFORE Dave pushes.
2026-09-27T08:45:39.8913683Z 
2026-09-27T08:45:39.8914532Z   PASS  MUTATION_lockclear_removed_bites — went RED as required: pre-existing index.lock blocked the run (exit 1); out tail: 0
2026-09-27T08:45:39.8915444Z — session witness agrees (#77)
2026-09-27T08:45:39.8915923Z STUB _capture_gate.py args=['--wrap'] exit=0
2026-09-27T08:45:39.8916550Z — wrap gate green (mid-session commit, DECLARED not-a-wrap)
2026-09-27T08:45:39.8917162Z STUB _build_live_state.py args=['--selftest'] exit=0
2026-09-27T08:45:39.8917804Z — spine-writer selftest green (mid-session commit, DECLARED not-a-wrap)
2026-09-27T08:45:39.8918586Z — T3 headline: after #77 2026-09-27 — PLACEHOLDER-HEADLINE-to-be-replaced-by-T3
2026-09-27T08:45:39.8919290Z ✗ lock survived the mv-aside — do NOT stage; investigate
2026-09-27T08:45:39.8920174Z 
2026-09-27T08:45:39.8920362Z   PASS  declare_dirt_names_instrumentation_W22
2026-09-27T08:45:39.8920880Z   PASS  declare_dirt_silent_without_instrumentation_W22
2026-09-27T08:45:39.8922001Z   PASS  MUTATION_declare_dirt_call_removed_bites_W22 — went RED as required: DECLARED block missing though instrumentation dirt was planted: — dirty paths:
2026-09-27T08:45:39.8922904Z  M notes/_REHEARSAL-LOG.jsonl
2026-09-27T08:45:39.8923321Z ?? msg.txt
2026-09-27T08:45:39.8923635Z ?? work.txt
2026-09-27T08:45:39.8923799Z 
2026-09-27T08:45:39.8924750Z   PASS  MUTATION_declare_dirt_match_widened_bites_W22 — went RED as required: DECLARED block fired with no instrumentation path dirty: uded — its POLICY is ⬛ DAVE'S, unruled (dream pass 6 P2)
2026-09-27T08:45:39.8925865Z     notes/_dream/_GRADE-DECISIONS.jsonl
2026-09-27T08:45:39.8926458Z       written by: _checkin.py B3 grade alerts / _gardener.py --grade-decision
2026-09-27T08:45:39.8927252Z       status:     NOT excluded — its POLICY is ⬛ DAVE'S, unruled (dream pass 6 P2)
2026-09-27T08:45:39.8928581Z   ⇒ this dirt is machine-written, not an uncommitted draft. ⛔ The POLICY (exclude / commit / relocate) is DAVE'S; this line only DECLARES it.
2026-09-27T08:45:39.8929250Z 
2026-09-27T08:45:39.8929433Z   PASS  doc_row_gate_refusal_and_ack_W20
2026-09-27T08:45:39.8930137Z   PASS  showroom_gate_refusal_and_ack_s191D1
2026-09-27T08:45:39.8930666Z   PASS  mention_map_stale_regenerates_and_refuses_208
2026-09-27T08:45:39.8931288Z   PASS  mention_map_regenerated_not_staged_208
2026-09-27T08:45:39.8931880Z   PASS  schematic_stale_regenerates_and_refuses_304R1
2026-09-27T08:45:39.8932434Z   PASS  schematic_regenerated_not_staged_304R1
2026-09-27T08:45:39.8933442Z   PASS  MUTATION_schematic_gate_removed_bites_304R1 — went RED as required: staged despite the schematic refusal — P5 violated
2026-09-27T08:45:39.8934922Z   PASS  MUTATION_schematic_second_half_removed_bites_304R1 — went RED as required: an unstaged regenerated schematic did NOT block the commit
2026-09-27T08:45:39.8935834Z   PASS  scratch_hygiene_advisory_on_wrap_228
2026-09-27T08:45:39.8936415Z   PASS  harness_stub_coverage_W33
2026-09-27T08:45:39.8937371Z   PASS  MUTATION_harness_stub_detector_bites_W33 — went RED on the planted gate and GREEN on the clean tree: ['_gate_totally_unstubbed.py']
2026-09-27T08:45:39.8938196Z   PASS  polarity_gate_refusal_and_ack_s238D7
2026-09-27T08:45:39.8939238Z   PASS  MUTATION_polarity_gate_block_removed_bites_s238D7 — went RED as required: the gate was not invoked with --check on the happy path; out tail: placed-by-T3
2026-09-27T08:45:39.8940338Z  1 file changed, 1 insertion(+)
2026-09-27T08:45:39.8940798Z  create mode 100644 work.txt
2026-09-27T08:45:39.8941516Z — committed: fcaa280 after #77 2026-09-27 — PLACEHOLDER-HEADLINE-to-be-replaced-by-T3
2026-09-27T08:45:39.8942572Z — subject asserted identical to the headline T3 generated (in memory, not re-read from the msgfile — #171)
2026-09-27T08:45:39.8943473Z — subject carries exactly ONE T3 prefix (#208 doubled-subject assert)
2026-09-27T08:45:39.8944156Z ✓ done — locks clear, safe for Dave to push via GitHub Desktop
2026-09-27T08:45:39.8944579Z 
2026-09-27T08:45:39.8944808Z   PASS  w355_deadlock_reproduced_on_unfixed_script_CONTROL
2026-09-27T08:45:39.8945337Z   PASS  w355_declared_form_lands_from_wrapped_seat
2026-09-27T08:45:39.8945854Z   PASS  w355_declared_form_lands_from_next_seat
2026-09-27T08:45:39.8946338Z   PASS  w355_r3_still_refuses_without_ack
2026-09-27T08:45:39.8946951Z   PASS  w355_declared_form_does_not_bypass_T3_wrap
2026-09-27T08:45:39.8947627Z   PASS  w355_wrap_with_next_handoff_lands
2026-09-27T08:45:39.8948075Z   PASS  w355_ordinary_commit_unaffected
2026-09-27T08:45:39.8948824Z   PASS  MUTATION_w355_declared_form_removed_bites — went RED as required: exit 1; tail: ve.
2026-09-27T08:45:39.8949314Z 
2026-09-27T08:45:39.8949598Z    Legal forms: fix the cause, or state a REAL gap with --acknowledge "<why>".
2026-09-27T08:45:39.8950449Z ✗ _session.py REFUSED for declared session #238 — its named wi
2026-09-27T08:45:39.8951427Z   PASS  MUTATION_w355_restore_removed_bites — went RED at T3 as required (SESSION_N never restored)
2026-09-27T08:45:39.8952020Z --
2026-09-27T08:45:39.8952392Z ALL GREEN — 48 arms (incl. 11 mutation controls)
2026-09-27T08:45:40.1030069Z   ✅ gm-move selftest: every refusal fires · green controls pass · receipts + warn≠block + all-or-nothing proven
2026-09-27T08:45:40.3982045Z [_gm_usage selftest] OK — 78 bites, all fired or held as contracted (sizes method: tiktoken cl100k_base)
2026-09-27T08:45:40.4470766Z ✓ lanes view already current (no write)
2026-09-27T08:45:40.4668335Z ✓ lanes view in sync with records
2026-09-27T08:45:40.4876712Z [_gen_lanes selftest] OK — 21 bites, every refusal fired, green controls held
2026-09-27T08:45:40.5246263Z wrote _XREF-INDEX.json + _XREF-INDEX.md for 137 components
2026-09-27T08:45:40.5246929Z with deprecated bindings: 19
2026-09-27T08:45:40.5252523Z god-nodes (blast>=7): ['background/default', 'border-radius/control', 'border-radius/indicator', 'border-radius/surface', 'border/subtle', 'color/primary', 'data/series/1', 'divider/border/section', 'divider/border/subsection', 'elevation/border', 'elevation/functional', 'focus/ring', 'form/background/default', 'form/background/hover', 'form/background/pressed', 'form/border/active', 'form/border/default', 'icon/default', 'icon/default-reverse', 'icon/disabled', 'overlay/version1', 'primary/background/default', 'primary/border/default', 'rag/error', 'rag/error-ink', 'rag/error-tint', 'rag/information', 'rag/success', 'rag/success-ink', 'rag/success-tint', 'rag/warning', 'rag/warning-tint', 'scale', 'secondary/background/default', 'surface/subtle', 'target/min', 'tertiary/background/default', 'tertiary/background/hover', 'tertiary/background/pressed', 'tertiary/border/default', 'text/default', 'text/disabled', 'text/on-inverse', 'text/reverse', 'text/secondary', 'typography/font-family/default']
2026-09-27T08:45:40.5259116Z topical guideline reach: {'icons.md': 9, 'typography-usage.md': 7, 'elevation.md': 6, 'calls-to-action.md': 6, 'platform-web.md': 5, 'tone-of-voice.md': 5, 'time-based-indicators.md': 5, 'forms.md': 5, 'imagery.md': 4, 'hexagon-masks.md': 3, 'contextual-help.md': 2, 'platform-app.md': 2, 'horizontal-scroll.md': 2, 'view-controls-sort.md': 2, 'logos.md': 1, 'cookie-notifications.md': 1}
2026-09-27T08:45:40.5802459Z sutherland fixtures: 137 component contract(s) -> tokens/_manifests/sutherland-fixtures.json
2026-09-27T08:45:40.7256490Z states probe: 45/51 applicable states demonstrated, 6 advisory gap(s) — wrote _STATES-COMPLETENESS.md + states-probe.json (non-gating)
2026-09-27T08:45:40.8652700Z items 892 · live 727 · conditioned 878 · UNCONDITIONED 14
2026-09-27T08:45:40.8653448Z   by state: {'open': 727, 'blocked': 0, 'ruled': 0, 'done': 145, 'dropped': 0, 'parked': 20}
2026-09-27T08:45:40.8653944Z   live by owner: {'dave': 453, 'claude': 274}
2026-09-27T08:45:40.8654850Z   ⚠ DECLARED DEBT: 14 item(s) carry no close condition (W-0b, W-01, W-02, W-03, W-04, W-05, W-06, W-07, W-08, W-09, W-10, W-11, W-12, W-13). Frozen set size 19 — this number may only fall. Each needs Dave's word, not an agent's guess.
2026-09-27T08:45:40.8656040Z   ⚠ real-input coverage: 1 item(s) carry a deadline, 0 carry an effort; on those items the dashboard's PROXY is REPLACED. The rest of the 727 live item(s) are still scored by prose scan / body length.
2026-09-27T08:45:40.8657075Z   ⚠ project split: apollo 721 · memento 171 (of 892 items). The values written at #172 are DEFAULTS proposed for Dave's eye, not his ruling on each item.
2026-09-27T08:45:40.8658034Z   ⚠ home pointers: 874 resolve by ANCHOR (rot-proof), 18 are still `path:line` (UNVERIFIABLE by content — the #168 rot class), 0 UNRESOLVABLE. Blocking = True (Dave's dial).
2026-09-27T08:45:40.8659854Z   ⚠ REGROWTH (advisory, #304): 76 live row(s) close only on opener/wrap events at sessions that have already wrapped (rows opened up to #304) — each is MET (close it by addition, with its receipt) or STALE (restate it): W-41 (#203), W-49 (#206), W-56 (#208), W-99f (#213), W-99w (#213), W-107 (#215), W-164 (#218), W-165 (#219), W-171 (#219), W-177 (#219), W-182 (#219), W-185 (#219), W-186 (#219), W-187 (#219), W-201 (#220) …(+61 more). REGROWTH_BLOCKING is Dave's dial.
2026-09-27T08:45:40.8999474Z _state selftest: 72 bites, all GREEN
2026-09-27T08:45:40.9321750Z decision graph: 102 nodes, 172 edges -> knowledge/_DECISION-GRAPH.md
2026-09-27T08:45:40.9322652Z   states: AMENDED 9 · DEAD 8 · LIVE 84 · OPEN 1
2026-09-27T08:45:40.9541789Z   selftest unresolved: fires ✓
2026-09-27T08:45:40.9542502Z   selftest open: fires ✓
2026-09-27T08:45:40.9542936Z   selftest orphan: fires ✓
2026-09-27T08:45:40.9543449Z   selftest queued+diverge: green ✓
2026-09-27T08:45:40.9544101Z   selftest unknown-edge-type: fires `unknown-edge-type` (only) ✓
2026-09-27T08:45:40.9544820Z   selftest malformed-target: fires `malformed-target` (only) ✓
2026-09-27T08:45:40.9545535Z   selftest self-loop: fires `self-loop` (only) ✓
2026-09-27T08:45:40.9546710Z selftest PASS — gate bites on unresolved/open/orphan/unknown-edge-type/malformed-target/self-loop; queued + diverges-from stay green
2026-09-27T08:45:40.9906848Z   ✓ happy-path: splice lands on a fixture copy, invariants hold
2026-09-27T08:45:40.9907716Z   ✓ idempotency: second run is a no-op
2026-09-27T08:45:40.9908335Z   ✓ refusal: marker-less spine refused loud+named, untouched
2026-09-27T08:45:40.9909140Z   ✓ refusal never half-writes: every failure path leaves the target byte-identical
2026-09-27T08:45:40.9910138Z   ✓ mutation controls: every green above provably able to fail
2026-09-27T08:45:40.9910956Z   ✓ spine-safety: real _LIVE-STATE.md untouched (sha256 identical)
2026-09-27T08:45:40.9911557Z _build_live_state --selftest: all arms green
2026-09-27T08:45:41.6064509Z   [gen] lifecycle block up to date (no change).
2026-09-27T08:45:41.6065108Z _LIVE-STATE check: 0 warning(s), 2 note(s) -> knowledge/_LIVE-STATE-CHECK.md
2026-09-27T08:45:41.6066269Z   i [reference] DEAD artifact _NEXT-SESSION.md is mentioned (no nearby tombstone) in: knowledge/_RUNBOOK-gated-component.md, k
2026-09-27T08:45:41.6067334Z   i [orphan-edge] DEAD The "stale-reading pattern" spine note (07-18) → superseded-by "the **consult mechanism**" — target not r
2026-09-27T08:45:42.3219156Z advisory signals: 144 file(s), 135 signal(s) — see _ADVISORY-SIGNALS.md (non-gating)
2026-09-27T08:45:42.4189990Z wrote _REVIEW-QUEUE.json + .md — 233 items
2026-09-27T08:45:42.4190740Z by tier: {'review': 190, 'inferred': 43}
2026-09-27T08:45:42.4191332Z by category: {'other': 105, 'accessibility': 34, 'anti-pattern': 65, 'token-rebind': 29}
2026-09-27T08:45:42.4192062Z review token-rebinds (migration-gating): 25
2026-09-27T08:45:42.4192714Z top components: [('Confirmation', 10), ('Account card', 9), ('Action bar', 8), ('Button', 7), ('Tab-bar', 7), ('Tags', 7)]
2026-09-27T08:45:42.4527982Z dark-mode audit: 124/131 clean, 7 leaking
2026-09-27T08:45:42.4529116Z leaks by primitive: {'color/primary': 7, 'color/grey/transparent/white-75': 1, 'color/black': 1, 'color/white': 1}
2026-09-27T08:45:42.4530273Z leaking components: ['Badge', 'Cards', 'Hero', 'Links', 'List items', 'Navigations', 'Tabs']
2026-09-27T08:45:42.4854044Z text/icon contrast audit: 17 OK, 5 allowed, 1 MINOR(warn), 0 GATING FAIL, 5 skipped(light-only)
2026-09-27T08:45:42.4855475Z   ⚠ minor (ruled s194-D1) [apollo-mono] rag/text/on-dark: 3.14:1 on #F6604C (rag/error-background) — non-gating
2026-09-27T08:45:42.4856421Z per-theme palette grounds (4 themes declared): 9 regraded, 0 GATING FAIL, 0 MINOR(warn), 0 R-D24 exempted
2026-09-27T08:45:42.5081936Z indicator/accent contrast audit: 46 OK, 0 allowed, 0 GATING FAIL, 5 skipped(light-only)
2026-09-27T08:45:42.5461250Z icon contrast delta: 0 declared dead-zone, 49 exhaustive (upper bound), 5 roundel fail(s), 3 mark fail(s) — see _ICON-CONTRAST-DELTA.md (advisory)
2026-09-27T08:45:42.5652527Z dark-surface gate: 0 flat-white failure(s), 9 annotated exception(s)
2026-09-27T08:45:43.7634345Z gen_component_partials --check OK — all AUTO-PARTIAL blocks in sync, contracts hold.
2026-09-27T08:45:44.8386101Z gen_component_partials selftest OK
2026-09-27T08:45:45.0823868Z gen_token_ramp: 0 file(s) DRIFTED (0 with block, 0 block-removed), 149 already in sync.
2026-09-27T08:45:45.1110777Z gen_token_ramp selftest: 6 bites GREEN + 4 comment bites (#211) GREEN
2026-09-27T08:45:45.1953077Z   [ledger] ledger in sync (not written — the gate does not grade its own record)
2026-09-27T08:45:45.1954258Z   [PASS] dataviz/dv-behaviour — 13581 code-only bytes (13.3 KB of 16) · 23433 raw, 9852 comment/blank · 16 member(s)
2026-09-27T08:45:45.1955532Z   [PASS] dataviz/dv-legend — 7760 code-only bytes (7.6 KB of 16) · 15255 raw, 7495 comment/blank · 16 member(s)
2026-09-27T08:45:45.1956302Z   [PASS] dataviz/dv-donut-sweep — 3889 code-only bytes (3.8 KB of 16) · 5511 raw, 1622 comment/blank · 16 member(s)
2026-09-27T08:45:45.1957053Z   [PASS] dataviz/dp08-anchor — 1821 code-only bytes (1.8 KB of 16) · 3884 raw, 2063 comment/blank · 16 member(s)
2026-09-27T08:45:45.1957773Z   [PASS] dataviz/dv-render — 9783 code-only bytes (9.6 KB of 16) · 21791 raw, 12008 comment/blank · 16 member(s)
2026-09-27T08:45:45.1958499Z   [PASS] dataviz/dv-render-bar — 4613 code-only bytes (4.5 KB of 16) · 9262 raw, 4649 comment/blank · 16 member(s)
2026-09-27T08:45:45.1959201Z   [PASS] dataviz/dv-render-line — 3616 code-only bytes (3.5 KB of 16) · 9187 raw, 5571 comment/blank · 16 member(s)
2026-09-27T08:45:45.1960292Z   [PASS] dataviz/dv-render-stacked-area — 4248 code-only bytes (4.1 KB of 16) · 10285 raw, 6037 comment/blank · 16 member(s)
2026-09-27T08:45:45.1961048Z   [PASS] dataviz/dv-render-donut — 4087 code-only bytes (4.0 KB of 16) · 11466 raw, 7379 comment/blank · 16 member(s)
2026-09-27T08:45:45.1961771Z   [PASS] dataviz/dv-render-sparkline — 3235 code-only bytes (3.2 KB of 16) · 9852 raw, 6617 comment/blank · 16 member(s)
2026-09-27T08:45:45.1962844Z   [PASS] dataviz/dv-render-combo — 5198 code-only bytes (5.1 KB of 16) · 11625 raw, 6427 comment/blank · 16 member(s)
2026-09-27T08:45:45.1963542Z   [PASS] dataviz/dv-render-scatter — 4148 code-only bytes (4.1 KB of 16) · 10020 raw, 5872 comment/blank · 16 member(s)
2026-09-27T08:45:45.1964292Z   [PASS] dataviz/dv-render-histogram — 2218 code-only bytes (2.2 KB of 16) · 6670 raw, 4452 comment/blank · 16 member(s)
2026-09-27T08:45:45.1964988Z   [PASS] dataviz/dv-render-boxplot — 4336 code-only bytes (4.2 KB of 16) · 9882 raw, 5546 comment/blank · 16 member(s)
2026-09-27T08:45:45.1965692Z   [PASS] dataviz/dv-render-bullet — 4443 code-only bytes (4.3 KB of 16) · 10582 raw, 6139 comment/blank · 16 member(s)
2026-09-27T08:45:45.1966424Z   [PASS] dataviz/dv-render-candlestick — 4872 code-only bytes (4.8 KB of 16) · 10765 raw, 5893 comment/blank · 16 member(s)
2026-09-27T08:45:45.1967159Z   [PASS] dataviz/dv-render-butterfly — 4711 code-only bytes (4.6 KB of 16) · 10795 raw, 6084 comment/blank · 16 member(s)
2026-09-27T08:45:45.1967848Z   [PASS] dataviz page budget — worst member 34768 code-only bytes (34.0 KB of 34) across 17 source(s)
2026-09-27T08:45:45.1968412Z          shared, priced ONCE PER PAGE (s260-D1): dv-render — 9783 bytes
2026-09-27T08:45:45.1969020Z          Chart-combo                   34768  consumes dv-behaviour, dv-legend, dv-render, dv-render-bar, dv-render-line, dv-render-combo
2026-09-27T08:45:45.1969669Z          Chart-donut                   29317  consumes dv-behaviour, dv-legend, dv-donut-sweep, dv-render, dv-render-donut
2026-09-27T08:45:45.1970413Z          Chart-butterfly-h             26052  consumes dv-behaviour, dv-legend, dv-render, dv-render-butterfly
2026-09-27T08:45:45.1970998Z          Chart-butterfly-v             26052  consumes dv-behaviour, dv-legend, dv-render, dv-render-butterfly
2026-09-27T08:45:45.1971537Z          Chart-bar                     25954  consumes dv-behaviour, dv-legend, dv-render, dv-render-bar
2026-09-27T08:45:45.1972100Z          Chart-stacked-area            25589  consumes dv-behaviour, dv-legend, dv-render, dv-render-stacked-area
2026-09-27T08:45:45.1972679Z          Chart-scatter                 25489  consumes dv-behaviour, dv-legend, dv-render, dv-render-scatter
2026-09-27T08:45:45.1973330Z          Chart-pie                     25428  consumes dv-behaviour, dv-legend, dv-render, dv-render-donut
2026-09-27T08:45:45.1973903Z          Chart-line                    24957  consumes dv-behaviour, dv-legend, dv-render, dv-render-line
2026-09-27T08:45:45.1974430Z          Chart-candlestick             18453  consumes dv-behaviour, dv-render, dv-render-candlestick
2026-09-27T08:45:45.1974958Z          Chart-bullet                  18024  consumes dv-behaviour, dv-render, dv-render-bullet
2026-09-27T08:45:45.1975457Z          Chart-boxplot                 17917  consumes dv-behaviour, dv-render, dv-render-boxplot
2026-09-27T08:45:45.1975969Z          Chart-sparkline               16816  consumes dv-behaviour, dv-render, dv-render-sparkline
2026-09-27T08:45:45.1976506Z          Chart-histogram               15799  consumes dv-behaviour, dv-render, dv-render-histogram
2026-09-27T08:45:45.1977010Z          Template-dashboard-bento      15402  consumes dv-behaviour, dp08-anchor
2026-09-27T08:45:45.1977497Z          Legend                         7760  consumes dv-legend
2026-09-27T08:45:45.1977944Z Behaviour-contract gate OK — see knowledge/_BEHAVIOUR-GATE.md
2026-09-27T08:45:45.3502680Z _validate_behaviour selftest OK
2026-09-27T08:45:45.7820616Z gen_canon_components: no change (137 components in sync).
2026-09-27T08:45:46.2129264Z gen_canon_components --check OK — 137 components in sync.
2026-09-27T08:45:46.2737983Z _validate_partials: 0 strict fail(s), 67 census rule(s) -> _PARTIALS-GATE.md
2026-09-27T08:45:46.2938106Z _validate_partials selftest OK
2026-09-27T08:45:52.0198938Z 
2026-09-27T08:45:52.0200937Z gen_snippet_tokens: 5117 manifest bindings across 137 snippets + 9 tranches; 0 value(s) would change; 0 canon.css literal(s) would change.
2026-09-27T08:45:52.0202555Z OK — snippets + tranches + canon.css in sync with tokens.
2026-09-27T08:45:52.5817472Z snippet gate: 137 snippet(s), 0 failure(s)
2026-09-27T08:45:52.6386167Z gen_theme_cascade --check OK — 230 override path(s), 397 component projection(s) in sync.
2026-09-27T08:45:52.7714317Z gen_theme_cascade selftest OK
2026-09-27T08:45:52.8002359Z state-snap gate: OK — 7 opacity-state check(s) snapped to their theme ramps.
2026-09-27T08:45:52.8207448Z state-snap selftest OK
2026-09-27T08:45:52.8457697Z queue freshness — §C·1 items measured: 7 (severity: blocking)
2026-09-27T08:45:52.8458523Z RESULT: PASS — no §C·1 item's stated state is contradicted by disk or git. This proves no claim is STALE; it does not prove the queue is RIGHT.
2026-09-27T08:45:52.8740506Z selftest — _validate_queue_fresh.py
2026-09-27T08:45:52.8741241Z   PASS control: landed + open + partial green   -> green  | (4 items, green)
2026-09-27T08:45:52.8742715Z   PASS open item whose artefact EXISTS refuses  -> fail   | FAIL — §C·1 item (a) (GOOD-MORNING.md:4) states state=open and expects knowledge/snippets/Chart-pie.reference.html to be
2026-09-27T08:45:52.8744417Z   PASS landed with unresolvable receipt refuses -> fail   | FAIL — §C·1 item (a) (GOOD-MORNING.md:4) claims state=landed receipt=0000000, but git cannot resolve that sha to a commi
2026-09-27T08:45:52.8746050Z   PASS item with NO tail refuses (presence rule) -> fail   | FAIL — §C·1 item (b) at GOOD-MORNING.md:5 carries NO qprobe tail. An unannotated item is invisible to this gate forever.
2026-09-27T08:45:52.8747415Z   PASS partial WITH declared passes, absent paths unchecked -> green  | (1 items, green)
2026-09-27T08:45:52.8748878Z   PASS partial without declared refuses         -> fail   | FAIL — §C·1 item (a) (GOOD-MORNING.md:4) is state=partial with no declared="…". partial is the LEGAL FORM for an honest 
2026-09-27T08:45:52.8750830Z   PASS empty expects-absent WITHOUT declared refuses -> fail   | FAIL — §C·1 item (a) (GOOD-MORNING.md:4) is state=open with an EMPTY expects-absent and no declared="…". A DECLARED gap 
2026-09-27T08:45:52.8751972Z   PASS empty expects-absent WITH declared passes -> green  | (1 items, green)
2026-09-27T08:45:52.8753167Z   PASS malformed tail is a REFUSAL, not a skip  -> refuse | UNPARSEABLE — GOOD-MORNING.md:4 — qprobe state='whatever' is not one of open/landed/partial
2026-09-27T08:45:52.8755277Z   PASS unknown key is a REFUSAL                 -> refuse | UNPARSEABLE — GOOD-MORNING.md:4 — qprobe carries unknown key 'sha'; legal keys: state, expects-absent, receipt, declared
2026-09-27T08:45:52.8756488Z   PASS non-item prose lines do NOT trigger      -> green  | (1 items, green)
2026-09-27T08:45:52.8757220Z   PASS STRUCK step clause is not a live item    -> green  | (1 items, green)
2026-09-27T08:45:52.8758066Z   PASS §2 items are out of scope (section bound) -> green  | (1 items, green)
2026-09-27T08:45:52.8758603Z RESULT: PASS
2026-09-27T08:45:52.9235188Z palette-tier gate: 4 theme(s), 3 palette(s), 42 declared key(s), 137 component meta(s), 137 snippet manifest(s)
2026-09-27T08:45:52.9236887Z OK — every theme declares a palette per family; every declaration resolves; no theme hand-carries a divergent palette-owned value; no undeclared duplication.
2026-09-27T08:45:52.9747782Z palette-tier selftest OK — 10 bites, all red when mutated
2026-09-27T08:45:53.1421102Z _validate_radius: 0 strict fail(s), 0 advisory file(s) pending migration, 4 physical corner longhand(s) DECLARED ADVISORY (#221) -> _RADIUS-GATE.md
2026-09-27T08:45:53.1422683Z   ⬛ DECLARED (not counted, not a verdict): canon/canon.css: border-top-left-radius:0
2026-09-27T08:45:53.1423547Z   ⬛ DECLARED (not counted, not a verdict): canon/canon.css: border-bottom-left-radius:0
2026-09-27T08:45:53.1424434Z   ⬛ DECLARED (not counted, not a verdict): snippets/Split-button.reference.html: border-top-left-radius:0
2026-09-27T08:45:53.1425507Z   ⬛ DECLARED (not counted, not a verdict): snippets/Split-button.reference.html: border-bottom-left-radius:0
2026-09-27T08:45:53.1426570Z      ⬛ promoting this arm to STRICT is DAVE'S — see notes/_subreports/2026-08-27-221-laneA.md
2026-09-27T08:45:53.5601293Z gen_showroom --check OK — 137 page(s) + index in sync (index owned by knowledge/_render/gen_library_214.py).
2026-09-27T08:45:53.5899326Z gen_showroom GATE — payload URL does not resolve in _selftest.reference.html:
2026-09-27T08:45:53.5900848Z    ../knowledge/canon/type.css              -> /home/runner/work/UX-design/UX-design/knowledge/knowledge/canon/type.css (MISSING)
2026-09-27T08:45:53.5901715Z    A relative URL in a snippet must point at a real file: the showroom
2026-09-27T08:45:53.5902559Z    pane re-resolves it against showroom/ (srcdoc inherits the parent base URL).
2026-09-27T08:45:53.5903476Z gen_showroom GATE — payload URL does not resolve in _selftest.reference.html:
2026-09-27T08:45:53.5904387Z    ../canon/does-not-exist.css              -> /home/runner/work/UX-design/UX-design/knowledge/canon/does-not-exist.css (MISSING)
2026-09-27T08:45:53.5905526Z    A relative URL in a snippet must point at a real file: the showroom
2026-09-27T08:45:53.5906391Z    pane re-resolves it against showroom/ (srcdoc inherits the parent base URL).
2026-09-27T08:45:53.5907919Z gen_showroom --selftest OK — 16 bites (rebase · fragments · absolutes · double-rebase fails loud · missing-target gate · query suffix · #98-D1 one-bar contract ×4 · embed mode ×5).
2026-09-27T08:45:54.7577593Z COULD-NOT-ASK: dashboard/index.html — the page differs, but a live gate baked into it is reading INPUTS OUTSIDE THE COMMITTED TREE, so its verdict — and therefore this page — cannot be reproduced here: provenance names `knowledge/_tmp/l3-245/rename-plan.json`; provenance names `outputs/_FINDING-canon-pri-hover-brand-mono-fork-2026-08-06-v1.md`; provenance names `outputs/_PARTITION-button-primary-2026-08-06-v1.md`. Every one of those paths is untracked, so an environment that has them and one that does not will render different prose from the SAME commit. This is a REFUSAL, not a staleness verdict in either direction: the page's agreement with the stores is UNKNOWN here and is reported as unknown. Ask it where those inputs are present (a working tree that holds them), or commit them.
2026-09-27T08:45:54.7980530Z legacy-leak gate: 0 unwaived leak(s), 0 waived.
2026-09-27T08:45:54.8650843Z theme-provenance gate (ADVISORY): 50 hardcoded foreign-theme hex(es) in 166 Mono files. See _THEME-PROVENANCE-GATE.md
2026-09-27T08:45:54.8850090Z token-tier gate: 0 strict failure(s), 1 advisory.
2026-09-27T08:45:54.9974300Z icon-source audit → _ICON-SOURCE-AUDIT.md
2026-09-27T08:45:54.9975474Z 0 UNKNOWN, 102 bespoke, across 137 snippet(s); 758 library glyphs.
2026-09-27T08:45:55.5582341Z a11y gate: 137 snippet(s), 0 failure(s), 204 warning(s), 732 note(s) · 1458 controls + 68 marks measured · 24 mark(s) below 24
2026-09-27T08:45:55.6065238Z a11y target selftest: 25 clause(s) green, 0 failing
2026-09-27T08:45:55.6325350Z COULD-NOT-ASK: HIT-AREA: HARNESS UNAVAILABLE — playwright not importable (No module named 'playwright'). Install it with `pip install playwright && playwright install chromium`. (Inside this repo's sandbox, stage it per knowledge/_RUNBOOK-render-verify.md instead.) This is NOT a pass.
2026-09-27T08:45:55.6326485Z Hit-area sweep — 137 file(s) × 1180/480 px, min 44px
2026-09-27T08:45:55.6901680Z wiring gate: 59 gate script(s) on disk (51 _validate_* · 8 _gate_*, #221 widened) · 55 wired · 4 exempt by name · 0 failure(s)
2026-09-27T08:45:55.6902651Z   wired by surface: _build_all.STEPS 48 · _git_commit.sh 2 · gates.yml 2 · arm-of-a-wired-script 3
2026-09-27T08:45:55.6903415Z   ⬛ ARM (declared + verified): _gate_harness_stubs.py is run by _test_git_commit.py [2026-08-27]
2026-09-27T08:45:55.6904129Z   ⬛ ARM (declared + verified): _validate_composition.py is run by _validate_screen.py [2026-09-03]
2026-09-27T08:45:55.6904742Z   ⬛ ARM (declared + verified): _validate_receipt.py is run by _validate_screen.py [2026-09-03]
2026-09-27T08:45:55.6905683Z   ⬛ EXEMPT (declared, not counted as wired): _gate_pack_imports.py [2026-08-27] — Built #219 and WIRED NOWHERE — not in _build_all.STEPS, not in gates.yml, not at the commit seam (#220-L1 find…
2026-09-27T08:45:55.6906990Z   ⬛ EXEMPT (declared, not counted as wired): _validate_demo_page.py [2026-09-21] — unwired since #268 (08e315dc); wire-or-retire is Dave's, review page #293…
2026-09-27T08:45:55.6908065Z   ⬛ EXEMPT (declared, not counted as wired): _validate_descender_computed.py [2026-08-22] — G2 render leg (#215, row W-101): drives real pages in headless chromium and reads getComputedStyle — needs a S…
2026-09-27T08:45:55.6909168Z   ⬛ EXEMPT (declared, not counted as wired): _validate_fit_physics.py [2026-09-07] — FIT physics gate (s248-D2/D3, s249-D4; #249 FIT lane): drives the composed page in headless chromium via playw…
2026-09-27T08:45:55.8807532Z wiring selftest: 17 bites · 0 failure(s)
2026-09-27T08:45:55.9953607Z # Composition gate audit
2026-09-27T08:45:55.9954073Z 
2026-09-27T08:45:55.9954219Z ## canon.css
2026-09-27T08:45:55.9954710Z - defs 1021, var() refs 623
2026-09-27T08:45:55.9955470Z - ✅ vars resolve, braces balanced, spine markers present
2026-09-27T08:45:55.9956271Z - ℹ️ canon.css: 1 var(s) resolved via inline-scope (set in snippet markup, not CSS): ['--sc']
2026-09-27T08:45:55.9956764Z 
2026-09-27T08:45:55.9957016Z ## composed screens (7)
2026-09-27T08:45:55.9957617Z - ✅ canon-gallery.canon.html — 76 canon classes, 0 rogue hex, 0 redefines, all resolve
2026-09-27T08:45:55.9958452Z - ✅ nio-dash-console-v1.canon.html — 28 canon classes, 0 rogue hex, 0 redefines, all resolve
2026-09-27T08:45:55.9959322Z - ✅ nio-dash-console-v2.canon.html — 28 canon classes, 0 rogue hex, 0 redefines, all resolve
2026-09-27T08:45:55.9960497Z - ✅ payments-journey.canon.html — 22 canon classes, 0 rogue hex, 0 redefines, all resolve
2026-09-27T08:45:55.9961483Z - ✅ sme-payments-desktop.canon.html — 8 canon classes, 0 rogue hex, 0 redefines, all resolve
2026-09-27T08:45:55.9962549Z - ✅ sme-payments-swiss.canon.html — 3 canon classes, 0 rogue hex, 0 redefines, all resolve
2026-09-27T08:45:55.9963576Z - ✅ sme-payments.canon.html — 10 canon classes, 0 rogue hex, 0 redefines, all resolve
2026-09-27T08:45:55.9964006Z 
2026-09-27T08:45:55.9964210Z ## screen titles (aca-003)
2026-09-27T08:45:55.9964761Z - ✅ 7 screen(s), every <title> present + unique
2026-09-27T08:45:55.9965435Z 
2026-09-27T08:45:55.9965618Z RESULT: PASS ✅
2026-09-27T08:45:57.1047554Z # Composed-screen gate — full pipeline on *.canon.html
2026-09-27T08:45:57.1048182Z 
2026-09-27T08:45:57.1048428Z ## canon-gallery.canon.html
2026-09-27T08:45:57.1051233Z - receipt: UNPROVEN:NO-RECEIPT — this page carries no #provenance-receipt, so nothing about its provenance was measured. Mint one with `python3 knowledge/gen_provenance_receipt.py --mint <path>`; run with --receipt-strict to make this block.
2026-09-27T08:45:57.1053268Z - compose: ✅
2026-09-27T08:45:57.1053959Z - composition: n/a — no .c-bento on this page
2026-09-27T08:45:57.1054738Z - icon-source: ✅ all paths library-matched
2026-09-27T08:45:57.1144762Z - a11y: ✅  (warn: DATA MARK `rect.dv-series` — 219.2x20.2 — under the 24 dense-case minimum (rect w/h attrs) (s116-D1: marks carry the 24 floor, not the 44 target); DATA MARK `rect.dv-series` — 94.0x20.2 — under the 24 dense-case minimum (rect w/h attrs) (s116-D1: marks carry the 24 floor, not the 44 target); DATA MARK `rect.dv-series` — 495.9x20.2 — under the 24 dense-case minimum (rect w/h attrs) (s116-D1: marks carry the 24 floor, not the 44 target); DATA MARK `rect.dv-series` — 135.7x20.2 — under the 24 dense-case minimum (rect w/h attrs) (s116-D1: marks carry the 24 floor, not the 44 target); DATA MARK `rect.dv-series` — 109.6x20.2 — under the 24 dense-case minimum (rect w/h attrs) (s116-D1: marks carry the 24 floor, not the 44 target); DATA MARK `rect.dv-series` — 156.6x20.2 — under the 24 dense-case minimum (rect w/h attrs) (s116-D1: marks carry the 24 floor, not the 44 target); DATA MARK `rect.dv-series` — 133.2x20.0 — under the 24 dense-case minimum (rect w/h attrs) (s116-D1: marks carry the 24 floor, not the 44 target); DATA MARK `rect.dv-series` — 162.8x20.0 — under the 24 dense-case minimum (rect w/h attrs) (s116-D1: marks carry the 24 floor, not the 44 target); DATA MARK `rect.dv-series` — 83.2x20.0 — under the 24 dense-case minimum (rect w/h attrs) (s116-D1: marks carry the 24 floor, not the 44 target); DATA MARK `rect.dv-series` — 112.8x20.0 — under the 24 dense-case minimum (rect w/h attrs) (s116-D1: marks carry the 24 floor, not the 44 target); DATA MARK `rect.dv-series` — 55.5x20.0 — under the 24 dense-case minimum (rect w/h attrs) (s116-D1: marks carry the 24 floor, not the 44 target); DATA MARK `rect.dv-series` — 46.2x20.0 — under the 24 dense-case minimum (rect w/h attrs) (s116-D1: marks carry the 24 floor, not the 44 target); DATA MARK `rect.dv-series` — 166.5x20.0 — under the 24 dense-case minimum (rect w/h attrs) (s116-D1: marks carry the 24 floor, not the 44 target); DATA MARK `rect.dv-series` — 175.8x20.0 — under the 24 dense-case minimum (rect w/h attrs) (s116-D1: marks carry the 24 floor, not the 44 target); DATA MARK `rect.dv-series` — 107.3x20.0 — under the 24 dense-case minimum (rect w/h attrs) (s116-D1: marks carry the 24 floor, not the 44 target); DATA MARK `rect.dv-series` — 74.0x20.0 — under the 24 dense-case minimum (rect w/h attrs) (s116-D1: marks carry the 24 floor, not the 44 target); DATA MARK `rect.dv-series` — 37.0x20.0 — under the 24 dense-case minimum (rect w/h attrs) (s116-D1: marks carry the 24 floor, not the 44 target); DATA MARK `rect.dv-series` — 61.0x20.0 — under the 24 dense-case minimum (rect w/h attrs) (s116-D1: marks carry the 24 floor, not the 44 target); DATA MARK `rect.dv-series` — 48.7x16.2 — under the 24 dense-case minimum (rect w/h attrs) (s116-D1: marks carry the 24 floor, not the 44 target); DATA MARK `rect.dv-series` — 48.7x21.6 — under the 24 dense-case minimum (rect w/h attrs) (s116-D1: marks carry the 24 floor, not the 44 target); DATA MARK `rect.dv-series` — 48.7x23.4 — under the 24 dense-case minimum (rect w/h attrs) (s116-D1: marks carry the 24 floor, not the 44 target); DATA MARK `rect.dv-series` — 48.7x18.9 — under the 24 dense-case minimum (rect w/h attrs) (s116-D1: marks carry the 24 floor, not the 44 target); DATA MARK `rect.dv-series` — 48.7x17.1 — under the 24 dense-case minimum (rect w/h attrs) (s116-D1: marks carry the 24 floor, not the 44 target); DATA MARK `g.dv-marker` — 11.0x11.0 — under the 24 dense-case minimum (<g> wrapper measured from its circle child (circle diameter 2r)) (s116-D1: marks carry the 24 floor, not the 44 target); DATA MARK `g.dv-marker` — 11.0x11.0 — under the 24 dense-case minimum (<g> wrapper measured from its circle child (circle diameter 2r)) (s116-D1: marks carry the 24 floor, not the 44 target); DATA MARK `g.dv-marker` — 11.0x11.0 — under the 24 dense-case minimum (<g> wrapper measured from its circle child (circle diameter 2r)) (s116-D1: marks carry the 24 floor, not the 44 target); DATA MARK `g.dv-marker` — 11.0x11.0 — under the 24 dense-case minimum (<g> wrapper measured from its circle child (circle diameter 2r)) (s116-D1: marks carry the 24 floor, not the 44 target); DATA MARK `g.dv-marker` — 11.0x11.0 — under the 24 dense-case minimum (<g> wrapper measured from its circle child (circle diameter 2r)) (s116-D1: marks carry the 24 floor, not the 44 target); DATA MARK `g.dv-marker` — 11.0x11.0 — under the 24 dense-case minimum (<g> wrapper measured from its circle child (circle diameter 2r)) (s116-D1: marks carry the 24 floor, not the 44 target); DATA MARK `g.dv-marker` — 11.0x11.0 — under the 24 dense-case minimum (<g> wrapper measured from its circle child (circle diameter 2r)) (s116-D1: marks carry the 24 floor, not the 44 target); DATA MARK `g.dv-marker` — 11.0x11.0 — under the 24 dense-case minimum (<g> wrapper measured from its circle child (circle diameter 2r)) (s116-D1: marks carry the 24 floor, not the 44 target); DATA MARK `g.dv-marker` — 11.0x11.0 — under the 24 dense-case minimum (<g> wrapper measured from its circle child (circle diameter 2r)) (s116-D1: marks carry the 24 floor, not the 44 target); DATA MARK `g.dv-marker` — 11.0x11.0 — under the 24 dense-case minimum (<g> wrapper measured from its circle child (circle diameter 2r)) (s116-D1: marks carry the 24 floor, not the 44 target); DATA MARK `g.dv-marker` — 11.0x11.0 — under the 24 dense-case minimum (<g> wrapper measured from its circle child (circle diameter 2r)) (s116-D1: marks carry the 24 floor, not the 44 target); DATA MARK `g.dv-marker` — 11.0x11.0 — under the 24 dense-case minimum (<g> wrapper measured from its circle child (circle diameter 2r)) (s116-D1: marks carry the 24 floor, not the 44 target); DATA MARK `g.dv-marker` — 11.0x11.0 — under the 24 dense-case minimum (<g> wrapper measured from its circle child (circle diameter 2r)) (s116-D1: marks carry the 24 floor, not the 44 target); DATA MARK `g.dv-marker` — 11.0x11.0 — under the 24 dense-case minimum (<g> wrapper measured from its circle child (circle diameter 2r)) (s116-D1: marks carry the 24 floor, not the 44 target); DATA MARK `g.dv-marker` — 11.0x11.0 — under the 24 dense-case minimum (<g> wrapper measured from its circle child (circle diameter 2r)) (s116-D1: marks carry the 24 floor, not the 44 target); DATA MARK `g.dv-marker` — 11.0x11.0 — under the 24 dense-case minimum (<g> wrapper measured from its circle child (circle diameter 2r)) (s116-D1: marks carry the 24 floor, not the 44 target); DATA MARK `g.dv-marker` — 11.0x11.0 — under the 24 dense-case minimum (<g> wrapper measured from its circle child (circle diameter 2r)) (s116-D1: marks carry the 24 floor, not the 44 target); DATA MARK `g.dv-marker` — 11.0x11.0 — under the 24 dense-case minimum (<g> wrapper measured from its circle child (circle diameter 2r)) (s116-D1: marks carry the 24 floor, not the 44 target); DATA MARK `g.dv-marker` — 11.0x11.0 — under the 24 dense-case minimum (<g> wrapper measured from its circle child (circle diameter 2r)) (s116-D1: marks carry the 24 floor, not the 44 target); DATA MARK `g.dv-marker` — 11.0x11.0 — under the 24 dense-case minimum (<g> wrapper measured from its circle child (circle diameter 2r)) (s116-D1: marks carry the 24 floor, not the 44 target); DATA MARK `g.dv-marker` — 11.0x11.0 — under the 24 dense-case minimum (<g> wrapper measured from its circle child (circle diameter 2r)) (s116-D1: marks carry the 24 floor, not the 44 target); DATA MARK `g.dv-marker` — 11.0x11.0 — under the 24 dense-case minimum (<g> wrapper measured from its circle child (circle diameter 2r)) (s116-D1: marks carry the 24 floor, not the 44 target); DATA MARK `g.dv-marker` — 11.0x11.0 — under the 24 dense-case minimum (<g> wrapper measured from its circle child (circle diameter 2r)) (s116-D1: marks carry the 24 floor, not the 44 target); DATA MARK `g.dv-marker` — 11.0x11.0 — under the 24 dense-case minimum (<g> wrapper measured from its circle child (circle diameter 2r)) (s116-D1: marks carry the 24 floor, not the 44 target); DATA MARK `g.dv-marker` — 11.0x11.0 — under the 24 dense-case minimum (<g> wrapper measured from its circle child (circle diameter 2r)) (s116-D1: marks carry the 24 floor, not the 44 target); DATA MARK `g.dv-marker` — 11.0x11.0 — under the 24 dense-case minimum (<g> wrapper measured from its circle child (circle diameter 2r)) (s116-D1: marks carry the 24 floor, not the 44 target); DATA MARK `g.dv-marker` — 11.0x11.0 — under the 24 dense-case minimum (<g> wrapper measured from its circle child (circle diameter 2r)) (s116-D1: marks carry the 24 floor, not the 44 target); DATA MARK `g.dv-marker` — 11.0x11.0 — under the 24 dense-case minimum (<g> wrapper measured from its circle child (circle diameter 2r)) (s116-D1: marks carry the 24 floor, not the 44 target); DATA MARK `g.dv-marker` — 11.0x11.0 — under the 24 dense-case minimum (<g> wrapper measured from its circle child (circle diameter 2r)) (s116-D1: marks carry the 24 floor, not the 44 target); DATA MARK `g.dv-marker` — 11.0x11.0 — under the 24 dense-case minimum (<g> wrapper measured from its circle child (circle diameter 2r)) (s116-D1: marks carry the 24 floor, not the 44 target); DATA MARK `g.dv-marker` — 11.0x11.0 — under the 24 dense-case minimum (<g> wrapper measured from its circle child (circle diameter 2r)) (s116-D1: marks carry the 24 floor, not the 44 target); DATA MARK `g.dv-marker` — 11.0x11.0 — under the 24 dense-case minimum (<g> wrapper measured from its circle child (circle diameter 2r)) (s116-D1: marks carry the 24 floor, not the 44 target); DATA MARK `g.dv-marker` — 11.0x11.0 — under the 24 dense-case minimum (<g> wrapper measured from its circle child (circle diameter 2r)) (s116-D1: marks carry the 24 floor, not the 44 target); DATA MARK `g.dv-marker` — 11.0x11.0 — under the 24 dense-case minimum (<g> wrapper measured from its circle child (circle diameter 2r)) (s116-D1: marks carry the 24 floor, not the 44 target); DATA MARK `g.dv-marker` — 11.0x11.0 — under the 24 dense-case minimum (<g> wrapper measured from its circle child (circle diameter 2r)) (s116-D1: marks carry the 24 floor, not the 44 target); DATA MARK `g.dv-marker` — 11.0x11.0 — under the 24 dense-case minimum (<g> wrapper measured from its circle child (circle diameter 2r)) (s116-D1: marks carry the 24 floor, not the 44 target); DATA MARK `g.dv-marker` — 11.0x11.0 — under the 24 dense-case minimum (<g> wrapper measured from its circle child (circle diameter 2r)) (s116-D1: marks carry the 24 floor, not the 44 target); DATA MARK `g.dv-marker` — 11.0x11.0 — under the 24 dense-case minimum (<g> wrapper measured from its circle child (circle diameter 2r)) (s116-D1: marks carry the 24 floor, not the 44 target); DATA MARK `g.dv-marker` — 11.0x11.0 — under the 24 dense-case minimum (<g> wrapper measured from its circle child (circle diameter 2r)) (s116-D1: marks carry the 24 floor, not the 44 target); DATA MARK `g.dv-marker` — 11.0x11.0 — under the 24 dense-case minimum (<g> wrapper measured from its circle child (circle diameter 2r)) (s116-D1: marks carry the 24 floor, not the 44 target); DATA MARK `g.dv-marker` — 11.0x11.0 — under the 24 dense-case minimum (<g> wrapper measured from its circle child (circle diameter 2r)) (s116-D1: marks carry the 24 floor, not the 44 target); DATA MARK `g.dv-marker` — 11.0x11.0 — under the 24 dense-case minimum (<g> wrapper measured from its circle child (circle diameter 2r)) (s116-D1: marks carry the 24 floor, not the 44 target); DATA MARK `g.dv-marker` — 11.0x11.0 — under the 24 dense-case minimum (<g> wrapper measured from its circle child (circle diameter 2r)) (s116-D1: marks carry the 24 floor, not the 44 target); DATA MARK `g.dv-marker` — 11.0x11.0 — under the 24 dense-case minimum (<g> wrapper measured from its circle child (circle diameter 2r)) (s116-D1: marks carry the 24 floor, not the 44 target); DATA MARK `g.dv-marker` — 11.0x11.0 — under the 24 dense-case minimum (<g> wrapper measured from its circle child (circle diameter 2r)) (s116-D1: marks carry the 24 floor, not the 44 target); DATA MARK `g.dv-marker` — 11.0x11.0 — under the 24 dense-case minimum (<g> wrapper measured from its circle child (circle diameter 2r)) (s116-D1: marks carry the 24 floor, not the 44 target); DATA MARK `g.dv-marker` — 11.0x11.0 — under the 24 dense-case minimum (<g> wrapper measured from its circle child (circle diameter 2r)) (s116-D1: marks carry the 24 floor, not the 44 target); DATA MARK `g.dv-marker` — 11.0x11.0 — under the 24 dense-case minimum (<g> wrapper measured from its circle child (circle diameter 2r)) (s116-D1: marks carry the 24 floor, not the 44 target); DATA MARK `g.dv-marker` — 11.0x11.0 — under the 24 dense-case minimum (<g> wrapper measured from its rect child (rect w/h attrs)) (s116-D1: marks carry the 24 floor, not the 44 target); DATA MARK `g.dv-marker` — 11.0x11.0 — under the 24 dense-case minimum (<g> wrapper measured from its rect child (rect w/h attrs)) (s116-D1: marks carry the 24 floor, not the 44 target); DATA MARK `g.dv-marker` — 11.0x11.0 — under the 24 dense-case minimum (<g> wrapper measured from its rect child (rect w/h attrs)) (s116-D1: marks carry the 24 floor, not the 44 target); DATA MARK `g.dv-marker` — 11.0x11.0 — under the 24 dense-case minimum (<g> wrapper measured from its rect child (rect w/h attrs)) (s116-D1: marks carry the 24 floor, not the 44 target); DATA MARK `g.dv-marker` — 11.0x11.0 — under the 24 dense-case minimum (<g> wrapper measured from its rect child (rect w/h attrs)) (s116-D1: marks carry the 24 floor, not the 44 target); DATA MARK `g.dv-marker` — 11.0x11.0 — under the 24 dense-case minimum (<g> wrapper measured from its rect child (rect w/h attrs)) (s116-D1: marks carry the 24 floor, not the 44 target); DATA MARK `g.dv-marker` — 11.0x11.0 — under the 24 dense-case minimum (<g> wrapper measured from its rect child (rect w/h attrs)) (s116-D1: marks carry the 24 floor, not the 44 target); DATA MARK `g.dv-marker` — 11.0x11.0 — under the 24 dense-case minimum (<g> wrapper measured from its rect child (rect w/h attrs)) (s116-D1: marks carry the 24 floor, not the 44 target); DATA MARK `g.dv-marker` — 11.0x11.0 — under the 24 dense-case minimum (<g> wrapper measured from its rect child (rect w/h attrs)) (s116-D1: marks carry the 24 floor, not the 44 target); DATA MARK `g.dv-marker` — 11.0x11.0 — under the 24 dense-case minimum (<g> wrapper measured from its rect child (rect w/h attrs)) (s116-D1: marks carry the 24 floor, not the 44 target); DATA MARK `g.dv-marker` — 11.0x11.0 — under the 24 dense-case minimum (<g> wrapper measured from its rect child (rect w/h attrs)) (s116-D1: marks carry the 24 floor, not the 44 target); DATA MARK `g.dv-marker` — 11.0x11.0 — under the 24 dense-case minimum (<g> wrapper measured from its rect child (rect w/h attrs)) (s116-D1: marks carry the 24 floor, not the 44 target); DATA MARK `g.dv-marker` — 13.0x13.0 — under the 24 dense-case minimum (<g> wrapper measured from its polygon child (polygon bbox)) (s116-D1: marks carry the 24 floor, not the 44 target); DATA MARK `g.dv-marker` — 13.0x13.0 — under the 24 dense-case minimum (<g> wrapper measured from its polygon child (polygon bbox)) (s116-D1: marks carry the 24 floor, not the 44 target); DATA MARK `g.dv-marker` — 13.0x13.0 — under the 24 dense-case minimum (<g> wrapper measured from its polygon child (polygon bbox)) (s116-D1: marks carry the 24 floor, not the 44 target); DATA MARK `g.dv-marker` — 13.0x13.0 — under the 24 dense-case minimum (<g> wrapper measured from its polygon child (polygon bbox)) (s116-D1: marks carry the 24 floor, not the 44 target); DATA MARK `g.dv-marker` — 13.0x13.0 — under the 24 dense-case minimum (<g> wrapper measured from its polygon child (polygon bbox)) (s116-D1: marks carry the 24 floor, not the 44 target); DATA MARK `g.dv-marker` — 13.0x13.0 — under the 24 dense-case minimum (<g> wrapper measured from its polygon child (polygon bbox)) (s116-D1: marks carry the 24 floor, not the 44 target); DATA MARK `g.dv-marker` — 13.0x13.0 — under the 24 dense-case minimum (<g> wrapper measured from its polygon child (polygon bbox)) (s116-D1: marks carry the 24 floor, not the 44 target); DATA MARK `g.dv-marker` — 13.0x13.0 — under the 24 dense-case minimum (<g> wrapper measured from its polygon child (polygon bbox)) (s116-D1: marks carry the 24 floor, not the 44 target); DATA MARK `g.dv-marker` — 13.0x13.0 — under the 24 dense-case minimum (<g> wrapper measured from its polygon child (polygon bbox)) (s116-D1: marks carry the 24 floor, not the 44 target); DATA MARK `g.dv-marker` — 13.0x13.0 — under the 24 dense-case minimum (<g> wrapper measured from its polygon child (polygon bbox)) (s116-D1: marks carry the 24 floor, not the 44 target); DATA MARK `g.dv-marker` — 13.0x13.0 — under the 24 dense-case minimum (<g> wrapper measured from its polygon child (polygon bbox)) (s116-D1: marks carry the 24 floor, not the 44 target); DATA MARK `g.dv-marker` — 13.0x13.0 — under the 24 dense-case minimum (<g> wrapper measured from its polygon child (polygon bbox)) (s116-D1: marks carry the 24 floor, not the 44 target); DATA MARK `g.dv-marker` — 8.4x8.4 — under the 24 dense-case minimum (<g> wrapper measured from its circle child (circle diameter 2r)) (s116-D1: marks carry the 24 floor, not the 44 target); DATA MARK `g.dv-marker` — 8.4x8.4 — under the 24 dense-case minimum (<g> wrapper measured from its circle child (circle diameter 2r)) (s116-D1: marks carry the 24 floor, not the 44 target); DATA MARK `g.dv-marker` — 8.4x8.4 — under the 24 dense-case minimum (<g> wrapper measured from its circle child (circle diameter 2r)) (s116-D1: marks carry the 24 floor, not the 44 target); DATA MARK `g.dv-marker` — 8.4x8.4 — under the 24 dense-case minimum (<g> wrapper measured from its circle child (circle diameter 2r)) (s116-D1: marks carry the 24 floor, not the 44 target); DATA MARK `g.dv-marker` — 8.4x8.4 — under the 24 dense-case minimum (<g> wrapper measured from its circle child (circle diameter 2r)) (s116-D1: marks carry the 24 floor, not the 44 target); DATA MARK `g.dv-marker` — 8.4x8.4 — under the 24 dense-case minimum (<g> wrapper measured from its circle child (circle diameter 2r)) (s116-D1: marks carry the 24 floor, not the 44 target); DATA MARK `g.dv-marker` — 8.4x8.4 — under the 24 dense-case minimum (<g> wrapper measured from its circle child (circle diameter 2r)) (s116-D1: marks carry the 24 floor, not the 44 target); DATA MARK `g.dv-marker` — 8.4x8.4 — under the 24 dense-case minimum (<g> wrapper measured from its circle child (circle diameter 2r)) (s116-D1: marks carry the 24 floor, not the 44 target); DATA MARK `g.dv-marker` — 8.4x8.4 — under the 24 dense-case minimum (<g> wrapper measured from its circle child (circle diameter 2r)) (s116-D1: marks carry the 24 floor, not the 44 target); DATA MARK `g.dv-marker` — 8.4x8.4 — under the 24 dense-case minimum (<g> wrapper measured from its circle child (circle diameter 2r)) (s116-D1: marks carry the 24 floor, not the 44 target); DATA MARK `g.dv-marker` — 8.4x8.4 — under the 24 dense-case minimum (<g> wrapper measured from its circle child (circle diameter 2r)) (s116-D1: marks carry the 24 floor, not the 44 target); DATA MARK `g.dv-marker` — 8.4x8.4 — under the 24 dense-case minimum (<g> wrapper measured from its circle child (circle diameter 2r)) (s116-D1: marks carry the 24 floor, not the 44 target))
2026-09-27T08:45:57.1217246Z ## nio-dash-console-v1.canon.html
2026-09-27T08:45:57.1218382Z - receipt: UNPROVEN:NO-RECEIPT — this page carries no #provenance-receipt, so nothing about its provenance was measured. Mint one with `python3 knowledge/gen_provenance_receipt.py --mint <path>`; run with --receipt-strict to make this block.
2026-09-27T08:45:57.1219220Z - compose: ✅
2026-09-27T08:45:57.1219909Z - composition: n/a — no .c-bento on this page
2026-09-27T08:45:57.1220297Z - icon-source: ✅ all paths library-matched
2026-09-27T08:45:57.1266942Z - a11y: ✅  (warn: DATA MARK `rect.dv-series` — 14.0x97.2 — under the 24 dense-case minimum (rect w/h attrs) (s116-D1: marks carry the 24 floor, not the 44 target); DATA MARK `rect.dv-series` — 14.0x64.8 — under the 24 dense-case minimum (rect w/h attrs) (s116-D1: marks carry the 24 floor, not the 44 target); DATA MARK `rect.dv-series` — 14.0x133.9 — under the 24 dense-case minimum (rect w/h attrs) (s116-D1: marks carry the 24 floor, not the 44 target); DATA MARK `rect.dv-series` — 14.0x216.0 — under the 24 dense-case minimum (rect w/h attrs) (s116-D1: marks carry the 24 floor, not the 44 target); DATA MARK `rect.dv-series` — 14.0x38.9 — under the 24 dense-case minimum (rect w/h attrs) (s116-D1: marks carry the 24 floor, not the 44 target); DATA MARK `rect.dv-series` — 14.0x47.5 — under the 24 dense-case minimum (rect w/h attrs) (s116-D1: marks carry the 24 floor, not the 44 target); DATA MARK `rect.dv-series` — 14.0x118.8 — under the 24 dense-case minimum (rect w/h attrs) (s116-D1: marks carry the 24 floor, not the 44 target); DATA MARK `rect.dv-series` — 14.0x129.6 — under the 24 dense-case minimum (rect w/h attrs) (s116-D1: marks carry the 24 floor, not the 44 target); DATA MARK `rect.dv-series` — 14.0x183.6 — under the 24 dense-case minimum (rect w/h attrs) (s116-D1: marks carry the 24 floor, not the 44 target); DATA MARK `rect.dv-series` — 14.0x86.4 — under the 24 dense-case minimum (rect w/h attrs) (s116-D1: marks carry the 24 floor, not the 44 target); DATA MARK `rect.dv-series` — 14.0x90.7 — under the 24 dense-case minimum (rect w/h attrs) (s116-D1: marks carry the 24 floor, not the 44 target); DATA MARK `rect.dv-series` — 14.0x64.8 — under the 24 dense-case minimum (rect w/h attrs) (s116-D1: marks carry the 24 floor, not the 44 target); DATA MARK `rect.dv-series` — 14.0x125.3 — under the 24 dense-case minimum (rect w/h attrs) (s116-D1: marks carry the 24 floor, not the 44 target); DATA MARK `rect.dv-series` — 14.0x99.4 — under the 24 dense-case minimum (rect w/h attrs) (s116-D1: marks carry the 24 floor, not the 44 target); DATA MARK `rect.dv-series` — 14.0x108.0 — under the 24 dense-case minimum (rect w/h attrs) (s116-D1: marks carry the 24 floor, not the 44 target); DATA MARK `rect.dv-series` — 14.0x129.6 — under the 24 dense-case minimum (rect w/h attrs) (s116-D1: marks carry the 24 floor, not the 44 target); DATA MARK `rect.dv-series` — 14.0x205.2 — under the 24 dense-case minimum (rect w/h attrs) (s116-D1: marks carry the 24 floor, not the 44 target); DATA MARK `rect.dv-series` — 14.0x155.5 — under the 24 dense-case minimum (rect w/h attrs) (s116-D1: marks carry the 24 floor, not the 44 target); DATA MARK `rect.dv-series` — 14.0x86.4 — under the 24 dense-case minimum (rect w/h attrs) (s116-D1: marks carry the 24 floor, not the 44 target); DATA MARK `rect.dv-series` — 14.0x140.4 — under the 24 dense-case minimum (rect w/h attrs) (s116-D1: marks carry the 24 floor, not the 44 target); DATA MARK `rect.dv-series` — 14.0x64.8 — under the 24 dense-case minimum (rect w/h attrs) (s116-D1: marks carry the 24 floor, not the 44 target); DATA MARK `rect.dv-series` — 14.0x47.5 — under the 24 dense-case minimum (rect w/h attrs) (s116-D1: marks carry the 24 floor, not the 44 target); DATA MARK `rect.dv-series` — 14.0x43.2 — under the 24 dense-case minimum (rect w/h attrs) (s116-D1: marks carry the 24 floor, not the 44 target); DATA MARK `rect.dv-series` — 14.0x54.0 — under the 24 dense-case minimum (rect w/h attrs) (s116-D1: marks carry the 24 floor, not the 44 target); DATA MARK `path.dv-donut-seg.dv-marker.dv-series` — 40.0x11.5 — under the 24 dense-case minimum (arc segment: radial thickness 40.0, mid-radius arc length 11.5) (s116-D1: marks carry the 24 floor, not the 44 target); DATA MARK `path.dv-donut-seg.dv-marker.dv-series` — 40.0x21.2 — under the 24 dense-case minimum (arc segment: radial thickness 40.0, mid-radius arc length 21.2) (s116-D1: marks carry the 24 floor, not the 44 target); DATA MARK `g.dv-marker` — 11.0x11.0 — under the 24 dense-case minimum (<g> wrapper measured from its circle child (circle diameter 2r)) (s116-D1: marks carry the 24 floor, not the 44 target); DATA MARK `g.dv-marker` — 11.0x11.0 — under the 24 dense-case minimum (<g> wrapper measured from its circle child (circle diameter 2r)) (s116-D1: marks carry the 24 floor, not the 44 target); DATA MARK `g.dv-marker` — 11.0x11.0 — under the 24 dense-case minimum (<g> wrapper measured from its circle child (circle diameter 2r)) (s116-D1: marks carry the 24 floor, not the 44 target); DATA MARK `g.dv-marker` — 11.0x11.0 — under the 24 dense-case minimum (<g> wrapper measured from its circle child (circle diameter 2r)) (s116-D1: marks carry the 24 floor, not the 44 target); DATA MARK `g.dv-marker` — 11.0x11.0 — under the 24 dense-case minimum (<g> wrapper measured from its circle child (circle diameter 2r)) (s116-D1: marks carry the 24 floor, not the 44 target); DATA MARK `g.dv-marker` — 11.0x11.0 — under the 24 dense-case minimum (<g> wrapper measured from its circle child (circle diameter 2r)) (s116-D1: marks carry the 24 floor, not the 44 target); DATA MARK `g.dv-marker` — 11.0x11.0 — under the 24 dense-case minimum (<g> wrapper measured from its circle child (circle diameter 2r)) (s116-D1: marks carry the 24 floor, not the 44 target); DATA MARK `g.dv-marker` — 11.0x11.0 — under the 24 dense-case minimum (<g> wrapper measured from its circle child (circle diameter 2r)) (s116-D1: marks carry the 24 floor, not the 44 target); DATA MARK `g.dv-marker` — 11.0x11.0 — under the 24 dense-case minimum (<g> wrapper measured from its circle child (circle diameter 2r)) (s116-D1: marks carry the 24 floor, not the 44 target); DATA MARK `g.dv-marker` — 11.0x11.0 — under the 24 dense-case minimum (<g> wrapper measured from its circle child (circle diameter 2r)) (s116-D1: marks carry the 24 floor, not the 44 target); DATA MARK `g.dv-marker` — 11.0x11.0 — under the 24 dense-case minimum (<g> wrapper measured from its circle child (circle diameter 2r)) (s116-D1: marks carry the 24 floor, not the 44 target); DATA MARK `g.dv-marker` — 11.0x11.0 — under the 24 dense-case minimum (<g> wrapper measured from its circle child (circle diameter 2r)) (s116-D1: marks carry the 24 floor, not the 44 target); DATA MARK `g.dv-marker` — 11.0x11.0 — under the 24 dense-case minimum (<g> wrapper measured from its circle child (circle diameter 2r)) (s116-D1: marks carry the 24 floor, not the 44 target); DATA MARK `g.dv-marker` — 11.0x11.0 — under the 24 dense-case minimum (<g> wrapper measured from its circle child (circle diameter 2r)) (s116-D1: marks carry the 24 floor, not the 44 target); DATA MARK `g.dv-marker` — 11.0x11.0 — under the 24 dense-case minimum (<g> wrapper measured from its circle child (circle diameter 2r)) (s116-D1: marks carry the 24 floor, not the 44 target); DATA MARK `g.dv-marker` — 11.0x11.0 — under the 24 dense-case minimum (<g> wrapper measured from its circle child (circle diameter 2r)) (s116-D1: marks carry the 24 floor, not the 44 target); DATA MARK `g.dv-marker` — 11.0x11.0 — under the 24 dense-case minimum (<g> wrapper measured from its circle child (circle diameter 2r)) (s116-D1: marks carry the 24 floor, not the 44 target); DATA MARK `g.dv-marker` — 11.0x11.0 — under the 24 dense-case minimum (<g> wrapper measured from its circle child (circle diameter 2r)) (s116-D1: marks carry the 24 floor, not the 44 target); DATA MARK `g.dv-marker` — 11.0x11.0 — under the 24 dense-case minimum (<g> wrapper measured from its circle child (circle diameter 2r)) (s116-D1: marks carry the 24 floor, not the 44 target); DATA MARK `g.dv-marker` — 11.0x11.0 — under the 24 dense-case minimum (<g> wrapper measured from its circle child (circle diameter 2r)) (s116-D1: marks carry the 24 floor, not the 44 target); DATA MARK `g.dv-marker` — 11.0x11.0 — under the 24 dense-case minimum (<g> wrapper measured from its circle child (circle diameter 2r)) (s116-D1: marks carry the 24 floor, not the 44 target); DATA MARK `g.dv-marker` — 11.0x11.0 — under the 24 dense-case minimum (<g> wrapper measured from its circle child (circle diameter 2r)) (s116-D1: marks carry the 24 floor, not the 44 target); DATA MARK `g.dv-marker` — 11.0x11.0 — under the 24 dense-case minimum (<g> wrapper measured from its circle child (circle diameter 2r)) (s116-D1: marks carry the 24 floor, not the 44 target); DATA MARK `g.dv-marker` — 11.0x11.0 — under the 24 dense-case minimum (<g> wrapper measured from its circle child (circle diameter 2r)) (s116-D1: marks carry the 24 floor, not the 44 target); DATA MARK `g.dv-marker` — 11.0x11.0 — under the 24 dense-case minimum (<g> wrapper measured from its rect child (rect w/h attrs)) (s116-D1: marks carry the 24 floor, not the 44 target); DATA MARK `g.dv-marker` — 11.0x11.0 — under the 24 dense-case minimum (<g> wrapper measured from its rect child (rect w/h attrs)) (s116-D1: marks carry the 24 floor, not the 44 target); DATA MARK `g.dv-marker` — 11.0x11.0 — under the 24 dense-case minimum (<g> wrapper measured from its rect child (rect w/h attrs)) (s116-D1: marks carry the 24 floor, not the 44 target); DATA MARK `g.dv-marker` — 11.0x11.0 — under the 24 dense-case minimum (<g> wrapper measured from its rect child (rect w/h attrs)) (s116-D1: marks carry the 24 floor, not the 44 target); DATA MARK `g.dv-marker` — 11.0x11.0 — under the 24 dense-case minimum (<g> wrapper measured from its rect child (rect w/h attrs)) (s116-D1: marks carry the 24 floor, not the 44 target); DATA MARK `g.dv-marker` — 11.0x11.0 — under the 24 dense-case minimum (<g> wrapper measured from its rect child (rect w/h attrs)) (s116-D1: marks carry the 24 floor, not the 44 target); DATA MARK `g.dv-marker` — 11.0x11.0 — under the 24 dense-case minimum (<g> wrapper measured from its rect child (rect w/h attrs)) (s116-D1: marks carry the 24 floor, not the 44 target); DATA MARK `g.dv-marker` — 11.0x11.0 — under the 24 dense-case minimum (<g> wrapper measured from its rect child (rect w/h attrs)) (s116-D1: marks carry the 24 floor, not the 44 target); DATA MARK `g.dv-marker` — 11.0x11.0 — under the 24 dense-case minimum (<g> wrapper measured from its rect child (rect w/h attrs)) (s116-D1: marks carry the 24 floor, not the 44 target); DATA MARK `g.dv-marker` — 11.0x11.0 — under the 24 dense-case minimum (<g> wrapper measured from its rect child (rect w/h attrs)) (s116-D1: marks carry the 24 floor, not the 44 target); DATA MARK `g.dv-marker` — 11.0x11.0 — under the 24 dense-case minimum (<g> wrapper measured from its rect child (rect w/h attrs)) (s116-D1: marks carry the 24 floor, not the 44 target); DATA MARK `g.dv-marker` — 11.0x11.0 — under the 24 dense-case minimum (<g> wrapper measured from its rect child (rect w/h attrs)) (s116-D1: marks carry the 24 floor, not the 44 target); DATA MARK `g.dv-marker` — 13.0x13.0 — under the 24 dense-case minimum (<g> wrapper measured from its polygon child (polygon bbox)) (s116-D1: marks carry the 24 floor, not the 44 target); DATA MARK `g.dv-marker` — 13.0x13.0 — under the 24 dense-case minimum (<g> wrapper measured from its polygon child (polygon bbox)) (s116-D1: marks carry the 24 floor, not the 44 target); DATA MARK `g.dv-marker` — 13.0x13.0 — under the 24 dense-case minimum (<g> wrapper measured from its polygon child (polygon bbox)) (s116-D1: marks carry the 24 floor, not the 44 target); DATA MARK `g.dv-marker` — 13.0x13.0 — under the 24 dense-case minimum (<g> wrapper measured from its polygon child (polygon bbox)) (s116-D1: marks carry the 24 floor, not the 44 target); DATA MARK `g.dv-marker` — 13.0x13.0 — under the 24 dense-case minimum (<g> wrapper measured from its polygon child (polygon bbox)) (s116-D1: marks carry the 24 floor, not the 44 target); DATA MARK `g.dv-marker` — 13.0x13.0 — under the 24 dense-case minimum (<g> wrapper measured from its polygon child (polygon bbox)) (s116-D1: marks carry the 24 floor, not the 44 target); DATA MARK `g.dv-marker` — 13.0x13.0 — under the 24 dense-case minimum (<g> wrapper measured from its polygon child (polygon bbox)) (s116-D1: marks carry the 24 floor, not the 44 target); DATA MARK `g.dv-marker` — 13.0x13.0 — under the 24 dense-case minimum (<g> wrapper measured from its polygon child (polygon bbox)) (s116-D1: marks carry the 24 floor, not the 44 target); DATA MARK `g.dv-marker` — 13.0x13.0 — under the 24 dense-case minimum (<g> wrapper measured from its polygon child (polygon bbox)) (s116-D1: marks carry the 24 floor, not the 44 target); DATA MARK `g.dv-marker` — 13.0x13.0 — under the 24 dense-case minimum (<g> wrapper measured from its polygon child (polygon bbox)) (s116-D1: marks carry the 24 floor, not the 44 target); DATA MARK `g.dv-marker` — 13.0x13.0 — under the 24 dense-case minimum (<g> wrapper measured from its polygon child (polygon bbox)) (s116-D1: marks carry the 24 floor, not the 44 target); DATA MARK `g.dv-marker` — 13.0x13.0 — under the 24 dense-case minimum (<g> wrapper measured from its polygon child (polygon bbox)) (s116-D1: marks carry the 24 floor, not the 44 target); DATA MARK `g.dv-marker` — 11.0x11.0 — under the 24 dense-case minimum (<g> wrapper measured from its rect child (rect w/h attrs)) (s116-D1: marks carry the 24 floor, not the 44 target); DATA MARK `g.dv-marker` — 11.0x11.0 — under the 24 dense-case minimum (<g> wrapper measured from its rect child (rect w/h attrs)) (s116-D1: marks carry the 24 floor, not the 44 target); DATA MARK `g.dv-marker` — 11.0x11.0 — under the 24 dense-case minimum (<g> wrapper measured from its rect child (rect w/h attrs)) (s116-D1: marks carry the 24 floor, not the 44 target); DATA MARK `g.dv-marker` — 11.0x11.0 — under the 24 dense-case minimum (<g> wrapper measured from its rect child (rect w/h attrs)) (s116-D1: marks carry the 24 floor, not the 44 target); DATA MARK `g.dv-marker` — 11.0x11.0 — under the 24 dense-case minimum (<g> wrapper measured from its rect child (rect w/h attrs)) (s116-D1: marks carry the 24 floor, not the 44 target); DATA MARK `g.dv-marker` — 11.0x11.0 — under the 24 dense-case minimum (<g> wrapper measured from its rect child (rect w/h attrs)) (s116-D1: marks carry the 24 floor, not the 44 target); DATA MARK `g.dv-marker` — 11.0x11.0 — under the 24 dense-case minimum (<g> wrapper measured from its rect child (rect w/h attrs)) (s116-D1: marks carry the 24 floor, not the 44 target); DATA MARK `g.dv-marker` — 11.0x11.0 — under the 24 dense-case minimum (<g> wrapper measured from its rect child (rect w/h attrs)) (s116-D1: marks carry the 24 floor, not the 44 target); DATA MARK `g.dv-marker` — 11.0x11.0 — under the 24 dense-case minimum (<g> wrapper measured from its rect child (rect w/h attrs)) (s116-D1: marks carry the 24 floor, not the 44 target); DATA MARK `g.dv-marker` — 11.0x11.0 — under the 24 dense-case minimum (<g> wrapper measured from its rect child (rect w/h attrs)) (s116-D1: marks carry the 24 floor, not the 44 target); DATA MARK `g.dv-marker` — 11.0x11.0 — under the 24 dense-case minimum (<g> wrapper measured from its rect child (rect w/h attrs)) (s116-D1: marks carry the 24 floor, not the 44 target); DATA MARK `g.dv-marker` — 11.0x11.0 — under the 24 dense-case minimum (<g> wrapper measured from its rect child (rect w/h attrs)) (s116-D1: marks carry the 24 floor, not the 44 target); DATA MARK `rect.dv-series` — 20.0x64.8 — under the 24 dense-case minimum (rect w/h attrs) (s116-D1: marks carry the 24 floor, not the 44 target); DATA MARK `rect.dv-series` — 20.0x118.8 — under the 24 dense-case minimum (rect w/h attrs) (s116-D1: marks carry the 24 floor, not the 44 target); DATA MARK `rect.dv-series` — 20.0x95.0 — under the 24 dense-case minimum (rect w/h attrs) (s116-D1: marks carry the 24 floor, not the 44 target); DATA MARK `rect.dv-series` — 20.0x108.0 — under the 24 dense-case minimum (rect w/h attrs) (s116-D1: marks carry the 24 floor, not the 44 target); DATA MARK `rect.dv-series` — 20.0x146.9 — under the 24 dense-case minimum (rect w/h attrs) (s116-D1: marks carry the 24 floor, not the 44 target); DATA MARK `rect.dv-series` — 20.0x177.1 — under the 24 dense-case minimum (rect w/h attrs) (s116-D1: marks carry the 24 floor, not the 44 target); DATA MARK `rect.dv-series` — 20.0x38.9 — under the 24 dense-case minimum (rect w/h attrs) (s116-D1: marks carry the 24 floor, not the 44 target); DATA MARK `rect.dv-series` — 20.0x51.8 — under the 24 dense-case minimum (rect w/h attrs) (s116-D1: marks carry the 24 floor, not the 44 target); DATA MARK `rect.dv-series` — 20.0x30.2 — under the 24 dense-case minimum (rect w/h attrs) (s116-D1: marks carry the 24 floor, not the 44 target); DATA MARK `rect.dv-series` — 20.0x86.4 — under the 24 dense-case minimum (rect w/h attrs) (s116-D1: marks carry the 24 floor, not the 44 target); DATA MARK `rect.dv-series` — 20.0x112.3 — under the 24 dense-case minimum (rect w/h attrs) (s116-D1: marks carry the 24 floor, not the 44 target); DATA MARK `rect.dv-series` — 20.0x99.4 — under the 24 dense-case minimum (rect w/h attrs) (s116-D1: marks carry the 24 floor, not the 44 target); DATA MARK `rect.dv-series` — 20.0x198.7 — under the 24 dense-case minimum (rect w/h attrs) (s116-D1: marks carry the 24 floor, not the 44 target); DATA MARK `rect.dv-series` — 20.0x151.2 — under the 24 dense-case minimum (rect w/h attrs) (s116-D1: marks carry the 24 floor, not the 44 target); DATA MARK `rect.dv-series` — 20.0x129.6 — under the 24 dense-case minimum (rect w/h attrs) (s116-D1: marks carry the 24 floor, not the 44 target); DATA MARK `rect.dv-series` — 20.0x47.5 — under the 24 dense-case minimum (rect w/h attrs) (s116-D1: marks carry the 24 floor, not the 44 target); DATA MARK `rect.dv-series` — 20.0x99.4 — under the 24 dense-case minimum (rect w/h attrs) (s116-D1: marks carry the 24 floor, not the 44 target); DATA MARK `rect.dv-series` — 20.0x82.1 — under the 24 dense-case minimum (rect w/h attrs) (s116-D1: marks carry the 24 floor, not the 44 target))
2026-09-27T08:45:57.1304251Z ## nio-dash-console-v2.canon.html
2026-09-27T08:45:57.1305298Z - receipt: UNPROVEN:NO-RECEIPT — this page carries no #provenance-receipt, so nothing about its provenance was measured. Mint one with `python3 knowledge/gen_provenance_receipt.py --mint <path>`; run with --receipt-strict to make this block.
2026-09-27T08:45:57.1306239Z - compose: ✅
2026-09-27T08:45:57.1306651Z - composition: n/a — no .c-bento on this page
2026-09-27T08:45:57.1307130Z - icon-source: ✅ all paths library-matched
2026-09-27T08:45:57.1353502Z - a11y: ✅  (warn: DATA MARK `rect.dv-series` — 14.0x97.2 — under the 24 dense-case minimum (rect w/h attrs) (s116-D1: marks carry the 24 floor, not the 44 target); DATA MARK `rect.dv-series` — 14.0x64.8 — under the 24 dense-case minimum (rect w/h attrs) (s116-D1: marks carry the 24 floor, not the 44 target); DATA MARK `rect.dv-series` — 14.0x133.9 — under the 24 dense-case minimum (rect w/h attrs) (s116-D1: marks carry the 24 floor, not the 44 target); DATA MARK `rect.dv-series` — 14.0x216.0 — under the 24 dense-case minimum (rect w/h attrs) (s116-D1: marks carry the 24 floor, not the 44 target); DATA MARK `rect.dv-series` — 14.0x38.9 — under the 24 dense-case minimum (rect w/h attrs) (s116-D1: marks carry the 24 floor, not the 44 target); DATA MARK `rect.dv-series` — 14.0x47.5 — under the 24 dense-case minimum (rect w/h attrs) (s116-D1: marks carry the 24 floor, not the 44 target); DATA MARK `rect.dv-series` — 14.0x118.8 — under the 24 dense-case minimum (rect w/h attrs) (s116-D1: marks carry the 24 floor, not the 44 target); DATA MARK `rect.dv-series` — 14.0x129.6 — under the 24 dense-case minimum (rect w/h attrs) (s116-D1: marks carry the 24 floor, not the 44 target); DATA MARK `rect.dv-series` — 14.0x183.6 — under the 24 dense-case minimum (rect w/h attrs) (s116-D1: marks carry the 24 floor, not the 44 target); DATA MARK `rect.dv-series` — 14.0x86.4 — under the 24 dense-case minimum (rect w/h attrs) (s116-D1: marks carry the 24 floor, not the 44 target); DATA MARK `rect.dv-series` — 14.0x90.7 — under the 24 dense-case minimum (rect w/h attrs) (s116-D1: marks carry the 24 floor, not the 44 target); DATA MARK `rect.dv-series` — 14.0x64.8 — under the 24 dense-case minimum (rect w/h attrs) (s116-D1: marks carry the 24 floor, not the 44 target); DATA MARK `rect.dv-series` — 14.0x125.3 — under the 24 dense-case minimum (rect w/h attrs) (s116-D1: marks carry the 24 floor, not the 44 target); DATA MARK `rect.dv-series` — 14.0x99.4 — under the 24 dense-case minimum (rect w/h attrs) (s116-D1: marks carry the 24 floor, not the 44 target); DATA MARK `rect.dv-series` — 14.0x108.0 — under the 24 dense-case minimum (rect w/h attrs) (s116-D1: marks carry the 24 floor, not the 44 target); DATA MARK `rect.dv-series` — 14.0x129.6 — under the 24 dense-case minimum (rect w/h attrs) (s116-D1: marks carry the 24 floor, not the 44 target); DATA MARK `rect.dv-series` — 14.0x205.2 — under the 24 dense-case minimum (rect w/h attrs) (s116-D1: marks carry the 24 floor, not the 44 target); DATA MARK `rect.dv-series` — 14.0x155.5 — under the 24 dense-case minimum (rect w/h attrs) (s116-D1: marks carry the 24 floor, not the 44 target); DATA MARK `rect.dv-series` — 14.0x86.4 — under the 24 dense-case minimum (rect w/h attrs) (s116-D1: marks carry the 24 floor, not the 44 target); DATA MARK `rect.dv-series` — 14.0x140.4 — under the 24 dense-case minimum (rect w/h attrs) (s116-D1: marks carry the 24 floor, not the 44 target); DATA MARK `rect.dv-series` — 14.0x64.8 — under the 24 dense-case minimum (rect w/h attrs) (s116-D1: marks carry the 24 floor, not the 44 target); DATA MARK `rect.dv-series` — 14.0x47.5 — under the 24 dense-case minimum (rect w/h attrs) (s116-D1: marks carry the 24 floor, not the 44 target); DATA MARK `rect.dv-series` — 14.0x43.2 — under the 24 dense-case minimum (rect w/h attrs) (s116-D1: marks carry the 24 floor, not the 44 target); DATA MARK `rect.dv-series` — 14.0x54.0 — under the 24 dense-case minimum (rect w/h attrs) (s116-D1: marks carry the 24 floor, not the 44 target); DATA MARK `path.dv-donut-seg.dv-marker.dv-series` — 40.0x11.5 — under the 24 dense-case minimum (arc segment: radial thickness 40.0, mid-radius arc length 11.5) (s116-D1: marks carry the 24 floor, not the 44 target); DATA MARK `path.dv-donut-seg.dv-marker.dv-series` — 40.0x21.2 — under the 24 dense-case minimum (arc segment: radial thickness 40.0, mid-radius arc length 21.2) (s116-D1: marks carry the 24 floor, not the 44 target); DATA MARK `g.dv-marker` — 11.0x11.0 — under the 24 dense-case minimum (<g> wrapper measured from its circle child (circle diameter 2r)) (s116-D1: marks carry the 24 floor, not the 44 target); DATA MARK `g.dv-marker` — 11.0x11.0 — under the 24 dense-case minimum (<g> wrapper measured from its circle child (circle diameter 2r)) (s116-D1: marks carry the 24 floor, not the 44 target); DATA MARK `g.dv-marker` — 11.0x11.0 — under the 24 dense-case minimum (<g> wrapper measured from its circle child (circle diameter 2r)) (s116-D1: marks carry the 24 floor, not the 44 target); DATA MARK `g.dv-marker` — 11.0x11.0 — under the 24 dense-case minimum (<g> wrapper measured from its circle child (circle diameter 2r)) (s116-D1: marks carry the 24 floor, not the 44 target); DATA MARK `g.dv-marker` — 11.0x11.0 — under the 24 dense-case minimum (<g> wrapper measured from its circle child (circle diameter 2r)) (s116-D1: marks carry the 24 floor, not the 44 target); DATA MARK `g.dv-marker` — 11.0x11.0 — under the 24 dense-case minimum (<g> wrapper measured from its circle child (circle diameter 2r)) (s116-D1: marks carry the 24 floor, not the 44 target); DATA MARK `g.dv-marker` — 11.0x11.0 — under the 24 dense-case minimum (<g> wrapper measured from its circle child (circle diameter 2r)) (s116-D1: marks carry the 24 floor, not the 44 target); DATA MARK `g.dv-marker` — 11.0x11.0 — under the 24 dense-case minimum (<g> wrapper measured from its circle child (circle diameter 2r)) (s116-D1: marks carry the 24 floor, not the 44 target); DATA MARK `g.dv-marker` — 11.0x11.0 — under the 24 dense-case minimum (<g> wrapper measured from its circle child (circle diameter 2r)) (s116-D1: marks carry the 24 floor, not the 44 target); DATA MARK `g.dv-marker` — 11.0x11.0 — under the 24 dense-case minimum (<g> wrapper measured from its circle child (circle diameter 2r)) (s116-D1: marks carry the 24 floor, not the 44 target); DATA MARK `g.dv-marker` — 11.0x11.0 — under the 24 dense-case minimum (<g> wrapper measured from its circle child (circle diameter 2r)) (s116-D1: marks carry the 24 floor, not the 44 target); DATA MARK `g.dv-marker` — 11.0x11.0 — under the 24 dense-case minimum (<g> wrapper measured from its circle child (circle diameter 2r)) (s116-D1: marks carry the 24 floor, not the 44 target); DATA MARK `g.dv-marker` — 11.0x11.0 — under the 24 dense-case minimum (<g> wrapper measured from its circle child (circle diameter 2r)) (s116-D1: marks carry the 24 floor, not the 44 target); DATA MARK `g.dv-marker` — 11.0x11.0 — under the 24 dense-case minimum (<g> wrapper measured from its circle child (circle diameter 2r)) (s116-D1: marks carry the 24 floor, not the 44 target); DATA MARK `g.dv-marker` — 11.0x11.0 — under the 24 dense-case minimum (<g> wrapper measured from its circle child (circle diameter 2r)) (s116-D1: marks carry the 24 floor, not the 44 target); DATA MARK `g.dv-marker` — 11.0x11.0 — under the 24 dense-case minimum (<g> wrapper measured from its circle child (circle diameter 2r)) (s116-D1: marks carry the 24 floor, not the 44 target); DATA MARK `g.dv-marker` — 11.0x11.0 — under the 24 dense-case minimum (<g> wrapper measured from its circle child (circle diameter 2r)) (s116-D1: marks carry the 24 floor, not the 44 target); DATA MARK `g.dv-marker` — 11.0x11.0 — under the 24 dense-case minimum (<g> wrapper measured from its circle child (circle diameter 2r)) (s116-D1: marks carry the 24 floor, not the 44 target); DATA MARK `g.dv-marker` — 11.0x11.0 — under the 24 dense-case minimum (<g> wrapper measured from its circle child (circle diameter 2r)) (s116-D1: marks carry the 24 floor, not the 44 target); DATA MARK `g.dv-marker` — 11.0x11.0 — under the 24 dense-case minimum (<g> wrapper measured from its circle child (circle diameter 2r)) (s116-D1: marks carry the 24 floor, not the 44 target); DATA MARK `g.dv-marker` — 11.0x11.0 — under the 24 dense-case minimum (<g> wrapper measured from its circle child (circle diameter 2r)) (s116-D1: marks carry the 24 floor, not the 44 target); DATA MARK `g.dv-marker` — 11.0x11.0 — under the 24 dense-case minimum (<g> wrapper measured from its circle child (circle diameter 2r)) (s116-D1: marks carry the 24 floor, not the 44 target); DATA MARK `g.dv-marker` — 11.0x11.0 — under the 24 dense-case minimum (<g> wrapper measured from its circle child (circle diameter 2r)) (s116-D1: marks carry the 24 floor, not the 44 target); DATA MARK `g.dv-marker` — 11.0x11.0 — under the 24 dense-case minimum (<g> wrapper measured from its circle child (circle diameter 2r)) (s116-D1: marks carry the 24 floor, not the 44 target); DATA MARK `g.dv-marker` — 11.0x11.0 — under the 24 dense-case minimum (<g> wrapper measured from its rect child (rect w/h attrs)) (s116-D1: marks carry the 24 floor, not the 44 target); DATA MARK `g.dv-marker` — 11.0x11.0 — under the 24 dense-case minimum (<g> wrapper measured from its rect child (rect w/h attrs)) (s116-D1: marks carry the 24 floor, not the 44 target); DATA MARK `g.dv-marker` — 11.0x11.0 — under the 24 dense-case minimum (<g> wrapper measured from its rect child (rect w/h attrs)) (s116-D1: marks carry the 24 floor, not the 44 target); DATA MARK `g.dv-marker` — 11.0x11.0 — under the 24 dense-case minimum (<g> wrapper measured from its rect child (rect w/h attrs)) (s116-D1: marks carry the 24 floor, not the 44 target); DATA MARK `g.dv-marker` — 11.0x11.0 — under the 24 dense-case minimum (<g> wrapper measured from its rect child (rect w/h attrs)) (s116-D1: marks carry the 24 floor, not the 44 target); DATA MARK `g.dv-marker` — 11.0x11.0 — under the 24 dense-case minimum (<g> wrapper measured from its rect child (rect w/h attrs)) (s116-D1: marks carry the 24 floor, not the 44 target); DATA MARK `g.dv-marker` — 11.0x11.0 — under the 24 dense-case minimum (<g> wrapper measured from its rect child (rect w/h attrs)) (s116-D1: marks carry the 24 floor, not the 44 target); DATA MARK `g.dv-marker` — 11.0x11.0 — under the 24 dense-case minimum (<g> wrapper measured from its rect child (rect w/h attrs)) (s116-D1: marks carry the 24 floor, not the 44 target); DATA MARK `g.dv-marker` — 11.0x11.0 — under the 24 dense-case minimum (<g> wrapper measured from its rect child (rect w/h attrs)) (s116-D1: marks carry the 24 floor, not the 44 target); DATA MARK `g.dv-marker` — 11.0x11.0 — under the 24 dense-case minimum (<g> wrapper measured from its rect child (rect w/h attrs)) (s116-D1: marks carry the 24 floor, not the 44 target); DATA MARK `g.dv-marker` — 11.0x11.0 — under the 24 dense-case minimum (<g> wrapper measured from its rect child (rect w/h attrs)) (s116-D1: marks carry the 24 floor, not the 44 target); DATA MARK `g.dv-marker` — 11.0x11.0 — under the 24 dense-case minimum (<g> wrapper measured from its rect child (rect w/h attrs)) (s116-D1: marks carry the 24 floor, not the 44 target); DATA MARK `g.dv-marker` — 13.0x13.0 — under the 24 dense-case minimum (<g> wrapper measured from its polygon child (polygon bbox)) (s116-D1: marks carry the 24 floor, not the 44 target); DATA MARK `g.dv-marker` — 13.0x13.0 — under the 24 dense-case minimum (<g> wrapper measured from its polygon child (polygon bbox)) (s116-D1: marks carry the 24 floor, not the 44 target); DATA MARK `g.dv-marker` — 13.0x13.0 — under the 24 dense-case minimum (<g> wrapper measured from its polygon child (polygon bbox)) (s116-D1: marks carry the 24 floor, not the 44 target); DATA MARK `g.dv-marker` — 13.0x13.0 — under the 24 dense-case minimum (<g> wrapper measured from its polygon child (polygon bbox)) (s116-D1: marks carry the 24 floor, not the 44 target); DATA MARK `g.dv-marker` — 13.0x13.0 — under the 24 dense-case minimum (<g> wrapper measured from its polygon child (polygon bbox)) (s116-D1: marks carry the 24 floor, not the 44 target); DATA MARK `g.dv-marker` — 13.0x13.0 — under the 24 dense-case minimum (<g> wrapper measured from its polygon child (polygon bbox)) (s116-D1: marks carry the 24 floor, not the 44 target); DATA MARK `g.dv-marker` — 13.0x13.0 — under the 24 dense-case minimum (<g> wrapper measured from its polygon child (polygon bbox)) (s116-D1: marks carry the 24 floor, not the 44 target); DATA MARK `g.dv-marker` — 13.0x13.0 — under the 24 dense-case minimum (<g> wrapper measured from its polygon child (polygon bbox)) (s116-D1: marks carry the 24 floor, not the 44 target); DATA MARK `g.dv-marker` — 13.0x13.0 — under the 24 dense-case minimum (<g> wrapper measured from its polygon child (polygon bbox)) (s116-D1: marks carry the 24 floor, not the 44 target); DATA MARK `g.dv-marker` — 13.0x13.0 — under the 24 dense-case minimum (<g> wrapper measured from its polygon child (polygon bbox)) (s116-D1: marks carry the 24 floor, not the 44 target); DATA MARK `g.dv-marker` — 13.0x13.0 — under the 24 dense-case minimum (<g> wrapper measured from its polygon child (polygon bbox)) (s116-D1: marks carry the 24 floor, not the 44 target); DATA MARK `g.dv-marker` — 13.0x13.0 — under the 24 dense-case minimum (<g> wrapper measured from its polygon child (polygon bbox)) (s116-D1: marks carry the 24 floor, not the 44 target); DATA MARK `g.dv-marker` — 11.0x11.0 — under the 24 dense-case minimum (<g> wrapper measured from its rect child (rect w/h attrs)) (s116-D1: marks carry the 24 floor, not the 44 target); DATA MARK `g.dv-marker` — 11.0x11.0 — under the 24 dense-case minimum (<g> wrapper measured from its rect child (rect w/h attrs)) (s116-D1: marks carry the 24 floor, not the 44 target); DATA MARK `g.dv-marker` — 11.0x11.0 — under the 24 dense-case minimum (<g> wrapper measured from its rect child (rect w/h attrs)) (s116-D1: marks carry the 24 floor, not the 44 target); DATA MARK `g.dv-marker` — 11.0x11.0 — under the 24 dense-case minimum (<g> wrapper measured from its rect child (rect w/h attrs)) (s116-D1: marks carry the 24 floor, not the 44 target); DATA MARK `g.dv-marker` — 11.0x11.0 — under the 24 dense-case minimum (<g> wrapper measured from its rect child (rect w/h attrs)) (s116-D1: marks carry the 24 floor, not the 44 target); DATA MARK `g.dv-marker` — 11.0x11.0 — under the 24 dense-case minimum (<g> wrapper measured from its rect child (rect w/h attrs)) (s116-D1: marks carry the 24 floor, not the 44 target); DATA MARK `g.dv-marker` — 11.0x11.0 — under the 24 dense-case minimum (<g> wrapper measured from its rect child (rect w/h attrs)) (s116-D1: marks carry the 24 floor, not the 44 target); DATA MARK `g.dv-marker` — 11.0x11.0 — under the 24 dense-case minimum (<g> wrapper measured from its rect child (rect w/h attrs)) (s116-D1: marks carry the 24 floor, not the 44 target); DATA MARK `g.dv-marker` — 11.0x11.0 — under the 24 dense-case minimum (<g> wrapper measured from its rect child (rect w/h attrs)) (s116-D1: marks carry the 24 floor, not the 44 target); DATA MARK `g.dv-marker` — 11.0x11.0 — under the 24 dense-case minimum (<g> wrapper measured from its rect child (rect w/h attrs)) (s116-D1: marks carry the 24 floor, not the 44 target); DATA MARK `g.dv-marker` — 11.0x11.0 — under the 24 dense-case minimum (<g> wrapper measured from its rect child (rect w/h attrs)) (s116-D1: marks carry the 24 floor, not the 44 target); DATA MARK `g.dv-marker` — 11.0x11.0 — under the 24 dense-case minimum (<g> wrapper measured from its rect child (rect w/h attrs)) (s116-D1: marks carry the 24 floor, not the 44 target); DATA MARK `rect.dv-series` — 20.0x64.8 — under the 24 dense-case minimum (rect w/h attrs) (s116-D1: marks carry the 24 floor, not the 44 target); DATA MARK `rect.dv-series` — 20.0x118.8 — under the 24 dense-case minimum (rect w/h attrs) (s116-D1: marks carry the 24 floor, not the 44 target); DATA MARK `rect.dv-series` — 20.0x95.0 — under the 24 dense-case minimum (rect w/h attrs) (s116-D1: marks carry the 24 floor, not the 44 target); DATA MARK `rect.dv-series` — 20.0x108.0 — under the 24 dense-case minimum (rect w/h attrs) (s116-D1: marks carry the 24 floor, not the 44 target); DATA MARK `rect.dv-series` — 20.0x146.9 — under the 24 dense-case minimum (rect w/h attrs) (s116-D1: marks carry the 24 floor, not the 44 target); DATA MARK `rect.dv-series` — 20.0x177.1 — under the 24 dense-case minimum (rect w/h attrs) (s116-D1: marks carry the 24 floor, not the 44 target); DATA MARK `rect.dv-series` — 20.0x38.9 — under the 24 dense-case minimum (rect w/h attrs) (s116-D1: marks carry the 24 floor, not the 44 target); DATA MARK `rect.dv-series` — 20.0x51.8 — under the 24 dense-case minimum (rect w/h attrs) (s116-D1: marks carry the 24 floor, not the 44 target); DATA MARK `rect.dv-series` — 20.0x30.2 — under the 24 dense-case minimum (rect w/h attrs) (s116-D1: marks carry the 24 floor, not the 44 target); DATA MARK `rect.dv-series` — 20.0x86.4 — under the 24 dense-case minimum (rect w/h attrs) (s116-D1: marks carry the 24 floor, not the 44 target); DATA MARK `rect.dv-series` — 20.0x112.3 — under the 24 dense-case minimum (rect w/h attrs) (s116-D1: marks carry the 24 floor, not the 44 target); DATA MARK `rect.dv-series` — 20.0x99.4 — under the 24 dense-case minimum (rect w/h attrs) (s116-D1: marks carry the 24 floor, not the 44 target); DATA MARK `rect.dv-series` — 20.0x198.7 — under the 24 dense-case minimum (rect w/h attrs) (s116-D1: marks carry the 24 floor, not the 44 target); DATA MARK `rect.dv-series` — 20.0x151.2 — under the 24 dense-case minimum (rect w/h attrs) (s116-D1: marks carry the 24 floor, not the 44 target); DATA MARK `rect.dv-series` — 20.0x129.6 — under the 24 dense-case minimum (rect w/h attrs) (s116-D1: marks carry the 24 floor, not the 44 target); DATA MARK `rect.dv-series` — 20.0x47.5 — under the 24 dense-case minimum (rect w/h attrs) (s116-D1: marks carry the 24 floor, not the 44 target); DATA MARK `rect.dv-series` — 20.0x99.4 — under the 24 dense-case minimum (rect w/h attrs) (s116-D1: marks carry the 24 floor, not the 44 target); DATA MARK `rect.dv-series` — 20.0x82.1 — under the 24 dense-case minimum (rect w/h attrs) (s116-D1: marks carry the 24 floor, not the 44 target))
2026-09-27T08:45:57.1392903Z ## payments-journey.canon.html
2026-09-27T08:45:57.1394062Z - receipt: UNPROVEN:NO-RECEIPT — this page carries no #provenance-receipt, so nothing about its provenance was measured. Mint one with `python3 knowledge/gen_provenance_receipt.py --mint <path>`; run with --receipt-strict to make this block.
2026-09-27T08:45:57.1395000Z - compose: ✅
2026-09-27T08:45:57.1395430Z - composition: n/a — no .c-bento on this page
2026-09-27T08:45:57.1395909Z - icon-source: ✅ all paths library-matched
2026-09-27T08:45:57.1396303Z - a11y: ✅
2026-09-27T08:45:57.1396642Z ## sme-payments-desktop.canon.html
2026-09-27T08:45:57.1397716Z - receipt: UNPROVEN:NO-RECEIPT — this page carries no #provenance-receipt, so nothing about its provenance was measured. Mint one with `python3 knowledge/gen_provenance_receipt.py --mint <path>`; run with --receipt-strict to make this block.
2026-09-27T08:45:57.1398670Z - compose: ✅
2026-09-27T08:45:57.1399083Z - composition: n/a — no .c-bento on this page
2026-09-27T08:45:57.1399544Z - icon-source: ✅ all paths library-matched
2026-09-27T08:45:57.1400063Z - a11y: ✅
2026-09-27T08:45:57.1400376Z ## sme-payments-swiss.canon.html
2026-09-27T08:45:57.1401415Z - receipt: UNPROVEN:NO-RECEIPT — this page carries no #provenance-receipt, so nothing about its provenance was measured. Mint one with `python3 knowledge/gen_provenance_receipt.py --mint <path>`; run with --receipt-strict to make this block.
2026-09-27T08:45:57.1402318Z - compose: ✅
2026-09-27T08:45:57.1402667Z - composition: n/a — no .c-bento on this page
2026-09-27T08:45:57.1403078Z - icon-source: ✅ all paths library-matched
2026-09-27T08:45:57.1403443Z - a11y: ✅
2026-09-27T08:45:57.1403726Z ## sme-payments.canon.html
2026-09-27T08:45:57.1404767Z - receipt: UNPROVEN:NO-RECEIPT — this page carries no #provenance-receipt, so nothing about its provenance was measured. Mint one with `python3 knowledge/gen_provenance_receipt.py --mint <path>`; run with --receipt-strict to make this block.
2026-09-27T08:45:57.1405586Z - compose: ✅
2026-09-27T08:45:57.1405927Z - composition: n/a — no .c-bento on this page
2026-09-27T08:45:57.1406339Z - icon-source: ✅ all paths library-matched
2026-09-27T08:45:57.1406689Z - a11y: ✅
2026-09-27T08:45:57.1406867Z 
2026-09-27T08:45:57.1407006Z RESULT: PASS ✅
2026-09-27T08:45:57.1545967Z COULD-NOT-ASK: _validate_state_contrast.py — the 'playwright' module is not installed (ModuleNotFoundError("No module named 'playwright'")) — this gate cannot be proven without it; run `pip install playwright && playwright install chromium` ⇒ THIS IS NOT A SKIP: these arms (including the s152-D1 mutation control) run BLOCKING in the `render` job of .github/workflows/gates.yml, which installs chromium — that job is where this gate's proof of record lives. Nothing here is claimed green; the question was unaskable on this box.
2026-09-27T08:45:57.1836383Z COULD-NOT-ASK: _validate_state_contrast.py — the 'playwright' module is not installed (ModuleNotFoundError("No module named 'playwright'")) — this gate cannot be proven without it; run `pip install playwright && playwright install chromium` ⇒ THIS IS NOT A SKIP: these arms (including the s152-D1 mutation control) run BLOCKING in the `render` job of .github/workflows/gates.yml, which installs chromium — that job is where this gate's proof of record lives. Nothing here is claimed green; the question was unaskable on this box.
2026-09-27T08:45:57.1866172Z 
2026-09-27T08:45:57.1867427Z === [1/152] compliance knowledge graph — compliance/_build_compliance_kg.py ===
2026-09-27T08:45:57.1868054Z 
2026-09-27T08:45:57.1868424Z === [2/152] token blast-radius + graph report — tokens/_build_blast_radius.py ===
2026-09-27T08:45:57.1868743Z 
2026-09-27T08:45:57.1869256Z === [3/152] token blast-radius + graph report — determinism/staleness check (#79 P6) — tokens/_build_blast_radius.py ===
2026-09-27T08:45:57.1869875Z 
2026-09-27T08:45:57.1870351Z === [4/152] token blast-radius + graph report selftest (#79 P6) — tokens/_build_blast_radius.py ===
2026-09-27T08:45:57.1870750Z 
2026-09-27T08:45:57.1871038Z === [5/152] guideline rules index (gate) — guidelines/gen_rules_index.py ===
2026-09-27T08:45:57.1871418Z 
2026-09-27T08:45:57.1871952Z === [6/152] runbook index (generated) — gen_runbook_index.py ===
2026-09-27T08:45:57.1872234Z 
2026-09-27T08:45:57.1872630Z === [7/152] standing-instructions reachability gate — _validate_standing_instructions.py ===
2026-09-27T08:45:57.1872981Z 
2026-09-27T08:45:57.1873445Z === [8/152] help-gate — no entry point may write before it reads argv (#158 class gate) — _validate_help_gate.py ===
2026-09-27T08:45:57.1873828Z 
2026-09-27T08:45:57.1874107Z === [9/152] help-gate selftest — 5 mutation bites (#158 class gate) — _validate_help_gate.py ===
2026-09-27T08:45:57.1874423Z 
2026-09-27T08:45:57.1874715Z === [10/152] assertion veracity gate — claims that can rot — _validate_assertions.py ===
2026-09-27T08:45:57.1875023Z 
2026-09-27T08:45:57.1875417Z ⊘ step 'assertion veracity gate — claims that can rot' COULD-NOT-ASK (exit 77) — declared refusal, build continues
2026-09-27T08:45:57.1875756Z 
2026-09-27T08:45:57.1876147Z === [11/152] assertion veracity selftest — verbs bite + registry well-formed (#77 periphery) — _validate_assertions.py ===
2026-09-27T08:45:57.1876504Z 
2026-09-27T08:45:57.1876891Z === [12/152] capture/provenance gate — status+provenance on new notes+dossiers (Memento §4.1) — _capture_gate.py ===
2026-09-27T08:45:57.1877275Z 
2026-09-27T08:45:57.1877512Z === [13/152] capture/provenance selftest (Memento §4.1) — _capture_gate.py ===
2026-09-27T08:45:57.1877807Z 
2026-09-27T08:45:57.1878153Z ⊘ step 'capture/provenance selftest (Memento §4.1)' COULD-NOT-ASK (exit 77) — declared refusal, build continues
2026-09-27T08:45:57.1878513Z 
2026-09-27T08:45:57.1878931Z === [14/152] gauge-tokens selftest -- counting path + cache + degraded-measurement honesty (#79 P5) — _gauge_tokens.py ===
2026-09-27T08:45:57.1879284Z 
2026-09-27T08:45:57.1879534Z === [15/152] roll-state measurer selftest (#77 T1) — _roll_state.py ===
2026-09-27T08:45:57.1879897Z 
2026-09-27T08:45:57.1880259Z === [16/152] commit-seam harness — _git_commit.sh fixture-repo arms (#78-D1 P1) — _test_git_commit.py ===
2026-09-27T08:45:57.1880609Z 
2026-09-27T08:45:57.1880864Z === [17/152] GM/LS mover selftest — hardened move mechanics (M5) — _gm_move.py ===
2026-09-27T08:45:57.1881163Z 
2026-09-27T08:45:57.1881406Z === [18/152] section-usage instrumentation selftest (#23) — _gm_usage.py ===
2026-09-27T08:45:57.1881701Z 
2026-09-27T08:45:57.1881992Z === [19/152] lane records — regenerate LS §🛤 view (O1′ #24) — _gen_lanes.py ===
2026-09-27T08:45:57.1882242Z 
2026-09-27T08:45:57.1882489Z === [20/152] lane records determinism check (O1′ #24) — _gen_lanes.py ===
2026-09-27T08:45:57.1882716Z 
2026-09-27T08:45:57.1883043Z === [21/152] lane records selftest — schema refusals + routing contract (O1′ #24) — _gen_lanes.py ===
2026-09-27T08:45:57.1883379Z 
2026-09-27T08:45:57.1883576Z === [22/152] cross-reference index — _build_xref_index.py ===
2026-09-27T08:45:57.1883843Z 
2026-09-27T08:45:57.1884085Z === [23/152] sutherland acceptance fixtures — _build_sutherland_fixtures.py ===
2026-09-27T08:45:57.1884372Z 
2026-09-27T08:45:57.1884666Z === [24/152] states-completeness probe (advisory) — _build_states_probe.py ===
2026-09-27T08:45:57.1884917Z 
2026-09-27T08:45:57.1885380Z === [25/152] worklist store gate — open items state what would close them; optional priority_override is Dave's (#88 store, wired #165) — _state.py ===
2026-09-27T08:45:57.1885902Z 
2026-09-27T08:45:57.1886346Z === [26/152] worklist store selftest — schema presence gates incl. priority_override / deadline / effort (#165, extended #166) — _state.py ===
2026-09-27T08:45:57.1886767Z 
2026-09-27T08:45:57.1887114Z === [27/152] decision-graph — typed edges + conflict gate (advisory, ADR-0012) — _build_decision_graph.py ===
2026-09-27T08:45:57.1887454Z 
2026-09-27T08:45:57.1887861Z === [28/152] decision-graph selftest — conflict gate bites on unresolved/open/orphan (ADR-0012, #77 periphery) — _build_decision_graph.py ===
2026-09-27T08:45:57.1888286Z 
2026-09-27T08:45:57.1888649Z === [29/152] spine-writer selftest — splice invariants + no-half-writes (#78-D2) — _build_live_state.py ===
2026-09-27T08:45:57.1888962Z 
2026-09-27T08:45:57.1889405Z === [30/152] _LIVE-STATE staleness gate + lifecycle-block generation (advisory, ADR-0007) — _build_live_state.py ===
2026-09-27T08:45:57.1889868Z 
2026-09-27T08:45:57.1890165Z === [31/152] advisory signals — prose rules (advisory) — _validate_advisory.py ===
2026-09-27T08:45:57.1890480Z 
2026-09-27T08:45:57.1890654Z === [32/152] review queue — _build_review_queue.py ===
2026-09-27T08:45:57.1890878Z 
2026-09-27T08:45:57.1891084Z === [33/152] dark-mode coverage audit — _build_dark_mode_audit.py ===
2026-09-27T08:45:57.1891337Z 
2026-09-27T08:45:57.1891602Z === [34/152] text/icon contrast audit — _build_surface_contrast_audit.py ===
2026-09-27T08:45:57.1891840Z 
2026-09-27T08:45:57.1892123Z === [35/152] indicator/accent contrast audit — _build_indicator_contrast_audit.py ===
2026-09-27T08:45:57.1892386Z 
2026-09-27T08:45:57.1892695Z === [36/152] icon contrast delta — brand 4.5 vs 3 (advisory) — _build_icon_contrast_delta.py ===
2026-09-27T08:45:57.1893040Z 
2026-09-27T08:45:57.1893264Z === [37/152] dark-surface flatness gate — _validate_dark_surfaces.py ===
2026-09-27T08:45:57.1893527Z 
2026-09-27T08:45:57.1893881Z === [38/152] component-partials sync — AUTO-PARTIAL injection + contracts (ADR-0013) — gen_component_partials.py ===
2026-09-27T08:45:57.1894260Z 
2026-09-27T08:45:57.1894549Z === [39/152] component-partials selftest (ADR-0013) — gen_component_partials.py ===
2026-09-27T08:45:57.1894807Z 
2026-09-27T08:45:57.1895120Z === [40/152] token-set distribution sync — AUTO-TOKENS injection (s121-D1) — gen_token_ramp.py ===
2026-09-27T08:45:57.1895410Z 
2026-09-27T08:45:57.1895671Z === [41/152] token-set distribution selftest (s121-D1) — gen_token_ramp.py ===
2026-09-27T08:45:57.1895984Z 
2026-09-27T08:45:57.1896312Z === [42/152] Behaviour contract gate — dv-behaviour size + banned patterns (ADR-0015) — _validate_behaviour.py ===
2026-09-27T08:45:57.1896670Z 
2026-09-27T08:45:57.1896907Z === [43/152] Behaviour contract selftest (ADR-0015) — _validate_behaviour.py ===
2026-09-27T08:45:57.1897191Z 
2026-09-27T08:45:57.1897574Z === [44/152] canon components — regenerate from snippets (ADR-0013 ruling 4) — canon/gen_canon_components.py ===
2026-09-27T08:45:57.1897909Z 
2026-09-27T08:45:57.1898244Z === [45/152] canon components determinism check (ADR-0013 ruling 4) — canon/gen_canon_components.py ===
2026-09-27T08:45:57.1898551Z 
2026-09-27T08:45:57.1898868Z === [46/152] partial re-implementation ratchet (ADR-0013) — _validate_partials.py ===
2026-09-27T08:45:57.1899178Z 
2026-09-27T08:45:57.1899407Z === [47/152] partial-ratchet selftest (ADR-0013) — _validate_partials.py ===
2026-09-27T08:45:57.1899678Z 
2026-09-27T08:45:57.1900233Z === [48/152] token projection sync — snippets/tranches/canon literals (gen_snippet_tokens) — gen_snippet_tokens.py ===
2026-09-27T08:45:57.1900736Z 
2026-09-27T08:45:57.1900963Z === [49/152] snippet gate — _validate_snippets.py ===
2026-09-27T08:45:57.1901155Z 
2026-09-27T08:45:57.1901489Z === [50/152] theme cascade sync — [data-apollo-theme] layer (ADR-0011) — canon/gen_theme_cascade.py ===
2026-09-27T08:45:57.1901800Z 
2026-09-27T08:45:57.1902091Z === [51/152] theme cascade selftest (ADR-0014) — canon/gen_theme_cascade.py ===
2026-09-27T08:45:57.1902460Z 
2026-09-27T08:45:57.1902803Z === [52/152] state-snap gate — opacity states snap to the active theme's ramp (ADR-0014) — _validate_state_snap.py ===
2026-09-27T08:45:57.1903160Z 
2026-09-27T08:45:57.1903378Z === [53/152] state-snap selftest (ADR-0014) — _validate_state_snap.py ===
2026-09-27T08:45:57.1903639Z 
2026-09-27T08:45:57.1904063Z === [54/152] stale-queue gate — §C·1 qprobe claims re-measured vs disk + git (BLOCKING, #198) — _validate_queue_fresh.py ===
2026-09-27T08:45:57.1904409Z 
2026-09-27T08:45:57.1904791Z === [55/152] stale-queue selftest — 13 bites incl. both mutation directions + scope (#196) — _validate_queue_fresh.py ===
2026-09-27T08:45:57.1905148Z 
2026-09-27T08:45:57.1905577Z === [56/152] palette-tier gate — every theme names a palette per family, no divergent hand-carry (s157-D2) — _validate_palette_tier.py ===
2026-09-27T08:45:57.1906062Z 
2026-09-27T08:45:57.1906347Z === [57/152] palette-tier selftest — 10 mutation bites (s157-D2) — _validate_palette_tier.py ===
2026-09-27T08:45:57.1906668Z 
2026-09-27T08:45:57.1907007Z === [58/152] radius gate — no hardcoded border-radius; shape is a theme flex slot (ADR-0010) — _validate_radius.py ===
2026-09-27T08:45:57.1907377Z 
2026-09-27T08:45:57.1907706Z === [59/152] showroom sync — generated component library (RULED 2026-07-21) — gen_showroom.py ===
2026-09-27T08:45:57.1907996Z 
2026-09-27T08:45:57.1908345Z === [60/152] showroom URL-rebase selftest — the srcdoc base-URL trap (2026-07-27) — gen_showroom.py ===
2026-09-27T08:45:57.1908650Z 
2026-09-27T08:45:57.1909000Z === [61/152] dashboard sync — generated progress dashboard (RULED #164, built #165) — gen_dashboard.py ===
2026-09-27T08:45:57.1909347Z 
2026-09-27T08:45:57.1909868Z ⊘ step 'dashboard sync — generated progress dashboard (RULED #164, built #165)' COULD-NOT-ASK (exit 77) — declared refusal, build continues
2026-09-27T08:45:57.1910441Z 
2026-09-27T08:45:57.1910815Z === [62/152] Legacy-colour leakage gate (Mono) — no Legacy-only colour in a Mono surface — _validate_legacy_leak.py ===
2026-09-27T08:45:57.1911171Z 
2026-09-27T08:45:57.1911613Z === [63/152] theme-provenance gate (ADR-0011/R-D19) — no foreign-theme hex in a Mono surface (advisory) — _validate_theme_provenance.py ===
2026-09-27T08:45:57.1911995Z 
2026-09-27T08:45:57.1912282Z === [64/152] token-tier gate (_STANDARDS.md §1) — _validate_token_tiers.py ===
2026-09-27T08:45:57.1912542Z 
2026-09-27T08:45:57.1912730Z === [65/152] icon-source gate — _validate_icons.py ===
2026-09-27T08:45:57.1912962Z 
2026-09-27T08:45:57.1913122Z === [66/152] a11y gate — _validate_a11y.py ===
2026-09-27T08:45:57.1913334Z 
2026-09-27T08:45:57.1913570Z === [67/152] a11y target-measurement selftest (s114-D5) — _validate_a11y.py ===
2026-09-27T08:45:57.1913850Z 
2026-09-27T08:45:57.1914251Z === [68/152] hit-area gate — 44px minimum, rendered geometry (ADVISORY, built #203, wired #209) — _validate_hit_area.py ===
2026-09-27T08:45:57.1914617Z 
2026-09-27T08:45:57.1915079Z ⊘ step 'hit-area gate — 44px minimum, rendered geometry (ADVISORY, built #203, wired #209)' COULD-NOT-ASK (exit 77) — declared refusal, build continues
2026-09-27T08:45:57.1915509Z 
2026-09-27T08:45:57.1915782Z === [69/152] wiring gate — no orphaned validators (#118 seam) — _validate_wiring.py ===
2026-09-27T08:45:57.1916089Z 
2026-09-27T08:45:57.1916300Z === [70/152] wiring gate selftest — 4 bites — _validate_wiring.py ===
2026-09-27T08:45:57.1916558Z 
2026-09-27T08:45:57.1916783Z === [71/152] compose gate (orphan wired #119) — _validate_compose.py ===
2026-09-27T08:45:57.1917021Z 
2026-09-27T08:45:57.1917375Z === [72/152] screen gate — compose+icons+a11y over fitness fixtures (re-wired #120) — _validate_screen.py ===
2026-09-27T08:45:57.1917706Z 
2026-09-27T08:45:57.1918093Z === [73/152] state-contrast gate — driven hover/pressed, light+dark (un-exempted #125) — _validate_state_contrast.py ===
2026-09-27T08:45:57.1918453Z 
2026-09-27T08:45:57.1918932Z ⊘ step 'state-contrast gate — driven hover/pressed, light+dark (un-exempted #125)' COULD-NOT-ASK (exit 77) — declared refusal, build continues
2026-09-27T08:45:57.1919437Z 
2026-09-27T08:45:57.1919902Z === [74/152] state-contrast gate selftest — paint stack, report arithmetic, named args — _validate_state_contrast.py ===
2026-09-27T08:45:57.1920288Z 
2026-09-27T08:45:57.3792159Z ⊘ step 'state-contrast gate selftest — paint stack, report arithmetic, named args' COULD-NOT-ASK (exit 77) — declared refusal, build continuesTYPE RATCHET PASS — debt shrank 1091 -> 1089; baseline ratcheted down.
2026-09-27T08:45:57.4008148Z selftest OK — ramp from type.css: sizes [12.0, 14.0, 16.0, 20.0, 24.0, 28.0, 32.0, 40.0, 52.0] weights [250, 300, 350, 400, 500, 700]; catches raw decls + off-ramp; exempts chrome/vars/inherit/sentinel block.
2026-09-27T08:45:57.4418910Z coverage gate: 137 meta(s) / 137 snippet(s), 0 failure(s)
2026-09-27T08:45:57.4884233Z   [PASS] _proforma/DataViz-interactive.html  ({'hardcode_leaks': 0, 'real_icons': 0, 'provisional': [], 'refs': '0/0', 'asset_paths': '0/0 real', 'allcaps': 0})
2026-09-27T08:45:57.4885666Z   [PASS] _proforma/Masthead-interactive.html  ({'hardcode_leaks': 0, 'real_icons': 45, 'provisional': ['i-brand-apollo'], 'refs': '14/14', 'asset_paths': '45/45 real', 'allcaps': 0})
2026-09-27T08:45:57.4886807Z   [PASS] _proforma/Tranche-1-interactive.html  ({'hardcode_leaks': 0, 'real_icons': 11, 'provisional': [], 'refs': '10/10', 'asset_paths': '11/11 real', 'allcaps': 0})
2026-09-27T08:45:57.4887831Z   [PASS] _proforma/Tranche-2-interactive.html  ({'hardcode_leaks': 0, 'real_icons': 39, 'provisional': [], 'refs': '11/11', 'asset_paths': '39/39 real', 'allcaps': 0})
2026-09-27T08:45:57.4888814Z   [PASS] _proforma/Tranche-3-interactive.html  ({'hardcode_leaks': 0, 'real_icons': 39, 'provisional': [], 'refs': '3/3', 'asset_paths': '39/39 real', 'allcaps': 0})
2026-09-27T08:45:57.4890258Z   [PASS] _proforma/Tranche-4-interactive.html  ({'hardcode_leaks': 0, 'real_icons': 39, 'provisional': [], 'refs': '7/7', 'asset_paths': '39/39 real', 'allcaps': 0})
2026-09-27T08:45:57.4891066Z   [PASS] _proforma/Tranche-5-interactive.html  ({'hardcode_leaks': 0, 'real_icons': 39, 'provisional': [], 'refs': '14/14', 'asset_paths': '39/39 real', 'allcaps': 0})
2026-09-27T08:45:57.4891907Z   [PASS] _proforma/Tranche-6-interactive.html  ({'hardcode_leaks': 0, 'real_icons': 40, 'provisional': [], 'refs': '7/7', 'asset_paths': '40/40 real', 'allcaps': 0})
2026-09-27T08:45:57.4892756Z   [PASS] _proforma/Tranche-7-interactive.html  ({'hardcode_leaks': 0, 'real_icons': 44, 'provisional': [], 'refs': '14/14', 'asset_paths': '44/44 real', 'allcaps': 0})
2026-09-27T08:45:57.4893523Z   [PASS] _proforma/Tranche-8-interactive.html  ({'hardcode_leaks': 0, 'real_icons': 57, 'provisional': [], 'refs': '23/23', 'asset_paths': '57/57 real', 'allcaps': 0})
2026-09-27T08:45:57.4894361Z   [PASS] _proforma/Tranche-9-interactive.html  ({'hardcode_leaks': 0, 'real_icons': 10, 'provisional': [], 'refs': '6/6', 'asset_paths': '10/10 real', 'allcaps': 0})
2026-09-27T08:45:57.4894802Z 
2026-09-27T08:45:57.4895186Z ✅ pro-forma universal gate passed (11 tranche file(s)).
2026-09-27T08:45:57.5112840Z   [PASS] _proforma/DataViz-interactive.html
2026-09-27T08:45:57.5113521Z   [PASS] _proforma/Masthead-interactive.html
2026-09-27T08:45:57.5113943Z   [PASS] _proforma/Tranche-1-interactive.html
2026-09-27T08:45:57.5114387Z   [PASS] _proforma/Tranche-2-interactive.html
2026-09-27T08:45:57.5114811Z   [PASS] _proforma/Tranche-3-interactive.html
2026-09-27T08:45:57.5115211Z   [PASS] _proforma/Tranche-4-interactive.html
2026-09-27T08:45:57.5115565Z   [PASS] _proforma/Tranche-5-interactive.html
2026-09-27T08:45:57.5115905Z   [PASS] _proforma/Tranche-6-interactive.html
2026-09-27T08:45:57.5116254Z   [PASS] _proforma/Tranche-7-interactive.html
2026-09-27T08:45:57.5116653Z   [PASS] _proforma/Tranche-8-interactive.html
2026-09-27T08:45:57.5116998Z   [PASS] _proforma/Tranche-9-interactive.html
2026-09-27T08:45:57.5117204Z 
2026-09-27T08:45:57.5117542Z ✅ CSS-governed gate passed (11 tranche file(s)).
2026-09-27T08:45:57.5516412Z   [PASS] _proforma/DataViz-interactive.html
2026-09-27T08:45:57.5517054Z   [PASS] _proforma/Masthead-interactive.html
2026-09-27T08:45:57.5517535Z   [PASS] _proforma/Tranche-1-interactive.html
2026-09-27T08:45:57.5517926Z   [PASS] _proforma/Tranche-2-interactive.html
2026-09-27T08:45:57.5518397Z   [PASS] _proforma/Tranche-3-interactive.html
2026-09-27T08:45:57.5518767Z   [PASS] _proforma/Tranche-4-interactive.html
2026-09-27T08:45:57.5519105Z   [PASS] _proforma/Tranche-5-interactive.html
2026-09-27T08:45:57.5519460Z   [PASS] _proforma/Tranche-6-interactive.html
2026-09-27T08:45:57.5519958Z   [PASS] _proforma/Tranche-7-interactive.html
2026-09-27T08:45:57.5520326Z   [PASS] _proforma/Tranche-8-interactive.html
2026-09-27T08:45:57.5520664Z   [PASS] _proforma/Tranche-9-interactive.html
2026-09-27T08:45:57.5520866Z 
2026-09-27T08:45:57.7508438Z ✅ No-hardcode gate passed (11 tranche file(s)).
2026-09-27T08:45:57.7510123Z selftest OK — exempts font-size/letter/radius + hairline(1/3)/negative/square; catches off-grid height/padding.
2026-09-27T08:45:57.7511110Z   ✗ off-grid: padding: 7px  (knowledge/canon/canon.css) — not a 4px multiple
2026-09-27T08:45:57.7511773Z   ✗ off-grid: padding: 7px  (knowledge/canon/canon.css) — not a 4px multiple
2026-09-27T08:45:57.7512355Z   ✗ off-grid: padding: 7px  (knowledge/canon/canon.css) — not a 4px multiple
2026-09-27T08:45:57.7512995Z   ✗ off-grid: padding: 7px  (knowledge/snippets/Navigations.reference.html) — not a 4px multiple
2026-09-27T08:45:57.7513694Z   ✗ off-grid: padding: 7px  (knowledge/snippets/Sidebar-nav.reference.html) — not a 4px multiple
2026-09-27T08:45:57.7514361Z   ✗ off-grid: padding: 7px  (knowledge/snippets/Tab-bar.reference.html) — not a 4px multiple
2026-09-27T08:45:57.7514671Z 
2026-09-27T08:45:57.7514878Z GRID GATE FAIL — 6 off-grid layout value(s).
2026-09-27T08:45:57.7990762Z   [PASS] class         .btn (26)
2026-09-27T08:45:57.7991395Z   [PASS] scoped-element .seg button (14)
2026-09-27T08:45:57.7991900Z   [PASS] class         .stateLabel (12)
2026-09-27T08:45:57.7992338Z   [PASS] class         .status (12)
2026-09-27T08:45:57.7992862Z   [PASS] class         .chip (9)
2026-09-27T08:45:57.7993330Z   [PASS] scoped-element .seg.sm button (6)
2026-09-27T08:45:57.7993814Z   [PASS] class         .spec-h (5)
2026-09-27T08:45:57.7994210Z   [PASS] class         .label (4)
2026-09-27T08:45:57.7994572Z   [PASS] scoped-element .search input (4)
2026-09-27T08:45:57.7994981Z   [PASS] class         .badge (3)
2026-09-27T08:45:57.7995354Z   [PASS] class         .confirm .btn (3)
2026-09-27T08:45:57.7995759Z   [PASS] class         .eyebrow (3)
2026-09-27T08:45:57.7996131Z   [PASS] class         .avatar (2)
2026-09-27T08:45:57.7996484Z   [PASS] class         .hero .cta (2)
2026-09-27T08:45:57.7996888Z   [PASS] class         .pg .ctrl (2)
2026-09-27T08:45:57.7997264Z   [PASS] class         .qbtn (2)
2026-09-27T08:45:57.7997614Z   [PASS] scoped-element .pg a (2)
2026-09-27T08:45:57.7998073Z   [PASS] scoped-element .seg.l button (2)
2026-09-27T08:45:57.7998456Z   [PASS] scoped-element .seg.md button (2)
2026-09-27T08:45:57.7999043Z   [PASS] class         .action-bar .btn (1)
2026-09-27T08:45:57.7999433Z   [PASS] class         .loader (1)
2026-09-27T08:45:57.8000136Z   [PASS] class         .sim (1)
2026-09-27T08:45:57.8000528Z   [PASS] class         .time (1)
2026-09-27T08:45:57.8000944Z   [PASS] scoped-element .nav button (1)
2026-09-27T08:45:57.8001456Z   [PASS] scoped-element .note.global .actions button (1)
2026-09-27T08:45:57.8001815Z   [PASS] scoped-element .seg.lg button (1)
2026-09-27T08:45:57.8002158Z   [PASS] scoped-element nav.main a (1)
2026-09-27T08:45:57.8002485Z   [PASS] class         .tabbar .tabbar__item (0)
2026-09-27T08:45:57.8002708Z 
2026-09-27T08:45:57.8003072Z ✅ type-binding blast-radius gate passed (28 appended selector(s), corpus 151 files).
2026-09-27T08:45:58.7521530Z selftest OK — flags un-overridden ellipsis labels; accepts text-text / overflow-visible / same-rule / comma-group overrides; ignores containers + sr-only.
2026-09-27T08:45:58.7522622Z selftest OK (specificity leg) — :is()/:not()/:has()/:where() resolved; cascade-dead single-class override caught where leg 1 is blind; two-class form accepted.
2026-09-27T08:45:58.7523097Z 
2026-09-27T08:45:58.7523971Z ✓ SPECIFICITY RATCHET AT ZERO — canon/canon.css: no cascade-dead descender override. The scope classes are specificity-neutral (`:where()`); every ds-005 override wins its cascade. Any regression here is now a RED build, not a report.
2026-09-27T08:45:58.7525048Z DESCENDER-CLIP GATE PASS — every truncating label is descender-safe AND every descender-safe override wins its cascade (153 file(s)).
2026-09-27T08:45:59.0912197Z == _validate_kg.py — KG edge parse-gate (s131-D2 / s133-D1 / s135-D4) ==
2026-09-27T08:45:59.0912795Z metas checked: 139
2026-09-27T08:45:59.0913309Z ref:null + $note (declared, awaiting Dave's-eye migration): 90
2026-09-27T08:45:59.0914247Z resolutions consumed (s135-D4, KG-REVIEW-VERDICTS-2026-08-08-s135-v1.json): 82 ruled verdicts asserted present (MERGE 5 / PROMOTE 52 / ATTACH 25)
2026-09-27T08:45:59.0914692Z 
2026-09-27T08:45:59.0915400Z _validate_kg.py: OK — every ref parses+resolves, every null carries a note, every meta has provenance, edges match schema, gen_kg_edges.py is idempotent-clean, and the s135-D4 resolutions input was consumed.
2026-09-27T08:45:59.1343237Z [OK] selftest corpus is isolated (3 metas seen, none from the live tree)
2026-09-27T08:45:59.1344253Z [OK] arm 1 — deliberately broken ref FAILS
2026-09-27T08:45:59.1345032Z [OK] arm 2 — legal ref:null + $note on meta A does not fail, and is counted
2026-09-27T08:45:59.1345906Z [OK] arm 2b — every OTHER legal ref on meta A resolves clean (renderedBy/commonPattern/governedBy)
2026-09-27T08:45:59.1346635Z [OK] arm 3 — meta missing `provenance` FAILS
2026-09-27T08:45:59.1347114Z [OK] selftest never touched the live corpus
2026-09-27T08:45:59.1347397Z 
2026-09-27T08:45:59.1347539Z selftest OK.
2026-09-27T08:45:59.2306666Z gen_kg_tokens --check OK — 43 token: groups (36 bound) · 835 bindsToken · in sync
2026-09-27T08:45:59.7217002Z   OK   bite 1 — every node is token:<group> at group grain — no leaf id carries a '/'
2026-09-27T08:45:59.7217914Z   OK   bite 2 — every node's tier is one of D-5(a)'s four
2026-09-27T08:45:59.7218436Z   OK   bite 3 — every bindsToken runs component: -> a token: node that exists
2026-09-27T08:45:59.7218898Z   OK   bite 4 — no (component, group) pair twice
2026-09-27T08:45:59.7219466Z   OK   bite 5 — MUTATION: planting alpha/… in Chart-boxplot mints ONE bindsToken to token:alpha
2026-09-27T08:45:59.7220366Z   OK   bite 6 — MUTATION: an unknown group 'zzplanted' adds no node and no edge, and IS counted unresolved
2026-09-27T08:45:59.7221073Z   OK   bite 7 — MUTATION: --land REFUSES with no id, a malformed id and an absent id, and writes no file
2026-09-27T08:45:59.7221700Z gen_kg_tokens --check OK — 43 token: groups (36 bound) · 835 bindsToken · in sync
2026-09-27T08:45:59.7222438Z gen_kg_tokens --check: STALE — _token_nodes.json differs from a fresh compute. Run: python3 knowledge/gen_kg_tokens.py --land --ratified s277-D12
2026-09-27T08:45:59.7223408Z   OK   bite 8 — MUTATION: --check is 0 on a fresh landing and 1 after a meta moves under it
2026-09-27T08:45:59.7223877Z gen_kg_tokens selftest: 8 bite(s), 0 fail(s)
2026-09-27T08:45:59.9925146Z gen_kg_titles --check OK — {'rule': 473, 'ruling': 638, 'session': 92} titled · 0 untitled · in sync
2026-09-27T08:46:01.2457420Z   OK   bite 1 — SHOUTING is lowered to corpus casing; an acronym the corpus never lowers (SC) keeps its caps: 'The SC badge is fine'
2026-09-27T08:46:01.2458440Z   OK   bite 2 — ruling/session ids and id-bearing parentheticals are removed: 'The ceiling has its value'
2026-09-27T08:46:01.2459329Z   OK   bite 3 — a long clause is capped at 60 characters on a word boundary with an ellipsis
2026-09-27T08:46:01.2460303Z   OK   bite 4 — a text that is ONLY ids yields no title (the node keeps its code, never an empty label)
2026-09-27T08:46:01.2460939Z   OK   bite 5 — a rule's internal code (`CA-7 —`) is dropped and the first clause kept
2026-09-27T08:46:01.2461716Z   OK   bite 6 — `ruled` that is only a session or record reference (`#167`, `GM-D7-am / #33`) falls back to `says`; a headline is used
2026-09-27T08:46:01.2462433Z   OK   bite 7 — deterministic: two computes are byte-identical, and the rulings store is not written
2026-09-27T08:46:01.2463128Z   OK   bite 8 — every ruling, every rule with text and every minted session is titled or listed untitled
2026-09-27T08:46:01.2463763Z   OK   bite 9 — every label starts with its own code and every title is at most 60 characters
2026-09-27T08:46:01.2464403Z gen_kg_titles --check OK — {'rule': 473, 'ruling': 638, 'session': 92} titled · 0 untitled · in sync
2026-09-27T08:46:01.2465139Z gen_kg_titles --check: STALE — _node_titles.json differs from a fresh compute. Run: python3 knowledge/gen_kg_titles.py --write
2026-09-27T08:46:01.2466068Z   OK   bite 10 — MUTATION: --check is 0 when fresh and 1 after a ruling's text moves under it
2026-09-27T08:46:01.2466669Z   OK   bite 11 — apply_titles replaces a bare-code label only, never a label someone already wrote
2026-09-27T08:46:01.2467566Z   OK   bite 12 — a session counts the rulings the explorer lists for it (ruled starts #n with no digit after — #n, #n-Dk, '#n (…)' — OR id s<n>-), dates as a range; #7 never counts #77's
2026-09-27T08:46:01.2468182Z gen_kg_titles selftest: 12 bite(s), 0 fail(s)
2026-09-27T08:46:01.5861218Z _validate_token_forks.py - FORK-BAN GATE (s136-D1 clause D)
2026-09-27T08:46:01.5861899Z   glob      : knowledge/canon/*.css  (2 file(s))
2026-09-27T08:46:01.5862438Z   parsed    : 12636 declarations, 18336 (theme,mode,scope) contexts
2026-09-27T08:46:01.5862890Z   names     : 1022
2026-09-27T08:46:01.5863231Z     BENIGN_MODE_AXIS             53
2026-09-27T08:46:01.5863606Z     BENIGN_THEME_AND_MODE_AXIS   335
2026-09-27T08:46:01.5863989Z     BENIGN_THEME_AXIS            34
2026-09-27T08:46:01.5864357Z     FORK                         50
2026-09-27T08:46:01.5864736Z     UNIFORM                      550
2026-09-27T08:46:01.5865238Z   ledger    : knowledge/_TOKEN-FORK-LEDGER.json (51 declared fork(s))
2026-09-27T08:46:01.5865650Z   mode      : baseline
2026-09-27T08:46:01.5865849Z 
2026-09-27T08:46:01.5866034Z FORK  --cell-py  theme=mono mode=any
2026-09-27T08:46:01.5866369Z    knowledge/canon/canon.css:2887  .cn-table
2026-09-27T08:46:01.5866696Z       --cell-py: 10px   ->  10px
2026-09-27T08:46:01.5867168Z    knowledge/canon/canon.css:10696  :where(.cn-data-grid) .dg[data-density="compact"]
2026-09-27T08:46:01.5867614Z       --cell-py: 4px   ->  4px
2026-09-27T08:46:01.5867791Z 
2026-09-27T08:46:01.5867959Z FORK  --status-negative  theme=mono mode=any
2026-09-27T08:46:01.5868326Z    knowledge/canon/canon.css:7440  .cn-chart-bar
2026-09-27T08:46:01.5868747Z       --status-negative: var(--rag-error-graphic)   ->  #f3543e
2026-09-27T08:46:01.5869208Z    knowledge/canon/canon.css:9848  .cn-chart-sparkline
2026-09-27T08:46:01.5869589Z       --status-negative: var(--rag-error-ink)   ->  #da1a00
2026-09-27T08:46:01.5870015Z 
2026-09-27T08:46:01.5870180Z FORK  --status-neutral  theme=mono mode=any
2026-09-27T08:46:01.5870838Z    knowledge/canon/canon.css:7443  .cn-chart-bar
2026-09-27T08:46:01.5871275Z       --status-neutral: var(--rag-information-graphic)   ->  #6893d3
2026-09-27T08:46:01.5871689Z    knowledge/canon/canon.css:9850  .cn-chart-sparkline
2026-09-27T08:46:01.5872058Z       --status-neutral: var(--text-default)   ->  #1a1a1a
2026-09-27T08:46:01.5872290Z 
2026-09-27T08:46:01.5872447Z FORK  --status-positive  theme=mono mode=any
2026-09-27T08:46:01.5872809Z    knowledge/canon/canon.css:7442  .cn-chart-bar
2026-09-27T08:46:01.5873213Z       --status-positive: var(--rag-success-graphic)   ->  #57a369
2026-09-27T08:46:01.5873639Z    knowledge/canon/canon.css:9849  .cn-chart-sparkline
2026-09-27T08:46:01.5874017Z       --status-positive: var(--rag-success-ink)   ->  #137f3c
2026-09-27T08:46:01.5874258Z 
2026-09-27T08:46:01.5874363Z GATE RED: 4 fork(s) not in the ledger
2026-09-27T08:46:01.6153131Z   selftest keyfrm --dvf1 declarations parsed -> 0  want 0  OK
2026-09-27T08:46:01.6153827Z   selftest keyfrm --dvf1 -> None               want (no verdict)       OK
2026-09-27T08:46:01.6154413Z   selftest media  --pri-hover -> FORK               want FORK               OK
2026-09-27T08:46:01.6154986Z   selftest clean  --pri-hover -> BENIGN_THEME_AXIS  want BENIGN_THEME_AXIS  OK
2026-09-27T08:46:01.6155519Z   selftest forked --pri-hover -> FORK               want FORK               OK
2026-09-27T08:46:01.6155954Z      quoted: #db0011 vs #626262
2026-09-27T08:46:01.6156259Z selftest PASS
2026-09-27T08:46:01.6481973Z BINDS RATCHET — s136-D1 axis A (staged by s140-D1 D3)
2026-09-27T08:46:01.6482415Z   metas carrying >=1 props[].binds : 38 of 137
2026-09-27T08:46:01.6482799Z   floor (2026-08-10)                       : 33
2026-09-27T08:46:01.6484592Z   carrying: accordion, account-card, account-selector, action-bar, alert, amount-display, amount-input, avatar, back-to-top, badge, banner, button, chart-line, chart-sparkline, chart-stacked-area, countdown-timer, divider, empty-state, fab, hero, icon-button, input-fields, kpi-tile, links, list-items, loading-indicator, modals, navigations, popconfirm, segmented-control, selection-controls, skeleton-loader, slider, stat-card, status-indicator, tags, timeline, toast
2026-09-27T08:46:01.6486222Z PASS
2026-09-27T08:46:01.6776561Z DTCG GATE — s136-D1 axis A wire format
2026-09-27T08:46:01.6778073Z   note: corpus: 10 files gated, 11 excluded (EXAMPLE-tokens.json, _blast-radius.json, _icon-scale-hsbc-general.json, _spacing-hsbc-general.json, _typography-hsbc-general.json, elevation-pre-s141.json, icon-scale-pre-s141.json, layout-pre-s141.json, spacing-pre-s141.json, typography-composites-pre-s141.json, typography-pre-s141.json)
2026-09-27T08:46:01.6779324Z   note: spine: 936 tokens, 382 groups
2026-09-27T08:46:01.6780448Z   DEFERRED DEF-FIGMA-MODES          layout.json :: layout.web.margin :: mode-keyed node (scale-1,scale-2,scale-3) — Figma variable modes, no DTCG equivalent
2026-09-27T08:46:01.6781672Z   DEFERRED DEF-FIGMA-MODES          layout.json :: layout.web.gutter :: mode-keyed node (scale-1,scale-2,scale-3) — Figma variable modes, no DTCG equivalent
2026-09-27T08:46:01.6782452Z   DEFERRED DEF-COLOR-MISTYPE        semantic-colour.json :: blur.overlay.light :: color $value is not a hex string or alias: 12
2026-09-27T08:46:01.6783164Z   DEFERRED DEF-COLOR-MISTYPE        semantic-colour.json :: blur.overlay.dark :: color $value is not a hex string or alias: 0
2026-09-27T08:46:01.6783898Z   DEFERRED DEF-COLOR-MISTYPE        semantic-colour.json :: blur.background-surface.light :: color $value is not a hex string or alias: 12
2026-09-27T08:46:01.6784685Z   DEFERRED DEF-COLOR-MISTYPE        semantic-colour.json :: blur.background-surface.dark :: color $value is not a hex string or alias: 0
2026-09-27T08:46:01.6785465Z   DEFERRED DEF-COLOR-MISTYPE        semantic-colour.json :: image.opacity.default.light :: color $value is not a hex string or alias: 100
2026-09-27T08:46:01.6786201Z   DEFERRED DEF-COLOR-MISTYPE        semantic-colour.json :: image.opacity.default.dark :: color $value is not a hex string or alias: 100
2026-09-27T08:46:01.6787108Z   DEFERRED DEF-COLOR-MISTYPE        semantic-colour.json :: image.opacity.disabled.light :: color $value is not a hex string or alias: 20
2026-09-27T08:46:01.6787862Z   DEFERRED DEF-COLOR-MISTYPE        semantic-colour.json :: image.opacity.disabled.dark :: color $value is not a hex string or alias: 20
2026-09-27T08:46:01.6788845Z   DEFERRED DEF-FIGMA-MODES          spacing.json :: gap.responsive.content.xsmall :: mode-keyed node (scale-1,scale-2,scale-3) — Figma variable modes, no DTCG equivalent
2026-09-27T08:46:01.6790260Z   DEFERRED DEF-FIGMA-MODES          spacing.json :: gap.responsive.content.small :: mode-keyed node (scale-1,scale-2,scale-3) — Figma variable modes, no DTCG equivalent
2026-09-27T08:46:01.6791253Z   DEFERRED DEF-FIGMA-MODES          spacing.json :: gap.responsive.content.medium :: mode-keyed node (scale-1,scale-2,scale-3) — Figma variable modes, no DTCG equivalent
2026-09-27T08:46:01.6792270Z   DEFERRED DEF-FIGMA-MODES          spacing.json :: gap.responsive.content.large :: mode-keyed node (scale-1,scale-2,scale-3) — Figma variable modes, no DTCG equivalent
2026-09-27T08:46:01.6793459Z   DEFERRED DEF-FIGMA-MODES          spacing.json :: gap.responsive.content.xlarge :: mode-keyed node (scale-1,scale-2,scale-3) — Figma variable modes, no DTCG equivalent
2026-09-27T08:46:01.6794738Z   DEFERRED DEF-FIGMA-MODES          spacing.json :: gap.responsive.content.xxlarge :: mode-keyed node (scale-1,scale-2,scale-3) — Figma variable modes, no DTCG equivalent
2026-09-27T08:46:01.6796301Z   DEFERRED DEF-FIGMA-MODES          spacing.json :: gap.responsive.subsection.xsmall :: mode-keyed node (scale-1,scale-2,scale-3) — Figma variable modes, no DTCG equivalent
2026-09-27T08:46:01.6797936Z   DEFERRED DEF-FIGMA-MODES          spacing.json :: gap.responsive.subsection.small :: mode-keyed node (scale-1,scale-2,scale-3) — Figma variable modes, no DTCG equivalent
2026-09-27T08:46:01.6799441Z   DEFERRED DEF-FIGMA-MODES          spacing.json :: gap.responsive.subsection.medium :: mode-keyed node (scale-1,scale-2,scale-3) — Figma variable modes, no DTCG equivalent
2026-09-27T08:46:01.6801185Z   DEFERRED DEF-FIGMA-MODES          spacing.json :: gap.responsive.subsection.large :: mode-keyed node (scale-1,scale-2,scale-3) — Figma variable modes, no DTCG equivalent
2026-09-27T08:46:01.6802595Z   DEFERRED DEF-FIGMA-MODES          spacing.json :: gap.responsive.section.xsmall :: mode-keyed node (scale-1,scale-2,scale-3) — Figma variable modes, no DTCG equivalent
2026-09-27T08:46:01.6803977Z   DEFERRED DEF-FIGMA-MODES          spacing.json :: gap.responsive.section.small :: mode-keyed node (scale-1,scale-2,scale-3) — Figma variable modes, no DTCG equivalent
2026-09-27T08:46:01.6805415Z   DEFERRED DEF-FIGMA-MODES          spacing.json :: gap.responsive.section.medium :: mode-keyed node (scale-1,scale-2,scale-3) — Figma variable modes, no DTCG equivalent
2026-09-27T08:46:01.6806434Z   DEFERRED DEF-FIGMA-MODES          spacing.json :: gap.responsive.section.large :: mode-keyed node (scale-1,scale-2,scale-3) — Figma variable modes, no DTCG equivalent
2026-09-27T08:46:01.6807443Z   DEFERRED DEF-FIGMA-MODES          spacing.json :: gap.responsive.section.xlarge :: mode-keyed node (scale-1,scale-2,scale-3) — Figma variable modes, no DTCG equivalent
2026-09-27T08:46:01.6808461Z   DEFERRED DEF-FIGMA-MODES          spacing.json :: padding.responsive.xxxsmall :: mode-keyed node (scale-1,scale-2,scale-3) — Figma variable modes, no DTCG equivalent
2026-09-27T08:46:01.6809850Z   DEFERRED DEF-FIGMA-MODES          spacing.json :: padding.responsive.xxsmall :: mode-keyed node (scale-1,scale-2,scale-3) — Figma variable modes, no DTCG equivalent
2026-09-27T08:46:01.6811366Z   DEFERRED DEF-FIGMA-MODES          spacing.json :: padding.responsive.xsmall :: mode-keyed node (scale-1,scale-2,scale-3) — Figma variable modes, no DTCG equivalent
2026-09-27T08:46:01.6813059Z   DEFERRED DEF-FIGMA-MODES          spacing.json :: padding.responsive.small :: mode-keyed node (scale-1,scale-2,scale-3) — Figma variable modes, no DTCG equivalent
2026-09-27T08:46:01.6814905Z   DEFERRED DEF-FIGMA-MODES          spacing.json :: padding.responsive.medium :: mode-keyed node (scale-1,scale-2,scale-3) — Figma variable modes, no DTCG equivalent
2026-09-27T08:46:01.6816411Z   DEFERRED DEF-FIGMA-MODES          spacing.json :: padding.responsive.large :: mode-keyed node (scale-1,scale-2,scale-3) — Figma variable modes, no DTCG equivalent
2026-09-27T08:46:01.6817849Z   DEFERRED DEF-FIGMA-MODES          spacing.json :: padding.responsive.xlarge :: mode-keyed node (scale-1,scale-2,scale-3) — Figma variable modes, no DTCG equivalent
2026-09-27T08:46:01.6819456Z   DEFERRED DEF-COMPONENT-LINEHEIGHT typography-composites.json :: component.figure-1 :: typography $value omits lineHeight — supplying one is a design decision
2026-09-27T08:46:01.6821406Z   DEFERRED DEF-COMPONENT-LINEHEIGHT typography-composites.json :: component.figure-2 :: typography $value omits lineHeight — supplying one is a design decision
2026-09-27T08:46:01.6823002Z   DEFERRED DEF-COMPONENT-LINEHEIGHT typography-composites.json :: component.heading :: typography $value omits lineHeight — supplying one is a design decision
2026-09-27T08:46:01.6824609Z   DEFERRED DEF-COMPONENT-LINEHEIGHT typography-composites.json :: component.section-label :: typography $value omits lineHeight — supplying one is a design decision
2026-09-27T08:46:01.6826124Z   DEFERRED DEF-COMPONENT-LINEHEIGHT typography-composites.json :: component.label :: typography $value omits lineHeight — supplying one is a design decision
2026-09-27T08:46:01.6827661Z   DEFERRED DEF-COMPONENT-LINEHEIGHT typography-composites.json :: component.button :: typography $value omits lineHeight — supplying one is a design decision
2026-09-27T08:46:01.6829572Z   DEFERRED DEF-COMPONENT-LINEHEIGHT typography-composites.json :: component.input :: typography $value omits lineHeight — supplying one is a design decision
2026-09-27T08:46:01.6831339Z   DEFERRED DEF-COMPONENT-LINEHEIGHT typography-composites.json :: component.link :: typography $value omits lineHeight — supplying one is a design decision
2026-09-27T08:46:01.6833027Z   DEFERRED DEF-COMPONENT-LINEHEIGHT typography-composites.json :: component.caption :: typography $value omits lineHeight — supplying one is a design decision
2026-09-27T08:46:01.6834614Z   DEFERRED DEF-COMPONENT-LINEHEIGHT typography-composites.json :: component.tooltip :: typography $value omits lineHeight — supplying one is a design decision
2026-09-27T08:46:01.6836226Z   DEFERRED DEF-COMPONENT-LINEHEIGHT typography-composites.json :: component.legal :: typography $value omits lineHeight — supplying one is a design decision
2026-09-27T08:46:01.6837901Z   DEFERRED DEF-FIGMA-MODES          typography.json :: typography.font-size.font-00 :: mode-keyed node (scale-1,scale-1-200,scale-2,scale-3) — Figma variable modes, no DTCG equivalent
2026-09-27T08:46:01.6839633Z   DEFERRED DEF-FIGMA-MODES          typography.json :: typography.font-size.font-0 :: mode-keyed node (scale-1,scale-1-200,scale-2,scale-3) — Figma variable modes, no DTCG equivalent
2026-09-27T08:46:01.6841677Z   DEFERRED DEF-FIGMA-MODES          typography.json :: typography.font-size.font-1 :: mode-keyed node (scale-1,scale-1-200,scale-2,scale-3) — Figma variable modes, no DTCG equivalent
2026-09-27T08:46:01.6843434Z   DEFERRED DEF-FIGMA-MODES          typography.json :: typography.font-size.font-2 :: mode-keyed node (scale-1,scale-1-200,scale-2,scale-3) — Figma variable modes, no DTCG equivalent
2026-09-27T08:46:01.6845223Z   DEFERRED DEF-FIGMA-MODES          typography.json :: typography.font-size.font-3 :: mode-keyed node (scale-1,scale-1-200,scale-2,scale-3) — Figma variable modes, no DTCG equivalent
2026-09-27T08:46:01.6846983Z   DEFERRED DEF-FIGMA-MODES          typography.json :: typography.font-size.font-4 :: mode-keyed node (scale-1,scale-1-200,scale-2,scale-3) — Figma variable modes, no DTCG equivalent
2026-09-27T08:46:01.6848726Z   DEFERRED DEF-FIGMA-MODES          typography.json :: typography.font-size.font-5 :: mode-keyed node (scale-1,scale-1-200,scale-2,scale-3) — Figma variable modes, no DTCG equivalent
2026-09-27T08:46:01.6851041Z   DEFERRED DEF-FIGMA-MODES          typography.json :: typography.font-size.font-6 :: mode-keyed node (scale-1,scale-1-200,scale-2,scale-3) — Figma variable modes, no DTCG equivalent
2026-09-27T08:46:01.6852831Z   DEFERRED DEF-FIGMA-MODES          typography.json :: typography.font-size.font-7 :: mode-keyed node (scale-1,scale-1-200,scale-2,scale-3) — Figma variable modes, no DTCG equivalent
2026-09-27T08:46:01.6854566Z   DEFERRED DEF-FIGMA-MODES          typography.json :: typography.line-height.font-00 :: mode-keyed node (scale-1,scale-1-200,scale-2,scale-3) — Figma variable modes, no DTCG equivalent
2026-09-27T08:46:01.6856507Z   DEFERRED DEF-FIGMA-MODES          typography.json :: typography.line-height.font-0 :: mode-keyed node (scale-1,scale-1-200,scale-2,scale-3) — Figma variable modes, no DTCG equivalent
2026-09-27T08:46:01.6858285Z   DEFERRED DEF-FIGMA-MODES          typography.json :: typography.line-height.font-1 :: mode-keyed node (scale-1,scale-1-200,scale-2,scale-3) — Figma variable modes, no DTCG equivalent
2026-09-27T08:46:01.6860118Z   DEFERRED DEF-FIGMA-MODES          typography.json :: typography.line-height.font-2 :: mode-keyed node (scale-1,scale-1-200,scale-2,scale-3) — Figma variable modes, no DTCG equivalent
2026-09-27T08:46:01.6861914Z   DEFERRED DEF-FIGMA-MODES          typography.json :: typography.line-height.font-3 :: mode-keyed node (scale-1,scale-1-200,scale-2,scale-3) — Figma variable modes, no DTCG equivalent
2026-09-27T08:46:01.6863700Z   DEFERRED DEF-FIGMA-MODES          typography.json :: typography.line-height.font-4 :: mode-keyed node (scale-1,scale-1-200,scale-2,scale-3) — Figma variable modes, no DTCG equivalent
2026-09-27T08:46:01.6865607Z   DEFERRED DEF-FIGMA-MODES          typography.json :: typography.line-height.font-5 :: mode-keyed node (scale-1,scale-1-200,scale-2,scale-3) — Figma variable modes, no DTCG equivalent
2026-09-27T08:46:01.6867316Z   DEFERRED DEF-FIGMA-MODES          typography.json :: typography.line-height.font-6 :: mode-keyed node (scale-1,scale-1-200,scale-2,scale-3) — Figma variable modes, no DTCG equivalent
2026-09-27T08:46:01.6869182Z   DEFERRED DEF-FIGMA-MODES          typography.json :: typography.line-height.font-7 :: mode-keyed node (scale-1,scale-1-200,scale-2,scale-3) — Figma variable modes, no DTCG equivalent
2026-09-27T08:46:01.6870464Z PASS — 0 failure(s), 61 declared deferral(s)
2026-09-27T08:46:01.8228339Z binds-resolve gate: 137 snippets (137 with manifests, 2321 vars) · 137 metas (116 binds addresses) · 137/137 canon blocks · 0 failure(s)
2026-09-27T08:46:01.8446076Z binds-resolve selftest: 6 bites PASS
2026-09-27T08:46:01.8740247Z intent resolve — metas carrying `intent`: 15, addresses resolved: 16
2026-09-27T08:46:01.8741047Z RESULT: PASS — every intent address resolves into chart-intents.json. This proves no address DANGLES; it does not prove any assignment is RIGHT.
2026-09-27T08:46:01.8984144Z selftest — _validate_intent_resolve.py
2026-09-27T08:46:01.8984681Z   PASS known word resolves                -> green | (green)
2026-09-27T08:46:01.8985768Z   PASS unknown word refuses               -> FAIL | Bad.meta.json: FAIL — UNKNOWN INTENT 'corelation' — not a key of `chart-intent` in ../../../../../tmp/tmpx7bkp
2026-09-27T08:46:01.8986905Z   PASS unknown word inside a list refuses -> FAIL | Bad2.meta.json: FAIL — UNKNOWN INTENT 'flow' — not a key of `chart-intent` in ../../../../../tmp/tmpb8igyrd5/c
2026-09-27T08:46:01.8987810Z   PASS absent store fails LOUD            -> FAIL | FAIL — intent store MISSING: /tmp/tmpt_8occ51/chart-intents.json (an absent instrument is not a pass)
2026-09-27T08:46:01.8988401Z RESULT: PASS
2026-09-27T08:46:01.9463782Z roles resolve — metas: 137 · carrying an interchangeability term: 114 · addresses resolved: 173
2026-09-27T08:46:01.9464761Z   field population: provides 108 · answers 26 · shape 26 · span 26 · priority 25 · when 39 · with 3 · not-with 8
2026-09-27T08:46:01.9468239Z   `shape` values in use (23 of the 23 in knowledge/shapes.json — CLOSED store, s254-D2 item 1): ancestor-path × links (1) · bins × frequency (1) · categories × five-number-summary (1) · categories × series (1) · categories × two-series-mirrored (2) · destination-set × links (1) · no-data × arbitrary-blocks (1) · no-data × control (2) · no-data × page-regions (1) · no-data × title-and-optional-action (1) · one-measure × committed-vs-balance-split (1) · one-measure × value-and-delta (1) · one-measure × value-delta-and-series (1) · one-state × dot-and-label (1) · parts-of-whole (2) · periods × ohlc (1) · points × two-measures (1) · rows × measure-target-bands (1) · rows × name-value-pairs (1) · shared-x × two-measures-different-units (1) · time-series × 1–5-series (1) · time-series × parts-of-whole (1) · time-series × single-series-no-axes (1)
2026-09-27T08:46:01.9471184Z   `when` FIELD COUNTS (39 of the 39 in knowledge/when-fields.json — SCRIPT OUTPUT, quote these on a review page rather than counting by eye; this is what closes V-B's M2):
2026-09-27T08:46:01.9472333Z     answers        15  Chart-boxplot, Chart-bullet, Chart-butterfly-h, Chart-butterfly-v, Chart-candlestick, Chart-histogram, Chart-scatter, chart-bar, chart-combo, chart-donut, chart-line, chart-pie, chart-sparkline, chart-stacked-area, runway-bar
2026-09-27T08:46:01.9473325Z     shape           8  Chart-candlestick, breadcrumbs, kpi-tile, navigations, runway-bar, stat-card, status-indicator, summary
2026-09-27T08:46:01.9474012Z     series          7  Chart-butterfly-h, Chart-butterfly-v, chart-combo, chart-sparkline, kpi-tile, legend, stat-card
2026-09-27T08:46:01.9474655Z     span.cols       6  Chart-boxplot, Chart-butterfly-v, chart-line, chart-sparkline, status-indicator, summary
2026-09-27T08:46:01.9475164Z     axes            2  chart-line, chart-sparkline
2026-09-27T08:46:01.9475665Z     categories      2  Chart-boxplot, Chart-butterfly-h
2026-09-27T08:46:01.9476073Z     entry           2  input-fields, textarea
2026-09-27T08:46:01.9476579Z     label           2  button, legend
2026-09-27T08:46:01.9476895Z     records         2  list-items, timeline
2026-09-27T08:46:01.9477241Z     surface         2  layout-utilities, list-items
2026-09-27T08:46:01.9477627Z     total           2  chart-donut, chart-pie
2026-09-27T08:46:01.9477966Z     axis.x          1  chart-bar
2026-09-27T08:46:01.9478266Z     baseline        1  Chart-histogram
2026-09-27T08:46:01.9478565Z     bins            1  Chart-histogram
2026-09-27T08:46:01.9478886Z     breadcrumbs     1  app-shell-focused
2026-09-27T08:46:01.9479214Z     cause           1  template-error
2026-09-27T08:46:01.9479527Z     content         1  layout-utilities
2026-09-27T08:46:01.9479933Z     delta           1  stat-card
2026-09-27T08:46:01.9480211Z     depth           1  breadcrumbs
2026-09-27T08:46:01.9480573Z     destinations    1  app-shell-top-nav
2026-09-27T08:46:01.9480904Z     emphasis        1  button
2026-09-27T08:46:01.9481203Z     exits           1  app-shell-focused
2026-09-27T08:46:01.9481506Z     full            1  limits-meter
2026-09-27T08:46:01.9481792Z     job.count       1  app-shell-focused
2026-09-27T08:46:01.9482115Z     level           1  headers
2026-09-27T08:46:01.9482409Z     lockup          1  headers
2026-09-27T08:46:01.9483103Z     nav.levels      1  app-shell-top-nav
2026-09-27T08:46:01.9483452Z     order           1  template-confirmation
2026-09-27T08:46:01.9483790Z     parts           1  chart-pie
2026-09-27T08:46:01.9484103Z     platform        1  headers
2026-09-27T08:46:01.9484417Z     position        1  template-confirmation
2026-09-27T08:46:01.9484741Z     primaryNavigation  1  app-shell-focused
2026-09-27T08:46:01.9485058Z     rows            1  summary
2026-09-27T08:46:01.9485334Z     scope           1  navigations
2026-09-27T08:46:01.9485640Z     search          1  app-shell-focused
2026-09-27T08:46:01.9485961Z     steps           1  template-wizard
2026-09-27T08:46:01.9486249Z     units           1  chart-combo
2026-09-27T08:46:01.9486590Z     variables       1  Chart-histogram
2026-09-27T08:46:01.9486988Z     verdict         1  runway-bar
2026-09-27T08:46:01.9487560Z     gate clauses carrying NO operator (prose inside the gate — not parsed, not judged, V-B's M2 method): 46
2026-09-27T08:46:01.9488039Z   `when` predicates as authored:
2026-09-27T08:46:01.9489250Z     Chart-boxplot                answers = distribution AND categories >= 2 AND each category carries a five-number summary AND span.cols <= 8 — roles.json when: "distribution per category"; beats Chart-histogram (roles.json: "distribution, one variable") whenever the spread must be read PER CATEGORY; yields to it when variables = 1 and the bin shape is the claim.
2026-09-27T08:46:01.9491452Z     Chart-bullet                 answers=comparison AND the reading is one measure against a target plus qualitative performance bands AND span.cols 4–6 — beats stat-card (60, "default — label · value · delta · period, no series") and kpi-tile (50, "a series exists to show") when the BENCHMARK, not the delta and not a series, is the point; yields to both when no target exists.
2026-09-27T08:46:01.9493392Z     Chart-butterfly-h            answers=comparison AND series=2 mirrored outward from a shared centre gutter AND categories ≥ 6 — beats chart-bar (grouped) when the two series must read as OPPOSED directions rather than adjacent columns; yields to Chart-butterfly-v (36, "as above, wide panel") when the category axis is ordered left-to-right and span.cols ≥ 8.
2026-09-27T08:46:01.9495457Z     Chart-butterfly-v            answers=comparison AND series=2 mirrored above/below ONE horizontal baseline AND the category axis is ordered left-to-right (time, rank) AND span.cols ≥ 8 — yields to Chart-butterfly-h (40, "exactly two series mirrored, categories ≥ 6") whenever the categories are unordered or the panel is narrower than 8 cols; both yield to chart-bar for an ordinary grouped comparison.
2026-09-27T08:46:01.9497731Z     Chart-candlestick            answers = change-over-time AND shape = periods × OHLC (open · high · low · close per session) — roles.json when: "OHLC per period"; beats chart-line (roles.json: "change-over-time") only when all four price points per period are the claim; yields to chart-line whenever one measure's path is enough.
2026-09-27T08:46:01.9500185Z     Chart-histogram              answers = distribution AND variables = 1 AND bins = contiguous (no inter-bar gap) AND baseline = 0 — roles.json when: "distribution, one variable"; beats Chart-boxplot (roles.json: "distribution per category") when the frequency shape of ONE variable is the claim; yields to Chart-boxplot when categories >= 2; the no-gap rule is not cosmetic — the FT gives the same reason: "keep the gaps between columns small to highlight the 'shape' of the data".
2026-09-27T08:46:01.9502662Z     Chart-scatter                answers=relationship AND both axes carry quantitative measures — the ONLY provider of relationship in the role, so it beats every sibling on the answers gate alone and needs no further test; yields to chart-combo (56) when the two measures share one x axis in different units instead of being plotted against each other. span.cols max 8 because a runtime fit is not baked (this meta's own responsive rule).
2026-09-27T08:46:01.9506251Z     alert                        the message is IN FLOW (inside the page or form it refers to) AND it persists until resolved or dismissed AND it carries a status glyph and a title, never colour alone AND an error alert never auto-dismisses — CANON-ADJACENT — our own purpose already states the three-way rule: "Use Toast for transient confirmations and Banner for page-level persistent messages; use inline field validation (Input-fields) for single-control errors"; beats toast (proposed "transient, no answer required") whenever the reader must act; beats banner (proposed "the condition governs the whole page or session") whenever the message belongs to one form or section — Atlassian draws the identical line: "For messages with information affecting the whole site, use a banner"; yields to inline field validation for a single control.
2026-09-27T08:46:01.9509569Z     app-shell-focused            primaryNavigation = absent AND breadcrumbs = absent AND search = absent AND exits = 1 AND job.count = 1 — the only frame defined by removal; beats every other shell (roles.json: all six carry navigation) whenever abandoning the task is the failure mode — authentication, a wizard, a passcode; yields to app-shell-top-nav the moment the user must be able to go somewhere else.
2026-09-27T08:46:01.9512542Z     app-shell-top-nav            destinations <= 7 AND nav.levels <= 2 — the default for dashboards — the bento template composes it; beats app-shell-side-nav (roles.json when: "> 7 destinations or two nav levels") below those bounds and app-shell-nav-rail (when: "dense app, content cannot spare 248px") when the content can spare the column; yields to app-shell-multi-column (when: "list-and-detail job") and to app-shell-focused (when: "one job, no navigation (auth, wizard)") when the job has no navigation. Co-providers of page-frame are mutually exclusive by construction (roles.json §05: one-at-a-time facility), so no not-with is authored.
2026-09-27T08:46:01.9515402Z     breadcrumbs                  shape = ancestor-path × links AND depth >= 2 — beats anchor-nav (roles.json when: "in-page, long document") when the trail is ancestry rather than in-page position; yields to navigations (when: "global — masthead / main-nav family") for global movement and to tabs (when: "local — peer views in one context") for peer views — it answers where-am-i, they answer where-can-i-go, so it complements rather than replaces them.
2026-09-27T08:46:01.9517881Z     button                       emphasis in (primary, secondary, tertiary, quaternary) AND label = text — the default of the role; yields to icon-button (roles.json when: "space is tight and the glyph is universal") when label = glyph, to split-button (when: "one main action plus a menu of related ones") when a menu hangs off the action, and to links (when: "the action is navigation inside running text") when the action is navigation in prose.
2026-09-27T08:46:01.9520457Z     chart-bar                    answers = comparison AND axis.x = categorical — beats chart-line (roles.json when: "change-over-time") when the x-dimension is categorical rather than a time continuum, and beats chart-pie (when: "composition, no centre figure, ≤ 5 parts") when the parts do not sum to a whole; the stacked variant takes composition across categories, where it yields to chart-stacked-area (when: "composition over time") if the axis is time.
2026-09-27T08:46:01.9522654Z     chart-combo                  answers=change-over-time AND series=2 AND units=different AND both read against ONE shared x (dv-line-006) — beats chart-line (88, "change-over-time") on the different-units test and on nothing else; yields to chart-line (multi-series) or chart-bar (grouped) for a same-unit pair, which this meta's own antiPattern forbids drawing as a combo.
2026-09-27T08:46:01.9524483Z     chart-donut                  answers=composition AND parts sum to a whole AND total=printed as a centre figure — beats chart-pie (48, "composition, no centre figure, ≤ 5 parts") whenever the total is worth printing, and beats it on nothing else; yields to chart-stacked-area (64, "composition over time") when the split MOVES.
2026-09-27T08:46:01.9526929Z     chart-line                   answers=change-over-time AND series 1–5 on ONE continuous time axis AND axes=present AND span.cols ≥ 6 — the role's default at this intent, and it beats every sibling whose own `when` adds a further condition; yields to chart-combo (56, "two measures in different units over one axis") when units differ, to Chart-candlestick (44, "OHLC per period") when all four price points per period are the claim, and to chart-sparkline (30, "inline scale, no axes") when span.cols < 6.
2026-09-27T08:46:01.9529052Z     chart-pie                    answers=composition AND parts ≤ 5 AND total=not printed — yields to chart-donut (80, "composition, a centre total is meaningful") whenever a centre total is wanted, which is the only thing separating the two; yields to chart-stacked-area (64) when the split moves over time.
2026-09-27T08:46:01.9531046Z     chart-sparkline              answers=change-over-time AND series=1 AND axes=absent AND span.cols ≤ 4 (inline, or a trend cell in a table) — yields to chart-line (88, "change-over-time") whenever the panel can carry axes, and is normally a complement of headline-metric rather than a chart-panel in its own right (ROLES-REVIEW §03).
2026-09-27T08:46:01.9532858Z     chart-stacked-area           answers spans change-over-time AND composition AND cumulative bands share ONE total across the time axis — beats chart-donut (80, "composition, a centre total is meaningful") and chart-pie (48) when the split MOVES rather than being a snapshot; yields to chart-line (88, "change-over-time") when the total is not meaningful.
2026-09-27T08:46:01.9535255Z     headers                      level in (page, screen, section) AND platform = app AND lockup = none — yields to page-header-lockup (roles.json when: "page level, with actions or tabs") whenever actions or tabs ride the band; beats section-heading-lockup (when: "section level, above one board / table / panel") because the Header Section Titles type covers the section level app-side, and beats eyebrow (when: "a kicker alone is enough (rare; normally a part of the above)") whenever a title, not a kicker, is wanted.
2026-09-27T08:46:01.9538391Z     icon-button                  the control performs an action AND space is tight OR the glyph is universal AND an accessible name is supplied AND the hit target is at least 44x44 AND a tooltip carries the label — CANON on the first half (roles.json: "space is tight and the glyph is universal"); beats button only where the glyph is unambiguous — our own meta: "Use a labelled Button when the action is not unambiguous from a glyph alone"; the tooltip is not optional company: Atlassian ("Use tooltips with icon buttons to display the button label") and Polaris ("Be provided for icon-only buttons") both make it a requirement, which our meta states only as an antiPattern.
2026-09-27T08:46:01.9541846Z     input-fields                 entry = free text AND expected answer fits ONE line AND no fixed option list exists AND the value is not money, a date, a time or a secret — the default text-entry field; beats textarea (proposed "the answer may span multiple lines") whenever the answer is a name, a reference or a phone number; yields to amount-input when the value is money, to date-picker / time-picker when it is a date or time, to secure-entry when it is a one-time code or PIN, and to dropdown or combobox whenever the answer must come from a list at all (Carbon: free text there "is likely to result in an error").
2026-09-27T08:46:01.9544563Z     kpi-tile                     shape = one-measure × value-delta-and-series AND series != none — beats stat-card (roles.json when: "default — label · value · delta · period, no series") whenever a series exists to show; yields to Chart-bullet (when: "a target or performance band is the point, not the delta") when target != none, and to runway-bar (when: "the number is 'money vs what is already scheduled'") when the measure is money-vs-scheduled.
2026-09-27T08:46:01.9546804Z     layout-utilities             content = arbitrary-blocks AND surface = none — the default of the role; beats cards (roles.json when: "a bordered surface per item") whenever the arrangement must paint nothing, and beats stats-band-lockup (when: "3–6 headline-metrics in a labelled row") whenever the blocks are not headline-metrics; yields to divider (when: "a rule alone") when a rule alone is the whole need.
2026-09-27T08:46:01.9548980Z     legend                       series ≥ 2 AND label = text — a key is needed only where more than one series is drawn; a single-series chart names its series in the title (chart-sparkline's rule). Placed on its own only when the charts it keys are more than one (small multiples, a comparison row); a lone chart carries its legend inside its own figure, which is what every registered chart type already does.
2026-09-27T08:46:01.9551270Z     limits-meter                 INHERITS meter's gate, variant = allowance: the value is a cap being spent against AND full = BLOCKED, not done — a thin category alias of meter.meta.json (s210-D5); carries no independent when because writing spec into the alias is an explicit antiPattern on the parent — the reading is "how much of my limit is left", which is what roles.json already names.
2026-09-27T08:46:01.9555037Z     list-items                   records >= 2 AND the records are the same kind, each read ACROSS its own row AND surface in (none, bordered-per-record) — surface ALONE decides the container (s274-D1): unbordered ⇒ simple-list (one line per record) or structured-list (aligned fields); a bordered surface drawn around EACH record ⇒ card-list. Actions are a ROW property, allowed in any of the three, so they decide nothing. No field count, row count or column count gates this (s274-D4): the comparison test decides — if a field must be read DOWN a column across records, it is a table, not a list. A list-level heading is OPTIONAL on all three containers (s274-D5); a per-card title is a ROW field, distinct from the list heading. Beats table (roles.json when: "default, read-mostly") and data-grid (when: "sort / filter / select / edit-in-place is required") whenever each record is read across its own row; yields to timeline (when: "time is the structure, records have happened") and to tree (when: "records nest").
2026-09-27T08:46:01.9558889Z     navigations                  shape = destination-set × links AND scope = global — the default of the role; beats breadcrumbs (roles.json when: "ancestry, depth ≥ 2") and tabs (when: "local — peer views in one context") because those are ancestry and local peers, not the global set; yields to sidebar-nav (when: "global, desktop, persistent column (pairs with app-shell-side-nav)") when the page-frame is app-shell-side-nav, and to tab-bar (when: "mobile bottom, 3–5 destinations") on mobile.
2026-09-27T08:46:01.9562325Z     popover                      the content is STRUCTURED and FOCUSABLE AND it opens on CLICK from a labelled trigger AND it does not scroll AND it is non-modal (no focus trap, no aria-modal) AND only one is open — CANON-ADJACENT — our purpose already carries the three-way rule: "If the user can act inside it, it is a Popover; if it is a sentence of help text, it is a Tooltip; if it must interrupt, it is a Modal"; Atlassian states both halves independently ("For interactive overlays, use the modal dialog component" / "For non-essential, non-interactive messages, use the tooltip component"); yields to drawer or modals once the content scrolls (our antiPatterns[2], Atlassian: "Don't make popups that scroll", Carbon: past four columns wide use a modal).
2026-09-27T08:46:01.9565807Z     runway-bar                   answers = one-number AND shape = one-measure × committed-vs-balance-split AND verdict != none — beats stat-card (60, "default — label · value · delta · period, no series") and kpi-tile (50, "a series exists to show") when the reading is "money vs what is already scheduled" and the takeaway is a VERDICT WITH A DATE rather than a delta or a trend; yields to stat-card when there is nothing committed to net off, to kpi-tile when a series is the claim, and to Chart-bullet (40, "a target or performance band is the point, not the delta") when a target band, not a coverage date, is the benchmark.
2026-09-27T08:46:01.9568343Z     stat-card                    shape = one-measure × value-and-delta AND series = none AND delta != none — the default of the role; beats kpi-tile (roles.json when: "a series exists to show (s247-D3 / DP-08: no series ⇒ not a KPI tile)") exactly when no series exists, and beats Chart-bullet (when: "a target or performance band is the point, not the delta") when the delta, not a band, is the claim.
2026-09-27T08:46:01.9570377Z     status-indicator             shape = one-state × dot-and-label AND span.cols <= 4 — the default of the role; beats summary (roles.json when: "n × count as a key/value list, 6–12 cols") whenever exactly one state is read; yields to badge (when: "inline, attached to another element, count only") when the dot is attached to another element rather than standing alone.
2026-09-27T08:46:01.9572595Z     summary                      shape = rows × name-value-pairs AND rows >= 2 AND span.cols >= 6 — beats status-indicator (roles.json when: "one state, one dot + label, 2–4 cols") whenever more than one row must be read at once; yields to meter (when: "the threshold is a cap being spent against (limits-meter reading)") when threshold = cap-spent-against, and to badge (when: "inline, attached to another element, count only") when the reading is inline.
2026-09-27T08:46:01.9574795Z     template-confirmation        position = end of an instruction AND order = message, then FACTS, then actions, then what-happens-next AND a reference is shown if one exists — beats the Confirmation component (roles.json feedback role) because a confirmation PAGE is also the RECEIPT — that reordering is the template's whole contribution; ends a flow that template-wizard began.
2026-09-27T08:46:01.9576756Z     template-error               cause in (404, 500) AND RAG colour = unbound AND no support semantics invented AND one page serves ALL unexpected failures — beats template-empty (proposed "the query succeeded and returned nothing") because here the page could not be produced at all; beats an inline Alert (slice A) because the failure is the PAGE, not a field.
2026-09-27T08:46:01.9578653Z     template-wizard              steps >= 2 AND order is enforced AND next is gated AND a review step precedes the end AND the end is a receipt — beats template-create-edit (proposed "one page, no enforced order") on order; composes app-shell-focused (roles.json when: "one job, no navigation (auth, wizard)") and borrows the step mechanism whole from Stepper.
2026-09-27T08:46:01.9581683Z     textarea                     entry = free text AND the answer may run to more than one line AND there is no fixed option list AND a length limit is shown only where a real limit exists — beats input-fields (proposed "the answer fits one line") the moment a sentence is expected rather than a value — notes to approvers, a reason for payment, a secure message body; yields to input-fields for anything shorter (GOV.UK, verbatim: "enter shorter answers no longer than a single line, such as a phone number"); the counter is added only when a limit genuinely exists (GOV.UK: "Only use the character count component when there is a good reason for limiting").
2026-09-27T08:46:01.9584607Z     timeline                     records >= 2 AND time IS the structure AND every record has ALREADY HAPPENED AND entries are not buttons AND order is newest-first with date headings — roles.json when: "time is the structure, records have happened"; beats list-items when the date rail is the reading rather than a sort order; yields to list-items inside a date group the moment entries must open (our AP1), and never borrows Progress-tracker's aria-current because there is no current step (our AP0).
2026-09-27T08:46:01.9586922Z     view-options                 NEVER — superseded 2026-07-24; the view switch is Segmented-control — carries no selection criterion because it is not a choice any composer should make: filter-toolbar-bar's AP1 already says "Consuming View-options instead of Segmented-control for the view switch — View-options was superseded"; the honest `when` here is a redirect, not a predicate.
2026-09-27T08:46:01.9588104Z DERIVED (printed, NEVER written into a meta — s251-D6, ISO 25964):
2026-09-27T08:46:01.9588644Z     preferred:  role action           PREFERRED TERM button (priority 60) — 7 co-provider(s)
2026-09-27T08:46:01.9589281Z     preferred:  role arrangement      PREFERRED TERM layout-utilities (priority 60) — 7 co-provider(s)
2026-09-27T08:46:01.9589996Z     preferred:  role chart-panel      PREFERRED TERM chart-bar (priority 92) — 11 co-provider(s)
2026-09-27T08:46:01.9590610Z     preferred:  role feedback         PREFERRED TERM alert (priority None) — 10 co-provider(s)
2026-09-27T08:46:01.9591286Z     preferred:  role headline-metric  PREFERRED TERM stat-card (priority 60) — 3 co-provider(s)
2026-09-27T08:46:01.9591943Z     preferred:  role input            PREFERRED TERM account-selector (priority None) — 26 co-provider(s)
2026-09-27T08:46:01.9592571Z     preferred:  role overlay          PREFERRED TERM command-palette (priority None) — 6 co-provider(s)
2026-09-27T08:46:01.9593194Z     preferred:  role page-frame       PREFERRED TERM app-shell-top-nav (priority 60) — 6 co-provider(s)
2026-09-27T08:46:01.9593817Z     preferred:  role page-title       PREFERRED TERM headers (priority 50) — 3 co-provider(s)
2026-09-27T08:46:01.9594438Z     preferred:  role record-list      PREFERRED TERM list-items (priority 60) — 7 co-provider(s)
2026-09-27T08:46:01.9595151Z     preferred:  role status-surface   PREFERRED TERM status-indicator (priority 60) — 3 co-provider(s)
2026-09-27T08:46:01.9595773Z     preferred:  role wayfinding       PREFERRED TERM navigations (priority 60) — 7 co-provider(s)
2026-09-27T08:46:01.9596346Z     instead-of: action-bar                   instead-of button                       [distant] role=action shape=differs span=unknown
2026-09-27T08:46:01.9596979Z     instead-of: cta-lockup                   instead-of button                       [distant] role=action shape=differs span=unknown
2026-09-27T08:46:01.9597567Z     instead-of: fab                          instead-of button                       [distant] role=action shape=differs span=unknown
2026-09-27T08:46:01.9598209Z     instead-of: icon-button                  instead-of button                       [distant] role=action shape=differs span=unknown
2026-09-27T08:46:01.9598794Z     instead-of: links                        instead-of button                       [distant] role=action shape=differs span=unknown
2026-09-27T08:46:01.9599375Z     instead-of: quick-actions                instead-of button                       [distant] role=action shape=differs span=unknown
2026-09-27T08:46:01.9600109Z     instead-of: split-button                 instead-of button                       [distant] role=action shape=differs span=unknown
2026-09-27T08:46:01.9600745Z     instead-of: accordion                    instead-of layout-utilities             [distant] role=arrangement shape=differs span=unknown
2026-09-27T08:46:01.9601470Z     instead-of: cards                        instead-of layout-utilities             [distant] role=arrangement shape=differs span=unknown
2026-09-27T08:46:01.9602111Z     instead-of: carousel                     instead-of layout-utilities             [distant] role=arrangement shape=differs span=unknown
2026-09-27T08:46:01.9602761Z     instead-of: divider                      instead-of layout-utilities             [distant] role=arrangement shape=differs span=unknown
2026-09-27T08:46:01.9603472Z     instead-of: feature-grid-lockup          instead-of layout-utilities             [distant] role=arrangement shape=differs span=unknown
2026-09-27T08:46:01.9604150Z     instead-of: splitter                     instead-of layout-utilities             [distant] role=arrangement shape=differs span=unknown
2026-09-27T08:46:01.9604838Z     instead-of: stats-band-lockup            instead-of layout-utilities             [distant] role=arrangement shape=differs span=unknown
2026-09-27T08:46:01.9605531Z     instead-of: chart-line                   instead-of chart-bar                    [near] role=chart-panel shape=differs span=overlaps
2026-09-27T08:46:01.9606149Z     instead-of: chart-donut                  instead-of chart-bar                    [near] role=chart-panel shape=differs span=overlaps
2026-09-27T08:46:01.9606804Z     instead-of: Chart-histogram              instead-of chart-bar                    [near] role=chart-panel shape=differs span=overlaps
2026-09-27T08:46:01.9607469Z     instead-of: Chart-scatter                instead-of chart-bar                    [near] role=chart-panel shape=differs span=overlaps
2026-09-27T08:46:01.9608163Z     instead-of: chart-stacked-area           instead-of chart-bar                    [near] role=chart-panel shape=differs span=overlaps
2026-09-27T08:46:01.9608847Z     instead-of: Chart-boxplot                instead-of chart-bar                    [near] role=chart-panel shape=differs span=overlaps
2026-09-27T08:46:01.9609457Z     instead-of: chart-combo                  instead-of chart-bar                    [near] role=chart-panel shape=differs span=overlaps
2026-09-27T08:46:01.9610157Z     instead-of: chart-pie                    instead-of chart-bar                    [near] role=chart-panel shape=differs span=overlaps
2026-09-27T08:46:01.9610816Z     instead-of: Chart-candlestick            instead-of chart-bar                    [near] role=chart-panel shape=differs span=overlaps
2026-09-27T08:46:01.9611526Z     instead-of: Chart-butterfly-h            instead-of chart-bar                    [near] role=chart-panel shape=differs span=overlaps
2026-09-27T08:46:01.9612252Z     instead-of: Chart-butterfly-v            instead-of chart-bar                    [near] role=chart-panel shape=differs span=overlaps
2026-09-27T08:46:01.9612863Z     instead-of: banner                       instead-of alert                        [distant] role=feedback shape=differs span=unknown
2026-09-27T08:46:01.9613515Z     instead-of: confirmation                 instead-of alert                        [distant] role=feedback shape=differs span=unknown
2026-09-27T08:46:01.9614164Z     instead-of: countdown-timer              instead-of alert                        [distant] role=feedback shape=differs span=unknown
2026-09-27T08:46:01.9614784Z     instead-of: empty-state                  instead-of alert                        [distant] role=feedback shape=differs span=unknown
2026-09-27T08:46:01.9615404Z     instead-of: loading-indicator            instead-of alert                        [distant] role=feedback shape=differs span=unknown
2026-09-27T08:46:01.9616003Z     instead-of: notifications                instead-of alert                        [distant] role=feedback shape=differs span=unknown
2026-09-27T08:46:01.9616658Z     instead-of: progress-bar                 instead-of alert                        [distant] role=feedback shape=differs span=unknown
2026-09-27T08:46:01.9617311Z     instead-of: progress-tracker             instead-of alert                        [distant] role=feedback shape=differs span=unknown
2026-09-27T08:46:01.9617936Z     instead-of: skeleton-loader              instead-of alert                        [distant] role=feedback shape=differs span=unknown
2026-09-27T08:46:01.9618532Z     instead-of: toast                        instead-of alert                        [distant] role=feedback shape=differs span=unknown
2026-09-27T08:46:01.9619132Z     instead-of: kpi-tile                     instead-of stat-card                    [near] role=headline-metric shape=differs span=overlaps
2026-09-27T08:46:01.9619881Z     instead-of: Chart-bullet                 instead-of stat-card                    [near] role=headline-metric shape=differs span=overlaps
2026-09-27T08:46:01.9620750Z     instead-of: runway-bar                   instead-of stat-card                    [near] role=headline-metric shape=differs span=overlaps
2026-09-27T08:46:01.9621454Z     instead-of: amount-display               instead-of account-selector             [distant] role=input shape=differs span=unknown
2026-09-27T08:46:01.9622110Z     instead-of: amount-input                 instead-of account-selector             [distant] role=input shape=differs span=unknown
2026-09-27T08:46:01.9622738Z     instead-of: calendar                     instead-of account-selector             [distant] role=input shape=differs span=unknown
2026-09-27T08:46:01.9623407Z     instead-of: cascader                     instead-of account-selector             [distant] role=input shape=differs span=unknown
2026-09-27T08:46:01.9624032Z     instead-of: combobox                     instead-of account-selector             [distant] role=input shape=differs span=unknown
2026-09-27T08:46:01.9624780Z     instead-of: date-picker                  instead-of account-selector             [distant] role=input shape=differs span=unknown
2026-09-27T08:46:01.9625429Z     instead-of: date-range-picker            instead-of account-selector             [distant] role=input shape=differs span=unknown
2026-09-27T08:46:01.9626052Z     instead-of: dropdown                     instead-of account-selector             [distant] role=input shape=differs span=unknown
2026-09-27T08:46:01.9626729Z     instead-of: file-upload                  instead-of account-selector             [distant] role=input shape=differs span=unknown
2026-09-27T08:46:01.9627355Z     instead-of: form-layout                  instead-of account-selector             [distant] role=input shape=differs span=unknown
2026-09-27T08:46:01.9628038Z     instead-of: input-fields                 instead-of account-selector             [distant] role=input shape=differs span=unknown
2026-09-27T08:46:01.9628717Z     instead-of: multi-select                 instead-of account-selector             [distant] role=input shape=differs span=unknown
2026-09-27T08:46:01.9629358Z     instead-of: range-slider                 instead-of account-selector             [distant] role=input shape=differs span=unknown
2026-09-27T08:46:01.9630170Z     instead-of: rating                       instead-of account-selector             [distant] role=input shape=differs span=unknown
2026-09-27T08:46:01.9630798Z     instead-of: reorder                      instead-of account-selector             [distant] role=input shape=differs span=unknown
2026-09-27T08:46:01.9631429Z     instead-of: search-field                 instead-of account-selector             [distant] role=input shape=differs span=unknown
2026-09-27T08:46:01.9632114Z     instead-of: secure-entry                 instead-of account-selector             [distant] role=input shape=differs span=unknown
2026-09-27T08:46:01.9632773Z     instead-of: segmented-control            instead-of account-selector             [distant] role=input shape=differs span=unknown
2026-09-27T08:46:01.9633452Z     instead-of: selection-controls           instead-of account-selector             [distant] role=input shape=differs span=unknown
2026-09-27T08:46:01.9634081Z     instead-of: slider                       instead-of account-selector             [distant] role=input shape=differs span=unknown
2026-09-27T08:46:01.9634705Z     instead-of: stepper                      instead-of account-selector             [distant] role=input shape=differs span=unknown
2026-09-27T08:46:01.9635350Z     instead-of: tags-input                   instead-of account-selector             [distant] role=input shape=differs span=unknown
2026-09-27T08:46:01.9636020Z     instead-of: textarea                     instead-of account-selector             [distant] role=input shape=differs span=unknown
2026-09-27T08:46:01.9636674Z     instead-of: time-picker                  instead-of account-selector             [distant] role=input shape=differs span=unknown
2026-09-27T08:46:01.9637313Z     instead-of: transfer-list                instead-of account-selector             [distant] role=input shape=differs span=unknown
2026-09-27T08:46:01.9637955Z     instead-of: view-options                 instead-of account-selector             [distant] role=input shape=differs span=unknown
2026-09-27T08:46:01.9638601Z     instead-of: drawer                       instead-of command-palette              [distant] role=overlay shape=differs span=unknown
2026-09-27T08:46:01.9639277Z     instead-of: modal-lightbox               instead-of command-palette              [distant] role=overlay shape=differs span=unknown
2026-09-27T08:46:01.9640000Z     instead-of: modals                       instead-of command-palette              [distant] role=overlay shape=differs span=unknown
2026-09-27T08:46:01.9640639Z     instead-of: popconfirm                   instead-of command-palette              [distant] role=overlay shape=differs span=unknown
2026-09-27T08:46:01.9641327Z     instead-of: popover                      instead-of command-palette              [distant] role=overlay shape=differs span=unknown
2026-09-27T08:46:01.9641979Z     instead-of: tooltip                      instead-of command-palette              [distant] role=overlay shape=differs span=unknown
2026-09-27T08:46:01.9642640Z     instead-of: app-shell-doormat            instead-of app-shell-top-nav            [distant] role=page-frame shape=differs span=unknown
2026-09-27T08:46:01.9643366Z     instead-of: app-shell-focused            instead-of app-shell-top-nav            [distant] role=page-frame shape=differs span=unknown
2026-09-27T08:46:01.9644056Z     instead-of: app-shell-multi-column       instead-of app-shell-top-nav            [distant] role=page-frame shape=differs span=unknown
2026-09-27T08:46:01.9644792Z     instead-of: app-shell-nav-rail           instead-of app-shell-top-nav            [distant] role=page-frame shape=differs span=unknown
2026-09-27T08:46:01.9645514Z     instead-of: app-shell-side-nav           instead-of app-shell-top-nav            [distant] role=page-frame shape=differs span=unknown
2026-09-27T08:46:01.9646196Z     instead-of: app-shell-split              instead-of app-shell-top-nav            [distant] role=page-frame shape=differs span=unknown
2026-09-27T08:46:01.9646891Z     instead-of: eyebrow                      instead-of headers                      [distant] role=page-title shape=differs span=unknown
2026-09-27T08:46:01.9647519Z     instead-of: page-header-lockup           instead-of headers                      [distant] role=page-title shape=differs span=unknown
2026-09-27T08:46:01.9648167Z     instead-of: section-heading-lockup       instead-of headers                      [distant] role=page-title shape=differs span=unknown
2026-09-27T08:46:01.9648847Z     instead-of: data-grid                    instead-of list-items                   [distant] role=record-list shape=differs span=unknown
2026-09-27T08:46:01.9649489Z     instead-of: document-row                 instead-of list-items                   [distant] role=record-list shape=differs span=unknown
2026-09-27T08:46:01.9650236Z     instead-of: standing-order-mandate-row   instead-of list-items                   [distant] role=record-list shape=differs span=unknown
2026-09-27T08:46:01.9650921Z     instead-of: table                        instead-of list-items                   [distant] role=record-list shape=differs span=unknown
2026-09-27T08:46:01.9651541Z     instead-of: timeline                     instead-of list-items                   [distant] role=record-list shape=differs span=unknown
2026-09-27T08:46:01.9652204Z     instead-of: transaction-row              instead-of list-items                   [distant] role=record-list shape=differs span=unknown
2026-09-27T08:46:01.9652830Z     instead-of: tree                         instead-of list-items                   [distant] role=record-list shape=differs span=unknown
2026-09-27T08:46:01.9653485Z     instead-of: summary                      instead-of status-indicator             [distant] role=status-surface shape=differs span=disjoint
2026-09-27T08:46:01.9654184Z     instead-of: badge                        instead-of status-indicator             [distant] role=status-surface shape=differs span=unknown
2026-09-27T08:46:01.9654863Z     instead-of: meter                        instead-of status-indicator             [distant] role=status-surface shape=differs span=unknown
2026-09-27T08:46:01.9655520Z     instead-of: breadcrumbs                  instead-of navigations                  [near] role=wayfinding shape=differs span=overlaps
2026-09-27T08:46:01.9656150Z     instead-of: anchor-nav                   instead-of navigations                  [distant] role=wayfinding shape=differs span=unknown
2026-09-27T08:46:01.9768273Z     instead-of: back-to-top                  instead-of navigations                  [distant] role=wayfinding shape=differs span=unknown
2026-09-27T08:46:01.9769220Z     instead-of: pagination                   instead-of navigations                  [distant] role=wayfinding shape=differs span=unknown
2026-09-27T08:46:01.9770371Z     instead-of: sidebar-nav                  instead-of navigations                  [distant] role=wayfinding shape=differs span=unknown
2026-09-27T08:46:01.9771146Z     instead-of: tab-bar                      instead-of navigations                  [distant] role=wayfinding shape=differs span=unknown
2026-09-27T08:46:01.9771909Z     instead-of: tabs                         instead-of navigations                  [distant] role=wayfinding shape=differs span=unknown
2026-09-27T08:46:01.9772592Z     not-with:   stat-card                    not-with Chart-butterfly-h            -> DERIVED (symmetric)
2026-09-27T08:46:01.9773215Z     not-with:   stat-card                    not-with Chart-butterfly-v            -> DERIVED (symmetric)
2026-09-27T08:46:01.9773966Z     not-with:   chart-bar                    not-with Chart-histogram              -> DERIVED (symmetric)
2026-09-27T08:46:01.9774591Z     not-with:   stat-card                    not-with Chart-histogram              -> DERIVED (symmetric)
2026-09-27T08:46:01.9775219Z     not-with:   chart-donut                  not-with chart-pie                    -> DERIVED (symmetric)
2026-09-27T08:46:01.9775906Z     not-with:   chart-line                   not-with chart-sparkline              -> DERIVED (symmetric)
2026-09-27T08:46:01.9776545Z     not-with:   chart-bar                    not-with chart-stacked-area           -> DERIVED (symmetric)
2026-09-27T08:46:01.9777397Z     not-with:   status-surface               not-with kpi-tile                     -> reciprocal NOT DERIVABLE (target is a ROLE, not a meta)
2026-09-27T08:46:01.9778193Z     not-with:   chart-sparkline              not-with legend                       -> DERIVED (symmetric)
2026-09-27T08:46:01.9779294Z     with:       chart-sparkline              with kpi-tile                     -> DERIVED suggests (from recommends; NOT asserted — a complement is one-way until Dave says otherwise)
2026-09-27T08:46:01.9780472Z     with:       chart-panel                  with legend                       -> reciprocal NOT DERIVABLE (target is a ROLE, not a meta)
2026-09-27T08:46:01.9781177Z CROSS-CHECK roles.json <-> metas (REPORT ONLY, never a fail — s252-D1):
2026-09-27T08:46:01.9781790Z     roles.json membership and the metas' `provides` AGREE for every meta that carries the field (108).
2026-09-27T08:46:01.9783162Z data-grid: FAIL [with-resolves] — every `with` entry needs a `slug` string (s251-D6: the slug is REQUIRED, no ref:null seat), got 'selection-controls (the checkbox — CONSUMED byte-identically, not restated; #261 G3)'
2026-09-27T08:46:01.9784607Z data-grid: FAIL [with-resolves] — every `with` entry needs a `slug` string (s251-D6: the slug is REQUIRED, no ref:null seat), got 'filter-toolbar-bar'
2026-09-27T08:46:01.9785835Z data-grid: FAIL [with-resolves] — every `with` entry needs a `slug` string (s251-D6: the slug is REQUIRED, no ref:null seat), got 'pagination'
2026-09-27T08:46:01.9787050Z data-grid: FAIL [with-resolves] — every `with` entry needs a `slug` string (s251-D6: the slug is REQUIRED, no ref:null seat), got 'search-field'
2026-09-27T08:46:01.9788213Z data-grid: FAIL [with-resolves] — every `with` entry needs a `slug` string (s251-D6: the slug is REQUIRED, no ref:null seat), got 'tags'
2026-09-27T08:46:01.9789360Z data-grid: FAIL [with-resolves] — every `with` entry needs a `slug` string (s251-D6: the slug is REQUIRED, no ref:null seat), got 'skeleton-loader'
2026-09-27T08:46:01.9790203Z RESULT: FAIL (6)
2026-09-27T08:46:01.9821169Z selftest — _validate_roles_resolve.py
2026-09-27T08:46:01.9821688Z   PASS a fully-tagged meta resolves           -> green | (green)
2026-09-27T08:46:01.9822364Z   PASS unknown role refuses                   -> FAIL | Bad: FAIL [provides-resolves] — UNKNOWN ROLE 'chart-pane' — not a key of `roles` in knowledge/roles.json. Lega
2026-09-27T08:46:01.9823306Z   PASS unknown answer refuses                 -> FAIL | Bad2: FAIL [answers-resolves] — UNKNOWN ANSWER 'count-vs-threshold' — not a key of `chart-intent` in knowledge
2026-09-27T08:46:01.9824427Z   PASS not-with slug resolving to nothing refuses -> FAIL | Bad3: FAIL [notwith-resolves] — UNKNOWN SLUG 'ghost-card' in `not-with` — resolves to neither a meta stem unde
2026-09-27T08:46:01.9825338Z   PASS duplicate priority inside one role refuses -> FAIL | A: FAIL [priority-unique] — priority 60 is claimed by 2 providers of role 'chart-panel': A, B. Priority is the
2026-09-27T08:46:01.9825919Z   PASS same priority in DIFFERENT roles is legal -> green | (green)
2026-09-27T08:46:01.9826583Z   PASS priority with no provides refuses      -> FAIL | Bad6: FAIL [priority-in-role] — `priority` 60 with no resolving `provides`. Priority is compared ONLY within o
2026-09-27T08:46:01.9827512Z   PASS intent != answers refuses              -> FAIL | Bad4: FAIL [intent-equals-answers] — `intent` 'comparison' and `answers` 'distribution' DISAGREE. `answers` is
2026-09-27T08:46:01.9828341Z   PASS span min > max refuses                 -> FAIL | Bad5: FAIL [span-ordered] — `span.cols.min` 9 > `max` 4. The 1..12 bounds are the schema's; draft-07 cannot co
2026-09-27T08:46:01.9829146Z   PASS absent roles store fails LOUD          -> FAIL | FAIL — roles store MISSING: /tmp/tmpy6h1rw9n/roles.json (an absent instrument is not a pass)
2026-09-27T08:46:01.9830291Z   PASS unknown shape refuses                  -> FAIL | Bad7: FAIL [shape-known] — UNKNOWN SHAPE 'bins × frequency' — not a key of `shapes` in knowledge/shapes.json. 
2026-09-27T08:46:01.9830833Z   PASS a shape IN the store resolves          -> green | (green)
2026-09-27T08:46:01.9831477Z   PASS unknown `when` field refuses           -> FAIL | Bad8: FAIL [when-fields-known] — UNKNOWN `when` FIELD 'prominence' in clause 'prominence >= 2' — not a key of 
2026-09-27T08:46:01.9832015Z   PASS prose in the gate is NOT a field claim -> green | (green)
2026-09-27T08:46:01.9832386Z   PASS a field named only AFTER the em-dash is not parsed -> green | (green)
2026-09-27T08:46:01.9832707Z RESULT: PASS
2026-09-27T08:46:02.0763096Z   [PASS] _proforma/DataViz-interactive.html  (16 charts, 0 blocking, 16 advisory)
2026-09-27T08:46:02.0763776Z   [PASS] snippets/Chart-bar.reference.html  (5 charts, 0 blocking, 48 advisory)
2026-09-27T08:46:02.0764268Z   [PASS] snippets/Chart-boxplot.reference.html  (1 charts, 0 blocking, 2 advisory)
2026-09-27T08:46:02.0764788Z   [PASS] snippets/Chart-bullet.reference.html  (1 charts, 0 blocking, 2 advisory)
2026-09-27T08:46:02.0765285Z   [PASS] snippets/Chart-butterfly-h.reference.html  (1 charts, 0 blocking, 2 advisory)
2026-09-27T08:46:02.0765748Z   [PASS] snippets/Chart-butterfly-v.reference.html  (1 charts, 0 blocking, 3 advisory)
2026-09-27T08:46:02.0766211Z   [PASS] snippets/Chart-candlestick.reference.html  (1 charts, 0 blocking, 2 advisory)
2026-09-27T08:46:02.0766650Z   [PASS] snippets/Chart-combo.reference.html  (1 charts, 0 blocking, 10 advisory)
2026-09-27T08:46:02.0767463Z   [PASS] snippets/Chart-donut.reference.html  (2 charts, 0 blocking, 3 advisory)
2026-09-27T08:46:02.0767924Z   [PASS] snippets/Chart-histogram.reference.html  (1 charts, 0 blocking, 2 advisory)
2026-09-27T08:46:02.0768361Z   [PASS] snippets/Chart-line.reference.html  (2 charts, 0 blocking, 19 advisory)
2026-09-27T08:46:02.0768777Z   [PASS] snippets/Chart-pie.reference.html  (2 charts, 0 blocking, 3 advisory)
2026-09-27T08:46:02.0769204Z   [PASS] snippets/Chart-scatter.reference.html  (2 charts, 0 blocking, 19 advisory)
2026-09-27T08:46:02.0769882Z   [PASS] snippets/Chart-sparkline.reference.html  (3 charts, 0 blocking, 4 advisory)
2026-09-27T08:46:02.0770492Z   [PASS] snippets/Chart-stacked-area.reference.html  (1 charts, 0 blocking, 10 advisory)
2026-09-27T08:46:02.0770767Z 
2026-09-27T08:46:02.0771130Z ✅ DataViz gate passed (15 chart surface file(s)).
2026-09-27T08:46:02.1236095Z   [ok] ★ #260 ENGINE_TEST_PAGE maps every engine-drawn member to a test page that EXISTS
2026-09-27T08:46:02.1236710Z   [ok] GOOD column passes blocking
2026-09-27T08:46:02.1236958Z   [ok] dv-009 gradient
2026-09-27T08:46:02.1237525Z   [ok] ★ DV-D02-A fires when a cartesian plot LOSES dv-fit
2026-09-27T08:46:02.1237952Z   [ok] ★ DV-D02-A fires the OTHER way — an excluded donut that CARRIES dv-fit
2026-09-27T08:46:02.1238350Z   [ok] DV-D02-A silent on an excluded chart with no dv-fit (donut, the normal case)
2026-09-27T08:46:02.1238811Z   [ok] ★ scatter is BLOCKING since the #72 discharge — no waiver left to demote it
2026-09-27T08:46:02.1239252Z   [ok] ★ scatter WITH dv-fit is silent — the green control for the discharge
2026-09-27T08:46:02.1239680Z   [ok] ★ h-bar is IN scope after DV-D02-A — the rot the amendment corrected
2026-09-27T08:46:02.1240292Z   [ok] dv-009 two patterns
2026-09-27T08:46:02.1240503Z   [ok] dv-017 raw hex fill
2026-09-27T08:46:02.1240717Z   [ok] dv-016 low-contrast series
2026-09-27T08:46:02.1240946Z   [ok] dv-bar-009 missing baseline
2026-09-27T08:46:02.1241281Z   [ok] dv-bar-009 NEVER fires on a line
2026-09-27T08:46:02.1241532Z   [ok] dv-bar-007 negative horizontal bar
2026-09-27T08:46:02.1241783Z   [ok] dv-pie-009 >6 slices
2026-09-27T08:46:02.1242004Z   [ok] dv-pie-010 sum!=total
2026-09-27T08:46:02.1242242Z   [ok] dv-004 donut without separating stroke
2026-09-27T08:46:02.1242641Z   [ok] ★ dv-004 FIRES on the ds-014 figure — stacked-column, 0.0px gap, no stroke
2026-09-27T08:46:02.1243080Z   [ok] ★ dv-004 PASSES on 2px of REAL GEOMETRY (Dave's ruling, no stroke needed)
2026-09-27T08:46:02.1243462Z   [ok] dv-004 boundary — 1.9px gap is still a failure
2026-09-27T08:46:02.1243748Z   [ok] dv-004 accepts MORE than the minimum (6px gap)
2026-09-27T08:46:02.1244054Z   [ok] dv-004 stroke mechanism still passes with a 0px gap
2026-09-27T08:46:02.1244389Z   [ok] dv-004 unmeasurable geometry fails SAFE (no x/y/height, no stroke)
2026-09-27T08:46:02.1244781Z   [ok] ★ dv-vocab FIRES on a dtype the gate has never heard of
2026-09-27T08:46:02.1245116Z   [ok] dv-vocab silent on the three values that were blind (scatter)
2026-09-27T08:46:02.1245515Z   [ok] dtype synonym normalises — grouped-column reaches dv-bar-009
2026-09-27T08:46:02.1245826Z   [ok] dv-line-011 curved series path
2026-09-27T08:46:02.1246079Z   [ok] vibration advisory fires on a shimmer pair
2026-09-27T08:46:02.1246465Z   [ok] ★ s260-D3 driven receipt: fresh + all 8 combos >=2px PASSES (and says so)
2026-09-27T08:46:02.1246928Z   [ok] ★ s260-D3 driven receipt: ONE combo at 1.9px is BLOCKING, quoting combo + px
2026-09-27T08:46:02.1247369Z   [ok] ★ s260-D3 driven receipt: STALE source hash is BLOCKING and names the file
2026-09-27T08:46:02.1247800Z   [ok] ★ s260-D3 driven receipt: NO receipt at all is BLOCKING, never a skip
2026-09-27T08:46:02.1248209Z   [ok] ★ s260-D3 driven receipt: an UNMAPPED engine snippet is BLOCKING
2026-09-27T08:46:02.1248656Z   [ok] ★ s260-D3 control: a STATIC donut with a >=2px stroke still passes the STATIC route
2026-09-27T08:46:02.1249133Z   [ok] ★ #260 recorded dv-004 figure BELOW 2px is BLOCKING outside donut/pie/stacked
2026-09-27T08:46:02.1249544Z   [ok] ★ #260 recorded dv-004 figure at 2.200px PASSES and says so
2026-09-27T08:46:02.1250028Z   [ok] ★ #260 a receipt that measures NOTHING (dv004_px null) invents no rule
2026-09-27T08:46:02.1250504Z   [ok] ★ #260 a FRESH receipt with no measured dv-004 figure still passes (no rule invented)
2026-09-27T08:46:02.1250953Z   [ok] ★ #260 the SAME receipt with one source hash changed is BLOCKING STALE
2026-09-27T08:46:02.1251394Z   [ok] ★ #260 a mapped engine page with NO receipt at all is BLOCKING, never a skip
2026-09-27T08:46:02.1251627Z 
2026-09-27T08:46:02.1251730Z ✅ selftest
2026-09-27T08:46:02.2493929Z property-resolves gate (C2): 149 file(s), 0 failure(s)
2026-09-27T08:46:02.2886260Z   [PASS] green control — the shipping file passes (0 failure(s))
2026-09-27T08:46:02.2886888Z   [PASS] bite 1 — ds-018 reintroduced (--border-disabled/--text-disabled): 2 failure(s), expected 2
2026-09-27T08:46:02.2887519Z   [PASS] bite 2 — --muted reintroduced: 1 failure(s), expected 1
2026-09-27T08:46:02.2888003Z   [PASS] bite 3 — var() WITH a fallback is intent, not a defect: 0 failure(s), expected 0
2026-09-27T08:46:02.2888757Z   [PASS] bite 4 — 404 stylesheet is caught, not swallowed: 1 failure(s), expected ≥1
2026-09-27T08:46:02.2889364Z   [PASS] bite-the-bite — a blinded detector reports 0 on a known-bad file (0), so the bites above are measuring something
2026-09-27T08:46:02.2890240Z   ✅ C2 selftest: all failure classes bite; green control passes
2026-09-27T08:46:02.6730337Z dataviz var-resolution gate — 9 file(s) with colour presentation attributes, 380 reference(s), 4 theme(s): mono, legacy, console, supercharge
2026-09-27T08:46:02.6731132Z ✅ every colour presentation attribute resolves in at least one theme
2026-09-27T08:46:03.5733415Z   [1] green control (real Chart-bar, 58 refs) -> 0 dead : PASS
2026-09-27T08:46:03.5734238Z   [2] plant undeclared --gate-selftest-ghost -> 1 dead ['--gate-selftest-ghost'] : PASS
2026-09-27T08:46:03.5735013Z   [3] same name, now DECLARED -> 0 dead : PASS
2026-09-27T08:46:03.5735359Z   [4] alias chain --ghost -> --void (undeclared) -> 1 dead : PASS
2026-09-27T08:46:03.5735795Z   [5] declared in console block only -> partial=[('--gate-selftest-ghost', ['console'])] : PASS
2026-09-27T08:46:03.5736180Z   [6] var(--void, #ccc) fallback -> 0 dead : PASS
2026-09-27T08:46:03.5736876Z   [7] empty population -> GateError: EMPTY POPULATION — globs ['knowledge/snippets/*.reference.ht : PASS
2026-09-27T08:46:03.5737418Z   [8] missing canon.css -> GateError: MISSING TARGET canon.css at /tmp/dvvars-psoq0qmn/knowledge/c : PASS
2026-09-27T08:46:03.5737718Z 
2026-09-27T08:46:03.5737934Z ✅ selftest PASS — the gate can fail, and fails on the right shapes
2026-09-27T08:46:04.0219123Z minted-token consumption inventory (ADVISORY) — canon.css declares 1021 custom properties (base tier 1018 · theme tier 416)
2026-09-27T08:46:04.0219963Z   consumed by a var() in the glob ......... 653
2026-09-27T08:46:04.0220390Z   unconsumed .............................. 368
2026-09-27T08:46:04.0220818Z     ├─ ALIAS-TARGET (mint-time $alias) ..... 83
2026-09-27T08:46:04.0221169Z     ├─ ALIAS-SHADOW (alias expansion) ..... 23
2026-09-27T08:46:04.0221614Z     └─ ORPHAN       (declared, never read) 262   [6 of them minted per-theme]
2026-09-27T08:46:04.0221849Z 
2026-09-27T08:46:04.0222581Z ⚠ ADVISORY: an unconsumed mint is not a defect on its face — a forgotten wire and a reserved slot wear the same shape, and no presence test can tell them apart. Promotion to blocking needs a $consumer/$reserved declaration on the token, and is Dave's word.
2026-09-27T08:46:06.8486873Z   [1] green control: real canon.css parses and classifies            PASS  — declared=1021 consumed=653 orphan=262
2026-09-27T08:46:06.8487624Z   [2] a heavily-consumed var (--border-radius-default) is not flagged PASS  — (absent)
2026-09-27T08:46:06.8488253Z   [3] plant --gate-selftest-orphan in a console block -> ORPHAN      PASS  — ORPHAN
2026-09-27T08:46:06.8488851Z   [4] same name, now var()-ed by a file in the glob -> not flagged   PASS  — (absent)
2026-09-27T08:46:06.8489407Z   [5] consumer moved to reviews/ (excluded) -> ORPHAN again          PASS  — ORPHAN
2026-09-27T08:46:06.8490293Z   [6] $alias target --color-neutral-15 classed ALIAS-TARGET, not ORPHAN PASS  — ALIAS-TARGET
2026-09-27T08:46:06.8490833Z   [7] MUTANT subtract_alias_targets=False -> --color-neutral-15 goes ORPHAN PASS  — ORPHAN
2026-09-27T08:46:06.8491437Z   [8] --tooltip-background ALIAS-SHADOW, and ORPHAN under the mutant PASS  — ALIAS-SHADOW / mutant ORPHAN
2026-09-27T08:46:06.8492090Z   [9] missing canon.css -> GateError                                 PASS  — MISSING TARGET canon.css at /tmp/mintcons-u4zr0fyt/k
2026-09-27T08:46:06.8492734Z   [10] empty consumer population -> GateError                         PASS  — EMPTY CONSUMER POPULATION — no scannable file under 
2026-09-27T08:46:06.8493063Z 
2026-09-27T08:46:06.8493437Z ✅ selftest PASS — the inventory can flag, can stop flagging, and both false-positive subtractions are mutation-proved (10 bites)
2026-09-27T08:46:08.5783340Z [hidden]-vs-author-display sweep — ADVISORY, non-gating (#218 W3 F1 class, s218-D5 clause 3)
2026-09-27T08:46:08.5788459Z 137 snippet(s) scanned, 17 with signals · 3 STATIC · 0 DYNAMIC · 3 STATIC? · 6 DYNAMIC? · 21 UNRESOLVED
2026-09-27T08:46:08.5788832Z 
2026-09-27T08:46:08.5789030Z ## Avatar-group.reference.html — 1 signal(s)
2026-09-27T08:46:08.5790527Z   [UNRESOLVED] Avatar-group.reference.html: line 348 sets `hidden` — `p.pop.hidden = !open;` — but this reader cannot resolve the receiver to a selector, so the element is UNCHECKED, which is a gap in this instrument's reach, NOT evidence the file is clean
2026-09-27T08:46:08.5791347Z 
2026-09-27T08:46:08.5791514Z ## Cascader.reference.html — 2 signal(s)
2026-09-27T08:46:08.5792803Z   [UNRESOLVED] Cascader.reference.html: line 538 sets `hidden` — `if(!node){ col.hidden = true; return; }` — but this reader cannot resolve the receiver to a selector, so the element is UNCHECKED, which is a gap in this instrument's reach, NOT evidence the file is clean
2026-09-27T08:46:08.5794125Z   [UNRESOLVED] Cascader.reference.html: line 539 sets `hidden` — `col.hidden = false;` — but this reader cannot resolve the receiver to a selector, so the element is UNCHECKED, which is a gap in this instrument's reach, NOT evidence the file is clean
2026-09-27T08:46:08.5794747Z 
2026-09-27T08:46:08.5794915Z ## Chart-butterfly-h.reference.html — 1 signal(s)
2026-09-27T08:46:08.5796198Z   [STATIC] Chart-butterfly-h.reference.html: STATIC hidden-bearing <div> (class=dv-empty-frame) at line 296 is painted by `.dv-empty-frame{display:flex}` (line 219, specificity (0, 1, 0)); the file has NO matching `[hidden]{display:none}` remedy — the UA `[hidden]{display:none}` is (0,1,0) and loses, so the element renders while `hidden` tells AT it is gone (#218 W3 F1 class, s218-D5 clause 3)
2026-09-27T08:46:08.5797106Z 
2026-09-27T08:46:08.5797265Z ## Chart-butterfly-v.reference.html — 1 signal(s)
2026-09-27T08:46:08.5798499Z   [STATIC] Chart-butterfly-v.reference.html: STATIC hidden-bearing <div> (class=dv-empty-frame) at line 301 is painted by `.dv-empty-frame{display:flex}` (line 224, specificity (0, 1, 0)); the file has NO matching `[hidden]{display:none}` remedy — the UA `[hidden]{display:none}` is (0,1,0) and loses, so the element renders while `hidden` tells AT it is gone (#218 W3 F1 class, s218-D5 clause 3)
2026-09-27T08:46:08.5799395Z 
2026-09-27T08:46:08.5799548Z ## Chart-histogram.reference.html — 1 signal(s)
2026-09-27T08:46:08.5801007Z   [STATIC] Chart-histogram.reference.html: STATIC hidden-bearing <div> (class=dv-empty-frame) at line 246 is painted by `.dv-empty-frame{display:flex}` (line 182, specificity (0, 1, 0)); the file has NO matching `[hidden]{display:none}` remedy — the UA `[hidden]{display:none}` is (0,1,0) and loses, so the element renders while `hidden` tells AT it is gone (#218 W3 F1 class, s218-D5 clause 3)
2026-09-27T08:46:08.5801895Z 
2026-09-27T08:46:08.5802050Z ## Command-palette.reference.html — 4 signal(s)
2026-09-27T08:46:08.5803688Z   [STATIC?] Command-palette.reference.html: STATIC? hidden-bearing <span> (id=cp1-title) at line 153 is painted by `.cp-stage-mock span{display:block}` (line 54, specificity (0, 0, 1)); the file has NO matching `[hidden]{display:none}` remedy ⚠ POSSIBLE ONLY: `.cp-stage-mock span` states an ancestor/sibling condition this reader does not check, so the pair may never meet in the real DOM — the UA `[hidden]{display:none}` is (0,1,0) and loses, so the element renders while `hidden` tells AT it is gone (#218 W3 F1 class, s218-D5 clause 3)
2026-09-27T08:46:08.5806327Z   [STATIC?] Command-palette.reference.html: STATIC? hidden-bearing <span> (tag=span) at line 202 is painted by `.cp-stage-mock span{display:block}` (line 54, specificity (0, 0, 1)); the file has NO matching `[hidden]{display:none}` remedy ⚠ POSSIBLE ONLY: `.cp-stage-mock span` states an ancestor/sibling condition this reader does not check, so the pair may never meet in the real DOM — the UA `[hidden]{display:none}` is (0,1,0) and loses, so the element renders while `hidden` tells AT it is gone (#218 W3 F1 class, s218-D5 clause 3)
2026-09-27T08:46:08.5808931Z   [STATIC?] Command-palette.reference.html: STATIC? hidden-bearing <span> (id=cp2-title) at line 215 is painted by `.cp-stage-mock span{display:block}` (line 54, specificity (0, 0, 1)); the file has NO matching `[hidden]{display:none}` remedy ⚠ POSSIBLE ONLY: `.cp-stage-mock span` states an ancestor/sibling condition this reader does not check, so the pair may never meet in the real DOM — the UA `[hidden]{display:none}` is (0,1,0) and loses, so the element renders while `hidden` tells AT it is gone (#218 W3 F1 class, s218-D5 clause 3)
2026-09-27T08:46:08.5811201Z   [UNRESOLVED] Command-palette.reference.html: line 334 sets `hidden` — `el.hidden = !on;` — but this reader cannot resolve the receiver to a selector, so the element is UNCHECKED, which is a gap in this instrument's reach, NOT evidence the file is clean
2026-09-27T08:46:08.5811826Z 
2026-09-27T08:46:08.5812035Z ## Data-grid.reference.html — 1 signal(s)
2026-09-27T08:46:08.5813557Z   [DYNAMIC?] Data-grid.reference.html: DYNAMIC? hidden-bearing <*> (id=fbar) at line 1012 is painted by `.sort .ic svg{display:block}` (line 232, specificity (0, 0, 1)); the file has NO matching `[hidden]{display:none}` remedy ⚠ POSSIBLE ONLY: `.sort .ic svg` states an ancestor/sibling condition this reader does not check, so the pair may never meet in the real DOM — the UA `[hidden]{display:none}` is (0,1,0) and loses, so the element renders while `hidden` tells AT it is gone (#218 W3 F1 class, s218-D5 clause 3)
2026-09-27T08:46:08.5814677Z 
2026-09-27T08:46:08.5814839Z ## Filter-toolbar-bar.reference.html — 6 signal(s)
2026-09-27T08:46:08.5816014Z   [UNRESOLVED] Filter-toolbar-bar.reference.html: line 939 sets `hidden` — `state.filters.forEach((f,i)=>{ const n=chipNode(f); if(!expanded && i>=MAXCHIPS) n.hidden=true; chipRow.appendChild(n); ` — but this reader cannot resolve the receiver to a selector, so the element is UNCHECKED, which is a gap in this instrument's reach, NOT evidence the file is clean
2026-09-27T08:46:08.5818041Z   [UNRESOLVED] Filter-toolbar-bar.reference.html: line 1073 sets `hidden` — `table.hidden = s.view!=='table'; cards.hidden = s.view==='cards' ? false : true;` — but this reader cannot resolve the receiver to a selector, so the element is UNCHECKED, which is a gap in this instrument's reach, NOT evidence the file is clean
2026-09-27T08:46:08.5820233Z   [UNRESOLVED] Filter-toolbar-bar.reference.html: line 1073 sets `hidden` — `table.hidden = s.view!=='table'; cards.hidden = s.view==='cards' ? false : true;` — but this reader cannot resolve the receiver to a selector, so the element is UNCHECKED, which is a gap in this instrument's reach, NOT evidence the file is clean
2026-09-27T08:46:08.5822166Z   [UNRESOLVED] Filter-toolbar-bar.reference.html: line 1076 sets `hidden` — `emptyEl.hidden = st!=='empty'; errEl.hidden = true; results.hidden = st==='empty';` — but this reader cannot resolve the receiver to a selector, so the element is UNCHECKED, which is a gap in this instrument's reach, NOT evidence the file is clean
2026-09-27T08:46:08.5823786Z   [UNRESOLVED] Filter-toolbar-bar.reference.html: line 1076 sets `hidden` — `emptyEl.hidden = st!=='empty'; errEl.hidden = true; results.hidden = st==='empty';` — but this reader cannot resolve the receiver to a selector, so the element is UNCHECKED, which is a gap in this instrument's reach, NOT evidence the file is clean
2026-09-27T08:46:08.5825412Z   [UNRESOLVED] Filter-toolbar-bar.reference.html: line 1076 sets `hidden` — `emptyEl.hidden = st!=='empty'; errEl.hidden = true; results.hidden = st==='empty';` — but this reader cannot resolve the receiver to a selector, so the element is UNCHECKED, which is a gap in this instrument's reach, NOT evidence the file is clean
2026-09-27T08:46:08.5826164Z 
2026-09-27T08:46:08.5826329Z ## Page-header-lockup.reference.html — 2 signal(s)
2026-09-27T08:46:08.5827884Z   [DYNAMIC?] Page-header-lockup.reference.html: DYNAMIC? hidden-bearing <*> (tag=*) at line 430 is painted by `nav ol{display:flex}` (line 130, specificity (0, 0, 1)); the file has NO matching `[hidden]{display:none}` remedy ⚠ POSSIBLE ONLY: `nav ol` states an ancestor/sibling condition this reader does not check, so the pair may never meet in the real DOM — the UA `[hidden]{display:none}` is (0,1,0) and loses, so the element renders while `hidden` tells AT it is gone (#218 W3 F1 class, s218-D5 clause 3)
2026-09-27T08:46:08.5830721Z   [DYNAMIC?] Page-header-lockup.reference.html: DYNAMIC? hidden-bearing <*> (tag=*) at line 437 is painted by `nav ol{display:flex}` (line 130, specificity (0, 0, 1)); the file has NO matching `[hidden]{display:none}` remedy ⚠ POSSIBLE ONLY: `nav ol` states an ancestor/sibling condition this reader does not check, so the pair may never meet in the real DOM — the UA `[hidden]{display:none}` is (0,1,0) and loses, so the element renders while `hidden` tells AT it is gone (#218 W3 F1 class, s218-D5 clause 3)
2026-09-27T08:46:08.5831859Z 
2026-09-27T08:46:08.5832080Z ## Secure-entry.reference.html — 2 signal(s)
2026-09-27T08:46:08.5833133Z   [UNRESOLVED] Secure-entry.reference.html: line 387 sets `hidden` — `if (left <= 0){ clearInterval(tick); tick = null; btn.disabled = false; wait.hidden = true; }` — but this reader cannot resolve the receiver to a selector, so the element is UNCHECKED, which is a gap in this instrument's reach, NOT evidence the file is clean
2026-09-27T08:46:08.5834741Z   [UNRESOLVED] Secure-entry.reference.html: line 394 sets `hidden` — `btn.disabled = true; wait.hidden = false; left = 30; n.textContent = left;` — but this reader cannot resolve the receiver to a selector, so the element is UNCHECKED, which is a gap in this instrument's reach, NOT evidence the file is clean
2026-09-27T08:46:08.5835460Z 
2026-09-27T08:46:08.5835601Z ## Sidebar-nav.reference.html — 4 signal(s)
2026-09-27T08:46:08.5837151Z   [DYNAMIC?] Sidebar-nav.reference.html: DYNAMIC? hidden-bearing <*> (tag=*) at line 617 is painted by `.sn-canvas > span{display:block}` (line 148, specificity (0, 0, 1)); the file has NO matching `[hidden]{display:none}` remedy ⚠ POSSIBLE ONLY: `.sn-canvas > span` states an ancestor/sibling condition this reader does not check, so the pair may never meet in the real DOM — the UA `[hidden]{display:none}` is (0,1,0) and loses, so the element renders while `hidden` tells AT it is gone (#218 W3 F1 class, s218-D5 clause 3)
2026-09-27T08:46:08.5839006Z   [UNRESOLVED] Sidebar-nav.reference.html: line 631 sets `hidden` — `if (sub) sub.hidden = open;` — but this reader cannot resolve the receiver to a selector, so the element is UNCHECKED, which is a gap in this instrument's reach, NOT evidence the file is clean
2026-09-27T08:46:08.5840646Z   [UNRESOLVED] Sidebar-nav.reference.html: line 656 sets `hidden` — `if (sub) sub.hidden = true;` — but this reader cannot resolve the receiver to a selector, so the element is UNCHECKED, which is a gap in this instrument's reach, NOT evidence the file is clean
2026-09-27T08:46:08.5842506Z   [UNRESOLVED] Sidebar-nav.reference.html: line 660 sets `hidden` — `if (sub) sub.hidden = !back;` — but this reader cannot resolve the receiver to a selector, so the element is UNCHECKED, which is a gap in this instrument's reach, NOT evidence the file is clean
2026-09-27T08:46:08.5843467Z 
2026-09-27T08:46:08.5843708Z ## Standing-order-mandate-row.reference.html — 1 signal(s)
2026-09-27T08:46:08.5844666Z   [UNRESOLVED] Standing-order-mandate-row.reference.html: line 677 sets `hidden` — `panel.hidden = !open;` — but this reader cannot resolve the receiver to a selector, so the element is UNCHECKED, which is a gap in this instrument's reach, NOT evidence the file is clean
2026-09-27T08:46:08.5845336Z 
2026-09-27T08:46:08.5845471Z ## Stepper.reference.html — 1 signal(s)
2026-09-27T08:46:08.5846494Z   [UNRESOLVED] Stepper.reference.html: line 443 sets `hidden` — `STEPS.forEach((s, i) => { document.getElementById('p-' + (i + 1)).hidden = (i + 1) !== current; });` — but this reader cannot resolve the receiver to a selector, so the element is UNCHECKED, which is a gap in this instrument's reach, NOT evidence the file is clean
2026-09-27T08:46:08.5847239Z 
2026-09-27T08:46:08.5847363Z ## Tabs.reference.html — 1 signal(s)
2026-09-27T08:46:08.5848540Z   [UNRESOLVED] Tabs.reference.html: line 226 sets `hidden` — `allTabs.forEach(x => { const on = x === t; x.setAttribute('aria-selected', on); x.tabIndex = on ? 0 : -1; panelOf(x).hid` — but this reader cannot resolve the receiver to a selector, so the element is UNCHECKED, which is a gap in this instrument's reach, NOT evidence the file is clean
2026-09-27T08:46:08.5849337Z 
2026-09-27T08:46:08.5849488Z ## Template-auth.reference.html — 2 signal(s)
2026-09-27T08:46:08.5850750Z   [UNRESOLVED] Template-auth.reference.html: line 815 sets `hidden` — `if (left <= 0){ clearInterval(tick); btn.disabled = false; wait.hidden = true; }` — but this reader cannot resolve the receiver to a selector, so the element is UNCHECKED, which is a gap in this instrument's reach, NOT evidence the file is clean
2026-09-27T08:46:08.5852407Z   [UNRESOLVED] Template-auth.reference.html: line 818 sets `hidden` — `btn.disabled = true; wait.hidden = false; left = 30; n.textContent = left;` — but this reader cannot resolve the receiver to a selector, so the element is UNCHECKED, which is a gap in this instrument's reach, NOT evidence the file is clean
2026-09-27T08:46:08.5853155Z 
2026-09-27T08:46:08.5853318Z ## Template-create-edit.reference.html — 1 signal(s)
2026-09-27T08:46:08.5855079Z   [DYNAMIC?] Template-create-edit.reference.html: DYNAMIC? hidden-bearing <*> (id=ef-dirty) at line 816 is painted by `.content-header button{display:inline-flex}` (line 220, specificity (0, 0, 1)); the file has NO matching `[hidden]{display:none}` remedy ⚠ POSSIBLE ONLY: `.content-header button` states an ancestor/sibling condition this reader does not check, so the pair may never meet in the real DOM — the UA `[hidden]{display:none}` is (0,1,0) and loses, so the element renders while `hidden` tells AT it is gone (#218 W3 F1 class, s218-D5 clause 3)
2026-09-27T08:46:08.5856343Z 
2026-09-27T08:46:08.5856510Z ## Template-wizard.reference.html — 2 signal(s)
2026-09-27T08:46:08.5858154Z   [DYNAMIC?] Template-wizard.reference.html: DYNAMIC? hidden-bearing <*> (id=wiz-bar) at line 782 is painted by `.content-header button{display:inline-flex}` (line 229, specificity (0, 0, 1)); the file has NO matching `[hidden]{display:none}` remedy ⚠ POSSIBLE ONLY: `.content-header button` states an ancestor/sibling condition this reader does not check, so the pair may never meet in the real DOM — the UA `[hidden]{display:none}` is (0,1,0) and loses, so the element renders while `hidden` tells AT it is gone (#218 W3 F1 class, s218-D5 clause 3)
2026-09-27T08:46:08.5860411Z   [UNRESOLVED] Template-wizard.reference.html: line 779 sets `hidden` — `STEPS.forEach((s, i) => { document.getElementById('wp-' + (i + 1)).hidden = (i + 1) !== current; });` — but this reader cannot resolve the receiver to a selector, so the element is UNCHECKED, which is a gap in this instrument's reach, NOT evidence the file is clean
2026-09-27T08:46:08.5861188Z 
2026-09-27T08:46:08.5861878Z ⚠ TRIAGE INPUT, NOT A REPAIR LIST. CERTAIN tiers (STATIC/DYNAMIC) name a painter with no ancestor condition. `?` tiers are combinator-blind and may never meet in the real DOM. UNRESOLVED is this instrument's own blind spot, not a clean bill.
2026-09-27T08:46:08.6410943Z   ✓ STATIC defect is CAUGHT and names the class, the painting rule and the missing remedy
2026-09-27T08:46:08.6412584Z       quoted: F.reference.html: STATIC hidden-bearing <div> (class=x) at line 1 is painted by `.x{display:flex}` (line 1, specificity (0, 1, 0)); the file has NO matching `[hidden]{display:none}` remedy — the UA `[hidden]{display:none}` is (0,1,0) and loses, so the element renders while `hidden` tells AT it is gone (#218 W3 F1 class, s218-D5 clause 3)
2026-09-27T08:46:08.6413844Z   ✓ the RULED remedy `.x[hidden]{display:none}` clears the finding (no false positive on the s218-D5 fix shape)
2026-09-27T08:46:08.6414494Z   ✓ a LOWER-specificity [hidden] remedy is still caught, and the message quotes both specificities
2026-09-27T08:46:08.6415773Z       quoted: F.reference.html: STATIC hidden-bearing <div> (class=a.b) at line 1 is painted by `.a.b{display:flex}` (line 1, specificity (0, 2, 0)); the file's only matching [hidden] remedy `[hidden]` (line 1) is WEAKER at (0, 1, 0) — the UA `[hidden]{display:none}` is (0,1,0) and loses, so the element renders while `hidden` tells AT it is gone (#218 W3 F1 class, s218-D5 clause 3)
2026-09-27T08:46:08.6417054Z   ✓ a painting rule inside a CSS comment is NOT counted (comment-masked)
2026-09-27T08:46:08.6417541Z   ✓ a hidden-bearing element inside an HTML comment is NOT counted (shared _htmlmask)
2026-09-27T08:46:08.6418028Z   ✓ a script-set `hidden` on a querySelector-bound element is RESOLVED and caught
2026-09-27T08:46:08.6419270Z       quoted: F.reference.html: DYNAMIC hidden-bearing <*> (class=y) at line 1 is painted by `.y{display:grid}` (line 1, specificity (0, 1, 0)); the file has NO matching `[hidden]{display:none}` remedy — the UA `[hidden]{display:none}` is (0,1,0) and loses, so the element renders while `hidden` tells AT it is gone (#218 W3 F1 class, s218-D5 clause 3)
2026-09-27T08:46:08.6420646Z   ✓ the forEach iteration variable inherits its list's binding (querySelectorAll)
2026-09-27T08:46:08.6421114Z   ✓ an unresolvable script target is DECLARED as UNCHECKED, not silently dropped
2026-09-27T08:46:08.6422037Z       quoted: F.reference.html: line 1 sets `hidden` — `pick(whatever()).hidden = true;` — but this reader cannot resolve the receiver to a selector, so the element is UNCHECKED, which is a gap in this instrument's reach, NOT evidence the file is clean
2026-09-27T08:46:08.6422912Z   ✓ a painter whose own selector carries [hidden] is read as a deliberate override, not the defect
2026-09-27T08:46:08.6423562Z   ✓ REAL #218 case: Command-palette carries NO CERTAIN finding with the ruled fix in place (the check can go green on Dave's own remedy)
2026-09-27T08:46:08.6424293Z   ✓ REAL #218 case MUTANT: delete the ruled one-line remedy and the ORIGINAL phantom option is named again, by file, class and rule
2026-09-27T08:46:08.6425646Z       quoted: Command-palette.reference.html: STATIC hidden-bearing <div> (class=cp-opt) at line 230 is painted by `.cp-opt{display:flex}` (line 93, specificity (0, 1, 0)); the file has NO matching `[hidden]{display:none}` remedy — the UA `[hidden]{display:none}` is (0,1,0) and loses, so the element renders while `hidden` tells AT it is gone (#218 W3 F1 class, s218-D5 clause 3)
2026-09-27T08:46:08.6426912Z   ✓ REAL #218 case MUTANT is CERTAIN-tier, not a hedged POSSIBLE — the one measured instance of this class must land in the tier that means it
2026-09-27T08:46:08.6427532Z   ✓ line numbers are FILE-relative, not block-relative (painter line 6, element line 10)
2026-09-27T08:46:08.6428701Z       quoted: F.reference.html: STATIC hidden-bearing <div> (class=x) at line 10 is painted by `.x{display:flex}` (line 6, specificity (0, 1, 0)); the file has NO matching `[hidden]{display:none}` remedy — the UA `[hidden]{display:none}` is (0,1,0) and loses, so the element renders while `hidden` tells AT it is gone (#218 W3 F1 class, s218-D5 clause 3)
2026-09-27T08:46:08.6429816Z   ✓ a `hidden` write inside a JS comment is NOT counted (prose about the defect is not the defect)
2026-09-27T08:46:08.6430304Z   ✓ an ANCESTOR-conditioned painter lands in the POSSIBLE tier and says why
2026-09-27T08:46:08.6431849Z       quoted: F.reference.html: STATIC? hidden-bearing <span> (class=q) at line 1 is painted by `.wrap span{display:block}` (line 1, specificity (0, 0, 1)); the file has NO matching `[hidden]{display:none}` remedy ⚠ POSSIBLE ONLY: `.wrap span` states an ancestor/sibling condition this reader does not check, so the pair may never meet in the real DOM — the UA `[hidden]{display:none}` is (0,1,0) and loses, so the element renders while `hidden` tells AT it is gone (#218 W3 F1 class, s218-D5 clause 3)
2026-09-27T08:46:08.6433322Z   ✓ when BOTH a certain and a possible painter match, the element reports the CERTAIN one (strongest signal wins, not sheet order)
2026-09-27T08:46:08.6433820Z ✅ _validate_hidden_display selftest: all bites pass
2026-09-27T08:46:08.8912672Z selftest OK — sat ceiling 0.72 · pure-black substitution · weight floor 500@12-19 / 300@20+ / none <12 · dark-on-light ignored.
2026-09-27T08:46:08.8913560Z   ~ EDGE-WEIGHT  12px @ weight 400 — floor is 500 at this size  [:where(.cn-input-fields) .help-btn .tip]  (knowledge/canon/canon.css)
2026-09-27T08:46:08.8914405Z   ~ EDGE-BLACK  pure black ground carrying reverse text — use surface/digital-black #1A1A1A  [.action-bar .btn.secondary]  (knowledge/snippets/Action-bar.reference.html)
2026-09-27T08:46:08.8915120Z   ~ EDGE-CHROMA  ground #DB0011 sat 1.00 > 0.72 ceiling  [.hero .cta]  (knowledge/snippets/Hero-variants.reference.html)
2026-09-27T08:46:08.8915659Z   ~ EDGE-CHROMA  ground #DB0011 sat 1.00 > 0.72 ceiling  [.hero .cta]  (knowledge/snippets/Hero.reference.html)
2026-09-27T08:46:08.8916644Z   ~ EDGE-WEIGHT  12px @ weight 400 — floor is 500 at this size  [.help-btn .tip]  (knowledge/snippets/Input-fields.reference.html)
2026-09-27T08:46:08.8917419Z   ~ EDGE-BLACK  pure black ground carrying reverse text — use surface/digital-black #1A1A1A  [.nv-count]  (knowledge/snippets/Navigations.reference.html)
2026-09-27T08:46:08.8918270Z   ~ EDGE-BLACK  pure black ground carrying reverse text — use surface/digital-black #1A1A1A  [.nv-avatar]  (knowledge/snippets/Navigations.reference.html)
2026-09-27T08:46:08.8919246Z   ~ EDGE-BLACK  pure black ground carrying reverse text — use surface/digital-black #1A1A1A  [.chip[aria-pressed="true"],.chip[aria-checked="true"]]  (knowledge/snippets/Selection-controls.reference.html)
2026-09-27T08:46:08.8920561Z   ~ EDGE-BLACK  pure black ground carrying reverse text — use surface/digital-black #1A1A1A  [.nv-count]  (knowledge/snippets/Sidebar-nav.reference.html)
2026-09-27T08:46:08.8921411Z   ~ EDGE-BLACK  pure black ground carrying reverse text — use surface/digital-black #1A1A1A  [.sn-avatar]  (knowledge/snippets/Sidebar-nav.reference.html)
2026-09-27T08:46:08.8922272Z   ~ EDGE-BLACK  pure black ground carrying reverse text — use surface/digital-black #1A1A1A  [.sn.is-rail .nv-label]  (knowledge/snippets/Sidebar-nav.reference.html)
2026-09-27T08:46:08.8923119Z   ~ EDGE-BLACK  pure black ground carrying reverse text — use surface/digital-black #1A1A1A  [.nv-count]  (knowledge/snippets/Tab-bar.reference.html)
2026-09-27T08:46:08.8923978Z   ~ EDGE-BLACK  pure black ground carrying reverse text — use surface/digital-black #1A1A1A  [.menu-fab[aria-expanded="true"]]  (knowledge/snippets/Tab-bar.reference.html)
2026-09-27T08:46:08.8924827Z   ~ EDGE-BLACK  pure black ground carrying reverse text — use surface/digital-black #1A1A1A  [.bar]  (knowledge/snippets/Video-player.reference.html)
2026-09-27T08:46:08.8925490Z   ~ EDGE-CHROMA  ground #DB0011 sat 1.00 > 0.72 ceiling  [.iconbtn.primary]  (knowledge/_proforma/Icon-button.reference.html)
2026-09-27T08:46:08.8926310Z   ~ EDGE-BLACK  pure black ground carrying reverse text — use surface/digital-black #1A1A1A  [.iconbtn.primary.is-pressed]  (knowledge/_proforma/Icon-button.reference.html)
2026-09-27T08:46:08.8927231Z   ~ EDGE-BLACK  pure black ground carrying reverse text — use surface/digital-black #1A1A1A  [.iconbtn.secondary]  (knowledge/_proforma/Icon-button.reference.html)
2026-09-27T08:46:08.8928219Z   ~ EDGE-WEIGHT  12px @ weight 400 — floor is 500 at this size  [.ib.f-tip::after]  (knowledge/_proforma/Tranche-6-interactive.html)
2026-09-27T08:46:08.8928563Z 
2026-09-27T08:46:08.8928882Z EDGE-EXTREMITY (advisory, {#col26-020}) — 18 finding(s): EDGE-BLACK ×12 · EDGE-CHROMA ×3 · EDGE-WEIGHT ×3
2026-09-27T08:46:08.8929430Z   advisory only — perceptual rule, blocking status after triage (dv-019 precedent)
2026-09-27T08:46:08.9332161Z verification edges: 4/38 SCs verified (0 failing), 34 applies_to-only
2026-09-27T08:46:08.9333175Z   ✅ 1.4.11: pass (component) [65/67 applies_to components have a bound audited token or a gated snippet contrastPair]
2026-09-27T08:46:08.9334067Z   ✅ 1.4.3: pass (component) [41/42 applies_to components have a bound audited token]
2026-09-27T08:46:08.9334578Z   ✅ 2.3.3: pass (component)
2026-09-27T08:46:08.9334991Z   ✅ 2.5.8: pass (component)
2026-09-27T08:46:08.9893243Z external-automatable-refs: 18/38 SCs have axe-core coverage (16 easy-win, 2 already wired, 20 uncovered)
2026-09-27T08:46:09.0793290Z consult index built: 772 records -> knowledge/_consult-index.json
2026-09-27T08:46:09.0793857Z   adr          17
2026-09-27T08:46:09.0794145Z   assertion    8
2026-09-27T08:46:09.0794438Z   defect       54
2026-09-27T08:46:09.0794722Z   gate         51
2026-09-27T08:46:09.0794992Z   open-item    105
2026-09-27T08:46:09.0795238Z   rule         474
2026-09-27T08:46:09.0795491Z   ruling       63
2026-09-27T08:46:09.1948992Z [OK] "amber glyph contrast white" — expected ['R-D3', 'avd-001'], missing none
2026-09-27T08:46:09.1949922Z [OK] "inline fonts portability" — expected ['T-D9'], missing none
2026-09-27T08:46:09.1951105Z [OK] "univers sandbox render" — expected ['ASSERT-002', 'ASSERT-006'], missing none
2026-09-27T08:46:09.1951528Z [OK] --fetch R-D3 returns the full record (stage 2 hit)
2026-09-27T08:46:09.1951872Z [OK] --fetch unknown id REFUSES (fail-loud)
2026-09-27T08:46:09.1952201Z [OK] edge attach: record with no mention gets no attachment
2026-09-27T08:46:09.1952565Z [OK] edge attach: injected fabricated edge appears via direct id match
2026-09-27T08:46:09.1953010Z [OK] step 3 mark: target-of-supersedes record gets the ⛔ line
2026-09-27T08:46:09.1953446Z selftest OK — all regression queries surfaced their known-answer record(s).
2026-09-27T08:46:09.2196113Z [OK] stem: 'fonts' finds the font-size record
2026-09-27T08:46:09.2196607Z [OK] miss: unrelated query returns zero buckets
2026-09-27T08:46:09.2197018Z [OK] cap bites at 3, total honest at 7
2026-09-27T08:46:09.2197401Z [OK] header quotes total when capped
2026-09-27T08:46:09.2197804Z [OK] header quotes plain count when complete
2026-09-27T08:46:09.2198196Z [OK] fetch hit returns the record
2026-09-27T08:46:09.2198525Z [OK] fetch miss REFUSES
2026-09-27T08:46:09.2198771Z [OK] fetch miss lists a near-miss
2026-09-27T08:46:09.2199115Z [OK] receipt: query→ids form passes
2026-09-27T08:46:09.2199346Z [OK] receipt: honest negative passes
2026-09-27T08:46:09.2199573Z [OK] receipt: bare none REFUSED
2026-09-27T08:46:09.2199935Z [OK] receipt: missing arrow REFUSED
2026-09-27T08:46:09.2200169Z [OK] receipt: empty ids REFUSED
2026-09-27T08:46:09.2200395Z [OK] empty/missing index REFUSES
2026-09-27T08:46:09.2200667Z [OK] builder name is DERIVED from the index name (memento door)
2026-09-27T08:46:09.2200998Z [OK] builder name is DERIVED from the index name (consult door)
2026-09-27T08:46:09.2201298Z [OK] missing index names the builder BESIDE it
2026-09-27T08:46:09.2201590Z [OK] the named builder is the DERIVED one, not a fallback
2026-09-27T08:46:09.2201922Z [OK] no builder on disk ⇒ names NO command
2026-09-27T08:46:09.2202205Z [OK] no builder on disk ⇒ still REFUSES
2026-09-27T08:46:09.2202606Z selftest OK — engine, fetch refusal, honest denominators and receipt form all bite.
2026-09-27T08:46:09.5058610Z ⚠ DUPLICATE HEADING: gm-archive:2b-wave-1-rulings-1-7-unchanged-rule-with-the-above at _GM-ARCHIVE.md:5564 and _GM-ARCHIVE.md:6644
2026-09-27T08:46:09.5060212Z ⚠ DUPLICATE HEADING: gm-archive:3-the-standing-eyeball-set-non-blocking-your-foundations-fir at _GM-ARCHIVE.md:5586 and _GM-ARCHIVE.md:6667
2026-09-27T08:46:09.5061218Z ⚠ DUPLICATE HEADING: gm-archive:4b-queued-button-states-finesse-pass-dave-2026-07-22-not-now at _GM-ARCHIVE.md:5548 and _GM-ARCHIVE.md:6741
2026-09-27T08:46:09.5061998Z ⚠ DUPLICATE HEADING: gm-archive:5-parked-unchanged at _GM-ARCHIVE.md:5559 and _GM-ARCHIVE.md:6752
2026-09-27T08:46:09.5063112Z ⚠ DUPLICATE HEADING: ls-archive:prior-delta-2026-07-26-sun-evening-opus-solo-self-conducting at _LIVE-STATE-ARCHIVE.md:5425 and _LIVE-STATE-ARCHIVE.md:5440
2026-09-27T08:46:09.5064043Z ⚠ DUPLICATE HEADING: component:icon-button at knowledge/_proforma/icon-button.meta.json:1 and knowledge/components/icon-button.meta.json:1
2026-09-27T08:46:10.0961111Z memento index: 2333 records → knowledge/_memento-index.json (brief:206, carries-section:81, component-meta:139, context-node:222, dream:14, gauge-block:285, gm-archive-section:273, gm-section:20, lane:4, ledger-section:86, ls-archive-section:555, ls-section:11, pattern-node:380, runbook-section:57)
2026-09-27T08:46:10.3926421Z ⚠ DUPLICATE HEADING: gm-archive:2b-wave-1-rulings-1-7-unchanged-rule-with-the-above at _GM-ARCHIVE.md:5564 and _GM-ARCHIVE.md:6644
2026-09-27T08:46:10.3927607Z ⚠ DUPLICATE HEADING: gm-archive:3-the-standing-eyeball-set-non-blocking-your-foundations-fir at _GM-ARCHIVE.md:5586 and _GM-ARCHIVE.md:6667
2026-09-27T08:46:10.3928579Z ⚠ DUPLICATE HEADING: gm-archive:4b-queued-button-states-finesse-pass-dave-2026-07-22-not-now at _GM-ARCHIVE.md:5548 and _GM-ARCHIVE.md:6741
2026-09-27T08:46:10.3929278Z ⚠ DUPLICATE HEADING: gm-archive:5-parked-unchanged at _GM-ARCHIVE.md:5559 and _GM-ARCHIVE.md:6752
2026-09-27T08:46:10.3930566Z ⚠ DUPLICATE HEADING: ls-archive:prior-delta-2026-07-26-sun-evening-opus-solo-self-conducting at _LIVE-STATE-ARCHIVE.md:5425 and _LIVE-STATE-ARCHIVE.md:5440
2026-09-27T08:46:10.3932573Z ⚠ DUPLICATE HEADING: component:icon-button at knowledge/_proforma/icon-button.meta.json:1 and knowledge/components/icon-button.meta.json:1
2026-09-27T08:46:10.8902165Z memento index --check: current (2333 records)
2026-09-27T08:46:11.1881273Z ⚠ DUPLICATE HEADING: gm-archive:2b-wave-1-rulings-1-7-unchanged-rule-with-the-above at _GM-ARCHIVE.md:5564 and _GM-ARCHIVE.md:6644
2026-09-27T08:46:11.1882741Z ⚠ DUPLICATE HEADING: gm-archive:3-the-standing-eyeball-set-non-blocking-your-foundations-fir at _GM-ARCHIVE.md:5586 and _GM-ARCHIVE.md:6667
2026-09-27T08:46:11.1884163Z ⚠ DUPLICATE HEADING: gm-archive:4b-queued-button-states-finesse-pass-dave-2026-07-22-not-now at _GM-ARCHIVE.md:5548 and _GM-ARCHIVE.md:6741
2026-09-27T08:46:11.1885329Z ⚠ DUPLICATE HEADING: gm-archive:5-parked-unchanged at _GM-ARCHIVE.md:5559 and _GM-ARCHIVE.md:6752
2026-09-27T08:46:11.1886647Z ⚠ DUPLICATE HEADING: ls-archive:prior-delta-2026-07-26-sun-evening-opus-solo-self-conducting at _LIVE-STATE-ARCHIVE.md:5425 and _LIVE-STATE-ARCHIVE.md:5440
2026-09-27T08:46:11.1888100Z ⚠ DUPLICATE HEADING: component:icon-button at knowledge/_proforma/icon-button.meta.json:1 and knowledge/components/icon-button.meta.json:1
2026-09-27T08:46:11.4137826Z ⚠ DUPLICATE HEADING: gm-archive:2b-wave-1-rulings-1-7-unchanged-rule-with-the-above at _GM-ARCHIVE.md:5564 and _GM-ARCHIVE.md:6644
2026-09-27T08:46:11.4139291Z ⚠ DUPLICATE HEADING: gm-archive:3-the-standing-eyeball-set-non-blocking-your-foundations-fir at _GM-ARCHIVE.md:5586 and _GM-ARCHIVE.md:6667
2026-09-27T08:46:11.4140917Z ⚠ DUPLICATE HEADING: gm-archive:4b-queued-button-states-finesse-pass-dave-2026-07-22-not-now at _GM-ARCHIVE.md:5548 and _GM-ARCHIVE.md:6741
2026-09-27T08:46:11.4142077Z ⚠ DUPLICATE HEADING: gm-archive:5-parked-unchanged at _GM-ARCHIVE.md:5559 and _GM-ARCHIVE.md:6752
2026-09-27T08:46:11.4143381Z ⚠ DUPLICATE HEADING: ls-archive:prior-delta-2026-07-26-sun-evening-opus-solo-self-conducting at _LIVE-STATE-ARCHIVE.md:5425 and _LIVE-STATE-ARCHIVE.md:5440
2026-09-27T08:46:11.4145301Z ⚠ DUPLICATE HEADING: component:icon-button at knowledge/_proforma/icon-button.meta.json:1 and knowledge/components/icon-button.meta.json:1
2026-09-27T08:46:12.2689971Z [OK] gauge: malformed `#### ` REFUSES
2026-09-27T08:46:12.2690682Z [OK] gauge: zero blocks REFUSES
2026-09-27T08:46:12.2691505Z [OK] gauge: META block ACCEPTED — no refusal
2026-09-27T08:46:12.2691955Z [OK] gauge: META block INDEXED under gauge:meta:*
2026-09-27T08:46:12.2692426Z [OK] gauge: META terminates the session body above it
2026-09-27T08:46:12.2692841Z [OK] gauge: near-miss META spelling STILL REFUSES
2026-09-27T08:46:12.2693266Z [OK] gauge: META-only file REFUSES (no sessions)
2026-09-27T08:46:12.2693841Z [OK] archive: open split — moved `## ` headings become records, no refusal
2026-09-27T08:46:12.2694316Z [OK] missing declared source REFUSES
2026-09-27T08:46:12.2694696Z [OK] collision suffixing deterministic
2026-09-27T08:46:12.2695159Z [OK] collision DECLARES one warning per extra copy
2026-09-27T08:46:12.2695614Z [OK] collision warning names the id and BOTH sites
2026-09-27T08:46:12.2696137Z [OK] no collision ⇒ SILENT (a warner that always fires says nothing)
2026-09-27T08:46:12.2696593Z [OK] collision warning carries file:line for both copies
2026-09-27T08:46:12.2696956Z [OK] slug stable
2026-09-27T08:46:12.2697219Z [OK] real corpus builds clean
2026-09-27T08:46:12.2697656Z [OK] §A: every registered subsection is its own record
2026-09-27T08:46:12.2698224Z [OK] §A: `gm:A` still resolves — no dangling id (retrieval regression guard)
2026-09-27T08:46:12.2698885Z [OK] §A: `gm:A` is a ROUTER, not the payload — it names its children and is small
2026-09-27T08:46:12.2699564Z [OK] §A: the LARGEST child is a fraction of the old whole (2945 B vs 15,817 B)
2026-09-27T08:46:12.2700646Z [OK] §A: children carry honest file:line provenance, ascending through the file
2026-09-27T08:46:12.2701998Z [OK] §A: unregistered subsection REFUSES the build (never indexes around a hole)
2026-09-27T08:46:12.2702528Z [OK] determinism: two builds render identically
2026-09-27T08:46:12.2702924Z [OK] real corpus: every source class present
2026-09-27T08:46:12.2703512Z selftest OK — closed contracts refuse, open contracts split, build deterministic.
2026-09-27T08:46:13.0537135Z [OK] "band table amber threshold remaining budget" — expected ['runbook:context-gauge:the-floor-is-measured-never-assumed-gm-d9'], missing none
2026-09-27T08:46:13.0538743Z [OK] "lane routing check blocking records" — expected ['lane:lane-1-memento'], missing none
2026-09-27T08:46:13.0540230Z [OK] "retirement receipts proxy promoted blocking" — expected ['ledger:23-section-usage-instrumentation-enacted-lane-1-step-2-2026'], missing none
2026-09-27T08:46:13.0541502Z [OK] "dream pass weekly sunday unattended fire" — expected ['lane:lane-dream-pass'], missing none
2026-09-27T08:46:13.0542412Z [OK] --fetch lane:lane-1-memento returns the record verbatim
2026-09-27T08:46:13.0543200Z [OK] --fetch unknown id REFUSES with near-misses
2026-09-27T08:46:13.0543925Z [OK] edge attach: record with no mention gets no attachment
2026-09-27T08:46:13.0544798Z [OK] edge attach: injected fabricated edge appears for a mentioning record
2026-09-27T08:46:13.0545911Z [OK] step 3 mark: target-of-supersedes record gets the ⛔ line
2026-09-27T08:46:13.0546578Z [OK] step 3 mark: non-mentioning record gets no mark
2026-09-27T08:46:13.0547450Z selftest OK — the memento corpus answers its known questions, and fetch refuses the unknown.
2026-09-27T08:46:16.5982406Z graph mention map: 102 of 102 node(s) mentioned, 1959 record hit(s) total -> _graph-mention-map.json
2026-09-27T08:46:20.1900206Z graph mention map --check: current (102 of 102 node(s) mentioned)
2026-09-27T08:46:20.2179359Z [OK] synthetic hit: ADR-0005 mentioned in gm:X is found
2026-09-27T08:46:20.2179999Z [OK] synthetic miss: unmentioned node id has no key
2026-09-27T08:46:20.2180445Z [OK] case-insensitive match
2026-09-27T08:46:20.2180841Z [OK] missing graph input REFUSES
2026-09-27T08:46:20.2181223Z [OK] missing memento index input REFUSES
2026-09-27T08:46:20.2181820Z [OK] empty memento index REFUSES
2026-09-27T08:46:20.2182416Z selftest OK — hit, miss, case-insensitivity and both input refusals all bite.
2026-09-27T08:46:20.8283845Z   ✅ _CHAIN.md: 7,688 tiktoken cl100k_base · GM header+LATEST 5043 tk · LS LATEST delta only (of 36 delta lines) 1798 tk · FILE 7,688 tiktoken cl100k_base = slice 6,841 + wrapper 847 · fixed point in 2 pass(es)
2026-09-27T08:46:21.4532121Z   ✅ _CHAIN.md is FRESH — byte-matches the live chain · GM header+LATEST 5043 tk · LS LATEST delta only (of 36 delta lines) 1798 tk · FILE 7,688 tiktoken cl100k_base = slice 6,841 + wrapper 847 · fixed point in 2 pass(es)
2026-09-27T08:46:29.1023972Z     ✓ generates against the live repo (no refusal on a healthy tree)
2026-09-27T08:46:29.1025044Z     ✓ carries the GM header+LATEST term VERBATIM (not a summary of it)
2026-09-27T08:46:29.1025946Z     ✓ carries the LS ⏱ LATEST delta VERBATIM
2026-09-27T08:46:29.1027450Z     ✓ is materially smaller than GOOD-MORNING.md (7,688 vs 34,136 tape (cl100k ESTIMATE), 22.5% of it, floor <40%; tier measured, not assumed: tiktoken cl100k_base)
2026-09-27T08:46:29.1029607Z     ✓ BOTH SIDES OF THE RATIO ARE ON ONE MEASURER — chain `tiktoken cl100k_base` vs GOOD-MORNING `tiktoken cl100k_base`, so the percentage above has a unit
2026-09-27T08:46:29.1031299Z     ✓ STAMP IS EXACT — the published figure equals this file's own measured size
2026-09-27T08:46:29.1032396Z     ✓ published figure is the FILE, not the slice — the two differ and the file is bigger
2026-09-27T08:46:29.1033428Z     ✓ footer NAMES THE UNIT — a bare token count is a defect (ds-021)
2026-09-27T08:46:29.1034283Z     ✓ says GENERATED / DO-NOT-HAND-EDIT at the very top (line 1)
2026-09-27T08:46:29.1034788Z     ✓ tells the reader NOT to open GOOD-MORNING.md to check
2026-09-27T08:46:29.1035245Z     ✓ names retrieval as the door for everything else
2026-09-27T08:46:29.1036094Z     ✓ the {{BUILD_VERDICT}} marker NEVER leaks into the chain unrendered
2026-09-27T08:46:29.1036687Z     ✓ BUILD-STEP FIGURE IS RE-DERIVED AND MATCHES DISK (152 steps, measured now)
2026-09-27T08:46:29.1037356Z     ✓ the plant planted — a verdict figure was moved off disk (else the next bite is vacuous)
2026-09-27T08:46:29.1038006Z     ✓ a WRONG verdict figure is CAUGHT even with the true count elsewhere in the file
2026-09-27T08:46:29.1038514Z     ✓ step labels are 1:1 with rows (no duplicates)
2026-09-27T08:46:29.1038971Z     ✓ with NO run record the line says the green count is NOT DERIVABLE
2026-09-27T08:46:29.1039526Z     ✓ …and it names the remedy instead of a number (`_build_survey.py`)
2026-09-27T08:46:29.1040323Z     ✓ …and it re-stamps NOTHING — the old pinned 75-of-N form cannot reappear
2026-09-27T08:46:29.1040903Z     ✓ …and it names BOTH rulings, so the next session cannot 'helpfully' type it
2026-09-27T08:46:29.1041473Z     ✓ with a record the GREEN COUNT IS THE RUN'S, not len(STEPS) at a pinned sha
2026-09-27T08:46:29.1042049Z     ✓ a run of the SAME-sized build declares no size difference (no false alarm)
2026-09-27T08:46:29.1042616Z     ✓ a run of a SMALLER build: the total is STILL disk's, never the run's
2026-09-27T08:46:29.1043136Z     ✓ …and the size difference is DECLARED, naming both counts
2026-09-27T08:46:29.1043672Z     ✓ …and the steps the run never saw are counted in NO record, never green
2026-09-27T08:46:29.1044263Z     ✓ a run of a LARGER build: total is disk's and the vanished steps are DECLARED
2026-09-27T08:46:29.1044897Z     ✓ the run's sha and date are published beside it (an unattributed verdict is not a verdict)
2026-09-27T08:46:29.1045525Z     ✓ a stale record DECLARES itself against HEAD rather than passing as current
2026-09-27T08:46:29.1046072Z     ✓ steps in NO record are called out — never asked is never green
2026-09-27T08:46:29.1046643Z     ✓ the #62 clause SURVIVES as its own fact, generated from its own AST
2026-09-27T08:46:29.1047210Z     ✓ an absent STEPS assignment REFUSES BY NAME (never returns a count)
2026-09-27T08:46:29.1047762Z     ✓ a NON-LITERAL STEPS refuses rather than counting something else
2026-09-27T08:46:29.1048661Z     ✓ TITLE BLOCK IS FIRST — above the verbatim GM slice (position was the defect)
2026-09-27T08:46:29.1049211Z     ✓ DETERMINISTIC — two builds of an unchanged tree are byte-identical
2026-09-27T08:46:29.1050442Z   ✅ _CHAIN.md: 7,629 tiktoken cl100k_base · GM header+LATEST 4984 tk · LS LATEST delta only (of 36 delta lines) 1798 tk · FILE 7,629 tiktoken cl100k_base = slice 6,782 + wrapper 847 · fixed point in 2 pass(es)
2026-09-27T08:46:29.1051859Z   ✅ _CHAIN.md is FRESH — byte-matches the live chain · GM header+LATEST 4984 tk · LS LATEST delta only (of 36 delta lines) 1798 tk · FILE 7,629 tiktoken cl100k_base = slice 6,782 + wrapper 847 · fixed point in 2 pass(es)
2026-09-27T08:46:29.1052760Z     ✓ --check PASSES on a freshly generated file
2026-09-27T08:46:29.1053753Z   ✅ _CHAIN.md: 7,750 tiktoken cl100k_base · GM header+LATEST 5105 tk · LS LATEST delta only (of 36 delta lines) 1798 tk · FILE 7,750 tiktoken cl100k_base = slice 6,903 + wrapper 847 · fixed point in 2 pass(es)
2026-09-27T08:46:29.1054882Z     ✓ the fixture really was generated at another sha (a plant that did not plant would make every bite below vacuous)
2026-09-27T08:46:29.1055831Z     ✓ the fixture DIFFERS from a fresh render — i.e. the old byte comparison WOULD have called this stale, which is the defect being fixed
2026-09-27T08:46:29.1056836Z     ✓ --check is GREEN on a HEAD-ONLY advance — the chain's own content still matches GOOD-MORNING.md / _LIVE-STATE.md
2026-09-27T08:46:29.1057786Z     ✓ and it SAYS SO, naming BOTH shas — the honest comparison stays visible rather than being normalised into silence
2026-09-27T08:46:29.1058849Z     ✓ a HEAD-only advance is NEVER called FRESH without the qualifier (a bare FRESH would claim the file matches a fresh render, which it does not)
2026-09-27T08:46:29.1060282Z     ✓ REAL content staleness is STILL RED even when HEAD has also advanced — the re-ask does not launder drift
2026-09-27T08:46:29.1061060Z     ✓ and it is called STALE, not could-not-ask — real drift is a content verdict
2026-09-27T08:46:29.1061696Z     ✓ a PRE-SET head pin makes --check REFUSE (could-not-ask), never pass
2026-09-27T08:46:29.1062422Z     ✓ the environment refusal does NOT call it STALE either — it is a measurement refusal, not a content verdict
2026-09-27T08:46:29.1063670Z   ✅ _CHAIN.md: 7,750 tiktoken cl100k_base · GM header+LATEST 5105 tk · LS LATEST delta only (of 36 delta lines) 1798 tk · FILE 7,750 tiktoken cl100k_base = slice 6,903 + wrapper 847 · fixed point in 2 pass(es)
2026-09-27T08:46:29.1065250Z   ✅ _CHAIN.md is FRESH — byte-matches the live chain · GM header+LATEST 5105 tk · LS LATEST delta only (of 36 delta lines) 1798 tk · FILE 7,750 tiktoken cl100k_base = slice 6,903 + wrapper 847 · fixed point in 2 pass(es)
2026-09-27T08:46:29.1066433Z     ✓ tree restored — the SAME fresh tree reports FRESH again, unharmed by the arms above
2026-09-27T08:46:29.1067250Z     ✓ --check on a degraded instrument still exits non-zero (refuses, not a silent pass)
2026-09-27T08:46:29.1068477Z     ✓ --check's message does NOT call it STALE — that misnames a measurement problem as a content problem (the #58 defect, reproduced here)
2026-09-27T08:46:29.1069654Z     ✓ --check's message names the DEGRADED INSTRUMENT so the cause is legible
2026-09-27T08:46:29.1071574Z   ✅ _CHAIN.md is FRESH — byte-matches the live chain · GM header+LATEST 5105 tk · LS LATEST delta only (of 36 delta lines) 1798 tk · FILE 7,750 tiktoken cl100k_base = slice 6,903 + wrapper 847 · fixed point in 2 pass(es)
2026-09-27T08:46:29.1073117Z     ✓ instrument restored — the SAME fresh tree reports FRESH again, unharmed
2026-09-27T08:46:29.1074367Z     ✓ the freshly written chain carries a READABLE unit stamp (the clause has something to compare — an unreadable stamp would make the arm below vacuous)
2026-09-27T08:46:29.1075929Z     ✓ the stamp mutation actually changed the file (a plant that did not plant would make every bite below an assertion)
2026-09-27T08:46:29.1076990Z     ✓ stamped_tier() reads the MUTATED stamp back as the other tier
2026-09-27T08:46:29.1078085Z     ✓ --check on a tier divergence exits non-zero (refuses, never a silent pass)
2026-09-27T08:46:29.1078751Z     ✓ --check exits the COULD-NOT-ASK code (77), not the failure code
2026-09-27T08:46:29.1079255Z     ✓ --check calls it COULD-NOT-ASK
2026-09-27T08:46:29.1079948Z     ✓ the refusal's first marked line is machine-readable by `cna.reason_in`
2026-09-27T08:46:29.1081355Z     ✓ --check does NOT call it STALE — a tier divergence is a measurement problem and naming it staleness is the #173 defect, reproduced here
2026-09-27T08:46:29.1082844Z     ✓ the refusal NAMES BOTH TIERS, so a reader can see which two instruments disagreed rather than being handed a shrug
2026-09-27T08:46:29.1083659Z     ✓ --check on an UNREADABLE stamp refuses with the convention's code
2026-09-27T08:46:29.1084247Z     ✓ --check calls an unreadable stamp COULD-NOT-ASK, not STALE
2026-09-27T08:46:29.1085509Z   ✅ _CHAIN.md is FRESH — byte-matches the live chain · GM header+LATEST 5105 tk · LS LATEST delta only (of 36 delta lines) 1798 tk · FILE 7,750 tiktoken cl100k_base = slice 6,903 + wrapper 847 · fixed point in 2 pass(es)
2026-09-27T08:46:29.1086837Z     ✓ stamp restored — the SAME tree reports FRESH again, so the clause does not false-fire on an agreeing stamp
2026-09-27T08:46:29.1088320Z   ✗ _CHAIN.md is STALE — it does not match GOOD-MORNING.md / _LIVE-STATE.md as they now stand, so a cold session would read a PREVIOUS session's record as if it were current. Run `python3 knowledge/_gen_chain.py` and stage the result.
2026-09-27T08:46:29.1089560Z     ✓ --check FAILS on a hand-edited file (the stale-record class)
2026-09-27T08:46:29.1090699Z     ✓ and that failure is a FAILURE, not a refusal — a real staleness on the reachable tier still exits 1, so the COULD-NOT-ASK path did not swallow the gate
2026-09-27T08:46:29.1091909Z   ✗ _CHAIN.md is MISSING — run `python3 knowledge/_gen_chain.py` and stage it
2026-09-27T08:46:29.1092581Z     ✓ --check FAILS when the file is missing entirely
2026-09-27T08:46:29.1093224Z     ✓ REFUSES a STALE title (title #N == ★ LATEST #N, the skipped-mint state)
2026-09-27T08:46:29.1093991Z     ✓ REFUSES (with a reason) when GM has no ★ LATEST banner — no cheerful blank
2026-09-27T08:46:29.1094621Z   ✅ _gen_chain selftest: all bites pass
2026-09-27T08:46:29.3706973Z ✅ CORPUS: stamped 91,606 · measured 92,780 tape · drift 1.27% (tolerance 10%, `_capture_gate.SIZE_TOLERANCE`)
2026-09-27T08:46:29.3707993Z ✅     GM: stamped 33,667 · measured 34,136 tape · drift 1.37% (tolerance 10%, `_capture_gate.SIZE_TOLERANCE`)
2026-09-27T08:46:29.3708781Z ✅     LS: stamped 57,939 · measured 58,644 tape · drift 1.20% (tolerance 10%, `_capture_gate.SIZE_TOLERANCE`)
2026-09-27T08:46:29.5998494Z _gen_size_stamp selftest: 23 bites, all GREEN
2026-09-27T08:46:33.2953603Z   ✅ reviews/MEMENTO-SCHEMATIC-2026-08-07-v2.html: 30,550 bytes · 0 declared gap(s) rendered
2026-09-27T08:46:36.9529940Z   ✅ reviews/MEMENTO-SCHEMATIC-2026-08-07-v2.html is FRESH — byte-matches a render against the live tree
2026-09-27T08:46:53.5091453Z     ✓ renders against the live repo without refusing wholesale
2026-09-27T08:46:53.5092396Z     ✓ two consecutive renders are byte-identical (determinism)
2026-09-27T08:46:53.5093227Z     ✓ no unexpected date-shaped string in the output (found [])
2026-09-27T08:46:53.5094049Z     ✓ step count agrees with _gen_chain._steps_in (152 vs 152)
2026-09-27T08:46:53.5094819Z     ✓ no step RENDERED on the page carries an UNROUTED badge
2026-09-27T08:46:53.5095820Z     ✓ and the STEPS ↔ ROUTE_ROWS join is TOTAL over all 152 steps, rendered or not (0 unrouted)
2026-09-27T08:46:53.5096881Z     ✓ rechecks_for finds real steps for a wired script (_gen_chain.py)
2026-09-27T08:46:53.5097875Z     ✓ rechecks_for returns EMPTY for a script with no step (the red arm can fire)
2026-09-27T08:46:53.5098586Z   ✅ /tmp/tmpenuvzp2g/out.html is FRESH — byte-matches a render against the live tree
2026-09-27T08:46:53.5099187Z     ✓ check() PASSES on a faithful copy
2026-09-27T08:46:53.5100555Z   ✗ /tmp/tmpenuvzp2g/out.html is STALE — a figure in it no longer matches disk, so the page is asserting something that has gone false. Regenerate and stage it.
2026-09-27T08:46:53.5101753Z       --- committed
2026-09-27T08:46:53.5101983Z       +++ fresh
2026-09-27T08:46:53.5102232Z       @@ -277 +277 @@
2026-09-27T08:46:53.5102507Z       -<p>27 blocking validators</p></body>
2026-09-27T08:46:53.5102814Z       +</body>
2026-09-27T08:46:53.5103190Z     ✓ check() FAILS on a hand-patched copy (mutation)
2026-09-27T08:46:53.5103868Z     ✓ and that failure is a FAILURE, not a refusal — the tier clause does not swallow a real staleness on the reachable tier
2026-09-27T08:46:53.5104768Z     ✓ the unit-word mutation actually changed the file (a plant that did not plant would make the arms below assertions)
2026-09-27T08:46:53.5105481Z     ✓ stamped_tiers() reads the MUTATED page back as the other tier
2026-09-27T08:46:53.5106093Z     ✓ check() REFUSES (exit 77) when the committed page's unit is unreachable here
2026-09-27T08:46:53.5106933Z     ✓ and it does NOT call it STALE — a tier divergence is a measurement problem, and naming it staleness is the #173 defect reproduced
2026-09-27T08:46:53.5107720Z     ✓ the refusal NAMES BOTH instruments, so a reader can see which two disagreed
2026-09-27T08:46:53.5108366Z   ✗ /tmp/tmpenuvzp2g/out.html is MISSING — run `python3 knowledge/_gen_schematic.py`
2026-09-27T08:46:53.5108888Z     ✓ check() FAILS when the artefact is missing
2026-09-27T08:46:53.5109395Z     ✓ a missing store never raises — every fact is a str or an Unmeasured
2026-09-27T08:46:53.5110102Z     ✓ file-backed facts flip to Unmeasured on an empty tree (6 of 7)
2026-09-27T08:46:53.5110684Z     ✓ every refusal NAMES its cause (exception type + message, not a bare 'error')
2026-09-27T08:46:53.5111361Z     ✓ the ONLY fact that survives an empty tree is the code constant (['the inherited debt'])
2026-09-27T08:46:53.5112292Z     ✓ and it returns the SAME value in both trees (it is not repo-derived)
2026-09-27T08:46:53.5112843Z     ✓ an Unmeasured renders as a visible ⛔ cell, never as a number
2026-09-27T08:46:53.5113386Z     ✓ every map caption fits its box at CAP_CHARS=32 (worst: (32, 'marks'))
2026-09-27T08:46:53.5114006Z     ✓ every box label declares the inside edge of its own box (16 labels, 16 attributes)
2026-09-27T08:46:53.5114723Z     ✓ the page reports its OWN re-check status (red while unwired, computed either way)
2026-09-27T08:46:53.5115423Z     ✓ the figure tally names its own scope (it excludes this panel, and says so)
2026-09-27T08:46:53.5115965Z   ✅ _gen_schematic selftest: all bites pass
2026-09-27T08:46:54.1411015Z 
2026-09-27T08:46:54.1412226Z PARKED DUE — 4 parked item(s) are due at memento-cut — python3 knowledge/_parked.py --due memento-cut
2026-09-27T08:46:54.1412725Z memento-package delta-audit: 4 failure(s)
2026-09-27T08:46:54.1413631Z   ✗ VERBATIM SET: memento-package/machinery/_gen_chain.py DIFFERS from knowledge/_gen_chain.py (copy=machinery/ file=_gen_chain.py) — 367 line(s) differ (sha256 42e4887e89ba vs source 5fa12d24bbd2)
2026-09-27T08:46:54.1414827Z   ✗ VERBATIM SET: memento-package/claude-plugin/memento/machinery/_gen_chain.py DIFFERS from knowledge/_gen_chain.py (copy=claude-plugin copy file=_gen_chain.py) — 367 line(s) differ (sha256 42e4887e89ba vs source 5fa12d24bbd2)
2026-09-27T08:46:54.1417024Z   ✗ SHIM BODIES: a DECLARED-DIFFERENCE rule no longer applies for 'measure_tokens' — THE ONE DECLARED OPTIONAL IMPORT (the shim's `measure_tokens` docstring: "the real tier is reached through `_real_gauge()` (optional import) rather than a hard module-level `import _gauge_tokens`, because that module is deliberately not shipped here") — its source text was expected 1x, found 0x. The allowance is stale, so this gate refuses to compare on a rewrite it cannot perform (quoted source text: "try:\n            (n, how) = gauge.count(text)\n            if how == 'real':\n                _TIERS_S").
2026-09-27T08:46:54.1420120Z   ✗ SHIM BODIES: a DECLARED-DIFFERENCE rule no longer applies for 'measure_tokens' — THE ONE DECLARED OPTIONAL IMPORT (the shim's `measure_tokens` docstring: "the real tier is reached through `_real_gauge()` (optional import) rather than a hard module-level `import _gauge_tokens`, because that module is deliberately not shipped here") — its source text was expected 1x, found 0x. The allowance is stale, so this gate refuses to compare on a rewrite it cannot perform (quoted source text: "try:\n            (n, how) = gauge.count(text)\n            if how == 'real':\n                _TIERS_S").
2026-09-27T08:46:54.1421825Z 
2026-09-27T08:46:54.1422338Z ❌ memento-package delta-audit FAILED — 4 finding(s) above. See memento-package/_PACKAGE-SPEC.md:13-14 (Dave's #64 boundary ruling: copies only, every copy delta-audited).
2026-09-27T08:46:56.5972670Z     ✗ real repo: clean (0 findings; got 4: ['VERBATIM SET: memento-package/machinery/_gen_chain.py DIFFERS from knowledge/_gen_chain.py (copy=machinery/ file=_gen_chain.py) — 367 line(s) differ (sha256 42e4887e89ba vs source 5fa12d24bbd2)', 'VERBATIM SET: memento-package/claude-plugin/memento/machinery/_gen_chain.py DIFFERS from knowledge/_gen_chain.py (copy=claude-plugin copy file=_gen_chain.py) — 367 line(s) differ (sha256 42e4887e89ba vs source 5fa12d24bbd2)'])
2026-09-27T08:46:56.5974916Z     ✓ ARM1 mutation: doctored machinery/_gen_chain.py is caught, names the file + copy + a line count
2026-09-27T08:46:56.5976147Z       quoted: VERBATIM SET: memento-package/machinery/_gen_chain.py DIFFERS from knowledge/_gen_chain.py (copy=machinery/ file=_gen_chain.py) — 369 line(s) differ (sha256 bd617d917574 vs source 5fa12d24bbd2)
2026-09-27T08:46:56.5977175Z     ✓ ARM1 mutation: a MISSING verbatim file (not just a diff) is caught and named
2026-09-27T08:46:56.5977972Z     ✓ ARM3 mutation: copies diverge on a non-verbatim-set file (the manifest) — caught, names the file and 'DIFFERS between'
2026-09-27T08:46:56.5979587Z       quoted: CROSS-COPY: _MACHINERY-MANIFEST.md DIFFERS between memento-package/machinery/ and memento-package/claude-plugin/memento/machinery/ — 2 line(s) differ
2026-09-27T08:46:56.5981078Z     ✓ ARM3 mutation: a known file missing from BOTH copies (pairwise-invisible) is still caught by the completeness sub-check
2026-09-27T08:46:56.5981930Z       quoted: CROSS-COPY: both copies are missing known file(s): ['_consult-lexicon.json']
2026-09-27T08:46:56.5982639Z     ✓ ARM4 mutation: a rogue file is caught, named with its exact path
2026-09-27T08:46:56.5983945Z     ✓ ARM4 control: __pycache__ present in the SAME fixture is excluded BY NAME and never itself reported (proves the exclusion is narrow, not a silent blanket ignore)
2026-09-27T08:46:56.5986122Z       quoted: UNKNOWN FILE: memento-package/machinery/_ROGUE.py (machinery/) is not on the known-files list ['_MACHINERY-MANIFEST.md', '_capture_gate.py', '_consult-lexicon.json', '_gen_chain.py', '_graph_edges.py', '_memento_search.py', '_search_core.py'] — fail loud rather than silently ignored (scope-blindness rule)
2026-09-27T08:46:56.5988144Z     ✓ ARM2(a) mutation: measure_tokens body changed since port commit 91d7528 — caught, names the function and 'CHANGED since the port'
2026-09-27T08:46:56.5990209Z       quoted: SHIM PROVENANCE chain(a): 'measure_tokens' in knowledge/_capture_gate.py has CHANGED since the port commit ba2c9f5 — 1 line(s) differ. memento-package/machinery/_capture_gate.py may now be stale against its declared source; re-review and re-port, or update the docstring.
2026-09-27T08:46:56.5991965Z     ✓ ARM2(b) mutation: measurement_degraded deleted from current source — caught, names the function and 'GONE from current'
2026-09-27T08:46:56.5993551Z       quoted: SHIM PROVENANCE chain(a): 'measurement_degraded' is GONE from current knowledge/_capture_gate.py (present at the port commit ba2c9f5) — the shim's ported source no longer exists to compare against
2026-09-27T08:46:56.5995162Z     ✓ ARM2(c) mutation: GM_VOCAB changed since port commit ace3ed3 — caught, names GM_VOCAB and 'CHANGED since the port'
2026-09-27T08:46:56.5997158Z       quoted: SHIM PROVENANCE chain(b): 'GM_VOCAB' in knowledge/_gm_usage.py has CHANGED since the port commit ace3ed3 — 1 line(s) differ. memento-package/machinery/_capture_gate.py may now be stale against its declared source; re-review and re-port, or update the docstring.
2026-09-27T08:46:56.5999019Z     ✓ ARM2(d) mutation: shim docstring's claimed commit no longer matches the gate's expectation — caught, names both hashes
2026-09-27T08:46:56.6000741Z       quoted: SHIM PROVENANCE: memento-package/machinery/_capture_gate.py's docstring now claims it was ported from knowledge/_capture_gate.py @ deadbee, but this gate is built against ba2c9f5 — the shim was re-ported and the gate was not updated to match.
2026-09-27T08:46:56.6002394Z     ✗ ARM2(e) mutation: BOTH packed shim copies edited IDENTICALLY (invisible to the cross-copy arm) — caught, names the drifted body and both copies
2026-09-27T08:46:56.6003760Z     ✓ ARM2(e) control: the same fixture's CROSS-COPY arm stays silent, proving arm 2b is what saw it (the copies really are still identical to each other)
2026-09-27T08:46:56.6005253Z       quoted: SHIM BODIES: a DECLARED-DIFFERENCE rule no longer applies for 'measure_tokens' — THE ONE DECLARED OPTIONAL IMPORT (the shim's `measure_tokens` docstring: "the real tier is reached 
2026-09-27T08:46:56.6006825Z     ✗ ARM2(f) mutation: an edit INSIDE the one declared-difference region still FAILS — the allowance tolerates its exact quoted text and nothing adjacent to it
2026-09-27T08:46:56.6008345Z     ✓ ARM2(g) mutation: a DECLARED-DIFFERENCE rule that no longer matches fails LOUD and named, rather than widening into a silent pass
2026-09-27T08:46:56.6009938Z       quoted: SHIM BODIES: a DECLARED-DIFFERENCE rule no longer applies for 'read_chain_tk' — selftest: a rule whose source text does not exist — its source text was expected 1x, found 0x. The a
2026-09-27T08:46:56.6011525Z     ✗ ARM2(h) control: with the real table restored, the real pack is GREEN — the three declared allowances are load-bearing, and a correct pack is not red
2026-09-27T08:46:56.6012627Z   ✗ _validate_package_delta selftest: 4 bite(s) failed
2026-09-27T08:46:56.6055954Z 
2026-09-27T08:46:56.6056095Z 
2026-09-27T08:46:56.6056997Z === [75/152] type-composites ratchet — tier (b), debt 1101 shrink-only (Dave #119) — _validate_type_composites.py ===
2026-09-27T08:46:56.6057563Z 
2026-09-27T08:46:56.6057843Z === [76/152] type-composites selftest — _validate_type_composites.py ===
2026-09-27T08:46:56.6058107Z 
2026-09-27T08:46:56.6058304Z === [77/152] coverage gate — _validate_coverage.py ===
2026-09-27T08:46:56.6058506Z 
2026-09-27T08:46:56.6058729Z === [78/152] pro-forma universal gate — _validate_proforma.py ===
2026-09-27T08:46:56.6058963Z 
2026-09-27T08:46:56.6059262Z === [79/152] pro-forma CSS-governed motion gate (DEF-003) — _validate_css_governed.py ===
2026-09-27T08:46:56.6059561Z 
2026-09-27T08:46:56.6060036Z === [80/152] pro-forma no-hardcode styling gate (DEF-004) — _validate_no_hardcode.py ===
2026-09-27T08:46:56.6060486Z 
2026-09-27T08:46:56.6060697Z === [81/152] 4px-grid gate (DEF-005) — _validate_grid.py ===
2026-09-27T08:46:56.6060906Z 
2026-09-27T08:46:56.6061237Z ❌ 4px-grid gate (DEF-005) failed (exit 1) — off-grid layout value(s); see _validate_grid.py output
2026-09-27T08:46:56.6061547Z 
2026-09-27T08:46:56.6061878Z === [82/152] type-binding blast-radius gate (canon/type.css) — _validate_type_blast_radius.py ===
2026-09-27T08:46:56.6062201Z 
2026-09-27T08:46:56.6062576Z === [83/152] descender-clip gate (ds-005) — truncating labels stay descender-safe — _validate_descender_clip.py ===
2026-09-27T08:46:56.6062908Z 
2026-09-27T08:46:56.6063154Z === [84/152] KG edge parse-gate + s135-D4 resolutions-consumed check — _validate_kg.py ===
2026-09-27T08:46:56.6063415Z 
2026-09-27T08:46:56.6063587Z === [85/152] KG edge gate selftest (6 bites) — _validate_kg.py ===
2026-09-27T08:46:56.6063783Z 
2026-09-27T08:46:56.6064159Z === [86/152] KG token-group generator drift check — _token_nodes.json vs the metas (s277-D12, wired #304 W5c) — gen_kg_tokens.py ===
2026-09-27T08:46:56.6064535Z 
2026-09-27T08:46:56.6065071Z === [87/152] KG token-group generator selftest — 8 bites (s277-D12) — gen_kg_tokens.py ===
2026-09-27T08:46:56.6065326Z 
2026-09-27T08:46:56.6065653Z === [88/152] KG node-title generator drift check — _node_titles.json vs the records (#304 W5c) — gen_kg_titles.py ===
2026-09-27T08:46:56.6065968Z 
2026-09-27T08:46:56.6066205Z === [89/152] KG node-title generator selftest — 12 bites (#304 W5c) — gen_kg_titles.py ===
2026-09-27T08:46:56.6066459Z 
2026-09-27T08:46:56.6066769Z === [90/152] Token fork-ban gate — undeclared same-scope forks (s136-D1 lane, #139) — _validate_token_forks.py ===
2026-09-27T08:46:56.6067083Z 
2026-09-27T08:46:56.6067528Z ❌ token fork-ban gate failed (exit 1) — an undeclared same-scope fork of a spine token. Declare it or unify. Run: python3 knowledge/_validate_token_forks.py
2026-09-27T08:46:56.6067931Z 
2026-09-27T08:46:56.6068249Z === [91/152] Token fork-ban selftest (2-direction) — _validate_token_forks.py ===
2026-09-27T08:46:56.6068483Z 
2026-09-27T08:46:56.6068790Z === [92/152] binds shrink-only ratchet (s136-D1 axis A; built #141, wired #146) — _validate_binds_ratchet.py ===
2026-09-27T08:46:56.6069096Z 
2026-09-27T08:46:56.6069376Z === [93/152] DTCG spine conformance gate (s141-D1 axis A; built #141, wired #146) — _validate_dtcg.py ===
2026-09-27T08:46:56.6069657Z 
2026-09-27T08:46:56.6070099Z === [94/152] binds-resolve gate — manifest presence + address→store resolution (#146) — _validate_binds_resolve.py ===
2026-09-27T08:46:56.6070429Z 
2026-09-27T08:46:56.6070728Z === [95/152] binds-resolve selftest — 5 bites incl. any-store clause (#146) — _validate_binds_resolve.py ===
2026-09-27T08:46:56.6071012Z 
2026-09-27T08:46:56.6071393Z === [96/152] chart-intent resolve gate — meta intent address → chart-intents.json (BLOCKING s195-D1) — _validate_intent_resolve.py ===
2026-09-27T08:46:56.6071744Z 
2026-09-27T08:46:56.6072100Z === [97/152] chart-intent resolve selftest — 4 bites incl. list case + absent store (s195-D1) — _validate_intent_resolve.py ===
2026-09-27T08:46:56.6072438Z 
2026-09-27T08:46:56.6072855Z === [98/152] roles/answers resolve gate — meta provides/answers/not-with address → roles.json + chart-intents.json (#253) — _validate_roles_resolve.py ===
2026-09-27T08:46:56.6073255Z 
2026-09-27T08:46:56.6075207Z ❌ roles/answers resolve gate failed (exit 1) — a meta's `provides` is not one of the twelve roles in knowledge/roles.json, an `answers` word is not a key of chart-intents.json, a `not-with`/`with` slug resolves to neither a meta nor a role, two providers of one role claim the same `priority`, `intent` and `answers` disagree, a `span.cols` is inverted, a `shape` is not a key of knowledge/shapes.json, or a `when` gate names a field that is not a key of knowledge/when-fields.json (s254-D2 items 1 and 2 closed those two vocabularies). The role and answers vocabularies are ADOPTED (s252-D1 / s251-D11): a new word enters ONLY by Dave's ruling, never silently. Run: python3 knowledge/_validate_roles_resolve.py
2026-09-27T08:46:56.6076817Z 
2026-09-27T08:46:56.6077302Z === [99/152] roles/answers resolve selftest — 15 bites incl. in-role priority ties, absent store, shape-known and when-fields-known (#253/#254) — _validate_roles_resolve.py ===
2026-09-27T08:46:56.6077753Z 
2026-09-27T08:46:56.6078012Z === [100/152] DataViz chart gate (semantic SVG + tokens + table spine) — _validate_dataviz.py ===
2026-09-27T08:46:56.6078283Z 
2026-09-27T08:46:56.6078591Z === [101/152] DataViz gate selftest — bite-tests dv-004 + the dtype vocabulary (ds-014) — _validate_dataviz.py ===
2026-09-27T08:46:56.6078933Z 
2026-09-27T08:46:56.6079316Z === [102/152] property-resolves gate C2 — silent-lookup class (BLOCKING, ds-018, promoted s121-D1) — _validate_property_resolves.py ===
2026-09-27T08:46:56.6079673Z 
2026-09-27T08:46:56.6080060Z === [103/152] property-resolves gate C2 selftest — 4 bites + a bite-the-bite — _validate_property_resolves.py ===
2026-09-27T08:46:56.6080371Z 
2026-09-27T08:46:56.6080761Z === [104/152] dataviz var-resolution gate — markup fill/stroke var() per theme (BLOCKING s191-D3, ds-0NN #184) — _gate_dataviz_vars.py ===
2026-09-27T08:46:56.6081185Z 
2026-09-27T08:46:56.6081540Z === [105/152] dataviz var-resolution gate selftest — 8 arms incl. alias chain + missing target (ds-0NN) — _gate_dataviz_vars.py ===
2026-09-27T08:46:56.6081883Z 
2026-09-27T08:46:56.6082264Z === [106/152] minted-token consumption inventory — declared-but-never-read (ADVISORY, built #219) — _gate_minted_consumption.py ===
2026-09-27T08:46:56.6082622Z 
2026-09-27T08:46:56.6082977Z === [107/152] minted-consumption selftest — 10 arms incl. both false-positive mutants (#219) — _gate_minted_consumption.py ===
2026-09-27T08:46:56.6083309Z 
2026-09-27T08:46:56.6083672Z === [108/152] hidden-attr vs author-display sweep — painted while hidden (ADVISORY, built #219) — _validate_hidden_display.py ===
2026-09-27T08:46:56.6084018Z 
2026-09-27T08:46:56.6084387Z === [109/152] hidden-attr display selftest — 16 bites incl. the real #218 mutant (#219) — _validate_hidden_display.py ===
2026-09-27T08:46:56.6084703Z 
2026-09-27T08:46:56.6085001Z === [110/152] reverse-text edge-extremity check {#col26-020} (advisory) — _validate_edge_extremity.py ===
2026-09-27T08:46:56.6085293Z 
2026-09-27T08:46:56.6085650Z === [111/152] compliance verification edges — applies_to vs verified_by (advisory) — compliance/_build_verification_edges.py ===
2026-09-27T08:46:56.6085995Z 
2026-09-27T08:46:56.6086309Z === [112/152] external automatable-check refs — axe-core import (advisory) — compliance/_import_axe_rules.py ===
2026-09-27T08:46:56.6086617Z 
2026-09-27T08:46:56.6086852Z === [113/152] consult index — problem-domain query surface — _build_consult_index.py ===
2026-09-27T08:46:56.6087103Z 
2026-09-27T08:46:56.6087278Z === [114/152] consult tool selftest (advisory) — _consult.py ===
2026-09-27T08:46:56.6087477Z 
2026-09-27T08:46:56.6087758Z === [115/152] search core selftest — two-stage engine + receipt format (O2′ #25) — _search_core.py ===
2026-09-27T08:46:56.6088058Z 
2026-09-27T08:46:56.6088324Z === [116/152] memento index — the Memento door's corpus (O2′ #25) — _build_memento_index.py ===
2026-09-27T08:46:56.6088595Z 
2026-09-27T08:46:56.6088826Z === [117/152] memento index determinism check (O2′ #25) — _build_memento_index.py ===
2026-09-27T08:46:56.6089060Z 
2026-09-27T08:46:56.6089361Z === [118/152] memento index selftest — contract refusals + determinism (O2′ #25) — _build_memento_index.py ===
2026-09-27T08:46:56.6089661Z 
2026-09-27T08:46:56.6090041Z === [119/152] memento search selftest — known-answer retrieval + fetch refusal (O2′ #25) — _memento_search.py ===
2026-09-27T08:46:56.6090351Z 
2026-09-27T08:46:56.6090685Z === [120/152] graph mention map — the decision-graph/memento-index join (#115 step 0) — _build_graph_mention_map.py ===
2026-09-27T08:46:56.6091015Z 
2026-09-27T08:46:56.6091286Z === [121/152] graph mention map determinism check (#115 step 0) — _build_graph_mention_map.py ===
2026-09-27T08:46:56.6091548Z 
2026-09-27T08:46:56.6091868Z === [122/152] graph mention map selftest — hit/miss/refusal bites (#115 step 0) — _build_graph_mention_map.py ===
2026-09-27T08:46:56.6092170Z 
2026-09-27T08:46:56.6092412Z === [123/152] read chain file — _CHAIN.md, the cold-start door (#41) — _gen_chain.py ===
2026-09-27T08:46:56.6092660Z 
2026-09-27T08:46:56.6092983Z === [124/152] read chain determinism check — stale _CHAIN.md serves a PREVIOUS session's record (#41) — _gen_chain.py ===
2026-09-27T08:46:56.6093303Z 
2026-09-27T08:46:56.6093590Z === [125/152] read chain selftest — verbatim terms + the CUT + refusal on a blank GM (#41) — _gen_chain.py ===
2026-09-27T08:46:56.6093885Z 
2026-09-27T08:46:56.6094229Z === [126/152] GM size stamp check — a TYPED `size:` figure / drift past the gate's tolerance (s294-D8) — _gen_size_stamp.py ===
2026-09-27T08:46:56.6094546Z 
2026-09-27T08:46:56.6095069Z === [127/152] GM size stamp selftest — the fixed point, the 2-cycle refusal, the ESTIMATE-tier refusal and the gate's own regex parsing what this writes (s294-D8) — _gen_size_stamp.py ===
2026-09-27T08:46:56.6095529Z 
2026-09-27T08:46:56.6095858Z === [128/152] memento schematic — the six subsystems, generated from the file inventory (#127) — _gen_schematic.py ===
2026-09-27T08:46:56.6096234Z 
2026-09-27T08:46:56.6096565Z === [129/152] memento schematic determinism check — a stale diagram publishes a PREVIOUS tree (#127) — _gen_schematic.py ===
2026-09-27T08:46:56.6096899Z 
2026-09-27T08:46:56.6097234Z === [130/152] memento schematic selftest — figure provenance, caption geometry, self-recheck (#127) — _gen_schematic.py ===
2026-09-27T08:46:56.6097569Z 
2026-09-27T08:46:56.6097862Z === [131/152] memento-package delta-audit — #64 boundary enforcement (#79) — _validate_package_delta.py ===
2026-09-27T08:46:56.6098149Z 
2026-09-27T08:46:56.6099420Z ❌ memento-package delta-audit failed (exit 1) — a package copy has drifted from its knowledge/ source, the two in-package copies disagree, an unknown file appeared in a machinery/ folder, or a shim-ported function/constant changed since its declared provenance commit. See memento-package/_PACKAGE-SPEC.md:13-14 (Dave's #64 boundary ruling: copies only, every copy delta-audited). Run: python3 knowledge/_validate_package_delta.py
2026-09-27T08:46:56.6100560Z 
2026-09-27T08:46:56.6100893Z === [132/152] memento-package delta-audit selftest — mutation-tested, all 4 arms (#79) — _validate_package_delta.py ===
2026-09-27T08:46:56.6101218Z 
2026-09-27T08:46:56.7439072Z ❌ memento-package delta-audit failed (exit 1) — a package copy has drifted from its knowledge/ source, the two in-package copies disagree, an unknown file appeared in a machinery/ folder, or a shim-ported function/constant changed since its declared provenance commit. See memento-package/_PACKAGE-SPEC.md:13-14 (Dave's #64 boundary ruling: copies only, every copy delta-audited). Run: python3 knowledge/_validate_package_delta.pyenactment register: 84 rulings -> PROVEN 9 · CLAIMED 21 · UNPROVEN 54 · NOT-GATEABLE 0  (knowledge/_ENACTMENT-REGISTER.md)
2026-09-27T08:47:39.1229563Z   ✓ bite1a: icon-005 (44x44 target) requires RENDER
2026-09-27T08:47:39.1231659Z   ✓ bite1b: icon-005 is UNGATED — no check names it
2026-09-27T08:47:39.1232358Z   ✓ bite1c: aid-009 is cited by a gate AND present in the rules index (not dangling)
2026-09-27T08:47:39.1233113Z   ✓ bite1d: the untagged-anchor population is reported, not silently zero
2026-09-27T08:47:39.1233718Z   ✓ bite2: 'chrome' as a WORD does not promote a gate to RENDER
2026-09-27T08:47:39.1234269Z   ✓ bite3: a real Playwright gate IS detected as RENDER
2026-09-27T08:47:39.1234703Z   ✓ bite4: unclassifiable rule -> UNKNOWN, not I0
2026-09-27T08:47:39.1235050Z   ✓ bite5: a literal-text rule + a static gate is FIT, not flagged
2026-09-27T08:47:39.1235371Z   ✓ bite6: unknown instrument code raises
2026-09-27T08:47:39.1235646Z   ✓ bite7: mixed rule takes the HIGHER rung
2026-09-27T08:47:39.1235948Z   ✓ bite8: this script never counts itself as a gate
2026-09-27T08:47:39.1236126Z 
2026-09-27T08:47:39.1236246Z selftest: 11 bites, 0 failed
2026-09-27T08:48:21.4611592Z instrument fit: 474 rules -> UNDER-INSTRUMENTED 17 · UNGATED 163 · UNTAGGED 282 · EYE-ONLY 5 · FIT 7  (knowledge/_INSTRUMENT-FIT.md)
2026-09-27T08:48:21.4612389Z   ⚠ 1 rule IDs cited by gates are ABSENT from the index (260 untagged anchors of 702 declared): axs-003
2026-09-27T08:48:21.5575266Z /home/runner/work/UX-design/UX-design/knowledge/_build_integrity.py:71: DeprecationWarning: jsonschema.RefResolver is deprecated as of v4.18.0, in favor of the https://github.com/python-jsonschema/referencing library, which provides more compliant referencing behavior as well as more flexible APIs for customization. A future release will remove RefResolver. Please file a feature request (on referencing) if you are missing an API for the kind of customization you need.
2026-09-27T08:48:21.5576694Z   _resolver = jsonschema.RefResolver(base_uri="", referrer=schema)
2026-09-27T08:48:21.7180800Z integrity: FAIL — 13 errors, 25 warnings
2026-09-27T08:48:21.7181224Z schema valid: 133/137
2026-09-27T08:48:21.7181533Z first errors:
2026-09-27T08:48:21.7181956Z   [Data grid] schema: relationships: Additional properties are not allowed ('$composes-verbatim', 'composes' were unexpected)
2026-09-27T08:48:21.7183270Z   [Data grid] schema: stateModel: {'$scope': "the COLUMN HEADER (#261); the grid's live/loading/empty modes stay on the `state` prop", 'states': ['rest', 
2026-09-27T08:48:21.7184508Z   [Data grid] schema: with/0: 'selection-controls (the checkbox — CONSUMED byte-identically, not restated; #261 G3)' is not of type 'object'
2026-09-27T08:48:21.7185323Z   [Data grid] schema: with/1: 'filter-toolbar-bar' is not of type 'object'
2026-09-27T08:48:21.7185689Z   [Data grid] schema: with/2: 'pagination' is not of type 'object'
2026-09-27T08:48:21.7186198Z   [Data grid] schema: with/3: 'search-field' is not of type 'object'
2026-09-27T08:48:21.7186594Z   [Data grid] schema: with/4: 'tags' is not of type 'object'
2026-09-27T08:48:21.7187089Z   [Data grid] schema: with/5: 'skeleton-loader' is not of type 'object'
2026-09-27T08:48:21.7187676Z   [Filter-toolbar-bar] schema: stateModel: {'attribute': 'data-ftb-state', 'states': [{'name': 'no-filters', 'shows': 'the total count and a `No filters applied` h
2026-09-27T08:48:21.7188409Z   [KPI tile] schema: stateModel: {'states': ['ready', 'loading', 'empty', 'error', 'stale'], 'loading': 'role=group + aria-busy=true, an sr-only sentence
2026-09-27T08:48:21.7189076Z   [Legend] schema: provenance/source: 'hand-authored' is not one of ['figma', 'code', 'both', 'gap-report', 'proforma-promotion']
2026-09-27T08:48:21.7189901Z   [Legend] schema: stateModel: {'rest': 'every series shown; Reset disabled', 'check': "one or more swatches unchecked; the unchecked series ghost at 1
2026-09-27T08:48:21.7407580Z     ✓ refuse() returns the convention's exit code
2026-09-27T08:48:21.7408129Z     ✓ EXIT is not 0/1/2 — it cannot be confused with pass, fail, or bad-arguments
2026-09-27T08:48:21.7408530Z     ✓ refuse() prints a line that STARTS with the marker
2026-09-27T08:48:21.7408915Z     ✓ the printed line carries the gate's own reason, not a summary
2026-09-27T08:48:21.7409291Z     ✓ is_refusal() is true for EXIT and false for a real failure
2026-09-27T08:48:21.7409655Z     ✓ reason_in() finds the marker line in captured output
2026-09-27T08:48:21.7410124Z     ✓ reason_in() finds it when the gate prefixed the line (✗ / indentation)
2026-09-27T08:48:21.7410592Z     ✓ reason_in() returns None — never a manufactured reason — when the marker is absent
2026-09-27T08:48:21.7410991Z   ✅ _could_not_ask selftest: all bites pass
2026-09-27T08:48:22.1696491Z 
2026-09-27T08:48:22.1697395Z === P-1 · component meta-schema sweep [sandbox]
2026-09-27T08:48:22.1698389Z   ⛔ data-grid.meta.json [relationships] Additional properties are not allowed ('$composes-verbatim', 'composes' were unexpected)
2026-09-27T08:48:22.1700175Z   ⛔ data-grid.meta.json [stateModel] {'$scope': "the COLUMN HEADER (#261); the grid's live/loading/empty modes stay on the `state` prop", 'states': ['rest', 'hover', 'focus-visible', 'sorted', 'filtered-active', 'menu-open', 'resizing', 
2026-09-27T08:48:22.1701390Z   ⛔ data-grid.meta.json [with/0] 'selection-controls (the checkbox — CONSUMED byte-identically, not restated; #261 G3)' is not of type 'object'
2026-09-27T08:48:22.1702081Z   ⛔ data-grid.meta.json [with/1] 'filter-toolbar-bar' is not of type 'object'
2026-09-27T08:48:22.1702532Z   ⛔ data-grid.meta.json [with/2] 'pagination' is not of type 'object'
2026-09-27T08:48:22.1702976Z   ⛔ data-grid.meta.json [with/3] 'search-field' is not of type 'object'
2026-09-27T08:48:22.1703390Z   ⛔ data-grid.meta.json [with/4] 'tags' is not of type 'object'
2026-09-27T08:48:22.1703785Z   ⛔ data-grid.meta.json [with/5] 'skeleton-loader' is not of type 'object'
2026-09-27T08:48:22.1704683Z   ⛔ filter-toolbar-bar.meta.json [stateModel] {'attribute': 'data-ftb-state', 'states': [{'name': 'no-filters', 'shows': 'the total count and a `No filters applied` hint; no chip row, no clear-all.'}, {'name': 'filtered', 'shows': '`N of M`, the 
2026-09-27T08:48:22.1705916Z   ⛔ kpi-tile.meta.json [stateModel] {'states': ['ready', 'loading', 'empty', 'error', 'stale'], 'loading': 'role=group + aria-busy=true, an sr-only sentence naming the metric, and four skeleton blocks at text/default alpha-08 with a 1.6
2026-09-27T08:48:22.1707150Z   ⛔ legend.meta.json [provenance/source] 'hand-authored' is not one of ['figma', 'code', 'both', 'gap-report', 'proforma-promotion']
2026-09-27T08:48:22.1708142Z   ⛔ legend.meta.json [stateModel] {'rest': 'every series shown; Reset disabled', 'check': "one or more swatches unchecked; the unchecked series ghost at 12% and the row's swatch is hollow", 'isolate': 'a label is pressed; only that se
2026-09-27T08:48:22.1708914Z   ⛔ legend.meta.json [with/0] 'when' does not match any of the regexes: '^\\$'
2026-09-27T08:48:22.1709454Z   ⚪ EXEMPT (declared, never hidden) EXAMPLE-button.meta.json [<root>] 'tokenValidation' is a required property
2026-09-27T08:48:22.1710327Z P-1 meta-schema sweep: 138 meta(s) checked · 13 finding(s) · 1 exempt failure(s) (EXAMPLE-button.meta.json)
2026-09-27T08:48:22.1710747Z PROBE P-1 — findings=13
2026-09-27T08:48:22.1711226Z --- rc=1 findings=13 · /home/runner/work/UX-design/UX-design/knowledge/_probe_registry/probe_meta_schema.py --check
2026-09-27T08:48:22.1711566Z 
2026-09-27T08:48:22.1711713Z === P-2 · duplicate-ID/IDREF scan [sandbox]
2026-09-27T08:48:22.1712102Z   OK  reviews/REVIEW-168-eye-owed-v1.html                        ids= 10 DUP=0 unresolved_idref=0 frag_miss=0
2026-09-27T08:48:22.1712641Z   OK  reviews/REVIEW-168-graphic-amber-blue-picker-v1.html       ids=  2 DUP=0 unresolved_idref=0 frag_miss=0
2026-09-27T08:48:22.1713180Z   OK  reviews/REVIEW-168-rag-glyph-tier-v1.html                  ids=  1 DUP=0 unresolved_idref=0 frag_miss=0
2026-09-27T08:48:22.1713674Z   OK  reviews/REVIEW-168-rag-glyph-tier-v2.html                  ids=  0 DUP=0 unresolved_idref=0 frag_miss=0
2026-09-27T08:48:22.1714209Z   OK  reviews/REVIEW-170-links-ratification-controller-v1.html   ids=  5 DUP=0 unresolved_idref=0 frag_miss=0
2026-09-27T08:48:22.1714772Z   OK  reviews/REVIEW-174-progress-bar-four-themes-v1.html        ids= 24 DUP=0 unresolved_idref=0 frag_miss=0
2026-09-27T08:48:22.1715324Z   OK  reviews/REVIEW-2026-07-02-critical-regroup.html            ids=  1 DUP=0 unresolved_idref=0 frag_miss=0
2026-09-27T08:48:22.1715841Z   OK  reviews/REVIEW-2026-07-10-deep-analysis.html               ids= 22 DUP=0 unresolved_idref=0 frag_miss=0
2026-09-27T08:48:22.1716367Z   OK  reviews/REVIEW-2026-07-10-deep-analysis_rev2.html          ids= 22 DUP=0 unresolved_idref=0 frag_miss=0
2026-09-27T08:48:22.1716885Z   OK  reviews/REVIEW-203-INDEX-2026-08-19-v1.html                ids=  0 DUP=0 unresolved_idref=0 frag_miss=0
2026-09-27T08:48:22.1717389Z   OK  reviews/REVIEW-203-alert-four-themes-v1.html               ids= 21 DUP=0 unresolved_idref=0 frag_miss=0
2026-09-27T08:48:22.1717923Z   OK  reviews/REVIEW-203-amount-display-four-themes-v1.html      ids=  0 DUP=0 unresolved_idref=0 frag_miss=0
2026-09-27T08:48:22.1718485Z   OK  reviews/REVIEW-203-amount-input-four-themes-v1.html        ids= 58 DUP=0 unresolved_idref=0 frag_miss=0
2026-09-27T08:48:22.1719031Z   OK  reviews/REVIEW-203-anchor-nav-four-themes-v1.html          ids=136 DUP=0 unresolved_idref=0 frag_miss=0
2026-09-27T08:48:22.1719571Z   OK  reviews/REVIEW-203-avatar-group-four-themes-v1.html        ids=  8 DUP=0 unresolved_idref=0 frag_miss=0
2026-09-27T08:48:22.1720317Z   OK  reviews/REVIEW-203-canon-dark-repair-before-after-v1.html  ids=449 DUP=0 unresolved_idref=0 frag_miss=0
2026-09-27T08:48:22.1720874Z   OK  reviews/REVIEW-203-combobox-four-themes-v1.html            ids=218 DUP=0 unresolved_idref=0 frag_miss=0
2026-09-27T08:48:22.1721413Z   OK  reviews/REVIEW-203-command-palette-four-themes-v1.html     ids=102 DUP=0 unresolved_idref=0 frag_miss=0
2026-09-27T08:48:22.1721950Z   OK  reviews/REVIEW-203-data-grid-four-themes-v1.html           ids=  0 DUP=0 unresolved_idref=0 frag_miss=0
2026-09-27T08:48:22.1722490Z   OK  reviews/REVIEW-203-date-picker-four-themes-v1.html         ids=160 DUP=0 unresolved_idref=0 frag_miss=0
2026-09-27T08:48:22.1723040Z   OK  reviews/REVIEW-203-date-range-picker-four-themes-v1.html   ids=231 DUP=0 unresolved_idref=0 frag_miss=0
2026-09-27T08:48:22.1723694Z   OK  reviews/REVIEW-203-drawer-four-themes-v1.html              ids=  8 DUP=0 unresolved_idref=0 frag_miss=0
2026-09-27T08:48:22.1724233Z   OK  reviews/REVIEW-203-empty-state-four-themes-v1.html         ids= 26 DUP=0 unresolved_idref=0 frag_miss=0
2026-09-27T08:48:22.1724783Z   OK  reviews/REVIEW-203-file-upload-four-themes-v1.html         ids= 76 DUP=0 unresolved_idref=0 frag_miss=0
2026-09-27T08:48:22.1725329Z   OK  reviews/REVIEW-203-form-layout-four-themes-v1.html         ids=251 DUP=0 unresolved_idref=0 frag_miss=0
2026-09-27T08:48:22.1725880Z   OK  reviews/REVIEW-203-kpi-tile-four-themes-v1.html            ids= 24 DUP=0 unresolved_idref=0 frag_miss=0
2026-09-27T08:48:22.1726505Z   OK  reviews/REVIEW-203-multi-select-four-themes-v1.html        ids=203 DUP=0 unresolved_idref=0 frag_miss=0
2026-09-27T08:48:22.1727045Z   OK  reviews/REVIEW-203-popover-four-themes-v1.html             ids= 33 DUP=0 unresolved_idref=0 frag_miss=0
2026-09-27T08:48:22.1727600Z   OK  reviews/REVIEW-203-secure-entry-four-themes-v1.html        ids= 75 DUP=0 unresolved_idref=0 frag_miss=0
2026-09-27T08:48:22.1728168Z   OK  reviews/REVIEW-203-sidebar-nav-four-themes-v1.html         ids= 65 DUP=0 unresolved_idref=0 frag_miss=0
2026-09-27T08:48:22.1728708Z   OK  reviews/REVIEW-203-skeleton-loader-four-themes-v1.html     ids= 20 DUP=0 unresolved_idref=0 frag_miss=0
2026-09-27T08:48:22.1729247Z   OK  reviews/REVIEW-203-stat-card-four-themes-v1.html           ids=  2 DUP=0 unresolved_idref=0 frag_miss=0
2026-09-27T08:48:22.1729869Z   OK  reviews/REVIEW-203-stepper-four-themes-v1.html             ids=322 DUP=0 unresolved_idref=0 frag_miss=0
2026-09-27T08:48:22.1730402Z   OK  reviews/REVIEW-203-tags-input-four-themes-v1.html          ids=154 DUP=0 unresolved_idref=0 frag_miss=0
2026-09-27T08:48:22.1730937Z   OK  reviews/REVIEW-203-textarea-four-themes-v1.html            ids= 89 DUP=0 unresolved_idref=0 frag_miss=0
2026-09-27T08:48:22.1731471Z   OK  reviews/REVIEW-203-time-picker-four-themes-v1.html         ids= 92 DUP=0 unresolved_idref=0 frag_miss=0
2026-09-27T08:48:22.1731998Z   OK  reviews/REVIEW-203-timeline-four-themes-v1.html            ids= 24 DUP=0 unresolved_idref=0 frag_miss=0
2026-09-27T08:48:22.1732511Z   OK  reviews/REVIEW-203-toast-four-themes-v1.html               ids=  9 DUP=0 unresolved_idref=0 frag_miss=0
2026-09-27T08:48:22.1733047Z   OK  reviews/REVIEW-204-document-row-four-themes-v1.html        ids= 32 DUP=0 unresolved_idref=0 frag_miss=48
2026-09-27T08:48:22.1733583Z   OK  reviews/REVIEW-204-footer-four-themes-v1.html              ids= 40 DUP=0 unresolved_idref=0 frag_miss=8
2026-09-27T08:48:22.1734117Z   OK  reviews/REVIEW-204-layout-utilities-four-themes-v1.html    ids=  0 DUP=0 unresolved_idref=0 frag_miss=0
2026-09-27T08:48:22.1734681Z   OK  reviews/REVIEW-204-payment-card-visual-four-themes-v1.html ids= 56 DUP=0 unresolved_idref=0 frag_miss=0
2026-09-27T08:48:22.1735233Z   OK  reviews/REVIEW-204-popconfirm-four-themes-v1.html          ids= 96 DUP=0 unresolved_idref=0 frag_miss=0
2026-09-27T08:48:22.1735772Z   OK  reviews/REVIEW-204-runway-bar-four-themes-v1.html          ids= 40 DUP=0 unresolved_idref=0 frag_miss=0
2026-09-27T08:48:22.1736301Z   OK  reviews/REVIEW-209-grid-snap-before-after-v1.html          ids=  3 DUP=0 unresolved_idref=0 frag_miss=0
2026-09-27T08:48:22.1736835Z   OK  reviews/REVIEW-209-input-trim-before-after-v1.html         ids=  1 DUP=0 unresolved_idref=0 frag_miss=0
2026-09-27T08:48:22.1737363Z   OK  reviews/REVIEW-210-existence-side-by-side-v1.html          ids=  6 DUP=0 unresolved_idref=0 frag_miss=0
2026-09-27T08:48:22.1737882Z   OK  reviews/REVIEW-210-meter-unification-v1.html               ids=  7 DUP=0 unresolved_idref=0 frag_miss=0
2026-09-27T08:48:22.1738382Z   OK  reviews/REVIEW-210-spacing-fixes-v1.html                   ids=  0 DUP=0 unresolved_idref=0 frag_miss=0
2026-09-27T08:48:22.1738891Z   OK  reviews/REVIEW-212-boot-and-desk-triage-v1.html            ids=  6 DUP=0 unresolved_idref=0 frag_miss=0
2026-09-27T08:48:22.1739443Z   OK  reviews/REVIEW-212-dials-v1.html                           ids=  1 DUP=0 unresolved_idref=0 frag_miss=0
2026-09-27T08:48:22.1740054Z   OK  reviews/REVIEW-212-rule-now-v1.html                        ids=  1 DUP=0 unresolved_idref=0 frag_miss=0
2026-09-27T08:48:22.1740572Z   OK  reviews/REVIEW-213-wave-components-four-theme-v1.html      ids= 60 DUP=0 unresolved_idref=0 frag_miss=0
2026-09-27T08:48:22.1741107Z   OK  reviews/REVIEW-262-nav-supercharge-dark-v1.html            ids=  0 DUP=0 unresolved_idref=0 frag_miss=0
2026-09-27T08:48:22.1741613Z   OK  reviews/REVIEW-tooltip-tip-s162.html                       ids=  4 DUP=0 unresolved_idref=0 frag_miss=0
2026-09-27T08:48:22.1742510Z   ⚠ reviews/REVIEW-204-document-row-four-themes-v1.html:283 href='#doc-jun' targets no id (WARN tier — #204 declared placeholder demo links a design question, not this class)
2026-09-27T08:48:22.1743645Z   ⚠ reviews/REVIEW-204-document-row-four-themes-v1.html:296 href='#doc-may' targets no id (WARN tier — #204 declared placeholder demo links a design question, not this class)
2026-09-27T08:48:22.1744666Z   ⚠ reviews/REVIEW-204-document-row-four-themes-v1.html:308 href='#doc-tax' targets no id (WARN tier — #204 declared placeholder demo links a design question, not this class)
2026-09-27T08:48:22.1745614Z   ⚠ reviews/REVIEW-204-document-row-four-themes-v1.html:321 href='#doc-long' targets no id (WARN tier — #204 declared placeholder demo links a design question, not this class)
2026-09-27T08:48:22.1746559Z   ⚠ reviews/REVIEW-204-document-row-four-themes-v1.html:348 href='#dl-jun' targets no id (WARN tier — #204 declared placeholder demo links a design question, not this class)
2026-09-27T08:48:22.1747486Z   ⚠ reviews/REVIEW-204-document-row-four-themes-v1.html:356 href='#dl-may' targets no id (WARN tier — #204 declared placeholder demo links a design question, not this class)
2026-09-27T08:48:22.1748421Z   ⚠ reviews/REVIEW-204-document-row-four-themes-v1.html:386 href='#doc-jun' targets no id (WARN tier — #204 declared placeholder demo links a design question, not this class)
2026-09-27T08:48:22.1749370Z   ⚠ reviews/REVIEW-204-document-row-four-themes-v1.html:399 href='#doc-may' targets no id (WARN tier — #204 declared placeholder demo links a design question, not this class)
2026-09-27T08:48:22.1750460Z   ⚠ reviews/REVIEW-204-document-row-four-themes-v1.html:411 href='#doc-tax' targets no id (WARN tier — #204 declared placeholder demo links a design question, not this class)
2026-09-27T08:48:22.1751381Z   ⚠ reviews/REVIEW-204-document-row-four-themes-v1.html:424 href='#doc-long' targets no id (WARN tier — #204 declared placeholder demo links a design question, not this class)
2026-09-27T08:48:22.1752293Z   ⚠ reviews/REVIEW-204-document-row-four-themes-v1.html:451 href='#dl-jun' targets no id (WARN tier — #204 declared placeholder demo links a design question, not this class)
2026-09-27T08:48:22.1753223Z   ⚠ reviews/REVIEW-204-document-row-four-themes-v1.html:459 href='#dl-may' targets no id (WARN tier — #204 declared placeholder demo links a design question, not this class)
2026-09-27T08:48:22.1753845Z   ⚠ … 44 more WARN-tier fragment misses (not findings)
2026-09-27T08:48:22.1754372Z P-2 duplicate-ID/IDREF scan: 55 file(s) over ['reviews/REVIEW-*.html'] · 0 finding(s) · 56 WARN-tier fragment miss(es)
2026-09-27T08:48:22.3027676Z PROBE P-2 — findings=0
2026-09-27T08:48:22.3028486Z --- rc=0 findings=0 · /home/runner/work/UX-design/UX-design/knowledge/_probe_registry/probe_dup_ids.py --check
2026-09-27T08:48:22.3028852Z 
2026-09-27T08:48:22.3029132Z === P-3 · dangling-var PIXEL test (render + cascade + pixel) [sandbox-render]
2026-09-27T08:48:22.3030333Z COULD-NOT-ASK: P-3 dangling-var PIXEL test — NOT-IN-THIS-ENVIRONMENT: playwright is not importable. Stage it per knowledge/_RUNBOOK-render-verify.md (PYTHONPATH=/var/tmp/pylibs). REFUSED — not a pass.
2026-09-27T08:48:22.3031212Z PROBE P-3 — findings=UNKNOWN (environment refused, exit 77)
2026-09-27T08:48:22.3031866Z --- rc=77 findings=UNKNOWN · /home/runner/work/UX-design/UX-design/knowledge/_probe_registry/probe_dangling_var_pixel.py --check
2026-09-27T08:48:22.3032632Z 
2026-09-27T08:48:22.3032785Z === P-4 · premise-vs-store diff [sandbox]
2026-09-27T08:48:22.3033523Z   ⛔ STATE-CONTRADICTION  notes/_briefs/2026-08-20-209-w46-gen-brief-demo-lane-2-apollo-charts-v1.md:97 asserts W-14 open; the store says state=done
2026-09-27T08:48:22.3034471Z   ⛔ STATE-CONTRADICTION  notes/_briefs/2026-08-20-209-w46-gen-brief-demo-lane-2-apollo-charts-v1.md:98 asserts W-15 open; the store says state=done
2026-09-27T08:48:22.3035376Z   ⛔ STATE-CONTRADICTION  notes/_briefs/2026-08-20-209-w46-gen-brief-demo-lane-2-apollo-charts-v1.md:99 asserts W-16 open; the store says state=done
2026-09-27T08:48:22.3036207Z   ⛔ STATE-CONTRADICTION  notes/_briefs/2026-08-20-209-w46-gen-brief-demo-lane-2-apollo-charts-v1.md:106 asserts W-43 open; the store says state=done
2026-09-27T08:48:22.3037149Z   ⛔ STATE-CONTRADICTION  notes/_briefs/2026-08-20-209-w46-gen-brief-demo-lane-2-apollo-charts-v1.md:110 asserts W-47 open; the store says state=done
2026-09-27T08:48:22.3038036Z   ⛔ STATE-CONTRADICTION  notes/_briefs/2026-08-20-209-w46-gen-brief-demo-lane-2-apollo-charts-v1.md:117 asserts W-54 open; the store says state=done
2026-09-27T08:48:22.3038821Z   ⛔ STATE-CONTRADICTION  notes/_briefs/2026-08-20-209-wave3-fanout-brief-v1.md:125 asserts W-14 open; the store says state=done
2026-09-27T08:48:22.3039533Z   ⛔ STATE-CONTRADICTION  notes/_briefs/2026-08-20-209-wave3-fanout-brief-v1.md:126 asserts W-15 open; the store says state=done
2026-09-27T08:48:22.3040371Z   ⛔ STATE-CONTRADICTION  notes/_briefs/2026-08-20-209-wave3-fanout-brief-v1.md:127 asserts W-16 open; the store says state=done
2026-09-27T08:48:22.3041076Z   ⛔ STATE-CONTRADICTION  notes/_briefs/2026-08-20-209-wave3-fanout-brief-v1.md:134 asserts W-43 open; the store says state=done
2026-09-27T08:48:22.3041781Z   ⛔ STATE-CONTRADICTION  notes/_briefs/2026-08-20-209-wave3-fanout-brief-v1.md:138 asserts W-47 open; the store says state=done
2026-09-27T08:48:22.3042490Z   ⛔ STATE-CONTRADICTION  notes/_briefs/2026-08-20-209-wave3-fanout-brief-v1.md:145 asserts W-54 open; the store says state=done
2026-09-27T08:48:22.3043185Z   ⛔ STATE-CONTRADICTION  notes/_briefs/2026-08-20-209-wave3-fanout-brief-v1.md:151 asserts W-60 open; the store says state=done
2026-09-27T08:48:22.3043875Z   ⛔ STATE-CONTRADICTION  notes/_briefs/2026-08-20-209-wave3-fanout-brief-v1.md:152 asserts W-61 open; the store says state=done
2026-09-27T08:48:22.3044608Z   ⛔ STATE-CONTRADICTION  notes/_briefs/2026-08-20-210-wave4-heavy7-fanout-brief-v1.md:99 asserts W-14 open; the store says state=done
2026-09-27T08:48:22.3045355Z   ⛔ STATE-CONTRADICTION  notes/_briefs/2026-08-20-210-wave4-heavy7-fanout-brief-v1.md:100 asserts W-15 open; the store says state=done
2026-09-27T08:48:22.3046114Z   ⛔ STATE-CONTRADICTION  notes/_briefs/2026-08-20-210-wave4-heavy7-fanout-brief-v1.md:101 asserts W-16 open; the store says state=done
2026-09-27T08:48:22.3046870Z   ⛔ STATE-CONTRADICTION  notes/_briefs/2026-08-20-210-wave4-heavy7-fanout-brief-v1.md:108 asserts W-43 open; the store says state=done
2026-09-27T08:48:22.3047622Z   ⛔ STATE-CONTRADICTION  notes/_briefs/2026-08-20-210-wave4-heavy7-fanout-brief-v1.md:112 asserts W-47 open; the store says state=done
2026-09-27T08:48:22.3048360Z   ⛔ STATE-CONTRADICTION  notes/_briefs/2026-08-20-210-wave4-heavy7-fanout-brief-v1.md:119 asserts W-54 open; the store says state=done
2026-09-27T08:48:22.3049098Z   ⛔ STATE-CONTRADICTION  notes/_briefs/2026-08-20-210-wave4-heavy7-fanout-brief-v1.md:127 asserts W-64 open; the store says state=done
2026-09-27T08:48:22.3049959Z   ⛔ STATE-CONTRADICTION  notes/_briefs/2026-08-20-210-wave5-layer2-p2-fanout-brief-v1.md:100 asserts W-14 open; the store says state=done
2026-09-27T08:48:22.3050742Z   ⛔ STATE-CONTRADICTION  notes/_briefs/2026-08-20-210-wave5-layer2-p2-fanout-brief-v1.md:101 asserts W-15 open; the store says state=done
2026-09-27T08:48:22.3051504Z   ⛔ STATE-CONTRADICTION  notes/_briefs/2026-08-20-210-wave5-layer2-p2-fanout-brief-v1.md:102 asserts W-16 open; the store says state=done
2026-09-27T08:48:22.3052323Z   ⛔ STATE-CONTRADICTION  notes/_briefs/2026-08-20-210-wave5-layer2-p2-fanout-brief-v1.md:109 asserts W-43 open; the store says state=done
2026-09-27T08:48:22.3053082Z   ⛔ STATE-CONTRADICTION  notes/_briefs/2026-08-20-210-wave5-layer2-p2-fanout-brief-v1.md:113 asserts W-47 open; the store says state=done
2026-09-27T08:48:22.3053841Z   ⛔ STATE-CONTRADICTION  notes/_briefs/2026-08-20-210-wave5-layer2-p2-fanout-brief-v1.md:120 asserts W-54 open; the store says state=done
2026-09-27T08:48:22.3054599Z   ⛔ STATE-CONTRADICTION  notes/_briefs/2026-08-20-210-wave5-layer2-p2-fanout-brief-v1.md:128 asserts W-64 open; the store says state=done
2026-09-27T08:48:22.3055364Z   ⛔ STATE-CONTRADICTION  notes/_briefs/2026-08-20-210-wave6-layer2-p3-fanout-brief-v1.md:107 asserts W-14 open; the store says state=done
2026-09-27T08:48:22.3056214Z   ⛔ STATE-CONTRADICTION  notes/_briefs/2026-08-20-210-wave6-layer2-p3-fanout-brief-v1.md:108 asserts W-15 open; the store says state=done
2026-09-27T08:48:22.3057004Z   ⛔ STATE-CONTRADICTION  notes/_briefs/2026-08-20-210-wave6-layer2-p3-fanout-brief-v1.md:109 asserts W-16 open; the store says state=done
2026-09-27T08:48:22.3057791Z   ⛔ STATE-CONTRADICTION  notes/_briefs/2026-08-20-210-wave6-layer2-p3-fanout-brief-v1.md:116 asserts W-43 open; the store says state=done
2026-09-27T08:48:22.3058574Z   ⛔ STATE-CONTRADICTION  notes/_briefs/2026-08-20-210-wave6-layer2-p3-fanout-brief-v1.md:120 asserts W-47 open; the store says state=done
2026-09-27T08:48:22.3059360Z   ⛔ STATE-CONTRADICTION  notes/_briefs/2026-08-20-210-wave6-layer2-p3-fanout-brief-v1.md:127 asserts W-54 open; the store says state=done
2026-09-27T08:48:22.3060244Z   ⛔ STATE-CONTRADICTION  notes/_briefs/2026-08-20-210-wave6-layer2-p3-fanout-brief-v1.md:135 asserts W-64 open; the store says state=done
2026-09-27T08:48:22.3061029Z   ⛔ STATE-CONTRADICTION  notes/_briefs/2026-08-20-210-wave6-layer2-p3-fanout-brief-v1.md:144 asserts W-75 open; the store says state=parked
2026-09-27T08:48:22.3061818Z   ⛔ STATE-CONTRADICTION  notes/_briefs/2026-08-20-210-wave6-layer2-p3-fanout-brief-v1.md:145 asserts W-76 open; the store says state=parked
2026-09-27T08:48:22.3062584Z   ⛔ STATE-CONTRADICTION  notes/_briefs/2026-08-20-210-wave6-layer2-p3-fanout-brief-v1.md:146 asserts W-77 open; the store says state=parked
2026-09-27T08:48:22.3063358Z   ⛔ STATE-CONTRADICTION  notes/_briefs/2026-08-20-210-wave6-layer2-p3-fanout-brief-v1.md:147 asserts W-78 open; the store says state=parked
2026-09-27T08:48:22.3064129Z   ⛔ STATE-CONTRADICTION  notes/_briefs/2026-08-20-210-wave6-layer2-p3-fanout-brief-v1.md:148 asserts W-79 open; the store says state=parked
2026-09-27T08:48:22.3064896Z   ⛔ STATE-CONTRADICTION  notes/_briefs/2026-08-21-211-findings-repair-wave1-v1.md:125 asserts W-14 open; the store says state=done
2026-09-27T08:48:22.3065626Z   ⛔ STATE-CONTRADICTION  notes/_briefs/2026-08-21-211-findings-repair-wave1-v1.md:126 asserts W-15 open; the store says state=done
2026-09-27T08:48:22.3066400Z   ⛔ STATE-CONTRADICTION  notes/_briefs/2026-08-21-211-findings-repair-wave1-v1.md:127 asserts W-16 open; the store says state=done
2026-09-27T08:48:22.3067104Z   ⛔ STATE-CONTRADICTION  notes/_briefs/2026-08-21-211-findings-repair-wave1-v1.md:134 asserts W-43 open; the store says state=done
2026-09-27T08:48:22.3067806Z   ⛔ STATE-CONTRADICTION  notes/_briefs/2026-08-21-211-findings-repair-wave1-v1.md:138 asserts W-47 open; the store says state=done
2026-09-27T08:48:22.3068514Z   ⛔ STATE-CONTRADICTION  notes/_briefs/2026-08-21-211-findings-repair-wave1-v1.md:145 asserts W-54 open; the store says state=done
2026-09-27T08:48:22.3069238Z   ⛔ STATE-CONTRADICTION  notes/_briefs/2026-08-21-211-findings-repair-wave1-v1.md:161 asserts W-75 open; the store says state=parked
2026-09-27T08:48:22.3070158Z   ⛔ STATE-CONTRADICTION  notes/_briefs/2026-08-21-211-findings-repair-wave1-v1.md:162 asserts W-76 open; the store says state=parked
2026-09-27T08:48:22.3070897Z   ⛔ STATE-CONTRADICTION  notes/_briefs/2026-08-21-211-findings-repair-wave1-v1.md:163 asserts W-77 open; the store says state=parked
2026-09-27T08:48:22.3071631Z   ⛔ STATE-CONTRADICTION  notes/_briefs/2026-08-21-211-findings-repair-wave1-v1.md:164 asserts W-78 open; the store says state=parked
2026-09-27T08:48:22.3072353Z   ⛔ STATE-CONTRADICTION  notes/_briefs/2026-08-21-211-findings-repair-wave1-v1.md:165 asserts W-79 open; the store says state=parked
2026-09-27T08:48:22.3073076Z   ⛔ STATE-CONTRADICTION  notes/_briefs/2026-08-21-211-findings-repair-wave1-v1.md:166 asserts W-80 open; the store says state=parked
2026-09-27T08:48:22.3073814Z   ⛔ STATE-CONTRADICTION  notes/_briefs/2026-08-21-211-findings-repair-wave1-v1.md:167 asserts W-81 open; the store says state=parked
2026-09-27T08:48:22.3074600Z   ⛔ STATE-CONTRADICTION  notes/_briefs/2026-08-21-211-findings-repair-wave1-v1.md:168 asserts W-82 open; the store says state=parked
2026-09-27T08:48:22.3075324Z   ⛔ STATE-CONTRADICTION  notes/_briefs/2026-08-21-211-findings-repair-wave1-v1.md:169 asserts W-83 open; the store says state=parked
2026-09-27T08:48:22.3076054Z   ⛔ STATE-CONTRADICTION  notes/_briefs/2026-08-21-211-findings-repair-wave1-v1.md:170 asserts W-84 open; the store says state=parked
2026-09-27T08:48:22.3076758Z   ⛔ STATE-CONTRADICTION  notes/_briefs/2026-08-21-212-wrap-brief.md:6 asserts W-98 closed/done; the store says state=open
2026-09-27T08:48:22.3077428Z   ⛔ STATE-CONTRADICTION  notes/_briefs/2026-08-21-212-wrap-brief.md:6 asserts W-96 closed/done; the store says state=open
2026-09-27T08:48:22.3078095Z   ⛔ STATE-CONTRADICTION  notes/_briefs/2026-08-21-212-wrap-brief.md:6 asserts W-95 closed/done; the store says state=open
2026-09-27T08:48:22.3078748Z   ⛔ STATE-CONTRADICTION  notes/_briefs/2026-08-21-212-wrap-brief.md:6 asserts W-97 closed/done; the store says state=open
2026-09-27T08:48:22.3079405Z   ⛔ STATE-CONTRADICTION  notes/_briefs/2026-08-21-212-wrap-brief.md:6 asserts W-99 closed/done; the store says state=open
2026-09-27T08:48:22.3080290Z   ⛔ STATE-CONTRADICTION  notes/_briefs/2026-08-21-213-c1-residual-survey-v1.md:25 asserts W-84 open; the store says state=parked
2026-09-27T08:48:22.3081017Z   ⛔ STATE-CONTRADICTION  notes/_briefs/2026-08-21-213-c1-residual-survey-v1.md:25 asserts W-75 open; the store says state=parked
2026-09-27T08:48:22.3081724Z   ⛔ STATE-CONTRADICTION  notes/_briefs/2026-08-21-213-c1-residual-survey-v1.md:92 asserts W-84 open; the store says state=parked
2026-09-27T08:48:22.3082439Z   ⛔ STATE-CONTRADICTION  notes/_briefs/2026-08-21-213-c1-residual-survey-v1.md:92 asserts W-75 open; the store says state=parked
2026-09-27T08:48:22.3083149Z   ⛔ STATE-CONTRADICTION  notes/_briefs/2026-08-21-213-c1-residual-survey-v1.md:169 asserts W-84 open; the store says state=parked
2026-09-27T08:48:22.3083860Z   ⛔ STATE-CONTRADICTION  notes/_briefs/2026-08-21-213-c1-residual-survey-v1.md:169 asserts W-75 open; the store says state=parked
2026-09-27T08:48:22.3084868Z   ⛔ UNROWED-DOC          notes/_briefs/2026-08-22-215-taxonomy-research-v2.md is named by no store row's `home` — the #185 forgotten-document class; the repair is one `_state.add()` row and it is the conductor's, not this probe's
2026-09-27T08:48:22.3085837Z   ⛔ STATE-CONTRADICTION  notes/_briefs/2026-08-26-219-wrap-brief.md:33 asserts W-196 open; the store says state=done
2026-09-27T08:48:22.3086481Z   ⛔ UNKNOWN-RULING       notes/_briefs/2026-08-28-221-wrap-brief.md:6 cites s221-D1 — no such ruling in _rulings.json
2026-09-27T08:48:22.3087116Z   ⛔ UNKNOWN-RULING       notes/_briefs/2026-08-28-221-wrap-brief.md:16 cites s221-D1 — no such ruling in _rulings.json
2026-09-27T08:48:22.3087801Z   ⛔ STATE-CONTRADICTION  notes/_briefs/2026-08-31-230-seg-snippets-eye-brief.md:38 asserts W-307 closed/done; the store says state=open
2026-09-27T08:48:22.3088532Z   ⛔ STATE-CONTRADICTION  notes/_briefs/2026-08-31-231-delegated-wrap-brief.md:1 asserts W-330 closed/done; the store says state=open
2026-09-27T08:48:22.3089254Z   ⛔ STATE-CONTRADICTION  notes/_briefs/2026-09-01-233-delegated-wrap-brief.md:100 asserts W-308 open; the store says state=done
2026-09-27T08:48:22.3090054Z   ⛔ UNKNOWN-RULING       notes/_briefs/2026-09-02-234-quality-bar-research-brief.md:15 cites s63-D1 — no such ruling in _rulings.json
2026-09-27T08:48:22.3090779Z   ⛔ STATE-CONTRADICTION  notes/_briefs/2026-09-02-235-delegated-wrap-brief.md:14 asserts W-342 closed/done; the store says state=open
2026-09-27T08:48:22.3091506Z   ⛔ STATE-CONTRADICTION  notes/_briefs/2026-09-02-235-delegated-wrap-brief.md:14 asserts W-340 closed/done; the store says state=open
2026-09-27T08:48:22.3092219Z   ⛔ STATE-CONTRADICTION  notes/_briefs/2026-09-02-236-delegated-wrap-brief.md:27 asserts W-342 closed/done; the store says state=open
2026-09-27T08:48:22.3092935Z   ⛔ STATE-CONTRADICTION  notes/_briefs/2026-09-02-236-delegated-wrap-brief.md:27 asserts W-340 closed/done; the store says state=open
2026-09-27T08:48:22.3093694Z   ⛔ STATE-CONTRADICTION  notes/_briefs/2026-09-02-236-delegated-wrap-brief.md:31 asserts W-347 open; the store says state=done
2026-09-27T08:48:22.3094398Z   ⛔ STATE-CONTRADICTION  notes/_briefs/2026-09-02-236-delegated-wrap-brief.md:31 asserts W-348 open; the store says state=done
2026-09-27T08:48:22.3095091Z   ⛔ STATE-CONTRADICTION  notes/_briefs/2026-09-02-236-delegated-wrap-brief.md:31 asserts W-344 open; the store says state=done
2026-09-27T08:48:22.3095801Z   ⛔ STATE-CONTRADICTION  notes/_briefs/2026-09-02-239-delegated-wrap-brief.md:17 asserts W-381 closed/done; the store says state=open
2026-09-27T08:48:22.3096513Z   ⛔ STATE-CONTRADICTION  notes/_briefs/2026-09-02-240-delegated-wrap-brief.md:11 asserts W-384 closed/done; the store says state=open
2026-09-27T08:48:22.3097223Z   ⛔ STATE-CONTRADICTION  notes/_briefs/2026-09-03-242-delegated-wrap-brief.md:16 asserts W-374 closed/done; the store says state=open
2026-09-27T08:48:22.3097910Z P-4 premise-vs-store diff: 206 doc(s) over ['notes/_briefs/*.md'] vs 892 store item(s) / 638 ruling(s) · 85 finding(s)
2026-09-27T08:48:23.2828703Z PROBE P-4 — findings=85
2026-09-27T08:48:23.2829518Z --- rc=1 findings=85 · /home/runner/work/UX-design/UX-design/knowledge/_probe_registry/probe_premise_store.py --check
2026-09-27T08:48:23.2830291Z 
2026-09-27T08:48:23.2830473Z === P-5 · stale-figure grep [sandbox]
2026-09-27T08:48:23.2830782Z   live R1 snippets               = 137
2026-09-27T08:48:23.2831167Z   live R2 component metas        = 138
2026-09-27T08:48:23.2831485Z   live R3 showroom pages         = 138
2026-09-27T08:48:23.2831816Z   live R4 type-composite debt    = 1089
2026-09-27T08:48:23.2832124Z   live R5 open store items       = 727
2026-09-27T08:48:23.2833114Z P-5 stale-figure grep: 4 living doc(s) over ['knowledge/_LIVE-STATE.md', 'GOOD-MORNING.md', 'AGENTS.md', 'README.md', 'knowledge/README.md'] · 5 rule(s) live · 0 REFUSED · 0 finding(s)
2026-09-27T08:48:23.2834017Z PROBE P-5 — findings=0
2026-09-27T08:48:23.2834816Z --- rc=0 findings=0 · /home/runner/work/UX-design/UX-design/knowledge/_probe_registry/probe_stale_figure.py --check
2026-09-27T08:48:23.2835292Z 
2026-09-27T08:48:23.2835573Z === P-6 · input leading-trim enactment CANARY [sandbox-render]
2026-09-27T08:48:23.2837166Z COULD-NOT-ASK: P-6 text-box-trim enactment canary — NOT-IN-THIS-ENVIRONMENT: playwright is not importable. Stage it per knowledge/_RUNBOOK-render-verify.md (PYTHONPATH=/var/tmp/pylibs-<n>). REFUSED — not a pass.
2026-09-27T08:48:23.2838157Z PROBE P-6 — findings=UNKNOWN (environment refused, exit 77)
2026-09-27T08:48:23.2838876Z --- rc=77 findings=UNKNOWN · /home/runner/work/UX-design/UX-design/knowledge/_probe_registry/probe_input_trim_enactment.py --check
2026-09-27T08:48:23.2839348Z 
2026-09-27T08:48:23.2839503Z === P-7 · container self-query scan [sandbox]
2026-09-27T08:48:23.2840163Z   OK  knowledge/snippets/Action-bar.reference.html         containers=1  @container-targets=5   FAIL=0 WARN=0
2026-09-27T08:48:23.2840768Z   OK  knowledge/snippets/App-shell-doormat.reference.html  containers=2  @container-targets=10  FAIL=0 WARN=0
2026-09-27T08:48:23.2841331Z   OK  knowledge/snippets/App-shell-focused.reference.html  containers=1  @container-targets=12  FAIL=0 WARN=0
2026-09-27T08:48:23.2841906Z   OK  ledge/snippets/App-shell-multi-column.reference.html containers=1  @container-targets=8   FAIL=0 WARN=0
2026-09-27T08:48:23.2842473Z   OK  knowledge/snippets/App-shell-nav-rail.reference.html containers=1  @container-targets=20  FAIL=0 WARN=0
2026-09-27T08:48:23.2843036Z   OK  knowledge/snippets/App-shell-side-nav.reference.html containers=1  @container-targets=18  FAIL=0 WARN=0
2026-09-27T08:48:23.2843587Z   OK  knowledge/snippets/App-shell-split.reference.html    containers=1  @container-targets=19  FAIL=0 WARN=0
2026-09-27T08:48:23.2844132Z   OK  knowledge/snippets/App-shell-top-nav.reference.html  containers=1  @container-targets=18  FAIL=0 WARN=0
2026-09-27T08:48:23.2844671Z   OK  knowledge/snippets/Banner.reference.html             containers=1  @container-targets=2   FAIL=0 WARN=0
2026-09-27T08:48:23.2845338Z   OK  knowledge/snippets/Button.reference.html             containers=1  @container-targets=4   FAIL=0 WARN=0
2026-09-27T08:48:23.2845860Z   OK  knowledge/snippets/CTA-lockup.reference.html         containers=1  @container-targets=4   FAIL=0 WARN=0
2026-09-27T08:48:23.2846397Z   OK  knowledge/snippets/Card-header-lockup.reference.html containers=1  @container-targets=2   FAIL=0 WARN=0
2026-09-27T08:48:23.2846926Z   OK  knowledge/snippets/Cards.reference.html              containers=1  @container-targets=2   FAIL=0 WARN=0
2026-09-27T08:48:23.2847441Z   OK  knowledge/snippets/Cascader.reference.html           containers=1  @container-targets=4   FAIL=0 WARN=0
2026-09-27T08:48:23.2847975Z   OK  knowledge/snippets/Document-row.reference.html       containers=1  @container-targets=2   FAIL=0 WARN=0
2026-09-27T08:48:23.2848520Z   OK  nowledge/snippets/Feature-grid-lockup.reference.html containers=2  @container-targets=3   FAIL=0 WARN=0
2026-09-27T08:48:23.2849079Z   OK  knowledge/snippets/Filter-toolbar-bar.reference.html containers=2  @container-targets=14  FAIL=0 WARN=0
2026-09-27T08:48:23.2849632Z   OK  wledge/snippets/Footer-doormat-lockup.reference.html containers=2  @container-targets=3   FAIL=0 WARN=0
2026-09-27T08:48:23.2850292Z   OK  knowledge/snippets/Footer.reference.html             containers=1  @container-targets=6   FAIL=0 WARN=0
2026-09-27T08:48:23.2850812Z   OK  knowledge/snippets/Hero-variants.reference.html      containers=1  @container-targets=2   FAIL=0 WARN=0
2026-09-27T08:48:23.2851380Z   OK  knowledge/snippets/Layout-utilities.reference.html   containers=1  @container-targets=1   FAIL=0 WARN=0
2026-09-27T08:48:23.2851932Z   OK  knowledge/snippets/Links.reference.html              containers=1  @container-targets=2   FAIL=0 WARN=0
2026-09-27T08:48:23.2852469Z   OK  knowledge/snippets/List-items.reference.html         containers=1  @container-targets=0   FAIL=0 WARN=0
2026-09-27T08:48:23.2853031Z   OK  knowledge/snippets/Notifications.reference.html      containers=1  @container-targets=2   FAIL=0 WARN=0
2026-09-27T08:48:23.2853620Z   OK  knowledge/snippets/Page-header-lockup.reference.html containers=1  @container-targets=2   FAIL=0 WARN=0
2026-09-27T08:48:23.2854330Z   OK  knowledge/snippets/Progress-tracker.reference.html   containers=1  @container-targets=4   FAIL=0 WARN=0
2026-09-27T08:48:23.2854881Z   OK  knowledge/snippets/Selection-controls.reference.html containers=1  @container-targets=4   FAIL=0 WARN=0
2026-09-27T08:48:23.2855442Z   OK  e/snippets/Standing-order-mandate-row.reference.html containers=1  @container-targets=4   FAIL=0 WARN=0
2026-09-27T08:48:23.2855998Z   OK  knowledge/snippets/Status-indicator.reference.html   containers=1  @container-targets=2   FAIL=0 WARN=0
2026-09-27T08:48:23.2856530Z   OK  knowledge/snippets/Stepper.reference.html            containers=1  @container-targets=4   FAIL=0 WARN=0
2026-09-27T08:48:23.2857038Z   OK  knowledge/snippets/Table.reference.html              containers=1  @container-targets=20  FAIL=0 WARN=0
2026-09-27T08:48:23.2857537Z   OK  knowledge/snippets/Tags.reference.html               containers=1  @container-targets=2   FAIL=0 WARN=0
2026-09-27T08:48:23.2858050Z   OK  knowledge/snippets/Template-auth.reference.html      containers=1  @container-targets=4   FAIL=0 WARN=0
2026-09-27T08:48:23.2858593Z   OK  wledge/snippets/Template-confirmation.reference.html containers=1  @container-targets=1   FAIL=0 WARN=0
2026-09-27T08:48:23.2859158Z   OK  owledge/snippets/Template-create-edit.reference.html containers=1  @container-targets=7   FAIL=0 WARN=0
2026-09-27T08:48:23.2859827Z   OK  dge/snippets/Template-dashboard-bento.reference.html containers=2  @container-targets=10  FAIL=0 WARN=0
2026-09-27T08:48:23.2860390Z   OK  knowledge/snippets/Template-dashboard.reference.html containers=1  @container-targets=1   FAIL=0 WARN=0
2026-09-27T08:48:23.2860931Z   OK  knowledge/snippets/Template-detail.reference.html    containers=2  @container-targets=6   FAIL=0 WARN=0
2026-09-27T08:48:23.2861526Z   OK  knowledge/snippets/Template-empty.reference.html     containers=1  @container-targets=1   FAIL=0 WARN=0
2026-09-27T08:48:23.2862066Z   OK  knowledge/snippets/Template-error.reference.html     containers=1  @container-targets=1   FAIL=0 WARN=0
2026-09-27T08:48:23.2862618Z   OK  nowledge/snippets/Template-list-index.reference.html containers=1  @container-targets=3   FAIL=0 WARN=0
2026-09-27T08:48:23.2863163Z   OK  knowledge/snippets/Template-report.reference.html    containers=1  @container-targets=1   FAIL=0 WARN=0
2026-09-27T08:48:23.2863705Z   OK  knowledge/snippets/Template-settings.reference.html  containers=2  @container-targets=3   FAIL=0 WARN=0
2026-09-27T08:48:23.2864247Z   OK  knowledge/snippets/Template-wizard.reference.html    containers=1  @container-targets=11  FAIL=0 WARN=0
2026-09-27T08:48:23.2864773Z   OK  knowledge/snippets/Timeline.reference.html           containers=1  @container-targets=0   FAIL=0 WARN=0
2026-09-27T08:48:23.2865306Z   OK  knowledge/snippets/Transaction-row.reference.html    containers=1  @container-targets=6   FAIL=0 WARN=0
2026-09-27T08:48:23.2865847Z   OK  knowledge/snippets/Transfer-list.reference.html      containers=1  @container-targets=2   FAIL=0 WARN=0
2026-09-27T08:48:23.2866524Z P-7 container self-query scan: 137 file(s) over ['knowledge/snippets/*.reference.html'] · 0 finding(s) · 0 WARN-tier
2026-09-27T08:48:23.2866955Z PROBE P-7 — findings=0
2026-09-27T08:48:23.2867431Z --- rc=0 findings=0 · /home/runner/work/UX-design/UX-design/knowledge/_probe_registry/probe_container_self_query.py --check
2026-09-27T08:48:23.2867784Z 
2026-09-27T08:48:23.2867945Z === P-8 · dangling-var TEXT scan (no browser) [sandbox]
2026-09-27T08:48:23.2868478Z P-8 dangling-var TEXT scan: 137 file(s) over ['knowledge/snippets/*.reference.html'] · 0 finding(s) in 0 file(s) · by kind {}
2026-09-27T08:48:23.2868916Z PROBE P-8 — findings=0
2026-09-27T08:48:23.2869365Z --- rc=0 findings=0 · /home/runner/work/UX-design/UX-design/knowledge/_probe_registry/probe_dangling_var_text.py --check
2026-09-27T08:48:23.2869837Z 
2026-09-27T08:48:23.2870020Z ==============================================================================
2026-09-27T08:48:23.2870308Z REGISTRY RUN SUMMARY (8 probe(s))
2026-09-27T08:48:23.2870613Z id     env             rc    findings  class
2026-09-27T08:48:23.2870933Z P-1    sandbox         1     13        meta vs meta.schema.json drift
2026-09-27T08:48:23.2871292Z P-2    sandbox         0     0         duplicate id + unresolved IDREF in review pages
2026-09-27T08:48:23.2871682Z P-3    sandbox-render  77    REFUSED   dangling var renders silent black (dataviz)
2026-09-27T08:48:23.2872079Z P-4    sandbox         1     85        premise vs store disagreement (stale carried state)
2026-09-27T08:48:23.2872442Z P-5    sandbox         0     0         stale carried figure vs live measurement
2026-09-27T08:48:23.2872950Z P-6    sandbox-render  77    REFUSED   browser begins ENACTING text-box-trim inside form controls (library-wide field shift, no commit)
2026-09-27T08:48:23.2873515Z P-7    sandbox         0     0         @container rule aimed at its own container (the rule can never fire)
2026-09-27T08:48:23.2874099Z P-8    sandbox         0     0         dangling var(--x) — the property is declared nowhere reachable in the file (TEXT tier)
2026-09-27T08:48:23.2874607Z ⚠ 2 probe(s) reported findings, an UNKNOWN count, or a non-zero rc.
2026-09-27T08:48:23.2874819Z 
2026-09-27T08:48:23.2875075Z ⛔ COULD-NOT-ASK (2) — these probes did NOT run, and this run says NOTHING about their class.
2026-09-27T08:48:23.2875519Z    They do not fail this run; they also do not pass. Each line is the probe's OWN reason:
2026-09-27T08:48:23.2875901Z    [P-3] dangling var renders silent black (dataviz)
2026-09-27T08:48:23.2876670Z        COULD-NOT-ASK: P-3 dangling-var PIXEL test — NOT-IN-THIS-ENVIRONMENT: playwright is not importable. Stage it per knowledge/_RUNBOOK-render-verify.md (PYTHONPATH=/var/tmp/pylibs). REFUSED — not a pass.
2026-09-27T08:48:23.2877619Z    [P-6] browser begins ENACTING text-box-trim inside form controls (library-wide field shift, no commit)
2026-09-27T08:48:23.2878987Z        COULD-NOT-ASK: P-6 text-box-trim enactment canary — NOT-IN-THIS-ENVIRONMENT: playwright is not importable. Stage it per knowledge/_RUNBOOK-render-verify.md (PYTHONPATH=/var/tmp/pylibs-<n>). REFUSED — not a pass.
2026-09-27T08:48:23.2880307Z ⛔ A green registry run proves THE PROBES RAN, not that the tree is clean. Each probe's `blind` field says what it cannot see; the verifier brief keeps free hunting mandatory for exactly that reason.
2026-09-27T08:48:54.3763049Z evidence linter: 336 row(s) from 10 file(s) · 297 mechanical
2026-09-27T08:48:54.3766077Z   ⛔ L1-1 — DEAD POINTER: evidence names `tokens/_blast-radius.json`, which does not exist on disk — a dead pointer reads as evidence. If the ABSENCE is the claim, write `absent:tokens/_blast-radius.json`; if the file lives outside the repo, use the ruled s191-D2 marker `(NON-REPO: <where>)`
2026-09-27T08:48:54.3768019Z   ⛔ L1-4 — s182-D1: MECHANICAL row (tag=PROVEN verdict=None) carries NO probeable token — no command, no existing path, no figure. Evidence: "The verbatim gate line in L1-3. ⛔ Do not quote the brief's numbers"
2026-09-27T08:48:54.3772664Z   ⛔ L1-1 — DEAD POINTER: evidence names `tokens/_blast-radius.json`, which does not exist on disk — a dead pointer reads as evidence. If the ABSENCE is the claim, write `absent:tokens/_blast-radius.json`; if the file lives outside the repo, use the ruled s191-D2 marker `(NON-REPO: <where>)`
2026-09-27T08:48:54.3774926Z   ⛔ C-2 — s182-D1: MECHANICAL row (tag=None verdict=CONFIRMED) carries NO probeable token — no command, no existing path, no figure. Evidence: 'The claim table only counted `PROPOSED` in the snippets. The brief (step 3) requires it in'
2026-09-27T08:48:54.3777315Z   ⛔ H-5 — s182-D1: MECHANICAL row (tag=None verdict=CONFIRMED) carries NO probeable token — no command, no existing path, no figure. Evidence: 'C-6 + L1-10: the six are absent from canon, the generators exist, the reconciliation is av'
2026-09-27T08:48:54.3779929Z   ⛔ W2-13 — DEAD POINTER (truncated): evidence names `notes/x.md…`, and NO path on disk starts with it — the trailing ellipsis does not make a dead pointer legal (#208 laundering hole). Write the full path, or `absent:notes/x.md` if the ABSENCE is the claim, or add the ruled `(NON-REPO: <where>)` marker
2026-09-27T08:48:54.3781654Z ── s182-D1 LINT: 6 failure(s)
2026-09-27T08:48:54.3783131Z ── SAMPLER · seed=205 · pool=230 row(s) with a command · 15 with a declared observation (always drawn) · drawn=20: G-c, W1-5, W2-3, W2-3, W46-11, WIRE-10, WIRE-11, WIRE-13, WIRE-14, WIRE-15, WIRE-18, WIRE-19, WIRE-20, WIRE-21, WIRE-3, WIRE-4, WIRE-5, WIRE-6, WIRE-8, WIRE-9
2026-09-27T08:48:54.3784946Z   ⛔ REFUSED [UNSAFE] G-c — `python3 -c "import _gate_doc_rows as g; g.unrowed(store, pop + [('2026-08-19','notes/_briefs/2026-08`
2026-09-27T08:48:54.3785872Z       `python3 -c` runs arbitrary code — cannot be judged read-only
2026-09-27T08:48:54.3786693Z   ⛔ REFUSED [DOES-NOT-TERMINATE] W1-5 — `python3 knowledge/_capture_gate.py --selftest` did not exit within 30s
2026-09-27T08:48:54.3787544Z   ⛔ REFUSED [SIDE-EFFECTS] W2-3 — `python3 knowledge/_state.py`
2026-09-27T08:48:54.3788278Z       a bare `python3` REWRITES its tracked audit output; #204 declared this exact stop. Only --check/--selftest/--dry-run forms are sampled
2026-09-27T08:48:54.3789102Z   ⛔ REFUSED [SIDE-EFFECTS] W2-3 — `python3 knowledge/_state.py`
2026-09-27T08:48:54.3789997Z       a bare `python3` REWRITES its tracked audit output; #204 declared this exact stop. Only --check/--selftest/--dry-run forms are sampled
2026-09-27T08:48:54.3791056Z   ⛔ REFUSED [SIDE-EFFECTS] W46-11 — `python3 knowledge/_memento_search.py "brief generator mint open items fences"`
2026-09-27T08:48:54.3791982Z       a bare `python3` REWRITES its tracked audit output; #204 declared this exact stop. Only --check/--selftest/--dry-run forms are sampled
2026-09-27T08:48:54.3792832Z   ⛔ REFUSED [UNSAFE] WIRE-10 — `bash knowledge/_git_commit.sh --selftest`
2026-09-27T08:48:54.3793341Z       head verb 'bash' is not on the read-only allowlist
2026-09-27T08:48:54.3794277Z   ✅ RAN WIRE-11 — `grep -c 'pat.match(s)' knowledge/_git_commit.sh` → rc=0 (matches declared + OBSERVATION)
2026-09-27T08:48:54.3795164Z   ✅ RAN WIRE-13 — `grep -c PREFIX_ACK knowledge/_git_commit.sh` → rc=0 (matches declared + OBSERVATION)
2026-09-27T08:48:54.3796036Z   ⛔ OBSERVATION MISMATCH WIRE-14 — `python3 knowledge/_build_all.py --selftest`
2026-09-27T08:48:54.3797815Z       stdout does NOT contain 'exact-ID failure routing over 127 steps' (declared expect_stdout_contains). First 120 chars of stdout: '  selftest (a): 152 registered step ID(s), each resolves to exactly one route ✓\n  selftest (b): unknown step ID refuses,'
2026-09-27T08:48:54.3799409Z   ✅ RAN WIRE-15 — `python3 knowledge/_probe_registry/_registry.py --run --probe P-3` → rc=77 (matches declared + OBSERVATION)
2026-09-27T08:48:54.3800611Z   ⛔ REFUSED [SIDE-EFFECTS] WIRE-18 — `python3 knowledge/_validate_evidence.py notes/_claims`
2026-09-27T08:48:54.3801687Z       a bare `python3` REWRITES its tracked audit output; #204 declared this exact stop. Only --check/--selftest/--dry-run forms are sampled
2026-09-27T08:48:54.3802946Z   ⛔ REFUSED [SIDE-EFFECTS] WIRE-19 — `python3 knowledge/_join_claim_tables.py notes/_claims/208-wave1-claims.jsonl notes/_claims/208-wave2`
2026-09-27T08:48:54.3804002Z       a bare `python3` REWRITES its tracked audit output; #204 declared this exact stop. Only --check/--selftest/--dry-run forms are sampled
2026-09-27T08:48:54.3805046Z   ⛔ RC MISMATCH WIRE-20 — `python3 knowledge/_governs.py --selftest` → rc=77, row declares rc=0
2026-09-27T08:48:54.3805897Z   ⛔ OBSERVATION MISMATCH WIRE-21 — `grep -c 'fetch-depth: 0' .github/workflows/gates.yml`
2026-09-27T08:48:54.3806555Z       expect_count=3 declared, command observed 4
2026-09-27T08:48:54.3807354Z   ✅ RAN WIRE-3 — `grep -c expect_stdout_contains knowledge/_claimtable.py` → rc=0 (matches declared + OBSERVATION)
2026-09-27T08:48:54.3808393Z   ✅ RAN WIRE-4 — `python3 knowledge/_validate_evidence.py --selftest` → rc=0 (matches declared + OBSERVATION)
2026-09-27T08:48:54.3809324Z   ✅ RAN WIRE-5 — `python3 knowledge/_validate_evidence.py --selftest` → rc=0 (matches declared + OBSERVATION)
2026-09-27T08:48:54.3810578Z   ✅ RAN WIRE-6 — `python3 knowledge/_validate_evidence.py --selftest` → rc=0 (matches declared + OBSERVATION)
2026-09-27T08:48:54.3811531Z   ✅ RAN WIRE-8 — `python3 knowledge/_validate_evidence.py --selftest` → rc=0 (matches declared + OBSERVATION)
2026-09-27T08:48:54.3812685Z   ⛔ REFUSED [SIDE-EFFECTS] WIRE-9 — `python3 knowledge/_validate_evidence.py notes/_claims/208-wave1-claims.jsonl notes/_claims/208-wave2`
2026-09-27T08:48:54.3813829Z       a bare `python3` REWRITES its tracked audit output; #204 declared this exact stop. Only --check/--selftest/--dry-run forms are sampled
2026-09-27T08:48:54.3814943Z ── DECLARED GAP: 9 of 20 sampled row(s) were NOT run. Refusal is the honest answer; none of them is counted as a pass.
2026-09-27T08:48:54.3815748Z ⛔ EVIDENCE GATE FAIL — 6 lint · 0 unparsed · 3 rc/observation mismatch
2026-09-27T08:48:55.0688487Z _governs: ⬛ DECLARED (#208) — ruling s202-D3 governs the BARE token `knowledge`, which is a real DIRECTORY. Before #208 it matched every path carrying a `knowledge` segment (the too-loose arm, and the reason the negative control and [13] were red); it now governs NOTHING. REACH LOST HERE. Remedy: name the files/symbols it really governs, via `_inscribe_ruling.py` — the only legal writer of _rulings.json. ⛔ That scope is Dave's call, not this gate's.
2026-09-27T08:48:55.0692221Z _governs: ⬛ DECLARED (#208) — ruling s217-D5 governs the BARE token `showroom`, which is a real DIRECTORY. Before #208 it matched every path carrying a `showroom` segment (the too-loose arm, and the reason the negative control and [13] were red); it now governs NOTHING. REACH LOST HERE. Remedy: name the files/symbols it really governs, via `_inscribe_ruling.py` — the only legal writer of _rulings.json. ⛔ That scope is Dave's call, not this gate's.
2026-09-27T08:48:55.0696787Z _governs: ⬛ DECLARED (#208) — ruling s237-D9 governs the BARE token `apollo-spider`, which is a real DIRECTORY. Before #208 it matched every path carrying a `apollo-spider` segment (the too-loose arm, and the reason the negative control and [13] were red); it now governs NOTHING. REACH LOST HERE. Remedy: name the files/symbols it really governs, via `_inscribe_ruling.py` — the only legal writer of _rulings.json. ⛔ That scope is Dave's call, not this gate's.
2026-09-27T08:48:55.0701120Z _governs: ⬛ DECLARED (#208) — ruling s238-D5 governs the BARE token `apollo-spider`, which is a real DIRECTORY. Before #208 it matched every path carrying a `apollo-spider` segment (the too-loose arm, and the reason the negative control and [13] were red); it now governs NOTHING. REACH LOST HERE. Remedy: name the files/symbols it really governs, via `_inscribe_ruling.py` — the only legal writer of _rulings.json. ⛔ That scope is Dave's call, not this gate's.
2026-09-27T08:48:55.0717167Z _governs: ⬛ DECLARED (#208) — 89 `governs` entr(ies) name a DIRECTORY with a path separator; they governed no file BEFORE #208 and govern none after (unchanged, pre-existing under-specification, not a #208 narrowing): dv-2px-separation→knowledge/snippets, opacity-primitives→knowledge/canon, opacity-primitives→knowledge/snippets, showroom-one-bar-chrome→knowledge/snippets/, showroom-one-bar-chrome→showroom/, snippets-pure-canon→knowledge/snippets/, opacity-primitives-4pct→knowledge/, ds-028→knowledge/snippets/, ds-030→knowledge/snippets/, ds-034→knowledge/snippets/, ds-035→knowledge/tokens/themes/, s114-D4→designer-skills-v1/, s114-D4→designer-skills-v2/, s114-D7→memento-package/, s135-D3→knowledge/components/, s193-D1→memento-package/, s198-D1→knowledge/tokens, s198-D2→knowledge/tokens, s199-D1→knowledge/tokens, s199-D2→knowledge/tokens, s199-D3→knowledge/tokens, s200-D1→knowledge/tokens, s200-D2→knowledge/tokens, s200-D3→knowledge/tokens, s200-D4→knowledge/tokens, s201-D1→knowledge/tokens, s201-D2→knowledge/tokens, s201-D3→knowledge/tokens, s201-D4→knowledge/tokens, s201-D5→knowledge/tokens, s202-D1→knowledge/tokens, s202-D2→knowledge/tokens, s216-D1→knowledge/tokens/themes, s217-D2→knowledge/canon, s217-D2→knowledge/tokens/themes, s217-D3→knowledge/canon, s217-D5→knowledge/canon, s219-D4→designer-skills-v1/, s219-D4→designer-skills-v2/, s219-D4→memento-package/, s219-D5→knowledge/_release/, s219-D6→knowledge/_release/, s219-D7→knowledge/_release/, s219-D7→memento-package/, s219-D8→knowledge/_release/, s219-D9→knowledge/_release/, s219-D9→apollo-spider/, s219-D10→knowledge/_release/, s219-D10→apollo-spider/, s237-D7→notes/_briefs, s245-D1→knowledge/components/, s245-D3→knowledge/components/, s245-D4→knowledge/components/, s245-D5→knowledge/components/, s245-D10→knowledge/tokens, s251-D3→knowledge/components/, s251-D4→knowledge/components/, s251-D5→knowledge/components/, s251-D6→knowledge/components/, s251-D7→knowledge/components/, s251-D8→knowledge/components/, s251-D9→knowledge/components/, s251-D10→knowledge/components/, s251-D11→knowledge/components/, s251-D12→knowledge/components/, s260-D3→knowledge/_tests/chart-engine/, s261-D1→knowledge/snippets/, s261-D1→apollo-spider/, s261-D8→showroom/, s261-D8→reviews/, s268-D1→apollo-spider/dist/, s268-D2→apollo-spider/dist/, s268-D3→apollo-spider/dist/, s268-D4→apollo-spider/dist/, s268-D6→knowledge/components/, s273-D1→knowledge/components, s273-D2→knowledge/components, s276-D1→knowledge/compliance/rules, s276-D2→knowledge/compliance/rules, s277-D4→knowledge/assets/logos/, s277-D5→knowledge/components/, s277-D7→knowledge/assets/logos/, s277-D9→knowledge/guidelines/, s277-D10→designer-skills-v2/, s277-D12→knowledge/tokens/, s278-D1→designer-skills-v2/, s279-D1→designer-skills-v2/, s279-D1→knowledge/_release/, s282-D4→knowledge/assets/logos/
2026-09-27T08:48:55.0731621Z _governs: COULD-NOT-ASK — ruling ds-034's evidence `outputs/_FINDING-canon-pri-hover-brand-mono-fork-2026-08-06-v1.md` is excluded by this repo's own .gitignore — no checkout can hold it, so whether it has rotted is UNASKABLE here; the machine that wrote it is where that question has an answer
2026-09-27T08:48:55.0734549Z _governs: COULD-NOT-ASK — ruling ds-034's evidence `outputs/_PARTITION-button-primary-2026-08-06-v1.md` is excluded by this repo's own .gitignore — no checkout can hold it, so whether it has rotted is UNASKABLE here; the machine that wrote it is where that question has an answer
2026-09-27T08:48:55.0737003Z _governs: COULD-NOT-ASK — ruling ds-035's evidence `outputs/_FINDING-canon-pri-hover-brand-mono-fork-2026-08-06-v1.md` is excluded by this repo's own .gitignore — no checkout can hold it, so whether it has rotted is UNASKABLE here; the machine that wrote it is where that question has an answer
2026-09-27T08:48:55.0738541Z _governs: SKIPPED anchor on superseded ruling s129-D1 (superseded_by s171-D1): `knowledge/_gauge_tokens.py#BOOT_FIRSTTURN_TK = 54_859`
2026-09-27T08:48:55.0739478Z _governs: SKIPPED anchor on superseded ruling s129-D1 (superseded_by s171-D1): `knowledge/_gauge_tokens.py#RE-BASED #129, 2026-08-08`
2026-09-27T08:48:55.0740562Z _governs: SKIPPED anchor on superseded ruling s129-D1 (superseded_by s171-D1): `knowledge/_capture_gate.py#if "boot" not in ln.lower():`
2026-09-27T08:48:55.0741461Z _governs: SKIPPED anchor on superseded ruling s129-D1 (superseded_by s171-D1): `notes/_GAUGE-LOG.md##### 2026-08-08 #129`
2026-09-27T08:48:55.0742380Z _governs: SKIPPED anchor on superseded ruling s129-D1 (superseded_by s171-D1): `notes/_MEMENTO-DECISIONS.md#THE BOOT FLOOR IS RE-BASED: 75,899`
2026-09-27T08:48:55.0743978Z _governs: COULD-NOT-ASK — ruling s245-D6's evidence `knowledge/_tmp/l3-245/rename-plan.json` is excluded by this repo's own .gitignore — no checkout can hold it, so whether it has rotted is UNASKABLE here; the machine that wrote it is where that question has an answer
2026-09-27T08:48:55.0745316Z   _governs.py selftest: all bites green (4 pointer(s) UNASKABLE in this checkout)
2026-09-27T08:48:55.0750699Z COULD-NOT-ASK: _governs.py --selftest — 4 evidence pointer(s) name paths this checkout cannot hold: ruling ds-034's evidence `outputs/_FINDING-canon-pri-hover-brand-mono-fork-2026-08-06-v1.md` is excluded by this repo's own .gitignore — no checkout can hold it, so whether it has rotted is UNASKABLE here; the machine that wrote it is where that question has an answer · ruling ds-034's evidence `outputs/_PARTITION-button-primary-2026-08-06-v1.md` is excluded by this repo's own .gitignore — no checkout can hold it, so whether it has rotted is UNASKABLE here; the machine that wrote it is where that question has an answer · ruling ds-035's evidence `outputs/_FINDING-canon-pri-hover-brand-mono-fork-2026-08-06-v1.md` is excluded by this repo's own .gitignore — no checkout can hold it, so whether it has rotted is UNASKABLE here; the machine that wrote it is where that question has an answer · ruling s245-D6's evidence `knowledge/_tmp/l3-245/rename-plan.json` is excluded by this repo's own .gitignore — no checkout can hold it, so whether it has rotted is UNASKABLE here; the machine that wrote it is where that question has an answer
2026-09-27T08:48:55.1316258Z frozen-release gate — 3 release(s) at 52049781fade
2026-09-27T08:48:55.1316803Z   designer-skills-v1   version v1          6 file(s)  b83d048483b7
2026-09-27T08:48:55.1317356Z   designer-skills-v2   version v2.1     1102 file(s)  ae920995c32e
2026-09-27T08:48:55.1317955Z   apollo-spider        version v1.0.13    13 file(s)  60604b8d109e
2026-09-27T08:48:55.1318164Z 
2026-09-27T08:48:55.1318325Z PASS — 3 arm(s) asked, no frozen surface moved.
2026-09-27T08:48:56.4365716Z selftest: 17 bites, 0 fail(s)
2026-09-27T08:48:57.2226109Z PASS — the manifest at knowledge/_release/_pack_manifest.json is byte-identical to a fresh generation at 08e315dca376 (1714 files, sha256 499c144ccbf84f34)
2026-09-27T08:48:57.2226829Z 
2026-09-27T08:48:57.2227329Z PARKED DUE — 5 parked item(s) are due at release-cut — python3 knowledge/_parked.py --due release-cut
2026-09-27T08:48:58.1186431Z SKIPPED — apollo-spider/dist/Apollo-Spider-v1.0.0.zip is FROZEN HISTORY (not the manifest's v1.0.13); its integrity is _gate_frozen_release.py's jurisdiction, not this arm's
2026-09-27T08:48:58.1188004Z SKIPPED — apollo-spider/dist/Apollo-Spider-v1.0.1.zip is FROZEN HISTORY (not the manifest's v1.0.13); its integrity is _gate_frozen_release.py's jurisdiction, not this arm's
2026-09-27T08:48:58.1189172Z SKIPPED — apollo-spider/dist/Apollo-Spider-v1.0.10.zip is FROZEN HISTORY (not the manifest's v1.0.13); its integrity is _gate_frozen_release.py's jurisdiction, not this arm's
2026-09-27T08:48:58.1190341Z SKIPPED — apollo-spider/dist/Apollo-Spider-v1.0.11.zip is FROZEN HISTORY (not the manifest's v1.0.13); its integrity is _gate_frozen_release.py's jurisdiction, not this arm's
2026-09-27T08:48:58.1191255Z SKIPPED — apollo-spider/dist/Apollo-Spider-v1.0.12.zip is FROZEN HISTORY (not the manifest's v1.0.13); its integrity is _gate_frozen_release.py's jurisdiction, not this arm's
2026-09-27T08:48:58.1191986Z PASS — apollo-spider/dist/Apollo-Spider-v1.0.13.zip matches the manifest at 08e315dca376
2026-09-27T08:48:58.1192752Z SKIPPED — apollo-spider/dist/Apollo-Spider-v1.0.2.zip is FROZEN HISTORY (not the manifest's v1.0.13); its integrity is _gate_frozen_release.py's jurisdiction, not this arm's
2026-09-27T08:48:58.1193662Z SKIPPED — apollo-spider/dist/Apollo-Spider-v1.0.3.zip is FROZEN HISTORY (not the manifest's v1.0.13); its integrity is _gate_frozen_release.py's jurisdiction, not this arm's
2026-09-27T08:48:58.1194553Z SKIPPED — apollo-spider/dist/Apollo-Spider-v1.0.4.zip is FROZEN HISTORY (not the manifest's v1.0.13); its integrity is _gate_frozen_release.py's jurisdiction, not this arm's
2026-09-27T08:48:58.1195452Z SKIPPED — apollo-spider/dist/Apollo-Spider-v1.0.6.zip is FROZEN HISTORY (not the manifest's v1.0.13); its integrity is _gate_frozen_release.py's jurisdiction, not this arm's
2026-09-27T08:48:58.1196353Z SKIPPED — apollo-spider/dist/Apollo-Spider-v1.0.7.zip is FROZEN HISTORY (not the manifest's v1.0.13); its integrity is _gate_frozen_release.py's jurisdiction, not this arm's
2026-09-27T08:48:58.1197252Z SKIPPED — apollo-spider/dist/Apollo-Spider-v1.0.8.zip is FROZEN HISTORY (not the manifest's v1.0.13); its integrity is _gate_frozen_release.py's jurisdiction, not this arm's
2026-09-27T08:48:58.1198449Z SKIPPED — apollo-spider/dist/Apollo-Spider-v1.0.9.zip is FROZEN HISTORY (not the manifest's v1.0.13); its integrity is _gate_frozen_release.py's jurisdiction, not this arm's
2026-09-27T08:48:58.1200267Z ❌ the manifest reads version 'v1.0.13' and NO zip in dist/ carries it (zips present: Apollo-Spider-v1.0.0.zip, Apollo-Spider-v1.0.1.zip, Apollo-Spider-v1.0.10.zip, Apollo-Spider-v1.0.11.zip, Apollo-Spider-v1.0.12.zip, Apollo-Spider-v1.0.2.zip, Apollo-Spider-v1.0.3.zip, Apollo-Spider-v1.0.4.zip, Apollo-Spider-v1.0.6.zip, Apollo-Spider-v1.0.7.zip, Apollo-Spider-v1.0.8.zip, Apollo-Spider-v1.0.9.zip) — the manifest names a release nobody baked.
2026-09-27T08:48:58.1201603Z ADVISORY — the manifest was generated at 08e315dca376; HEAD is 52049781fade, 329 commit(s) later.
2026-09-27T08:48:58.1202222Z   A pack cut now would ship the tree as it stood at 08e315dca376. That may be exactly right.
2026-09-27T08:48:58.1202731Z   ⬛ WHETHER TO RE-CUT IS DAVE'S (s219-D4(2)): a release is explicit, versioned, his word.
2026-09-27T08:48:58.1203382Z   If he says re-cut: python3 knowledge/_release/_gen_pack_manifest.py --probe --commit <sha> && python3 knowledge/_release/_gen_pack_manifest.py --manifest --commit <sha>
2026-09-27T08:48:58.1203917Z selftest: 10 bites, 0 fail(s)
2026-09-27T08:48:58.1558927Z COULD-NOT-ASK: apollo-spider/ci-template/gates.yml — PyYAML is not importable in this environment, and this gate parses the template in YAML rather than guessing at it with string matching. Install it (pip install pyyaml) — the release job in .github/workflows/gates.yml does exactly that
2026-09-27T08:48:58.1886057Z COULD-NOT-ASK: the ci-template selftest — PyYAML is not importable, and every arm below parses YAML. Install it (pip install pyyaml).
2026-09-27T08:48:58.5265077Z SKIPPED — apollo-spider/dist/Apollo-Spider-v1.0.0.zip is FROZEN HISTORY (not the manifest's v1.0.13); its integrity is _gate_frozen_release.py's jurisdiction, not this arm's
2026-09-27T08:48:58.5266270Z SKIPPED — apollo-spider/dist/Apollo-Spider-v1.0.1.zip is FROZEN HISTORY (not the manifest's v1.0.13); its integrity is _gate_frozen_release.py's jurisdiction, not this arm's
2026-09-27T08:48:58.5267375Z SKIPPED — apollo-spider/dist/Apollo-Spider-v1.0.10.zip is FROZEN HISTORY (not the manifest's v1.0.13); its integrity is _gate_frozen_release.py's jurisdiction, not this arm's
2026-09-27T08:48:58.5268437Z SKIPPED — apollo-spider/dist/Apollo-Spider-v1.0.11.zip is FROZEN HISTORY (not the manifest's v1.0.13); its integrity is _gate_frozen_release.py's jurisdiction, not this arm's
2026-09-27T08:48:58.5269370Z SKIPPED — apollo-spider/dist/Apollo-Spider-v1.0.12.zip is FROZEN HISTORY (not the manifest's v1.0.13); its integrity is _gate_frozen_release.py's jurisdiction, not this arm's
2026-09-27T08:48:58.5270388Z PASS — apollo-spider/dist/Apollo-Spider-v1.0.13.zip matches the manifest at 08e315dca376
2026-09-27T08:48:58.5271152Z SKIPPED — apollo-spider/dist/Apollo-Spider-v1.0.2.zip is FROZEN HISTORY (not the manifest's v1.0.13); its integrity is _gate_frozen_release.py's jurisdiction, not this arm's
2026-09-27T08:48:58.5272069Z SKIPPED — apollo-spider/dist/Apollo-Spider-v1.0.3.zip is FROZEN HISTORY (not the manifest's v1.0.13); its integrity is _gate_frozen_release.py's jurisdiction, not this arm's
2026-09-27T08:48:58.5272974Z SKIPPED — apollo-spider/dist/Apollo-Spider-v1.0.4.zip is FROZEN HISTORY (not the manifest's v1.0.13); its integrity is _gate_frozen_release.py's jurisdiction, not this arm's
2026-09-27T08:48:58.5273923Z SKIPPED — apollo-spider/dist/Apollo-Spider-v1.0.6.zip is FROZEN HISTORY (not the manifest's v1.0.13); its integrity is _gate_frozen_release.py's jurisdiction, not this arm's
2026-09-27T08:48:58.5274817Z SKIPPED — apollo-spider/dist/Apollo-Spider-v1.0.7.zip is FROZEN HISTORY (not the manifest's v1.0.13); its integrity is _gate_frozen_release.py's jurisdiction, not this arm's
2026-09-27T08:48:58.5275729Z SKIPPED — apollo-spider/dist/Apollo-Spider-v1.0.8.zip is FROZEN HISTORY (not the manifest's v1.0.13); its integrity is _gate_frozen_release.py's jurisdiction, not this arm's
2026-09-27T08:48:58.5277119Z SKIPPED — apollo-spider/dist/Apollo-Spider-v1.0.9.zip is FROZEN HISTORY (not the manifest's v1.0.13); its integrity is _gate_frozen_release.py's jurisdiction, not this arm's
2026-09-27T08:48:58.5804879Z ADVISORY — the manifest was generated at 08e315dca376; HEAD is 52049781fade, 329 commit(s) later.
2026-09-27T08:48:58.5805669Z   A pack cut now would ship the tree as it stood at 08e315dca376. That may be exactly right.
2026-09-27T08:48:58.5806330Z   ⬛ WHETHER TO RE-CUT IS DAVE'S (s219-D4(2)): a release is explicit, versioned, his word.
2026-09-27T08:48:58.5806973Z   If he says re-cut: python3 knowledge/_release/_gen_pack_manifest.py --probe --commit <sha> && python3 knowledge/_release/_gen_pack_manifest.py --manifest --commit <sha>
2026-09-27T08:48:58.6797191Z polarity gate (s238-D7): home knowledge/brain · rows 30 (live 30 · retired 0) · parties 68 (principle 45 · obligation 6 · ruling 2 · stub 15) · stubs declared 15 · links 21 by type challengedBy=4 explainedBy=1 resolvedBy=7 touches=9 · refusals asked: R1 R2 R3 R4 R5 — none fired
2026-09-27T08:48:58.6798896Z   quotes 21: verbatim against their source rows in notes/_subreports/assets/2026-09-02-236-R1-principles-survey/tensions.json — 21 verified (an unverifiable quote is refused, never declared — Q3 #239) · schema pinned c2c165ac126d… + 54 floors · receipt $migration verified
2026-09-27T08:48:58.6800082Z   receipts (s240-D3): ONE pointer per node — R1 register row 30 · $seed ruling id 0 · retiredBy 0
2026-09-27T08:48:58.6800824Z   RULE R-OBLIGATION: >=1 party resolves to a principles.json row whose grade is L (= OBLIGATION, s237-D1; a node type no principle can outrank, s237-D2) -> settled-by-obligation. Applied FIRST.
2026-09-27T08:48:58.6801819Z   RULE R-RESOLVED: >=1 link typed resolvedBy whose ref is a live ruling in knowledge/_rulings.json -> resolved. (237-T's R-RESOLVED read how_it_resolves prose for an id; the typed link IS that citation, migrated.)
2026-09-27T08:48:58.6802461Z   RULE R-OPEN: the complement.
2026-09-27T08:48:58.6803539Z   RULE RULE-K/RULE-D: knowable_how / disposition / ask_when / factory_default are COPIED per open row from 237-T's open-tensions.json, FLOATED — the four ask-whens are Dave's (s238-D3); this file rules nothing. `factory_default` is the GRILL's sense of default (value used because nothing was asked), not s219-D3's shipped option.
2026-09-27T08:48:58.6804624Z   status derived: settled-by-obligation 6 · resolved 4 · open 20   (237-T at its clock: 6 · 3 · 21)
2026-09-27T08:48:58.6805969Z   RULE EDGES: for each polarity, for each unordered pair of parties on DIFFERENT sides whose refs both resolve to principles.json rows (principle or obligation) -> one edge carrying the polarity id and its mediating variable. Same-side pairs produce NO edge (237-T finding 4: tn-19's three persuasion principles are one side). Stubs and rulings produce NO edge (237-T finding 3: an edge needs a register node at both ends). This is a VIEW: the node is the home (s238-D1).
2026-09-27T08:48:58.6807188Z   edges derived: 22
2026-09-27T08:48:58.6807884Z   D-DECLARE (s238-D5): a polarity's factory default is DECLARED iff it BENT AWAY FROM THE CONSERVATIVE SIDE — not all of them, not on demand.  open 20 · declared 0 · UNPROVEN 20 (conservative side not carried as data)
2026-09-27T08:48:58.6808715Z   ✓ _generated/polarity-status.json fresh (generated_at 2026-09-02T15:18:55Z, content byte-identical)
2026-09-27T08:48:58.6809287Z   ✓ _generated/polarity-edges.json fresh (generated_at 2026-09-02T15:18:55Z, content byte-identical)
2026-09-27T08:48:58.6809940Z   ✓ _generated/defaults-declaration.txt fresh (generated_at 2026-09-02T15:18:55Z, content byte-identical)
2026-09-27T08:48:58.6810500Z ✓ polarity gate GREEN — five refusals asked and none fired; generated files content-fresh
2026-09-27T08:49:05.3797171Z ====================================================================================================
2026-09-27T08:49:05.3798259Z _validate_polarities.py --selftest — every arm drives gate() on a copy of the REAL rows
2026-09-27T08:49:05.3799341Z ====================================================================================================
2026-09-27T08:49:05.3799654Z   #  result  expect    rc  named  arm
2026-09-27T08:49:05.3800275Z   1  PASS    green      0  -      CONTROL: the real 30 rows, untouched
2026-09-27T08:49:05.3800701Z   2  PASS    red        1  yes    R1 dangling PARTY ref (pr-does-not-exist)
2026-09-27T08:49:05.3801048Z   3  PASS    red        1  yes    R1 dangling LINK ref (s999-D9)
2026-09-27T08:49:05.3801397Z   4  PASS    red        1  yes    R1 link to a SUPERSEDED ruling (s129-D1, real store)
2026-09-27T08:49:05.3801776Z   5  PASS    red        1  yes    R1 PARTY that is a superseded ruling (s129-D1)
2026-09-27T08:49:05.3802231Z   6  PASS    red        1  yes    V30 R1 resolvedBy a ruling superseded in the store's PROSE only (s200-D2) (#239 Q1)
2026-09-27T08:49:05.3802887Z   7  PASS    red        1  yes    V31 R1 resolvedBy a ruling whose status says OPEN/PARKED/DEFERRED/FORKED (gauge-band) (#239 Q1)
2026-09-27T08:49:05.3803616Z   8  PASS    green      0  -      V31-control: the SAME ruling as `touches` is fine — only a resolvedBy closes (#239 Q1)
2026-09-27T08:49:05.3804192Z   9  PASS    red        1  yes    R1 SELF-PARTY (pl-01 lists itself)
2026-09-27T08:49:05.3804834Z  10  PASS    red        1  yes    R1 CIRCULAR polarity→polarity LINK (pl-01 → pl-02)
2026-09-27T08:49:05.3805233Z  11  PASS    red        1  yes    R1 CIRCULAR polarity as a PARTY of another (pl-02 on pl-01)
2026-09-27T08:49:05.3805608Z  12  PASS    red        1  yes    R1 link to a PRINCIPLE id (wrong register)
2026-09-27T08:49:05.3805941Z  13  PASS    red        1  yes    R1 undeclared STUB (st-not-declared)
2026-09-27T08:49:05.3806321Z  14  PASS    red        1  yes    R1 a declared stub REMOVED from stubs.json (pl-05's party dangles)
2026-09-27T08:49:05.3806825Z  15  PASS    red        1  yes    R1 homoglyph ref (Cyrillic а in pr-jakobs-law) — non-ASCII id
2026-09-27T08:49:05.3807241Z  16  PASS    red        1  yes    R2 UNTYPED link (type key absent)
2026-09-27T08:49:05.3807682Z  17  PASS    red        1  yes    V200 R2 UNTYPED link that is a bare string (#239 misnamed→named)
2026-09-27T08:49:05.3808150Z  18  PASS    red        1  yes    V201 R2 UNTYPED link with type null (#239 misnamed→named)
2026-09-27T08:49:05.3808600Z  19  PASS    red        1  yes    V202 R2 link type is a LIST — named, no crash (#239 Q7)
2026-09-27T08:49:05.3808961Z  20  PASS    red        1  yes    R2 UNKNOWN (fifth) link type `relatedTo`
2026-09-27T08:49:05.3809284Z  21  PASS    red        1  yes    R2 link type wrong case `ResolvedBy`
2026-09-27T08:49:05.3809589Z  22  PASS    red        1  yes    R2 link type empty string
2026-09-27T08:49:05.3810206Z  23  PASS    red        1  yes    R3 judgement field `how_it_resolves` on a node
2026-09-27T08:49:05.3810570Z  24  PASS    red        1  yes    R3 judgement field of ANOTHER name (`verdict`)
2026-09-27T08:49:05.3810932Z  25  PASS    red        1  yes    R3 judgement smuggled into a link `quote` (16 words)
2026-09-27T08:49:05.3811308Z  26  PASS    red        1  yes    R3 judgement smuggled into a party `note` (16 words)
2026-09-27T08:49:05.3811683Z  27  PASS    red        1  yes    R3 judgement field inside a PARTY object (`why`)
2026-09-27T08:49:05.3812025Z  28  PASS    red        1  yes    R3 stub with a third key (`rationale`)
2026-09-27T08:49:05.3812390Z  29  PASS    red        1  yes    R3 link quote PARAPHRASED (not verbatim in the source row)
2026-09-27T08:49:05.3812850Z  30  PASS    red        1  yes    V230 R3 party note that is a 14-word verdict, not verbatim in the source row (#239 Q5)
2026-09-27T08:49:05.3813466Z  31  PASS    red        1  yes    V231 R3 note of 44 visible words joined by U+200B — counted AND the character refused (#239 Q5)
2026-09-27T08:49:05.3813988Z  32  PASS    red        1  yes    V232 R3 mediating_variable of 300 words (#239 Q5: maxWords 25 FLOATED + verbatim)
2026-09-27T08:49:05.3814511Z  33  PASS    red        1  yes    V232b R3 mediating_variable rewritten (short, not verbatim in the source row) (#239 Q5)
2026-09-27T08:49:05.3815165Z  34  PASS    red        1  yes    V233 R3 sources[0].id that is a 300-word verdict (#239 Q5: patterned + maxWords 1)
2026-09-27T08:49:05.3815739Z  35  PASS    red        1  yes    V234 R3 stub phrase that is a 15-word verdict — not verbatim in the register (#239 Q5)
2026-09-27T08:49:05.3816208Z  36  PASS    red        1  yes    V22 R3/S stub whose phrase is one U+200B (visually empty) (#239 Q5)
2026-09-27T08:49:05.3816653Z  37  PASS    red        1  yes    V82 R3 $migration gains a nested `verdicts` map (#239 Q5: shape-fixed)
2026-09-27T08:49:05.3817127Z  38  PASS    red        1  yes    V83 R3 $description replaced by 500 words of verdict (#239 Q5: maxWords FLOATED)
2026-09-27T08:49:05.3817695Z  39  PASS    red        1  yes    V246 S-RECEIPT $migration.sha256 = 64 zeros — the receipt is verified (#239 Q5)
2026-09-27T08:49:05.3818234Z  40  PASS    red        1  yes    V247 S-RECEIPT $migration.from = a path that does not exist (#239 Q5)
2026-09-27T08:49:05.3818734Z  41  PASS    red        1  yes    V220 R3 sources repointed at _rulings.json + 13 words OF THE RULING as the quote (#239 Q3)
2026-09-27T08:49:05.3819277Z  42  PASS    red        1  yes    V300 R3 sources repointed at polarities.json itself + its own words as the quote (#239 Q3)
2026-09-27T08:49:05.3819984Z  43  PASS    red        1  yes    V222 R3 paraphrase + source pointer broken (path → nowhere): UNVERIFIABLE is refused (#239 Q3)
2026-09-27T08:49:05.3820647Z  44  PASS    red        1  yes    V93 S-ID sources[0].id with a fullwidth digit (tn-0１) — the pointer cannot be laundered (#239 Q3)
2026-09-27T08:49:05.3821097Z  45  PASS    red        1  yes    V223 R3 resolvedBy with quote "" (#239 Q3)
2026-09-27T08:49:05.3821506Z  46  PASS    red        1  yes    V224 R3 resolvedBy with the one-word quote "the" (#239 Q3: minWords 3 FLOATED)
2026-09-27T08:49:05.3822059Z  47  PASS    red        1  yes    V400 R3 resolvedBy with NO quote at all — a resolvedBy needs a receipt (#239 Q3)
2026-09-27T08:49:05.3822523Z  48  PASS    green      0  -      V400-control: a `touches` with no quote stays legal (#239 Q3)
2026-09-27T08:49:05.3823040Z  49  PASS    red        1  yes    V401 S-SOURCE pl-04's source id swapped to tn-02 — one row, one node (#239 Q3)
2026-09-27T08:49:05.3823613Z  50  PASS    red        1  yes    V402 S-SOURCE pl-01's body duplicated under pl-31 — the row is claimed twice (#239 Q3)
2026-09-27T08:49:05.3824184Z  51  PASS    red        1  yes    V244 S-SOURCE all 30 rows deleted — 30 frozen rows claimed by no node (#239 Q3)
2026-09-27T08:49:05.3824650Z  52  PASS    red        1  yes    V225 S-SOURCE a source path outside the repo (/etc/hostname) (#239 Q3)
2026-09-27T08:49:05.3825100Z  53  PASS    red        1  yes    S-FORMAT-CHAR a soft hyphen (U+00AD) inside a party ref (#239 Q5)
2026-09-27T08:49:05.3825564Z  54  PASS    red        1  yes    S-FORMAT-CHAR a right-to-left override (U+202E) in $description (#239 Q5)
2026-09-27T08:49:05.3825999Z  55  PASS    red        1  yes    S-FORMAT-CHAR a NUL (U+0000) in a stub phrase (#239 Q5)
2026-09-27T08:49:05.3826379Z  56  PASS    red        1  yes    R4 AUTHORED file at the generated path (no header)
2026-09-27T08:49:05.3826774Z  57  PASS    red        1  yes    R4 generated file HAND-EDITED under its header (self-sha breaks)
2026-09-27T08:49:05.3827206Z  58  PASS    red        1  yes    R4 AUTHORED edge file beside the homes (knowledge/brain/edges.json)
2026-09-27T08:49:05.3827633Z  59  PASS    red        1  yes    R4 STRAY second shape beside the homes (polarities-v2.json)
2026-09-27T08:49:05.3828051Z  60  PASS    red        1  yes    R4 AUTHORED file INSIDE _generated/ beside the derived three
2026-09-27T08:49:05.3828486Z  61  PASS    red        1  yes    R4 defaults-declaration.txt HAND-EDITED (a default declared by hand)
2026-09-27T08:49:05.3829035Z  62  PASS    red        1  yes    V210 R4 dotfile `.edges.json` at the brain top — dotfiles are LISTED (#239 Q6)
2026-09-27T08:49:05.3829444Z  63  PASS    red        1  yes    V211 R4 dotfile inside _generated/ (#239 Q6)
2026-09-27T08:49:05.3829978Z  64  PASS    red        1  yes    V212 R4 a half-written `.polarity-edges.json.tmp` inside _generated/ (#239 Q6)
2026-09-27T08:49:05.3830519Z  65  PASS    red        1  yes    V213 R4 an authored edge list under schema/ — schema/ is LISTED (#239 Q6)
2026-09-27T08:49:05.3831020Z  66  PASS    red        1  yes    V214 R4 a second schema under schema/ — exactly one schema (#239 Q6)
2026-09-27T08:49:05.3831417Z  67  PASS    red        1  yes    V216 R4 __pycache__/ under the home (#239 Q6)
2026-09-27T08:49:05.3831848Z  68  PASS    red        1  yes    V403 R4 polarities.json replaced by a SYMLINK to a file outside the home (#239 Q6)
2026-09-27T08:49:05.3832363Z  69  PASS    red        1  yes    V217 R4 _generated is a FILE — named at --check (#239 Q6/Q7)
2026-09-27T08:49:05.3832984Z  70  PASS    red        1  yes    V217w R4 _generated is a FILE — --write refuses by name, no crash, nothing written (#239 Q7)
2026-09-27T08:49:05.3835349Z  71  PASS    green      0  -      Q6 `.DS_Store` with Finder's magic bytes is IGNORED, declared (#239 Q6)
2026-09-27T08:49:05.3835892Z  72  PASS    red        1  yes    Q6 a JSON edge list wearing the name `.DS_Store` is refused (#239 Q6)
2026-09-27T08:49:05.3836392Z  73  PASS    red        1  yes    R5 typed `status` on a node
2026-09-27T08:49:05.3836861Z  74  PASS    red        1  yes    R5 typed status under another spelling (`derivedStatus`)
2026-09-27T08:49:05.3837348Z  75  PASS    red        1  yes    S 1 party (minItems 2)
2026-09-27T08:49:05.3837726Z  76  PASS    red        1  yes    S DUPLICATE party (same ref twice on pl-01)
2026-09-27T08:49:05.3838114Z  77  PASS    red        1  yes    S DUPLICATE polarity id
2026-09-27T08:49:05.3838490Z  78  PASS    red        1  yes    S unicode polarity id (fullwidth digit)
2026-09-27T08:49:05.3838914Z  79  PASS    red        1  yes    S party role outside the enum (`side_d`)
2026-09-27T08:49:05.3839537Z  80  PASS    red        1  yes    V42 S party role null — named S-ROLE (#239 misnamed→named)
2026-09-27T08:49:05.3840472Z  81  PASS    red        1  yes    V44 S party role is an OBJECT — named, no crash (#239 Q7)
2026-09-27T08:49:05.3840923Z  82  PASS    red        1  yes    V203 S party ref is a LIST — named, no crash (#239 Q7)
2026-09-27T08:49:05.3841351Z  83  PASS    red        1  yes    V204 S stub id is a LIST — named, no crash (#239 Q7)
2026-09-27T08:49:05.3841873Z  84  PASS    red        1  yes    V250 S sources item without `path` on a node with a quote — named, no crash (#239 Q7)
2026-09-27T08:49:05.3842383Z  85  PASS    red        1  yes    V251 S sources[0].path is an int — named, no crash (#239 Q7)
2026-09-27T08:49:05.3842754Z  86  PASS    red        1  yes    S ONE-SIDED: every party on side_a (no pull)
2026-09-27T08:49:05.3843075Z  87  PASS    red        1  yes    S mediating_variable empty
2026-09-27T08:49:05.3843545Z  88  PASS    red        1  yes    S sources missing — no receipt at all (s240-D3 re-cut of the #239 S-SCHEMA arm)
2026-09-27T08:49:05.3843961Z  89  PASS    red        1  yes    S polarities.json does not parse
2026-09-27T08:49:05.3844446Z  90  PASS    red        1  yes    V252 S polarities.json carries one non-UTF-8 byte — S-PARSE, no traceback (#239 Q7)
2026-09-27T08:49:05.3845110Z  91  PASS    red        1  yes    V110 SCHEMA parties.minItems 2→1 + a one-party row: LOOSENED named, S-MIN-PARTIES still fires (#239 Q2)
2026-09-27T08:49:05.3845648Z  92  PASS    red        1  yes    V111 SCHEMA enum widened with a fifth type + a relatedTo link (#239 Q2)
2026-09-27T08:49:05.3846138Z  93  PASS    red        1  yes    V112 SCHEMA parties.items.additionalProperties true + a `why` on a party (#239 Q2)
2026-09-27T08:49:05.3846733Z  94  PASS    red        1  yes    V310 SCHEMA sources.items.additionalProperties true + a `judgement` on a source (V's TOTAL escape) (#239 Q2)
2026-09-27T08:49:05.3847319Z  95  PASS    red        1  yes    V311 SCHEMA sources.minItems 0 + sources [] + a paraphrased quote (#239 Q2/Q3)
2026-09-27T08:49:05.3847753Z  96  PASS    red        1  yes    V312 SCHEMA note.maxWords 500 + a 64-word note (#239 Q2)
2026-09-27T08:49:05.3848373Z  97  PASS    red        1  yes    V113 SCHEMA root additionalProperties true + a `verdict` on a node (#239 Q2)
2026-09-27T08:49:05.3848998Z  98  PASS    red        1  yes    SCHEMA a new property `verdict` ADDED to the schema + used on a node — the key set is pinned (#239 Q2)
2026-09-27T08:49:05.3849591Z  99  PASS    red        1  yes    SCHEMA description-only edit — the sha PIN alone fires (#239 Q2 (b))
2026-09-27T08:49:05.3850370Z 100  PASS    red        1  yes    V256 SCHEMA `properties` is a list — named S-SCHEMA, no crash (#239 Q7)
2026-09-27T08:49:05.3850927Z 101  PASS    red        1  yes    V257 SCHEMA id.pattern is an invalid regex — named S-SCHEMA, no crash (#239 Q7)
2026-09-27T08:49:05.3851529Z 102  PASS    red        1  yes    SCHEMA: a keyword this gate does not implement (maxItems) is REFUSED, never silently ignored
2026-09-27T08:49:05.3852422Z 103  PASS    red        1  yes    BITE-THE-BITE (#239 re-cut): schema TIGHTENED to minItems 3 with the pin moved — the real 2-party rows are refused S-MIN-PARTIES: the schema still drives; only loosening is refused
2026-09-27T08:49:05.3853478Z 104  PASS    green      0  -      s240-D3 GREEN CONTROL: a NEW polarity born after R1 carries `$seed` = a real ruling id and NO `sources` — the legal form #239-F RULING-SHAPED 4 was missing (#242 lane P)
2026-09-27T08:49:05.3854169Z 105  PASS    red        1  yes    s240-D3 BREAK ARM: `$seed` names s999-D9, absent from knowledge/_rulings.json (#242)
2026-09-27T08:49:05.3854904Z 106  PASS    red        1  yes    s240-D3 BREAK ARM: BOTH receipts on one node — its R1 `sources` AND a `$seed` (the receipt is ONE POINTER PER NODE) (#242)
2026-09-27T08:49:05.3855608Z 107  PASS    red        1  yes    s240-D3 BREAK ARM: NEITHER receipt — a node with no `sources` and no `$seed` (#242)
2026-09-27T08:49:05.3856299Z 108  PASS    green      0  -      s240-D3 GREEN CONTROL: a node RETIRED by a real ruling id — it KEEPS its row and the derivation is re-run without it (#242)
2026-09-27T08:49:05.3857141Z 109  PASS    red        1  yes    s240-D3 BREAK ARM: a RETIRED node whose id still appears under _generated/ — R4-RETIRED-GENERATED by name, not just STALE (#242)
2026-09-27T08:49:05.3857780Z 110  PASS    red        1  yes    s240-D3 BREAK ARM: `retiredBy` names s999-D9, absent from knowledge/_rulings.json (#242)
2026-09-27T08:49:05.3858586Z 111  PASS    red        1  yes    s240-D3 BREAK ARM: `$seed` removed from the SCHEMA's properties — the key set is pinned, so the receipt cannot be legislated away by a schema edit (#242 Q2)
2026-09-27T08:49:05.3860087Z 112  PASS    red        1  yes    s240-D3 LEAK ARM (#242 lane P2, V2 finding 3): pl-02 retired → --write and its id is gone from every BYTE of all three generated files; replanted in the derivation's PROSE ONLY (self-consistent sha, invisible to the ROW check) → R4-RETIRED-GENERATED BY NAME. A retired id anywhere under _generated/ is a leak
2026-09-27T08:49:05.3861788Z 113  PASS    red        1  yes    s240-D3 FLOOR ARM (#242 lane P2, V2 finding 4): `sources` put BACK into the schema's `required` with the pin moved honestly — SCHEMA-LOOSENED by name (a schema may tighten a REFUSAL, never a PERMISSION), and the floor is APPLIED REGARDLESS, so the legal `$seed` node beside it is NOT S-SCHEMA
2026-09-27T08:49:05.3863195Z 114  PASS    green      0  yes    s240-D3 DROP-OUT PROOF (#242): pl-30 retired → --check names R4-RETIRED-GENERATED · --write regenerates · the node KEEPS its row in polarities.json and appears in NONE of the three generated files
2026-09-27T08:49:05.3864402Z 115  PASS    green      0  yes    s240-D3 ADD-POLARITY (#242): a BRAND-NEW polarity with a `$seed` receipt is accepted by the writer (dry-run then --write), 31 rows, gate green after — #239-F green control (e), which had no legal form
2026-09-27T08:49:05.3865564Z 116  PASS    red        1  yes    100 LITERAL (#243 s243-D1): V's 31st row (pr-fitts/pr-hick) cites a FICTIONAL R1 path notes/nowhere.json — the node names its own oracle; S-SOURCE at --write, nothing written — #239 Q3 stands
2026-09-27T08:49:05.3866510Z 117  PASS    green      0  -      100 LEGAL (#243 s243-D1): the SAME 31st row with `$seed` = s240-D3 in place of `sources` — --write green
2026-09-27T08:49:05.3867394Z 118  PASS    red        1  yes    225 LITERAL (#243 s243-D1): a NEW node pl-33 whose ONLY receipt is the foreign path /etc/hostname (V225's receipt, verbatim) — S-ID + S-SOURCE (allow-list) at --write, nothing written
2026-09-27T08:49:05.3868402Z 119  PASS    red        1  yes    225 TWO RECEIPTS (#243 s243-D1): the SAME pl-33 carrying the foreign `sources` AND `$seed` = s240-D3 — S-SOURCE (BOTH receipts: ONE POINTER PER NODE), nothing written
2026-09-27T08:49:05.3869289Z 120  PASS    green      0  -      225 LEGAL (#243 s243-D1): the SAME pl-33 reduced to ONE legal receipt — the foreign `sources` gone, `$seed` = s240-D3 — --write green
2026-09-27T08:49:05.3870394Z 121  PASS    red        1  yes    235 LITERAL (#243 s243-D1): an orphan stub whose phrase is INVENTED ('an orphan phrase') — not verbatim in the R1 register; R3-JUDGEMENT-FIELD
2026-09-27T08:49:05.3871435Z 122  PASS    green      0  -      235 LEGAL (#243 s243-D1), lane F's #239 form (a): an orphan stub — declared, never used — whose phrase is VERBATIM from ONE field of the first R1 row, read from the R1 FILE ('Familiarity says converge on') — green
2026-09-27T08:49:05.3872755Z 123  PASS    red        1  yes    248 LITERAL (#243 s243-D1): a node whose BOTH parties are declared stubs cites source path 'x' — S-SOURCE at --write, nothing written
2026-09-27T08:49:05.3873841Z 124  PASS    green      0  -      248 LEGAL (#243 s243-D1): the SAME all-stub node with `$seed` = s240-D3 — --write green
2026-09-27T08:49:05.3874612Z 125  PASS    red        1  yes    321 LITERAL (#243 s243-D1): all 30 rows DELETED, then the writer appends a `$seed` node — 30 frozen rows claimed by no node; S-SOURCE, file untouched
2026-09-27T08:49:05.3875669Z 126  PASS    green      0  -      321 LEGAL (#243 s243-D1): all 30 rows RETIRED (`retiredBy` = s240-D3) and --write green, then the writer appends the `$seed` node — 31 rows KEPT in polarities.json, no retired id in any row or byte under _generated/
2026-09-27T08:49:05.3876879Z 127  PASS    red        1  yes    326 LITERAL (#243 s243-D1): polarities.json re-indented to 2 spaces, the writer's entry cites 'selftest' as its source — S-SOURCE, file untouched
2026-09-27T08:49:05.3877715Z 128  PASS    green      0  -      326 LEGAL (#243 s243-D1): the SAME 2-space file, the SAME entry with `$seed` = s240-D3 — writer green, 31 rows, gate green after
2026-09-27T08:49:05.3878415Z 129  PASS    red        1  yes    V70 R4 generated_at in 2099 on all three derived files — a future clock is a hand edit (#239 Q4)
2026-09-27T08:49:05.3878863Z 130  PASS    red        1  yes    V71 R4 generated_at "banana" (#239 Q4)
2026-09-27T08:49:05.3879240Z 131  PASS    red        1  yes    Q4 R4 generated_at before the R1 asset's date (1999) (#239 Q4)
2026-09-27T08:49:05.3879896Z 132  PASS    red        1  yes    Q4 R4 one file's clock moved one second — the three clocks must agree (#239 Q4)
2026-09-27T08:49:05.3880445Z 133  PASS    red        1  yes    FRESHNESS: home edited, generated files not re-derived → STALE
2026-09-27T08:49:05.3880898Z 134  PASS    red        1  yes    FRESHNESS: a generated file deleted → MISSING
2026-09-27T08:49:05.3881472Z 135  PASS    red        1  yes    Q7 (#239): a check that RAISES inside gate() is NAMED S-SHAPE with its exception class — a crash is not a fail
2026-09-27T08:49:05.3881986Z 136  PASS    red        1  yes    WRITE: --write on a refused home writes NOTHING (hashes equal)
2026-09-27T08:49:05.3882441Z 137  PASS    green      0  yes    WRITE: stale → --write → fresh (rc 1 → 0 → 0)
2026-09-27T08:49:05.3882897Z 138  PASS    green      0  yes    WRITE: determinism — two writes differ only in generated_at
2026-09-27T08:49:05.3883679Z 139  PASS    green      0  yes    ADD-POLARITY: pl-30 dropped then re-added as pl-31 — dry-run leaves bytes; --write = original + one span; 30 rows; gate green after (#239: every frozen row is claimed)
2026-09-27T08:49:05.3884472Z 140  PASS    red        1  yes    ADD-POLARITY: an entry with a typed status is REFUSED by name, nothing written
2026-09-27T08:49:05.3885105Z 141  PASS    red        1  yes    V324 ADD-POLARITY: an entry whose quote has no reachable source is REFUSED (S-SOURCE + R3-QUOTE-NOT-VERBATIM), nothing written (#239 Q3)
2026-09-27T08:49:05.3885910Z 142  PASS    green      0  yes    ADD-STUB: a verbatim phrase appended textually; 3-key stub REFUSED (S-STUB-SHAPE); V328 the U+200B phrase REFUSED (S-FORMAT-CHAR), nothing written
2026-09-27T08:49:05.3886643Z 143  PASS    green      0  yes    CLI: `--check` rc 0 on the real home, rc 1 + R2-UNTYPED on the mutant (via --brain AND via POLARITY_BRAIN_DIR)
2026-09-27T08:49:05.3887247Z 144  PASS    red        2  yes    CLI: bare and unknown argv refuse with rc 2 (argv contract, #208 class)
2026-09-27T08:49:05.3887824Z 145  PASS    red        2  yes    V-A1/A2 CLI: `--dry-run --write`, `--check --write`, `--check --selftest` refuse rc 2 and write nothing (#239 argv contract)
2026-09-27T08:49:05.3888593Z 146  PASS    red        1  yes    V-D1 (#239 Q8): home ABSENT in the SOURCE repo (the store is here) → rc 1 S-SHAPE, never 77 — the build and the seam both stop
2026-09-27T08:49:05.3889379Z 147  PASS    77        77  yes    COULD-NOT-ASK: home absent AND no store (a shipped pack) → rc 77 + marker naming the path (pack classifier reads it as REPO-BOUND)
2026-09-27T08:49:05.3890439Z 148  PASS    77        77  yes    COULD-NOT-ASK: declaration source absent → 77 on a clean home, but a real refusal is STILL rc 1 first (the refusal path is not swallowed)
2026-09-27T08:49:05.3891091Z 149  PASS    red        1  yes    SELFTEST on an absent home refuses by name, no traceback (#239, V finding 16)
2026-09-27T08:49:05.3891873Z 150  PASS    green      0  yes    WIRING: STEPS has --check + --selftest rows; _git_commit.sh invokes --check on a live line, DECLARES a POLARITY_BRAIN_DIR redirect and gates the tree's own home (V-D2, #239); the seam harness stubs it
2026-09-27T08:49:05.3892614Z ----------------------------------------------------------------------------------------------------
2026-09-27T08:49:05.3893388Z arms 150 · red arms 128 (went red by name 128/128) · green arms 20 · no-fire/77 arms 2 · new #239 arms 72 · new #242 (s240-D3 receipt) arms 12 · new #243 (s243-D1 six controls) arms 13 · failures 0
2026-09-27T08:49:05.3894098Z ✓ selftest OK — control green; every refusal arm red by its name; nothing written on refusal
2026-09-27T08:49:05.4182982Z COULD-NOT-ASK: GEOMETRY: HARNESS UNAVAILABLE — playwright not importable (No module named 'playwright'). Install it with `pip install playwright && playwright install chromium`; at the seat, source knowledge/_render/seat_env.sh. This is NOT a pass.
2026-09-27T08:49:05.4553177Z COULD-NOT-ASK: OWN-SIZE: HARNESS UNAVAILABLE — playwright not importable (No module named 'playwright'). Install it with `pip install playwright && playwright install chromium`; at the seat, source knowledge/_render/seat_env.sh. This is NOT a pass.
2026-09-27T08:49:05.4589104Z 
2026-09-27T08:49:05.4589145Z 
2026-09-27T08:49:05.4590268Z === [133/152] enactment register — is each ruling IN FORCE? (advisory, ADR-0016) — _build_enactment_register.py ===
2026-09-27T08:49:05.4591162Z 
2026-09-27T08:49:05.4591625Z === [134/152] instrument-fit selftest (advisory, ds-015) — _build_instrument_fit.py ===
2026-09-27T08:49:05.4592021Z 
2026-09-27T08:49:05.4592447Z === [135/152] instrument fit — can the gate SEE the property? (advisory, ds-015) — _build_instrument_fit.py ===
2026-09-27T08:49:05.4592886Z 
2026-09-27T08:49:05.4593140Z === [136/152] integrity lint (gate) — _build_integrity.py ===
2026-09-27T08:49:05.4593400Z 
2026-09-27T08:49:05.4593693Z ❌ integrity gate failed (exit 1) — see knowledge/_INTEGRITY-REPORT.md
2026-09-27T08:49:05.4594003Z 
2026-09-27T08:49:05.4594489Z === [137/152] could-not-ask convention selftest (#193 — the third verdict's exit code + marker) — _could_not_ask.py ===
2026-09-27T08:49:05.4595221Z 
2026-09-27T08:49:05.4595722Z === [138/152] probe registry — every historically-found defect class, re-driven (W-45, advisory) — _probe_registry/_registry.py ===
2026-09-27T08:49:05.4596209Z 
2026-09-27T08:49:05.4596745Z ⚠ advisory step 'probe registry — every historically-found defect class, re-driven (W-45, advisory)' reported findings (exit 1) — non-gating
2026-09-27T08:49:05.4597344Z 
2026-09-27T08:49:05.4597876Z === [139/152] claim-table evidence linter — s182-D1 tokens + expected observations (W-44, advisory) — _validate_evidence.py ===
2026-09-27T08:49:05.4598401Z 
2026-09-27T08:49:05.4599044Z ⚠ advisory step 'claim-table evidence linter — s182-D1 tokens + expected observations (W-44, advisory)' reported findings (exit 1) — non-gating
2026-09-27T08:49:05.4599660Z 
2026-09-27T08:49:05.4600720Z === [140/152] governs matcher selftest — the [12]/[13] trigger-index arm, named (#208 legibility) — _governs.py ===
2026-09-27T08:49:05.4601309Z 
2026-09-27T08:49:05.4601956Z ⊘ step 'governs matcher selftest — the [12]/[13] trigger-index arm, named (#208 legibility)' COULD-NOT-ASK (exit 77) — declared refusal, build continues
2026-09-27T08:49:05.4602730Z 
2026-09-27T08:49:05.4603508Z === [141/152] frozen-release gate — v1/v2 and any baked Spider surface may not move without a version bump (BLOCKING, s114-D4, built #219) — _release/_gate_frozen_release.py ===
2026-09-27T08:49:05.4604217Z 
2026-09-27T08:49:05.4604816Z === [142/152] frozen-release selftest — 11 bites on a fixture repo incl. the laundering mutant (#219) — _release/_gate_frozen_release.py ===
2026-09-27T08:49:05.4605419Z 
2026-09-27T08:49:05.4606203Z === [143/152] pack ship-list audit — the manifest is byte-identical to a fresh generation at its own commit (BLOCKING, built #219) — _release/_gate_release_audit.py ===
2026-09-27T08:49:05.4607007Z 
2026-09-27T08:49:05.4607729Z === [144/152] release-audit selftest — manifest compare + the pack arm's resting refusal (#219) — _release/_gate_release_audit.py ===
2026-09-27T08:49:05.4608369Z 
2026-09-27T08:49:05.4608974Z === [145/152] pack-side CI template — parses, ships what it calls, hides nothing (BLOCKING, built #219) — _release/_gate_ci_template.py ===
2026-09-27T08:49:05.4609603Z 
2026-09-27T08:49:05.4610474Z ⊘ step 'pack-side CI template — parses, ships what it calls, hides nothing (BLOCKING, built #219)' COULD-NOT-ASK (exit 77) — declared refusal, build continues
2026-09-27T08:49:05.4611114Z 
2026-09-27T08:49:05.4611678Z === [146/152] pack-side CI template selftest — 10 mutants incl. a smuggled continue-on-error (#219) — _release/_gate_ci_template.py ===
2026-09-27T08:49:05.4612239Z 
2026-09-27T08:49:05.4612879Z ⊘ step 'pack-side CI template selftest — 10 mutants incl. a smuggled continue-on-error (#219)' COULD-NOT-ASK (exit 77) — declared refusal, build continues
2026-09-27T08:49:05.4613510Z 
2026-09-27T08:49:05.4614250Z === [147/152] baked-pack audit — a zip in apollo-spider/dist/ must match the manifest (BLOCKING; refuses while nothing is baked) (#219) — _release/_gate_release_audit.py ===
2026-09-27T08:49:05.4614966Z 
2026-09-27T08:49:05.4615607Z === [148/152] pack ship-list drift — how far behind HEAD the manifest is (ADVISORY, ⬛ re-cutting is Dave's) (#219) — _release/_gate_release_audit.py ===
2026-09-27T08:49:05.4616231Z 
2026-09-27T08:49:05.4616891Z ⚠ advisory step 'pack ship-list drift — how far behind HEAD the manifest is (ADVISORY, ⬛ re-cutting is Dave's) (#219)' reported findings (exit 1) — non-gating
2026-09-27T08:49:05.4617730Z 
2026-09-27T08:49:05.4618410Z === [149/152] polarity gate — five refusals + content-fresh derived status/edges/declaration (BLOCKING, s238-D7, built #238) — _validate_polarities.py ===
2026-09-27T08:49:05.4619079Z 
2026-09-27T08:49:05.4619665Z === [150/152] polarity gate selftest — control + every refusal arm on a copy of the real rows (s238-D7) — _validate_polarities.py ===
2026-09-27T08:49:05.4620497Z 
2026-09-27T08:49:05.4621395Z === [151/152] geometry gate — alignment, gutters, edges, bar width, dead space, overlap, clipped text, overflow, stretch on generated pages (ADVISORY, built #304) — _validate_geometry.py ===
2026-09-27T08:49:05.4622385Z 
2026-09-27T08:49:05.4623370Z ⊘ step 'geometry gate — alignment, gutters, edges, bar width, dead space, overlap, clipped text, overflow, stretch on generated pages (ADVISORY, built #304)' COULD-NOT-ASK (exit 77) — declared refusal, build continues
2026-09-27T08:49:05.4624331Z 
2026-09-27T08:49:05.4624947Z === [152/152] own-size gate — every part at its reference size on generated pages (ADVISORY, built #304) — _validate_own_size.py ===
2026-09-27T08:49:05.4625587Z 
2026-09-27T08:49:05.4626294Z ⊘ step 'own-size gate — every part at its reference size on generated pages (ADVISORY, built #304)' COULD-NOT-ASK (exit 77) — declared refusal, build continues
2026-09-27T08:49:05.4626942Z 
2026-09-27T08:49:05.4627129Z ❌ build gate failed — see the reports above.
2026-09-27T08:49:05.4642499Z ##[error]Process completed with exit code 1.
2026-09-27T08:49:05.4671842Z ##[group]Run python3 knowledge/_tests/test_gates.py
2026-09-27T08:49:05.4672204Z [36;1mpython3 knowledge/_tests/test_gates.py[0m
2026-09-27T08:49:05.4708459Z shell: /usr/bin/bash -e {0}
2026-09-27T08:49:05.4708700Z env:
2026-09-27T08:49:05.4708946Z   pythonLocation: /opt/hostedtoolcache/Python/3.12.14/x64
2026-09-27T08:49:05.4709312Z   PKG_CONFIG_PATH: /opt/hostedtoolcache/Python/3.12.14/x64/lib/pkgconfig
2026-09-27T08:49:05.4709665Z   Python_ROOT_DIR: /opt/hostedtoolcache/Python/3.12.14/x64
2026-09-27T08:49:05.4710285Z   Python2_ROOT_DIR: /opt/hostedtoolcache/Python/3.12.14/x64
2026-09-27T08:49:05.4710601Z   Python3_ROOT_DIR: /opt/hostedtoolcache/Python/3.12.14/x64
2026-09-27T08:49:05.4710922Z   LD_LIBRARY_PATH: /opt/hostedtoolcache/Python/3.12.14/x64/lib
2026-09-27T08:49:05.4711192Z ##[endgroup]
2026-09-27T08:49:20.6105795Z gate self-test: does every gate BITE what it was built to catch?
2026-09-27T08:49:20.6106397Z 
2026-09-27T08:49:20.6106791Z   PASS  control: pristine copy passes all 6 static gates
2026-09-27T08:49:20.6107453Z   PASS  write-gate bites a bare no-args invocation
2026-09-27T08:49:20.6107988Z   PASS  write-gate control: --write proceeds
2026-09-27T08:49:20.6108453Z   PASS  radius gate's own bites run (8 longhand mutants + token controls, #221)
2026-09-27T08:49:20.6109002Z   PASS  no-hardcode gate's own bites run (8 planted + 8 clean, #221)
2026-09-27T08:49:20.6109592Z   PASS  theme-provenance report order is DERIVED, not filesystem order (#221)
2026-09-27T08:49:20.6110435Z   PASS  wiring gate's own bites run (13, incl. the widened glob + the anti-laundering arm, #221)
2026-09-27T08:49:20.6111031Z   PASS  s263-D10 rulings-page wrap check bites a stale page (4 arms, #265-B)
2026-09-27T08:49:20.6111458Z   PASS  snippet gate bites on token drift
2026-09-27T08:49:20.6111800Z   PASS  snippet gate bites on failing contrast
2026-09-27T08:49:20.6112150Z   PASS  snippet gate bites on icon 4.5 dead-zone
2026-09-27T08:49:20.6112501Z   PASS  snippet gate bites on missing focus
2026-09-27T08:49:20.6112862Z   PASS  snippet gate bites on uppercase CSS
2026-09-27T08:49:20.6113224Z   PASS  snippet gate bites on ALL-CAPS text run
2026-09-27T08:49:20.6113561Z   PASS  snippet gate bites on italics
2026-09-27T08:49:20.6113877Z   PASS  snippet gate bites on text-shadow
2026-09-27T08:49:20.6114199Z   PASS  snippet gate bites on raw red text
2026-09-27T08:49:20.6114531Z   PASS  snippet gate bites on possessive HSBC's
2026-09-27T08:49:20.6114875Z   PASS  snippet gate bites on element-type alt
2026-09-27T08:49:20.6115278Z   PASS  snippet gate bites on bare link text
2026-09-27T08:49:20.6115658Z   PASS  a11y gate bites on missing reduced-motion
2026-09-27T08:49:20.6116043Z   PASS  a11y gate bites on sub-24 target floor
2026-09-27T08:49:20.6116407Z   PASS  icon gate bites on invented path
2026-09-27T08:49:20.6116746Z   PASS  icon gate bites on shape-only icon
2026-09-27T08:49:20.6117127Z   PASS  icon gate bites on mis-twinned fill glyph
2026-09-27T08:49:20.6117524Z   PASS  coverage gate bites on orphan snippet
2026-09-27T08:49:20.6117917Z   PASS  coverage gate bites on meta w/o snippet
2026-09-27T08:49:20.6118802Z   PASS  dark-surface gate bites on flat white
2026-09-27T08:49:20.6119188Z   PASS  compose gate bites on rogue hex
2026-09-27T08:49:20.6119853Z   PASS  compose gate bites on undefined class
2026-09-27T08:49:20.6120354Z   PASS  compose gate bites on class redefinition
2026-09-27T08:49:20.6120786Z   PASS  compose gate bites on duplicate title
2026-09-27T08:49:20.6121096Z 
2026-09-27T08:49:20.6121242Z 32 test(s), 0 failure(s)
2026-09-27T08:49:20.6121729Z skipped by design: state-contrast / screen --render (need a browser; see docstring)
2026-09-27T08:49:20.6193112Z ##[group]Run python3 knowledge/_tests/test_advisory.py
2026-09-27T08:49:20.6193468Z [36;1mpython3 knowledge/_tests/test_advisory.py[0m
2026-09-27T08:49:20.6230179Z shell: /usr/bin/bash -e {0}
2026-09-27T08:49:20.6230435Z env:
2026-09-27T08:49:20.6230687Z   pythonLocation: /opt/hostedtoolcache/Python/3.12.14/x64
2026-09-27T08:49:20.6231051Z   PKG_CONFIG_PATH: /opt/hostedtoolcache/Python/3.12.14/x64/lib/pkgconfig
2026-09-27T08:49:20.6231428Z   Python_ROOT_DIR: /opt/hostedtoolcache/Python/3.12.14/x64
2026-09-27T08:49:20.6231766Z   Python2_ROOT_DIR: /opt/hostedtoolcache/Python/3.12.14/x64
2026-09-27T08:49:20.6232082Z   Python3_ROOT_DIR: /opt/hostedtoolcache/Python/3.12.14/x64
2026-09-27T08:49:20.6232401Z   LD_LIBRARY_PATH: /opt/hostedtoolcache/Python/3.12.14/x64/lib
2026-09-27T08:49:20.6232677Z ##[endgroup]
2026-09-27T08:49:21.0225933Z advisory bite-tests: 19 case(s), all bite ✅ (and none block — exit 0 throughout)
2026-09-27T08:49:21.0303489Z ##[group]Run bash knowledge/_git_commit.sh --selftest
2026-09-27T08:49:21.0303835Z [36;1mbash knowledge/_git_commit.sh --selftest[0m
2026-09-27T08:49:21.0338723Z shell: /usr/bin/bash -e {0}
2026-09-27T08:49:21.0338968Z env:
2026-09-27T08:49:21.0339216Z   pythonLocation: /opt/hostedtoolcache/Python/3.12.14/x64
2026-09-27T08:49:21.0339575Z   PKG_CONFIG_PATH: /opt/hostedtoolcache/Python/3.12.14/x64/lib/pkgconfig
2026-09-27T08:49:21.0340102Z   Python_ROOT_DIR: /opt/hostedtoolcache/Python/3.12.14/x64
2026-09-27T08:49:21.0340449Z   Python2_ROOT_DIR: /opt/hostedtoolcache/Python/3.12.14/x64
2026-09-27T08:49:21.0340759Z   Python3_ROOT_DIR: /opt/hostedtoolcache/Python/3.12.14/x64
2026-09-27T08:49:21.0341079Z   LD_LIBRARY_PATH: /opt/hostedtoolcache/Python/3.12.14/x64/lib
2026-09-27T08:49:21.0341349Z ##[endgroup]
2026-09-27T08:49:21.0529674Z — #208 msgfile-prefix gate selftest
2026-09-27T08:49:21.0686347Z   [OK]   non-wrap prefix (the #170 shape) is seen (expected 1)
2026-09-27T08:49:21.0859921Z   [OK]   WRAP prefix (the shape #170 MISSED) is seen (expected 1)
2026-09-27T08:49:21.1013866Z   [OK]   doubled non-wrap prefix counts 2 (expected 2)
2026-09-27T08:49:21.1169352Z   [OK]   wrap-into-non-wrap stack counts 2 (the hole) (expected 2)
2026-09-27T08:49:21.1321291Z   [OK]   tripled counts 3 (expected 3)
2026-09-27T08:49:21.1475939Z   [OK]   a fresh subject carries no prefix (expected 0)
2026-09-27T08:49:21.1626834Z   [OK]   session ref with no date is not a prefix (expected 0)
2026-09-27T08:49:21.1778289Z   [OK]   date with no session ref is not a prefix (expected 0)
2026-09-27T08:49:21.1927318Z   [OK]   hyphen is not the em-dash separator (expected 0)
2026-09-27T08:49:21.2081595Z   [OK]   prose mentioning a session mid-line (expected 0)
2026-09-27T08:49:21.2233167Z   [OK]   honest subject QUOTING a prior prefix mid-line (expected 1)
2026-09-27T08:49:21.2381742Z   [OK]   a quoted prefix with no prefix of its own (expected 0)
2026-09-27T08:49:21.2538763Z   [OK]   a prefix after a leading word is not a stack (expected 0)
2026-09-27T08:49:21.2548232Z   [OK]   PREFIX_ACK hatch present (declared passes, silent fails)
2026-09-27T08:49:21.2549235Z — s294-D5 push-credential expiry gate selftest (fake clock: APOLLO_FAKE_TODAY)
2026-09-27T08:49:21.2568824Z   [OK]   the stamped expiry is READ from the ledger, one place, one date (expected 2026-11-06)
2026-09-27T08:49:21.2624308Z   [OK]   far out (2026-01-01) ⇒ OK (expected OK)
2026-09-27T08:49:21.2678501Z   [OK]   15 days out (2026-10-22) ⇒ OK — the boundary is NOT off by one (expected OK)
2026-09-27T08:49:21.2733110Z   [OK]   14 days out (2026-10-23) ⇒ WARN (expected WARN)
2026-09-27T08:49:21.2787206Z   [OK]   1 day out (2026-11-05) ⇒ WARN (expected WARN)
2026-09-27T08:49:21.2840962Z   [OK]   the day itself (2026-11-06) ⇒ WARN, not yet expired (expected WARN)
2026-09-27T08:49:21.2894203Z   [OK]   one day past (2026-11-07) ⇒ EXPIRED (expected EXPIRED)
2026-09-27T08:49:21.2948682Z   [OK]   long past (2027-03-01) ⇒ EXPIRED (expected EXPIRED)
2026-09-27T08:49:21.3003830Z   [OK]   days-remaining is COMPUTED, not narrated (2026-10-30 ⇒ 7) (expected 7)
2026-09-27T08:49:21.3025041Z   [OK]   an unreadable stamp ⇒ UNREADABLE (a refusal, never a pass) (expected UNREADABLE)
2026-09-27T08:49:21.3042296Z   [OK]   with no fake clock the gate reads the REAL date (YYYY-MM-DD shape) (expected 1)
2026-09-27T08:49:21.3058440Z   [OK]   no refusal instructs pasting a credential into chat (s294-D5) (expected 0)
2026-09-27T08:49:21.3081401Z   [OK]   the credential is only TESTED, never printed (no unpiped git config remote.origin.url) (expected 0)
2026-09-27T08:49:21.3135087Z   [OK]   the expiry gate sits AFTER the credential check and BEFORE the push (expected 1)
2026-09-27T08:49:21.3135782Z ✓ selftest OK — 28 bites: 6 fire, 7 stay silent, 1 hatch present, 14 on the s294-D5 expiry gate
2026-09-27T08:49:21.3164575Z ##[group]Run python3 knowledge/_validate_evidence.py notes/_claims
2026-09-27T08:49:21.3164980Z [36;1mpython3 knowledge/_validate_evidence.py notes/_claims[0m
2026-09-27T08:49:21.3200337Z shell: /usr/bin/bash -e {0}
2026-09-27T08:49:21.3200569Z env:
2026-09-27T08:49:21.3200812Z   pythonLocation: /opt/hostedtoolcache/Python/3.12.14/x64
2026-09-27T08:49:21.3201174Z   PKG_CONFIG_PATH: /opt/hostedtoolcache/Python/3.12.14/x64/lib/pkgconfig
2026-09-27T08:49:21.3201523Z   Python_ROOT_DIR: /opt/hostedtoolcache/Python/3.12.14/x64
2026-09-27T08:49:21.3201834Z   Python2_ROOT_DIR: /opt/hostedtoolcache/Python/3.12.14/x64
2026-09-27T08:49:21.3202171Z   Python3_ROOT_DIR: /opt/hostedtoolcache/Python/3.12.14/x64
2026-09-27T08:49:21.3202504Z   LD_LIBRARY_PATH: /opt/hostedtoolcache/Python/3.12.14/x64/lib
2026-09-27T08:49:21.3202776Z ##[endgroup]
2026-09-27T08:49:52.4043496Z evidence linter: 336 row(s) from 10 file(s) · 297 mechanical
2026-09-27T08:49:52.4045472Z   ⛔ L1-1 — DEAD POINTER: evidence names `tokens/_blast-radius.json`, which does not exist on disk — a dead pointer reads as evidence. If the ABSENCE is the claim, write `absent:tokens/_blast-radius.json`; if the file lives outside the repo, use the ruled s191-D2 marker `(NON-REPO: <where>)`
2026-09-27T08:49:52.4047642Z   ⛔ L1-4 — s182-D1: MECHANICAL row (tag=PROVEN verdict=None) carries NO probeable token — no command, no existing path, no figure. Evidence: "The verbatim gate line in L1-3. ⛔ Do not quote the brief's numbers"
2026-09-27T08:49:52.4049649Z   ⛔ L1-1 — DEAD POINTER: evidence names `tokens/_blast-radius.json`, which does not exist on disk — a dead pointer reads as evidence. If the ABSENCE is the claim, write `absent:tokens/_blast-radius.json`; if the file lives outside the repo, use the ruled s191-D2 marker `(NON-REPO: <where>)`
2026-09-27T08:49:52.4051595Z   ⛔ C-2 — s182-D1: MECHANICAL row (tag=None verdict=CONFIRMED) carries NO probeable token — no command, no existing path, no figure. Evidence: 'The claim table only counted `PROPOSED` in the snippets. The brief (step 3) requires it in'
2026-09-27T08:49:52.4052844Z   ⛔ H-5 — s182-D1: MECHANICAL row (tag=None verdict=CONFIRMED) carries NO probeable token — no command, no existing path, no figure. Evidence: 'C-6 + L1-10: the six are absent from canon, the generators exist, the reconciliation is av'
2026-09-27T08:49:52.4054241Z   ⛔ W2-13 — DEAD POINTER (truncated): evidence names `notes/x.md…`, and NO path on disk starts with it — the trailing ellipsis does not make a dead pointer legal (#208 laundering hole). Write the full path, or `absent:notes/x.md` if the ABSENCE is the claim, or add the ruled `(NON-REPO: <where>)` marker
2026-09-27T08:49:52.4055067Z ── s182-D1 LINT: 6 failure(s)
2026-09-27T08:49:52.4055944Z ── SAMPLER · seed=205 · pool=230 row(s) with a command · 15 with a declared observation (always drawn) · drawn=20: G-c, W1-5, W2-3, W2-3, W46-11, WIRE-10, WIRE-11, WIRE-13, WIRE-14, WIRE-15, WIRE-18, WIRE-19, WIRE-20, WIRE-21, WIRE-3, WIRE-4, WIRE-5, WIRE-6, WIRE-8, WIRE-9
2026-09-27T08:49:52.4056927Z   ⛔ REFUSED [UNSAFE] G-c — `python3 -c "import _gate_doc_rows as g; g.unrowed(store, pop + [('2026-08-19','notes/_briefs/2026-08`
2026-09-27T08:49:52.4057441Z       `python3 -c` runs arbitrary code — cannot be judged read-only
2026-09-27T08:49:52.4057966Z   ⛔ REFUSED [DOES-NOT-TERMINATE] W1-5 — `python3 knowledge/_capture_gate.py --selftest` did not exit within 30s
2026-09-27T08:49:52.4058462Z   ⛔ REFUSED [SIDE-EFFECTS] W2-3 — `python3 knowledge/_state.py`
2026-09-27T08:49:52.4058970Z       a bare `python3` REWRITES its tracked audit output; #204 declared this exact stop. Only --check/--selftest/--dry-run forms are sampled
2026-09-27T08:49:52.4059543Z   ⛔ REFUSED [SIDE-EFFECTS] W2-3 — `python3 knowledge/_state.py`
2026-09-27T08:49:52.4060418Z       a bare `python3` REWRITES its tracked audit output; #204 declared this exact stop. Only --check/--selftest/--dry-run forms are sampled
2026-09-27T08:49:52.4061260Z   ⛔ REFUSED [SIDE-EFFECTS] W46-11 — `python3 knowledge/_memento_search.py "brief generator mint open items fences"`
2026-09-27T08:49:52.4061903Z       a bare `python3` REWRITES its tracked audit output; #204 declared this exact stop. Only --check/--selftest/--dry-run forms are sampled
2026-09-27T08:49:52.4062482Z   ⛔ REFUSED [UNSAFE] WIRE-10 — `bash knowledge/_git_commit.sh --selftest`
2026-09-27T08:49:52.4062832Z       head verb 'bash' is not on the read-only allowlist
2026-09-27T08:49:52.4063323Z   ✅ RAN WIRE-11 — `grep -c 'pat.match(s)' knowledge/_git_commit.sh` → rc=0 (matches declared + OBSERVATION)
2026-09-27T08:49:52.4063908Z   ✅ RAN WIRE-13 — `grep -c PREFIX_ACK knowledge/_git_commit.sh` → rc=0 (matches declared + OBSERVATION)
2026-09-27T08:49:52.4064437Z   ⛔ OBSERVATION MISMATCH WIRE-14 — `python3 knowledge/_build_all.py --selftest`
2026-09-27T08:49:52.4065449Z       stdout does NOT contain 'exact-ID failure routing over 127 steps' (declared expect_stdout_contains). First 120 chars of stdout: '  selftest (a): 152 registered step ID(s), each resolves to exactly one route ✓\n  selftest (b): unknown step ID refuses,'
2026-09-27T08:49:52.4066419Z   ✅ RAN WIRE-15 — `python3 knowledge/_probe_registry/_registry.py --run --probe P-3` → rc=77 (matches declared + OBSERVATION)
2026-09-27T08:49:52.4067008Z   ⛔ REFUSED [SIDE-EFFECTS] WIRE-18 — `python3 knowledge/_validate_evidence.py notes/_claims`
2026-09-27T08:49:52.4067565Z       a bare `python3` REWRITES its tracked audit output; #204 declared this exact stop. Only --check/--selftest/--dry-run forms are sampled
2026-09-27T08:49:52.4068316Z   ⛔ REFUSED [SIDE-EFFECTS] WIRE-19 — `python3 knowledge/_join_claim_tables.py notes/_claims/208-wave1-claims.jsonl notes/_claims/208-wave2`
2026-09-27T08:49:52.4068973Z       a bare `python3` REWRITES its tracked audit output; #204 declared this exact stop. Only --check/--selftest/--dry-run forms are sampled
2026-09-27T08:49:52.4069661Z   ⛔ RC MISMATCH WIRE-20 — `python3 knowledge/_governs.py --selftest` → rc=77, row declares rc=0
2026-09-27T08:49:52.4070357Z   ⛔ OBSERVATION MISMATCH WIRE-21 — `grep -c 'fetch-depth: 0' .github/workflows/gates.yml`
2026-09-27T08:49:52.4070726Z       expect_count=3 declared, command observed 4
2026-09-27T08:49:52.4071212Z   ✅ RAN WIRE-3 — `grep -c expect_stdout_contains knowledge/_claimtable.py` → rc=0 (matches declared + OBSERVATION)
2026-09-27T08:49:52.4071855Z   ✅ RAN WIRE-4 — `python3 knowledge/_validate_evidence.py --selftest` → rc=0 (matches declared + OBSERVATION)
2026-09-27T08:49:52.4072453Z   ✅ RAN WIRE-5 — `python3 knowledge/_validate_evidence.py --selftest` → rc=0 (matches declared + OBSERVATION)
2026-09-27T08:49:52.4073027Z   ✅ RAN WIRE-6 — `python3 knowledge/_validate_evidence.py --selftest` → rc=0 (matches declared + OBSERVATION)
2026-09-27T08:49:52.4073618Z   ✅ RAN WIRE-8 — `python3 knowledge/_validate_evidence.py --selftest` → rc=0 (matches declared + OBSERVATION)
2026-09-27T08:49:52.4074293Z   ⛔ REFUSED [SIDE-EFFECTS] WIRE-9 — `python3 knowledge/_validate_evidence.py notes/_claims/208-wave1-claims.jsonl notes/_claims/208-wave2`
2026-09-27T08:49:52.4074965Z       a bare `python3` REWRITES its tracked audit output; #204 declared this exact stop. Only --check/--selftest/--dry-run forms are sampled
2026-09-27T08:49:52.4075640Z ── DECLARED GAP: 9 of 20 sampled row(s) were NOT run. Refusal is the honest answer; none of them is counted as a pass.
2026-09-27T08:49:52.4076159Z ⛔ EVIDENCE GATE FAIL — 6 lint · 0 unparsed · 3 rc/observation mismatch
2026-09-27T08:49:52.4095820Z ##[error]Process completed with exit code 1.
2026-09-27T08:49:52.4122446Z ##[group]Run python3 knowledge/_gate_artefact_fresh.py --check
2026-09-27T08:49:52.4122840Z [36;1mpython3 knowledge/_gate_artefact_fresh.py --check[0m
2026-09-27T08:49:52.4157299Z shell: /usr/bin/bash -e {0}
2026-09-27T08:49:52.4157574Z env:
2026-09-27T08:49:52.4157816Z   pythonLocation: /opt/hostedtoolcache/Python/3.12.14/x64
2026-09-27T08:49:52.4158178Z   PKG_CONFIG_PATH: /opt/hostedtoolcache/Python/3.12.14/x64/lib/pkgconfig
2026-09-27T08:49:52.4158527Z   Python_ROOT_DIR: /opt/hostedtoolcache/Python/3.12.14/x64
2026-09-27T08:49:52.4158838Z   Python2_ROOT_DIR: /opt/hostedtoolcache/Python/3.12.14/x64
2026-09-27T08:49:52.4159149Z   Python3_ROOT_DIR: /opt/hostedtoolcache/Python/3.12.14/x64
2026-09-27T08:49:52.4159491Z   LD_LIBRARY_PATH: /opt/hostedtoolcache/Python/3.12.14/x64/lib
2026-09-27T08:49:52.4160047Z ##[endgroup]
2026-09-27T08:50:36.6493270Z artefact-freshness comparer (⬛ ADVISORY at birth, #221) — 7 declared row(s)
2026-09-27T08:50:36.6493880Z   method: snapshot -> run the writer -> compare -> RESTORE. The tree is byte-identical
2026-09-27T08:50:36.6494316Z   either side; the md5 line below is the receipt, not a promise.
2026-09-27T08:50:36.6494804Z   ✅ _validate_a11y.py                  FRESH          byte-identical (1 artefact(s))
2026-09-27T08:50:36.6495312Z   ✅ _validate_advisory.py              FRESH          byte-identical (1 artefact(s))
2026-09-27T08:50:36.6495794Z   ✅ _validate_theme_provenance.py      FRESH          byte-identical (1 artefact(s))
2026-09-27T08:50:36.6496281Z   ✅ _build_integrity.py                FRESH          byte-identical (1 artefact(s))
2026-09-27T08:50:36.6496768Z   ✅ _build_instrument_fit.py           FRESH          byte-identical (2 artefact(s))
2026-09-27T08:50:36.6497257Z   ✅ _validate_radius.py                FRESH          byte-identical (1 artefact(s))
2026-09-27T08:50:36.6497762Z   ✅ _validate_no_hardcode.py           FRESH          byte-identical (1 artefact(s))
2026-09-27T08:50:36.6498170Z   tally: 7 FRESH · 0 STALE · 0 COULD-NOT-ASK
2026-09-27T08:50:36.6498636Z   ⬛ ADVISORY: exit 0 regardless of drift. Promotion to blocking is DAVE'S (#220-L1 ruling-shaped Q3).
2026-09-27T08:50:36.6579010Z ##[group]Run python3 knowledge/_gate_inline_style_parse.py --check
2026-09-27T08:50:36.6580135Z [36;1mpython3 knowledge/_gate_inline_style_parse.py --check[0m
2026-09-27T08:50:36.6629095Z shell: /usr/bin/bash -e {0}
2026-09-27T08:50:36.6629434Z env:
2026-09-27T08:50:36.6629959Z   pythonLocation: /opt/hostedtoolcache/Python/3.12.14/x64
2026-09-27T08:50:36.6630550Z   PKG_CONFIG_PATH: /opt/hostedtoolcache/Python/3.12.14/x64/lib/pkgconfig
2026-09-27T08:50:36.6631132Z   Python_ROOT_DIR: /opt/hostedtoolcache/Python/3.12.14/x64
2026-09-27T08:50:36.6631625Z   Python2_ROOT_DIR: /opt/hostedtoolcache/Python/3.12.14/x64
2026-09-27T08:50:36.6632139Z   Python3_ROOT_DIR: /opt/hostedtoolcache/Python/3.12.14/x64
2026-09-27T08:50:36.6632639Z   LD_LIBRARY_PATH: /opt/hostedtoolcache/Python/3.12.14/x64/lib
2026-09-27T08:50:36.6633065Z ##[endgroup]
2026-09-27T08:50:36.7666197Z inline-style parse gate (⬛ ADVISORY at birth, #221 — the #122 seed)
2026-09-27T08:50:36.7666869Z   reader: html.parser (stdlib) · population: 11 file(s) · scope: DEF-004's own property families
2026-09-27T08:50:36.7667544Z   259 style attribute(s) parsed · 0 hardcode finding(s) · 0 PARSER-ONLY (the regex is blind) · 1 REGEX-ONLY (the regex hallucinates)
2026-09-27T08:50:36.7668557Z   ⬛ REGEX-ONLY: Tranche-1-interactive.html — the tree's pattern reads this as a live style attribute; a parse of the static document does NOT. It is in a comment, a <script> string, or a text node: 'margin-top:var(--space-8)'
2026-09-27T08:50:36.7669334Z      ⚠ READ THIS CAREFULLY BEFORE ACTING ON IT — a REGEX-ONLY hit is not
2026-09-27T08:50:36.7669977Z        automatically the regex being wrong. The one on this tree today is inside a
2026-09-27T08:50:36.7670489Z        `card.innerHTML='…'` string, so the static parse is right about the DOCUMENT
2026-09-27T08:50:36.7670905Z        and the value is nonetheless real at RUNTIME. The honest conclusion is that
2026-09-27T08:50:36.7671320Z        NEITHER reader is authoritative over injected markup, and this gate reports
2026-09-27T08:50:36.7671741Z        the disagreement rather than picking a winner. [[measure-dont-convert-units]]
2026-09-27T08:50:36.7672370Z   ✅ every style attribute in the population parses, and every declaration in one is either untouched by DEF-004 or already a token.
2026-09-27T08:50:36.7673173Z   ⬛ ADVISORY: exit 0 regardless. This is ONE parser over the NARROWEST population where a parser would have caught a proved false green (#220-L1 finding 12).
2026-09-27T08:50:36.7673951Z   ⬛ Widening it to the other seven regex gates is PRICED, not built, and whether a non-stdlib CSS parser may enter the gate set is DAVE'S.
2026-09-27T08:50:36.7795015Z Post job cleanup.
2026-09-27T08:50:36.8502991Z [command]/usr/bin/git version
2026-09-27T08:50:36.8537871Z git version 2.55.0
2026-09-27T08:50:36.8570569Z Temporarily overriding HOME='/home/runner/work/_temp/eed6eb12-f359-4aeb-b19e-7e530fea0414' before making global git config changes
2026-09-27T08:50:36.8571581Z Adding repository directory to the temporary git global config as a safe directory
2026-09-27T08:50:36.8575948Z [command]/usr/bin/git config --global --add safe.directory /home/runner/work/UX-design/UX-design
2026-09-27T08:50:36.8601647Z Removing SSH command configuration
2026-09-27T08:50:36.8607462Z [command]/usr/bin/git config --local --name-only --get-regexp core\.sshCommand
2026-09-27T08:50:36.8635539Z [command]/usr/bin/git submodule foreach --recursive sh -c "git config --local --name-only --get-regexp 'core\.sshCommand' && git config --local --unset-all 'core.sshCommand' || :"
2026-09-27T08:50:36.8828797Z Removing HTTP extra header
2026-09-27T08:50:36.8833084Z [command]/usr/bin/git config --local --name-only --get-regexp http\.https\:\/\/github\.com\/\.extraheader
2026-09-27T08:50:36.8860224Z [command]/usr/bin/git submodule foreach --recursive sh -c "git config --local --name-only --get-regexp 'http\.https\:\/\/github\.com\/\.extraheader' && git config --local --unset-all 'http.https://github.com/.extraheader' || :"
2026-09-27T08:50:36.9050482Z Removing includeIf entries pointing to credentials config files
2026-09-27T08:50:36.9055658Z [command]/usr/bin/git config --local --name-only --get-regexp ^includeIf\.gitdir:
2026-09-27T08:50:36.9073219Z includeif.gitdir:/home/runner/work/UX-design/UX-design/.git.path
2026-09-27T08:50:36.9074148Z includeif.gitdir:/home/runner/work/UX-design/UX-design/.git/worktrees/*.path
2026-09-27T08:50:36.9075023Z includeif.gitdir:/github/workspace/.git.path
2026-09-27T08:50:36.9075875Z includeif.gitdir:/github/workspace/.git/worktrees/*.path
2026-09-27T08:50:36.9081762Z [command]/usr/bin/git config --local --get-all includeif.gitdir:/home/runner/work/UX-design/UX-design/.git.path
2026-09-27T08:50:36.9099161Z /home/runner/work/_temp/git-credentials-b4cf0672-c6e8-49f5-9e39-50c6e82eaba5.config
2026-09-27T08:50:36.9108017Z [command]/usr/bin/git config --local --unset includeif.gitdir:/home/runner/work/UX-design/UX-design/.git.path /home/runner/work/_temp/git-credentials-b4cf0672-c6e8-49f5-9e39-50c6e82eaba5.config
2026-09-27T08:50:36.9137965Z [command]/usr/bin/git config --local --get-all includeif.gitdir:/home/runner/work/UX-design/UX-design/.git/worktrees/*.path
2026-09-27T08:50:36.9155328Z /home/runner/work/_temp/git-credentials-b4cf0672-c6e8-49f5-9e39-50c6e82eaba5.config
2026-09-27T08:50:36.9164177Z [command]/usr/bin/git config --local --unset includeif.gitdir:/home/runner/work/UX-design/UX-design/.git/worktrees/*.path /home/runner/work/_temp/git-credentials-b4cf0672-c6e8-49f5-9e39-50c6e82eaba5.config
2026-09-27T08:50:36.9191454Z [command]/usr/bin/git config --local --get-all includeif.gitdir:/github/workspace/.git.path
2026-09-27T08:50:36.9207503Z /github/runner_temp/git-credentials-b4cf0672-c6e8-49f5-9e39-50c6e82eaba5.config
2026-09-27T08:50:36.9215159Z [command]/usr/bin/git config --local --unset includeif.gitdir:/github/workspace/.git.path /github/runner_temp/git-credentials-b4cf0672-c6e8-49f5-9e39-50c6e82eaba5.config
2026-09-27T08:50:36.9242433Z [command]/usr/bin/git config --local --get-all includeif.gitdir:/github/workspace/.git/worktrees/*.path
2026-09-27T08:50:36.9260538Z /github/runner_temp/git-credentials-b4cf0672-c6e8-49f5-9e39-50c6e82eaba5.config
2026-09-27T08:50:36.9269445Z [command]/usr/bin/git config --local --unset includeif.gitdir:/github/workspace/.git/worktrees/*.path /github/runner_temp/git-credentials-b4cf0672-c6e8-49f5-9e39-50c6e82eaba5.config
2026-09-27T08:50:36.9301868Z [command]/usr/bin/git submodule foreach --recursive git config --local --show-origin --name-only --get-regexp remote.origin.url
2026-09-27T08:50:36.9499913Z Removing credentials config '/home/runner/work/_temp/git-credentials-b4cf0672-c6e8-49f5-9e39-50c6e82eaba5.config'
2026-09-27T08:50:36.9618980Z Cleaning up orphan processes
